12025.349783
16246.558951
20635.763878
20924.595718
21039.611453
21156.685890
21333.193525
21425.796364
21065.081710
21204.390767
21323.636912
21196.671956
21036.776725
21218.901571
21092.048674
20876.372134
21054.925719
21105.338635
21184.044786
21393.600056
21460.564489
21555.377655
21760.260595
21802.575540
22095.713173
22401.548851
22514.718240
22711.057004
22908.594179
22703.858657
22865.814816
22988.621857
22808.871921
22708.184074
22775.706742
22416.853199
22345.475280
22355.877380
22257.763182
22284.417604
22257.763182
21906.932752
21654.954276
21768.351612
21591.586912
21479.251898
21573.635821
21722.847682
21580.581039
21389.612490
21342.637772
21184.729430
20934.561271
20832.437183
20860.417190
21092.535889
21357.835858
21197.108813
21135.033508
21365.297378
21020.832350
20757.869764
20622.199105
20473.543320
20034.683498
19860.490601
19647.118531
19794.449585
19486.080501
19666.439361
19668.059495
19493.724991
19128.689903
19044.606302
18365.246826
18269.027513
18234.208983
18332.583254
18476.577968
18475.306715
18343.772079
18284.444753
18329.990476
18337.825207
18644.234837
18726.381721
18762.752141
18596.349651
18579.030408
18447.680939
18140.501274
17949.130848
17724.012673
17490.560574
17326.165916
17338.752706
17264.226258
17352.329809
17396.876452
17181.906506
17118.374611
16822.996168
16606.071462
16234.420042
16047.993311
15756.493223
15555.335977
15340.383650
15157.893527
15061.513841
14739.847264
14483.270124
14015.352949
13349.109234
12692.675029
12163.099192
11633.905428
11036.993297
10830.080551
10455.310515
10091.731417
9667.381504
9242.695635
8702.218540
8339.265685
7976.550553
7595.069759
7506.623497
7233.341283
7065.828799
6966.371699
6891.020125
6775.289735
6782.867210
6845.508138
6803.207628
6831.875494
6787.173146
6648.543203
6329.440884
6041.838359
5935.333631
5762.817711
5820.249864
5937.368509
6126.129952
6185.843186
6339.789660
6415.225959
6224.748914
5994.469135
5771.264032
5666.869697
5386.420034
5464.384335
5708.709715
5788.918085
5792.705872
5859.569837
5756.954347
5558.186428
5547.606249
5387.683787
5467.153869
5718.017351
5924.655000
5996.762995
6103.747569
6021.736636
5888.159036
5782.725856
5830.659075
5795.511119
5773.231159
5623.664311
5543.896613
5338.600105
5345.022176
5375.618710
5463.867179
5545.911733
5734.753479
5994.971751
6044.122262
6138.901774
6228.732908
6288.613258
5946.397892
5839.282712
5865.353903
5849.062763
5919.302445
6228.732908
6344.151684
6312.232891
6426.605619
6124.953091
6063.166269
6225.232103
6201.074531
5929.993482
6336.153072
6547.993977
6487.689111
6594.060916
6942.554249
6741.909312
6807.955345
6840.949059
6748.749018
6570.305281
6605.465225
6317.601623
6268.961557
6375.975001
6416.612470
6515.396923
6457.277750
6297.854916
6201.238555
6015.306055
5946.925201
6000.185277
6053.047117
6183.087753
6373.147904
6506.750203
6463.890488
6548.374242
6566.801238
6720.531300
6657.562771
6913.515698
7175.619032
7263.695359
7255.856560
7276.214524
7193.702420
7071.320653
6961.068216
6995.649736
7215.440239
7379.216030
7426.064383
7551.276305
7534.762846
7216.486739
6977.226146
7050.554685
7105.559813
7038.404305
7177.595027
7411.609542
7322.046328
7300.065398
7447.238335
7675.558148
7827.408438
8238.336062
8478.106539
8504.565263
8435.083984
8296.954131
8090.929691
8150.119440
8335.598618
8375.970116
8634.343255
8796.708553
8698.443562
8653.143286
8726.990080
8995.300725
8984.941013
9071.217801
9214.818881
9378.069542
9140.462071
9264.911671
9420.750703
9449.523120
9736.901306
9853.920200
10000.547584
9944.734418
9918.228196
9801.726517
10020.624325
9965.665013
10252.572550
10576.539384
10708.343104
10734.440525
10783.323627
10727.611183
10822.557893
10824.174123
10947.423743
11227.563988
11262.287924
11141.212373
11366.888099
11165.796501
11112.475876
11576.120181
11959.341823
12105.026030
12529.895210
12617.004486
12413.527402
12284.300985
12308.615944
12394.841636
12817.791858
13225.432194
13756.735305
14076.810015
14232.339989
14343.942407
14414.971474
14622.624447
15164.144363
15526.885340
15803.035829
16122.707809
16200.604045
16167.772535
16744.184610
17026.471959
17518.998357
18319.186295
18833.779200
18850.041552
18998.877206
18670.812192
18672.197392
19069.130812
19645.663211
21475.853563
23935.508111
25045.204086
25324.204279
25129.787356
23727.155767
22120.799583
20621.885280
19532.476308
19049.957193
18568.243101
17931.964251
17391.176699
17085.309356
16791.732700
16460.518738
16353.927642
16696.602338
17248.899199
17519.024681
17567.966572
17496.645554
17543.496668
17658.549335
17752.686243
18560.667372
18538.798595
18505.933639
18353.604173
18467.562259
18344.228388
18515.278211
18879.826331
18814.572935
18511.076698
18324.814828
18650.524024
19024.214568
18999.018350
19245.126009
19234.647280
18867.353993
18504.662288
18647.396645
18370.163965
18515.278211
18869.992572
18691.940100
18851.500948
19276.242776
19109.218690
19070.599403
19386.333856
19392.413428
19527.985595
19689.953189
19975.325570
20005.966492
19714.667664
19191.543935
19195.618762
19105.927477
19274.003122
19667.870707
20123.805174
20231.596641
20177.197920
19799.453268
19618.763261
19735.538397
20140.415703
20548.433478
21131.240205
21561.480268
21658.151499
21831.552944
21874.645063
22007.635270
22330.158649
22612.923081
22369.162611
22260.172985
22395.622631
22347.899163
22138.627585
22361.361090
22457.829777
22351.144341
22365.049819
22517.184770
22419.104584
22374.110194
21978.467490
21785.525012
21768.555380
21673.322488
21997.365573
22865.323391
23176.646325
23453.652315
23711.579474
23653.870933
23672.956754
23699.323192
23920.738637
24260.749732
24648.542243
24457.703487
24605.391493
24738.017692
24663.460452
24675.302139
24780.453071
24517.720403
24466.584568
24463.820062
24772.203187
24716.166895
25302.647842
25409.751678
25405.101326
25152.837363
25171.684949
25251.078073
25031.770196
25094.709413
25250.146428
25543.147945
25286.982680
25574.516602
25763.101239
25857.402058
26099.358346
26261.120871
26185.672917
26063.047892
26102.428862
25934.136556
25964.741228
26110.034133
26359.399633
26276.780570
26412.783839
26244.705388
26281.582077
26297.217795
26335.406777
26528.591841
26874.878016
27261.199773
27308.165507
27472.191700
27288.890903
27447.178238
27209.462198
27457.852966
27414.535161
27141.774039
27109.807671
27001.074611
26873.971154
26697.637893
26831.101648
26490.247455
26395.782430
26376.488294
26562.876070
26699.888945
27085.941112
27447.010093
27502.536250
27529.204143
27646.035715
27483.810046
27541.294967
27645.940666
27276.477904
27079.718539
26849.946015
26692.451611
26682.983927
27110.035297
27268.182515
27398.651133
27234.925478
27279.656576
27082.480396
26951.026244
26844.605125
27141.611734
26850.299398
26767.039424
26590.026656
26645.519833
26205.052980
25955.705853
26087.239814
26298.057869
26483.206627
26887.267949
27080.471004
26967.126856
26965.755860
26896.641562
26737.817458
26626.927142
26878.758899
27049.109114
27244.290370
27199.169118
27376.523320
27206.261371
26849.806619
26804.280261
27132.736228
27632.248637
27630.407419
27927.932989
27905.442203
27538.429875
27435.966819
27759.891689
27739.718518
27829.960543
27997.880387
27753.263193
27404.883665
27308.553068
27216.003630
27464.861707
27240.113645
27666.027636
27779.348565
27711.501297
27657.070936
28179.103736
27893.661332
28007.021027
28080.084185
27880.839436
27579.150875
27744.464980
27657.246582
27554.767855
27396.915289
27389.461755
27299.532674
27280.637530
27375.729407
27720.094864
27388.850801
27358.188944
27304.264322
27390.234750
27212.113272
27681.311213
27500.886824
27096.813587
26947.232481
26945.180144
26847.138939
26914.889842
27411.384656
27333.369989
27216.089286
27240.437331
26982.747542
26700.810321
26783.482412
26732.124662
26498.349954
26465.872633
26619.758053
26519.275265
26564.496126
26800.155324
26734.427673
26574.374184
26574.374184
26227.546252
25718.586734
25831.731215
25914.114371
26008.175296
26188.661077
26183.691781
25954.647067
25408.456416
25025.245808
24986.429665
24866.089641
24519.708225
24369.798933
23847.309322
23333.976314
23318.260511
23359.487642
23558.528340
23675.145402
24143.237014
24240.893219
24647.238672
24698.406825
24956.343126
24663.564807
24381.159144
24034.637452
24023.919652
24081.652261
24303.686168
24374.144514
24425.667420
24507.960320
24628.582831
24622.403980
24606.789091
24750.396694
24531.646655
24317.468604
24291.242234
24571.177118
24934.596248
25069.454295
25327.591483
25674.501315
25930.134509
26026.763116
26461.437527
26324.004555
26299.096342
26090.655669
25686.723112
25424.352045
25427.840493
25157.309793
25048.357107
24916.930302
24527.547585
24562.129813
24544.158651
24439.531544
24601.108212
25112.580999
25019.645868
24781.822703
24943.875104
25253.962353
24942.015172
24982.696703
25095.909662
25106.900681
24688.458693
24511.685544
24544.755683
24626.792759
24737.807742
24785.194373
25033.430793
25581.519087
25820.981697
25687.910111
25905.172865
26159.900354
25681.329610
25652.759852
25524.361451
25517.583447
25651.438458
26106.098693
26151.645698
26383.024115
26473.152130
26173.396848
25375.471575
24878.966891
24962.168526
25369.440911
25281.325602
25841.378678
26335.336657
26281.104188
25566.403644
25722.344332
25564.300708
25152.191112
24849.496679
24991.286185
24671.345886
24341.377979
24330.659811
24353.034150
23971.473625
23852.122146
24084.538182
24221.744412
24117.323810
24246.387381
24833.326731
24937.884687
25157.451001
25501.949455
25949.157237
25581.944701
25175.874636
24808.516935
24521.643812
24392.540927
24477.250702
24532.603258
24558.668388
24867.182520
24672.254285
24761.157256
24912.555359
24949.743716
24718.518067
24734.866425
24349.351398
24138.391372
24396.692038
24683.229437
24533.501626
24607.055371
24783.581989
24317.683484
23904.640032
24124.237075
23931.611139
24062.660533
24138.877361
24225.447019
23927.908171
24241.525421
24077.217797
24007.921387
24041.195427
24098.405704
24036.928115
24049.621244
24190.432575
24144.429204
24218.259072
24411.022643
24388.520137
24330.659811
24599.911757
24562.453317
24408.965679
24306.354624
24343.064706
23974.770006
23937.314471
23888.164487
23824.934305
23820.872223
24269.778357
24444.436037
24813.165079
24955.426099
24972.835454
24671.102195
24537.251464
24148.048876
24151.891247
24322.041163
24182.590943
24369.027854
24534.781457
24479.820875
24491.804215
24458.231066
24089.407286
24230.514018
24046.100643
24036.269660
24400.442159
24714.712112
24490.909173
24449.454696
24488.742448
24364.058487
24313.069299
24071.096027
24296.441520
24294.486863
24281.551896
24544.158651
25048.357107
25606.408504
25497.894820
25197.358477
25121.766473
25470.422533
25345.177468
25406.710153
26009.077621
26001.071991
25120.899657
24962.860280
25024.979902
24631.064804
24750.065515
25394.523451
25078.445108
25041.272902
25236.860456
24882.111232
24762.696000
24886.533403
24810.351165
24685.810427
24934.499665
24611.887538
24611.887538
24500.884039
24470.013291
24154.199565
24305.939076
24377.798888
24264.913600
24493.683356
24699.016245
24748.416309
24994.185235
25242.644379
24746.915172
24490.778620
24457.703487
24270.536434
24291.559444
24391.778887
24774.650484
24799.519422
24565.905122
24533.275654
24619.841091
24583.119990
24726.263997
25329.173104
25501.949455
25857.402058
25679.240519
25437.053667
24887.037374
24796.994098
24743.625951
24890.831931
24920.239007
25317.710704
25375.264096
25722.038003
25972.418742
26207.776366
25680.916646
25135.447333
24388.841007
23867.563426
23748.874089
23754.873720
23590.486100
23281.691477
23068.188398
22621.612873
22416.295713
22535.393979
22777.600201
23005.238536
23236.922185
23636.813715
23963.199010
24109.562887
24402.839658
24411.407520
24412.968593
24798.771079
24970.169986
24752.443442
24939.244644
24724.231165
24147.735664
23704.805811
23362.848597
23042.745857
23367.122800
23287.008203
23333.606319
23345.667522
23805.282449
23932.233877
23981.944212
23701.194315
23763.328655
23285.648696
22856.022824
22928.229188
23133.030311
23264.387414
23202.372370
23144.951706
23007.528406
23192.086349
22933.475828
22769.565404
22466.231723
22443.798846
22298.873062
22574.031765
23057.775843
23468.051202
23677.300678
23946.260393
24245.814237
24206.936091
24321.597381
24533.166564
24908.397215
25335.028445
25478.972008
25741.377634
26276.412617
26352.683301
25763.564963
25738.929002
25541.706921
24940.840183
24425.558923
24312.755315
24078.799097
24027.183448
23832.615003
23568.159140
23272.797893
22889.352468
22436.148801
22320.711536
22814.398596
23206.098221
23503.403390
23875.053962
24408.458343
24190.281060
24194.783145
24387.632423
24362.457386
24032.551356
24307.718400
24496.974111
24799.914824
24956.181167
24915.361613
24904.277057
24773.217031
24358.605256
24377.213456
24306.913060
24140.325232
24253.213581
24579.377224
24306.489743
24421.303635
24392.540927
24160.981495
23962.368602
24127.847337
24148.515080
24097.612973
23963.823544
23588.676728
23471.879222
23375.309340
23242.476277
23139.584483
23123.298381
23104.768706
22938.263200
23005.238536
22978.256058
23429.978201
23920.355777
24640.475574
24946.588532
25332.703315
25277.053972
24604.090210
23674.796098
23097.080527
22634.045283
22373.108158
22670.746185
22978.149277
23355.730243
23382.407477
23653.218605
23903.855899
24169.777065
24081.491063
24433.880082
24415.644372
24032.388200
23867.804245
23708.393881
23521.119360
23459.770215
23484.691927
23394.117017
23372.172594
23084.871893
22938.776117
23025.409926
23099.195325
22994.436810
23084.959414
22945.520041
22723.417655
22709.696719
23216.446788
23497.353445
23628.641935
23755.450717
23550.472539
22941.776398
22872.052100
23058.479416
23081.449062
23245.215586
23652.228995
23685.132599
23291.208622
23057.156353
22911.338953
22948.771465
22937.107370
23123.671317
22978.100195
23002.834599
22988.817381
22898.951807
22855.585684
23026.154558
23239.241294
22795.161303
22804.964397
22635.201458
22516.205339
22520.187309
23006.864780
23133.564771
23318.298059
23562.299896
23232.493757
23401.350597
23458.857888
23628.975046
23618.592136
23930.832302
23566.149169
23441.149738
23123.298381
22948.378635
22852.074766
22825.545231
22886.886615
22813.162671
22923.755281
23161.673197
23192.930724
23237.889402
23570.466539
23361.083068
23067.727928
23099.195325
23175.040010
22877.526112
22756.963829
22797.422359
22750.923710
22351.211683
22510.705981
22812.271198
22761.193619
22667.791674
22789.140736
22676.088023
22770.193734
22544.478484
22460.130065
22419.211214
22335.039766
22093.151068
22481.103517
22489.616740
22538.966233
22994.222318
23472.150916
23719.179066
24220.925240
24432.278058
24467.229737
24201.926721
24003.709789
23872.153139
23851.426503
23498.663046
23668.582493
23619.777034
23415.487773
23083.039606
22898.708402
22447.198514
22525.240706
22369.776539
22380.197650
22635.906836
22652.322727
22209.604616
22016.151606
22128.964820
21866.545302
22590.712537
23038.328068
23379.893533
23536.223313
23745.128906
23045.958223
22850.961594
22415.662671
21962.371098
21430.472025
21194.433381
20948.904840
20966.391198
20886.529576
20857.192776
20937.377245
20808.503581
20873.176985
21022.134604
21340.424580
21480.187882
21658.450096
21949.467721
22310.853442
22796.647055
23116.891930
23409.975174
23548.081183
23633.689000
23449.589496
23406.462025
23414.712997
23467.883899
23698.158604
24190.051265
24774.292070
25272.948972
25539.710488
25478.508292
25411.801675
25271.207309
25205.387812
25398.513033
25638.520814
25617.567838
24949.518507
24330.028523
23958.831111
23604.366708
23369.651677
23837.773663
23907.710925
23963.199010
23700.268224
23464.288738
23333.473010
23333.473010
22959.959152
22892.332769
23109.968059
22984.468279
23220.506859
23809.309489
23956.841226
23803.327567
23646.973511
23182.056566
22396.963362
22118.540120
21845.368260
22038.265123
21843.226247
21587.563252
21427.970862
21325.261468
20890.382919
20886.529576
20913.674080
20874.145749
20829.004548
21021.694183
20997.034605
21128.462072
21389.312432
21909.665690
21716.916870
21624.738285
21610.775300
21587.170040
21272.398604
21432.961683
21875.879913
22283.200906
22376.611881
22492.128870
22393.320593
22475.521263
22544.159135
22663.025490
22529.858651
22759.905352
22651.121211
22444.206003
22327.541284
22679.952054
22946.980074
23133.292388
23189.951245
23281.326671
23051.597983
22688.642765
22320.927890
22121.000061
22001.795296
21957.065192
22190.889537
22562.522004
22882.569489
22757.374702
22761.360160
22474.727623
22250.971781
22032.855580
22301.584436
22660.330282
23126.095913
23441.885457
23866.582984
23948.152420
23606.075935
23084.959414
22820.336379
22251.512128
22228.928035
22362.209880
22501.869747
22451.993990
22603.498945
22185.529390
21879.641052
21748.293918
21560.102651
21610.451851
22053.764753
22410.534749
22467.637744
23105.944521
23686.150269
23540.006398
23499.143324
23973.085464
23860.250740
23755.547759
23921.822543
23961.252120
23790.803554
23425.250585
22736.731370
22794.455733
22726.739848
22535.678418
22650.910171
22974.643609
22763.394755
22843.993374
22837.640328
23034.220804
23234.478724
23425.132800
23446.052940
23556.719523
23762.098583
23497.353445
23367.930830
23739.341716
24286.325224
24045.451991
24449.329707
25460.382899
25707.020033
25452.649257
25593.912024
25673.935204
25304.681560
25238.953208
25302.412853
25372.563771
24945.276770
24490.639819
23963.284802
23577.749877
23331.630240
23560.259280
23359.398263
23090.895484
22978.047105
22840.565792
22278.160871
22331.678312
22784.498984
23191.009920
23599.316841
24210.268127
23931.500463
23539.747450
23451.375482
23197.108710
22988.104794
23084.652066
23473.798043
23808.972123
24194.534487
24758.598115
25293.673456
25043.547970
24886.312983
24766.637310
24564.369981
24425.342285
24497.068524
24341.303954
24213.586734
24105.215500
23781.070031
23688.503922
23610.780504
23419.725081
23273.009434
23271.424637
23053.868287
22834.292186
22713.019004
22459.894861
22195.365100
22015.062958
21916.594322
21797.144639
21697.322307
21270.382776
20786.586484
20265.463706
19123.292059
17767.510575
17225.368603
16942.947650
16427.968955
16571.799667
17002.467665
16797.204192
16732.019258
16947.234819
17261.064185
17651.924802
18583.233680
19047.123613
19510.439504
20064.491393
20333.400809
20177.318286
20375.002326
20450.537989
21029.001163
21591.138135
22635.201458
23517.061173
24460.459317
24544.669640
25040.515548
25259.570791
25177.625117
24970.580617
25321.545696
25427.840493
25739.757465
26047.042656
26402.337822
26359.326988
25923.650257
25517.304380
25382.489850
24773.351994
24409.650922
24167.789087
23685.895393
23359.487642
23615.987298
23617.746205
23679.947248
23607.839901
23636.887378
23516.192786
23294.414050
23219.055784
23407.675858
23306.903914
22963.069681
23155.402063
23064.332302
22970.036467
23004.967629
23415.186259
23339.021269
23490.355488
23520.792382
23229.566542
22782.825816
22567.279873
22329.327484
22101.922338
21948.182975
21963.971352
21702.058269
21828.661279
22039.387145
22421.060475
22562.751953
22722.625379
22844.572081
22851.194529
22795.735168
22803.875974
22855.187299
22308.562421
21916.801278
21426.624131
21244.248730
21036.875725
21300.752877
21541.312022
22012.687695
21945.508440
22129.604858
22281.406663
22260.457162
22459.730380
22993.174723
22855.292325
22630.800897
22739.671143
22095.554571
21260.826272
20973.604090
20780.160812
20104.874617
19978.347495
20066.174839
19685.482030
19198.421959
18781.648237
18375.841595
17577.699595
16820.884743
16307.951114
15505.565763
14945.269270
14215.252671
13866.563988
13259.635196
13106.089606
12792.670333
12890.548785
13276.488143
13282.677645
13379.197917
13447.569545
13410.414543
13045.354128
13062.642192
13019.832397
12951.733872
13344.436379
13834.020245
14404.898041
14593.967306
14801.138010
14474.872532
14164.855469
14207.225198
14418.742352
14475.535473
14880.156810
15050.550668
14965.792450
15214.439075
15388.910765
15482.681991
15920.481393
16342.692405
16258.313395
16497.611100
16557.080390
16488.130411
16301.087617
16638.112625
17031.008566
17357.078256
17474.252845
17936.503511
18719.723600
19565.282305
20422.691926
21840.530701
22735.873659
23539.826323
23518.960699
23693.338732
23515.406023
23185.482340
22228.280157
21883.842267
21553.238697
21201.169064
21193.868830
20939.765209
20798.333225
20832.607931
21056.480909
21689.980521
22803.701685
23859.999772
24200.666585
24282.758471
23887.237117
23620.302258
22951.897343
22362.829780
21991.718793
21425.658075
20870.921647
20506.032067
20881.577340
20715.299882
21161.555349
21232.045945
21457.388185
21393.951626
21842.837307
21880.463194
21938.132937
21905.391127
21712.896746
21322.821372
21013.605282
20895.436289
20810.250546
20568.882143
20351.457726
20088.998287
19970.445405
18874.540791
18075.197782
17043.487068
16023.656709
14816.973199
14394.074029
13842.301701
14097.055940
13899.119381
13788.526262
13780.074603
14038.315327
13368.780399
13265.502086
13263.787730
13606.703229
13622.615857
14076.235393
14500.417697
14656.359814
14670.314916
14713.923242
14647.760899
14944.005251
15033.655394
15040.104191
15235.374780
15610.626251
15418.695543
15509.542536
15400.760231
15429.688780
15262.838003
15825.950787
15772.061228
15866.847949
15899.432751
15946.567574
15391.054790
15801.509877
16230.112702
16373.852642
16408.046102
16855.084830
17450.006451
17579.189509
18208.879937
19548.350812
20221.373035
21049.995531
22233.693225
22771.080643
22705.849075
22881.016414
22671.873003
22284.367544
22331.678312
22354.148384
22316.580350
22143.820401
21975.722884
21891.523795
21643.172307
21538.874528
22035.320238
22466.313861
22880.526356
23635.629623
24220.092396
24139.876762
24496.974111
24428.812818
23969.874317
23704.714982
23061.150392
22462.164710
22201.705800
22332.591872
22121.142489
22324.655505
22351.400762
22361.812423
21988.256344
22075.246053
22142.939035
22265.900720
22351.623865
22518.008194
22360.883962
22163.686485
21720.761496
21342.768418
21232.287146
21049.933854
21361.535953
21480.611036
21501.284755
21550.550775
21679.336771
21232.287146
21269.469222
21318.578988
21640.670312
21951.354147
22431.709763
22794.742103
23065.485566
22736.960137
22608.386036
22559.444260
22659.520871
22655.379526
22815.449773
22937.576234
23038.501346
22917.518904
22851.426270
23136.901809
23407.675858
23255.484347
23013.441332
22866.108220
22356.889931
22019.702888
21996.951546
22126.659321
22434.234476
22774.547059
22823.210074
22710.660175
22602.218322
22521.959924
22419.211214
22452.074324
22705.077197
22803.614061
22889.563973
22830.618856
22529.945326
22499.320576
22581.518064
22398.531668
22492.939292
22768.875164
22549.153124
22524.777877
22085.264397
21727.106038
21257.886442
20929.588049
20162.283908
20226.189406
19990.623482
19676.460302
19365.430174
19152.279472
18665.614093
18501.190483
18468.076202
18737.380195
19202.457813
20020.339822
20570.079983
21515.506640
22497.987943
23503.008316
24210.418571
24606.231142
24701.530438
24576.945589
24533.621289
24759.100665
25374.784576
26026.294159
26421.558255
26862.925335
26768.099792
26575.233732
25793.548021
25229.214625
24398.509916
23669.682170
22822.885083
22540.958875
22165.411774
21763.514762
21812.866971
21674.923263
21587.080502
21701.502005
22033.219686
22160.774498
22784.216450
23226.330165
23585.440397
23581.404110
23101.136383
22503.956729
21871.382345
21018.237749
20041.702918
19639.288857
18826.966060
18013.874728
17759.871372
17825.135312
17277.218383
17254.840291
17564.095936
17089.350625
16568.486238
16458.539813
16246.643705
15722.646020
15691.275281
15648.539098
15562.585406
15769.821681
15707.430045
15526.801356
15584.358064
15978.378806
16134.392109
16549.869144
17216.234465
18083.816706
18033.145618
17784.244103
17460.200869
17216.163661
16895.691163
17307.891338
18071.286400
19127.322046
19711.431501
19917.013418
19816.483021
19662.131184
19637.963196
20129.766678
20954.396943
21842.724751
22246.815090
22698.306671
22435.913294
21656.098793
21426.311984
21385.010364
20876.372134
21159.537031
21587.648836
21875.210914
22294.304310
22993.776752
23139.400891
23904.477932
24298.390200
24253.138219
24241.767768
24106.905809
23477.180704
23243.207889
23072.681985
22803.875974
22660.197485
22604.301734
21911.868267
21479.251898
21214.412758
20890.360990
20607.769936
20498.942343
20375.494035
19884.534858
19102.904268
18204.185781
16915.723474
15911.056460
15173.309414
14455.563741
13956.664869
14164.533905
14077.804418
14084.163841
14181.149793
14332.941218
14006.815548
14195.596017
13764.440188
13770.718509
13700.895521
13838.232528
13463.043695
13716.235813
13572.419795
13263.490165
13068.198478
12842.025024
12626.595934
12838.211328
13096.580961
13232.326985
13627.420139
13705.393466
13711.895193
13549.915567
13546.006614
13398.121893
13304.608029
13257.575368
13222.617701
13319.319400
13521.731543
13697.691329
13854.058079
13904.802685
13687.566058
13581.177977
13876.284954
13996.565699
14473.530926
15053.531523
15340.470844
15425.445675
15690.014543
15513.011229
15468.182566
15552.914166
15594.320998
15455.132723
15891.717738
16115.557927
16400.940885
16709.834024
17216.234465
17240.882955
17409.352237
17481.518835
17525.123010
17527.562596
18056.360474
18116.058775
18462.331315
18775.864473
18998.323658
19108.530063
19821.897510
20773.593678
21614.134538
23002.834599
24982.137439
26508.129585
27894.651392
29089.813870
29305.601109
28657.571434
28288.311140
27112.768943
26495.356083
26460.264468
26060.221871
25537.806125
25299.187620
24221.548884
23234.815149
22738.263155
22074.046044
21848.378974
21963.737688
22230.216912
22778.229015
23081.820750
23090.713025
23580.991518
23353.362390
23396.175151
23728.285975
24317.263003
24528.535465
25127.385661
25000.166318
25000.166318
24858.869695
24858.869695
24817.805376
24776.162550
24665.733793
24750.065515
24229.800308
23573.697151
23282.088091
23151.415381
22839.196448
22948.043895
23085.246810
22974.570889
22923.468028
22845.036258
22727.817845
22614.885219
22547.528781
22141.459447
21614.187761
21334.095656
21207.069005
21053.299792
20860.153370
20808.752070
20882.021883
20771.447863
20806.553458
20730.404114
20270.719797
19662.131184
19282.610157
18369.663524
17543.456375
16860.218323
16127.221195
15441.389268
15101.262667
15175.188711
15604.198468
15935.580243
15981.885312
16135.678760
16173.016756
16173.016756
15912.677077
15998.915078
15980.460857
16318.559132
15982.185947
16458.539813
16317.142808
16204.387080
15967.932364
16309.959735
16063.972614
16287.403761
16443.133241
16707.983984
16693.942048
16912.013212
16942.476486
17066.782344
17085.619120
17200.237949
17235.954215
17375.574282
17727.994507
17840.949833
18505.761062
18874.508460
19475.257396
20117.634313
20490.530641
20476.387658
20978.846588
21282.621028
21752.356301
22898.867604
23858.943689
24283.463833
24834.826692
24615.379189
23763.876333
22806.013168
22237.610787
21607.875145
21176.830747
21113.050407
21193.615227
21344.408426
21309.540188
21568.040587
21522.734423
21703.441755
21743.037010
22169.991230
22260.397941
22186.135103
22344.906186
22568.456003
22398.378170
22298.653424
22481.047525
22025.466740
21532.470264
21156.685890
20631.263292
20446.086920
20576.335757
20211.934649
20041.702918
20076.444377
19734.062337
19243.625978
19323.541738
19239.237043
19300.844326
19461.086272
19703.189093
19532.410579
19316.682846
19230.213400
19183.096781
18953.553059
19166.559622
19498.929946
19292.090671
19402.680480
19349.120697
19155.420366
18774.492195
17892.153289
16951.054196
15941.147614
14821.791894
13956.336178
13819.036438
13326.843705
13146.149356
13104.247312
12793.674331
12611.875482
12353.250775
12565.951803
12324.128764
12350.761332
12090.296104
11944.534043
11505.780530
11405.698533
11454.993597
11321.208086
11420.057081
11284.862254
11159.841404
10932.558217
10926.213565
10794.816078
10685.914236
10690.561243
10448.804661
10348.823414
10090.250241
9907.370915
9802.892662
9658.854931
9704.533659
9710.537445
9956.689616
10005.346412
10118.394042
10012.074676
10261.404938
10138.904404
10063.503410
9985.018390
9966.686703
9765.925212
10026.519554
10148.952846
10063.966426
10216.885005
10243.017051
10171.006247
10175.535089
10510.004512
10378.949655
10327.595884
10444.270394
10655.852893
10595.837982
10697.935644
11069.812719
11030.687677
11197.707687
11529.797099
12159.528455
12450.485205
12830.383262
12852.487697
12979.655042
12951.352689
12565.707986
12509.939922
12432.202018
12237.655639
12142.586918
12394.896015
12294.415735
12175.005154
12062.464995
11651.214389
11801.243731
11735.771885
11833.354923
12094.056808
12617.063861
12653.829435
12908.382274
13114.823278
13106.316115
13363.238614
13344.614139
13209.422599
13398.193842
13708.151739
13554.506284
13916.905607
14329.353059
14584.856654
14569.023365
14741.299285
14927.792082
15206.548803
15299.456269
15627.853735
16001.797463
16175.135344
16309.356909
16400.618553
16671.134427
16620.088897
16717.564151
17212.831615
17756.740970
18284.410265
18726.872318
19325.580469
19720.018190
20335.320290
21226.026669
22271.854031
23500.287383
25219.580905
27341.263080
28925.242023
30133.454086
30674.799251
30371.444395
29089.431596
27798.842743
26467.345514
24853.191397
24032.750783
23666.377766
22936.484061
22652.435461
22671.293931
22088.768874
21550.726887
21448.267775
21011.550060
20541.766224
20215.227747
19779.701806
19123.605715
19039.472816
18855.383804
18520.305087
18160.951612
18273.416545
18312.680110
18441.993559
18458.056463
18596.030237
18912.020035
18737.543957
19012.304959
19228.043583
19409.924205
19239.278289
19469.226799
19572.340578
19670.243913
19830.267378
19902.516132
20044.121623
19994.801310
20214.372957
20229.777093
20382.956066
20341.799601
20227.180378
20104.687623
20000.627179
19838.035004
19731.075476
19891.854832
19634.534226
19236.854789
19067.127764
18761.975009
18118.762499
17833.984292
17798.427261
17474.252845
17464.178564
17371.824812
16975.850347
16462.409752
15947.019425
15199.196985
14255.423351
13312.349100
12647.923353
11966.449768
11363.746929
11170.690500
11189.115431
10893.885891
10727.567165
10456.152268
10087.780705
9870.085921
9792.249601
9332.778393
9062.372248
8764.592429
8538.572247
8378.533929
8409.732813
8335.868039
8335.868039
8161.576310
7935.093236
7875.317963
8028.876929
8092.759927
8146.312471
8035.162999
7834.233052
7511.747879
7307.213163
7263.695359
7215.195305
7190.447906
7198.161135
7231.600253
7205.138484
7091.617966
7071.000631
7081.092480
7017.284086
6894.649813
6965.347174
7081.842814
6913.763102
6905.846482
7152.167943
7187.841684
7220.740158
7460.445582
7434.100084
7128.510673
6973.006486
6948.272243
6783.472564
6816.301338
6921.295835
7161.434418
6964.524120
7109.965039
7124.384711
7115.724407
7182.852793
7297.929944
7205.690844
7492.629038
7566.513807
7502.208283
7460.573463
7487.629231
7077.735284
7284.726619
7528.603565
7721.883154
7871.916551
8049.706793
7903.040975
7590.950174
7531.958734
7294.460963
7408.916685
7757.061330
8154.855459
8179.950713
8184.446323
8022.191080
7555.949460
7353.981849
7321.541373
7534.639255
7782.802861
7936.576151
8107.866795
8276.381110
8132.348483
8109.305063
8294.391162
8240.738225
8099.492458
8072.940666
7941.470460
7721.915883
7606.132289
7266.342064
7426.062843
7479.467044
7679.753966
7751.295611
8202.564956
8075.278135
7937.915725
7652.716419
7528.482172
7438.518310
7321.638293
7288.514282
7465.381909
7484.977668
7388.130221
7439.460524
7335.542453
6980.296852
6857.995915
6794.415473
6772.298727
7104.297532
7387.467018
7358.703826
7294.745300
7192.736623
7005.870851
7354.087854
7528.287435
7419.216728
7547.925983
7465.611066
7089.140446
6973.302912
6979.443328
7050.746623
7314.092272
7393.619175
7364.203341
7606.237142
7510.904304
7459.840275
7283.215465
7263.319134
7250.426912
7270.872009
7164.764336
7147.654423
7125.279363
7047.433005
7012.912047
7002.447668
7080.855419
7240.388300
7373.840169
7233.738442
7201.569059
7301.808727
7233.150266
6993.584009
7165.582225
7272.063690
7026.017852
7001.804241
7276.340245
7465.412057
7326.251431
7255.934232
7307.256482
7108.304879
6798.063172
6642.711989
6652.479537
6450.825824
6401.225636
6519.977742
6567.166080
6548.937849
6701.692139
6515.664446
6558.876522
6663.399303
6720.565788
6658.358400
6921.151233
7005.400429
7108.084573
7121.828597
7131.311487
7177.960452
7210.584213
7308.871712
7336.089790
7284.909006
7514.773241
7510.961733
7492.476528
7613.526343
7664.750845
7393.615868
7327.873425
7128.801762
7038.540180
7131.947773
7223.920498
7419.259401
7605.923786
7544.144567
7659.843496
7678.598549
7372.815445
7350.053847
7579.846684
7544.144567
7540.536621
7769.979849
7734.887850
7591.013930
7411.683250
7259.360563
7068.789432
7038.434739
7050.592627
7143.686032
7307.618196
7328.018547
7494.124741
7605.787893
7891.525701
7961.915618
8186.849042
8107.675933
7984.277288
7542.615315
7616.099621
7806.389121
8073.162282
8260.052243
8567.275506
8562.422302
8336.413990
8109.051703
8165.205686
8217.962837
8180.449268
8133.258147
8217.962837
8127.659177
8118.940245
8003.934734
8132.920090
8276.659682
8276.659682
8292.790379
8462.551520
8372.222759
8071.041328
8093.095130
8180.031926
8288.366891
8390.864137
8417.962618
8368.160588
8273.258519
8310.078098
8367.827166
8562.399599
8829.034703
8925.096880
8871.294097
8994.665601
9029.208234
8889.172070
8743.049188
8701.877107
8629.935121
8590.912175
8699.851395
9053.083038
9237.556817
9352.778966
9416.752271
9280.984922
9014.366215
8876.689599
8958.738653
8893.466945
9089.914081
9318.896368
9501.112564
9499.979235
10012.281664
10180.819115
10218.418656
10193.903431
10131.985406
10000.665748
9879.938908
9966.520149
9997.438036
10132.085736
10122.963329
10309.228588
10402.485112
10578.410919
10814.720564
10960.498659
11292.720453
11512.618248
11678.935563
11914.785587
12019.351924
12013.594517
12237.749663
12442.405524
12274.557117
12260.200075
12365.429438
12097.926098
12249.505656
12440.562477
12937.099364
13320.322970
13724.778933
14221.038226
14723.693768
15033.609843
15470.765061
15952.893437
16151.626902
16409.798376
16830.727742
16982.867500
17391.564986
17949.206732
18640.595580
19114.955787
19965.804673
20672.478993
21166.874518
21293.983803
21610.012136
22278.309063
23125.203071
24163.002992
24846.479916
25758.830121
26618.540344
26411.945659
25732.343014
25642.568532
24588.116614
22547.349161
21931.714707
21486.141772
20568.197173
20469.064452
20483.420786
20081.550715
19400.464849
19501.071794
18916.542693
19014.698651
18779.035041
18512.165239
18442.288934
18600.912831
18263.804102
18570.473444
19270.560725
19256.395280
19655.888598
20006.378808
20073.483059
20110.441504
20134.787287
19876.335421
19829.498927
19802.814471
19755.414012
19927.270738
20289.066757
20357.869008
20307.683228
20114.702974
19862.495248
19406.477882
19194.067676
18864.335264
18936.503518
18879.122542
18856.232682
18922.106534
19355.671836
19318.502584
19485.182431
19535.954051
19995.385599
19555.441523
20115.004674
20585.297699
21300.670356
22027.150056
22931.565767
23265.935048
24105.215500
24633.906956
24290.135225
24480.593089
24671.345886
24644.672578
24492.757622
24724.732023
24737.807742
24528.742189
23987.366783
24075.776984
24190.281060
23981.823167
24108.675670
24580.173966
24574.239517
24508.866865
24555.562113
24544.846247
24235.369344
24381.100685
24420.085518
24797.629024
24389.701622
24009.727037
23661.091307
23294.234967
22854.317590
22798.389193
22624.641638
22116.014562
21889.986960
21679.104139
21574.305220
22169.626827
22774.433630
23177.922423
23734.481191
24052.219168
23920.643116
23992.691670
24044.355314
24081.570339
24311.656022
24667.983021
24583.996845
24664.072347
24497.325923
24642.719136
24657.250920
24615.949477
24449.700807
24503.908628
24169.344442
23522.975035
23233.780881
23176.210232
22865.443346
22726.002297
22802.444342
22899.872306
22791.511360
22784.498984
23040.725902
23029.211034
22923.855920
22819.864274
22879.926679
22647.800653
22736.280228
22784.748184
22773.332573
22973.112400
23280.926449
23432.359865
23782.777076
24246.474416
24579.896323
24887.492293
25195.682713
25249.100246
25718.443782
25498.405972
25133.471426
24667.726429
24331.034585
23272.904925
22921.935180
22630.613856
22714.572004
22810.889178
23264.604847
23715.274506
23984.475587
24215.667445
24174.497386
24138.391372
23720.538952
23832.927924
23228.052645
22885.265774
21878.422609
20980.228018
19696.426296
19081.378782
18638.218876
18560.098492
18191.438804
17990.203417
17473.916499
17136.878025
16382.020269
16035.449192
16071.989406
16189.297386
16052.068105
16418.796134
16501.733275
16567.185585
16759.758188
16796.923772
17034.537951
17307.785188
17205.413504
17269.302930
17423.246415
17531.502292
17931.554624
18140.871501
18429.957297
18670.182869
19010.339688
19416.641489
19706.313800
20009.843451
20845.022123
21283.206245
21308.172110
21785.961549
22393.154573
22565.583137
22778.741663
23551.833756
24062.730243
25228.091609
27321.917742
28891.935309
29846.757044
31309.869701
31384.966210
30671.479320
30704.445535
30331.278832
29042.540324
28308.620670
27541.294967
26597.806166
26490.936230
27086.107768
27260.577161
27284.917329
27457.293798
27835.107215
27874.370167
28442.205643
28583.598400
28889.137922
28877.887729
29079.224848
28999.183517
28999.183517
28935.621476
28713.479225
28172.387542
27792.663054
28040.117279
28197.058862
28301.228198
28391.475611
28354.189692
27708.242309
27125.698548
26723.490900
26489.577896
26315.475390
26516.215044
26581.802431
26550.538501
26679.995929
26618.634505
26378.301014
26166.698839
26245.057915
25914.975429
25894.221267
25576.183955
25115.134204
24457.317035
24190.281060
23763.579502
23595.643777
24017.855067
24127.295648
24305.469569
24360.787402
24449.209105
24065.995812
24163.141236
24056.545395
24378.299958
24505.514704
24767.891393
25116.900956
25277.302874
25316.221833
25518.914580
25420.643710
25340.999334
25108.153307
24889.482025
24750.065515
24832.379592
24670.134477
25086.250058
25028.759729
24649.143509
24445.920354
24315.223181
23642.416471
23455.760554
23509.356955
23045.823304
22567.605210
22374.961976
21550.503602
20561.368960
19950.094048
19844.066701
19361.721520
19294.170232
19271.296556
19191.266039
18869.617473
19543.868395
19665.569956
20184.167343
20405.660791
20092.483650
19519.682386
19729.392568
19604.016820
19784.954954
20367.078159
20586.125394
20949.403672
20975.990034
20988.187112
21124.218208
21730.968159
22128.842472
23193.122902
24762.545753
26533.096155
27566.935438
28186.926492
28344.882148
27956.855216
27028.722038
26618.452419
25962.059365
25744.005404
25631.482971
24940.434221
24653.364201
24767.705365
24987.786103
25196.730352
25959.116807
26297.513106
26865.267460
27259.937180
27339.527494
27624.080281
27154.110494
26635.280348
25822.677938
25626.074746
25292.767321
25364.483886
25001.553441
25049.990014
24841.591728
24444.280961
24236.395927
24156.233788
23935.312982
23777.407469
23837.305963
23457.839675
23229.732868
22971.474880
22585.190733
22163.831824
22426.179715
22703.297661
22937.107370
23090.938784
23559.662438
23620.871313
23715.274506
23805.562595
23886.375412
23578.819382
23336.995119
23236.676932
23165.288480
23345.354356
23554.218235
23551.833756
23400.701048
23297.568466
22877.353753
22723.417655
22918.928844
23082.839975
23183.251151
23228.526659
23046.532160
22736.621207
21801.614015
20553.941144
19357.779581
17875.806021
16091.550887
15078.710327
14356.195027
13841.642473
13267.654486
13581.429178
13148.920477
12878.297839
12488.558885
12366.128265
11882.153972
12084.914830
11882.153972
12097.879081
12115.299740
11856.965013
11655.606924
11668.250605
11112.438943
10932.527953
10848.211933
10678.031251
10371.992918
10436.396026
10286.751572
10196.600071
10073.421548
10426.653665
10371.611914
10349.029686
10285.745264
10330.383685
10182.627519
10175.213965
10154.631295
10238.815097
10349.259604
10468.434449
10936.134705
11347.239114
11320.964260
10935.235112
10651.349420
10149.026221
9682.665113
9596.363471
9836.521590
10017.340001
9969.656148
10090.250241
10532.682816
10836.793039
10848.437165
10811.930972
10702.987288
10331.123011
10108.137167
9975.160477
10241.791708
10441.820653
10418.921572
10338.321245
10423.000417
10505.045780
10553.912655
10717.809125
10955.970954
11112.315657
11103.450681
11030.538954
10993.346930
10794.742710
10656.856439
10560.604937
10489.864269
10694.824721
10727.567165
10626.921923
10803.326110
11023.464699
10565.801603
10617.420111
10689.132687
10301.509803
10465.435038
10697.277462
10845.138433
10863.735306
11159.448356
11592.766427
11872.984066
11840.539982
12175.053042
12480.114895
12196.108400
12353.638380
12584.035968
12534.634729
12538.244848
12233.835796
12279.259050
12180.885308
12387.636363
12437.286122
12832.711097
12871.744184
12896.623859
12986.661456
12841.395852
13045.424952
13160.339463
13466.085040
13486.174549
13910.658537
13995.460158
14297.077657
14735.756280
15220.556793
15404.393354
15695.984963
15936.014471
16067.093242
16370.091547
16787.117563
17136.065490
17609.519209
17747.079429
18157.132929
18358.044931
18407.166027
18534.536787
19080.272050
19361.575886
19838.825330
20818.925388
21602.776084
21978.302185
22640.201717
24109.118301
25475.992956
26766.322264
29182.108627
31416.124948
32327.120982
32279.845055
32169.673386
31570.494229
30159.004553
28719.653714
27357.469721
25718.298937
24315.223181
22951.375157
22645.900245
22923.252757
23091.137427
23005.375193
23072.755448
22515.229828
22530.229688
22323.636212
22113.734605
22241.142452
22481.296819
21772.603549
22291.515404
22541.656769
22722.386346
22562.396514
22964.459621
22884.469224
22603.393664
22220.024557
22438.835808
22483.757311
22397.300346
22446.947463
22670.746185
22580.770218
22255.753760
22216.748610
22011.951655
21921.338968
21982.977970
21987.551727
22016.006894
21916.340073
21673.424102
21700.458292
21995.971632
22180.721424
22498.571192
22660.197485
22502.564141
22275.483167
21884.074769
21794.152305
21908.622439
21834.800942
21819.305675
22010.098880
22001.361298
21979.207090
22251.789680
22396.348252
22356.889931
22361.693329
22537.917516
22369.908812
22700.602803
22506.180628
22389.077673
22219.151975
22200.500536
21571.935988
21384.899768
21542.579103
21299.086461
21337.825148
21524.110870
21758.098179
21538.669339
21762.291212
21517.662473
21138.394601
20867.149567
20838.604452
20561.448790
20469.182835
20935.873981
21350.648968
21428.315130
21420.260270
21578.428460
21104.915575
20707.056774
20467.198187
20150.710861
19720.153394
19568.946634
19361.855146
19025.698538
18707.875462
18666.229554
18353.268447
18100.817023
18162.269114
18273.386891
18127.153327
18010.084037
18005.816909
17603.739534
17489.607155
16875.444778
16295.221493
15520.498523
14499.051086
13690.254792
12982.581479
12516.140722
11886.534884
12071.136527
11548.180483
11170.690500
10901.550068
10774.609269
10468.535801
10395.341984
10709.118888
10750.913066
10642.476914
10521.513127
10464.145895
10309.592459
10379.020479
10567.481373
10479.166919
10309.301177
10168.207866
10308.479016
10205.142396
10233.624770
10486.268836
10516.953469
10337.476706
10658.828682
10603.674810
10595.739129
10695.836928
10847.368019
10650.703363
10717.784729
10680.891593
11012.843753
11075.453547
11112.438943
11227.515979
11095.963917
10632.225454
10412.399066
10233.624770
10102.666334
10709.714345
10896.496478
11004.819558
11245.690498
11464.514781
10923.324113
11173.455899
11220.004516
11109.764355
10897.561311
10904.612515
10685.152415
10444.435189
10716.163480
11056.436911
11166.422494
11025.424774
11031.210099
10675.098997
10436.777709
10591.026238
10738.970030
10830.012402
11036.993297
11135.471449
11219.868929
11178.913800
11247.275717
11135.110165
11056.572344
11138.986971
11228.350124
11442.444933
11774.580473
11824.109191
11509.653721
11353.835615
11296.291250
10936.841472
10986.312683
11101.642593
11400.912621
11476.407334
11872.740248
11993.757842
12270.044094
12344.128332
12366.128265
12374.198307
12719.152429
12667.937526
12889.692519
13426.971501
13549.988654
13581.250373
13876.292274
13975.082131
13494.847421
13498.865282
13369.783577
13174.953772
13246.685759
13802.370685
14023.183773
14554.772704
14716.943138
14815.480411
14833.366996
15089.670575
14918.934302
15138.905638
15610.654934
15990.436340
16336.649122
16640.168820
17088.071944
17289.071401
17597.656576
18045.293284
18508.855870
18676.978462
18646.239182
18463.420816
18429.428081
18818.654218
19217.100085
20183.462596
21244.781900
22049.132127
22693.472460
23398.798550
23692.327887
24434.064894
25220.051427
26860.893516
28875.601596
30058.660597
30552.057535
31050.833769
29777.009337
28416.388669
27705.563939
27062.642541
25710.951269
25140.930041
24371.406082
23518.315751
22347.157863
21756.578331
21204.289242
20695.864527
19926.890499
19689.103539
19575.908665
19288.519417
18778.214581
18630.711846
18644.234837
18270.221022
18248.419406
18237.827538
18506.106367
18368.886116
18592.601643
18782.363020
18984.513706
18803.542797
19025.792800
18652.444259
18653.890585
18855.695317
19031.592636
18700.861165
18632.726768
17962.646513
17388.272612
16820.441103
16433.210627
16171.236501
16028.705905
15815.777326
15910.327336
16099.433723
16595.396746
16886.705321
17135.215227
17027.920817
16710.309256
16377.908946
16183.353339
15844.863457
15702.922861
15474.042746
14918.744428
14262.069110
13743.425312
13152.343669
12821.021902
12435.776643
11564.237020
10363.753427
9114.428426
7677.471124
6558.944671
5962.417644
5672.681029
5428.930092
5355.405745
5093.042185
5060.596999
4949.115955
4875.573794
4968.546118
5122.668694
5097.893667
5252.493276
5457.252316
5599.937482
5847.590027
6180.219979
6358.740919
6586.398128
6618.952158
6611.144832
6510.206415
6502.482346
6367.349559
6269.070967
6043.694480
5809.959914
5708.008419
5578.016740
5702.807148
5881.499520
6044.617043
6235.693334
6412.236565
6461.126747
6570.074225
6813.987608
6787.404335
6830.566492
6952.491132
6782.592952
6645.100112
6441.727006
6285.829826
5892.486537
5991.267087
5949.562911
6116.479259
6257.406133
6175.321297
6167.228623
6253.253214
6321.091770
6198.368919
6389.090026
6639.474608
6748.549867
6657.966026
6647.543474
6845.152728
6759.164502
6700.401189
6755.258658
6840.983386
6665.205269
6550.732647
6517.726198
6464.403659
6647.352011
6845.055416
6670.405450
6504.920075
6774.857898
6918.705161
7003.007130
7341.611325
7688.220466
7747.909382
7651.619202
7460.393275
7314.340453
7349.963212
7033.919521
7007.177614
6984.526026
6989.331711
6818.258154
6796.105289
6648.042190
6615.348466
6551.111148
6524.449018
6549.488547
6438.280067
6487.689111
6610.928616
6606.808570
6550.926026
6680.165284
6707.125813
6700.954384
6662.264337
6686.885384
6782.953897
6689.471106
6611.328756
6669.669852
6517.290370
6289.844322
6389.352053
6315.376359
6344.210917
6547.993977
6576.656365
6509.608306
6497.309469
6218.651934
6164.855654
6212.046897
6427.302148
6404.996967
6608.098392
6659.023743
6918.368095
6984.477462
7060.548341
6845.103096
6683.076368
6533.284153
6531.904517
6832.141017
7136.261785
7327.434152
7193.594041
6862.996751
6783.887966
6913.690491
6803.206190
6813.718091
7053.014500
6881.051592
6436.307617
6351.824290
6651.731155
6824.589947
7120.695141
7535.751897
7798.863826
7686.374874
7372.901750
7007.614607
6579.003530
6412.756676
6100.644329
5898.839229
5704.135165
5833.166965
5771.684771
5790.130912
5606.024069
5628.066234
5657.114129
5699.689092
5648.916273
5781.993517
5944.838128
6225.081986
6449.382827
6670.227586
7043.752453
6961.355865
6399.854485
6079.316283
6028.199242
5930.175277
6164.395880
6451.257470
6570.532547
6488.111486
6508.597565
6499.736866
6290.913436
6268.829679
6110.215680
5841.517190
5441.761469
5728.512031
5747.494093
6003.802964
6403.858401
6620.623564
6407.935665
6253.555333
6208.622916
6057.524871
6104.445335
6065.641886
6051.537311
6041.403259
5810.194596
5617.226508
5769.247022
5890.329046
5830.781841
5884.112490
5890.329046
5761.091832
5842.286563
5847.442495
5860.197821
5973.385678
5837.789918
5667.277223
5581.465314
5629.692728
5521.676862
5667.162841
5659.367947
5679.841192
5463.867179
5418.579135
5437.202859
5547.987030
5528.021196
5399.017888
5318.823597
5430.844999
5380.413914
5316.676425
5660.922642
5737.265319
5583.057540
5466.095202
5522.986193
5641.552560
5806.154000
5981.916837
6076.418403
6320.768887
6051.537311
5959.079175
5682.229851
5567.630362
5440.680118
5444.596915
5338.115033
5351.868463
5364.514545
5298.654286
5150.161555
5252.916641
5170.572802
5291.496498
5475.942680
5576.154697
5274.913531
5280.931265
5180.326673
4745.149188
4769.739251
4858.150161
5007.748520
5049.127804
5326.023856
5512.372177
5607.028886
5641.705237
5486.108337
5383.446065
5034.228946
5001.356302
4882.641545
4993.478080
5018.269982
5173.915743
5296.822100
5345.725683
5421.542693
5305.356377
5495.922833
5518.353180
5578.016740
5572.333920
5563.765388
5361.725184
5271.129040
5261.117941
5020.757624
5158.195533
4991.597275
4860.422235
4780.492014
4721.046668
4623.116656
4780.386552
4917.545232
5013.910927
5210.840391
5384.850766
5371.915346
5369.913032
5164.821690
5011.361977
4875.573794
4857.905709
4740.459533
4579.135894
4669.354656
4579.135894
4652.225818
4576.050861
4777.292403
4857.677147
5078.845815
5061.224583
5321.223625
5399.476331
5465.109327
5483.643581
5414.753224
5529.424798
5582.881407
5650.258222
5388.259367
5574.882297
5457.902829
5421.033142
5213.683215
5517.542397
5510.617917
5580.576539
5674.722205
5671.467888
5547.606249
5351.752971
5169.967942
4987.265416
5183.922164
5019.542575
5174.776890
5236.957524
5442.074430
5157.443728
5174.776890
5030.778670
4975.102421
4649.751931
4778.294622
4774.551548
4914.463465
4901.560672
5117.216247
5129.905222
5061.929836
4897.757853
4774.649085
4776.919109
4785.118839
4967.912631
5112.093756
5265.588496
5216.309820
5210.437525
5180.047689
5012.921743
4978.537552
4941.055285
5279.754023
5677.774094
5830.907280
5884.219358
5777.316911
5437.057619
4993.929638
4958.424287
5018.158621
5142.536709
5034.121337
4980.418708
4863.250913
4809.986617
4968.006417
5037.692592
5070.582305
5114.821107
5204.918547
5040.659360
5223.417838
5381.312567
5532.573740
5384.440665
5411.352006
5140.884236
4941.942704
4784.248995
4979.205484
4921.709899
5057.375706
5075.323214
4995.215964
4712.362072
4659.043914
4636.530617
4699.737498
4846.365711
4975.422173
5057.865934
4883.046690
4748.650827
4652.519182
4687.582083
4576.318267
4623.783294
4827.529365
4740.183050
4590.580025
4575.934803
4806.149555
4842.709986
5160.822832
5191.381599
5205.449833
4892.382045
4936.975320
4623.683879
4691.213017
4744.767776
4987.212497
4861.398548
5021.441796
4822.318575
4849.816718
4883.385548
5190.063550
5285.151507
5627.884021
5751.161947
5648.750640
5346.668017
5346.668017
5380.078517
5383.814049
5399.974521
5462.091311
5310.038768
5216.176755
5154.380946
5279.937597
5245.018431
5427.514916
5369.820177
5378.422758
5320.159931
5322.337234
5096.142743
5061.224583
5096.142743
5139.238202
5092.182407
5329.602449
5436.651368
5424.337718
5206.280391
5046.563981
4917.545232
4782.281415
4729.070882
4806.499144
4798.566538
4663.412696
4860.202398
4952.849086
5062.903073
5276.180116
5447.470753
5193.127047
4961.280479
4819.897868
4729.222703
4549.773999
4586.858702
4793.972970
4900.634035
4912.605899
4954.609742
5022.409779
4833.945495
4796.698732
4766.126767
4933.261182
4740.100928
4811.609604
4650.005227
4893.768749
4836.640078
5184.531008
5273.098806
5554.079434
5348.748002
5213.514693
4850.297561
4819.621126
4626.129499
4729.156747
4802.755962
5137.049560
5395.215435
5450.831194
5458.889358
5428.087186
5358.612543
4979.097760
4956.361457
4705.381616
4659.214409
4677.730911
4722.142504
4821.237114
5026.521482
5082.224340
5065.834283
4980.834151
4909.547842
4813.167048
4726.966225
4640.393860
4699.737498
4765.805255
4796.228136
4967.912631
5025.243738
5220.025959
5221.972590
5345.122918
5162.432813
5150.271362
4974.248346
5070.582305
4979.884772
5242.211090
5451.207639
5547.874730
5365.101213
5328.843674
5099.001788
4900.715800
4874.286989
4990.942015
5058.473390
5149.817726
5065.834283
4987.529865
4894.677501
4874.990422
4823.026989
4850.297561
5133.331396
5092.570375
4971.621236
4907.201903
4728.871013
4385.576522
4441.041200
4465.631503
4699.202955
5007.082932
5170.748847
5150.389770
5242.796936
5027.228926
4838.259586
4748.727180
4592.491955
4469.568575
4480.255847
4538.048267
4677.666620
4944.059641
5102.442435
5169.108056
5176.156799
4969.099947
4846.365711
5017.183535
5121.427192
5279.606505
5500.924286
5648.750640
5383.814049
5408.259479
5146.085950
5129.609734
4893.472674
4987.618680
4757.167767
4791.607981
4602.747090
4574.485352
4568.029024
4663.608132
4837.816053
5030.563989
5250.323047
5131.067427
5313.912188
5190.450226
5221.351991
5093.622177
5044.554403
4795.799169
4830.723709
4658.766652
4613.422614
4625.085783
4718.880241
4864.605623
5040.659360
5329.902111
5545.473571
5883.546714
5827.769711
5747.828155
5501.708283
5623.388540
5469.761762
5383.446065
5389.815180
5494.122582
5459.057286
5268.318497
5362.384666
5313.821103
5527.362127
5309.103427
5544.742927
5521.943943
5710.119790
5450.606930
5458.454597
5171.458849
5141.157134
4995.378898
5069.090712
4987.383647
5073.903555
4979.596464
4881.677086
4809.806502
4953.033747
5139.708626
5424.742721
5677.192764
5781.539247
5691.557319
5533.339671
5258.583619
5037.292378
5034.680590
5332.549995
5501.458017
5661.166347
5757.537444
5827.553716
5683.948583
5699.527163
5699.527163
5769.350708
5672.567261
5752.504582
5612.763734
5649.591058
5485.996267
5504.264916
5372.824348
5306.426984
4974.248346
4996.402575
5103.405834
5148.300050
5183.922164
5497.672305
5575.628053
5452.229686
5331.196227
5351.568936
5345.408650
5509.335509
5603.701772
5794.683210
5841.332153
5771.548337
5695.737537
5714.421675
5611.567496
5811.400585
5881.633208
5918.934361
5981.848410
6156.024356
6049.717470
6186.271175
6293.468674
6156.024356
6180.594475
6140.252623
6177.442233
5986.639043
6175.482379
5989.214880
5922.337997
5747.828155
5859.066863
5548.507387
5663.669610
5708.558612
6022.215681
6264.190376
6684.257048
6729.705414
6596.130722
6313.744336
5884.508052
5613.594169
5626.363152
5737.473268
5728.593629
5802.466866
5868.765797
5733.189860
5733.189860
5864.857574
5997.836952
5958.990273
5893.023079
5882.189591
5964.079427
6010.943292
6080.366700
6364.228918
6450.986545
6212.268442
6099.886939
6016.066630
5790.226366
5579.408927
5806.788157
6030.531821
6170.059811
6381.135881
6377.042846
6306.760111
6000.815150
5937.499820
5623.824806
5775.309768
5680.512250
5955.705862
5963.787555
6301.861880
6433.116651
6427.010456
6367.516592
6421.365668
6283.854159
6329.680350
6480.055266
6455.262397
6276.841307
6268.916597
6173.131325
6185.685515
5974.172384
5972.643981
5882.042478
5877.047082
5920.245739
6220.017400
6427.010456
6499.037142
6583.225587
6454.481707
6195.595542
5962.149082
5975.672000
6027.540367
6051.884889
6189.488798
6279.468516
6129.855745
6005.903892
5993.261290
6147.551535
6469.104799
6708.740712
6797.964886
6953.178677
6851.324578
6738.153218
6701.307081
6688.470272
6705.155654
6700.784283
6688.470272
6652.791051
6813.718091
6815.484451
6907.382928
6952.723272
6951.163966
6904.315299
7103.585396
7318.968801
7332.615172
7480.404387
7649.682587
7590.391994
7665.898036
7756.095918
7891.399910
7691.428063
7666.554497
7481.925323
7545.644215
7679.209869
7708.405134
7634.011995
7751.276180
7796.129873
7859.837102
8088.850883
8375.889598
8367.862126
8468.193294
8351.270107
8296.017294
8238.358736
8338.981850
8059.830258
8131.853881
8213.759895
8252.932380
8154.711003
8634.339920
8755.089471
8730.999662
8795.015324
9083.907237
8925.600280
8979.115029
9008.393831
8985.083524
8876.669237
8991.679305
8925.642667
9161.385255
9110.383340
9325.721767
9407.647379
9616.955394
9761.310601
9982.885193
10124.587581
10302.585906
10302.585906
10131.864908
10300.400357
10350.675429
10537.865097
10972.722048
11359.377199
11621.771042
11761.503987
11740.900833
11895.077405
12203.618781
12292.180541
12642.232162
13024.103863
13263.965882
13332.983377
13739.077702
13985.268496
14136.740839
14436.511626
14825.795092
15211.014047
15391.314846
15799.858274
15924.917436
16453.989581
16342.994361
16518.910083
16669.444105
16935.419294
17011.277492
17458.816918
17998.257302
18746.472190
19402.960838
19840.130469
20516.315952
20230.230256
19965.887298
19892.087321
19847.796542
19601.148784
20419.662021
21117.170016
22054.613604
22992.930939
23742.806504
24143.441788
23519.399578
21917.367429
20026.531842
18100.755509
15940.454331
14500.499458
13520.464008
13193.511828
13088.888917
13120.043670
13080.684069
13410.599861
13228.713314
13507.321123
13657.413300
13871.084429
13739.116202
14056.973952
14135.410099
14268.264803
14576.205980
14969.900277
14914.161305
14715.744320
14389.841498
14083.797554
13595.256116
13770.962266
13705.325163
14054.280303
14092.888951
14220.522349
14049.638136
14045.449690
13901.324161
14136.930162
14496.445046
14878.529539
15243.622230
15473.586323
15666.496869
16006.384626
16099.698498
16489.812432
17008.697385
17455.614988
17402.596872
17898.065485
17711.209665
17727.942987
17750.602290
18082.904273
17751.884087
18020.773679
18077.609099
18305.296963
18056.720222
17908.123809
17491.302491
17301.577463
16782.473984
16405.125779
16147.174867
15993.578722
15946.451062
15605.202224
15827.040565
16335.943358
16912.325265
17236.076666
18157.132929
18770.827172
19154.995835
19627.000479
20274.896296
20543.920824
21075.536478
21321.912945
21299.428187
21262.169432
21638.100469
21594.545553
21707.164524
21999.690963
22532.065811
22645.832263
22834.155408
22529.678638
22531.082541
22728.250122
22679.493601
22677.056415
23351.024371
23416.206940
23032.479211
23223.340288
23561.475328
23786.944196
24091.986164
24116.659085
24108.369402
24041.023325
23464.727564
23237.240572
23161.551877
22964.534794
22736.843576
23132.912019
23222.791830
23358.519777
23329.039670
23264.201441
23183.501986
22970.467480
22320.140536
22135.270685
21473.165295
21157.535225
20392.397835
20511.559692
19625.506653
19486.080501
18946.224705
19369.977815
19321.568898
20186.037413
20346.833594
20240.243832
20044.795056
19622.371133
18970.320726
19288.304129
19823.981220
20104.773028
20585.055192
21377.320720
21452.158293
21526.088396
21883.110438
22467.065633
22623.549744
23295.478279
23977.902069
24489.145182
24641.332249
24415.131671
24146.474571
23977.437871
23686.393084
24127.478827
25025.481683
25544.641008
25427.217994
25923.566829
26079.019099
26257.292234
26540.742810
27585.555668
27727.054478
27663.502118
27755.391098
27521.625015
26774.600376
26899.569767
26703.291110
26052.900996
25861.833645
25700.026302
25410.976850
25172.400992
25425.120629
25900.840457
26247.687221
26120.538869
26232.803065
26384.670862
26444.402526
26831.145635
27274.008005
27992.508029
28197.379743
27875.143622
27634.848780
27134.472744
26467.708294
26053.583840
26224.024059
26395.138863
26846.273272
26996.504724
27153.944879
27264.586140
27580.895071
27244.229738
27168.163647
27199.088389
27010.396755
26456.638741
26543.121879
26260.121389
26103.632447
26046.675347
26464.503660
26729.148698
27566.169728
28208.140849
28533.773944
28694.562625
28722.791386
28737.657977
28587.679607
28932.510367
28496.485453
28240.112234
27817.090631
27789.280063
27114.061552
27111.228935
27269.602697
27292.451939
26947.679606
27068.727319
26893.110820
26818.649930
26634.740966
26887.119012
27003.689551
27274.933413
27235.671595
27268.926738
26934.938047
26955.371580
26916.854146
26831.101648
27017.704321
27341.378388
27210.669457
27110.429339
27073.393009
26806.617584
26570.950907
26668.926270
26820.323340
26730.009774
26977.944337
26812.380847
26807.487803
26955.371580
27457.410635
27348.755930
28019.773837
28083.196484
28134.221968
28557.363194
29145.817825
29204.691058
29475.678412
29220.202922
28737.936388
28488.114149
28071.805872
27904.083587
27876.245093
27741.060682
27312.449626
27372.024418
27019.156641
27045.966538
26779.724288
26939.221981
26945.399813
27068.683232
27288.035603
27509.932118
27759.891689
27955.112315
28161.818319
27811.277431
27887.572680
27850.463804
27591.647597
27609.935537
28119.119652
28309.690248
27909.865345
28044.701519
27766.127084
27132.854537
26578.890358
26421.326211
26060.005954
25820.224359
25651.438458
25747.711366
26039.358422
26223.683816
26566.050938
27141.419582
27404.153816
27826.925002
28153.395620
27996.908611
27603.846519
27238.817572
26680.280595
26052.900996
25741.181079
25467.752754
25375.368443
25237.924187
25239.965714
25221.583268
25530.909139
25481.115017
25608.503357
25908.123529
26525.163381
26814.124381
27431.727609
27842.056690
28311.274086
28179.874253
28378.362892
28775.336650
29194.619812
29001.332787
29296.569065
29445.901986
29426.856752
29294.430153
29874.639242
30369.201616
30669.089227
30488.458823
30527.437414
29971.870741
29604.307159
29259.984382
29631.237733
30151.880417
30271.212415
30207.571589
30482.904728
30314.966053
29449.385600
29111.455822
29057.112933
28790.872141
28707.164152
28860.894292
29061.410324
28624.344549
28344.813173
28124.686249
27940.669528
27712.659777
27474.757934
27039.186221
26378.724687
25868.508126
25708.298855
26040.580406
26164.647910
26427.834902
26597.806166
26157.138992
25965.799531
25745.981052
25908.299867
25895.328196
26444.146248
26858.080351
27377.472550
27495.478733
27628.345564
27419.501603
26858.910527
26959.250266
27116.870660
27250.364688
27434.535796
27647.752163
27161.476211
26734.589287
26611.591305
26673.347866
26935.618228
27255.658180
27361.880049
27304.382436
27059.086804
26951.781860
26971.784716
27341.144908
28157.616265
29060.854414
29491.198178
29653.587538
29156.910737
28354.632743
27460.813573
27204.517409
27124.456075
27284.348668
27462.279994
27866.346134
27856.870067
27594.105948
27430.211844
27368.378929
27173.859982
26002.631460
25829.228450
25626.074746
25014.685804
24212.953141
24067.202422
22895.887034
21938.132937
21480.611036
21806.950381
21991.567106
22240.650468
22404.475756
22849.987609
22289.709066
22000.393826
22158.452648
22804.067851
23101.370310
23528.260855
24115.050269
25030.561840
25576.071744
26335.061481
27860.755209
29844.401723
31162.486605
32803.189172
33937.351830
34101.845001
33717.843574
33044.674249
31732.002103
30597.441625
30406.982430
30706.672665
31477.636283
32016.820042
31645.555492
31041.106062
29922.842658
28489.066160
27669.417296
27644.766745
27521.584043
27486.524844
27888.414414
27985.204371
27876.108708
27925.757395
27888.414414
27785.968805
27710.554942
27593.716899
27372.112951
27150.855683
26774.690361
26604.888543
26818.063285
26777.154635
26459.495500
26174.282779
25544.901679
24693.643993
24240.619608
23848.664246
23753.690133
23900.876977
23988.687993
23759.555714
24175.093031
24433.264959
24689.559570
25151.652367
25407.466530
25610.875312
25102.115767
24773.922358
24369.676211
24246.387381
23481.727751
23477.277801
23501.898456
22818.981689
22037.308631
21189.905023
20709.580167
19446.757178
19044.606302
18566.415805
18665.215407
18263.099356
18660.337506
19208.990309
19035.821236
18863.643111
18970.320726
18587.000755
18176.601097
18650.450077
18869.921929
18903.259058
19775.500041
20068.695870
20269.719210
20768.366945
21354.357869
21358.187691
21873.767013
22351.337237
22733.140770
23126.095913
23548.925962
23440.194808
23591.396654
24297.645414
25148.300842
26447.188488
28814.198310
30426.188186
31685.691884
32736.763514
32906.608730
32437.127051
32511.349455
31859.179440
31061.006909
30605.484448
30070.458768
30450.040692
31358.156655
32089.600621
32930.396145
33791.652375
34130.802837
33690.960536
33536.052426
33216.639664
32717.618868
31876.693961
31630.178647
31372.707626
30712.625565
30257.342120
29967.911151
29542.670577
28923.257988
28964.152326
29031.814653
29015.435188
29064.876117
29491.225237
29598.046516
29402.937576
28962.073276
28644.143866
27875.143622
27411.579535
27056.685277
26787.784897
26734.589287
27103.562164
27117.750952
27046.228004
27062.537362
26921.214317
26803.630071
26538.278393
26251.908837
26223.196941
26375.227831
26225.395895
26242.015850
26580.542314
26699.486687
26484.298157
26057.629250
25946.746287
25626.317238
25702.666743
25616.583662
25794.346164
25900.840457
26036.231574
25765.517479
25716.566939
25334.358093
24696.343774
23578.223128
22252.852778
21684.818016
20931.943628
20545.750101
21237.184688
21591.968832
21257.886442
21124.663379
21370.053579
20997.165116
21167.572034
21692.524939
22592.688760
22959.852417
23787.012419
24996.826755
26649.361392
28154.324853
29204.489248
30144.415719
30786.141061
31042.109647
31849.101584
32259.316640
32004.606778
31756.851742
31018.278724
29673.817433
28806.257218
28223.224061
27311.210543
26354.883501
25626.127495
25482.526878
25441.516395
25917.583778
26263.684781
26562.302795
26682.905756
27095.270381
26836.735588
26723.852677
26679.759445
26115.797856
25405.670304
25229.346645
24977.308949
24692.941426
24762.386757
24497.489356
24337.716358
23796.146067
23487.238858
22165.816016
20964.597111
20016.596321
19001.343674
17428.416446
17321.748896
17181.906506
16730.910965
16294.307578
16613.839081
16250.964160
16121.357758
15803.362825
16414.676209
16497.116200
16734.941826
17107.863330
17144.849305
16896.260535
16696.752541
16803.325351
16766.123403
17285.274538
17482.744089
17669.346083
17576.920072
17595.333428
17465.850405
17560.434659
17840.605327
18406.932482
18587.057247
18693.831775
19118.071435
19298.671528
19392.482034
19735.061749
20013.892977
20133.247144
20281.965075
20569.191525
20764.380621
21043.160050
21461.359019
22112.658539
23228.526659
24543.945224
25934.136556
27757.988533
29892.991523
30512.717297
31616.370889
32498.114120
33347.508799
33165.488913
32992.432232
31544.579410
30086.255930
27515.953754
25387.202877
24183.070584
24269.681972
24376.408464
25124.584241
26002.631460
26972.041163
27296.837297
27729.384134
28495.132046
28939.188419
28898.063806
28826.662588
28793.605700
28448.960989
28553.479945
28899.443733
28916.547791
28897.916606
28339.770658
27949.270556
27366.488780
27276.118770
27228.774876
27477.572243
27430.509823
27689.135622
27709.297441
27793.345390
27766.533710
27742.286297
27503.783935
27215.452149
26907.763514
27075.558047
27046.772606
27064.874818
27516.312777
27836.417940
27765.321054
27544.821679
27183.445520
26909.114677
26427.345458
26016.839121
25825.473155
25821.241897
25620.538766
25569.104764
26102.545828
26475.710470
27013.355448
27037.950820
27088.804500
26641.988564
26485.920480
26500.853897
26476.112060
26683.066022
26970.791637
27215.251102
27025.872069
27172.353413
27178.422622
27331.952863
27766.859195
28181.076322
28220.808022
28327.330432
28237.355339
27437.135494
26787.030020
26756.231971
26454.871707
26175.283930
26511.080249
26532.105023
26599.450189
26858.080351
26826.704572
26905.134148
26897.127088
26873.971154
26500.853897
26640.783155
26482.814965
26862.209545
27001.275048
27542.820076
27632.664517
27657.519867
27581.699022
27317.220102
26859.708829
26576.906719
26376.840591
26243.562651
26027.635614
25491.052220
25002.254582
23835.866775
22489.876589
21684.308161
20990.388759
20317.930406
20207.106530
20104.659727
19435.714125
19238.873006
19137.776019
18960.281515
18984.730358
19239.190209
19105.927477
19087.205344
19341.389646
19049.422319
19090.519730
19751.378604
19765.748037
19862.811352
20445.458077
20714.647818
20600.048400
20921.282770
21217.575909
21383.560292
21602.890315
22047.989728
22495.004136
22844.094351
23420.231406
24107.611579
24408.965679
24535.756588
24418.458688
24900.189831
25813.594659
27349.315153
28999.090872
30936.175926
32240.666906
32868.724869
32852.231189
32671.455493
32583.007009
32605.500749
32073.542289
31674.402109
31202.372651
30287.288869
29099.234573
28381.166044
27831.267442
27533.929910
27345.438999
27226.790837
27210.176704
27236.217198
27167.086138
26733.847476
26376.840591
26606.210276
26583.505452
26447.893267
26768.182909
27014.143862
26569.815932
26396.876515
26009.499806
25742.780175
25295.566725
25205.436224
25095.056427
25402.615339
25322.261804
25433.360913
25240.153276
24979.857259
24766.441288
24819.518647
24896.023201
25168.616271
25226.179154
25156.343354
25485.148800
25335.157601
25097.492012
25130.234160
24949.743716
24393.633974
24190.475663
24125.841996
23674.265169
22635.906836
21604.997947
20866.740572
19777.411818
18953.303381
18989.845001
19051.688992
18893.560509
18803.637226
18560.013298
18172.107881
18065.279488
17618.217101
17835.854601
18022.194235
18194.569293
18034.627833
18266.621088
18165.713194
18135.212072
18426.262684
19108.727509
19639.487535
19761.146969
20034.430418
20419.372875
20517.385398
20435.175102
20966.391198
21058.204820
20715.989592
20465.219759
20856.680182
20940.395228
21316.392175
22042.488674
23153.504585
24295.760134
25385.250561
26472.849733
27298.962957
27472.403672
27168.646286
26641.685097
26134.784847
25929.905381
25643.165000
25382.835000
25634.878972
26213.294815
26297.513106
26484.298157
26882.470548
26984.726559
26693.370915
26867.295823
27007.613177
27001.321369
26897.338223
26898.730857
26729.055743
26537.744018
26000.488559
25491.503487
25148.681743
24652.968826
24092.371514
23723.073381
23595.850985
23288.153163
22480.941265
21931.703501
21447.762027
20809.023027
19681.430888
19189.412267
18813.547137
18557.340052
18333.276395
18169.419839
17927.361896
17687.780834
17883.753461
17666.997046
18116.058775
18407.166027
18569.533277
18210.100179
18389.544675
18460.885022
18746.008726
18776.979130
19045.465549
19423.041176
19503.164556
19425.395959
19555.956373
19492.874185
19384.216377
19469.563642
19771.762123
20124.482254
20783.458177
21004.858600
21436.010975
21895.501924
22555.177525
22868.884933
23704.102894
24460.617559
25309.654035
25880.921120
26387.228864
26096.296597
25868.774055
25300.804606
24402.743325
23282.477033
23057.262457
22499.320576
22209.776098
22463.357747
23376.141595
23646.751124
23920.296326
24393.247275
24669.066633
24671.270972
25143.175400
25702.886724
25981.504399
25612.787211
25319.986780
24967.084070
24542.812323
24084.888474
24387.485292
24657.701741
24534.625852
24335.895349
24265.861071
23970.707828
23689.392771
23679.506312
24058.736550
24341.688609
24477.571566
24356.745716
24284.697103
23739.035339
22778.874080
22209.776098
21823.929629
21568.040587
21512.980210
21857.356561
21717.027937
21661.794355
21417.808174
21013.488215
20552.165799
20298.744209
19429.619620
18493.512641
17148.464897
15870.201104
14854.389190
14102.332045
13468.238692
13432.970108
13423.580294
13038.634226
13005.817949
13005.817949
12737.247483
12704.406014
12843.911743
12868.954591
12673.753243
12741.183951
12548.520493
12464.465842
12249.286528
12101.398998
12140.673240
12214.796023
12238.071262
12215.775168
12199.682304
11943.584451
11785.285639
11914.543109
11944.649721
11915.962040
12045.434456
12187.157658
12307.343578
12432.202018
12524.284070
12358.314670
12292.781117
11994.543308
12044.568215
11898.173387
11941.968810
11847.222042
11778.331683
11760.264042
12067.555854
12428.588469
12537.621195
12485.980464
12394.131872
12479.952477
12349.001832
12299.568625
12208.100980
12296.342234
12231.247521
12437.946952
12671.784323
12965.846296
13492.541532
13572.351160
13369.635333
13381.381065
13503.917392
13059.407860
12941.885276
13526.239646
13625.202157
13416.057178
13475.977109
13598.882248
13249.884089
13138.704546
13401.111578
13461.167075
13423.956606
13587.653376
13620.992274
13739.019838
13802.370685
14142.080692
14212.579296
14384.742310
14413.815210
14546.910981
14598.406518
14466.890609
14544.891257
14551.761705
14660.672428
14826.045253
15113.486853
15085.298534
15362.655374
15372.913452
15416.124408
15573.730865
15729.304307
15400.818394
15446.239031
15358.176340
15431.251580
15470.765061
15921.665868
16204.847282
16369.295837
16443.051136
17160.517430
17326.825724
17325.668728
17644.777142
17978.107540
18155.906593
18713.863557
19310.751733
20034.731984
20672.701423
21091.858190
21233.167593
21647.591854
22101.384384
22905.278958
23694.394264
24734.769526
26342.794548
27382.640459
28894.768748
30945.830034
33250.603101
34017.310642
34236.883115
33773.309296
32800.791098
30938.682277
29642.931505
28742.315299
27515.320208
25977.159822
24910.609268
23963.019812
23462.399656
22875.692486
22481.460524
22195.320228
21758.098179
21169.464990
21030.195883
20472.624603
20296.407745
20140.748869
20099.668935
19746.417788
19990.789135
20168.168110
20704.176882
21079.400608
21395.201799
21578.124487
21597.912594
21226.510370
21115.746482
20993.116807
21075.386295
21231.225884
21351.053763
21293.983803
21134.061065
20826.613703
20517.464604
20285.151305
20393.926254
20652.154182
20817.019337
20583.767030
20642.584068
20312.300615
20099.635472
19761.146969
19892.087321
19892.087321
19892.087321
19925.124098
19859.769361
19819.337149
19932.769521
19572.867588
19234.853660
19129.466310
18781.298013
18165.654402
18055.381564
17901.222355
17628.366722
17366.178434
17142.976779
16853.739436
16615.101566
16180.717000
15631.685846
15225.155676
14396.662831
13463.332349
12485.553344
11374.194026
10380.983265
9667.382655
9008.637656
8567.805812
8326.272866
7884.793514
7372.568593
7018.752208
6692.862618
6243.672103
5905.806031
5806.919868
5550.860297
5500.003955
5462.091311
5508.842097
5527.900498
5457.752168
5129.702947
4933.842191
4603.346549
4476.288396
4267.659238
4316.548649
4514.742355
4673.944317
4672.715538
4786.900967
4639.625474
4614.975754
4637.333486
4520.767458
4631.966893
4785.436445
4710.218968
4769.270587
4996.777667
5062.217923
5113.897330
5213.683215
5199.191032
5191.216910
5072.292027
5129.800666
5174.221810
5142.829112
5163.506800
5282.878175
5305.736359
5261.117941
5170.572802
5011.130649
4943.448112
5043.710102
5001.264466
4925.289324
4988.789082
5005.419564
4869.651015
4819.110757
4865.836681
4644.452634
4794.312643
4907.306644
4909.217873
5057.437691
5219.419981
4921.823042
4787.564547
4786.206184
4712.362072
4704.411514
4976.745738
5174.034743
5203.100593
5161.684943
5235.632145
5198.703165
5028.199018
5116.925571
5390.168621
5390.168621
5355.300463
5223.662802
5401.115964
5288.925021
5393.912779
5229.584037
5213.183113
4919.661300
4698.094906
4623.994584
4677.698312
4749.314739
4720.699799
4738.995002
4664.925288
4482.089187
4552.702912
4492.299762
4666.361076
4734.424817
4914.773433
4968.122719
5170.415008
5067.628936
4864.733952
4704.853222
4417.574774
4399.480334
4188.315743
4335.882500
4410.464742
4457.069677
4399.392682
4528.509973
4426.249009
4450.730779
4522.939198
4389.110616
4413.525744
4453.169587
4438.542875
4555.456121
4684.504757
4644.949103
4786.701604
4817.647034
4864.733952
5011.617825
4992.970414
4917.241411
4763.148604
4393.846846
4060.817028
4075.113961
3963.509038
4112.034229
4380.432531
4529.022623
4439.215402
4617.068875
4371.721778
4441.041200
4316.817523
4363.762525
3998.517375
4127.963237
3886.382174
3943.734415
3923.376600
4126.762024
4036.307380
4122.366519
4020.044891
3977.403323
3906.853509
4046.432183
3970.451484
4137.683450
4258.636527
4316.140925
4270.732103
4172.393990
4123.381579
3881.047790
3772.902447
3530.493213
3711.030889
3675.953161
3911.797829
4016.196915
4256.549480
4307.647653
4267.777125
4222.177934
4274.161945
4257.233416
4150.651985
4050.845313
4011.564165
3871.855751
3900.969047
4075.213853
4021.775074
4060.904936
3923.376600
3978.620351
3787.961333
4247.795708
4220.999147
4465.405208
4453.341260
4340.565239
4042.813359
4011.682237
3913.144390
3761.296019
3761.296019
3899.672940
3833.377199
3792.835024
3843.976197
3741.386453
3590.197404
3602.194583
3664.120720
3715.614532
3887.653958
3856.312687
3848.191686
3700.686939
3877.312180
4039.013211
4114.392436
4196.893495
4344.093135
4170.131838
3854.204178
3614.353466
3457.911859
3251.191105
3000.828632
3161.035999
3143.024216
3305.213857
3315.372721
3403.663091
3627.118228
3717.851854
3746.979129
3867.993513
3773.634081
3572.324516
3572.324516
3321.849143
3305.818755
3355.256618
3086.376386
3272.911800
3416.649745
3381.690575
3383.884677
3518.691341
3548.187269
3437.365852
3494.824087
3622.160911
3673.671592
3448.862953
3621.674583
3530.603509
3582.241885
3729.636588
3803.224240
3922.685899
3969.435623
3821.529705
3565.565912
3434.068839
3157.394252
3327.464822
3259.993800
3563.129329
3590.071597
3503.784308
3339.910785
3573.258018
3209.041856
3259.872165
3442.123073
3339.707787
3214.500964
3234.948981
3199.395524
3191.230268
3316.157736
3265.031561
3394.334597
3298.859889
3214.632646
3374.842485
3259.993800
3251.485278
3407.129658
3314.973138
2997.174745
3091.448995
3011.256372
2866.970731
2944.891570
3018.750294
3022.641377
3116.928849
3084.082314
3014.004954
3095.983027
2942.305875
2810.870376
2928.711779
2984.453592
2854.717993
3047.636137
3127.847593
2976.305681
2878.146594
2867.974151
2714.069990
2719.987800
3040.278974
3062.591561
2976.305681
3064.742812
2974.490591
2670.126562
2707.021718
3000.398665
2819.980072
2756.120810
2916.161768
2846.490571
2579.916402
2698.595493
2906.080997
2708.206229
2796.184166
3024.139227
2991.071356
2933.908795
3173.695621
3191.831703
3143.024216
3260.117640
3130.688372
2992.860965
3046.442958
2904.960812
2861.434066
3079.306803
3047.948527
2906.554345
2994.568033
2980.375034
2681.061801
2847.473622
3146.999149
3097.746502
3341.973403
3553.029681
3508.641843
3488.230950
3812.393184
3610.940077
3599.312398
3605.716285
3527.810357
3166.665350
3109.261590
3168.914938
3019.808048
2892.616312
3034.137228
3056.978898
3071.189508
3311.131051
3440.250874
3251.485278
3239.313954
3095.640297
2902.209447
2701.441070
2818.321647
2804.090597
2760.799371
2727.551848
2891.630548
2811.456367
2807.602632
2985.967651
3143.538365
2955.247345
2887.431844
2952.844775
2823.894196
2623.802705
2736.465799
2997.362061
2951.830016
2951.830016
3065.391913
3108.486552
2896.947985
2919.560739
3124.684719
3049.236708
2889.219298
2907.542637
3053.493639
2803.094785
2800.864952
2819.533666
2874.664634
2644.984179
2712.843549
2848.192590
2852.477342
2891.306378
3043.031608
3110.695955
2955.364704
2955.364704
3061.956107
3061.956107
3084.783667
3133.315138
3215.117630
3053.493639
2870.821338
2755.798468
2782.849318
2755.798468
2610.232842
2653.334057
2790.690985
2697.489716
2631.926624
2869.858576
2966.181354
2765.285800
2780.608040
2881.252772
2698.428817
2555.161893
2602.207077
2713.456778
2586.449669
2659.871266
2713.456778
2721.440213
2639.236817
2659.698160
2733.755950
2624.987991
2536.811556
2692.223366
2829.900054
2649.170995
2794.841372
2848.192590
2814.923684
2603.548235
2626.025980
2650.624977
2817.006056
2610.232842
2807.267507
3020.481500
3199.092922
3106.616072
3251.191105
3158.572539
2986.434720
2672.728084
2658.336260
2724.996943
2628.522797
2626.373405
2737.131992
2640.853376
2445.351397
2568.561793
2709.973647
2638.349262
2638.349262
2700.519903
2769.939625
2790.550423
2733.226443
2755.641164
2633.606664
2547.388856
2346.266284
2299.176894
2289.265903
2473.454387
2411.536534
2502.187309
2719.478003
2863.060038
2707.515449
2719.723196
2760.799371
2754.679837
2600.766428
2607.518776
2605.445138
2508.982423
2330.631266
2406.567770
2470.780906
2661.700417
2634.765762
2768.385085
2680.160314
2755.641164
2499.238598
2456.256201
2532.080555
2599.932155
2519.914057
2601.813824
2644.984179
2542.545156
2454.248302
2349.996997
2401.155069
2485.246670
2409.321317
2454.448052
2609.907402
2687.817018
2531.897899
2497.333323
2519.780313
2468.802873
2306.580798
2322.850297
2436.011915
2431.784680
2394.123019
2447.279318
2541.584278
2666.656329
2654.307775
2625.427654
2625.427654
2599.033775
2330.154075
2297.131603
2439.423486
2566.626734
2478.388627
2513.467443
2550.248507
2605.864003
2484.919904
2472.468572
2546.569565
2478.571206
2416.455198
2401.938565
2449.205474
2510.740318
2658.474252
2511.951175
2497.647971
2534.444138
2407.235435
2234.757545
2186.018850
2192.184008
2237.108058
2204.372320
2286.405871
2353.166544
2326.878798
2184.811070
2215.857163
2266.660025
2333.769853
2321.434420
2436.426080
2520.287759
2380.793562
2249.608300
2235.160836
2227.233145
2265.993845
2251.899532
2342.929648
2508.982423
2478.209235
2423.134975
2542.000020
2586.604354
2436.688696
2393.720751
2256.041612
2252.023621
2125.396702
2149.780172
2084.119999
2196.952119
2199.278284
2374.511980
2311.150861
2403.227731
2489.766651
2536.811556
2392.240204
2445.687454
2492.846002
2509.140460
2402.377265
2493.614348
2553.208039
2729.675728
2664.055494
2719.358225
2648.275621
2712.046141
2594.919655
2535.492066
2615.410100
2795.326678
2635.047549
2440.421641
2524.568523
2491.932291
2382.918071
2405.574916
2495.693043
2489.766651
2366.402486
2248.516396
2248.516396
2336.813539
2259.182592
2240.575771
2240.575771
2296.002840
2168.745804
2047.597473
2203.615096
2343.531260
2353.983140
2331.285476
2520.041930
2460.433100
2431.784680
2234.621020
2283.980038
2245.165574
2331.112169
2206.885668
2241.530389
2229.176560
2237.348199
2099.769980
2162.535532
2162.535532
2188.969584
2256.528725
2246.504562
2210.883361
2370.924277
2380.958798
2272.215339
2265.993845
2377.451382
2229.489167
2211.189490
2252.147840
2313.416880
2204.713068
2284.844278
2252.023621
2276.410925
2280.640403
2520.535493
2616.820408
2684.712826
2701.305734
2988.487492
2846.217025
2678.103770
2614.505460
2645.143670
2312.535674
2099.210228
2138.433509
2091.002302
2083.124163
2089.715716
2173.375306
2116.499659
2208.479300
2042.044204
2029.982668
2243.365834
2428.068069
2432.171089
2477.237739
2522.249752
2466.893809
2526.480687
2612.604503
2573.341390
2676.168973
2598.504076
2452.606387
2306.950299
2366.402486
2212.637133
2383.631539
2502.801381
2494.377793
2449.357473
2520.950562
2381.131537
2186.478567
2194.432795
2159.182352
2219.068440
2410.213466
2674.689876
2689.148897
2841.052119
2765.285800
2569.483155
2194.176402
2194.176402
2101.980622
2158.762638
2181.664820
2261.436442
2314.557449
2364.330247
2130.728850
2007.801392
2135.274594
2157.562556
1996.220930
1987.667581
1965.238906
1911.551543
1891.488802
2225.710838
2330.475994
2401.540508
2426.127286
2455.000026
2245.957145
2216.960106
2246.108899
2360.793072
2301.388203
2264.498611
2311.390468
2309.504431
2173.516580
2106.109767
2075.456067
2028.627560
2039.604854
2035.263900
2004.252888
1992.359505
2047.507585
2016.765326
2010.717034
2082.341617
2194.698075
2209.157478
2242.581387
2252.715661
2256.879771
2224.040685
2189.226404
2178.279639
2137.343385
2125.113392
2116.719939
2243.679208
2150.300307
2172.840355
2207.919350
2314.200084
2400.886129
2520.535493
2469.566857
2475.590180
2387.196506
2162.205724
2088.738663
2156.312818
2262.774354
2221.984114
2193.150848
2157.328414
2126.152187
2022.023333
1985.778276
2030.101120
2156.964896
2368.118733
2390.876368
2441.902169
2503.601722
2505.675949
2304.871204
2259.777605
2312.714854
2487.044316
2487.044316
2438.006421
2446.422032
2452.466372
2358.211245
2467.096684
2430.264785
2432.171089
2411.369271
2340.042381
2051.750316
2184.314223
2217.123775
2311.390468
2219.068440
2306.062788
2338.580877
2365.338788
2344.677384
2361.251953
2354.556516
2311.390468
2284.844278
2352.274893
2286.713210
2378.142911
2386.146352
2531.726382
2302.110767
2332.943933
2268.090946
2217.123775
1934.427007
1874.288395
1878.725077
1910.350497
2018.203305
2225.497721
2289.523185
2295.687200
2246.630475
2157.912761
2002.555755
1986.252727
1973.392734
2002.630557
2119.278843
2117.247933
2027.488727
2060.280350
2075.665484
2063.175315
2091.367819
2192.581002
2207.055219
2233.626239
2252.023621
2252.023621
2276.410925
2334.094662
2294.322123
2191.443933
2125.678090
2018.919719
2000.962085
2002.793070
1988.379026
2007.012696
2117.493663
2052.682208
2094.877793
2053.257030
2108.820542
2209.157478
2246.378193
2246.378193
2400.251914
2328.212837
2279.203894
2303.434034
2272.365407
2056.988374
2243.679208
2276.410925
2329.982433
2481.162702
2552.924238
2520.041930
2474.954786
2464.692459
2498.081304
2588.147395
2469.426251
2508.194355
2469.426251
2375.940377
2303.976493
2343.076797
2312.042165
2365.606022
2327.952631
2272.365407
2200.852174
2249.829496
2227.395939
2142.480130
2288.947085
2311.150861
2259.908915
2239.551878
2395.094503
2259.641810
2273.894166
2230.835550
2278.047700
2145.117640
2095.746493
2083.124163
2021.623048
1955.597290
2007.012696
2040.032418
2070.798765
2148.765899
2200.001185
2060.133729
2082.631691
2060.133729
2090.663181
2164.499710
2135.571893
2172.440688
2154.317072
2117.030775
2071.998495
2322.997109
2249.014929
2261.436442
2343.531260
2251.489816
2053.343952
2121.108401
2131.437207
2032.846010
2018.359188
2140.776235
2163.405102
2286.405871
2333.769853
2436.426080
2400.886129
2347.346485
2265.416819
2306.460572
2345.171093
2265.416819
2193.636530
2205.897005
2171.284287
2098.908851
2014.833937
2139.761701
2215.857163
2279.492079
2222.159730
2301.972095
2189.095231
2219.729659
2135.739231
2074.238154
2067.405736
2271.079916
2217.289800
2377.451382
2535.307606
2513.191102
2310.203759
2330.475994
2297.463831
2313.732290
2360.793072
2448.887400
2276.410925
2120.579534
1997.622969
2002.398124
2118.692999
2268.493910
2229.650357
2184.548139
2187.094090
2148.210107
2106.764933
2082.494276
2053.343952
2102.405415
2054.931757
2223.504965
2400.064793
2524.928736
2516.212340
2440.101456
2270.371092
2083.250140
1987.038539
1902.447883
1949.622849
1922.819740
2029.659884
1998.579609
1963.319996
2002.479781
2121.108401
2194.837535
2232.322486
2327.710414
2351.933383
2321.434420
2327.710414
2604.296528
2671.267093
2560.468391
2547.936649
2470.092014
2271.414511
2293.164687
2297.296527
2271.200661
2358.908919
2271.200661
2079.429568
1997.622969
1915.225719
1774.057543
1905.403497
2096.593742
2162.430611
2223.642941
2379.658821
2459.506998
2401.670218
2364.947399
2336.051491
2284.844278
2274.527904
2223.504965
2297.131603
2318.029174
2379.515290
2274.666941
2188.310225
2126.056597
2073.368465
1915.147461
1769.511394
1802.743338
1753.642776
1802.743338
1814.943206
1882.708385
1880.832624
1934.427007
1821.631769
1814.908807
1913.838075
2022.283536
2098.173388
2203.070326
2221.598287
2123.160671
2114.357545
2047.945286
1935.363478
1943.693727
1941.820843
1935.009986
2097.108718
2224.171064
2181.373776
2252.889058
2206.514686
2148.993218
2071.043692
2041.972279
1923.081049
1876.932331
1854.110197
1833.547614
1796.629060
1845.745235
1872.785368
1800.934420
1833.547614
1921.945421
1926.410240
1941.577902
2046.457906
2156.839416
2101.541772
2053.777476
2060.972856
2016.103907
1974.123682
2017.691805
2079.186694
2037.139537
1986.133580
1967.824228
2095.015158
2053.343952
2033.470073
2076.735226
2078.647358
2076.735226
2052.585907
2021.026730
1949.277544
2010.960442
1988.042479
1982.070433
2077.453847
2085.535107
2013.845046
1868.670877
1862.472687
1864.347349
1869.961443
1856.001870
1790.858864
1753.628150
1718.580750
1693.541002
1679.022988
1881.976704
1937.465258
1990.553910
2074.864963
2148.880461
2056.413354
2029.764645
1900.919046
1852.291423
1769.511394
1775.278015
1695.615020
1720.279851
1736.747700
1740.342184
1660.733015
1767.774807
1814.647273
1869.372500
1927.002566
2046.323364
2029.554491
2038.614624
2052.936951
2134.855823
2184.065648
2253.715480
2125.113392
2024.129966
1866.405960
1827.446156
1911.142294
2040.482121
2044.684827
2064.995126
2059.119857
2017.691805
1999.857247
2083.961515
2111.142207
2131.336594
2071.807995
2080.452323
1972.256219
1927.002566
1883.338010
2023.014060
1973.887654
2077.014580
2122.014120
2125.867485
1853.269054
1935.363478
1856.753030
1927.234753
2038.431393
2382.761443
2358.342233
2347.955969
2247.464178
2130.936900
1828.744522
1773.889448
1791.623875
1785.599201
1784.063697
1855.762161
1924.456223
2119.085295
2260.740236
2349.036262
2396.164148
2400.886129
2310.638637
2320.798098
2207.919350
2146.350607
2244.035635
2351.059214
2256.360083
2215.514647
2299.577899
2248.212249
2174.187947
2117.030775
2151.815645
2090.568113
2090.568113
2096.720543
2318.301882
2342.782793
2318.301882
2218.123495
2086.648246
1972.256219
1945.073882
1947.012179
1951.468971
2019.364119
2052.771649
2073.009796
2110.031920
2223.221396
2210.883361
2216.960106
2450.670731
2446.783287
2360.039154
2368.118733
2255.477553
2011.394110
1988.493380
1915.189781
1847.276416
1920.013380
2011.711889
2013.845046
2064.995126
2017.691805
1906.817061
1993.093532
2031.953024
1973.887654
2015.697454
2117.632260
1972.452681
1960.260703
2066.698781
2041.894787
1970.340289
1943.537825
2031.593432
2002.793070
2035.595531
2097.247021
2189.515693
2296.239118
2400.886129
2529.929935
2505.263849
2376.152778
2246.890954
2229.020723
2138.725729
2054.263886
2054.263886
1972.655263
1885.819376
1914.963778
1941.577902
1910.675844
1910.675844
1997.389529
2079.186694
2089.998200
2165.563445
2157.209207
2101.842382
1958.670721
1960.352853
1927.234753
1954.456875
2024.973673
2259.182592
2320.639128
2361.521436
2324.367225
2289.399954
2034.886556
1960.667413
1946.224455
1959.300900
1968.044695
2041.591522
2067.934602
1994.244282
1977.755873
1940.452018
1864.347349
1968.868074
1989.010830
1944.135700
1891.246357
1856.001870
1720.501578
1749.456423
1739.475737
1719.529767
1753.671669
1852.645011
1955.081211
1938.741767
1960.667413
2028.940475
1934.509468
1825.805452
1987.667581
2094.734881
2125.209661
2147.824488
2172.173166
2178.396626
2240.575771
2382.061629
2464.260215
2458.095866
2425.302666
2324.995973
2064.679011
1941.699293
1869.556960
1891.783288
1910.472340
1900.247098
2002.555755
2111.406776
2029.332180
1988.737078
2097.697626
2062.806292
2010.076063
2046.845025
2190.928396
2187.094090
2151.815645
2199.278284
2203.341134
2165.563445
2251.771738
2327.710414
2290.544269
2259.908915
2172.972658
2220.302538
2291.871972
2290.118257
2302.389032
2373.419223
2219.555983
2130.122198
2217.625563
2203.341134
2112.016921
2165.563445
2255.750117
2251.771738
2227.067812
2235.576424
2172.306779
2129.958097
2016.765326
2020.677714
1967.710674
1927.768584
1940.846708
1987.800591
1963.187621
2005.308219
2060.836911
2077.154653
2166.986789
2198.040261
2351.463765
2372.012737
2166.602226
2031.221751
2090.838808
1944.135700
1903.032382
1946.074471
2030.228995
2073.682108
2109.219098
2074.238154
2070.395892
2027.277638
1988.042479
1950.029167
1942.077391
2007.497759
1977.334881
2011.711889
1935.919991
1960.667413
1889.509291
1935.919991
1938.446832
1942.691415
1938.741767
2010.842166
2006.440426
2139.581869
2697.489716
2707.683909
2644.209673
2592.900976
2519.168343
2056.699036
2011.603165
1997.389529
2067.010100
2013.644981
2082.759095
2131.648183
2177.244970
2226.136630
2211.800592
2138.433509
2111.820719
2119.846190
2052.771649
2212.299156
2181.373776
2207.919350
2222.483330
2234.482756
2234.482756
2454.640429
2495.476033
2458.758999
2436.293107
2220.728913
2058.695242
2025.504933
2222.784620
2255.477553
2460.433100
2460.433100
2528.205612
2366.057968
2417.354546
2255.477553
2141.759811
2213.782366
2289.870986
2322.550642
2263.144885
2405.387602
2362.072283
2329.421435
2499.545376
2425.844627
2283.653392
2162.748790
2234.342702
1926.926273
2017.143583
2150.118320
2211.800592
2234.342702
2285.685438
2312.042165
2265.654111
2349.996997
2214.338083
2173.105157
2195.644847
2216.018444
2242.581387
2260.902049
2345.005225
2341.223553
2520.803711
2430.996736
2428.813300
2354.818050
2369.212839
2126.356550
1973.003375
1934.509468
1985.937713
1969.000084
1920.430818
1977.633582
1973.261505
1996.544665
1881.242298
1852.559109
1856.144889
1838.006506
1720.605248
1929.709099
2230.186532
2224.040685
2291.599784
2464.260215
2525.712699
2379.206877
2504.134572
2530.800147
2504.134572
2448.722100
2359.835543
2239.055291
2218.285031
2107.403307
1943.375755
1997.051533
1998.579609
1928.595023
2021.482752
2197.659130
2188.969584
2184.673244
2223.777923
2256.528725
2180.829821
2078.487858
2141.759811
2078.487858
1972.151099
1989.879692
2156.964896
2089.715716
2163.113779
2181.664820
2218.444091
2211.800592
2209.761629
2148.515918
2125.583731
1944.904969
1800.934420
1844.191155
1942.217279
2003.437150
2223.364257
2416.607428
2478.034477
2465.723223
2510.937732
2377.791060
2211.038766
2172.040404
2153.608940
2219.068440
2125.113392
2153.854433
2116.824367
2096.464601
1969.000084
2116.824367
2178.857545
2296.002840
2418.789237
2386.146352
2320.639128
2344.841160
2266.660025
2184.811070
2201.590624
2146.076202
2181.664820
2257.431133
2265.654111
2214.338083
2273.894166
2233.914128
2280.996533
2311.633619
2310.044620
2414.498812
2469.963651
2517.266001
2459.655652
2494.377793
2461.611981
2557.116752
2384.861097
2370.761117
2380.793562
2428.068069
2354.685766
2311.510597
2272.529368
2213.127128
2165.985681
2052.936951
2040.482121
2112.016921
2218.756797
2212.637133
2255.060217
2303.976493
2318.578689
2431.492770
2486.501984
2426.591172
2504.657283
2525.118369
2599.196280
2785.458286
2845.835517
2738.886371
2714.372778
2593.476065
2255.060217
2155.267298
2132.022594
2116.255248
2140.453428
2220.512048
2166.852430
2218.444091
2175.379154
2224.441128
2218.444091
2331.845496
2302.966849
2391.265365
2265.993845
2278.689268
2189.515693
2232.922742
2208.054194
2166.725171
2074.691482
2061.387831
2104.338174
2067.405736
2178.396626
2313.416880
2491.619292
2358.211245
2341.865290
2401.284288
2364.503091
2335.386190
2380.485677
2390.876368
2226.721099
2134.538530
2098.623302
2187.282650
2271.414511
2197.128073
2178.736281
2078.796001
1972.355314
2062.296904
2216.330522
2193.779669
2284.844278
2381.131537
2295.466091
2184.314223
2211.038766
2171.284287
2117.366145
2017.256166
2076.735226
2098.908851
2061.387831
2170.646066
2237.826068
2203.070326
2235.433925
2295.894856
2177.072057
2074.238154
2090.663181
2111.406776
2086.495200
2104.947729
2238.685439
2226.136630
2117.247933
2190.753386
2305.906063
2363.026753
2375.296180
2394.123019
2296.117048
2207.919350
1982.148281
1821.892429
1877.748131
1977.633582
2063.763674
2271.310606
2404.184457
2500.632410
2547.388856
2358.611646
2172.040404
2122.907924
2096.331274
2071.629700
2061.387831
2104.338174
2215.331103
2115.181155
1970.340289
2017.472909
1972.452681
1934.151043
1855.661868
1880.074502
1873.728271
1939.392369
1963.749172
2155.097015
2125.678090
2141.885344
2131.762610
2035.481186
1935.009986
2017.365277
2150.487343
2230.607429
2195.467118
2193.779669
2242.581387
2189.226404
2146.204967
2209.761629
2217.959444
2145.117640
2091.002302
2041.894787
2077.014580
2148.880461
2264.498611
2403.600612
2395.620545
2364.947399
2272.365407
2285.837413
2070.674864
2070.674864
2084.625787
2158.158873
2243.062819
2282.176678
2402.870988
2518.115709
2696.538707
2589.754508
2569.207914
2486.899155
2395.094503
2300.709845
2353.983140
2361.924760
2353.983140
2329.226863
2306.700489
2255.612449
2286.264396
2411.211550
2614.674181
2553.068169
2481.994310
2514.654511
2438.702353
2211.189490
2204.893287
2265.152151
2234.201005
2157.912761
2166.360747
2203.476902
2067.654120
2084.119999
2156.312818
2320.310842
2157.794938
2220.302538
2222.635729
2288.302210
2116.122054
2134.356380
2065.305151
2114.998936
2011.827152
2290.855381
2247.764088
2356.941036
2332.228662
2599.033775
2358.755572
2408.155984
2267.721130
2208.479300
1845.558798
1753.598174
1841.556911
2065.805075
2227.883632
2354.957399
2461.611981
2432.778478
2426.275867
2301.388203
2239.854843
2246.108899
2377.282253
2401.540508
2415.976855
2471.106495
2547.260890
2374.695238
2172.574426
2201.590624
2383.776672
2320.477275
2328.508731
2397.289990
2407.786215
2229.176560
2157.328414
2302.966849
2351.794371
2306.822704
2288.754939
2261.627180
2194.047617
2213.959614
2213.959614
2187.646400
2189.365931
2294.322123
2182.998334
2171.042521
2385.996408
2414.810034
2310.354980
2365.606022
2517.603523
2193.484796
2172.707678
2138.044080
2300.342113
2318.726137
2418.952481
2499.089532
2548.257795
2390.749351
2255.342683
2335.220127
2384.267892
2308.628170
2271.200661
2301.689036
2207.365860
2020.677714
2012.090396
1998.731874
2040.176381
2062.461541
2200.169219
2224.441128
2251.489816
2060.700620
2050.762774
2047.853292
2148.880461
2204.210661
2274.069645
2314.759800
2382.761443
2233.201579
2206.514686
2341.865290
2516.212340
2516.212340
2509.808076
2476.611891
2417.054261
2248.674840
2080.452323
2047.683317
2056.699036
2059.119857
2130.936900
2235.026759
2335.721288
2340.400571
2247.764088
2290.855381
2311.390468
2401.670218
2379.658821
2432.650580
2326.487140
2381.495819
2190.753386
2193.150848
2238.276223
2322.240919
2406.410179
2484.393983
2468.968343
2497.647971
2528.205612
2292.010436
2358.079103
2437.843390
2575.389430
2382.597130
2370.414551
2399.016063
2527.897231
2415.133378
2491.127774
2632.586651
2718.835008
2743.238545
2660.952067
2722.768002
2654.865362
2615.779746
2469.426251
2491.932291
2444.748278
2444.748278
2302.966849
2263.144885
2287.793320
2357.651661
2345.005225
2332.943933
2452.751159
2430.450998
2401.540508
2417.821430
2442.507866
2358.211245
2425.844627
2470.780906
2548.806147
2678.257346
2638.349262
2543.787007
2576.669253
2642.186022
2568.561793
2568.561793
2613.636125
2552.076037
2490.620566
2537.531926
2724.367572
2634.029983
2549.918780
2478.034477
2451.498552
2207.214833
2182.414690
2188.721292
2196.589089
2274.666941
2410.213466
2371.391268
2354.818050
2403.986685
2440.892613
2336.518655
2471.858351
2546.064068
2457.726395
2223.777923
2279.492079
2279.492079
2498.795962
2587.152042
2784.092921
2968.325568
3169.409793
2968.325568
2955.943480
2937.664621
2788.852837
2641.027480
2565.134302
2444.296302
2331.285476
2264.847507
2252.275886
2291.166015
2250.291909
2221.797083
2395.094503
2524.067362
2538.335510
2686.149835
2839.943615
2697.744389
2392.052715
2351.271344
2572.610254
2525.512311
2421.000290
2480.609883
2568.827851
2431.492770
2324.367225
2504.657283
2712.046141
2806.092145
2775.238165
2916.874062
2859.250693
2773.159930
2729.973965
2604.642402
2518.822393
2556.395359
2650.624977
2582.928251
2607.671354
2572.754504
2481.836796
2280.640403
2112.251005
2073.682108
2204.713068
2233.770005
2204.893287
2274.666941
2360.955929
2268.285259
2233.201579
2327.589769
2475.109207
2487.044316
2481.338754
2483.464201
2493.614348
2239.551878
2079.186694
2116.499659
2262.959217
2379.932562
2400.590017
2580.916937
2578.889142
2449.801842
2349.508226
2587.413114
2650.795338
2761.521726
2714.967574
2655.609881
2563.250251
2575.592710
2458.758999
2603.097540
2666.656329
2642.012331
2414.498812
2490.451842
2483.649017
2553.347036
2647.834503
2854.717993
2846.637411
2808.787799
2735.051964
2714.522760
2589.402859
2759.722796
2710.929199
2741.527895
2698.275571
2803.094785
2481.162702
2627.741274
2678.925903
2658.474252
2582.513079
2592.900976
2486.114658
2394.123019
2379.658821
2523.044860
2734.429786
2769.778615
2691.864467
2599.792746
2505.263849
2484.919904
2529.200019
2574.167550
2678.925903
2574.167550
2533.479398
2446.783287
2475.426010
2485.700875
2635.047549
2526.823979
2491.294407
2567.054506
2663.565064
2530.113406
2564.971014
2696.144024
2694.145661
2484.919904
2439.598425
2503.266903
2403.047029
2261.627180
2378.867471
2581.741839
2450.289522
2354.818050
2475.929547
2520.803711
2254.558741
2248.062937
2363.937168
2429.529822
2291.736241
2425.439071
2558.450524
2418.465434
2234.057989
2318.301882
2469.963651
2418.465434
2505.263849
2603.692573
2741.123546
2648.862403
2585.474523
2552.076037
2439.064970
2194.837535
2141.503410
2227.883632
2394.806711
2452.031055
2644.828163
2864.363434
2862.004095
2766.725070
2859.092384
2807.756646
2524.568523
2547.260890
2769.336426
2621.901372
2627.912352
2769.336426
2732.507097
2456.955714
2580.086986
2711.510343
2856.928400
2811.623523
2805.108958
2800.985632
2679.935891
2489.383859
2518.115709
2589.038740
2625.867477
2465.903963
2342.929648
2213.612426
2184.673244
2125.396702
2207.509992
2240.287467
2449.357473
2600.479118
2561.759158
2545.284446
2735.821988
2869.366249
2789.394902
2875.257848
2863.060038
2820.102415
2561.759158
2479.307257
2508.026105
2624.987991
2526.656008
2604.296528
2686.669295
2795.326678
2762.449521
2908.007944
3012.871866
2950.543401
2683.875581
2794.668676
2759.891278
2599.932155
2622.173097
2697.870405
2412.781882
2260.902049
2327.045744
2382.246162
2310.638637
2410.774821
2581.246703
2622.314182
2608.860551
2717.605279
3017.181433
2883.618023
2779.071075
2796.657713
2649.170995
2308.858599
2333.442332
2343.531260
2301.541529
2492.237342
2498.364387
2533.293722
2518.997522
2552.264748
2451.689725
2482.457210
2443.582031
2623.981632
2741.737817
2793.099356
2862.630023
2914.133623
2766.432978
2668.527796
2701.441070
2701.441070
2707.515449
2691.047345
2662.263441
2656.134276
2606.923768
2545.486710
2502.346523
2533.479398
2586.888053
2537.383563
2574.167550
2847.121615
2727.178357
2591.750064
2755.798468
2803.094785
2493.308145
2573.191771
2661.512855
2550.741980
2474.954786
2649.170995
2618.011340
2618.011340
2683.714019
2817.153493
2735.051964
2917.202152
3005.489179
3003.474653
2990.929487
3177.875259
2986.592634
2793.827769
2832.811548
2685.064274
2471.660285
2502.952893
2664.943896
2634.156852
2675.107052
2771.763330
2767.167521
2535.492066
2465.552028
2410.213466
2555.993556
2458.270958
2497.333323
2634.398607
2751.531752
2507.276112
2656.308079
2795.619050
2644.047843
2599.033775
2777.331437
2785.936762
2681.768137
2720.283101
2716.149199
2601.431892
2570.355939
2572.465610
2527.445509
2539.462713
2582.654091
2702.682254
2690.372672
2801.110567
2825.949206
2665.772304
2536.954307
2719.478003
2614.992098
2512.534702
2643.704668
2817.006056
2712.533572
2782.298999
2852.033970
2740.931335
2581.081564
2706.165642
2613.982359
2533.978483
2577.009736
2632.586651
2443.960486
2429.529822
2480.797259
2521.455270
2390.749351
2528.050369
2784.508111
2772.344599
2778.305389
2902.697805
2845.571661
2621.901372
2568.561793
2517.266001
2483.836190
2459.211323
2613.127338
2824.506631
2760.661107
2814.078976
2851.112458
2814.078976
2717.605279
2762.651838
2760.518901
3078.803469
3031.450602
3022.969411
3191.230268
3175.512044
2826.860402
2980.606297
3027.940040
3071.189508
3051.105777
2942.442375
2782.673516
2706.519650
2685.970730
2628.227280
2689.666018
2613.982359
2638.591457
2408.846445
2448.722100
2596.293614
2664.206944
2688.645283
2941.356857
2932.126986
2704.424477
2723.125443
2729.197390
2632.761463
2748.174295
2955.478861
2975.655192
2928.711779
2977.882607
2851.512509
2670.889372
2695.376270
2748.692563
2660.403341
2615.902356
2751.531752
2583.065259
2505.263849
2460.113247
2437.843390
2376.559134
2638.958984
2647.346960
2655.428950
2782.298999
2900.984810
2679.358880
2708.206229
2687.653352
2783.498783
2651.916483
2701.305734
2774.891114
2854.895756
2586.449669
2608.680532
2594.493132
2596.293614
2575.976084
2631.611414
2584.059917
2658.195700
2545.486710
2465.239322
2505.263849
2638.710568
2681.918666
2736.963089
2853.884317
2938.251408
2805.108958
2727.178357
2733.403983
2932.314702
2903.643182
2868.665377
2944.510533
3090.390783
2835.752567
2719.987800
2892.449395
3058.643712
2894.623703
2927.485919
3025.220968
2992.070500
2618.879293
2514.308340
2520.410202
2615.902356
2521.455270
2757.655121
3071.461138
2980.775545
2841.210098
2884.017806
3054.301734
2808.331854
2837.297297
2946.202191
2929.522061
2710.157062
2826.860402
2820.662727
2758.730015
2826.343066
2787.315246
2674.316737
2701.305734
2803.521492
2838.223579
2793.245725
2832.154754
2984.348056
2810.573974
2738.712561
2890.642233
2753.159489
2656.845254
2719.111990
2733.403983
2702.504388
2856.381004
2800.985632
2743.386308
2673.417647
2702.167450
2852.188456
2950.360995
3041.428701
3244.592391
3092.939125
2871.306131
2783.342622
2785.175183
2653.964158
2750.471010
2698.975632
2649.809346
2740.931335
2704.105325
2732.869129
2905.263561
3112.313158
2965.784839
2965.784839
2959.463628
2809.690060
2729.826138
2745.443342
2743.386308
2800.746430
2890.978348
2847.835197
2907.691325
2956.861521
2790.841096
2934.542192
2967.285467
2956.070900
3128.788232
3280.495454
3163.394903
3313.674891
3252.801076
3125.776276
2943.390721
2967.997012
2853.155423
3050.945522
3211.162815
3340.304154
3617.039441
3570.171343
3405.404416
3249.758974
3179.908479
2785.768354
2843.266169
2959.003384
3108.811671
3315.753898
3444.786925
3494.334426
3325.602863
3188.329842
3095.640297
3259.993800
3280.495454
3578.189312
3506.140727
3414.066047
3188.596590
3005.752063
2745.965578
2891.468628
2930.314520
2971.400142
2940.984896
2889.584645
2676.360156
2711.320189
2659.698160
2819.980072
3115.520167
3316.157736
3287.468869
3341.205027
3277.472346
3032.921130
2961.111144
2893.487029
2887.431844
2854.372710
2845.835517
2753.329791
2757.451978
2679.358880
2714.372778
2860.798020
2824.312515
2949.190920
3039.636425
2865.020814
2694.145661
2810.870376
2739.057845
2751.531752
3028.251134
3008.175936
2973.711264
2989.990765
2887.431844
2661.700417
2759.553254
2790.284077
2683.554343
2773.853303
2884.348687
2731.223880
2620.836552
2731.223880
2800.985632
2883.078607
3003.044230
3146.767909
3109.708608
3046.281106
3064.518415
3060.035638
2998.769643
3242.735529
3466.184222
3269.575861
3238.674754
3235.769153
2897.728332
2608.502321
2737.649895
2775.421427
2832.972232
3040.278974
3341.830317
3226.441074
3273.089919
3263.257024
3085.079348
2670.505868
2727.925733
2816.856412
2740.745780
2677.424299
2759.384562
2685.424955
2572.171455
2668.527796
2717.848922
2736.140980
2840.887825
2665.260052
2802.657689
3120.640611
3262.216112
3379.290331
3678.631354
3394.219139
3172.673480
3205.021619
3002.048877
2804.559683
2911.054585
2730.568219
2400.590017
2408.681062
2486.245465
2494.377793
2587.021444
2701.715657
2808.331854
2830.709047
2838.640150
2931.014335
3047.948527
3123.841206
3046.281106
3158.710876
3265.553944
3210.690961
3191.532126
3151.574515
2942.584103
2805.108958
2993.787029
2864.633202
2931.196915
2972.470369
2882.049648
2674.689876
2695.376270
2908.526744
2957.893486
3080.712342
3157.107381
3280.258706
3108.964909
3100.864088
3059.511765
3026.776669
2936.599794
2834.217491
2785.039881
2859.092384
2801.380919
2797.211891
2973.253643
2987.277881
3054.696796
3200.240853
3145.174273
3047.486972
3067.998272
2891.630548
2858.928938
2887.555931
2800.864952
2735.203929
2952.438368
2852.335681
2915.591913
3064.518415
3109.708608
2990.657899
3185.187986
3095.317310
3101.939520
3348.171153
3260.117640
3262.031683
3307.077651
3213.865058
3008.635311
3250.964415
3127.847593
3250.964415
3335.192402
3257.488107
3080.544664
3115.808318
3006.752381
2938.037463
3120.640611
3253.833589
3352.470102
3461.730825
3414.615171
3351.007537
3344.824097
3336.640127
3242.210926
3351.177278
3305.818755
3361.300625
3197.345486
3119.497403
3139.415262
3024.531123
2817.300894
2966.932860
3005.887059
2892.616312
3048.468996
3038.456376
2878.357302
2923.556194
2954.849234
2901.084847
3044.782536
3342.250568
3338.091136
3455.876379
3499.133893
3556.394885
3570.857137
3654.643154
3572.324516
3839.207724
3767.483202
3500.839170
3607.397342
3605.462590
3279.389836
3362.494651
3291.305112
3053.623471
3084.934205
3271.096661
3199.395524
3260.981532
3168.914938
3110.875735
3032.921130
2950.905410
3041.143515
3137.655274
3286.188797
3157.394252
3263.852939
3284.695759
3321.362575
3212.327033
3239.199485
3091.616595
2906.844653
2935.491576
2904.667957
3101.436291
3121.881086
3246.920381
3222.218045
3271.096661
3006.455012
3094.821242
2963.625084
2789.394902
2793.676774
3183.599720
3058.374138
3158.572539
3354.004445
3324.951461
3195.828694
3251.082849
3371.993340
3416.883344
3566.278855
3375.355536
3416.227799
3475.673501
3625.462264
3607.599794
3570.857137
3386.154426
3199.395524
3022.969411
2838.493702
3129.929892
3287.691713
3187.771298
3267.184069
3398.641830
3318.426205
3367.687118
3359.710698
3259.361431
3263.409348
3130.065298
3222.218045
3517.873921
3597.863688
3675.835741
3827.565461
3767.763627
3694.079552
3718.104034
3602.664722
3619.382905
3660.507375
3654.140165
3670.479247
3995.142756
3931.437060
3864.383359
3880.289835
3900.969047
3480.439122
3360.055714
3173.221448
3052.225303
3043.897693
3086.136059
3112.748997
3346.695060
3356.409074
3293.392654
3457.562171
3543.534445
3421.329111
3589.092145
3509.035925
3342.387909
3272.526179
3578.289291
3543.302122
3600.868127
3785.034661
3754.539167
3455.222074
3551.872977
3567.825179
3499.133893
3644.383450
3609.955375
3439.647914
3589.283163
3464.721680
3382.563862
3639.603052
3551.609422
3321.275646
3503.240238
3497.054314
3441.778518
3587.613592
3696.198174
3653.847842
3676.524497
3879.679284
4019.216223
4037.368889
4093.362729
4242.695975
3943.466887
3715.893989
3643.866205
3650.958444
3453.851248
3556.176085
3817.041940
3841.379195
3803.291914
4094.399491
3994.633213
3906.287613
4061.557889
4097.737189
3697.466915
3511.166476
3266.694101
3141.928859
2841.661835
3018.302897
3385.367004
3487.907251
3401.516660
3783.746686
3676.974891
3500.839170
3597.118353
3640.316215
3395.216661
3488.230950
3467.661596
3394.156532
3477.990661
3706.697204
3848.191686
3997.936795
4071.798634
3994.417964
3849.205604
3658.828682
3545.799280
3601.256541
3658.828682
3552.193280
3748.851535
3650.958444
3480.328000
3652.544914
3841.554983
3671.010405
3868.181932
3812.710911
3664.959059
3556.176085
3753.204193
3726.632640
3956.403174
3997.371593
3988.833175
3929.012346
3865.254745
3914.189187
3990.449824
4025.876714
4136.931683
4440.097570
4385.166727
4247.713124
4349.900550
4169.707698
3856.588532
3722.285759
3681.106229
3538.686638
3744.251156
3820.114714
3996.223983
4043.415725
4232.232626
4070.449426
4109.476814
3998.142648
3924.032778
3990.987762
4124.352684
4101.930537
4064.740222
4284.410013
4169.632377
3962.139477
3929.128163
4043.703329
3833.791739
3808.360233
3923.120212
3884.319961
3775.015663
3896.500527
3813.387303
3783.083780
3938.946309
4025.381789
4087.094446
4390.894506
4340.421145
4351.738627
4356.394250
4294.750624
4043.606506
3994.727264
3823.991286
3817.856106
3734.495519
3778.329312
3890.730153
3936.391845
3911.864767
3749.584798
3705.580676
3869.348392
3900.540765
3951.375092
4220.164598
4196.274820
3951.467149
3990.560865
3828.338134
3844.812860
3867.039673
3955.729039
4177.268279
4352.717920
4443.512721
4458.661947
4485.775946
4308.830967
4389.193700
4213.410635
4197.184295
4402.751962
4350.841532
4365.138650
4657.737283
4643.690804
4448.722094
4419.855943
4318.914331
4231.163184
4426.614419
4455.527346
4508.661235
4666.471903
4524.942236
4524.942236
4716.528607
4857.739687
4701.199896
4736.807155
4705.187177
4601.414105
4348.930068
4500.094636
4602.747090
4574.385617
4424.408180
4653.378762
4598.138654
4637.333486
4697.756459
4943.877608
5015.283937
5214.115384
5241.041196
5307.722297
5158.021228
5012.496000
4844.088266
4702.786897
4636.276501
4642.289524
4769.350421
4867.467951
4978.981120
4989.801965
5244.368803
5180.326673
5307.550342
5381.312567
5400.981500
5198.616394
5239.198875
5067.310947
4929.501364
4860.640484
4830.135446
4673.893031
4489.420104
4448.673948
4659.375775
4677.812586
4907.756757
5122.975512
5102.969965
4922.421492
4946.988964
4857.579009
4717.734969
4961.352053
5063.683196
5115.139461
5104.304510
5139.880018
5113.251335
5073.028887
5199.898765
5282.433999
5315.078278
5204.468607
5268.767265
5158.021228
5022.409779
5119.042357
5190.897134
5253.072085
5218.490220
5511.449530
5722.984247
5968.839967
6093.131359
6325.093701
6224.840558
6263.816034
6220.314983
6325.082412
6421.475441
6642.922680
6708.384554
6767.837864
6770.460414
6764.109252
6831.781064
6782.778658
6844.805180
6951.163966
6938.517191
7077.834249
7237.802286
7399.838576
7399.838576
7543.747898
7502.442678
7358.730859
7414.135516
7629.954519
7783.317914
8023.455104
8317.206986
8247.659646
8045.064279
7962.669120
7840.416969
7773.993896
7936.426170
8238.415430
8402.639614
8357.597845
8347.344953
8472.464765
8445.800895
8607.761294
8969.024355
9223.209241
9038.658324
9185.261827
9071.871447
8822.178600
8945.677809
8951.423629
8733.568957
8863.275804
8893.479976
8335.814726
8296.635880
8310.078098
8213.757438
8185.015133
8068.119632
7840.488655
7913.900026
7905.280490
7671.344712
7716.943638
7975.639553
7770.442656
7352.294838
7207.036488
7174.238004
6993.642735
6815.610224
6774.562348
6973.456892
7123.147079
7338.516528
7456.182578
7709.025484
7923.971422
7997.705801
7934.825614
8296.558225
8235.110101
8048.280915
8185.603048
8304.779165
8047.055488
8120.419162
8293.224363
8088.599732
8118.940245
8103.631424
8326.555783
8421.160454
8669.076862
8778.449162
8938.075208
8770.088174
8749.380256
8917.320943
8809.169644
9119.964893
9513.797532
9860.693280
10018.121466
10268.644049
10004.597942
9983.478207
9848.257926
9889.499852
9982.036252
10190.433034
10459.113664
10613.078219
10717.752182
10840.756386
11000.776591
10920.716036
11199.515768
11457.778942
11593.148064
11895.745875
12080.967280
12121.787563
12215.671906
12374.055800
12331.478940
12385.088524
12625.060206
12740.031582
13004.852743
13282.394454
13633.093890
13722.761721
13854.361539
13940.483704
14265.425196
14562.728550
14890.251242
15470.845995
15512.270945
15589.621853
15680.167181
15899.451822
16281.488715
16790.251526
17114.296291
17474.544777
17680.523589
17680.523589
18240.039206
18929.420477
19203.639881
19647.221842
20013.892977
20157.587479
20371.039919
20764.719441
20849.065621
20560.274129
20457.546411
20090.379932
20141.767147
20398.490245
21202.598988
21485.721676
21267.709441
20418.811427
19159.657757
17522.676085
15903.686710
15317.544808
14986.707738
14707.601010
14619.428986
14748.694792
14193.704367
14006.815548
13865.988112
13799.750976
13499.744792
13357.939366
13060.322976
12617.100949
11891.720581
11587.334756
11640.759810
11581.594996
11766.193215
11801.237622
11832.422930
11462.832466
11286.702740
10827.109339
10763.501581
10748.945153
10851.204038
10553.912655
11044.172568
11136.079460
11367.806870
11628.255146
12063.108608
12612.435972
13111.320496
13394.356323
13443.140226
13498.704947
13590.971600
14164.855469
14918.621876
15613.361495
15896.161413
15642.546164
15695.949414
15857.941451
15980.029852
16212.074528
16866.104679
17608.979600
17688.319692
18364.378032
19049.237422
19632.221738
19699.528315
19947.904276
20088.358199
20356.477723
20479.516750
20081.657817
20108.463361
19765.928803
19681.565836
19817.203863
20412.298111
20714.169128
20933.640824
21341.730727
21427.970862
21288.324008
21169.464990
21475.853563
21266.860921
21328.667506
21529.263462
21440.677587
21343.202271
21679.752682
21485.543059
21448.135203
21706.571345
21859.713477
21455.650566
21741.130721
21808.407192
21541.847911
21294.952834
21609.517475
21036.875725
20905.753701
21096.168612
21076.111548
21049.889365
21443.772169
21160.094752
21000.245533
21292.118959
21190.703391
20856.608422
20932.551293
20977.896233
20897.136831
21270.515219
21527.050098
22042.415329
22060.538463
22298.736897
22112.155391
22446.231023
22204.290277
22918.316954
22831.192773
22806.290002
22138.179803
21979.639871
21350.589826
21214.508582
21159.537031
21436.317194
21356.710953
21522.445805
21467.082742
21339.868233
21647.365247
22026.825075
21986.342971
22381.306621
22369.443953
21645.362453
21318.845710
21011.334110
20522.532386
20954.707490
21764.774190
21963.971352
22694.354351
23021.427787
22851.078875
22344.819182
22651.825436
22399.263726
22444.106156
22380.651877
22983.251120
22811.040614
22376.329139
22450.023332
22351.337237
22308.371840
22555.655669
23032.305387
23054.681788
23161.452792
22789.649436
22410.444374
21865.337469
21151.800887
21173.920675
21026.303807
21030.460324
21378.858190
21976.959349
21773.876068
21999.907701
22426.179715
22820.091513
22744.307501
22762.874744
22908.440178
22664.540853
22301.469306
22254.913613
22316.580350
21916.594322
21471.637097
21315.917989
21121.732483
21105.173381
21085.304323
21000.534846
20651.785266
20417.308484
20706.340960
20914.854436
21503.426580
21958.663331
22535.186414
22750.133656
22844.338861
22945.144426
23182.891356
23094.418060
22843.993374
22937.986080
22796.491870
22704.324467
22844.263106
22793.331770
22623.058387
22015.671382
21892.101901
21623.923558
21551.245990
21818.852880
21949.580246
21782.028170
21734.776289
21681.505231
21580.775908
22132.933972
22243.400718
22436.485511
22080.351379
22037.175163
21921.836067
22410.349873
22676.737308
23091.079758
23308.478505
23117.665681
23062.245890
23080.810528
23266.765888
23191.134680
23229.911654
22998.283519
22602.892645
22261.510368
21926.204855
22081.631000
22205.045058
22489.358554
22825.545231
22971.294094
22739.482498
22212.384336
22067.892273
21880.861840
21716.975614
21764.187974
22025.210503
21797.824855
21974.979863
22405.193609
22233.105022
22134.667399
22081.322691
21646.686542
21043.261515
20987.990134
20924.334035
20908.696215
21187.923325
21431.698983
21973.619934
21753.594919
21649.286124
21627.007625
21795.281147
21189.905023
21688.898510
21885.748590
21771.787327
21831.178968
21935.889719
21239.564938
20880.081469
20818.693662
20459.084934
20808.408035
21112.132884
21096.168612
21008.360217
21143.427952
20901.304404
20776.734130
21025.728091
21193.615227
21209.816035
21214.307441
21445.703624
21599.043503
22085.143309
22119.807536
22376.329139
22427.135530
22081.205609
21916.884262
21949.580246
21851.098225
21797.698574
22015.772288
21309.707012
21345.059000
21420.747277
21634.409611
21705.506937
22020.947020
22015.357295
21723.709121
21395.461376
20940.054006
20831.705827
20146.540031
20437.780926
20386.714134
20837.749015
20987.619073
21329.271170
20723.852154
20902.767552
20954.082099
20806.553458
21300.492371
21473.165295
21249.932805
21140.649518
21318.914763
21120.279259
21339.767549
21489.591229
21340.290615
21508.360680
21831.070416
22175.351990
22416.995091
22597.510114
22205.749314
22020.749464
21795.390887
22055.556744
21955.849598
22390.633016
22590.013927
22681.700726
22503.217621
22717.234326
22517.797399
22355.972603
22384.365023
21841.174503
21562.718539
21681.874558
22020.519509
21996.058966
22522.992005
22850.151854
22886.433710
22265.523110
22230.077935
22043.178986
22221.353489
22010.256068
22195.239878
22021.750854
22176.349752
22000.620876
22127.978687
22042.187467
22085.012149
21906.229766
21837.401590
21491.022007
21181.027288
21197.108813
21125.208302
20978.949165
21532.710428
21459.107807
21250.152508
21493.883268
21451.834216
20954.813421
20971.538399
21004.458592
20608.199827
20457.614867
20432.560680
20814.575415
21208.469937
21650.976790
22081.997898
22466.231723
22527.549856
22502.929549
22406.202291
22106.255384
21987.673678
22050.952676
22050.952676
22352.109141
22661.189019
22831.475178
22751.548705
23032.567542
23039.019766
23129.498576
22912.071393
22982.661242
22411.445307
22317.909930
22331.461076
22363.949181
22310.853442
22503.217621
22249.298135
21762.477751
22081.997898
22098.583158
22180.850953
22337.138747
22763.192662
22492.642964
22500.749910
22502.929549
22497.127517
22565.807779
22953.213764
23070.359002
23173.139387
23140.084965
22884.469224
22363.360568
21945.384978
22025.288755
22135.368471
22529.338161
22830.885720
23220.363115
23185.033751
23140.425463
23244.890088
23115.873110
23171.007673
23027.393667
23021.427787
22650.536850
22762.874744
23003.069957
23039.609116
22964.232083
23176.912623
23095.354494
22894.490666
22889.871338
23081.199443
23184.892227
23251.508813
23626.266858
23546.372420
23591.127701
23754.013217
24055.078451
23934.648014
24188.734766
24145.379307
23932.006701
23663.286047
23181.840850
23234.644871
23401.071575
23460.638677
23569.489314
23606.403575
23698.925242
23585.718108
23154.912952
23074.821445
23312.381829
23193.303174
23056.734546
23072.336466
22930.483472
22873.097653
22836.241299
22852.230027
23152.570365
23451.852821
23708.502609
23976.964974
23988.922514
23731.313171
23805.384481
23409.634144
22927.581398
22908.677852
23082.345145
22647.535929
22674.121356
22520.362020
22327.601796
22195.819172
22346.220960
22391.309507
22774.765074
22885.431300
23058.884572
23137.072619
23106.095975
22820.950607
22733.140770
22555.130027
22227.072701
21904.974906
21738.787803
21650.341860
21541.577816
21316.189220
21627.363220
21538.205513
21568.102335
21885.668436
21885.668436
21561.629555
21574.194868
21270.382776
20761.724091
20856.402924
20692.056127
20611.929969
20550.467702
20579.380101
20593.233233
21373.109067
21521.576234
22138.376463
22258.374153
22717.827777
22492.366856
22869.238110
22764.621270
22844.572081
22830.885720
22789.463493
22543.541334
22251.889540
22332.067307
22221.353489
22000.096671
22030.806140
22106.255384
21948.950903
21437.930159
21405.032573
21329.128170
21415.363604
21704.085206
22065.677647
22331.966674
22223.141596
22106.214754
21806.717428
21884.330603
21560.363949
21710.150448
21992.619782
21806.717428
21919.163258
22093.337871
22109.985228
21898.905899
22060.647622
21936.070564
21498.673008
21515.580557
21416.769302
21418.899977
21414.940564
21857.830625
21782.179766
21819.194592
21752.433055
21526.662765
21336.139674
21465.265069
21686.396315
21788.980388
21594.126111
21378.693119
21095.889762
21143.062924
20933.992891
21202.726658
21463.233952
21487.301450
21251.992654
21307.387066
21046.655494
21044.467083
21164.029236
21144.833486
21049.911076
21252.625565
21181.027288
20686.966527
20311.311876
20173.681598
19974.903516
19951.263258
20364.617899
20592.157924
20920.670706
21177.051103
21189.703862
20838.688001
20455.730704
20114.940918
19838.345904
19938.663058
20177.197920
20948.559451
21293.079636
21358.074202
21171.641634
21112.200706
20924.876678
20963.313088
21005.844023
21299.670191
21223.270896
20642.670076
20258.335045
20412.330018
20265.061681
20396.285649
20876.288056
20961.061806
20744.982601
20789.826041
20932.056744
20796.525722
21078.950497
20994.820190
20896.121681
20631.263292
20663.845257
20561.601615
20808.408035
21025.987809
21440.001575
21448.202710
21421.050487
21039.877580
20611.786534
20164.023731
20389.998361
20207.539467
20398.490245
20400.075117
20527.991175
20240.297263
20282.256056
20518.016670
20641.713101
21053.989350
21049.911076
20955.600985
20932.056744
20800.340625
20191.029381
20123.867989
20641.621809
20909.781521
21397.901958
21880.242874
22134.791551
22076.814051
21550.375954
21219.330208
21104.840012
20920.194847
20502.094766
20356.583490
20426.148710
20128.647439
20012.359522
20059.122048
20626.888571
20602.112241
20944.866314
21266.860921
21604.744741
21596.426982
22033.141790
22226.419835
22365.277487
22447.614512
22507.225559
22273.358254
22103.119343
21789.321866
21473.994202
21269.091293
21068.032144
21010.845852
21404.779756
21626.685031
22047.139630
22160.130330
22356.392689
22308.061876
22320.502571
22318.730485
22466.395649
22351.400762
22240.809874
22209.604616
22047.686829
22217.946230
22365.212574
22203.553802
22132.556465
21604.997947
21121.088458
20920.194847
21151.871905
21201.292135
21692.711402
21841.035785
21809.405012
21850.965771
21828.975652
21566.638152
21623.923558
21699.772990
21555.882516
21602.776084
22118.089879
22215.917051
22510.878946
22941.986195
23294.898912
23379.587287
23668.375690
23476.436763
23168.126226
23110.323379
22640.248188
22242.546435
22301.955997
22337.393416
22264.291740
22436.209450
22698.726203
22616.469211
22356.144239
22249.738011
22132.676631
22052.704215
22042.415329
22658.074313
22666.913990
22609.342166
22670.860588
23017.523716
22637.657494
22775.226498
22972.574884
22894.754062
22396.161127
22581.080410
22431.876551
22319.049764
22347.595231
22784.411340
22746.102095
22585.105918
22985.678871
22930.347734
22460.224689
22148.530486
22026.484113
21337.503487
20982.447069
20816.624518
20674.717228
20716.676080
21012.213261
21245.638780
21397.768029
21668.989838
21757.750711
21775.574648
21966.589239
22030.681733
22206.834905
22318.082320
22451.450814
22207.090608
22207.090608
22018.511513
22098.381733
21956.799561
21946.549241
21904.211110
21924.085718
21861.431321
21853.828520
21982.977970
21987.299956
22110.120941
22376.524874
22294.585337
22245.850340
22235.008199
21681.380155
21168.045740
21237.482219
21262.303292
21393.951626
22176.972306
22699.406526
22838.762457
22803.968121
22920.922162
22783.724227
22476.688941
22718.623379
23125.203071
23266.459275
23248.071705
23312.328616
22908.440178
22576.288677
22206.957730
22185.174020
22200.225829
22423.618562
22294.507729
22222.477442
22185.775624
22106.049038
22062.332172
22388.764756
22392.842320
22161.032835
22403.242124
22195.655432
22130.172073
22592.109956
22866.859335
22220.304362
22132.299299
21908.490721
21455.369250
21430.317328
22272.538093
22639.954644
22799.384962
23540.006398
23985.366933
23941.129718
24076.268518
24529.473263
24131.347158
24053.859958
23875.439386
24212.657222
23994.903327
24284.459315
24598.158014
24642.396213
23928.246821
24263.280019
24126.055276
23875.226601
23995.250712
24182.527633
23804.735901
23687.535152
22891.889594
22611.752994
22284.082350
22180.892461
21885.473395
22043.178986
21789.899441
22206.716603
22436.319818
22499.827631
22493.521939
22551.484506
22133.243923
21706.571345
21856.694673
21868.295843
22028.447614
22268.050042
21927.563188
21591.586912
21202.220016
21057.373983
20784.807626
21377.957767
21647.978926
22165.187380
22396.253201
22671.178571
22480.941265
22451.623311
22213.781271
22055.692453
22033.141790
22260.637291
22540.140086
22898.951807
23496.913359
23765.200929
23550.071052
23219.969161
23401.995034
22922.506380
22760.482008
22721.892248
22618.802310
22173.902446
22160.560116
22195.365100
22260.573786
22388.144851
22256.788337
22027.767273
21703.661907
21788.191696
22177.151555
22651.453253
22871.478693
22666.797782
22590.580237
22270.993757
22163.980130
22526.013201
22567.163750
22519.824670
22667.579192
23030.664107
22817.214575
23137.233690
23605.215641
24029.208665
23566.040631
23781.659720
23970.457421
23767.481871
23373.234202
23633.494466
23329.039670
23099.486322
22802.861271
23021.689854
22868.034508
22968.190109
23097.080527
23708.502609
23762.098583
23946.260393
24032.873415
24085.887066
23446.395022
22905.009485
22498.837698
22267.084579
22529.945326
23065.610542
23600.276822
24010.667228
24480.058625
24412.160268
24521.046342
24269.179598
24291.344354
23946.563684
23817.526497
23700.395133
24151.891247
24110.702559
24568.723898
24896.967998
24867.546206
24929.882244
25383.057998
25491.692209
25227.399756
25397.622214
25582.112128
25680.718887
25749.498735
26731.915889
27152.422560
27125.822525
27156.292810
27029.657568
26525.163381
26603.329457
26634.312178
26631.688349
26816.985082
26941.324803
26783.592407
26949.665093
26990.827814
26948.506145
27182.527206
27301.659541
27447.092974
27514.557106
27684.299725
27285.673087
26947.393071
26252.142392
25991.504486
26013.223757
26099.579396
26021.322641
26058.364718
25964.374850
25586.627954
25633.713365
25719.231091
25690.925705
26117.470890
26187.225934
26131.206066
26092.304565
26327.991368
25803.270971
25900.840457
26009.642478
25831.287057
25443.174012
25540.014284
25205.912772
24849.349726
24849.349726
25327.350369
25758.374314
25838.411887
26004.038305
26271.171789
26267.310083
26099.012812
26609.923253
26409.320808
26419.071828
25885.866270
25291.300672
24566.540279
24583.244562
24209.828225
24547.772703
24790.171362
24685.810427
24507.594047
24384.057876
23984.475587
23838.169517
23814.087005
23935.384312
23848.890752
24070.873810
24201.674199
24533.166564
24278.425004
24436.429854
24481.485794
24781.310094
24794.195018
25602.667908
26135.815995
25992.106051
25937.175446
26032.125968
25636.568300
24803.680408
24754.475246
24432.680714
24305.939076
24141.517282
24578.791058
24547.664322
24393.633974
24303.595014
24270.107413
24062.794334
24270.107413
24510.136667
24921.257754
24943.803792
25386.991441
25587.421827
25702.777439
24996.312034
25199.356965
25041.272902
24813.495496
24479.571521
24854.616432
24499.675621
24091.905070
24077.047022
24056.939861
23708.393881
23699.734289
24007.693602
24111.961251
24510.015444
24817.097821
24576.945589
24260.749732
24057.839379
23777.229509
23616.668727
23463.098926
23636.954357
23393.620894
23054.867475
23201.528504
23511.345939
23242.710091
23432.638385
23822.733904
23294.143809
23255.049726
23336.995119
23006.864780
22711.318611
23124.833396
23264.490484
23216.933294
23335.974772
23182.407393
22933.306698
22783.724227
23122.431451
23653.218605
23992.326032
24445.228576
24762.696000
24426.312981
24420.474457
24285.010747
24067.246822
23901.109086
24291.139870
24382.998748
24514.618352
24556.668196
24970.981055
24903.915761
24706.558829
24730.956811
24937.762175
24834.974577
25007.546946
24709.558234
24652.968826
24641.811656
24598.439044
24405.773793
24366.946996
24140.666371
23761.364862
23368.928183
23137.324849
23123.298381
23326.642676
23294.690218
23516.573029
23844.731532
23975.924470
23893.452753
23867.315720
23620.871313
23682.908567
23892.287457
24152.111580
24314.847329
24294.239612
23887.916008
23686.900555
23637.133601
23856.180205
23992.962530
24282.464689
24456.980446
24614.545484
24634.074351
24851.989301
24841.665462
24457.893711
24215.667445
24456.592169
24425.450701
24439.853965
25083.793810
25233.676654
25155.815502
25243.612076
25516.608837
25184.387632
25608.872444
25458.218914
25446.046530
25328.218461
25538.179115
25082.202964
25202.131865
25220.963187
24757.807497
24689.408769
25056.810800
24701.164122
24748.837225
25234.789680
25498.826835
25213.716958
25491.692209
25278.280932
25091.270232
24732.970425
24796.714258
24925.108969
25276.515432
25622.686833
25885.395777
25919.755513
25968.994651
25680.251281
25263.560152
25325.242615
25644.775617
25771.839265
26057.140892
26399.698639
26524.582849
26429.967253
26512.244385
27140.335709
27226.677354
27426.934315
27693.712315
27780.045452
27513.735709
27676.030815
27308.638094
26996.837328
26944.008753
26913.315370
27031.262847
27423.479025
27630.521401
27813.002716
28003.553286
27960.892859
28191.971211
28600.202392
28722.897142
28895.153377
29301.325517
29356.210029
29016.034899
29111.755927
29195.650529
28843.001722
28912.678394
29288.055324
29441.732620
29184.624654
29564.822184
29802.805017
29688.087724
29736.008139
30128.363978
30371.983152
30105.800094
30005.702083
29754.138667
29426.157362
29077.650480
28925.482581
29011.446589
28805.075468
28442.062259
28403.138390
28523.389706
28522.042263
28681.717263
29022.073023
28987.293695
28887.081015
28669.601119
28272.038657
28116.199199
27808.340099
27371.657759
27180.595932
27384.565214
27180.107310
27398.946086
27358.287261
27329.543630
26976.191340
26982.747542
26768.457554
27090.758028
27312.547150
27610.063303
27743.675577
27950.277947
28104.262899
28090.493422
28094.588296
28035.174086
27598.854573
27349.664838
27529.035614
27573.187428
27456.395093
27642.915286
27706.631561
27268.050823
27140.971798
27364.688308
27339.805245
27358.287261
27581.758900
27591.108324
27358.694236
27459.351954
27334.141797
27229.204152
27129.979644
27269.326337
27121.257481
26935.129291
26799.928598
26688.198848
26321.252998
26300.690872
26161.254318
26173.396848
26231.375972
26073.444662
25888.570346
25999.815364
26073.444662
25837.890056
26247.973166
26578.289872
26883.676131
26906.327685
27329.208762
27497.018329
27435.200469
27293.533795
27043.348292
26939.221981
26764.897711
26641.831453
26805.560307
27150.812604
27205.864652
27136.425028
27117.627519
26976.191340
26767.331102
26286.611075
26055.511302
25704.371430
25341.460494
25247.031802
25276.351010
25165.254892
25193.870584
25080.811156
24750.650164
24611.178027
24701.043733
24682.819142
24657.864724
24561.926540
24865.961008
24737.099424
24962.661448
25106.233584
25210.633582
24890.514555
25036.288572
25161.662403
25222.881847
25255.900087
25246.916022
25321.086315
25045.744147
25086.749616
25257.206196
25334.908683
25433.591941
25187.807978
24709.292747
24660.124283
25042.122663
24982.609714
25372.707816
25749.728551
25969.239475
26027.143321
26012.819770
25939.146436
25965.474550
26012.819770
25959.523895
26082.307260
26156.973709
26171.460095
26256.893041
26196.903786
26223.796373
26521.000731
26854.978058
26621.243623
26619.259715
26496.586809
26115.176962
25819.691952
25975.227993
26144.332866
26057.926047
26183.054541
26113.535186
25916.308872
25861.195192
25973.472899
25848.432947
26164.346157
26252.705741
25901.199687
25836.194716
25905.586960
25827.806545
26036.582977
26068.077173
25758.374314
25918.386354
25690.650847
25122.492140
25104.659909
25278.647297
24686.176495
24101.708312
24197.617047
24173.847788
24073.035914
24340.259992
24817.805376
24762.386757
24551.072361
24700.920192
24690.452540
24647.821049
24415.825079
24402.539039
24007.053520
23900.349050
23618.781165
23725.921779
23863.351690
23797.601977
23859.469640
23977.902069
24341.449737
24452.233313
24671.577422
24555.318167
24626.653517
24378.299958
24274.180079
24521.989510
24779.129313
24835.772526
25221.738515
25259.440985
25120.177008
25247.158892
25300.804606
25158.587661
25143.431208
25219.580905
24872.484851
24782.338399
24435.877226
24513.885313
24471.852564
24482.532222
24700.362417
25028.590795
24841.746747
24847.991852
25018.332591
24882.641582
24743.496756
25080.811156
25080.811156
24990.958179
24898.289703
25004.953609
24872.078822
24818.499872
24697.872094
24785.622827
24730.445374
24504.073533
24686.176495
24718.773518
24700.656048
24585.586917
24468.252966
24269.458355
24121.245690
23817.586594
23932.372480
24121.333717
23875.226601
23951.281249
23787.311607
23615.300090
23650.347546
23822.518870
23972.275344
24317.023730
24433.709007
24660.471588
24943.728168
24872.078822
24734.587173
24693.428825
24404.497702
24215.514933
23889.400914
23945.638332
23809.413414
23518.583433
23414.224561
23561.334555
23298.716733
23416.063091
23838.026330
24037.004532
24392.174922
24876.279976
24750.792682
24872.824447
24858.976050
24774.465826
24865.182221
25140.236401
24940.000003
24943.875104
25155.449694
25292.767321
25467.129193
25731.742746
25708.771493
25493.613992
25270.411659
25015.307028
24969.155970
24803.032262
24730.956811
24484.981582
24378.088073
24311.955643
24130.709371
24051.336186
24061.154999
24053.296580
24144.429204
24766.003814
25090.023077
25524.755822
25571.821601
25467.426636
25143.347818
24940.298548
24534.018476
24579.240515
24381.268216
24227.638026
24045.556158
24028.238628
24053.432751
24101.819989
24116.659085
24051.173679
24073.325539
23866.413218
23606.300411
23585.618743
23938.364304
24057.667457
24110.702559
24081.843524
24196.781308
24016.517264
23942.651939
24016.517264
24362.760103
24424.997745
24497.868658
24471.492725
24625.732820
24492.099755
24426.312981
24440.677944
24621.845117
24619.617149
24899.187744
24972.981410
25074.191685
25411.737341
25471.342006
25342.340351
25340.999334
25445.927207
25377.177246
25582.413126
25776.040037
26094.116787
26090.166839
25946.620140
25833.167547
25978.156936
25844.773437
25740.080178
25678.854569
25844.773437
25888.858504
25737.567274
26092.170436
26123.148909
25894.900870
25531.123046
25446.737010
24831.824938
24585.101355
24390.638453
24219.596461
24653.976118
24848.794945
24988.585891
25090.825836
25418.443197
24917.027763
24853.488462
24829.068593
24734.678629
24565.760036
24364.740377
24352.335179
24440.503056
24286.200963
23971.202978
24093.917259
24231.714163
23975.404567
23928.046607
24206.203828
24109.412410
23955.674778
24117.582789
24173.668578
23897.826170
23794.885514
23530.417114
23066.612628
22892.479790
22810.291376
22748.631795
22443.685758
22563.819521
22362.999679
22447.408724
22551.771325
22646.599367
22384.035744
22451.623311
22353.853239
22209.828499
22170.997128
21979.919757
21831.178968
21768.460022
21803.107905
21672.659453
21684.599811
21497.959208
21257.886442
20945.836536
21131.102117
21208.753473
21112.270939
21144.935722
21043.061784
20839.141697
20918.240273
21141.610052
20914.712554
20846.611416
20635.756497
20539.900504
20428.926194
20473.281334
20225.530774
20155.882184
19938.022598
19558.343622
19262.808442
19314.068790
19055.273743
18717.077885
18520.190167
18193.998715
17906.384432
17643.833967
17473.966381
17166.030924
16703.936507
16141.445549
15534.324556
14918.861714
14117.016309
13719.491468
13147.021026
12605.486657
12063.485180
11674.477550
11058.364950
10359.257597
9961.360430
9216.651412
8779.452754
8317.366086
8165.629463
7730.875460
7546.209613
7209.817263
7114.901598
7038.502427
6974.277704
6788.095044
6587.173830
6593.791554
6314.821815
6273.434966
6313.349434
6343.870611
6050.424660
6010.943292
5789.928415
5529.195413
5568.383860
5537.222394
5500.517437
5566.036267
5697.007560
5682.876044
5800.767029
5855.682348
5894.967185
5870.254653
5800.767029
5833.637780
5796.851138
5827.662014
5830.060793
5963.154385
5854.545894
5953.055756
5909.779175
6155.848545
6395.699246
6851.324578
7046.703414
7231.286012
7376.259710
7349.988578
7033.981470
7016.329198
7021.833873
6911.608719
6808.200298
6750.413588
6691.554523
6570.417445
6348.336783
6270.593475
6230.286366
6161.490333
6208.434298
6265.290318
6257.351213
6351.102089
6199.388368
6202.812162
6211.767689
6306.309405
6461.236111
6783.124633
6978.269855
7232.651896
7470.447630
7384.099504
7301.714222
7272.655592
7158.176672
6952.820441
6942.299924
6971.021595
7132.203163
7338.064838
7363.082051
7456.061628
7547.844910
7617.700928
7515.039580
7669.201394
7822.402738
7952.036601
7991.110898
8148.701190
8322.968429
8589.908606
8698.443562
8739.299732
8946.058855
9112.995017
9105.949124
9231.072253
9114.167685
9136.804105
8888.902334
8814.831656
8698.443562
8866.342510
8754.254436
8956.929660
8836.418505
8717.638240
8818.485055
8814.555259
8559.999040
8669.003494
8835.154710
8605.195138
8646.134979
8845.102534
8809.243155
8788.827532
8850.572421
8934.478567
9125.435304
9369.870894
9576.662221
9782.155140
9907.370915
9782.155140
9926.247895
9860.724314
9891.657382
10028.696968
10277.602436
10397.150092
10598.164982
10844.885226
10978.206117
11213.739416
11442.454138
11808.142285
12000.894189
12208.026632
12225.626286
12112.972163
12175.839418
12104.939112
12084.317027
12264.728273
12631.297244
12799.802293
13181.022515
13392.209265
13794.463989
13689.998415
13714.619620
13636.092842
13964.756380
14288.847850
14969.375019
15534.580970
16193.396299
16716.730063
16960.160394
17311.629760
17670.454304
18142.040751
18688.029427
19159.825326
19299.445716
19468.694823
19459.754318
19449.148010
19734.529372
20607.956602
21342.231904
22271.635362
23128.730731
23805.562595
24283.836265
24728.886585
24597.606396
24521.422899
25514.473221
25840.933624
26546.546913
26866.156639
27194.777113
26109.692325
25098.330481
23769.226610
23441.280980
22796.959234
22048.480045
21641.453768
21221.360694
20437.845031
19789.686348
19828.872719
19542.102208
19322.375319
19543.813257
19710.547252
19209.645157
19502.975912
19689.489559
19439.547240
19258.313545
19554.809820
19413.868233
19445.269776
19668.151055
19647.681229
19925.124098
19855.717475
19794.407134
19642.749316
19837.855300
19719.328638
19541.440259
19633.331525
20100.049391
20004.883766
19831.955680
20052.581765
20088.918734
19922.827688
20144.342445
20123.905775
20517.385398
20740.797542
20944.290513
21042.601501
21360.002255
21669.076157
21802.575540
21629.912944
21927.347591
22046.875253
22060.018711
21764.292961
21782.627833
21516.025452
21341.911907
20837.876060
21011.790143
21137.042607
20906.796360
20396.576376
20309.456972
20518.252020
20588.434418
20851.272021
21753.594919
22423.007179
22432.735321
22796.033317
23183.501986
23101.370310
22908.363382
23072.552720
23049.598380
22858.788605
23029.566139
23117.924998
23062.501314
23048.400347
23132.971784
23225.205446
23360.104816
23646.058106
23826.054097
24238.817690
24016.904080
24054.622134
23925.438785
23585.144266
23355.183998
23346.494307
23411.009329
23388.860411
23394.654026
23132.912019
23331.630240
23293.954187
23254.823279
23585.144266
23767.753941
24022.286557
24110.531712
24196.781308
24112.644309
24687.014261
24697.731906
24759.418033
24999.472713
25510.459827
25523.257944
25676.151146
25942.622449
26384.100709
26425.103547
26251.358956
26281.637567
26506.532995
26339.833326
26497.684846
26803.721849
27039.077120
27039.077120
27110.838981
27339.076509
27638.276442
27779.569646
28017.711085
28488.998456
28522.205263
28290.337103
28175.454244
27944.779406
27759.762089
27622.976060
27595.697989
27189.660460
26976.191340
26705.456550
26619.259715
26629.718022
27244.661125
27831.267442
28505.901512
28728.031515
28892.530468
28916.645538
28927.521019
28620.363286
28577.287095
28322.277061
28103.144417
27733.952005
27447.178238
27272.649208
27613.616634
27785.573784
27587.480435
27761.718766
27758.397447
27688.887614
27751.824362
27812.075928
27813.684206
27496.441996
27120.755788
26935.890805
27451.268338
27603.771424
28352.180700
28831.660170
29203.594690
28742.849820
28604.063336
28144.559470
27984.950564
27486.112431
27461.664579
27264.446116
27042.911909
26667.864073
26790.614697
27060.001188
27383.098889
27498.256900
27658.043058
27695.517778
27630.762102
27479.043074
27748.728162
27840.587839
27961.270354
27845.902545
27665.302865
27546.454169
27579.363780
27312.449626
27599.424498
27980.621554
28102.139048
28288.362548
28570.096618
28409.121725
28321.216854
28208.257970
27929.124598
27835.107215
27894.841882
27817.006704
27948.856352
28259.892138
28297.153574
28379.271153
28448.962175
28623.383605
28553.509920
28689.030948
28960.724725
28933.503398
28790.359818
28669.233926
28486.954372
27772.856750
27492.060219
27455.070154
27715.931630
27733.866319
28349.510289
28497.230876
28476.712565
28470.947276
28794.318224
28788.260184
29204.393496
29372.330002
29061.061859
28761.483154
28459.125510
28038.857096
27905.355999
28249.749925
28413.969716
28596.084175
28701.182304
28591.747761
28579.086518
28540.804685
28503.599335
28583.390911
28577.226127
28474.712346
28617.758127
28724.302173
28828.970860
29055.242584
29141.324165
28894.899162
29021.965548
28652.602923
28233.840688
28043.309334
28133.575519
27606.508283
27699.508478
27869.623837
27676.179417
27440.276002
27422.519893
27338.972126
27373.134451
27429.164204
27663.256335
27684.717343
27357.196815
27381.798617
27729.720607
27445.172566
27287.284367
27768.962873
28029.353067
27744.200656
27789.770413
27949.781557
27629.783678
27512.965543
27469.687037
27411.923674
27716.805630
28085.956377
27710.554942
28102.621408
28385.380289
28263.819314
28185.807963
28677.432417
28381.821545
28123.878981
28288.311140
28154.667757
27693.239728
27720.094864
27954.374746
27998.014252
28213.345839
28478.523924
28837.079303
28732.035814
28528.713414
28480.413430
28637.228138
28093.686944
27888.194259
27743.675577
27487.274549
26886.652790
26836.917499
27082.931485
27087.946994
27169.397832
27073.297774
26917.059116
26905.241942
26734.241334
26768.396916
27372.024418
27521.661113
27550.191411
27486.112431
27465.456840
27200.248420
26914.004184
26636.349367
26739.122984
26521.549370
26256.893041
26359.474272
26558.800146
26451.853031
26082.307260
25561.687063
25403.755743
25233.676654
25013.663564
25292.513182
25557.412690
25667.757260
25257.518614
25210.767928
25245.957708
25577.524920
25820.224359
26119.557000
26382.068106
26635.934714
26781.531047
27021.811911
27228.774876
27293.029182
27270.765638
27279.476889
27411.923674
27280.637530
27199.088389
27262.418016
27260.577161
26759.669993
26562.994941
26589.644298
26285.972297
26091.289609
25965.799531
26187.803859
26247.687221
26485.426754
26935.058200
27426.790117
27461.867214
27688.970993
27729.384134
27284.552286
27015.134638
26699.694090
26417.691143
26319.270193
26359.810224
26173.396848
26629.210121
26917.269404
26558.956790
26472.977186
26596.398006
26304.546816
25942.117237
26405.796408
26436.611955
26252.257161
26421.898345
26377.742842
26138.044284
26006.559178
25961.635690
25612.590167
25597.649392
25538.082444
25533.140085
25827.045537
26146.362785
26436.190157
26690.422044
26939.884689
26423.034172
26253.031108
26260.121389
25933.995815
25802.688025
26189.946464
26099.701074
25930.835901
25810.184847
25785.715403
25887.922514
25904.561898
25915.427485
26284.956284
26062.945960
25763.710386
25576.643824
25287.824266
24562.062730
24449.270080
24184.395353
24087.802340
24003.885166
24249.990537
24381.159144
24584.146351
24588.194090
25014.808316
25564.552538
25724.343281
25806.778155
25909.253302
25600.180155
25106.233584
24753.153323
24369.676211
24398.509916
24602.942124
24949.630766
25369.728928
25560.805021
25612.184879
25471.606394
25199.356965
24971.408842
25464.517373
25673.252068
25568.683144
25718.372802
25755.723102
25287.385522
25154.275762
25432.575512
25516.127697
25874.978435
26546.135200
26634.312178
26758.258754
26887.860054
26693.003996
26447.053504
26588.512731
26485.732763
26482.507926
26305.687956
26196.804872
26035.358723
25743.426514
25680.382302
26379.188573
26564.072630
26629.821666
26849.878717
26692.329509
26256.893041
26129.930314
26000.870645
25909.352694
25841.691365
25667.439042
25708.408728
25837.727241
25937.834120
26105.642064
26179.960232
25906.903679
25759.113620
25672.917626
25703.117390
25742.388247
25929.220335
26053.913242
26418.232724
26246.175960
25852.329664
25630.976867
25427.763689
25172.151071
25301.600613
25612.903625
25968.185341
25990.896879
25913.146849
25718.219568
25785.823890
25955.818564
26321.170830
26410.143397
26532.872595
26274.700730
25940.261430
25651.335393
25708.641449
25821.379238
25893.662309
25571.442704
25294.137807
24823.279372
24294.239612
24285.575204
24269.778357
23965.828940
23813.067126
23583.152548
23236.372739
23170.698772
23431.346880
23579.718049
23727.468157
23680.136904
23741.945737
23848.664246
23861.842614
24053.021922
24260.179887
23958.566004
23825.162096
23904.783395
23749.209218
23588.947483
24155.433287
24348.146027
24614.895056
24664.072347
24764.378319
24411.828315
24271.706175
23901.109086
24054.925061
24145.238029
24367.057001
24702.703218
25298.683523
25622.686833
26123.372520
26020.644386
25979.782245
25577.042613
25107.431961
24699.699937
24915.182839
24789.915447
24987.786103
25200.886995
25141.626834
24793.089446
24759.791504
24337.716358
24366.833837
24315.223181
24491.532304
24255.222811
24633.586522
24660.124283
24793.510240
24746.309664
24674.635298
24261.006496
24359.625519
24459.941571
24630.442683
24936.024226
25367.119202
25451.295949
25342.130768
25313.977972
25309.451681
25096.381953
24940.434221
24911.813689
24979.572254
25190.441020
25472.252473
25538.680537
25316.874591
25296.592558
25226.928145
25080.207578
24797.120373
24979.708760
25075.801413
24682.394653
24322.041163
24785.622827
24744.885631
24510.620763
24685.450290
24718.518067
23992.691670
23842.896278
23545.365968
23300.935279
23439.029361
23955.777806
24390.998938
24702.095482
24889.101083
25502.367471
25315.987215
24944.104458
24745.748995
24680.243833
23809.137180
23539.974166
23739.186649
24196.633183
24372.757687
24653.167154
24982.786495
25120.718999
24886.869370
25114.871833
25540.920348
25953.694176
26066.358279
26355.038552
26787.873011
26630.283081
26417.473320
26489.177726
26237.122045
25660.158294
25179.841316
24833.602829
24595.635881
24505.255155
24201.674199
24497.325923
24782.338399
24343.255213
24402.839658
24622.403980
24755.841877
24832.104156
25424.784661
25910.118293
26391.052630
26248.147087
26151.774138
26053.438710
25707.200243
25390.821009
25566.589128
25964.491374
26136.829873
26268.209049
26409.819204
26429.504757
26413.093399
26444.252530
26698.476641
26897.563242
26803.986009
26413.568359
26485.732763
26293.059192
26334.768511
26763.409550
27043.833195
26854.978058
26814.236171
27036.531624
27068.966225
26955.957795
27024.329153
27024.329153
26507.691518
26342.729732
26412.664755
26500.853897
26626.599616
26409.052850
26177.477196
26068.464414
26339.620956
26581.309623
26667.771196
26803.531292
26912.325130
26606.092013
26015.589419
26011.523328
26202.248462
26151.436383
26317.294745
26780.911674
26912.690058
26620.862327
26465.323143
26157.410928
25593.801496
25355.464361
25235.632106
25335.806920
25598.491221
25795.360610
26041.292989
25817.500459
25503.028616
25259.161424
25550.267566
25501.638838
25852.329664
25772.289821
25756.022906
25439.996698
25255.592330
24872.824447
25256.883429
25039.809668
25011.097726
25266.674842
25704.830792
25590.344352
25579.854701
25702.777439
25756.099776
25660.377407
25654.372888
26017.562105
26161.119614
26017.562105
26273.677982
26484.453374
26190.339908
25818.136487
25774.443722
25372.563771
25090.990530
25162.859027
24999.015242
24754.806031
24570.795521
24433.012572
24127.565600
24445.402700
24730.575658
24459.104155
24270.348023
24122.678363
23388.826625
22717.930413
22409.547496
22355.972603
21992.397483
21912.122395
22031.655150
22702.966585
23127.006255
24585.586917
26548.517822
27944.435466
28925.715372
29760.106358
29912.622218
29434.561220
28995.417716
28799.956108
28484.296956
28034.980764
27905.531393
28202.664516
28223.002944
28134.564409
28159.574394
27688.483847
27021.261771
26763.539900
26301.541257
25699.034965
25710.951269
25760.085243
25333.997087
25563.438841
25756.099776
25743.565139
25249.775355
25269.991587
25394.720439
25495.018467
25468.525636
25785.102501
25677.802585
25349.866677
25437.569326
25302.197770
25273.320754
25133.571286
24758.384980
24827.817820
24958.802732
25147.983137
25654.530332
26286.170157
26274.346425
26497.590803
26518.116668
26491.322242
26302.610454
26444.343519
26520.136618
26649.142429
26698.476641
26774.270092
26923.603930
26719.193024
26666.001675
26999.027403
27558.918331
27454.444533
27462.164312
27419.775405
27125.945978
26566.050938
26077.744429
26096.159491
25891.268325
25835.947798
25909.352694
25880.735184
25525.364487
25505.680517
25196.505885
25012.202508
24798.427423
24620.150901
24468.485578
24550.802612
24489.145182
24821.094526
24864.638880
24956.343126
24878.754807
24993.750203
24727.040833
25174.333960
25225.831657
25152.314510
25131.414202
25708.188580
25668.877147
25700.026302
25815.338209
25714.888096
25599.857914
25675.610917
26139.592007
26276.780570
26291.948266
25996.575727
26254.401184
25862.331557
25716.566939
25923.604342
26134.660000
25626.074746
25562.546709
25575.840465
25169.515354
24991.182643
24861.813845
24810.826015
24213.079092
23878.975972
23269.407279
22668.152834
21975.324471
21503.499362
21099.865610
20392.278782
19813.694344
19885.332578
20048.167518
19744.194671
20195.481422
20425.165904
19885.402969
20063.958769
20455.730704
20360.799078
20596.883109
21304.586688
21731.072507
22666.913990
23565.253616
24906.337254
25919.453990
26524.316880
27038.876044
27701.121528
27842.843355
28202.152010
28571.175060
29065.061347
28895.026849
28806.625279
28790.602475
28848.410655
28487.617100
28881.246201
28814.821353
28558.845998
28223.112747
27797.041449
27503.230471
27587.342716
27141.844531
26695.758390
26492.823078
26230.580275
25955.352396
25842.326104
25840.399191
25485.427263
25040.515548
24182.872704
24139.876762
24166.642332
24213.491184
24072.161393
24213.491184
23803.500149
23336.674349
23133.372574
23359.398263
23615.870076
23847.846675
24085.121419
23966.054663
23963.979534
23935.508111
23736.765141
23794.235563
24393.009942
24408.046172
24819.659603
25617.432007
26089.010862
26292.218878
26252.922683
26263.347592
26151.067700
25815.104296
25616.324023
25640.927058
25700.165765
25581.519087
25594.038267
25459.053846
25715.426983
25399.474951
25256.057834
25438.003167
25879.410138
26324.127440
26736.273914
26804.175504
26864.141248
26757.735162
26205.858797
25859.208746
25469.719239
24982.609714
24468.252966
24174.291886
24312.347421
24615.481031
24851.157189
25085.331153
25199.842391
24842.683726
24758.831486
24492.099755
24128.912503
24243.923275
24406.251304
24369.310666
24511.027284
24981.405337
25130.587082
25285.245815
25600.338673
25733.648887
25891.885911
26002.720881
25828.266678
25323.543114
24916.930302
24344.552536
23667.921336
23407.394603
23265.797564
23079.678880
22757.278443
22761.193619
22689.006595
22069.660228
22443.739646
22238.155214
21429.798365
20769.609229
20435.175102
19468.910827
19062.221231
18970.289541
18658.770976
18650.309824
18492.884569
18113.310987
18077.652992
18484.309206
18732.126228
19014.599105
19851.710384
20302.692686
20375.002326
20592.099264
20641.346399
20402.640402
20466.640708
20896.809266
21369.160680
21988.606220
22766.672548
23318.192414
23828.756703
24409.189265
24644.906630
24852.157583
25194.627193
25543.147945
25865.684920
26431.596016
26497.590803
26797.203545
27102.855433
27211.419897
27571.716156
28363.650313
28471.683417
28533.726943
28633.591522
28432.231790
28179.474346
28183.682406
27824.264482
27559.702402
27609.321379
26991.031062
26447.695769
26361.374044
26289.783276
26210.010004
26548.273458
27064.874818
27094.283227
27211.078641
26844.490634
26706.854194
26636.520844
26714.940712
26588.339649
26514.976366
26157.490954
25597.960497
24967.983022
24576.579235
24462.915215
24440.320892
24975.401657
24938.637773
24967.502657
24998.580162
25098.587568
24653.834339
24688.728720
24793.510240
25057.538524
25217.829950
24973.413717
24649.363551
23892.786885
22719.053614
21640.773676
20953.622351
19921.973425
19513.804557
19369.287516
18726.818538
18449.809638
18718.851217
18161.019737
17611.969839
17733.003139
17651.482479
17388.345229
17445.685222
18016.905377
18310.171081
18384.290223
18659.144462
19025.946771
18801.894125
19178.642849
19854.318099
20270.250003
20936.736366
21639.688198
22176.594415
22515.229828
23091.137427
23421.614634
24115.050269
24369.436276
25559.043233
26818.234155
27628.878137
28066.182276
28898.936165
28773.863161
28577.346441
28868.152096
29184.120128
29334.429284
29435.985842
29803.489884
30080.444166
30067.182681
29790.046009
29936.189649
29598.832670
28794.851263
28153.581964
27929.250397
27739.138137
27433.382932
27179.326208
27158.638912
26945.528567
26219.732998
25801.400890
25819.691952
25681.329610
25540.151347
25470.422533
25107.119125
24797.494452
24402.124989
24233.826810
24233.826810
24190.387089
24449.270080
24924.635817
25191.168208
25498.697710
26163.880489
26137.020416
26036.582977
26092.304565
25766.172096
25441.863613
25407.101754
25469.719239
25319.986780
25264.150977
25205.269699
25112.830448
24517.244867
23782.510995
23093.777120
22032.964561
21104.336274
20468.630434
19926.890499
19341.883994
19386.699028
19210.817263
19123.812589
19380.699069
19061.274059
18835.087091
18650.450077
18475.238943
18038.200867
17913.021705
17406.234909
16950.988344
16608.356089
16671.755851
16856.443815
17383.919123
17968.309008
18268.749388
18114.964108
18353.118453
18436.657082
18545.534704
19132.183126
19597.730841
19868.752059
20265.852616
20773.237122
21257.812721
22059.791393
22742.314026
22900.275886
23305.153861
23137.701596
23492.775581
23904.783395
25273.132736
26196.502014
27542.820076
27946.850506
27807.818064
27272.157332
27081.711160
26570.473019
26515.284180
27292.515686
27827.837147
27987.270087
28067.058647
28065.620987
27926.188916
28134.745810
28627.090820
29209.779477
29811.087354
30247.789048
30561.599325
30713.035219
30902.423310
30674.756909
30629.377121
30769.043020
30264.387595
29579.595231
29283.299235
28794.115451
27926.632277
27684.654567
27575.834293
27738.569134
28199.156787
28301.854071
28301.854071
28488.565245
28299.787440
27624.751045
27321.477659
26950.022514
26563.390043
26300.833015
26369.094286
26643.514442
26849.059359
27013.236501
27029.427762
27117.505369
26830.997460
26543.338766
26385.050652
26722.101429
26834.953711
27029.504347
27382.400420
27684.654567
27368.505445
27006.194088
27012.012872
27116.593974
26914.375409
27488.033001
28050.051263
28038.744937
28393.466053
28572.852181
28056.342553
27581.956595
27308.075666
26831.334981
26578.289872
26478.060504
26693.239517
27097.192041
27386.863992
27424.321771
27676.224957
27303.200555
27088.071382
26671.903675
26655.776409
26116.494371
26116.494371
25747.326607
25609.549598
25825.290398
26016.343225
26297.318487
26413.492396
26399.817927
26219.903202
26066.096444
25731.742746
25394.921734
24822.959402
24274.063762
24130.142030
23556.275790
23252.769707
22774.547059
22223.303935
21692.240136
21876.759930
21768.351612
22646.183454
23672.956754
25262.612132
27332.111681
29118.274596
29782.919967
30454.070064
31006.053512
30281.975790
29268.784122
28927.703994
28168.303768
26916.743173
26324.067657
26451.716388
26447.396076
26309.519857
25743.160329
24818.211104
24053.296580
23056.610344
22947.447364
23123.808189
22928.790677
22729.405428
22676.481772
21587.489675
20174.333589
19661.911188
19331.131831
18748.328655
18701.629422
18851.741567
18408.101510
18035.146286
17771.113851
17802.102166
18077.307266
18517.954155
18375.970071
19128.894749
19007.317450
19115.480419
19211.473273
19329.376719
19174.938136
19243.906547
18926.051374
18794.813348
18981.209432
19223.553454
19272.403374
19294.664972
19616.990033
19884.064980
20008.999024
20914.985093
21575.816089
21926.862501
22365.277487
22716.990936
22887.227831
23422.661232
24774.378717
25987.439732
26682.468883
26842.311972
27443.299483
26821.865389
26306.873201
26177.768637
26513.278057
26474.163989
27116.447869
27750.019347
28076.294977
28282.893167
28455.149974
28598.969827
28387.712218
28365.128046
28140.512201
27881.350303
27115.061838
26583.418889
26328.608823
26129.522968
25934.259905
25540.530220
25557.412690
25171.684949
25184.558100
25404.169819
25713.971421
25742.653508
26087.368688
25940.563403
25688.288101
25911.727752
25793.315078
25691.526107
26172.780591
26546.057687
26510.784053
26198.863766
25764.164148
25199.712099
24534.934416
23815.172987
23503.344808
22672.604884
21832.253707
20501.480442
19426.313918
18460.727737
17890.385378
17668.093502
17727.896230
17820.155870
17873.062151
17661.884744
16999.609924
16462.181965
15810.615945
15221.306777
15196.942596
15145.907998
15422.412860
15921.067686
16003.183825
15639.610249
15408.807765
15064.051473
14939.082259
14732.400588
14986.521004
14792.933134
14579.978745
14083.650919
13970.604671
13898.939051
13838.292837
14366.152902
14236.969135
14228.920434
14005.281200
14306.962306
13722.363282
13995.382926
14114.211114
14315.252793
14346.360805
14639.329898
14869.145012
15589.564722
15656.640239
15811.974278
15966.623115
15925.069902
15644.557897
15787.941846
16118.949639
16423.237391
16732.221915
17322.974897
17620.018939
17522.855202
18095.097309
18509.310615
18767.521626
18892.995499
19115.277571
18954.978090
19122.032883
19070.342507
19933.668044
20953.743919
21546.186152
21897.709917
22294.660827
22135.000389
22384.035744
22625.833865
23214.850177
23975.646920
25333.997087
26377.882364
28583.390911
31179.853403
33641.759711
35542.821327
37249.435139
37376.604723
36974.923283
36160.541280
34870.023840
33801.215676
32742.755657
31464.899377
29715.361001
28830.761261
27442.164578
27013.564474
26884.061778
27345.722986
27776.452532
28657.164021
29103.418902
29395.082642
29986.004517
30274.961871
30338.968734
30206.690958
30513.458598
30645.040221
30780.678182
30738.212622
30996.356360
31072.546963
30953.862042
30751.020679
30723.222557
30874.001044
30395.647052
30018.630176
29654.851332
29140.033873
28565.282351
28257.500963
27874.370167
27605.104426
27785.414113
27533.147968
27372.637671
27215.354916
27262.295707
26864.261386
26708.814391
26663.232477
26948.506145
26850.011099
26781.129127
26898.151753
26773.722697
26370.953960
26303.151060
26496.881194
26699.593150
26832.894179
26964.325510
26921.285427
26823.069637
26251.658603
26082.542127
26123.833627
26002.891003
25818.964396
25781.250837
25744.325769
25617.186656
25681.014378
25709.850910
26077.333113
25968.488550
25654.530332
25590.883735
25795.360610
25575.957644
25622.926602
25867.532046
26006.701561
25755.879859
25971.016508
26188.494962
26497.868000
26537.577316
27007.907734
27174.244722
27014.040190
26817.710779
26811.813163
26462.445793
26201.800861
26117.470890
26066.612258
25996.827014
26072.866542
25947.030581
25830.497632
25514.580570
25286.884126
24982.342370
24757.092296
24571.710104
24600.751401
24609.149277
24540.071674
24457.893711
24341.377979
24456.592169
24400.593748
24449.390404
24919.483628
25411.469307
25532.337522
25731.742746
25824.727090
25654.530332
25652.427297
25603.329184
25607.583926
25487.013832
25524.566068
25354.137646
25854.265992
26088.431936
26281.698625
26800.527395
27108.859227
26882.734981
26757.735162
26655.379973
26013.113888
25742.653508
25223.524501
25030.948714
25008.319910
24832.516948
24760.451409
24904.277057
24577.940148
24464.206127
24445.785796
24226.572084
24253.213581
24265.428904
23943.344958
23703.691602
23133.152631
21545.573930
20489.614650
19404.782884
18366.661192
17603.739534
17580.781411
17080.433671
16907.722024
16794.668591
17167.592267
16872.659566
16930.306302
16895.019688
16822.664786
16363.491321
16309.720063
16406.309048
16048.137416
15765.379401
16077.162592
15859.669696
15771.720092
15907.473268
16282.068737
15746.935427
16227.154286
16105.890811
16254.832215
15986.577766
16402.347570
16230.142269
16423.455707
16378.166662
16376.849803
16352.254440
16585.462429
16503.635798
16754.675608
16951.324586
16744.286918
16596.541820
16867.620440
16730.276956
16802.059717
16912.382322
16987.949452
16950.107623
17066.782344
17341.683479
17838.132180
18263.196484
18708.261088
19276.685603
19183.031900
18967.486573
19061.834233
19194.938402
19174.873435
19648.200237
20251.785824
20545.017183
20789.202476
21180.694218
21795.726860
22555.030948
23305.528286
24129.827996
25260.899214
26936.906485
28935.119704
30720.030400
32184.369984
33116.876409
33298.123022
32200.555101
31923.576233
30864.676583
29916.240166
28674.962300
28102.936590
26674.945239
26285.642682
26056.996776
26036.158505
25373.752394
25437.251118
25236.278829
25374.131768
25525.280529
25938.119346
26297.217795
26741.877444
26413.093399
25736.689983
25771.494261
25506.606406
25301.600613
25772.415945
26485.920480
27042.200085
27521.017756
28123.656863
28467.378618
28357.013318
27924.577017
27630.521401
27290.380914
26685.998377
26335.061481
26058.023402
25964.037228
25446.821183
24864.916032
24515.990787
24268.161870
23642.347004
23531.471596
23551.182084
23787.398241
24037.140208
24437.341642
24491.034332
24544.422418
24320.747120
24203.583288
24279.326383
24463.941243
24642.111281
24793.700284
24896.585138
24791.882524
24808.328205
24852.611628
24797.243268
24612.321805
24239.640820
24144.969973
23913.675212
24059.136059
24151.827293
24545.166654
24357.247859
24323.707421
24054.773557
23363.241429
22227.364383
21451.904547
19902.659722
18680.639094
18053.129470
17837.633688
16930.453642
16950.988344
16567.286331
16464.701514
15964.349406
15996.714862
16252.385315
16433.201881
15990.264953
15653.425116
15532.803938
15134.416340
15017.892172
15278.259939
15621.307231
15696.247670
15994.689065
16146.939265
16066.825093
16437.661538
16688.329947
17009.897774
17008.289163
17170.274373
17297.270230
17643.930097
17617.475225
17777.274666
18081.101237
18337.192308
18848.148592
19079.478968
19439.905214
19829.839134
19981.531545
19821.636156
20219.056226
20733.839472
21234.795820
22000.096671
22065.763928
22065.763928
22485.550684
22746.884132
23019.983868
24174.046629
25154.074791
26444.343519
28027.443978
29145.979029
29511.082982
29812.978419
29039.535481
28147.513319
27111.228935
26709.383528
26276.172789
25874.531560
24871.866465
24557.252808
24058.850314
23856.889345
24277.366590
24997.326107
25376.196940
25955.224205
26212.969940
26391.157395
26243.961312
25861.833645
25540.151347
25486.665726
25189.401160
25263.335492
25576.643824
25673.509852
25804.250547
25972.771611
25609.392244
25541.706921
25710.059286
25250.260655
24890.831931
24770.457138
24532.722888
23984.688466
23628.975046
23255.400422
23108.206959
22974.494792
22831.114094
22898.313248
23201.528504
23232.262551
23099.004159
22985.970785
22917.518904
22402.301500
22359.296351
22451.540593
22545.535890
22510.314814
23022.593619
23458.139302
23437.638926
23459.912740
23588.759764
23008.045442
22337.672139
21966.226966
21587.215815
21222.582619
20843.462815
20114.765615
19365.862948
18541.290805
17790.438302
17008.806521
16824.044380
16401.580646
16508.427101
16503.716013
16547.247720
16551.096653
16680.371207
16551.096653
16620.173491
16543.925808
16699.941187
16542.808714
16607.867965
16172.556267
16090.420057
15621.865230
15564.626909
15207.692457
15286.259210
15296.641769
15415.608901
15509.542536
15714.530500
15874.616724
16305.571377
16377.229946
16608.479895
17103.227847
17049.950423
16891.857747
17217.819546
17294.069047
16899.875882
16984.843946
16890.049790
16843.354109
16676.739169
16508.548389
16646.572707
17005.892955
17233.081498
17618.562217
18148.018233
18426.118932
18751.903313
19021.069709
18856.232682
18826.020445
18812.900045
18773.919135
18892.749209
19696.426296
20113.578926
20506.088153
20730.044976
20900.554137
21306.085917
22062.900452
22700.602803
23357.378519
24161.232325
24653.581772
25360.990879
26465.652127
27729.177062
28348.915351
28441.627591
28080.033480
27199.729979
26139.592007
25130.312332
24371.232888
23813.620749
23253.623951
23021.689854
22742.426848
22816.541567
22783.860336
22894.971890
22804.303328
22915.913103
22898.951807
22747.376103
22936.606093
22973.112400
22919.510084
23126.564064
23192.414440
22901.305282
22698.508943
22489.287386
22021.040599
21604.925211
21002.994923
20275.983437
19755.464583
19154.685470
18708.930365
18476.011366
18390.063520
17797.639234
17024.320115
16162.061138
14853.809017
13212.930730
11932.664211
10724.653877
9417.566101
8491.268484
7796.092921
7047.174386
6411.554505
5919.302445
5625.712961
5428.790003
5414.594646
5334.149835
5531.372970
5708.953618
5723.420144
5537.030806
5541.478030
5475.317920
5223.901681
5207.634481
5345.313525
5470.703123
5585.269533
5947.097118
6144.296913
6347.756612
6454.363598
6384.218844
5993.261290
5978.961175
6200.798489
6333.787044
6405.237238
6592.312370
6463.256783
6464.662923
6403.748476
6417.384105
6466.915921
6632.701488
6370.662594
6329.466777
6298.321500
6509.608306
6384.240948
6618.311481
6764.091548
6749.410757
6678.757564
6894.451130
6639.490433
6250.226016
6217.129276
6298.778352
6155.754657
6186.059590
6336.090651
6237.351245
5884.318876
5864.513911
5683.384026
5504.824732
5545.758575
5772.404251
5836.063314
5919.972387
6065.641886
5934.904350
5725.789295
5472.857797
5485.996267
5424.437459
5719.489768
6049.149329
6426.394368
6329.494751
6306.719092
6130.025285
5935.122182
5850.270162
6078.658051
6024.972460
6089.215849
5906.327078
5801.621377
5728.344548
5885.422241
5748.253982
5559.814491
5233.591226
5124.583479
5097.893667
5026.521482
5333.044156
5544.438598
5244.942119
4979.983924
5076.390807
4974.454469
5013.338820
5202.491034
5462.669894
5450.606930
5561.290437
5383.127920
5227.050183
5198.616394
5395.142156
5326.325217
5490.260910
5679.616005
5625.936110
5297.355540
5237.795001
5049.127804
5050.654558
5083.315841
5116.542673
5141.157134
5206.461720
5134.929229
5129.328942
5192.388547
5245.327502
5200.266688
5520.722294
5600.490349
5840.949858
5738.101919
5714.266252
5351.025735
5114.821107
4997.889472
5024.886321
5157.942010
5131.067427
5394.233684
5434.913989
5394.904618
5138.668622
5179.994075
4922.646546
4670.812957
4659.375775
4766.126767
4782.652232
4729.156747
4649.751931
4553.810408
4372.570696
4256.642917
4422.607981
4615.275700
4777.383416
4806.258464
4892.756284
4721.780071
4580.167750
4416.828432
4399.480334
4235.823705
4307.647653
4321.936229
4430.341463
4562.538690
4596.852022
4574.589545
4508.560153
4563.959416
4580.167750
4810.176696
4601.681970
4705.322057
4379.368845
4379.368845
4104.300217
4280.668005
4177.930913
4302.420476
4288.555410
4439.793780
4497.533084
4542.241600
4575.708165
4586.694134
4524.603309
4524.603309
4623.329028
4845.413409
4769.350421
4816.895893
4697.756459
4457.314518
4144.235876
4021.135889
3982.399385
3930.889127
4058.313176
4036.122971
4181.754049
4213.986967
4325.333855
4546.282505
4704.650327
4858.150161
4699.955814
4587.187439
4474.638301
4474.638301
4489.166658
4587.187439
4774.382295
4546.230922
4497.635499
4282.304130
4219.050339
3997.221793
4177.683073
4104.300217
4165.105853
4325.413851
4424.408180
4362.843476
4236.059197
4127.457118
4036.874239
4184.876575
4242.465096
4602.329306
4751.519886
4635.179733
4438.278757
4438.278757
4224.648227
4192.033089
4177.683073
4181.817022
4003.059222
3901.061043
3911.686151
3871.981585
4029.518044
4025.990834
4243.097233
4294.889876
4498.071188
4465.405208
4437.290595
4236.498205
4181.685835
3904.648699
3767.060978
3691.029399
3757.816991
3667.595828
3807.646343
3911.797829
3827.664429
3716.456337
3734.948029
3704.116467
3640.478127
3662.932231
3696.378274
3562.832157
3608.276114
3593.995784
3778.329312
3840.612765
3957.472253
4061.666344
3969.727006
3889.550432
3843.388856
3833.013205
3787.812986
3951.634546
3886.487527
3957.328773
3871.150120
3930.748785
3977.928091
4121.807501
4134.728617
4236.855545
3954.767702
3660.991390
3517.699145
3408.212197
3412.755705
3554.217280
3902.254322
4269.931083
4292.330622
4417.490527
4538.325956
4349.900550
4173.093435
4120.103322
3943.553373
3752.920488
3658.558914
3714.204289
3674.252281
3688.446711
3764.103687
3629.023418
3501.600218
3634.616899
3511.767988
3394.512419
3579.244478
3421.871774
3355.055204
3422.742823
3475.817744
3666.735490
3795.528398
3758.086879
3832.193215
3749.759455
3491.451064
3442.123073
3462.471991
3406.802096
3651.102640
3582.858280
3702.273127
3706.581776
3600.201886
3376.296312
3429.620797
3436.046240
3464.721680
3456.440106
3581.951750
3565.565912
3367.030444
3315.242367
3229.404788
3167.712962
3315.242367
3284.695759
3226.298625
3386.593644
3263.557686
3117.932959
3234.834793
3308.027789
3485.089414
3574.660453
3699.939790
3722.571898
3886.967239
3688.318860
3901.239026
3764.015585
3831.867697
3889.251413
3803.224240
3674.440072
3710.711594
3587.892210
3452.346966
3772.476200
3694.331862
3698.286811
3848.080466
3657.363949
3394.391186
3415.107741
3370.073130
3230.415375
3277.271740
3192.433908
3281.003560
3381.546447
3383.702229
3568.114545
3590.570430
3506.395552
3494.334426
3640.045269
3615.327172
3773.482018
3658.693659
3645.979198
3722.383426
3480.256037
3312.191214
3481.020298
3359.186127
3110.695955
3495.136208
3600.062909
3538.176356
3661.269328
3772.332166
3401.100108
3468.481403
3657.681939
3571.233799
3679.789071
3766.756499
3590.197404
3489.715764
3544.590645
3303.191914
3382.952944
3471.449310
3270.341721
3387.108084
3368.593252
3288.802776
3335.887631
3352.282332
3165.425118
3260.117640
3557.821576
3557.821576
3697.164801
3906.460203
3748.273883
3406.279196
3416.518228
3213.475389
3049.428405
3219.769625
3162.193370
3057.542416
3280.799683
3204.836507
3198.979098
3443.060446
3430.595621
3367.519103
3430.595621
3404.377554
3170.829136
3164.542840
3085.079348
3010.991892
2947.341618
3002.832873
3107.556705
3567.175580
3833.377199
3863.154891
3860.240243
3969.148570
3610.067432
3456.007286
3833.297190
3717.622641
3381.410534
3355.055204
3231.727130
2833.750736
3031.766607
3191.436117
3201.889301
3394.449664
3347.618867
3173.942575
3122.864073
3291.114110
3047.048990
3122.864073
3342.817178
3467.907312
3285.459908
3345.000725
3437.176410
3408.090433
3268.965384
3272.802469
3543.448734
3367.519103
3210.123774
3272.911800
3348.773229
2977.658021
2938.474403
3198.979098
3112.609272
2985.500047
3338.234937
3455.360840
3179.828922
3361.799285
3471.256144
3388.720684
3436.173975
3571.500950
3528.357433
3735.305884
3661.666100
3595.955165
3760.658774
3651.803698
3356.087845
3381.151891
3606.687631
3320.471994
3321.754703
3244.287106
3299.613032
3047.340365
3140.799054
3261.668342
3263.704625
3080.889651
3101.686239
2959.463628
2963.625084
3111.246500
3142.238928
3271.096661
3575.513693
3507.856575
3429.888663
3385.004894
3263.852939
3050.630996
2906.984081
2800.506925
2849.513080
2790.151367
2752.329519
2838.355547
2965.784839
3068.155121
3490.732375
3766.403244
3659.591588
3581.951750
3694.456775
3448.700874
3201.637120
3343.134615
3413.016025
3211.884361
3150.404668
3163.651048
3050.945522
2958.667766
2909.235294
2735.051964
2603.837411
2634.517800
2704.424477
2714.671842
2759.891278
3035.284816
3150.275016
3041.428701
3051.817547
3304.549863
3153.171824
3072.551240
3146.888533
3204.348712
2954.311442
2920.506967
3162.894150
3097.114094
2990.393897
3043.732710
3259.626313
2992.460902
2994.568033
3234.712654
3242.913325
2960.530998
3011.914610
3102.077259
2820.916346
2784.372328
3106.437027
3122.864073
3049.042598
3163.785217
3184.321932
2873.386957
2821.714303
3045.756303
3082.478097
3098.919890
3232.271706
3220.033240
3002.426476
3004.803664
3240.455147
3218.637461
3304.802564
3505.543172
3499.370833
3169.173294
3195.932777
3230.554052
3041.735794
3005.092883
3249.171050
3078.328495
3018.605270
3090.558079
3051.271154
2919.873530
3142.381298
3105.300971
2972.034283
2955.591936
3115.669117
2966.607961
2882.585536
2968.635693
2925.769356
2634.279055
2629.904222
2714.069990
2537.531926
2533.654340
2578.722822
2489.943421
2538.834291
2733.929183
2659.871266
2561.759158
2677.248268
2748.864451
2779.534623
2980.530307
3243.269478
3234.438459
3109.261590
3140.053682
3006.455012
2733.929183
2662.831019
2683.240953
2738.536744
2882.227709
2941.915894
3079.529369
3100.156413
2874.352425
2800.627857
3087.187743
3114.340587
3034.300798
3239.439966
3211.048719
2929.677119
2749.733575
2768.203894
2518.115709
2503.601722
2628.670753
2666.482453
2607.073853
2681.061801
2744.492773
2646.019944
2763.828511
2831.499807
2825.515562
2706.344824
2700.320682
2631.450022
2481.675537
2487.371732
2534.945824
2697.062507
2768.020579
2913.910473
2993.615876
3203.068242
3079.749113
3022.021526
3184.102473
3163.521359
3015.789527
2991.071356
3011.256372
2837.141748
2793.827769
2715.696015
2605.028813
2522.854267
2600.766428
2615.278261
2602.935370
2691.047345
2724.526189
2527.595491
2531.564531
2669.049438
2705.982836
2650.294245
2841.210098
2790.014875
2765.460692
2843.068902
2805.398652
2672.286220
2628.980732
2600.341404
2477.237739
2555.161893
2673.839209
2684.204273
2561.429846
2608.327172
2677.424299
2638.472040
2745.063833
2777.830531
2837.443477
3026.147102
3018.140999
3018.140999
3171.958830
3038.622110
2796.039696
2820.662727
2847.473622
2734.745650
2845.706704
2967.646951
2914.360785
2871.306131
2990.261614
2885.803942
2725.608466
2756.289583
2826.215219
2639.391008
2697.062507
2683.554343
2577.009736
2472.264289
2595.332881
2550.248507
2519.333029
2547.790095
2623.802705
2435.299210
2426.758659
2360.239964
2456.591896
2370.591617
2563.250251
2672.130265
2729.826138
2692.814056
2715.260300
2774.727390
2887.687262
3154.405621
3111.246500
3140.053682
3164.379925
2973.975151
2773.853303
2837.581977
2915.227726
2773.853303
2716.149199
2696.538707
2737.302734
2589.754508
2542.709237
2612.421281
2725.608466
2614.992098
2600.479118
2820.102415
2848.701708
2800.106226
2869.696845
2998.926147
2801.689450
2625.427654
2520.803711
2473.994967
2365.209554
2274.804960
2401.938565
2475.426010
2415.976855
2340.224875
2415.976855
2397.289990
2395.361181
2345.881545
2479.307257
2473.264512
2372.655514
2306.205130
2470.092014
2513.332254
2482.457210
2539.617450
2557.439244
2438.522981
2284.844278
2401.670218
2606.923768
2578.055998
2565.593173
2614.992098
2625.138087
2440.421641
2387.020537
2428.258871
2358.474770
2267.904567
2274.384250
2567.901920
2612.956528
2852.884795
2883.491315
3047.636137
2803.311264
2714.967574
2565.291053
2735.509905
2655.609881
2713.456778
2773.010360
2820.102415
2637.755563
2571.862552
2778.460567
2870.821338
2905.749124
2907.542637
3018.605270
3022.801769
2965.644820
2856.746923
3059.675905
2912.433740
2683.240953
2804.412714
2853.435333
2625.716686
2769.336426
2800.627857
2546.410038
2476.445263
2558.277852
2599.650212
2532.893416
2590.255136
2592.316256
2625.138087
2498.081304
2555.850478
2715.550677
2736.140980
2594.781363
2547.518218
2576.500417
2539.308737
2572.319705
2609.220304
2652.304870
2632.415162
2589.221949
2597.494667
2579.057134
2556.395359
2545.486710
2553.488624
2506.127163
2508.356740
2551.482715
2633.755892
2553.636316
2588.491347
2631.769380
2853.155423
2648.712351
2763.639030
2845.835517
3136.926733
2923.688812
3119.338501
3090.709765
2825.949206
2452.466372
2354.143556
2407.415724
2356.069824
2499.545376
2518.290453
2621.021338
2558.277852
2579.057134
2652.848502
2673.281252
2704.105325
2570.760831
2497.162131
2511.340100
2503.107609
2453.836611
2513.864692
2520.041930
2534.444138
2520.041930
2536.516484
2561.071194
2519.914057
2410.916343
2485.085705
2503.431574
2503.431574
2495.070091
2460.271500
2468.802873
2335.220127
2202.142069
2275.561429
2437.685123
2398.805362
2538.168381
2798.299067
3015.619263
2962.602610
2954.511676
2966.458426
2770.907858
2520.535493
2526.985510
2600.620183
2594.639713
2616.465564
2758.398830
2618.701673
2536.811556
2581.904002
2653.015779
2531.897899
2687.817018
2820.916346
2626.194266
2550.741980
2536.516484
2532.274221
2472.872617
2622.611634
2760.371092
2832.154754
2784.906752
2893.672585
2864.887603
2727.178357
2764.201721
2817.450756
2772.522295
2735.356343
2686.499289
2610.558754
2621.190667
2508.026105
2436.426080
2571.862552
2686.669295
2551.287326
2477.389793
2518.644980
2569.483155
2686.499289
2809.499441
2914.245429
3031.277204
3100.156413
3003.688861
3001.392684
3077.742011
2987.095521
2918.192128
3072.000654
3109.114230
2975.500892
3016.755392
3045.756303
2965.784839
2895.814772
3039.636425
3039.636425
2790.550423
2561.071194
2474.801138
2382.425129
2228.541573
2301.972095
2344.841160
2383.776672
2392.052715
2578.889142
2760.936037
2685.064274
2678.925903
2638.219827
2496.578740
2365.338788
2513.191102
2625.716686
2529.378799
2574.356706
2781.243602
2974.102515
2879.881493
3002.626525
3066.496856
2924.084608
2647.346960
2657.569119
2786.498291
2811.154186
2598.114873
2577.534548
2581.577548
2437.843390
2436.156026
2520.287759
2633.283828
2735.665058
2827.910926
2723.596903
2727.925733
2715.405659
2821.902155
2672.584452
2725.765086
2883.491315
2871.306131
2608.680532
2666.128279
2752.329519
2747.830734
2628.822609
2860.520540
3082.054075
2969.246685
2838.223579
3000.398665
2881.398864
2586.283510
2530.637655
2543.950917
2599.503776
2461.779965
2580.916937
2605.445138
2725.454837
2432.171089
2567.702874
2489.766651
2571.698954
2353.983140
2411.061272
2456.420614
2546.863637
2486.899155
2531.564531
2751.196410
2715.993077
2593.287085
2599.503776
2834.726426
2623.623787
2494.221783
2531.258966
2611.263527
2409.165837
2538.168381
2591.570001
2784.508111
2622.460173
2746.870753
2715.842865
2793.985427
2671.079631
2834.913294
2784.092921
2714.221848
2582.791925
2543.950917
2572.610254
2710.536928
2739.057845
2741.123546
2831.499807
2747.333765
2493.917358
2459.211323
2582.217720
2592.510562
2502.346523
2555.697596
2526.985510
2498.222644
2371.082614
2524.745425
2664.793095
2755.006710
2685.243687
2818.738553
2849.346404
2669.399849
2751.531752
3085.886925
2958.667766
2892.955398
3066.496856
2895.946193
2512.713842
2516.751045
2530.956739
2400.064793
2342.485720
2401.802556
2455.329473
2340.570785
2278.273084
2497.795552
2547.000295
2499.545376
2569.341523
2715.842865
2744.870729
2654.489282
2597.077330
2535.675602
2586.888053
2681.259159
2658.474252
2668.701613
2763.054605
2794.149894
2535.855823
2589.038740
2677.424299
2683.396626
2519.168343
2697.489716
2795.759450
2824.868322
2964.155926
3028.401742
2977.036360
2884.769217
2726.991769
2556.668579
2645.652228
2514.308340
2459.062682
2635.047549
2641.520398
2336.960406
2291.736241
2343.225440
2291.736241
2138.169940
2235.576424
2299.577899
2283.183322
2194.698075
2408.335868
2537.096126
2555.697596
2625.284084
2690.883699
2651.916483
2627.559499
2711.873653
2789.721723
2779.223468
2724.053829
2748.347270
2773.159930
2582.217720
2602.765096
2758.730015
2876.125667
2751.366423
2820.785368
2788.287268
2923.688812
2681.610047
2648.565016
2671.267093
2792.212130
2511.137829
2524.397407
2565.443096
2528.523700
2547.132077
2565.443096
2592.124018
2649.488232
2832.154754
2664.055494
2606.607427
2713.303284
2791.003641
2596.114741
2594.340414
2682.494600
2649.015353
2505.401680
2632.761463
2710.732224
2653.177065
2493.154048
2505.401680
2622.460173
2538.168381
2482.937665
2565.134302
2702.504388
2524.067362
2499.390134
2641.027480
2525.512311
2334.733877
2223.910189
2410.495511
2519.490238
2619.270822
2666.482453
2880.053860
3023.332609
2765.108863
2747.175603
2658.896472
2492.846002
2330.787046
2328.673511
2319.960410
2436.821523
2490.283593
2432.528479
2688.980051
2826.725372
2746.870753
2730.416404
2638.349262
2439.064970
2459.211323
2516.751045
2465.239322
2647.984670
2859.250693
2663.735287
2538.335510
2552.924238
2516.024930
2495.267820
2604.137274
2879.337381
2991.705696
2795.009543
2747.830734
2836.975362
2773.304304
2602.935370
2736.140980
2656.308079
2498.507081
2385.661921
2487.987656
2611.263527
2566.065070
2508.356740
2549.382731
2613.127338
2352.274893
2286.713210
2437.843390
2540.296696
2429.893975
2448.220659
2495.267820
2530.956739
2502.346523
2528.854253
2576.156085
2528.854253
2528.854253
2354.556516
2327.952631
2364.947399
2533.097654
2379.797233
2541.797126
2845.571661
2875.824346
2775.421427
2873.386957
3076.573717
2742.160041
2631.450022
2590.255136
2687.981477
2530.113406
2485.085705
2536.361213
2597.911444
2497.939404
2395.361181
2499.705890
2653.644047
2766.580106
2662.075464
2670.315181
2799.785714
2725.608466
2508.194355
2594.919655
2543.628803
2395.885127
2258.625244
2295.687200
2266.235163
2231.958928
2188.721292
2208.972372
2274.666941
2328.079277
2400.064793
2430.818534
2447.119931
2520.665953
2456.420614
2396.780595
2577.534548
2784.641914
2612.421281
2719.111990
2852.477342
2782.849318
2544.679668
2528.205612
2412.551916
2334.733877
2406.567770
2449.505984
2369.628753
2347.346485
2339.234825
2086.648246
1992.640843
2103.254138
2156.711558
2351.463765
2372.012737
2566.836942
2815.105981
2841.661835
2587.413114
2626.194266
2622.314182
2653.015779
2568.698109
2673.144873
2751.196410
2822.744478
2533.819868
2560.468391
2537.684594
2603.402273
2445.515760
2379.932562
2413.235788
2378.506598
2409.165837
2374.013320
2476.773996
2552.444434
2644.674318
2437.382015
2451.867248
2550.248507
2607.989627
2452.183097
2437.685123
2505.401680
2634.517800
2472.468572
2556.529959
2683.714019
2790.415972
2548.257795
2672.868948
2677.072855
2713.917317
2603.097540
2633.896756
2600.479118
2557.276242
2450.670731
2397.289990
2403.412422
2306.062788
2414.653583
2474.164784
2601.081172
2615.536211
2593.476065
2529.745115
2461.949249
2345.005225
2351.367754
2455.790967
2418.627146
2533.819868
2406.567770
2254.906058
2203.615096
2205.686105
2371.854772
2400.742493
2568.827851
2635.047549
2567.901920
2340.224875
2530.800147
2432.291027
2296.656598
2430.264785
2464.959109
2417.663468
2499.705890
2631.107151
2653.488921
2563.250251
2622.768744
2579.744322
2559.604491
2533.097654
2559.604491
2537.096126
2613.127338
2486.245465
2390.197526
2338.580877
2313.732290
2156.312818
2171.779639
2235.026759
2306.950299
2224.742793
2241.359602
2303.434034
2283.183322
2357.137256
2338.367173
2414.498812
2518.997522
2627.559499
2428.631454
2473.819902
2467.696282
2416.455198
2520.803711
2607.221664
2553.793338
2677.072855
2703.596700
2436.956741
2420.402830
2578.557419
2535.492066
2622.173097
2630.320079
2632.415162
2615.779746
2609.741018
2580.916937
2712.375145
2736.630156
2759.384562
2642.366557
2446.954890
2350.791275
2430.636093
2354.556516
2389.702621
2571.698954
2713.303284
2711.320189
2684.371541
2776.788110
2747.830734
2669.940635
2573.341390
2538.503213
2391.003193
2351.170020
2486.245465
2437.094970
2406.410179
2455.639235
2366.584584
2424.378574
2649.648558
2649.648558
2649.648558
2716.149199
2624.159265
2351.367754
2367.644673
2453.836611
2647.346960
2655.428950
2684.038990
2794.841372
2768.203894
2708.206229
2681.768137
2714.372778
2579.057134
2644.674318
2673.417647
2599.792746
2657.212707
2837.714579
2786.114927
2793.099356
2914.133623
2895.556203
2745.965578
2616.308482
2632.248116
2457.914099
2431.334846
2486.374139
2566.427217
2340.042381
2280.321591
2342.023573
2272.077965
2306.950299
2344.677384
2336.518655
2250.522958
2404.184457
2449.357473
2420.402830
2623.623787
2873.874258
2709.794192
2607.221664
2800.627857
2829.370468
2771.964978
2749.208006
2837.581977
2770.695390
2662.075464
2536.954307
2674.147989
2659.871266
2655.609881
2682.350940
2833.904405
2776.596037
2838.095606
2893.672585
2973.845580
2780.814317
2801.241727
2791.003641
2682.350940
2458.758999
2526.480687
2520.165779
2442.094988
2377.965100
2402.225219
2330.631266
2385.996408
2289.754859
2240.723683
2222.483330
2456.097558
2449.801842
2474.646674
2754.514179
3121.696541
2930.834046
2758.730015
2828.344969
2652.848502
2359.437022
2327.045744
2443.776882
2515.437416
2435.689083
2429.350294
2646.794620
2626.025980
2601.431892
2988.284129
2984.453592
2795.326678
2791.180408
2713.456778
2444.601518
2456.770431
2467.096684
2505.818265
2594.340414
2598.864532
2697.214087
2653.964158
2695.046292
2676.722310
2754.347327
2739.888227
2795.326678
2758.566487
2705.075809
2634.029983
2644.366840
2627.912352
2718.300186
2648.419785
2550.574084
2404.994025
2501.463948
2281.984659
2306.580798
2295.687200
2336.367133
2213.287070
2326.487140
2332.415230
2410.069746
2485.980725
2492.237342
2573.987548
2824.691508
2789.038279
2694.600850
2793.099356
2643.332938
2335.553627
2302.249406
2236.237842
2271.618405
2351.463765
2386.288534
2599.792746
2829.552897
2714.522760
2546.569565
2628.375977
2510.546024
2586.749746
2600.766428
2822.099244
2929.044636
2849.024218
2631.769380
2752.655591
2775.061336
2709.617736
2712.046141
2968.164059
2859.553748
2801.860915
2793.827769
2691.530662
2334.733877
2334.733877
2246.630475
2228.048007
2341.545252
2497.494609
2649.015353
2616.029389
2521.644355
2497.647971
2583.352190
2386.565083
2518.115709
2579.571461
2610.558754
2520.287759
2573.494477
2557.116752
2637.563888
2832.811548
2773.444562
2715.696015
2724.209814
2712.046141
2558.277852
2642.553770
2771.964978
2747.175603
2681.768137
2730.416404
2679.059256
2486.245465
2447.434741
2468.083026
2454.640429
2358.211245
2489.581174
2595.943784
2606.436858
2397.289990
2477.389793
2499.873376
2370.924277
2280.476564
2462.681930
2563.250251
2479.123911
2653.488921
2706.857128
2633.606664
2518.822393
2586.604354
2621.493110
2561.916079
2608.327172
2684.204273
2672.130265
2436.293107
2505.675949
2472.468572
2536.199433
2583.065259
2653.015779
2757.655121
3039.964658
2902.209447
2767.016567
2826.469303
2890.121131
2603.402273
2589.038740
2660.767348
2820.662727
2636.066226
2680.849346
2693.019064
2719.598985
2645.833319
2740.053713
2795.619050
2924.908858
2984.673821
2853.155423
2920.677882
2745.443342
2618.011340
2644.828163
2679.532779
2429.529822
2493.766123
2637.755563
2561.759158
2426.127286
2528.687227
2557.439244
2555.697596
2483.836190
2582.217720
2713.610435
2644.674318
2488.710313
2550.248507
2665.099317
2570.760831
2615.278261
2623.446111
2758.891795
2724.053829
2746.575747
2875.257848
3029.023674
2895.814772
2914.360785
2914.360785
3007.392384
2900.984810
2980.686310
2853.730273
2855.820997
2731.401083
2702.682254
2526.480687
2667.837197
2719.237200
2619.068082
2598.864532
2596.480079
2473.639632
2358.611646
2534.287553
2581.412211
2692.040224
2714.671842
2714.671842
2672.584452
2578.225025
2492.085429
2631.611414
2660.046731
2395.751511
2492.237342
2754.679837
2691.047345
2600.766428
2758.730015
2697.214087
2479.673805
2481.836796
2616.820408
2490.620566
2576.669253
2718.300186
2648.419785
2486.245465
2568.698109
2582.791925
2318.438189
2344.841160
2482.457210
2504.657283
2432.650580
2625.570995
2746.722639
2603.097540
2563.100914
2645.143670
2548.616405
2380.485677
2554.959540
2841.513566
2749.208006
2734.899540
2829.370468
2948.146479
2943.755250
3005.359117
3138.775592
3068.863129
2960.051457
2793.531118
2906.401559
2889.943791
2867.492513
2826.343066
2759.722796
2447.898249
2353.608844
2297.987898
2296.117048
2218.285031
2396.619114
2507.474746
2614.332574
2595.625146
2719.987800
2695.556428
2513.191102
2556.129938
2707.855326
2730.120645
2635.391657
2744.492773
2664.500147
2537.238704
2450.474222
2606.607427
2561.597533
2735.665058
2651.526405
2635.820406
2587.021444
2613.636125
2316.180860
2322.240919
2282.361223
2407.415724
2485.402828
2737.475388
2706.857128
2729.197390
2589.580532
2523.904961
2468.802873
2436.011915
2455.790967
2494.538742
2464.094884
2459.805821
2556.262867
2789.721723
2738.181450
2804.090597
2781.461955
2947.485784
2718.835008
2735.051964
2753.500427
2960.530998
2784.372328
2813.238301
2804.971986
2712.843549
2410.916343
2390.749351
2383.776672
2445.515760
2355.107409
2385.996408
2289.754859
2291.599784
2187.466434
2300.154664
2447.742211
2689.666018
2703.049148
2707.185385
2709.268899
2575.976084
2475.426010
2546.720482
2673.555134
2542.545156
2495.070091
2476.773996
2334.574545
2188.969584
2437.094970
2712.213017
2732.507097
2743.676190
2749.733575
2594.014123
2518.115709
2390.876368
2435.503711
2470.092014
2556.262867
2363.489872
2472.060310
2565.443096
2639.236817
2563.403593
2621.190667
2643.522118
2867.974151
2732.507097
2742.921419
2771.554768
2921.047686
2616.465564
2563.403593
2594.340414
2567.702874
2323.286916
2303.272952
2420.206232
2485.980725
2510.546024
2563.899460
2530.637655
2551.098038
2477.237739
2397.116457
2434.074620
2503.107609
2570.760831
2544.121752
2634.279055
2800.627857
2715.842865
2529.378799
2527.445509
2539.462713
2502.801381
2587.281923
2831.339666
2753.329791
2669.224041
2743.238545
2876.125667
2814.923684
2872.343592
2874.352425
2706.165642
2712.996903
2569.207914
2649.170995
2743.676190
2612.421281
2401.284288
2433.834975
2495.476033
2354.143556
2360.239964
2424.867658
2498.507081
2326.487140
2395.885127
2557.771389
2529.025124
2492.237342
2623.446111
2604.830739
2490.283593
2514.476099
2561.916079
2559.604491
2594.639713
2649.809346
2854.205714
2729.362209
2686.149835
2755.798468
2690.196622
2497.162131
2671.450543
2695.943297
2622.173097
2704.105325
2733.048203
2574.969638
2570.962333
2638.710568
2568.954032
2515.636804
2634.398607
2650.795338
2552.613992
2570.962333
2595.332881
2509.140460
2388.261278
2380.067003
2591.224967
2571.347358
2579.571461
2653.334057
2673.695088
2415.470127
2337.424662
2341.865290
2351.794371
2345.695272
2432.047745
2485.402828
2591.934962
2501.844926
2581.741839
2714.967574
2719.478003
2639.391008
2731.766789
2602.586388
2422.193180
2395.490937
2395.490937
2405.754532
2380.958798
2395.490937
2391.003193
2569.341523
2509.808076
2512.151429
2456.591896
2599.033775
2578.391863
2568.258519
2592.705819
2615.278261
2470.631225
2233.062220
2204.054346
2304.635370
2259.641810
2392.855767
2516.024930
2581.577548
2462.486671
2567.274782
2702.682254
2725.302643
2846.350753
2936.599794
2938.359251
2665.260052
2583.065259
2468.631160
2517.772692
2491.127774
2519.914057
2569.079712
2685.970730
2573.044603
2601.813824
2793.099356
2821.366355
2729.521434
2846.350753
2846.350753
2755.167551
2658.752284
2554.144004
2605.445138
2556.262867
2487.044316
2499.545376
2641.195640
2524.230889
2577.710269
2795.326678
2797.211891
2674.147989
2614.992098
2623.098925
2365.338788
2361.251953
2426.758659
2746.870753
2654.489282
2723.596903
2801.241727
2834.059500
2604.296528
2696.899534
2721.005268
2682.350940
2591.934962
2491.619292
2470.780906
2497.795552
2436.293107
2501.844926
2755.957736
2889.402757
2787.111169
2852.884795
3086.493808
2859.092384
2670.315181
2770.111426
3001.872468
2784.641914
2749.733575
2887.312436
2920.343066
2668.180805
2678.539048
2828.126140
2834.217491
2694.454132
2813.420210
2760.056594
2704.582800
2686.149835
2779.377556
2687.165017
2779.377556
2838.796697
2728.300104
2723.900027
2908.176022
2797.415078
2645.833319
2709.443052
2724.996943
2503.431574
2624.505486
2950.543401
2913.910473
2826.860402
2960.203896
2966.458426
2650.458289
2703.940824
2888.307273
2857.662496
2828.982569
3001.105365
3068.863129
2839.943615
2907.542637
2926.398930
2792.945745
2712.996903
2937.354200
2830.709047
2916.703983
2929.044636
2818.321647
2615.902356
2595.476259
2564.800560
2603.692573
2615.902356
2700.702552
2827.508146
2725.150396
2770.111426
2975.199128
2988.875296
2867.812204
3009.350371
3199.696366
3050.311156
2984.123000
2938.251408
2835.974072
2659.362204
2833.750736
2895.946193
2933.055070
2853.019417
2834.380094
2674.316737
2654.489282
2562.369166
2556.129938
2484.393983
2593.095053
2644.209673
2806.092145
2888.138132
2945.847236
2970.084290
2832.485170
2746.428419
2805.724032
3000.689094
2978.115591
3104.903025
3154.152109
2955.247345
2719.237200
2713.150032
2679.532779
2636.594952
2675.544633
2708.384354
2636.594952
2760.936037
2785.458286
2896.231366
2820.435785
2896.231366
2689.666018
2767.660440
2773.853303
3044.592675
3054.553428
3059.206564
3155.807333
3280.799683
3063.132019
2998.018165
3235.266600
2985.347392
2813.045653
2887.074102
2948.326559
2790.550423
2919.718170
2987.468604
2952.438368
2907.399184
2854.042841
2774.128950
2665.426209
2618.190008
2790.550423
2857.292524
2947.485784
3136.219818
3505.543172
3321.070512
3269.918960
3177.424725
3183.735386
2988.875296
2990.657899
3070.915868
3224.929084
3070.915868
2949.672216
2941.786579
3030.467825
3015.966316
3169.773474
3219.416715
3241.704642
3026.147102
2997.705061
2942.173564
2700.106038
2617.823787
2626.761187
2637.349913
2466.893809
2641.195640
2755.957736
2809.311550
2628.822609
2616.308482
2659.528155
2631.107151
2584.059917
2547.388856
2604.642402
2600.620183
2553.488624
2553.488624
2731.952598
2949.351509
2805.724032
2746.428419
2764.201721
2807.267507
2521.841524
2556.812405
2696.538707
2718.835008
2591.395037
2733.048203
2817.153493
2831.499807
2998.317394
3112.887429
3041.143515
3053.623471
3067.846376
2969.908626
3000.828632
3156.953527
3230.554052
3072.352473
3030.467825
2997.864326
2962.918077
2739.057845
2798.759706
2927.622056
2974.625763
2875.971714
3050.630996
3120.345091
2966.932860
2882.923233
2880.969760
2796.491747
2673.555134
2807.084739
2743.531070
2687.981477
2780.219145
2876.461851
2649.970404
2572.171455
2609.040957
2627.559499
2572.171455
2723.444516
2866.970731
3008.175936
2938.359251
2909.742842
2989.990765
3102.583753
2924.226277
2963.332560
3149.998223
2947.638381
2726.092240
2756.842707
2789.872214
2672.868948
2714.967574
2891.468628
2973.711264
2811.300989
2754.010681
2867.492513
2768.891262
2709.443052
2869.533063
2768.891262
2693.424131
2859.553748
2913.228677
2842.886871
3072.454578
3086.136059
2866.773050
2868.844155
3067.697870
3081.852105
3055.035594
3182.773238
3149.843823
2805.108958
2692.223366
3043.394281
2996.316901
3025.058676
3248.634095
3334.688079
2946.028709
2919.066890
3068.863129
3009.576411
2955.943480
3191.436117
3121.881086
2913.052281
2998.926147
2914.611006
2838.964565
2886.653096
2972.682393
3046.442958
3132.598380
3072.242994
3143.976885
2949.351509
2791.371506
2820.216788
2804.700133
2693.979486
2852.033970
2798.529901
2812.842666
2872.878008
2984.123000
3059.355971
3133.315138
3028.551445
2970.815628
3104.487192
3202.902746
3321.518770
3350.409415
3333.049468
3254.562088
3248.634095
3105.032644
3139.886389
3133.185809
3159.582011
3225.491218
3407.843677
3573.857915
3643.272829
3554.818192
3436.046240
3224.929084
3142.647741
3406.968438
3476.478315
3441.778518
3394.449664
3376.160705
3211.753564
3373.840991
3404.659935
3480.362863
3443.367133
3465.586431
3328.064620
3283.241330
3318.046195
3277.271740
3037.272523
2836.192680
2729.521434
2688.312467
2752.010943
2894.246884
3025.534350
3011.120424
2867.652671
2693.223480
2646.600685
2595.193510
2697.744389
2841.363405
2935.660208
2769.044783
2898.214947
2974.229844
2898.214947
2842.717236
3086.952693
2834.913294
2632.085591
2629.904222
2681.441318
2487.559470
2641.681398
2957.469654
3006.602634
3053.967818
3267.184069
3180.861877
2961.786315
2941.511581
2959.610731
2777.501768
2838.796697
2896.231366
2918.894550
2808.189160
2846.087954
2718.979179
2640.853376
2825.664944
2928.057244
2881.398864
3066.158105
3184.640767
3025.058676
2959.314197
3086.012691
2987.468604
2954.992753
3112.609272
3223.655573
3043.394281
3022.801769
2998.466270
2737.649895
2672.286220
2932.126986
3034.617860
3069.697326
3182.565308
3143.275546
2896.564774
2835.110402
2790.151367
2726.440793
2743.084514
2865.020814
2852.884795
2658.050206
2820.102415
3084.934205
2989.230509
2951.968489
3214.632646
3027.940040
2777.830531
2951.079107
2994.109304
2973.845580
3129.667702
3086.376386
3062.094727
3355.351000
3369.896415
3199.395524
3238.789766
3293.951201
3119.791184
3053.967818
3232.452498
3281.364119
3232.818050
3144.318791
3150.661118
3117.932959
3089.131840
3262.582881
3215.117630
3225.599477
3211.391445
3157.925485
3011.256372
3196.039211
3191.532126
3169.293007
3247.116967
3360.691240
3209.233579
3097.891908
3151.072785
3126.542218
2815.665072
2830.066991
2934.542192
2838.095606
2895.556203
3004.645119
2949.027184
2967.466499
2984.348056
2945.083396
2909.235294
2874.509506
2880.828281
3062.983221
3032.468596
3179.528487
3293.951201
3220.178137
3154.538309
3248.987812
3177.875259
3212.495786
3456.600186
3331.867334
3243.446419
3219.296654
3065.181420
2825.361412
2886.946966
2738.886371
2727.925733
2795.475426
2793.531118
2754.514179
3031.613213
3072.980852
3034.617860
3120.799372
3169.910329
2983.988516
2887.827625
3119.791184
2986.278753
2963.788327
2990.393897
2943.755250
2802.044390
2949.836828
2966.316795
3097.599410
3355.351000
3441.414739
3468.030841
3570.857137
3429.210748
3282.251146
3204.615193
3101.939520
3116.330052
3458.293449
3352.282332
3262.031683
3286.331815
3032.329005
2792.414549
2903.643182
3131.060739
3106.437027
3233.763070
3229.796758
3129.667702
3090.853177
3028.859290
3057.975689
2969.405739
3062.715578
2937.799714
3071.189508
3021.861274
3144.717697
3098.194189
3184.321932
3106.437027
3149.673695
3079.749113
3168.914938
3265.031561
3443.367133
3552.291962
3689.926350
3738.860166
3471.777641
3231.909280
3172.673480
3022.641377
2929.365712
3116.070108
3216.034961
3196.152174
3109.863067
3058.781009
2980.606297
3058.781009
2990.929487
3214.632646
3381.280065
3439.070508
3428.720527
3412.417161
3251.801957
3327.584857
3204.615193
3290.936579
3235.162153
3270.341721
3216.395684
3321.442684
3266.048494
3305.213857
3401.418333
3499.370833
3386.443215
3261.317099
3398.929469
3380.449290
3158.054044
3197.129531
3053.623471
2948.858757
2874.967063
2832.811548
2900.669674
3072.454578
3120.067659
3000.966700
3129.929892
3238.893809
3353.792891
3203.881885
3361.503202
3326.256308
3324.101149
3163.924838
3324.101149
3410.394380
3379.290331
3226.992674
3282.481471
3202.902746
3229.674197
3338.234937
3495.997280
3799.302375
3847.151588
3727.858749
3588.035387
3575.513693
3245.327539
3265.885786
3361.901692
3300.102656
3199.492275
3423.139238
3560.791623
3457.807173
3551.872977
3525.036192
3465.112824
3294.796211
3266.210186
3448.751834
3543.107973
3559.039535
3846.599664
4002.611467
3970.735247
3911.864767
3764.103687
3676.068261
3577.706530
3615.108194
3660.327550
3664.403543
3621.785075
3571.914307
3367.687118
3271.096661
3197.567424
3125.450825
3260.981532
3329.711011
3525.036192
3604.998669
3785.034661
3795.195534
3771.399783
3629.653778
3746.563117
3570.330701
3711.357314
3662.499856
3615.327172
3759.009707
3656.853520
3470.234310
3703.249421
3727.763334
3641.927813
3705.580676
3701.205065
3714.878330
3724.821557
3661.133745
3765.745005
3694.079552
3773.948328
3721.044194
3651.102640
3659.109897
3542.786618
3317.646887
3502.381832
3461.864420
3430.293037
3750.513579
3794.776266
3740.084091
3745.892287
3768.200896
3671.801128
3658.693659
3709.806279
3931.295188
3833.013205
3675.450496
3554.956126
3793.084532
3513.739697
3676.182393
3811.697334
3886.967239
3706.470656
3889.037100
3838.558944
3889.037100
3962.464086
3716.314758
3517.612501
3527.715910
3299.771817
3335.362854
3487.252347
3554.818192
3634.616899
3967.628921
3978.189307
4012.854193
4251.560567
4150.651985
3982.487730
4055.703406
4147.794388
4157.874953
4334.894534
4359.150958
4247.833341
4145.423520
3890.730153
3747.481542
3651.275740
3500.073356
3467.380108
3634.888935
3693.001943
3812.141157
4009.936411
3958.198266
3783.925619
3688.090485
3778.042608
3855.803318
4023.972527
4075.213853
3935.698713
3923.376600
3685.655445
3552.291962
3747.104837
3878.550103
3755.339158
3930.889127
4076.219544
4129.625391
4185.142093
4139.753290
4133.188591
3962.895590
3819.935244
3727.454558
3821.529705
3830.849418
3875.974721
3898.338976
3951.467149
3957.617700
3967.150321
3950.394227
4046.341653
4081.820649
4220.727246
4060.991911
4099.922703
4021.939775
3866.026598
3669.034924
3793.602812
3844.812860
3756.877660
4119.906515
4164.820103
4176.498075
4259.994083
4417.881309
4264.234654
4442.517825
4545.614952
4515.732331
4520.618226
4466.154121
4358.559969
4360.053991
4128.370746
4081.820649
4093.816463
4013.684473
3905.294827
4122.366519
4025.876714
4076.705517
4132.711340
4028.175970
4018.198764
4076.798786
4036.402535
4192.156233
4154.591687
4170.685716
4220.164598
4201.591318
4170.685716
4251.413343
4185.142093
4172.842243
4263.451140
4343.159659
4275.826280
4479.927963
4604.126379
4526.500990
4506.325536
4524.332131
4348.005437
4208.683819
4156.754546
4036.122971
4204.329937
4362.843476
4508.359891
4659.611730
4713.123897
4711.631017
4567.862109
4524.603309
4471.695683
4563.588277
4592.491955
4684.561800
4606.856841
4717.734969
4613.163535
4611.095163
4684.537167
4633.592910
4658.457551
4728.191069
4640.746144
4505.982580
4593.614852
4538.325956
4500.979389
4759.389627
4905.158246
4945.811645
5095.830825
5153.065445
5181.903229
5350.426271
5345.850375
5319.190148
5229.435226
5231.238078
4862.016102
4991.304477
4821.078167
4882.641545
4749.314739
4881.288758
4944.158468
5003.726733
5116.411205
5043.467933
5197.496698
5072.022603
5153.670113
5049.278253
5097.893667
5028.350895
5112.755566
5059.367512
5180.260659
5193.378740
5189.850693
5121.827362
5232.600338
5246.412454
5447.009539
5463.226274
5326.023856
5204.801782
5145.800360
5131.927500
5146.610415
5329.222354
5414.917290
5341.146885
5483.495835
5660.052019
5751.913250
5833.901169
6049.836078
5889.998638
5911.624530
5860.449716
5811.585825
5756.677996
5732.510964
5584.168184
5452.640530
5557.981800
5617.070852
5623.664311
5627.789116
5718.133290
5572.782108
5537.384397
5779.687762
5958.781987
6171.652786
6339.789660
6571.338077
6618.225928
6670.808869
6669.809834
6683.603097
6524.198856
6468.437162
6488.226011
6455.637157
6593.355939
6681.602553
6994.618118
6960.634114
7001.575157
7208.220310
7269.815240
7091.962791
6980.897700
6894.924802
6691.957487
6691.957487
6611.443747
6913.586471
7210.584213
7375.429970
7413.924325
7502.535741
7636.343169
7709.940942
7734.876533
7898.819689
8092.247681
8014.577697
8124.655590
8225.401144
8221.401895
8094.055956
8431.492263
8390.483135
8225.530564
8247.956081
8283.826939
8042.132029
8225.100353
8519.804022
8624.600033
8786.705844
8922.366556
8963.217201
9055.429266
8932.341887
8908.006358
9051.491581
8901.287177
8971.875064
9217.180056
9382.172609
9296.017872
9644.733282
9783.655710
10007.585938
10070.280359
10055.659389
10062.434968
10090.681098
10131.815806
10363.118411
10662.355559
10867.230600
11140.193627
11341.390596
11605.370985
11902.946102
12013.765487
12140.808734
12448.522303
12642.027019
12925.131385
13271.608386
13716.455842
13838.160848
14053.677567
14375.419207
14521.382762
14492.023202
14836.533552
15243.613207
15383.027372
15811.563718
16335.414251
16943.508756
17232.939455
16865.866630
16585.074560
16543.743207
16354.349690
16812.014200
16872.563752
17114.296291
17380.917492
17984.071618
17988.487092
19607.014829
21085.671146
22265.523110
22874.100843
23765.200929
24458.370164
25266.566442
26007.350170
27440.988403
28828.196564
28729.516030
27353.323800
25980.552563
23825.049528
21104.985735
19490.586146
19390.609484
18935.489793
18920.544286
19451.313951
19743.245156
19298.392675
19494.059788
19753.423934
19990.789135
20346.513199
20331.471402
19960.142065
19935.324460
20157.548995
20707.330440
21931.737321
22668.152834
22717.728414
22886.278216
22734.881579
22740.968396
23354.178609
23694.262080
23803.672763
24347.387452
24676.894783
25021.675074
25163.262502
25459.053846
25674.363724
25926.704200
25969.510914
26656.837965
26548.019364
26532.105023
25950.692142
25325.802776
25122.492140
25731.677739
25470.757005
25593.912024
25829.995069
25452.649257
24667.855795
24510.015444
24225.130673
24237.110166
24378.429889
24636.790445
25124.584241
25540.920348
25516.455987
25807.398880
25447.318573
25292.087350
25158.262789
25090.739217
24381.159144
24298.747315
23741.111159
23595.590110
23429.683642
23447.373965
23363.116994
23239.994742
23416.508226
23629.840242
23626.004018
23946.024652
24200.439779
23763.328655
23332.672915
23769.226610
24133.877999
24568.723898
25209.280247
25518.041024
25085.771178
24432.479341
23656.884785
23004.823200
22674.279578
22674.279578
22754.223528
22909.781364
23322.051660
23978.277788
24101.778581
24080.315853
24319.822363
23827.643451
22811.914825
23049.767758
22769.936582
22517.797399
22862.607466
23857.249201
23797.601977
24450.535319
25177.173708
25612.184879
25683.401774
25548.513786
25228.610225
25031.520482
24385.232566
23989.046715
24372.917167
24521.753651
24487.305146
24448.766187
24189.945336
23787.592807
23745.324717
23583.653659
23973.085464
24317.468604
24563.390442
24523.670110
24687.990246
24265.297733
23902.367159
23512.488038
23321.807876
22907.593768
23126.443298
23344.632780
23487.543222
23720.894743
23771.975531
23534.226971
23359.760843
23601.797216
23953.598002
23965.393441
24008.408580
24059.309610
23770.252704
23628.531212
24017.855067
24544.943318
24604.711714
24982.244036
24698.005878
24820.448927
24519.359500
25169.344636
24957.488549
24887.037374
24774.204219
24454.634922
23599.268238
23160.620171
23010.880805
22873.609186
23331.292735
23413.398168
23373.960814
23522.975035
23477.780779
23244.272770
23865.691925
24178.816937
24155.150578
23767.620720
23615.757500
22852.230027
22548.880598
22251.318862
22444.016766
22868.567032
23362.955756
23625.908490
23738.884924
23607.042588
23512.909233
23617.590298
23550.071052
23445.922938
23248.451894
23144.038919
22823.952747
23125.696961
23714.700996
24209.085135
24169.631318
24477.701405
24499.892983
24173.787374
23996.650886
23927.604456
23599.316841
23955.885010
24209.535278
23995.890114
23987.798974
24338.375132
23754.241216
23527.249413
23968.504019
24496.011476
24470.896780
24667.726429
24514.618352
24481.485794
24284.804426
24334.169007
24229.406881
24718.325714
24663.260673
24471.656463
24173.461080
23971.473625
23904.712165
23734.956818
23687.359814
23740.945212
23646.484117
23523.962305
23778.164061
23632.758580
23401.260492
23442.008026
22979.676488
22787.283545
22686.928575
22541.100537
22284.463288
22542.351966
22848.228980
23351.024371
23553.717599
23723.525142
23916.836016
23548.256733
23660.739313
23640.728094
23736.919903
23472.150916
23355.322794
23043.569825
23232.378015
23437.638926
23659.842824
23735.753959
23636.887378
23216.659205
22750.923710
22351.211683
22186.254427
22174.640659
22679.397839
22747.134996
22824.546750
22775.100373
22877.747840
22334.274961
22810.291376
23099.195325
23393.230252
23544.817548
23821.096852
23585.349960
23491.907928
23452.737061
23128.730731
23291.208622
23379.411554
23668.012653
23567.334841
23774.551022
23833.865119
24026.921514
23920.484658
24242.024382
24266.862262
24072.161393
23864.972834
23720.617637
23560.398992
23338.930687
23679.611936
23560.398992
23569.351466
23518.165556
23860.523117
23926.422796
24406.426654
24417.585808
24292.120635
23861.322023
23578.332173
23192.698589
23175.040010
23193.122902
23394.302528
23142.138528
23447.519643
23709.708910
24009.262382
24264.098557
24481.192051
24136.893234
23790.067432
23318.226080
23117.238988
23008.195550
23254.823279
23481.648070
23770.252704
23384.616888
23436.950230
23442.134670
23346.362227
23115.426646
23646.401972
23859.749041
23996.650886
23965.828940
24018.657579
23881.936749
24335.345851
24169.246632
24004.287253
24329.100345
24265.041603
23555.543430
23305.342375
23398.489788
23408.733539
23389.551720
23503.202198
23659.062474
23787.703199
24009.112246
24190.051265
24294.486863
24315.099582
23975.171798
22851.078875
22319.698217
21880.463194
21564.988452
21471.837845
22068.360339
22076.605476
22138.285710
22232.631916
22679.397839
22658.832002
22584.668286
22510.705981
22537.609572
22031.048264
21711.046640
21752.286125
21831.817071
21963.475701
22389.928855
22834.961454
22907.235783
23225.040062
23657.395123
23686.514347
23768.557784
24022.636334
24080.857842
23801.492879
23588.284489
23536.873747
23755.726188
23604.775768
23421.760252
23777.569805
23693.207483
23742.286757
23537.310459
23578.332173
23201.091203
23503.589417
23213.155025
23157.507413
22997.767429
22829.128944
22535.474628
22580.978237
22658.699723
22481.672393
22524.430790
22499.559998
22518.008194
22706.822695
23012.624613
23379.411554
23674.549408
23656.206304
23498.041142
23463.361901
23165.592682
23099.606484
22925.140509
23108.206959
23222.912699
23367.411961
23441.280980
23698.158604
23566.260381
23572.750684
23410.069279
22995.462315
22733.358841
22684.095053
22511.136327
22998.425906
23099.103384
23096.869989
22953.213764
22821.992417
22537.609572
22332.298253
22266.568389
22349.008315
22492.554280
22718.754644
23047.490134
23202.986742
23182.771072
23424.855366
23482.117186
23402.137068
23595.590110
23689.510002
23334.634996
23201.632105
23372.011910
23611.778093
24007.807219
24497.573654
24737.745874
24518.502599
24148.927007
23494.951882
22877.437070
22611.103320
22454.687076
22225.167555
22630.946860
22820.091513
22802.861271
23278.668049
23655.684914
23380.540278
23345.667522
23061.427099
22679.754756
22657.820376
22817.214575
23161.633966
23737.558986
23907.862767
23938.226145
24240.199121
24291.344354
24037.265733
24347.731469
24282.328242
24187.907798
24046.031481
24156.543082
24081.491063
24462.915215
24546.678935
24540.641768
24622.615781
24471.172840
24101.778581
23983.469088
24204.641340
24264.652767
24606.920059
24787.735155
24629.810661
24174.121872
24067.337414
23851.933578
24022.504317
24414.172740
24702.985522
24408.336554
24561.995924
23887.237117
23359.666133
23197.622276
23613.459966
23673.063711
24242.662909
24985.538790
24987.786103
24622.701726
24395.287137
24330.028523
24239.920095
24539.293846
24861.134540
24776.856000
24963.741674
25388.106410
25386.653805
25548.577427
25598.060413
25718.586734
25540.406369
25486.865930
25780.248272
25819.691952
25567.101838
25388.241207
25437.697650
24964.522492
25161.662403
24979.207832
24523.237053
24532.342147
24290.135225
24107.194709
24254.009250
24498.137419
24603.490875
25223.203501
25643.757531
26031.350468
26020.999395
25884.102317
25277.302874
24982.020223
24715.342879
24991.727228
24893.963667
25220.347933
25326.931429
25193.552564
24978.718588
25326.931429
25147.333365
25144.721775
25456.670552
25897.970361
25805.134523
25838.807413
25666.481220
25803.760176
25243.612076
25358.665969
25701.011533
25900.281057
25633.132308
25586.416746
25467.129193
25364.774872
25434.471768
25906.278674
26497.271266
26378.022133
26224.659972
26087.501453
25797.794060
25738.757224
25714.128264
25836.456468
25992.020633
25737.965878
25503.733693
25645.168393
25801.504871
25593.912024
25754.364274
25559.043233
25230.387878
25264.018735
25608.752086
25718.950505
25731.872744
25949.469379
25758.196609
25265.776466
24906.808263
25055.061909
25257.674542
25242.376391
25404.169819
25662.666680
25878.250061
25746.787987
25755.879859
26077.641614
26046.799827
26139.372493
26496.431050
26673.915225
26164.763377
25976.677422
25466.035664
24830.154895
24813.991121
25080.710086
25045.909457
25013.529759
25351.591947
25369.315469
25711.842660
26134.543211
26485.308482
26569.815932
26660.371517
26523.381692
26098.724431
26248.058432
26092.304565
25669.915994
25122.492140
25118.518357
24747.095369
24342.684060
23820.942363
23974.916378
23704.102894
23353.228697
23805.953732
24455.985402
24702.985522
24894.680159
25411.305970
25420.944249
25852.425819
25811.127095
26153.544707
26428.957462
26654.791927
26428.100083
26729.424637
26241.384699
25866.016725
25949.908263
25690.148880
25271.907627
26086.348901
26674.404162
26781.129127
27041.247948
27451.163908
27465.604846
27358.826658
27361.380631
27421.214881
27125.822525
27183.184218
27322.141527
27088.701437
27195.446648
27540.185367
27425.454722
27246.631983
27624.298090
28022.280189
28223.002944
28239.843153
27807.309175
27450.092667
26836.515015
26813.900911
26643.656243
27273.057339
27528.521534
27789.862341
27851.054234
27859.502727
27722.094754
27892.722703
27870.031057
27617.692307
27669.523929
27966.645269
27521.625015
27581.637297
27546.755308
27809.219587
27577.464407
28176.093258
28367.428748
28670.686669
28751.093500
28514.914927
28188.863208
28026.572786
27512.261725
26970.791637
27146.478944
27571.716156
27993.893360
28670.224214
29355.923641
29691.674367
29663.818467
29284.900164
28941.005077
28571.859725
28297.080351
27950.016677
27992.820556
28039.340382
27972.008023
27775.349764
27592.546249
27512.715855
27483.670924
27785.414113
28197.532002
28773.762327
29360.828235
29836.638283
29836.638283
29858.877186
29553.377658
29160.268975
28785.168314
28620.751481
28540.766171
28657.639887
28666.433578
29084.321500
29148.214407
29101.201971
29372.305896
29638.695777
29681.825321
30053.119693
30331.611419
30406.515928
30543.265141
30605.453415
30689.508600
30588.842043
30613.417377
30797.499428
31013.232798
31025.524437
31431.920887
31471.028873
31310.250704
31300.876358
31830.022840
31972.786708
32479.677162
32748.569384
32562.068142
32194.289295
32049.120419
31934.604843
31805.513335
32024.993001
32222.072897
32545.647924
32667.061153
32851.877076
32511.312211
32484.354265
32250.891639
32295.298885
32193.162772
32479.936903
32494.525493
32911.709095
32633.926668
32810.159380
32688.781314
33041.980647
32746.486161
32696.937934
32361.562679
32530.067233
32201.072679
31873.412820
31756.751150
31653.995574
31791.874793
31859.351702
32774.199075
32976.687008
33259.239782
33101.371040
33347.521524
33273.839150
33643.187144
34054.154326
34328.937692
34017.303981
33906.467072
33935.331412
34250.321028
34312.123982
34564.564208
34330.345896
34283.548187
33690.059881
34047.146018
34256.777394
34289.189015
34309.470732
34376.365521
33988.686732
33578.419152
33628.098319
33604.804908
33926.973049
34113.981338
34068.765139
33804.530155
33790.159213
33823.715875
34065.290003
34503.935946
34621.143468
34571.914390
34136.373720
33725.779898
33435.257990
33286.614845
33285.554806
33435.820612
33485.118508
32964.447289
33083.418316
32935.564717
33011.211686
32695.583216
32900.518621
32460.910224
31981.552685
31692.947370
31668.082138
31364.475813
31106.095688
30808.348048
30164.088960
29782.820429
29778.627713
29965.284735
29948.706518
29968.476034
29843.591633
29904.830219
29564.834840
29295.908116
28842.942212
28696.742175
28226.934153
28385.322842
28773.322636
29284.061644
29634.814573
29842.220248
29842.220248
29979.235159
29716.699604
28769.932974
28442.679645
28023.146319
27778.779491
27743.243137
27995.374207
28326.157017
28659.916741
28416.072579
28302.382605
28273.655104
27935.009374
27720.171347
27482.689778
27521.748429
27595.980812
27575.683153
27007.459995
26853.980940
26764.719539
26729.629130
26844.714813
27380.558913
27646.427211
27933.441712
27904.987223
27920.755956
27701.121528
27529.288492
27258.531759
27212.673948
27389.233917
27681.140932
28240.326202
28598.744279
29151.958513
28939.068301
29035.255458
29041.561566
28963.930974
29263.182251
29542.528070
29573.407689
29691.603490
29916.316414
29534.703593
29637.757049
29881.489143
29881.489143
30067.839557
30193.676378
30501.027487
31138.874085
31842.429595
32071.640279
32112.222220
31999.526960
31751.327126
31320.830634
31393.934084
32069.022158
32392.843412
32524.120746
32810.953077
33302.329943
33116.111806
33316.743665
33493.147949
33850.316717
33709.818319
34005.438296
33740.788353
33630.052301
33232.131236
32960.451753
32796.906149
32879.226534
32778.470666
32803.096420
32913.855677
33174.311113
33356.902635
33609.713182
33400.068933
33409.626893
33292.300034
33197.737279
32935.555460
33138.459168
33007.857210
32601.204100
32260.269434
32459.840199
32301.329657
32188.384481
32705.619840
33306.313503
33109.166473
33101.361821
32967.851130
32459.668861
31911.699644
31716.787017
31238.965258
31289.804488
31474.018459
31700.190434
31796.335478
32012.184139
31989.380171
31913.507725
31811.154163
32050.795788
32695.460031
33055.091291
32985.164709
33207.003830
32842.047625
32253.158325
31737.636813
31505.865468
30914.720201
30905.165536
30806.288592
30864.532995
30751.387180
30860.077406
30852.065377
30742.748386
30597.011108
30754.146622
30635.464110
30194.216399
30293.271590
30324.025572
30006.129473
29805.033935
30145.459392
30208.490463
30189.156994
30252.661942
30557.920498
30539.723637
30570.756133
30581.798995
30905.493687
30653.398166
30655.770360
30663.843030
30656.783265
30436.036578
30571.046674
30689.573944
31018.276241
31102.879989
31406.602636
31598.995306
31793.799127
31777.480104
32055.577537
32084.273585
32420.363152
32479.677162
32648.048606
32610.165013
32487.468696
32392.843412
32109.894396
31598.995306
31548.211875
31581.337145
31301.456511
31242.130904
31176.573987
31034.784693
30771.844126
30730.849256
30533.934675
30823.422056
30722.938390
30874.914374
30929.990149
31301.413327
30996.274473
31142.624485
31156.988584
31132.563963
31406.872608
31612.363101
31783.462805
31629.987229
31498.344357
31163.452479
31362.944475
30985.555553
31471.334616
31869.273590
31757.979494
31860.573186
32143.583958
32071.715832
32085.542400
32487.573172
32810.159380
33123.246013
32767.978595
32682.362477
32796.979907
32799.126282
32572.575499
33001.368686
32890.433468
32633.882995
32222.045910
32204.198388
32177.295481
33022.419722
33473.886637
34039.734639
34068.760575
34230.563147
33724.001719
33401.955159
33131.520811
33351.260749
33476.357334
33753.309921
33935.718173
34090.047867
34271.924651
34403.202209
34520.121285
34856.520028
34971.303496
34813.615514
34672.081896
34249.940023
34075.179247
33857.917122
33810.703845
33804.628442
34217.225668
34010.114225
33716.695428
33465.627459
33299.178371
32643.091565
32450.277339
32265.427610
32292.762788
32058.423618
32210.285799
32585.573177
32906.052707
33474.217377
33857.926327
34013.620123
33529.542681
33041.980647
32575.059643
32316.298711
32129.946702
32388.400357
32544.644355
32657.727765
32653.281763
32530.140603
32161.227654
32251.384984
32055.772629
31978.231554
32265.396329
32511.393410
32236.477723
32145.500462
32368.912854
32204.446424
32169.704420
32629.421155
32706.883859
32799.407361
32824.277283
32698.448173
32192.810743
31992.259909
31340.058924
30968.896390
30819.460252
30771.844126
30927.569017
31171.454807
31132.604255
31171.454807
31596.232798
31627.062391
31573.881739
32103.367723
32479.025908
32294.102842
32033.881585
31978.280245
31697.562797
31366.801028
31000.053482
30967.001110
30597.375525
30287.431431
29789.447439
29758.513346
29511.472576
30061.425408
30045.231694
30568.353017
31066.735195
31195.621431
30806.171718
31079.056817
31056.637052
30819.890916
31242.180401
31394.078036
31034.927203
30854.605175
30985.698114
30876.974888
30407.080885
30479.174205
29978.858443
29421.104371
28547.510627
28264.274589
27845.964716
27835.556724
27706.631561
28008.222598
28404.078445
28571.047113
28638.059537
28935.698386
28935.698386
28876.546375
28623.743368
28595.734818
28504.995261
28708.809271
28504.493137
28820.316290
29202.215341
29334.932090
29135.659486
29309.734385
29055.359555
28882.313303
28572.852181
28388.303640
28339.455488
28222.798702
27994.788210
28007.557511
27869.682108
27728.016778
27869.682108
27945.068727
27834.895063
27798.977578
27497.373559
27345.620424
27124.456075
26888.264628
26939.291469
27041.921865
26818.147855
26643.945837
26629.718022
26354.176645
26188.051884
26183.458861
26109.801494
26040.362618
26164.440841
26342.857736
26348.701099
26411.064355
26320.932915
26151.645698
25686.451393
25582.761639
25384.349875
25150.919370
25101.989251
25645.034394
25723.382840
25741.928896
26102.764628
25727.456454
25290.775038
25290.775038
25253.603301
25002.837533
25336.400229
25427.059014
25172.227887
24981.890044
24789.062282
24795.470551
24970.023230
25177.026459
25205.531560
25419.423655
25419.423655
25035.400151
24449.144181
24274.388408
24266.027061
24315.223181
24196.456399
24528.535465
24577.773241
24452.366186
24127.958767
24046.031481
23660.509243
23174.521216
22760.208193
22884.469224
22974.494792
23352.471572
23850.319581
24156.039279
24118.255235
24432.479341
24534.625852
24271.706175
24358.605256
24151.827293
24229.597780
24285.010747
24420.474457
24285.010747
24665.000710
24622.181926
24515.230047
24743.275050
24972.530706
24788.549584
24505.146759
24583.362573
24724.732023
24650.683545
24637.406228
24766.637310
24688.728720
24469.295276
24445.037705
24637.695817
24671.102195
25029.660914
25238.953208
25542.411416
25616.324023
26005.716130
25987.658735
26370.839789
26309.435072
26151.579860
25823.011039
25538.402430
25286.308305
25184.932866
25514.473221
25356.561983
25388.631579
25359.996912
25569.536322
25311.713623
25402.488035
25590.783166
25705.877175
25338.087548
25056.392694
25183.931798
24930.880937
24762.696000
25152.697622
25375.041371
25358.594551
25606.874105
25820.224359
25731.872744
25831.868503
25877.155119
25915.806049
26127.090913
26260.388544
26497.964977
26164.074629
25880.828232
25327.035579
25068.842225
24859.552652
25196.280657
25394.921734
25557.493960
25571.569901
25402.884170
25178.889273
25130.078515
24982.244036
24897.857694
24897.857694
24887.492293
24875.478926
24625.414682
24496.511853
24244.920209
24240.893219
24140.217686
24359.780465
24335.345851
24557.252808
24253.451809
24337.833095
24270.107413
24206.783634
24233.509601
24258.228739
23999.566552
23857.896768
23887.023207
23655.684914
24022.566230
24008.280501
24098.405704
24436.843138
24612.321805
24229.195682
24188.204312
24349.915164
23677.104526
23321.847776
23347.888969
23110.323379
22603.597300
22602.099973
22688.563940
22337.672139
22563.093735
22573.948577
22495.627597
22155.759855
21874.645063
21171.229520
20804.097266
20517.131746
20656.903409
21140.816585
21491.660607
22006.638295
22472.187675
22709.881325
22855.292325
22805.866495
22590.856323
22396.068784
21938.132937
21589.220894
21556.171630
21538.456739
21445.909912
21378.858190
21428.315130
21385.051307
21044.467083
21040.523592
21232.124825
21092.310722
21103.160393
21114.848808
21143.521638
20879.203809
21076.028149
21217.980865
21578.861241
21674.729596
22181.090100
21916.978869
21744.116140
21697.486274
21467.380185
20996.779968
21011.334110
20929.282900
20687.137005
20822.784387
21654.028060
21987.910996
22375.653965
22611.507548
22806.013168
22581.885626
22741.854945
22510.208491
22694.449179
22881.176960
22699.109926
22424.157012
22327.736090
22215.039545
21796.466535
21582.734839
21777.883127
21720.850057
21339.535191
21538.456739
21467.150828
21202.598988
21287.282531
21263.978592
21143.162026
20680.886999
20522.578411
20405.710667
20438.104683
20560.145054
21188.923575
21389.529700
21596.758791
21734.408373
21820.333777
21756.048114
21458.702352
21702.861646
21725.217431
21433.892713
21358.128631
21475.377928
21210.305349
21118.031610
21270.173525
21316.852972
21193.784138
20621.839550
20367.192089
19956.641993
19792.187538
19806.608967
19962.790696
20245.747418
20469.124840
20444.928085
20381.844529
20500.506036
20387.333661
20236.199371
20044.562364
19855.631872
19711.971181
19455.828875
19543.868395
19628.111903
19892.462263
20083.607348
20368.471856
20588.263935
21012.710114
21154.634405
21443.870752
21772.127225
21560.544033
21576.013934
21625.552478
21319.187730
21143.339640
21428.315130
21095.578487
21195.464918
21232.472993
21154.758807
21086.198242
21252.937313
21003.464990
21020.288366
20927.749445
20429.066148
19942.101808
19786.686232
19706.333576
19493.191703
19542.606889
19422.733964
19600.809602
19436.241857
19584.554588
19661.045485
20255.869737
20012.117891
20130.597769
20190.757238
20237.314239
20133.011182
20214.932834
20134.787287
20114.634993
20083.566471
19854.943489
19949.267199
19961.663805
19723.479334
19647.503214
19847.796542
19673.675559
19662.544360
19913.298860
20026.469140
19996.865990
19956.512481
19942.012754
19699.597122
19761.200819
19580.914007
19505.101327
19483.127006
19587.777603
19257.536843
19514.643443
19761.170270
20157.315692
20731.064562
20819.076438
20650.629252
20420.417611
20387.969975
19809.781699
20263.281923
20429.417470
20769.968123
20509.655863
20581.436590
20294.060158
20044.859683
20064.108202
20127.844163
20281.595846
20281.595846
20528.058564
20320.783007
20390.543059
20468.743414
20540.442061
20509.438701
20494.433312
20473.920334
20207.539467
20131.887367
19876.296428
19722.443497
19430.551595
19413.156696
19356.929963
19459.484686
19666.738391
19837.559873
19777.321603
19344.827740
19573.064675
19337.337128
18847.794030
18740.653905
19105.871220
18885.895674
19199.610228
19565.169418
19513.804557
19458.598158
19159.999801
18762.571257
18653.399118
18694.583812
18530.586195
18308.503317
18113.681602
18175.509722
18093.251723
18042.083670
18435.514874
18541.350651
18284.714687
17999.496463
17996.749535
17931.622770
17894.882226
17964.247651
18103.857798
17978.807091
17820.388043
17843.404138
17747.079429
17301.722225
16998.557126
16689.024781
16556.699259
16455.825341
16543.863979
16382.010386
16071.170631
15828.424580
15430.857006
15262.660682
15188.855894
14984.746928
14691.081142
14239.334911
13575.000876
12914.707095
12081.367662
11365.760398
10685.017763
10196.510693
9738.711061
9814.471063
9508.840557
9363.064441
9098.716346
9088.627210
9081.831721
8915.785439
8876.641464
8888.969558
8570.808983
8037.491546
7742.234292
7506.574678
7379.067024
7500.391661
7524.682615
7515.697895
7500.314544
7399.747668
7237.700598
7266.566410
7286.948060
7350.151735
7376.604054
7288.618696
7321.994182
7278.823156
7250.426912
7276.649942
7227.956909
6830.436476
6821.983451
6737.916244
6781.745575
6828.489745
7110.039420
6997.011990
6792.550345
6595.142477
6497.063146
6486.218004
6578.513097
6694.516505
6767.193028
6815.914774
6647.352011
6610.740286
6694.225001
6714.915780
6755.573297
6845.008958
6783.124633
6781.957092
6678.851799
6512.281848
6499.153970
6774.358693
6891.020125
6894.924802
7208.720787
7320.522143
7108.843395
7030.878685
7121.132066
7121.132066
6983.669029
7110.099622
6971.213377
7091.962791
7141.347377
7167.392802
7147.618450
7294.794017
7332.351206
7179.957678
7375.933134
7433.710970
7671.204412
7816.265133
7992.690702
7923.990895
7996.574991
7903.801431
7938.208584
8104.548886
8502.757181
8898.999474
9084.698336
9017.365603
8900.372012
8771.015768
8484.431111
8326.447576
8283.722256
8634.336329
8700.835930
8785.243222
8930.878953
9273.216683
8971.875064
8973.260227
9041.448005
9176.886027
9047.108321
9160.712878
9171.502196
9438.502593
9432.090986
9608.496962
9965.780238
10131.948540
10130.905475
10244.945037
10218.359584
10092.431827
10273.088422
10260.963094
10443.701503
10632.216238
10740.506178
10767.426735
10978.348642
11235.512309
11649.902872
12036.760848
12406.213337
12740.354523
13060.248273
13257.513956
13489.294671
13795.285746
14056.096118
14300.447331
14552.472792
14669.498657
14582.552040
14882.069312
14991.044162
15050.550668
15610.639460
16174.756208
16353.408699
16652.433642
16971.017251
16791.973149
16594.864397
16707.740443
16660.224355
16551.173879
16763.216071
17260.876159
17693.228399
18380.100146
19892.134958
21186.727499
21728.376076
21587.313310
21158.791029
19851.962113
18617.075780
17939.182060
17820.249961
18064.857047
18165.267989
18349.628128
18034.210319
18343.772079
18194.303516
18276.327671
18208.713343
18457.453950
18067.238087
17958.816672
17708.894129
17490.972677
17466.160160
17659.172851
17474.432624
17602.778304
17651.591740
17644.319974
17158.700265
17066.351235
16967.590301
17039.442909
17017.295904
17234.714995
17482.878374
17263.648683
17200.164232
17194.953157
17080.412361
16754.640039
16875.369464
16676.700376
16496.734520
16348.856624
16407.907304
16385.684262
16763.355011
16903.337391
16895.244066
17044.264053
16899.144468
16517.482784
16481.518357
16594.962212
16502.656770
16613.507751
16914.916216
16865.986603
17119.893260
17284.706348
17575.531705
17464.697204
17462.721046
17136.465467
17128.237857
16939.509528
17054.801643
17545.068695
18117.873094
18197.562750
18248.663407
18154.868057
18096.622119
17979.514637
18165.033539
18331.065667
18431.191360
18520.190167
18499.375018
18390.417052
18739.824550
19201.192098
19228.130859
19258.260414
19488.029380
19384.082433
19166.528121
19341.753156
19442.224884
19413.581331
19298.818530
19112.033952
18747.364227
18692.192456
18628.858280
18493.283721
18589.727846
18912.076123
19045.101480
18886.764333
19001.784189
19229.863534
19347.866220
19414.909042
19374.396083
19400.825777
19351.423090
19009.450055
19024.214568
19464.616869
19555.277084
19575.722705
19872.642971
19861.382797
19738.055339
19986.261734
20034.911091
20044.498675
20142.455740
20177.347742
20093.538823
20167.549422
20069.291254
20069.291254
20053.028497
20162.095430
20274.769553
20356.708699
20375.494035
20490.317440
20777.755903
20816.745063
21038.669712
21346.232783
21621.394631
21490.251102
21493.980059
21720.850057
21605.279613
21673.424102
21823.101904
21911.796897
21618.218595
21817.472394
21658.928443
21752.090119
21845.557250
21834.800942
21654.505470
21535.293869
21111.604565
20722.947444
20625.571930
20684.633149
20668.843594
20801.163746
21382.492104
21499.504076
21319.044555
21673.900230
21905.942659
21491.831745
21293.983803
21131.678478
20799.580616
20740.632027
20967.374232
21332.623613
21601.002243
21684.818016
21502.581581
21233.557147
21160.094752
21203.419775
21293.887507
21318.578988
21543.566812
21361.535953
21288.167206
21021.400896
21036.121153
21099.547497
21354.556503
21346.333099
21627.293871
21485.903074
21309.540188
21354.191948
21397.107281
21270.090375
21415.506108
21406.899735
21475.933558
21448.994814
21304.323907
21492.941987
21599.254069
21275.079595
21186.883910
21580.475530
21502.711176
21494.175417
21672.659453
21969.807258
21816.062233
21697.100428
21938.436473
22143.326836
22118.711465
22145.102497
22294.660827
21919.583067
21455.432234
21264.621255
20995.912162
20876.619238
20819.030528
20924.036257
20813.318038
21176.231756
21026.303807
21038.669712
20989.684146
21063.326853
20823.359952
21022.134604
21172.211262
21436.597081
21627.293871
21713.676909
22097.366618
22395.098741
22616.677535
22982.535613
23692.000781
23443.207354
23173.139387
22957.305940
22628.984087
22017.972295
21714.004641
21738.850217
21898.979141
21898.979141
22060.647622
22266.000396
22485.258095
22236.860118
22054.022762
22238.719519
22275.392976
22255.184095
22535.322198
22902.003196
22992.930939
22957.511176
22937.214381
22832.339254
22323.995640
21593.807757
21540.469430
21579.490831
21413.134141
21822.851210
22241.142452
22169.768281
22229.084852
22522.371625
22415.981978
22432.065572
22750.133656
22918.579521
23038.593336
23095.722665
23124.460596
22944.227722
22777.945520
22757.725004
22993.776752
23165.838201
23231.856616
22895.180008
22611.103320
22387.341716
22153.642636
22079.833848
21995.798282
21986.902488
22049.985994
21972.182509
22163.235773
22410.796255
22371.118796
22373.288773
22736.397915
22647.934252
22672.604884
22681.268008
22742.667369
22240.733718
21962.092048
21803.198419
21658.928443
21295.716864
21252.713725
21189.600131
21027.041954
21124.983850
21237.574756
21498.428636
21728.100831
21834.891202
21879.496391
21937.030062
21889.720804
21989.758934
22165.886369
22164.449748
22361.469562
22338.161018
22139.289534
22031.048264
22162.236128
21733.812492
21748.158305
21842.246440
22233.693225
22284.550956
22627.682560
22562.105994
22722.224819
22837.025011
23009.824279
22919.647148
22957.060020
22794.882169
22224.340739
21715.720416
22312.035791
22706.458183
22848.053877
23268.413219
23657.130352
23341.272542
23499.143324
23651.104145
23712.664080
23477.277801
23114.438460
22488.962149
22287.205284
22219.888013
22555.177525
22803.614061
23478.003434
23763.413396
24036.408006
24236.121662
24307.718400
24037.004532
23928.174515
23423.969875
23261.802944
23306.640297
23120.285267
22905.009485
23288.034599
23272.797893
23157.664462
23205.216321
23471.879222
23245.686605
23161.594187
23112.166097
23141.339678
23183.925994
23280.926449
23273.524143
23467.289707
23585.618743
23559.187435
23649.543225
24151.759085
24642.015015
24693.243707
24900.052633
24929.527840
24633.586522
24294.833701
24596.692953
24834.360701
24752.255582
24863.747225
24878.089810
24910.939686
24609.375367
24693.334508
24784.359346
25098.157395
25063.223358
25217.381015
25364.774872
25506.919455
25201.413609
24916.496689
24934.967454
24965.800755
25199.092011
25350.970838
25520.723487
25625.904921
25631.604070
25620.691786
25663.695344
25575.594121
25245.291581
25179.301175
24666.078371
24457.317035
24701.043733
25137.566327
25164.750654
25326.931429
25250.824304
24826.499329
24520.901742
24381.212782
24015.205430
24057.839379
24504.945056
24793.919379
24859.552652
25124.223297
25189.712090
24937.638629
24761.377232
24726.080470
24836.730781
24849.349726
24833.326731
24408.769100
24749.489067
24971.261478
24911.937312
25293.264922
26041.602882
26023.778578
25761.344402
26041.772349
26313.128184
26003.164561
25564.425171
25257.832921
24950.133457
24618.324620
24896.967998
25366.711451
25753.474673
25899.369462
25491.129523
25308.605119
25016.427334
25048.187791
25078.981721
25485.023521
25298.222026
25150.690785
25070.063117
24818.211104
24270.264484
24092.070039
24139.481172
23928.046607
24178.072841
24695.223016
25212.142519
25441.756479
25535.416603
25437.053667
25293.137582
25020.129527
25053.831801
25322.148156
25724.070576
25609.118053
25437.154052
25523.742587
25502.883115
25273.224347
25380.313022
25560.615153
25103.188338
24967.653296
24969.868775
24877.617287
24766.538503
25216.218396
25080.316871
25048.951050
25146.344408
25133.571286
25166.314631
25470.757005
25729.431021
25901.199687
26151.709802
25946.746287
25729.006463
25358.136398
25466.567414
25441.642020
25785.984637
26079.737847
26237.749643
25796.155866
25657.244071
25608.082095
25606.006203
25372.134702
25439.509688
25698.319321
25115.512643
24497.489356
24497.489356
24468.991023
24152.667836
24421.618389
24819.377515
24737.597623
24823.477962
25098.330481
25157.946201
24951.353543
25189.401160
25013.248067
24980.196948
25088.839453
25495.358895
25688.288101
25616.583662
25690.430332
25735.669570
25435.589547
25236.575426
25845.440546
25696.351981
25702.289964
25966.335627
26456.638741
26571.456047
26399.698639
26151.436383
26232.894225
26163.880489
26150.119494
26327.649580
26366.862238
26002.535214
25563.438841
25440.162939
25713.037720
25908.123529
25914.854084
25926.803920
25280.821641
24847.991852
24907.258700
24887.236546
24848.387667
25156.343354
25334.686107
24920.514625
24938.011217
24847.860838
24982.786495
25254.132948
25629.535582
26027.043758
26029.165100
26195.653180
25739.917720
25528.874189
25175.584812
25183.931798
25308.910580
25454.196165
25761.935317
26095.382900
26068.464414
25652.135398
25851.456603
26146.113198
26139.822822
26447.556686
26546.218581
26601.357568
26309.886046
26463.403936
26289.126898
26412.401308
26201.098340
26145.343955
25905.441087
26086.489499
25934.198908
26083.473873
25989.680253
25643.018826
25519.614932
25290.656072
25057.880693
25037.801415
25322.261804
25086.366765
25213.356980
25152.191112
24642.991257
24252.722041
23993.632353
24059.136059
23894.682355
24377.586517
24943.875104
25574.208782
25708.914970
25891.716301
25717.786066
25415.103151
25189.495844
25345.247777
25845.551468
25909.352694
25885.104905
26051.341320
25823.178519
25479.091843
25887.153446
26109.594086
26134.097684
26187.577945
26002.720881
25612.685068
25299.572388
24848.254555
24998.136554
25104.659909
24749.958996
24774.204219
24671.495331
24161.047415
23986.692232
24277.872512
24055.572494
24121.245690
24105.215500
23993.981959
23881.573695
24239.497197
24397.252864
24680.324087
24955.687638
25262.945165
24951.496610
25037.630551
24834.518410
24746.449472
24372.917167
24655.143018
24780.740982
24729.396723
24535.887974
24452.090009
24085.367105
23741.111159
23726.838420
23859.999772
24308.921054
24535.497725
24896.967998
24923.399379
24683.559180
24642.396213
24594.064064
24341.449737
24316.723324
24544.504497
24249.137260
24187.128705
24277.241768
24494.575516
24270.437853
24367.422517
24263.082064
23856.889345
23737.902166
23510.137052
23311.370962
23509.287379
24113.932172
24200.439779
24813.392486
25402.488035
25506.606406
25237.758854
25126.998147
24846.479916
24154.995949
23955.132921
23985.539870
24127.390002
24026.764186
23899.989921
23563.949128
23481.857908
23213.232324
23368.798884
23420.231406
23545.038866
23526.527992
23460.479375
23197.858550
23512.050355
23287.478066
23182.891356
23034.842185
22889.563973
22684.271300
22999.852385
23059.512450
23225.710278
23225.710278
22733.358841
22506.670999
22229.669863
21866.637644
21919.868455
22459.730380
22577.223257
22559.336107
22509.872281
22055.956585
20965.298246
19880.837101
18992.547722
18470.909802
18085.917193
17999.228454
17970.552807
17765.514097
17490.823264
17523.301088
17915.575698
18288.710222
18368.886116
18333.601714
18118.469414
17749.347771
17531.502292
17675.054523
17882.525129
18335.313972
18862.843968
19548.875989
20331.236985
21663.733652
22373.949408
22837.533133
23439.817745
24034.637452
24058.953426
24241.525421
24420.220886
24551.072361
24721.476297
25250.595258
25373.944146
26040.469420
25889.022287
25932.698086
26268.638724
27049.595254
26939.363062
27345.970976
28000.500291
27627.692505
26960.603357
26888.585618
26729.055743
26465.996597
26379.751360
26915.345846
27411.667560
27911.415633
27739.591090
27587.414962
27130.225944
26313.714380
25765.019253
25465.910118
25358.739707
25124.769997
25080.089603
25153.145252
24951.924280
24665.000710
24781.945633
24817.210479
24568.192129
24966.178999
24916.729684
24841.308829
24871.964286
24833.746525
24571.272366
25055.584405
25358.739707
25748.909069
26182.155037
26840.825715
26877.114594
26496.101911
26124.290268
26064.225469
25718.131809
25946.315197
26312.722715
26298.057869
25842.664779
25168.221769
24368.104380
23636.003147
22958.860406
22416.503784
21873.458117
21413.760837
20949.994492
20649.231752
19970.643613
19236.055041
18431.867383
17782.555229
17503.096810
17594.820113
18162.104953
18646.485028
19048.795374
19235.145318
19128.473598
19112.033952
18916.900601
18878.735172
18773.998281
19248.636232
19503.343458
20457.546411
21357.965631
22713.510056
23771.082343
24983.103431
25438.968434
26275.893218
26899.112285
27073.034484
26955.783012
27221.089523
27093.877846
26922.830751
27336.501846
27618.766248
27749.084062
27824.264482
27591.108324
27401.984965
27262.418016
26888.749194
26915.684977
27229.120455
27191.744836
27356.489029
27460.813573
27097.312788
26494.543432
25999.180334
25514.817104
25002.009173
24684.167196
24213.914719
23576.727144
23065.844025
22481.227002
22093.337871
21693.030066
21055.913169
19907.115298
18885.826949
17833.722068
17222.605099
17144.398829
17134.654961
17554.935297
17665.711983
17724.507496
17474.019356
17855.221524
18176.904985
18540.412791
18814.953654
19123.741313
19013.479164
18862.047274
18980.722511
18908.257568
19070.734785
19273.889668
19434.516563
19847.909359
20279.324738
20306.367891
20490.317440
21499.201575
22118.907138
23181.946696
24448.766187
25003.594173
24969.348355
24735.105865
24000.937183
23829.709291
24096.938642
24457.610446
25115.779134
25575.594121
25657.478522
26324.127440
26090.655669
25631.112749
25552.732673
25803.996015
25367.259701
25297.592215
25252.231417
25078.271997
24560.829819
24145.865229
23698.925242
23612.636246
23584.201329
23221.881951
23061.676813
23117.129829
22953.015577
22960.841844
23190.501177
23126.327921
23405.717886
23495.794198
23721.134711
23832.511581
23868.879147
23393.787258
22854.118001
22240.809874
21876.232611
21673.224649
21646.807533
21857.702733
21908.985767
21789.095383
21912.013146
22004.724829
22006.723520
22327.132306
22933.218869
23689.763163
23913.582437
24412.051860
24571.710104
24331.623210
23661.091307
23495.265343
23156.933558
22762.874744
22683.060206
23048.022274
23431.814061
23801.209161
24122.480266
24136.364918
23986.503402
24177.249695
23913.105833
23373.105558
23341.995439
23144.951706
22675.388301
22544.055933
23085.246810
23425.250585
23653.218605
23809.256580
23928.046607
23801.299626
23560.800898
23382.407477
23405.439799
23864.624991
24163.746386
24701.530438
25243.226561
25487.013832
25337.480749
25470.866644
25028.759729
24252.076016
23923.215848
23754.999558
23481.977285
23493.357562
24135.497881
24252.722041
24494.334333
24663.036729
25025.089170
25311.713623
25531.454360
25484.543521
25486.247526
25525.535883
24781.699414
24278.846180
23893.152912
23458.709556
23121.033151
23328.158005
23359.097421
23268.592086
23328.158005
23421.303172
23022.876679
23698.563068
23977.134265
24426.205412
24622.181926
25387.095808
25292.767321
25682.018039
25616.767022
25265.597351
24978.973673
24330.333722
23963.284802
23503.455965
23134.455286
22982.930961
23237.240572
22722.542673
22814.958230
22965.343281
22758.911231
22311.465820
22371.118796
22112.658539
21581.071031
20114.824615
18695.088158
17559.764279
15969.061764
15393.730340
15085.995823
15067.786109
14836.310266
14778.574674
14351.567476
14563.027733
14540.582463
14686.270268
15178.866077
14965.596090
15317.687315
15256.507047
15172.335234
14581.569526
14608.581835
14021.801721
14036.477551
13635.854218
13633.939846
13474.440894
13242.159343
13002.502964
13120.808600
13279.115474
13263.717154
13440.051086
13634.827385
13708.436622
13673.585740
13482.283482
13757.121877
13618.144543
13610.198729
13571.514795
13755.525572
13564.668767
13687.654310
13860.136991
14151.245722
14629.049722
14975.828276
14846.436691
14865.455356
14680.231336
14638.045364
14389.934273
14787.499965
14931.127472
15026.343408
15033.034569
15358.250691
15352.401202
15175.658497
15463.169832
15690.014543
15745.139343
16647.327380
16986.341445
17636.425594
17436.517330
17690.678845
16915.385601
16903.337391
16591.502619
16811.307466
16971.073433
17340.688177
17580.476487
17651.924802
17998.816607
18154.936475
18296.402061
18593.440745
18610.625323
18364.142934
18086.265500
17992.055482
17904.259995
18141.856179
18961.954743
20323.928750
21327.317817
22165.672539
23355.591695
25035.570363
26030.575483
26959.977573
27181.228331
27115.792768
25959.969481
24148.710191
23310.017791
23381.786922
22753.988902
22316.580350
22810.502797
22436.619150
21871.382345
21883.725428
22092.713458
21971.339962
21939.900075
21540.672676
21358.020936
20695.862651
20402.504098
20269.644771
20375.694679
20611.864340
20994.225419
21656.469923
22590.122226
23274.019403
24241.025802
25682.682070
26248.869696
26310.471749
26452.053687
25740.601588
24909.708978
24441.292434
24351.297712
24359.780465
24544.504497
24695.433182
24884.262768
24839.341652
25007.458017
24773.712168
24855.502540
24831.529469
24882.292739
24780.167247
25085.635657
24847.728798
24861.813845
25028.429930
25351.915071
25304.953575
25524.936307
25660.274552
25871.666203
26060.425775
26621.933587
27038.117612
27302.732957
27011.437333
26609.490287
26205.414651
25878.708712
25351.407914
25336.945318
25246.805247
24971.719081
24647.674330
24526.471204
24327.768476
24292.501545
23856.277377
23468.685577
22767.789942
22484.488223
22209.604616
22574.392981
22852.230027
23360.836967
23636.301179
23742.400589
24022.225764
24081.652261
24081.652261
23892.878362
23935.706256
23478.249164
23273.627003
23306.773976
23516.311739
23713.242728
24213.491184
24598.158014
24649.143509
24185.787443
23469.860497
23021.161677
22582.821018
22481.957717
22773.929886
23293.225227
23136.991563
22908.102104
22865.063192
22737.358691
22551.080709
22593.270990
22798.128749
22722.542673
22923.468028
22969.066361
23048.532969
23280.443897
23325.304765
23269.588036
23632.519805
24049.220834
24497.573654
24889.655265
25074.411737
25002.368461
24826.262900
24348.307537
24391.636722
24457.317035
24319.586293
24479.820875
24675.101085
24948.249840
24595.070917
24367.570085
24026.921514
23715.408185
22844.182854
22134.526668
21703.549068
20729.853478
20117.885000
20060.428784
20005.579249
19599.264468
19949.893210
19447.747545
18856.435385
19087.107981
19079.217111
19082.279452
19123.093052
19115.961903
19034.837065
19933.201344
20513.306602
21568.330745
22611.201609
23753.905198
23923.765424
24354.133998
25229.818747
25779.751528
26011.711691
27313.678698
28251.628100
28791.268685
28967.561643
29115.541551
28459.125510
27874.672933
27270.050298
27302.971941
27120.501690
27036.666550
27270.050298
27581.496900
27741.060682
28065.430153
28007.898425
27919.841705
27617.462017
27161.618236
27110.625514
27072.383855
26854.476466
26803.630071
26462.729629
26077.333113
26163.647469
26122.629697
25980.047113
26168.483464
26187.577945
25998.819713
25844.773437
25904.805882
25648.237194
25513.437769
25658.014682
25785.823890
25643.457952
25620.989836
25148.837584
24457.797111
23615.300090
23354.882146
22809.709722
22503.310097
22310.967807
22382.793429
21988.862954
22337.833536
22965.083637
23831.553745
25014.685804
26672.746115
28696.742175
29724.729890
31051.457432
31689.819412
31733.977800
31248.518517
31162.314774
30117.873230
29193.314798
27985.984658
27155.268661
26548.149849
26237.025906
26029.401708
25900.582499
25498.323564
25305.240057
25147.777940
25189.063678
25079.961438
25096.214868
24991.387829
24942.507294
25069.454295
25569.382193
25768.247922
25778.927099
25598.266353
25366.562251
25184.301957
24952.018731
24656.926967
24392.421176
23963.570480
23557.157157
23384.516389
23206.243169
22711.753393
22334.416489
21116.757721
20123.949144
19082.011344
18456.997926
17800.053785
17837.796064
17616.642345
17464.441059
17595.486534
17794.833207
17948.659758
18124.598740
18624.976451
18458.755931
18305.097649
17998.434050
17746.612965
17115.900018
17148.848052
17114.296291
17409.456710
17702.904485
18484.446591
18663.236423
18816.497556
18676.978462
19111.918828
18545.537923
18227.334523
17782.717666
17882.625710
17428.844349
18151.318022
18713.680193
19266.931911
19498.365799
20226.379373
20351.461327
20656.938886
21244.193227
22001.243382
22625.139672
23207.293507
24036.534062
24655.651502
25202.131865
25721.508886
26708.394346
27824.005449
28695.740790
29435.385756
30178.422604
30095.762353
29585.586249
29166.699831
28093.816941
26629.363218
26031.877676
25367.570934
24897.725553
24859.838430
25883.954794
27036.753632
28123.804734
29142.732644
30891.853739
31102.937030
30639.568578
29884.836246
29150.377836
27950.085874
27133.781808
26796.179920
26783.352798
26863.450829
26872.684030
26905.183545
26631.860977
26677.137688
26478.271272
26627.177472
26436.520951
26231.375972
25890.949012
25815.104296
25334.908683
25850.005779
26163.880489
26134.784847
25915.427485
25773.026278
25057.195759
24521.753651
24226.572084
24316.881884
24843.265636
24802.797602
25067.020386
25348.743559
25263.896319
24790.591194
25028.671687
24890.831931
24698.549282
24758.173290
24962.575467
24547.664322
24299.230172
24332.158809
23471.440786
22837.747366
21742.504875
20856.472114
19506.154801
19080.107211
17662.007128
17424.344406
16589.781682
16644.780685
16445.738937
16810.621139
16735.738389
16888.396334
16816.465037
16547.478951
16576.932480
16517.351748
16277.157463
15862.798926
15866.971311
15638.617648
15422.449652
15564.267787
15718.199165
15439.501089
15487.952050
15744.413708
16054.327532
16093.087682
16406.801962
16889.053843
17030.837381
17178.338693
17820.249961
18292.115006
18460.955611
18715.161546
18815.453503
19008.591739
18813.841065
18682.507539
18737.936175
18762.696568
18461.027902
18495.930667
19011.637429
18843.277974
18652.616322
18671.063452
18787.642969
18441.837155
19178.015282
19776.985180
20049.156567
20457.681100
20828.908427
20923.471231
21337.658431
21813.026400
22260.457162
22911.473843
23377.265142
24208.234220
25137.004953
26052.161793
27116.593974
28025.183254
28614.339284
29136.369244
28861.437050
28283.718790
28130.809366
27295.698999
26157.273437
25886.405070
25157.585026
24213.686472
23647.455170
23451.148739
23032.393475
23197.108710
23664.695316
24417.585808
25217.476227
26002.891003
26527.495270
27048.582688
27403.344373
27454.659928
27397.181341
27717.042114
27292.579280
27497.496125
27803.075905
28000.241677
27509.543231
27498.395075
26888.937125
26309.344242
25845.335475
25656.934245
25574.927376
25308.485579
24990.250178
24751.868003
24376.922457
23960.050961
23968.504019
24212.657222
24587.943360
24774.292070
24971.261478
25045.204086
24675.623015
24173.787374
24107.053573
23916.183311
23778.164061
23793.019338
24006.693479
24261.712031
24140.546206
23849.278464
23699.734289
23745.006764
23631.811004
24082.710064
24361.756587
24723.359758
24856.115890
25098.247690
25161.923859
25278.517527
25258.333269
25357.252416
25154.677262
25074.574073
25080.613267
24924.763720
24508.714284
24341.688609
24300.237395
23828.885490
23328.405306
22667.901706
21858.968428
20718.290856
19655.916507
18700.623546
18045.635934
17357.010950
17351.133164
17164.728174
17193.406574
16967.564176
16951.324586
16732.221915
16652.120291
16375.843887
16045.339167
15931.702165
15702.540584
15560.457566
15671.206467
15895.189915
15870.253259
15556.168428
15891.408886
16243.895899
16614.947457
16763.924548
16868.201305
17012.011926
17223.703358
17127.538359
17462.721046
17603.808892
17550.793160
17095.418838
17659.172851
17754.702803
18243.184349
18277.555551
18708.637091
18524.245521
18319.430284
18332.193070
18840.946425
18998.813948
19101.880659
19938.748673
20199.706790
20486.996312
20786.400604
21260.207701
21340.065344
21614.397383
21760.565472
21860.887149
22068.209814
22563.493200
23339.021269
24313.622514
25230.038467
26423.859822
27875.143622
29220.433262
30331.106803
31936.412924
33237.501519
33523.660743
33611.787706
33421.184665
32696.937934
31384.722063
30704.445535
29498.165381
28420.968661
27534.852432
27120.859018
26247.687221
25691.183673
25632.010427
25724.255527
25545.654994
25586.416746
25776.830557
25898.172600
26004.038305
26109.541838
26413.265434
27394.295272
27793.592119
28025.805022
28558.896211
28814.568370
28166.885208
28076.294977
27783.032531
27465.222660
26962.475531
26747.420719
26015.129164
25779.362134
25291.300672
24690.919818
24309.304670
24211.085708
24147.735664
23848.215787
24015.205430
23948.502429
24055.572494
23692.714023
23708.791010
23645.191993
23667.477887
23558.528340
23490.844508
23835.456564
23802.044468
23754.873720
23467.805763
23621.005088
23617.281697
23585.973296
23572.265378
23646.149993
23293.511901
22652.542700
21641.563736
20836.384997
19746.327735
18825.957104
17752.799735
17219.164989
16710.407532
16577.126424
16148.564932
15728.193045
15668.521083
15689.196112
15881.608303
15980.136097
16127.400228
15936.425337
15671.581710
15179.346348
15268.153213
15214.457174
15336.459251
15090.231845
15008.710421
14787.426581
14711.357677
14580.184957
14680.332912
14639.329898
14571.525759
14678.917551
14616.477725
14694.317840
14743.152054
14729.259741
14647.517081
14549.414491
14243.718016
14141.378561
14001.716479
14141.378561
14389.976966
14672.964482
14911.147912
15142.918646
14995.240061
15201.368811
15275.846785
15377.972443
15713.115934
15903.648738
16343.155481
16406.801962
16165.102578
15670.843367
15538.847398
14632.641330
14411.261681
14436.230145
14614.339098
15079.471187
15739.824676
16344.226268
16414.673278
17013.007762
16820.782597
16600.725945
16147.349181
16295.050469
15722.670163
15946.523712
16735.117370
16946.835999
17080.324514
17727.961600
17951.800571
17753.555431
18436.725910
18890.452440
18874.285205
19142.612534
19324.431103
19355.671836
19894.968814
20356.529020
20494.240537
20558.893582
20732.536876
20513.245258
20444.050914
20392.278782
20778.741358
21092.453044
21459.810959
22581.885626
23759.555714
25405.863229
27426.288547
28519.631010
28942.026509
28741.856106
27772.549660
26502.002537
25507.387190
24121.163139
23294.414050
22338.347471
21395.331212
21114.268611
20952.700744
20751.748629
20695.862651
20661.268542
20513.245258
20663.340131
21204.185581
21837.658157
22118.804943
22506.562597
22789.463493
22902.118432
22933.389452
22939.162543
23255.317957
23382.508037
23708.702482
23922.026573
24361.130963
24525.098812
24724.433188
24412.271623
24268.402953
23923.399825
23418.875621
22988.104794
22969.763291
22809.913492
22899.530438
22906.136731
23061.793836
22937.005997
22792.622409
22826.761606
22991.916520
22819.339100
23009.469646
23047.632203
22739.857945
22146.948844
22165.411774
21742.759994
21516.025452
21426.180983
21721.127054
21346.012900
21068.719040
20773.465724
20457.681100
20273.414409
20205.518257
20104.773028
20156.593145
19871.216492
19391.006569
19021.584295
18970.320726
18257.005946
17890.311727
17450.375313
16651.406474
15922.492595
15402.562314
14666.731329
13700.694523
13515.359453
12748.465350
12671.161782
12435.234700
12656.278244
12408.021430
12496.455518
12151.831571
11998.296989
11747.909168
11639.142734
11534.809034
11427.920119
11655.494384
11454.886004
11247.275717
10863.747743
10576.920493
10125.662685
10168.747889
10232.789351
10314.624373
10218.583341
10247.578866
10163.691525
10083.310299
10124.789600
10327.378375
10550.614444
10651.023834
10571.001639
10685.650510
10905.498523
10514.161639
10423.369397
10245.171090
10188.080747
9926.105388
10112.408639
10175.616797
10294.967499
10422.662416
10564.752612
10478.481299
10428.820390
10617.459293
10490.127033
10252.585379
10365.040036
10328.626799
10131.864908
10205.245678
10694.765937
10710.281017
10860.652181
10963.068440
11004.549317
10526.312975
10542.822145
10337.730010
10200.266758
10026.322657
10204.254626
10049.847622
10259.560167
10261.119322
9988.252873
9979.586975
10256.408783
10232.277566
10455.412184
10984.774460
11112.671778
11269.254348
11287.324009
11062.105078
11027.073648
10894.024775
10621.091396
10407.784330
10663.927579
10529.055900
10524.564190
10532.610056
10694.824721
10748.365584
10696.537368
11030.449741
11222.658495
11376.521604
11341.464037
11282.444464
11004.621275
10896.072612
10918.524494
11164.572478
11658.775266
11959.198235
12001.935788
12049.070159
11983.456657
11808.697560
11758.321948
11919.932031
12047.287109
11926.134091
11852.516480
11678.937217
11662.961012
11650.290740
11896.130091
12270.012549
12705.192981
13197.246127
13618.144543
13774.021882
14046.612421
13866.642871
13678.293384
13312.592918
13326.986214
13214.217379
13407.720792
13379.071996
13612.561266
13914.507369
13975.621208
14229.229857
14303.063242
14366.275465
14540.762935
14629.120507
14851.603970
15161.339233
15417.678977
15417.678977
15747.355419
15939.421500
16289.652420
16433.217226
16465.813884
16533.546151
16694.019750
16895.244066
17625.168635
18326.593902
19015.192770
19733.987582
20346.876478
20543.920824
20877.984675
21138.834301
21485.664975
21848.518744
22155.985878
22256.616207
22672.976870
23588.594181
24853.951977
26345.395013
28321.044591
30478.910167
32729.584272
33824.943140
34309.335146
33238.002988
32118.323139
29900.486418
28140.516708
26885.425405
26478.560702
25277.302874
24112.644309
23788.433385
22908.516111
22385.608865
22209.435167
22213.781271
21436.317194
21413.894198
21440.155631
21112.270939
21012.062905
21219.223061
21030.533162
21013.794155
21164.124266
20970.898035
20444.050914
20164.347521
19787.206958
19405.498192
19128.008160
19243.239437
19472.374079
19447.747545
19870.964316
20001.381786
19933.813344
19942.046504
20093.636576
19986.624096
20291.472385
20390.126987
20367.316977
20445.260889
20464.334000
20535.142746
20806.091355
20998.510519
20906.083136
21096.470447
21085.752189
21235.647681
21151.800887
21143.339640
21035.310432
21365.443873
21283.206245
21131.678478
21304.409573
21493.114458
21057.226229
21100.073175
21541.445858
21799.811685
21676.665560
21845.464678
21884.620143
21738.915557
21464.173425
21587.313310
21567.605388
21497.710389
21663.447695
21856.816778
21538.589625
21434.057066
21378.693119
21181.381984
21058.204820
21235.149381
21175.174222
21172.768925
20914.631561
20818.455969
20622.810842
20532.498274
20308.485625
20183.845057
19949.671099
19832.223310
19972.461585
20083.512178
20399.179389
20886.995878
21011.037809
20961.836448
21076.295732
21062.677218
20781.254769
20896.121681
20885.711640
20517.699671
20308.485625
20138.434983
20136.218563
19976.020755
20185.271562
20339.932240
20333.268018
19963.897777
19532.545965
19055.216563
18484.475626
17984.133194
17555.189229
17100.130738
16743.497052
16478.724321
16160.847250
16027.345034
16218.354438
16103.539103
16240.783342
16103.539103
16109.665876
15718.287639
15862.543843
15078.854191
15206.175070
14711.391737
14549.313647
14120.851487
14510.208351
14260.166327
14135.293421
14306.594101
14349.013968
14170.561274
14205.689872
14436.720227
14125.986153
14121.643441
14105.280948
14006.872073
13871.547530
13849.549965
13671.580469
13678.873863
13773.932789
13820.571941
14307.070807
14668.796387
14842.816294
15027.036182
15382.773018
15627.476537
15995.971844
16110.301496
16474.406757
16623.567704
16864.079884
16750.826066
17000.911521
16824.210368
16884.452921
16655.430243
16630.646292
16651.478202
16784.474335
16723.035043
16723.035043
17149.045204
17174.101067
17393.318756
17658.549335
18236.109498
18305.417231
18669.360561
19142.613814
19729.437925
20029.118566
20601.789693
20913.888579
20854.624456
21134.845470
21610.373914
22205.580842
23550.748787
25031.770196
25919.662320
26411.430635
26515.885345
26081.125268
25301.600613
24435.877226
23689.145836
23352.979828
22803.427666
22148.530486
21919.000857
21480.894843
20905.367880
20621.934741
20541.766224
20683.651499
20870.327000
20882.021883
20769.609229
20874.145749
20626.162480
21080.983607
21300.584526
21694.207443
22045.844316
22275.190247
21899.290516
21790.427072
21742.090140
21497.838036
20966.391198
20722.556343
20469.241953
20149.849350
19950.292890
20133.247144
20044.498675
19693.617329
19195.019777
19036.815210
18442.209654
17584.615159
16925.891778
16289.847584
15199.196985
14462.881019
13831.369403
13394.459258
12640.169509
12122.552165
11587.277280
11236.067577
10672.474819
10329.865260
9798.659493
9273.302871
8624.600033
8042.132029
7789.401143
7385.756951
7067.681727
7007.614607
6923.323716
6626.262225
6394.790712
6109.758341
6006.667152
5718.017351
5564.107686
5502.249376
5535.210988
5253.072085
5158.412452
5111.757890
4974.314393
4957.801636
4960.252591
4994.723913
4925.101672
4925.101672
4974.382104
4945.224530
4869.350934
4917.032673
5189.850693
5160.995834
5234.049697
5398.750559
5368.041135
5189.601090
5228.147519
5261.282236
5294.213352
5339.277062
5499.727776
5616.506573
5480.586390
5345.313525
5482.773069
5488.809687
5486.666725
5699.689092
5876.686069
5929.812061
5929.812061
5806.725540
5751.270527
5928.184019
5779.810173
5737.153628
5935.664761
6220.115203
6076.686524
6185.599244
6228.620690
6163.225993
5814.006381
5532.825435
5340.085241
5340.085241
5274.551012
5340.983014
5619.883413
5757.330542
5566.862317
5456.073002
5418.260438
5297.091157
5170.255877
5369.299251
5580.417922
5662.124196
5841.149388
5777.189885
5791.251711
5699.461367
5695.258258
5582.049788
5543.550177
5390.888362
5223.154208
5193.838882
5284.459891
5487.413188
5623.440583
5756.677996
6018.116376
6044.691372
6090.543084
5937.879295
5759.939879
5455.794987
5410.514284
5262.932079
5236.303148
5314.307002
5269.386371
5329.322662
5466.371051
5521.857887
5407.335000
5395.471729
5141.525507
5239.919062
5406.832789
5518.716189
5447.724516
5305.060651
4922.527858
4553.689297
4578.525620
4534.069723
4564.091877
4556.281909
4771.434752
4673.552856
4911.246118
5116.125346
5093.373774
5102.321570
5230.946621
5359.817894
5204.244816
5299.949992
5184.863830
5191.717724
4838.148979
4831.868519
5113.415161
5203.876312
5170.572802
5210.621802
5292.867646
4936.198977
5147.164383
5019.711828
4991.058504
4841.654328
4837.346342
4371.721778
4370.089989
4523.315496
4633.788182
4699.202955
4888.219979
5078.685464
5001.157138
4972.835942
5138.668622
5204.244816
5142.142920
5051.025308
5039.344533
4836.520699
4866.528452
4766.126767
4901.349495
4900.249755
5080.213210
5018.697475
5053.385032
4877.580913
4968.190814
4828.904478
4750.731525
4664.577777
4718.040414
4475.849842
4465.557111
4444.875060
4644.193230
4579.646870
4803.196927
4690.796437
4791.435747
4575.590207
4611.457843
4496.797081
4736.718898
4563.881608
4713.342859
4771.277212
5001.264466
4894.163794
5130.419044
5114.208706
5193.725358
4882.469833
4810.256812
4574.819027
4636.407815
4456.247250
4406.881374
4472.632794
4511.378523
4349.791924
4380.432531
4873.511731
4892.057987
4897.641877
4961.128454
4761.154902
4432.715159
4230.176913
4350.609690
4219.817914
4492.626103
4486.437864
4570.791111
4596.007060
4579.245905
4570.464443
4613.422614
4645.430702
4412.109256
4426.527992
4197.304664
3982.487730
3783.236933
3906.460203
3914.290976
4055.159473
4124.198018
4222.898236
4161.535049
4220.606558
4371.851405
4252.871510
4224.306223
4009.194745
3703.249421
3270.070561
3333.692510
3355.731806
3581.951750
3897.763752
4315.527193
4537.458683
4616.597124
4510.029058
4492.059711
4342.898786
4182.452020
4127.555224
4003.906977
3901.508535
3668.503540
3695.045753
3715.893989
3941.590044
3929.128163
4118.149258
4122.148552
4129.996858
4019.445388
3939.081858
4072.673881
3994.917994
3974.334263
4113.950424
4058.718022
3856.153838
3878.873998
3979.089848
3925.733606
4051.123070
4026.380642
3932.088930
3864.762556
3741.467657
3961.237967
4068.124013
4330.399378
4393.823948
4562.538690
4268.620722
4214.709999
4124.859361
3983.092140
3991.349448
3880.773301
3991.671456
4082.155237
4127.555224
4018.997904
4209.560221
4151.179598
3856.239304
3790.679219
3764.103687
3852.484922
3945.293548
4034.523198
4271.435615
4290.413709
4138.524072
4074.369941
3990.084665
3745.892287
3760.179831
3800.744676
3854.559279
4024.899513
4043.315153
4178.165102
4139.479135
4235.459372
4138.838650
4069.408119
4052.118298
4040.159778
3769.063447
3668.638669
3568.114545
3401.734714
3375.504133
3313.674891
3388.803850
3530.383893
3600.473293
3764.284872
3815.728119
3813.073848
3879.196613
3809.531508
3778.423834
3758.510566
3877.758498
4104.682062
4225.584330
4283.981053
4537.561297
4463.797092
4143.600619
3866.188554
3745.368968
3511.900246
3333.692510
3423.316965
3487.418325
3393.702314
3539.357906
3599.473310
3451.591344
3480.293057
3444.927458
3454.411092
3493.182901
3533.964310
3724.991602
3632.629912
3386.008953
3451.738486
3301.601260
3158.181967
3511.290047
3664.403543
3798.255451
4097.500954
4139.833870
4235.047353
4170.227606
3958.621311
3928.654178
3856.239304
3682.008472
3764.191190
3682.128990
3586.023010
3852.624984
3690.512194
3676.863298
3980.795834
3935.513635
3775.303794
3847.463559
3820.782911
3773.482018
3822.613417
3728.068038
3933.251716
4028.870993
4050.239145
4224.042292
4472.282890
4317.941847
4444.715346
4284.515259
4071.544263
4038.684114
3920.039408
3817.485878
3856.312687
3889.251413
3880.870487
4123.049079
3969.727006
4019.216223
3929.012346
3622.832202
3356.087845
3212.022544
3101.436291
3341.529228
3355.536694
3474.701835
3761.164080
3689.763962
3480.328000
3839.207724
3869.977979
3761.040372
4007.412070
4163.366734
3824.407587
3793.893157
3585.422311
3408.338037
3248.809713
3267.018976
3224.503724
3346.323559
3297.180382
3315.500623
3301.059729
3293.002453
3517.699145
3691.574197
3871.981585
4233.401458
4538.593666
4437.290595
4461.480938
4403.555236
4051.123070
3780.394041
3633.674790
3309.229617
3278.932475
3219.532524
3004.101020
3037.452428
3272.911800
3119.497403
3184.640767
3470.468526
3432.234353
3255.873799
3448.804209
3403.663091
3329.499471
3318.614161
3415.107741
3230.415375
3345.335667
3261.147072
3214.500964
3146.888533
3144.510495
2984.921008
2927.485919
3120.640611
3147.209977
3239.579346
3563.476173
3645.551609
3594.690668
3853.206809
3851.212364
3643.866205
3754.700529
3610.277269
3354.200986
3347.775060
3234.834793
3052.434481
3139.104307
3087.187743
2980.686310
3079.529369
3387.108084
3285.100585
3321.593814
3622.955945
3486.089873
3241.871901
3388.524298
3304.802564
2967.997012
3005.092883
3041.735794
2890.811463
3036.490554
3118.589702
3253.638768
3251.583871
3314.291290
3264.674093
3307.738839
3348.639153
3336.640127
3429.755585
3526.630811
3388.720684
3196.152174
3267.708666
3399.080424
3337.518493
3530.146119
3875.017354
3708.712104
3486.578340
3657.030968
3552.193280
3297.873785
3506.694578
3622.429170
3536.678287
3827.761783
3792.961535
3511.767988
3405.089156
3440.000499
3132.428569
3136.403162
3173.343042
3053.493639
2833.750736
2950.725893
2786.498291
2766.282205
2846.217025
2790.690985
2489.383859
2647.346960
2895.422253
2788.852837
2870.821338
3104.771838
3076.170496
2956.679125
3183.735386
3191.532126
3140.602697
3263.557686
3125.951871
2970.444723
3017.969398
2931.566429
2796.039696
2954.511676
3020.830211
2945.083396
3084.783667
3348.773229
3205.106988
3230.035955
3404.377554
3340.858869
3141.928859
3400.321668
3355.536694
3214.208223
3224.800784
3285.809851
3138.419858
3049.428405
3199.198508
3104.903025
2948.858757
2989.990765
3196.565646
2966.766189
3062.983221
3270.465958
3137.102032
3054.553428
3161.860314
3097.891908
3019.972504
3200.078539
3196.152174
3245.176927
3341.830317
3226.441074
3071.053806
3117.500324
3062.224788
3078.940207
3154.538309
3296.086153
3122.711678
3062.983221
2950.360995
2989.553521
2864.363434
2968.635693
2888.665078
2989.395742
2882.585536
2917.363063
2853.019417
2922.942912
2865.164510
2951.401805
3000.689094
3067.405778
3067.405778
3026.301437
3085.886925
2901.084847
3003.474653
3042.261727
3034.137228
2898.699430
3046.599712
2837.714579
2786.114927
2860.117309
3038.789465
2923.818978
3214.757878
3495.717306
3450.863602
3325.762626
3510.544788
3561.420055
3263.852939
3315.242367
3472.725399
3397.513902
2990.525588
2931.014335
2935.167989
2816.379146
2705.429526
3000.966700
3103.724010
3068.671689
2976.136859
3198.205814
3175.512044
3261.848760
3401.319310
3586.168198
3440.250874
3375.904055
3359.710698
3113.176521
2871.306131
2860.798020
2694.454132
2600.069325
2792.945745
2848.192590
2776.399850
2860.657262
3047.486972
2854.543559
2942.886325
3053.743883
3031.613213
2883.618023
3058.241380
2863.273374
2807.904104
2881.252772
2905.915542
2706.857128
2807.440032
2934.542192
2787.906559
2740.566202
2870.019226
3054.301734
2980.530307
3215.743663
3316.470475
3191.436117
3097.285517
3171.057072
3028.702928
2956.861521
3057.839006
2963.332560
2874.967063
3014.968355
3232.452498
3173.095036
3142.381298
3238.893809
2985.347392
2747.333765
2942.305875
3141.391869
2919.560739
3010.867186
3051.817547
2986.123347
2860.798020
2938.602952
3076.914676
2920.677882
2820.326773
2732.138553
2688.980051
2557.771389
2678.925903
2795.759450
2804.256951
2900.669674
3062.591561
3124.188252
3011.402651
3044.233681
3167.511282
2960.530998
2892.955398
2923.818978
2931.939525
2895.131766
3026.147102
2995.240336
2933.908795
3108.312589
3251.583871
3129.667702
3143.677145
3215.359481
2957.055675
2600.341404
2555.993556
2582.513079
2514.842345
2728.300104
2857.476654
2864.213273
2859.980721
2952.112392
2905.263561
2773.853303
2898.214947
3058.374138
3054.076820
3013.217294
3228.862611
3230.700667
3040.123706
3091.448995
3212.169630
3079.190414
3027.778163
3025.840979
2900.783202
2687.327753
2701.715657
2761.521726
2878.762131
2913.793691
3116.466330
3190.562999
3103.943147
2954.311442
2989.057146
2974.490591
2800.381257
2831.339666
2849.686652
2726.621865
2595.332881
2753.329791
2888.849362
2958.667766
3048.848324
3190.562999
3126.757527
3173.461340
3136.580180
3188.201151
3066.964394
3060.650549
2860.520540
2991.705696
2870.982030
2893.487029
2864.760054
3004.952276
2898.060709
2916.528582
2883.618023
2947.341618
3033.968343
3042.077528
3134.245387
3345.816135
3241.195338
2976.479579
3085.627853
2979.069145
2687.490365
2769.480002
2807.440032
2633.112600
2692.414060
2891.468628
2774.418042
2892.283712
3006.904880
2959.903100
2842.886871
3107.750889
2963.332560
2805.250328
2891.468628
3002.048877
2838.095606
3035.867820
3236.709315
3285.930312
3093.340733
3021.528081
2921.459768
2919.400098
2841.513566
3013.848808
3116.330052
2974.229844
2840.887825
2984.673821
2881.876335
2805.902993
3019.335606
3215.743663
3046.113169
3021.356013
3017.391139
3014.968355
2947.341618
2947.341618
2924.717999
3064.073952
2884.017806
2732.507097
2728.486218
2783.948838
2547.790095
2672.437393
2754.347327
2752.329519
2778.919289
2934.853966
3012.687330
2922.559157
2941.183195
2996.316901
3018.894172
2892.119096
3037.963198
3043.897693
2820.326773
2730.120645
2765.801875
2552.444434
2371.854772
2459.958161
2585.237838
2951.691979
3005.227730
3188.069715
3445.747496
3281.667615
2808.629307
2825.361412
2794.320104
2582.928251
2556.395359
2558.450524
2552.613992
2589.402859
2499.089532
2640.672837
2736.140980
2641.844661
2621.632348
2793.676774
2875.540313
2873.550979
3027.275497
3220.178137
3351.488604
3210.424523
3298.859889
3372.640288
3146.999149
2929.522061
3134.409922
3221.292374
3118.987876
3079.749113
3320.071479
3280.799683
3052.018249
3066.496856
3224.660376
3085.079348
2990.393897
2979.667766
3059.206564
2926.199082
2685.970730
2628.522797
2601.813824
2626.373405
2601.813824
2782.673516
2985.500047
3056.748010
2875.824346
2898.527670
2919.066890
2871.986042
2929.677119
3128.952924
3401.418333
3219.296654
3100.156413
3015.453691
3046.442958
2681.441318
2726.263946
2689.319309
2562.808369
2392.437441
2546.569565
2630.526977
2587.413114
2809.499441
3131.663961
3533.493987
3480.328000
3494.663147
3530.146119
3363.291261
2937.516307
2974.358822
2898.368354
2729.675728
2548.999219
2559.192343
2819.980072
2881.398864
2901.191893
3005.887059
3086.012691
2792.781664
2663.565064
2698.777506
2773.010360
2588.147395
2598.688043
2895.814772
2909.061332
2632.415162
2673.281252
2728.850793
2657.029104
2634.517800
2811.012022
2889.034567
2929.989647
2872.701933
2959.314197
3086.376386
3026.940562
2971.606002
3080.107209
3055.706607
2830.391875
2856.928400
2826.215219
2694.893816
2634.639217
2743.676190
2755.798468
2766.282205
2911.971315
2840.715725
2658.195700
2719.598985
2820.216788
2676.722310
2814.403938
2955.822416
2845.426497
2658.474252
2664.645712
2662.452116
2684.887246
2705.429526
2793.676774
2927.213285
2869.366249
2820.102415
2875.257848
2758.566487
2746.278817
2730.568219
2779.696044
2785.768354
2951.968489
2964.563224
3075.905044
3014.004954
3143.149028
3169.773474
3141.391869
3221.139223
3180.065421
3044.782536
3155.593520
3081.458252
2955.247345
2944.891570
2912.205179
2634.765762
2647.516747
2449.505984
2426.932764
2425.162866
2669.049438
2689.491646
2751.852646
2889.219298
2823.671044
2573.191771
2569.207914
2749.208006
2615.779746
2802.444579
2810.725414
2628.227280
2410.355245
2552.076037
2457.726395
2498.650937
2484.393983
2557.439244
2631.611414
2588.316109
2537.096126
2754.514179
3010.327884
2817.300894
2829.729036
2971.005804
3020.309597
2767.016567
2779.223468
2758.891795
2855.076568
2801.689450
2946.520960
2901.084847
2847.835197
2743.386308
2624.334292
2484.393983
2650.294245
2746.870753
2590.896597
2671.079631
2839.737697
2667.499108
2733.226443
2946.666668
3036.893617
2834.380094
2875.399660
2851.112458
3049.974680
2943.216027
2927.761546
3100.156413
2993.250976
2552.444434
2536.030831
2764.930266
2838.493702
2748.347270
2879.881493
2789.562589
2482.773165
2373.860543
2653.015779
2677.773232
2806.892693
3026.776669
2985.811460
2909.742842
2864.760054
2918.020267
2949.190920
2877.267437
2821.714303
2938.602952
2885.803942
2830.230699
2795.171521
2801.241727
2707.021718
2661.887899
2646.405416
2757.042346
2734.589326
3093.478562
3013.537822
2946.938993
2870.982030
3076.295989
2587.832876
2583.508208
2634.639217
2725.150396
2478.939905
2587.686986
2815.478259
3130.869908
3061.276802
3260.245662
3428.620566
3301.059729
2879.149045
2874.817281
2723.288352
2571.347358
2460.433100
2464.959109
2534.772431
2483.464201
2479.307257
2520.287759
2782.849318
2686.149835
2686.149835
2792.945745
2799.203079
2507.850499
2442.094988
2634.765762
2616.308482
2569.341523
2595.943784
2663.898630
2672.130265
2520.165779
2676.168973
2751.693386
2774.128950
2650.970291
2665.426209
2673.555134
2791.371506
2701.305734
2744.313163
2895.946193
2793.531118
2520.165779
2526.480687
2754.010681
2604.137274
2647.516747
2758.566487
2873.386957
2623.098925
2709.268899
2705.075809
2734.099594
2658.195700
2547.388856
2664.354542
2729.973965
2709.973647
2792.001088
2933.578526
2734.589326
2627.912352
2579.057134
2431.492770
2263.144885
2351.367754
2425.302666
2409.626292
2440.262680
2540.700308
2462.885823
2432.171089
2398.805362
2402.700325
2485.085705
2513.730720
2446.049509
2565.900796
2697.355776
2582.367790
2537.238704
2553.636316
2662.641475
2719.852317
2678.925903
2793.827769
2923.271386
2783.342622
2621.346923
2674.147989
2774.727390
2616.636296
2648.131130
2762.854109
2998.926147
3043.897693
3009.114849
2995.643222
2876.461851
2729.197390
2536.361213
2667.499108
2736.302729
2888.138132
2732.323595
2644.209673
2607.221664
2669.399849
2626.194266
2638.710568
2790.415972
2852.188456
2787.516042
2633.755892
2639.731544
2760.799371
2767.016567
2722.768002
2796.184166
2894.972152
2644.674318
2558.277852
2522.854267
2565.900796
2531.108917
2494.068838
2365.079980
2480.609883
2400.742493
2289.870986
2320.639128
2667.164596
2662.831019
2736.465799
2775.421427
2849.346404
2603.252659
2469.963651
2437.094970
2615.536211
2527.445509
2576.669253
2612.232954
2690.019373
2507.474746
2556.668579
2534.287553
2623.098925
2565.593173
2543.172681
2528.687227
2578.055998
2375.724906
2322.397119
2425.162866
2542.000020
2595.193510
2808.477875
2785.768354
2868.140428
2788.097605
2738.712561
2545.685335
2588.491347
2502.500405
2572.171455
2469.702529
2638.591457
2712.533572
2681.768137
2447.742211
2587.281923
2660.403341
2600.919611
2570.160311
2824.868322
2894.437661
2667.667467
2651.150462
2784.641914
2725.150396
2452.326786
2554.542080
2669.399849
2482.773165
2355.449733
2431.642670
2491.619292
2436.293107
2587.832876
2606.436858
2784.774478
2813.758024
2748.001848
2725.454837
2924.377659
2741.949692
2550.741980
2538.335510
2641.027480
2439.937308
2460.433100
2549.382731
2799.952506
2606.923768
2688.812315
2846.791688
3138.040954
2932.873213
3004.803664
3039.636425
2975.655192
2611.454179
2590.896597
2556.129938
2492.540509
2311.761812
2367.481216
2318.438189
2394.485409
2494.538742
2607.518776
2660.767348
2726.440793
2683.396626
2529.560869
2587.152042
2531.409770
2769.336426
2816.702803
2870.019226
2927.485919
2947.341618
2701.305734
2658.195700
2949.351509
2793.531118
2744.679402
2849.184270
2810.244297
2414.498812
2336.367133
2391.875592
2496.784901
2431.169236
2486.245465
2547.790095
2678.925903
2555.993556
2594.919655
2787.713023
2906.701820
2668.875437
2539.462713
2576.669253
2398.015389
2369.420293
2462.681930
2424.029343
2409.474718
2639.093225
2665.772304
2505.675949
2565.291053
2583.508208
2505.675949
2424.029343
2556.961878
2553.068169
2556.961878
2421.798045
2440.101456
2593.660926
2671.629020
2587.413114
2638.710568
2694.145661
2485.246670
2327.465912
2439.937308
2312.535674
2212.299156
2447.898249
2626.194266
2517.772692
2589.402859
2714.522760
2627.912352
2463.915829
2500.632410
2508.826338
2576.669253
2460.934696
2528.687227
2583.860054
2639.391008
2485.700875
2523.404993
2423.134975
2324.191147
2418.627146
2361.388787
2332.596555
2439.064970
2535.675602
2469.963651
2457.726395
2482.149247
2500.429500
2592.900976
2504.657283
2650.131875
2754.679837
2713.764041
2559.819049
2563.899460
2613.296598
2479.858425
2562.069487
2771.124217
2933.233475
2900.539685
2906.984081
2927.622056
2785.768354
2796.039696
2724.526189
2826.595925
2808.189160
2906.701820
2713.917317
2849.184270
3035.867820
2964.155926
2750.841274
2738.359474
2767.167521
2600.479118
2559.395079
2600.479118
2655.961162
2465.096099
2556.262867
2697.744389
2650.458289
2589.038740
2591.059147
2542.373286
2474.646674
2538.003393
2622.314182
2673.417647
2606.923768
2643.879839
2649.809346
2555.697596
2475.590180
2373.271999
2264.847507
2209.157478
2211.338604
2260.441400
2398.205346
2531.564531
2722.569583
2999.417938
3163.394903
3092.490169
3043.031608
2955.124330
2774.271330
2751.852646
2773.989970
2755.484268
2730.885241
2915.406440
2936.017200
2765.108863
2760.799371
2962.010534
2777.331437
2602.935370
2729.675728
2916.161768
2797.017698
2750.097998
2813.758024
2958.099568
2703.771397
2582.654091
2687.327753
2714.069990
2474.164784
2556.129938
2611.454179
2875.824346
2757.042346
2790.415972
2888.849362
2934.069621
2464.413124
2511.543842
2733.755950
2721.217333
2565.443096
2659.698160
2634.900685
2648.565016
2470.092014
2517.434897
2519.490238
2705.982836
2694.893816
2820.102415
2973.975151
2984.453592
2871.306131
2762.249536
2739.723727
2807.602632
2938.474403
2873.220464
2844.443541
2975.348929
2813.592658
2595.943784
2721.005268
2854.372710
2739.559245
2672.130265
2795.009543
2727.365111
2889.584645
2836.404521
2893.672585
2981.391352
2990.127594
2596.673503
2578.391863
2600.766428
2445.042222
2408.155984
2523.575634
2609.741018
2550.248507
2464.260215
2498.942124
2587.832876
2704.743016
2733.580648
2850.471931
2842.103546
3015.453691
2929.365712
2933.578526
2927.485919
2859.699379
2459.655652
2307.752623
2318.301882
2313.732290
2299.773108
2406.410179
2714.069990
2752.990015
2732.507097
2802.044390
2935.491576
2724.367572
2640.104647
2646.405416
2564.259063
2359.835543
2561.071194
2607.989627
2650.970291
2607.989627
2663.735287
2486.899155
2421.598929
2401.155069
2563.100914
2567.702874
2563.403593
2548.999219
2668.008379
2668.008379
2610.232842
2464.692459
2437.843390
2366.057968
2460.433100
2524.928736
2646.019944
2740.221189
2746.575747
2445.042222
2540.296696
2563.100914
2622.611634
2565.134302
2716.684773
2639.093225
2561.429846
2503.776668
2424.029343
2430.078780
2565.443096
2548.999219
2493.614348
2540.700308
2569.483155
2527.445509
2576.669253
2613.636125
2650.294245
2638.349262
2697.999116
2860.117309
2815.105981
2749.381014
2716.314353
2649.809346
2520.535493
2541.140105
2625.284084
2814.078976
2631.926624
2543.628803
2613.465792
2668.701613
2391.708920
2387.196506
2500.049342
2409.923932
2307.232137
2337.961584
2333.769853
2407.599972
2376.933907
2323.286916
2337.593925
2564.442220
2504.974412
2622.035952
2777.830531
2734.745650
2761.215734
2880.535273
2931.566429
2898.699430
2956.070900
2842.717236
2750.657353
2875.540313
2836.975362
2781.461955
2710.344893
2691.695130
2501.051591
2398.399928
2396.310753
2411.715190
2401.670218
2362.597969
2492.085429
2658.195700
2715.696015
2514.842345
2557.771389
2547.651245
2600.919611
2496.784901
2642.186022
2590.896597
2615.536211
2410.355245
2365.898671
2347.503117
2298.173806
2302.389032
2474.801138
2443.776882
2529.745115
2624.159265
2533.978483
2316.630274
2414.343275
2383.352005
2260.302604
2330.154075
2553.636316
2842.402442
2686.669295
2719.478003
2766.725070
2750.284000
2452.466372
2558.996956
2655.609881
2616.308482
2639.093225
2668.008379
2864.887603
2963.474213
2893.672585
2766.580106
2915.227726
2660.952067
2501.051591
2632.415162
2880.684003
2673.695088
2653.334057
2655.428950
2571.347358
2222.784620
2291.315613
2367.311714
2539.462713
2595.056398
2635.820406
2613.982359
2667.164596
2461.949249
2412.781882
2519.639304
2626.025980
2523.575634
2509.140460
2476.445263
2548.092314
2543.787007
2471.858351
2527.445509
2546.064068
2361.251953
2247.764088
2440.579080
2625.284084
2840.715725
2883.618023
2870.500325
2858.222995
2644.828163
2538.003393
2552.613992
2570.160311
2498.507081
2508.671016
2414.498812
2328.212837
2283.815032
2333.111910
2445.865901
2470.352904
2595.476259
2611.078304
2547.518218
2430.818534
2393.926355
2436.821523
2607.828110
2648.862403
2714.522760
2657.212707
2638.710568
2587.547549
2530.113406
2513.730720
2575.180706
2581.412211
2436.956741
2500.429500
2531.258966
2625.570995
2580.588025
2765.108863
2871.639279
2984.673821
2826.469303
2785.314130
2683.240953
2736.465799
2601.081172
2640.104647
2687.327753
3173.816211
2999.755983
2927.906264
2927.906264
3291.026188
2793.245725
2783.182846
2858.928938
3018.894172
2664.055494
2644.047843
2697.355776
2818.321647
2678.797545
2678.797545
2720.805803
2682.207985
2483.107682
2423.851652
2347.655352
2289.991408
2327.197049
2396.462424
2478.571206
2546.569565
2590.736133
2487.987656
2438.883492
2432.650580
2594.919655
2485.980725
2484.023878
2504.487968
2494.068838
2411.906509
2414.498812
2435.075392
2502.651259
2453.245318
2361.108376
2494.221783
2656.484103
2537.383563
2543.628803
2596.872978
2603.548235
2447.742211
2554.338206
2683.554343
2726.621865
2682.350940
2708.918424
2780.608040
2565.291053
2393.072681
2470.631225
2521.841524
2489.383859
2520.041930
2548.616405
2521.841524
2501.659274
2437.843390
2598.114873
2739.393895
2572.754504
2533.978483
2609.741018
2599.650212
2435.689083
2504.313045
2514.476099
2371.082614
2368.813923
2493.917358
2545.284446
2538.834291
2653.801783
2602.586388
2538.834291
2525.712699
2554.338206
2615.779746
2628.227280
2595.332881
2861.806137
2835.317326
2728.850793
2638.591457
2753.329791
2562.369166
2547.790095
2660.584401
2812.417185
2752.990015
2657.569119
2710.929199
2682.207985
2530.293556
2415.470127
2419.639138
2350.438183
2362.232024
2395.361181
2477.237739
2499.390134
2583.352190
2452.326786
2407.235435
2476.931627
2639.093225
2587.832876
2579.744322
2586.103888
2575.592710
2626.563045
2618.361922
2546.863637
2624.671843
2647.346960
2347.183655
2347.183655
2455.943097
2634.279055
2603.548235
2721.217333
2764.568773
2947.070955
2694.746361
2643.522118
2552.444434
2474.489903
2390.485827
2533.978483
2582.928251
2600.766428
2682.936013
2455.329473
2311.510597
2283.027571
2543.021248
2436.426080
2610.558754
2737.649895
2686.499289
2428.813300
2447.279318
2440.892613
2475.929547
2475.929547
2658.195700
2799.952506
2774.891114
2578.225025
2580.255706
2444.748278
2411.536534
2290.698551
2446.783287
2817.941443
2860.117309
2763.828511
2884.546787
2788.476366
2486.630661
2440.101456
2436.293107
2509.808076
2633.112600
2591.934962
2632.085591
2699.646698
2779.534623
2783.948838
2917.039678
2783.948838
2785.609219
2691.369173
2683.240953
2615.536211
2811.012022
2769.939625
2589.580532
2593.840597
2716.491895
2743.531070
2778.305389
2929.989647
2794.668676
2536.361213
2469.702529
2590.576508
2527.141934
2687.001510
2820.326773
2971.400142
3094.467660
3104.903025
3010.613423
3000.245556
2877.930480
2562.220302
2549.746595
2596.872978
2693.424131
2499.873376
2553.347036
2571.862552
2604.464480
2411.536534
2600.620183
2653.964158
2684.712826
2572.019558
2610.899300
2513.332254
2582.791925
2562.516525
2576.838595
2671.267093
2642.186022
2449.357473
2441.050525
2482.303023
2607.369360
2634.029983
2719.987800
2734.589326
2580.752594
2351.170020
2342.179968
2372.814074
2590.255136
2625.138087
2672.437393
2698.777506
2610.726415
2358.474770
2604.464480
2672.437393
2585.909316
2725.150396
2731.223880
2491.458386
2368.118733
2448.220659
2399.016063
2306.700489
2382.597130
2499.390134
2477.237739
2477.237739
2645.477054
2770.490218
2698.595493
2674.147989
2701.167723
2684.540983
2563.562365
2563.562365
2652.492769
2623.802705
2683.240953
2712.213017
2777.667834
2739.723727
2715.114303
2725.454837
2741.949692
2748.001848
2803.722560
2848.701708
2664.206944
2670.315181
2711.510343
2522.249752
2386.858384
2505.818265
2473.264512
2265.879888
2357.320812
2394.309526
2371.544581
2340.900432
2330.475994
2319.405296
2382.918071
2364.661842
2364.661842
2573.494477
2553.636316
2471.467958
2379.515290
2381.311003
2309.875999
2289.754859
2262.959217
2373.565308
2443.582031
2306.205130
2310.638637
2433.228131
2480.797259
2297.987898
2361.652809
2499.390134
2382.597130
2288.539135
2542.709237
2735.356343
2666.482453
2838.640150
3011.120424
2769.044783
2649.970404
2736.630156
2761.215734
2613.808304
2769.480002
2771.763330
2689.319309
2502.801381
2560.253882
2621.901372
2722.357738
2691.047345
2822.099244
2754.679837
2652.112064
2371.237751
2389.131697
2450.289522
2752.010943
2821.366355
3057.839006
3270.828650
3079.981271
2700.869605
2721.005268
2641.195640
2534.605311
2534.605311
2606.436858
2575.592710
2586.103888
2630.320079
2693.979486
2751.366423
2790.284077
2798.529901
2718.675696
2745.255629
2700.106038
2730.724215
2831.339666
2775.610581
2681.610047
2810.573974
2601.251947
2482.457210
2602.399840
2815.850032
2573.494477
2709.094242
2690.546350
2548.257795
2373.860543
2519.780313
2634.398607
2614.157581
2587.413114
2724.841661
2620.418238
2542.373286
2605.864003
2761.215734
2708.029607
2833.131027
2784.092921
2732.688881
2768.203894
2993.787029
3022.485726
3001.872468
3020.481500
2840.534818
2444.748278
2442.507866
2534.945824
2526.823979
2633.449048
2877.267437
2774.727390
2725.608466
2816.031521
2849.184270
2882.049648
3097.446752
3208.641004
3107.750889
3092.322607
3079.749113
2860.252067
2800.864952
2887.194468
3106.982876
2914.245429
2969.405739
2947.070955
3061.956107
2728.670208
2843.266169
2810.573974
2664.943896
2482.457210
2520.165779
2512.151429
2475.109207
2565.291053
2514.004065
2511.951175
2546.863637
2651.150462
2682.207985
2799.203079
2952.112392
2859.980721
2761.364309
2769.626338
2837.581977
2639.556157
2799.952506
3027.275497
2887.827625
2643.879839
2741.527895
2651.150462
2456.420614
2507.666672
2637.114195
2712.689377
2501.260470
2468.631160
2568.954032
2659.045954
2505.675949
2776.596037
2926.585809
2815.665072
2704.743016
2771.554768
2795.898879
2662.831019
2719.987800
2828.982569
2804.559683
2492.692851
2648.565016
2826.860402
2630.111288
2647.984670
2930.834046
2756.465678
2510.355274
2688.812315
2646.794620
2523.575634
2617.823787
2798.529901
2708.206229
2677.248268
2590.896597
2562.369166
2613.636125
2597.077330
2492.692851
2550.085447
2566.427217
2383.776672
2357.491938
2410.495511
2504.974412
2628.073661
2663.019693
2808.477875
2966.316795
2845.571661
2790.014875
2822.520975
2642.186022
2435.857432
2464.413124
2396.462424
2333.111910
2396.462424
2660.952067
2706.165642
2800.627857
2853.730273
2898.888564
2759.053955
2966.181354
2900.669674
2914.749438
3041.901971
3199.591551
3210.561521
3263.409348
3242.913325
3029.386483
2867.492513
2645.833319
2686.836507
2653.964158
2746.428419
2735.203929
2772.344599
2804.971986
2731.051783
2694.303246
2749.733575
2737.302734
2702.504388
2712.996903
2809.129231
2949.190920
2914.360785
2860.798020
3086.493808
3203.718129
3070.461672
3133.689746
3176.825289
2918.366754
2760.518901
2887.312436
2833.750736
2624.671843
2723.288352
2733.403983
2539.775507
2622.173097
2736.795870
2833.287970
2757.451978
2910.640069
2834.726426
2668.701613
2566.065070
2691.208679
2580.255706
2473.639632
2537.096126
2465.239322
2344.181289
2346.459851
2524.928736
2555.850478
2648.131130
2681.061801
2783.342622
2690.716803
2832.320202
2854.717993
2873.386957
2777.830531
2820.662727
2788.097605
2855.633031
2890.642233
2937.354200
2955.705844
3062.349041
2883.744993
2863.481991
2820.916346
3032.468596
2909.235294
2944.320735
2962.918077
2933.908795
2613.982359
2591.224967
2749.208006
2640.486497
2676.168973
2789.038279
2745.965578
2678.257346
2838.095606
2855.820997
2784.234038
2806.693690
2861.806137
2730.724215
2641.844661
2750.657353
2869.696845
2808.047421
2994.568033
3234.712654
3257.488107
3199.591551
3167.094843
3238.993377
3167.909426
3225.273981
3313.797333
3212.676162
3071.324937
2980.289468
2851.112458
2666.306210
2664.354542
2580.255706
2482.457210
2470.092014
2498.795962
2517.434897
2619.952874
2713.303284
2676.360156
2784.906752
2778.767276
2651.526405
2825.202432
2986.921322
2812.631752
2868.140428
2818.950492
2732.138553
2654.132617
2728.113007
2656.308079
2648.131130
2610.232842
2534.444138
2538.335510
2823.671044
3258.896271
3173.816211
3211.162815
3321.518770
3120.640611
2895.131766
3001.544898
2925.988123
2831.499807
2852.188456
2595.476259
2495.476033
2538.503213
2464.825628
2384.654582
2555.161893
2712.996903
2883.078607
3028.551445
3079.862601
3204.932497
3053.967818
2814.078976
2678.669850
2762.651838
2580.255706
2706.857128
2909.742842
3026.776669
2944.891570
3106.797889
2984.793480
2904.814128
3005.227730
3105.595056
2978.597257
3086.952693
3072.551240
2900.783202
2845.571661
2894.623703
2850.061076
2817.300894
2776.201216
2852.335681
2614.332574
2629.702194
2847.121615
2927.350628
2816.543959
3380.604094
3305.113290
3054.422816
3038.456376
3321.362575
2913.535780
2990.792099
3142.774878
3095.477711
2880.380958
2999.250716
3037.086341
2946.805201
3045.175537
3098.358215
2932.314702
2825.809498
2979.826907
2975.199128
2809.129231
2905.749124
3083.648772
2986.921322
2968.482341
3079.419285
3110.021270
2925.769356
2833.287970
2829.370468
2726.621865
2730.724215
2873.050911
2915.972334
2881.252772
2973.711264
3115.182125
2879.704114
2846.637411
2910.084164
2820.102415
2557.276242
2664.206944
2832.320202
2801.380919
2947.204176
3147.908637
3101.562560
2927.350628
2808.189160
2904.814128
2837.141748
3001.246715
3058.781009
3165.238943
3085.627853
2989.230509
2929.044636
3000.828632
2937.354200
2904.667957
3079.068692
3049.974680
2980.289468
3277.591959
3361.503202
3215.611245
3189.550794
3314.696636
2988.487492
2842.556753
3142.381298
3159.805804
3124.994045
3251.928116
3279.165339
2969.091284
2922.758003
2859.092384
2797.211891
2783.342622
2869.366249
3013.693550
3124.358221
3352.107649
3485.653690
3394.663599
3355.256618
3351.177278
3203.554367
3221.731614
3316.016736
3189.723615
3179.643777
3244.884729
3146.632677
3093.207153
3221.881906
3254.743224
3361.403435
3439.647914
3562.417549
3593.855128
3493.182901
3614.353466
3560.961170
3476.478315
3503.240238
3435.911587
3091.289843
3105.444279
3093.207153
3057.839006
3047.340365
3246.164644
3082.054075
3041.143515
3247.905399
3243.794002
2950.360995
3087.314065
3040.722456
2731.766789
2756.289583
3025.220968
2914.360785
2980.194748
3213.271096
3053.493639
2761.867198
2805.108958
2872.878008
2648.419785
2752.990015
2734.589326
2590.896597
2474.164784
2516.395469
2509.986000
2651.526405
2778.767276
2686.499289
2730.885241
2858.222995
2710.536928
2669.399849
2958.667766
2856.381004
2723.288352
2942.584103
2909.574955
2698.275571
2736.140980
2775.061336
2728.113007
2967.997012
3133.951354
3198.854425
3348.286944
3277.018185
3180.065421
3102.077259
3057.975689
3043.394281
3070.288493
3010.742372
3211.628692
3314.163275
3314.163275
3361.079812
3305.546939
3020.481500
2938.145625
2764.015970
2702.332442
2999.923208
3024.531123
2928.879312
2949.351509
3244.739490
3019.185602
3014.968355
3057.542416
3172.342751
2858.406382
3038.958378
3032.612627
3068.155121
3092.939125
3238.789766
3021.005964
3205.192502
3305.546939
3291.205357
3346.695060
3471.695084
3206.956497
3078.656917
3240.264423
3211.628692
3117.106644
3264.852598
3342.669365
3115.182125
3139.725572
3151.773416
3082.054075
2980.194748
3014.806822
2830.391875
2908.007944
2965.784839
3014.483236
3006.165917
3394.219139
3225.708383
3162.490905
3093.340733
3128.434864
2687.165017
2787.713023
2828.776299
2919.718170
2913.910473
3054.856392
3153.884502
3211.276644
3133.315138
3087.606881
3076.170496
2928.214549
2766.282205
2779.377556
2795.759450
2816.543959
2769.192356
2877.930480
3104.771838
3123.017055
3108.811671
3229.916386
3244.127402
3346.323559
3358.813185
3397.904328
3391.677192
3471.534009
3462.757432
3413.325718
3296.480231
3333.573097
3276.565651
2984.921008
2994.886386
3086.952693
3086.952693
3111.983286
3147.320265
3112.609272
3147.320265
3172.342751
3348.400609
3344.061401
3440.389098
3463.247497
3412.189396
3165.425118
3263.409348
3343.305955
3285.809851
3345.496657
3591.419275
3525.145498
3398.067307
3495.997280
3417.490988
3291.114110
3391.111316
3372.640288
3355.838885
3399.403442
3361.901692
3462.609997
3411.611217
3273.169889
3308.308712
3380.449290
3191.336345
3355.443720
3529.852218
3457.807173
3480.399362
3536.593058
3493.182901
3569.117373
3618.240531
3531.793247
3467.661596
3631.887752
3432.752777
3605.324298
3561.996775
3657.837196
3513.739697
3586.023010
3280.382575
3321.275646
3347.918105
3229.248009
3292.312109
3594.134381
3601.916680
3417.252947
3489.550775
3448.751834
3343.865573
3452.697662
3537.043035
3495.856813
3666.341594
3538.970914
3532.890107
3515.182870
3572.324516
3439.522386
3558.156420
3433.042953
3502.089150
3491.815915
3440.389098
3684.528499
3602.194583
3518.056733
3610.380408
3632.955821
3349.714103
3548.591731
3675.835741
3634.420198
3652.915468
4016.108515
3866.188554
3697.314583
3831.028694
3610.940077
3315.753898
3453.464266
3428.950394
3145.889257
3342.669365
3270.828650
3221.586034
3328.064620
3527.614821
3432.900592
3250.687162
3338.546914
3394.277870
3394.277870
3582.623053
3676.974891
3488.557949
3393.702314
3388.720684
3241.195338
3438.242332
3591.879291
3632.039513
3594.971102
3773.482018
3682.951851
3524.065527
3517.206278
3537.043035
3348.286944
3291.026188
3434.532989
3405.571958
3235.162153
3340.109825
3455.075832
3444.333093
3455.748832
3552.193280
3377.843731
3309.780408
3301.601260
3326.424171
3355.158673
3416.518228
3455.622071
3473.896957
3629.653778
3709.529334
3668.503540
3578.289291
3703.401878
3525.746274
3285.576141
3293.829864
3373.840991
3103.016135
3165.058233
3345.816135
3265.721234
3241.195338
3335.534805
3371.145115
3383.333701
3492.175506
3528.875451
3727.858749
3706.014026
3735.737491
3833.013205
3820.782911
3629.901254
3654.140165
3781.854772
3691.157257
3701.550734
3744.777960
3742.137197
3763.087365
3799.302375
3775.015663
3886.276235
3854.931297
3645.390106
3717.269079
3721.941190
3436.425093
3354.543581
3388.803850
3241.368092
3253.435862
3595.955165
3725.151535
3839.799890
4016.296425
4010.409043
3848.080466
3886.276235
3777.465209
3937.462080
4023.426098
3990.560865
3985.942507
3979.828948
3809.876666
3717.269079
3698.813084
3723.184647
3715.473043
3669.781445
3758.223195
3852.764621
3777.258650
3781.546690
3543.236263
3430.154936
3553.434250
3493.507201
3489.385747
3842.276942
3723.029557
3518.056733
3706.819954
3661.666100
3655.771506
3848.305725
3887.461042
4109.596089
4187.956965
4333.684584
4325.333855
4356.124278
4164.751874
4091.451197
3881.134951
3826.690741
3838.858229
3756.490457
3982.301542
3879.518757
3938.881561
3928.910129
3942.503347
4003.249842
3982.811121
3989.520363
3969.043691
3888.775204
3775.632016
3782.223810
3864.473881
3914.650710
3897.763752
3850.276175
3868.876117
3913.819529
3893.698462
4100.059284
3995.430783
4201.023382
3956.657891
3977.403323
3930.442844
3944.365462
3823.618816
3856.312687
3782.681174
3714.204289
3971.651437
4161.401162
4454.129168
4602.227330
4939.967643
4720.566064
4663.217078
4640.292743
4736.895404
4341.205935
4406.860006
4242.639296
4302.354615
4150.596934
4290.533802
4219.050339
4188.043902
4015.839624
3984.199757
3962.555571
4101.930537
4419.855943
4422.142269
4473.226559
4579.746651
4643.690804
4597.984310
4645.161873
4764.922171
4737.735553
4828.321333
4813.453833
4803.304210
4762.480391
4478.219710
4274.979702
4252.656317
4191.430139
4092.832470
4279.410408
4274.979702
4117.537009
4258.636527
4398.894369
4602.534118
4786.900967
5004.748921
5039.620383
5012.781886
4912.605899
4791.689896
4721.680811
4748.887310
4806.207824
4937.083603
5043.921242
5162.560136
5167.020699
5290.123163
5343.818252
5361.977106
5493.453608
5554.310964
5384.120459
5257.456070
5067.214487
4900.798321
4794.200549
4837.346342
4692.769083
4821.801827
4809.930263
4953.166466
5033.499933
5384.120459
5427.661183
5472.374289
5369.913032
5345.408650
5134.224832
5255.154357
5253.155111
5255.154357
5316.908421
5472.280591
5456.073002
5623.928489
5825.497729
6065.434896
6171.915810
6256.253993
6219.306028
6030.434822
5934.422009
5895.746961
6062.326340
5984.320372
6205.550914
6109.814543
6035.937014
5968.697182
6169.567528
6124.600619
6251.855239
6275.998506
5955.921746
5656.848081
5336.801660
5170.415008
5007.841316
5073.716704
5071.888165
5133.154884
5190.743087
5192.850677
5192.850677
5108.911558
5205.040650
5028.645470
5049.048929
5015.965109
5083.255109
5093.622177
5122.521329
4860.422235
4694.239588
4643.287308
4694.239588
4651.199911
4653.108144
4623.181757
4563.346717
4399.294718
4385.089489
4557.430068
4596.955526
4549.829831
4539.015359
4640.189292
4893.472674
5141.525507
5268.767265
5399.838275
5285.009162
4998.563050
4726.291493
4760.736055
4574.385617
4581.360230
4515.474455
4698.094906
4687.703812
4841.883068
4974.723514
5403.691906
5489.861114
5586.149426
5576.021372
5633.623972
5480.412470
5576.442355
5617.402890
5619.672175
5659.028763
5545.333811
5450.909102
5297.091157
5348.243534
5344.797585
5418.009210
5450.684831
5583.784336
5686.313278
5959.079175
6252.715611
6263.215235
6394.602133
6408.374343
6135.689852
5756.239071
5847.741073
5647.686511
5644.623086
5585.417242
5718.653209
5462.430155
5517.789166
5600.051854
5788.743030
5728.433263
5974.377679
5923.001764
5738.325102
5500.924286
5537.919181
5390.600067
5370.106138
5513.849341
5672.063652
5776.429794
5928.550481
5981.737853
5946.814546
6000.049469
6000.049469
5824.131666
5868.765797
5806.851532
5581.465314
5479.912787
5569.011044
5686.313278
5854.670365
5964.877606
6202.812162
6395.782275
6381.287361
6195.303862
6180.518055
5836.063314
5856.305643
5746.735578
5891.552025
6092.659558
6506.116214
6579.368302
6774.562348
6682.322974
6581.798721
6384.154297
6273.254419
6225.498950
6451.336208
6718.663111
6911.948370
6790.540893
6706.666671
6694.116149
6592.036028
6545.260627
6788.822420
6973.532045
7115.256279
6963.647617
7216.394175
7247.664373
7430.145783
7397.619827
7778.976052
7416.577807
7512.950005
7412.363833
7434.971438
7404.703747
7721.915883
7637.607430
7720.591125
7773.765836
7436.862431
7208.116179
7267.273604
7534.525709
7363.879735
7626.527342
7755.828320
7804.434063
7439.342178
7811.089412
7840.948734
7903.801431
7528.445037
7716.972614
7655.451669
7768.875048
7910.652261
8374.617526
8450.072367
8339.190284
8328.735038
8437.990322
8437.990322
8255.261148
8197.945684
8124.446391
7763.947810
7876.467525
7952.417605
8316.615566
8537.803070
8972.747811
9071.452768
9487.790617
9580.080903
9500.151032
9484.592782
9587.212813
9445.597953
9158.714273
9216.064821
9440.037875
9756.022982
10072.175644
10464.097481
10836.871600
10926.176608
11012.598761
11118.870861
11336.274495
11646.048782
11914.869067
12002.639722
12448.451477
12659.720512
12825.649244
13236.840526
13526.207076
13594.114640
13825.454099
14055.153489
14215.227842
14489.827253
14957.954733
15297.872438
15554.640197
15714.530500
15895.249817
16028.307880
16494.537545
16994.255510
17392.111606
17933.394353
18254.018831
18566.041704
18870.626864
19211.056693
19502.752491
20128.118459
20669.699062
20999.982112
21288.407083
21270.248349
21417.948144
20919.934458
21171.870471
21496.368941
22769.936582
23518.708151
25077.928484
25756.403627
26285.642682
26160.677159
26002.631460
25358.521486
24622.181926
24361.899008
24497.325923
24482.707362
23769.093887
22673.812638
21236.154061
19115.277571
16791.374493
15627.853735
15671.130862
15482.563800
15110.796798
15310.009484
15270.712002
14733.669630
14374.251958
14404.755534
14389.976966
14237.992736
13951.106618
13831.182880
13752.900820
13353.049235
13340.864693
13566.261612
13752.900820
13867.332219
13995.382926
13972.632298
13693.613557
13546.464929
13349.747384
13290.506524
13137.376637
13138.594465
13105.744454
13369.908744
13633.025600
13712.277606
13673.515457
13860.148341
13855.596570
14252.137285
14742.650212
15526.411050
15726.310491
16004.535880
16427.612728
17251.481331
17875.706976
18482.604147
18583.014891
18742.647854
18600.971467
18396.057688
18835.707995
19762.721858
19935.324460
20249.436539
20663.639581
20630.911693
21260.207701
22049.710353
22554.905479
23126.443298
23721.937871
23312.026010
23082.205852
22821.663072
22883.639153
22918.928844
23271.906476
23226.330165
24059.047763
24541.202414
24900.852895
24835.388868
25272.745649
24956.343126
24107.611579
23554.218235
23141.916586
23110.678200
23646.484117
24329.811495
25278.165433
25893.907919
26160.677159
26334.933954
26720.308148
26162.954155
26095.081983
26268.944680
26046.365555
26012.819770
26317.294745
26627.078085
26610.543530
26571.456047
26220.966816
26116.494371
26260.186987
25956.173692
25769.932896
25857.797543
26157.699387
26018.354398
25993.185342
25909.540820
26180.866146
26027.143321
25973.612384
26012.819770
26427.590148
26326.879953
26462.301059
26938.619526
27436.546337
27422.035825
27182.357264
26660.033436
26323.844861
26077.541273
25822.844940
26075.817408
26686.260394
26528.471489
26583.576629
26553.154823
26497.684846
26409.320808
26712.397315
26695.986017
26566.535563
26363.884020
25674.768947
24993.904598
24349.784910
24663.798346
24758.280273
24956.071593
25040.266920
25353.776059
25470.647901
25501.750861
25821.241897
26032.253288
26340.176618
25840.123066
25768.007153
25845.551468
25657.244071
25432.172854
25333.577152
25060.219609
24555.950501
24426.312981
24151.827293
23817.464749
23632.637553
23699.459768
23908.626388
24353.577504
25042.763994
25147.777940
25296.592558
25158.587661
24719.574795
24425.118657
24504.843218
24358.319605
24509.890261
24655.311903
24655.311903
25157.946201
25616.234179
25708.188580
25734.785736
26068.766819
25644.361871
24926.294615
24611.178027
24418.149708
23909.128670
23903.493217
23954.740156
23751.200012
23925.605222
23798.027098
23827.287227
23642.569211
23665.383405
23363.303094
23599.471273
23207.380538
23282.874052
23225.933270
23334.486982
23626.071228
23698.252939
23575.503992
24076.077255
23959.076941
23610.657212
23741.695956
23861.493863
23152.134530
23293.853809
23245.800865
23252.769707
23872.332885
24328.169988
24264.382044
24315.490814
24053.160541
23488.401365
23123.542640
23150.608194
23418.875621
23935.568540
24371.058501
25234.954822
25272.071714
25066.690561
24773.598743
24680.243833
24257.712530
24460.297015
24054.316385
23871.994400
23946.994350
23924.818635
23828.376846
24160.928218
24544.422418
24317.367560
24235.542213
24420.220886
24421.952860
24083.914443
23946.101024
23486.584644
22868.884933
22639.661606
23168.327551
22919.510084
23514.811045
23616.973458
23740.217794
23204.859861
23631.678423
23682.908567
23838.169517
24120.045624
24253.062150
24208.766376
24148.812683
24438.198282
24222.481858
24177.663435
24086.155097
23909.710856
23305.342375
23155.402063
23407.675858
23328.000511
23294.595332
23606.503801
24101.534223
23988.067452
24432.680714
24619.522293
24734.377686
24325.549647
24057.312984
23588.506113
23167.899843
23344.743663
23557.649512
23573.976210
23892.165588
24304.190601
24086.155097
23789.020057
24070.665799
24127.847337
24491.156910
24841.746747
25403.895282
25574.516602
25325.434221
25136.639532
24904.664510
24184.583716
24127.478827
24347.499561
24259.480326
24166.931199
24622.262925
24457.893711
24435.877226
24713.433424
24878.754807
24811.245928
24803.134227
24991.602950
24917.695322
24571.359139
24637.156230
24790.756974
24293.159363
24174.046629
24762.619897
24686.820699
25025.309264
25425.421708
25224.269058
25064.085840
25148.300842
24973.722392
25027.923014
24836.154273
24545.049230
24389.701622
24121.001185
23882.879535
24422.330537
24514.839846
25074.669159
25641.199807
25900.840457
25804.250547
25950.000944
25480.525069
24754.154537
24336.608305
23883.004581
23532.487653
23491.443240
23575.503992
23847.162102
23943.043820
24377.897015
24449.454696
24347.387452
24129.103842
24324.334222
24371.232888
24706.108448
24956.127731
25316.105251
25371.590418
25476.083787
25075.801413
24846.618712
24699.699937
24773.712168
24605.217852
24808.420323
25386.886083
25382.610604
25337.098823
24920.885325
24882.025166
24502.362394
24428.812818
23793.168228
23916.277248
23975.646920
23649.689294
22974.083695
23653.030539
23714.700996
23419.150118
23593.664416
24233.613663
23831.730539
23353.505504
23119.654253
22930.872537
23095.472958
23345.561761
24022.504317
24260.521666
24221.548884
23730.441536
23628.113352
23574.433685
23418.730973
23398.205262
23422.332444
22993.891852
22868.675631
22624.772546
22356.060533
22000.393826
21703.113604
21053.043424
21261.902055
21904.384090
22053.066967
22243.400718
22485.357678
22312.687042
21755.513620
21921.836067
21979.391542
22129.084582
22127.328672
22145.430100
22012.336180
21948.950903
21641.062802
21727.509553
21955.347942
21979.302105
22069.395888
22334.123968
22311.465820
22120.672299
22436.319818
22676.358148
22247.486596
21983.049083
22009.947725
21831.817071
21807.277838
22077.974227
21911.972535
22143.691481
22119.148206
21975.722884
22599.554797
23265.935048
23450.909476
23413.027503
23599.414517
22707.059178
22327.665384
22073.747729
22584.444889
22527.001148
22773.492397
22927.246168
22822.294688
22271.534989
22409.286815
22779.852106
22997.623356
23157.422763
23095.354494
22918.928844
22483.962848
22038.653919
21706.571345
21793.681826
21969.807258
21842.498206
21678.556855
21573.914617
21404.938791
21203.701916
21550.550775
21692.133384
22020.236591
22284.463288
22231.071232
22350.880168
22754.223528
22815.918576
22964.612473
23165.742974
23486.130077
23479.392664
23700.767294
23559.026180
23388.826625
23003.203455
23142.353236
23452.120688
23794.395145
24600.636956
24731.672095
25101.472597
24440.503056
23940.809127
23013.319442
23110.069912
22707.619757
22592.886740
22628.529642
22788.949913
22591.740983
22651.227759
22916.156624
22960.060421
23175.449162
22862.272197
22445.114709
22509.324594
22706.705372
22957.141113
23297.237906
23467.805763
23662.210188
23742.286757
23202.821471
23157.664462
23161.673197
23190.895115
22994.785643
23286.765391
23454.631046
23352.471572
23104.088001
22939.025936
22851.309882
22920.922162
23029.810557
23272.052126
23181.428720
22901.625344
22497.987943
22651.453253
22202.407315
22260.260166
22680.196962
22551.309384
22106.176971
22327.665384
22298.821823
21812.866971
22185.929313
22809.913492
22783.127188
23245.116566
23456.531602
23243.207889
22650.676087
22539.564144
23077.099441
23659.995307
24539.816595
25524.566068
26297.611259
26095.520109
26009.361117
25843.041222
25605.571363
25398.097138
25406.848177
25827.521932
25952.712069
26555.485028
26582.162639
26386.318162
26284.443325
26456.425638
26062.634425
26458.719961
27340.598054
28079.679770
28396.771570
28376.813347
28200.202775
27713.106684
27533.147968
27251.495968
27434.394999
27629.487753
28029.160968
27549.599185
27303.200555
27487.673159
27733.866319
27689.487270
28109.843055
28856.722260
29402.688285
29916.765721
29999.447888
29796.621943
29277.619623
28797.238042
28108.096841
27615.157554
27586.407388
27387.363946
27432.511090
27783.117061
28038.857096
27987.080469
27911.294774
27700.305897
26660.144491
26036.011872
25760.797085
26189.621719
26078.599064
26734.851098
27183.599774
27036.753632
26529.513220
26056.337276
25738.110137
25377.525331
25737.305926
25718.443782
26359.042253
26645.519833
27023.886700
27318.825898
27766.023017
27823.864723
28038.916320
28432.394558
28504.112890
28657.707047
29179.466627
29240.061019
29224.637991
29173.553084
29585.592359
29643.172578
30147.840981
30594.252919
30350.265072
29758.133108
28947.402773
28007.898425
27381.674563
27690.497718
27789.610474
28633.048108
29387.318020
30213.943868
30359.675910
30845.810147
31079.202735
31168.167605
31047.847538
31482.618342
31899.014284
31701.876638
31661.073831
31467.756213
31390.073034
30914.327151
30592.326303
30264.073823
30165.288351
29831.412733
30058.862987
30881.783913
31199.804758
30722.035922
30701.562561
30473.352140
29632.746819
29645.131324
30232.026223
30424.874405
30241.977099
30362.685537
30426.289761
30593.282309
30572.609511
30519.378540
30935.833627
30597.336091
30164.026190
30556.285280
31057.899368
30631.504116
30627.909504
30721.073816
30347.660334
30056.820318
30133.876562
30542.795297
30538.342392
30484.091072
30501.028640
30786.144351
31022.128222
31335.325977
31366.297877
31269.805295
30652.812671
30336.896731
30443.522876
30568.353017
30689.508600
31394.310609
31472.746560
31332.998095
31322.365917
31357.886358
31088.785731
30980.156402
30929.087830
30980.157570
31168.724153
31298.325955
31241.129387
31094.084675
31057.158234
30738.755844
30355.651577
30765.929514
30950.295227
30716.511500
30410.839060
30720.809418
30472.625620
30752.026396
30955.148691
31558.720271
31630.153434
32044.660140
31745.013601
31830.403843
32048.655890
32425.663036
32493.740025
32918.108474
33217.230899
33008.009687
32657.658584
32300.774156
31984.856800
31888.416479
32222.230964
32200.512678
32338.019115
32072.906572
32257.399151
32003.839574
32255.948063
32680.726356
33471.808670
33541.238546
33736.155046
34013.309720
33740.421058
33431.278897
33544.028166
33398.849595
33259.208749
33131.551845
33240.509938
33166.834265
33285.816412
33361.698896
33224.353089
32960.147120
32693.124400
32818.299173
32836.760119
32875.503842
33186.626548
33410.008084
33149.983718
32918.182613
32844.121670
32519.849751
32306.521703
32460.168633
32255.717564
32315.034916
32796.906149
32983.900914
33426.349394
33568.188038
34036.196603
33600.322416
33926.822803
33456.738874
33604.730281
33426.275814
33965.952216
34095.175361
34437.730942
34821.307558
35114.936038
35034.633591
35059.248133
35311.547191
35567.948673
35818.196531
36200.796555
36220.917779
36016.003626
35948.107549
36060.921498
36160.614647
36556.803720
37192.679394
37506.513051
37744.455382
37995.557900
38011.973145
37919.663061
38046.922593
37950.431239
37865.989685
37650.612440
37937.782099
38015.722599
38489.558088
39249.532079
39551.060221
39709.003534
39473.029774
39020.054322
38273.155237
38211.618910
38002.395273
38049.488754
38123.416772
38216.746883
38727.705695
39065.948618
39438.878281
39958.225774
40235.994046
40000.104683
39903.697726
39864.724700
39688.320481
39744.081168
39924.380778
40026.941371
40344.879209
40398.210716
40553.760453
40350.690974
40319.922797
40430.688237
40976.310590
40782.983873
41121.433829
41552.188318
41574.751648
41381.937734
41619.707374
41537.658900
41145.877436
40967.506897
40620.767202
40714.097342
41009.471848
40986.908518
41050.496085
41294.590296
41470.139843
40967.508048
40797.342356
40512.223908
40245.566368
39500.889429
39515.504126
39499.354158
39673.449195
39538.069213
40082.495025
39745.889249
39945.063831
39465.080271
39190.216924
38830.230189
38729.513776
38590.213445
39310.213763
39798.402184
40093.947625
40549.317151
40362.656378
39511.405215
39470.463606
39185.945457
39114.152097
39438.634464
39524.394467
39021.589593
39075.179072
38941.850301
38661.187164
38621.861252
38301.464434
37977.438849
38133.330963
38178.457624
38317.940029
38662.190733
38587.015609
38065.982840
37409.595047
36693.722111
36201.040372
36001.438111
35941.952967
36181.944755
36448.604051
36639.364997
36612.699243
36452.703457
36315.273524
36116.305974
36028.103865
35809.942646
35720.080250
35597.065652
35510.856608
35389.835110
35605.408241
35326.418477
35303.855147
35205.396978
35090.532282
34806.094404
34986.601044
34728.148353
34916.859844
35485.045527
35505.044843
35355.306125
35402.097347
35172.748522
34503.916474
34157.398655
33993.301455
34028.172369
33790.252604
33898.945962
34090.159544
34130.833891
33815.186388
33851.851990
33868.113548
34206.285871
34257.158399
34495.506742
34850.366393
34686.269445
34579.399396
35094.457435
35264.711063
35371.374203
35953.531466
36147.245087
36083.657519
35970.840867
36017.811707
35437.525786
35115.009406
34744.045245
34328.079061
33808.934559
33689.816440
33629.952254
33473.948110
33709.735016
33643.893043
33488.104784
33043.915918
32783.258019
32609.501316
32416.091421
32348.400736
32192.951538
32098.495010
32295.245210
32960.181719
33392.809440
33828.276897
34230.553943
34193.465797
34086.885423
33931.150996
34033.219000
34125.433968
34455.679046
34611.571146
35343.853778
35734.951504
35790.493756
36007.762681
35952.766092
35661.107878
35587.777054
35647.237239
35714.952217
36094.426381
35727.052427
35725.244289
35823.495470
35599.855251
35401.332744
35798.880940
36187.756520
36278.009842
36324.837959
36046.222903
36101.605623
35792.567773
36328.032394
36399.801121
36842.947773
37066.529865
37346.520283
36872.690345
36987.558209
36852.178227
36622.442499
36500.224459
36399.799970
36457.148515
36528.941425
36387.407808
36302.966253
36430.141388
36604.494395
36879.356784
36899.868902
36975.065790
37201.055176
37043.102421
37096.052477
37477.968776
37875.732941
37972.139911
37830.606280
37565.999951
37496.258748
37111.827460
36826.709013
37095.808660
37236.951383
37331.307128
37693.516955
38301.083432
38436.055645
38351.955959
38452.465340
38088.033368
37661.381302
37593.693067
37597.791979
37253.184593
37148.749273
36927.218393
36654.407217
36324.554769
35809.698828
35760.420718
35608.606083
35259.925151
34980.960217
34968.737340
34428.671423
34036.537125
33399.033149
33001.323136
32657.924748
32758.472172
32633.794373
32830.264586
32953.586418
32955.131230
32975.526279
33014.322129
33106.873018
33055.138912
32992.188415
32278.841486
31731.230809
31232.370554
31248.583818
30918.519302
30909.641833
30852.112384
30842.269077
30696.320551
30737.857523
30888.076800
31083.310030
31214.759717
30970.142295
31134.177105
30929.933272
30782.227464
30443.665384
30207.905448
30140.451581
30200.434510
29992.966731
29915.889930
29977.387326
29894.411411
29712.847140
30196.464492
30436.280395
30482.019653
30581.964086
30835.631995
30482.673051
30452.055378
30722.740655
30887.299213
30945.143704
31176.567531
31392.291327
31410.272744
31488.343627
31443.816309
31560.528352
31490.909785
31617.911345
31679.705639
31746.017221
31436.636513
31582.123169
31327.922887
31274.591207
31718.861034
32381.546406
32435.053034
32767.597591
33146.704329
33224.354239
33445.979453
33825.133981
33954.314468
33778.266272
33760.895267
33737.863467
33596.395382
33723.866281
33497.933920
32975.714883
32670.417675
32686.652218
32511.763411
32610.265815
32928.587920
32918.182613
32577.505428
32569.457536
32411.475752
32378.158896
32653.247150
32806.902519
32812.593337
32853.589891
32711.806852
32682.700663
32787.701446
32881.903930
33025.617558
33178.969657
32879.320139
33001.944002
32912.167938
33217.484197
33195.929198
33173.545535
32873.939831
32633.838779
32256.163243
31969.778235
31635.263057
31431.952167
31550.803616
31653.964540
32071.715832
32557.624840
33043.915918
33355.897830
33415.030646
33630.150148
33761.450542
33552.633028
33562.889100
33575.221316
33484.495582
33521.094575
33767.155588
33707.850806
33931.238821
34090.636032
33954.171961
33933.322326
33914.842854
33843.406521
33680.833768
33403.604668
33645.611135
33529.400166
33705.656377
33972.105851
34503.830610
33741.851862
33689.584149
33094.187179
32692.380925
32338.832946
32597.632418
32512.854071
32479.099484
31972.285184
31838.680141
31709.447298
31639.706552
31674.411325
31876.700383
31626.874089
31259.378177
30707.184339
30344.576385
30207.032607
29946.378942
29979.065695
30104.692829
30331.562246
30185.229947
30222.056156
30058.335806
30232.099591
29668.522506
29488.258953
29410.499840
29031.489401
28684.482201
29051.232903
29146.585842
29188.211700
29503.820828
29452.373950
29277.747116
29578.514455
29664.333026
29853.068334
29979.574203
29867.460000
29421.104371
29061.499188
28897.758078
28965.300889
29230.021006
29269.436942
29694.440238
29828.367386
29996.226163
29936.332315
30260.918102
30158.664009
30095.381351
29740.104364
29625.246439
29493.976151
29500.317235
29691.222128
29892.368162
29955.662110
29702.337446
29443.533972
28949.335555
28614.884618
28272.608618
28161.678177
28298.770912
28848.449259
29162.549574
29466.427775
29526.104157
29614.267550
29197.927750
29142.517942
29181.482681
29359.625652
29184.561439
28961.450944
28797.128700
28528.832092
28154.902739
28495.931290
28828.326166
29026.736735
29367.938128
29574.116453
29106.376363
28966.794903
28727.240076
28433.358140
28400.468007
28466.288233
28394.377942
28379.580424
28344.882148
28173.985325
28133.050676
28548.417005
28978.366324
29277.619623
29395.084358
29352.111162
29362.060293
29038.261423
28672.934528
28893.446120
28987.293695
28876.803199
28829.155280
28906.033089
28609.899630
28252.967191
27919.182189
27838.251894
27892.284259
28147.513319
28617.359924
28774.670371
28992.862050
28773.384521
28604.083541
28411.507835
28282.549210
28134.410015
28488.998456
28411.608646
28407.564232
28420.166902
28231.393554
27689.487270
27772.386360
27890.996136
27919.731539
28058.771939
28442.344626
28433.358140
28344.125045
28398.878425
28558.797675
28517.959523
28828.806698
29235.004722
29368.047183
29189.622239
29362.004195
29253.035015
28834.916614
28672.695611
28742.549239
28644.143866
28290.498181
28219.525934
28352.241141
28311.146483
28253.658707
28298.035492
28268.183231
28366.016763
28288.273521
28064.883642
27995.374207
28252.071496
28026.202732
28233.678851
28623.310693
28896.384025
28572.393879
28547.629686
28308.322083
27907.733721
27630.052142
27880.370338
27706.184074
27457.631240
27299.907127
27297.559761
27121.048647
27262.658097
27500.691844
27880.278069
28035.327420
27949.692488
27733.912833
27676.268009
27659.971413
27382.482372
27308.638094
27150.910176
27302.732957
27099.128458
27181.796443
27110.138450
27251.345709
27175.161142
27335.405852
27448.914733
27321.676261
27180.341390
26882.734981
26384.218667
26151.355944
26130.430050
26011.711691
25958.199400
25972.660170
25983.640635
26096.296597
26211.604123
26143.898385
26139.592007
26006.263979
25749.653919
25486.945063
25411.391537
25512.045742
25360.389836
25329.746833
25305.149712
25143.347818
24581.154423
24423.867603
24263.796661
24324.850928
24409.071974
24921.808531
24833.192219
24937.762175
24783.781422
24716.021980
24449.390404
24653.834339
24649.481070
24600.636956
24573.855667
24510.255849
24599.329868
24470.013291
24324.448722
24046.899868
23881.573695
23101.136383
22873.609186
22803.875974
22694.748985
22627.682560
22898.787557
22782.089812
22541.656769
22671.070848
22560.213237
22607.009185
22795.588863
22820.210084
22584.313422
22895.887034
23060.673958
22847.318560
23066.468183
23196.276076
22863.695401
22463.461861
22246.411371
22112.736148
21690.452034
21522.271068
21444.311990
21405.088584
21155.133180
21288.324008
21144.442374
20860.213806
20953.056535
20856.472114
20459.801653
20480.433749
20218.870792
19927.177620
19826.976874
20095.164332
19744.689664
19743.137139
19789.874967
19690.900927
19486.410342
19455.740613
19488.685941
19265.455631
19330.772839
19337.289521
19519.588136
19686.459335
19462.616245
19435.961899
19345.794290
19233.245471
18799.894868
18906.767509
18647.557103
18479.630570
17915.644267
17760.066716
17224.429350
17007.674766
16615.101566
16459.469935
16390.656202
16474.502408
16159.285895
16113.996726
15877.809301
15336.056942
14742.920984
14224.118487
13477.293348
12919.626249
12317.120205
11705.652293
11020.857633
10576.201460
10095.519462
9573.668773
8999.098640
8375.725198
7633.400481
7067.051708
6629.072859
6171.785236
5931.250862
5627.974939
5381.872191
5315.223710
5307.091400
5333.560758
5585.908320
5684.366032
5773.231159
5933.978379
5972.750463
5935.440318
5991.131376
6092.938954
6155.027739
6265.076766
6632.686597
6782.592952
6857.986507
7050.627135
7405.104469
7419.382731
7590.453949
7781.530108
7992.312997
7977.698831
7971.995224
8088.937585
7997.658122
8089.926840
8165.670489
8317.405959
8287.294911
8533.665759
8332.869931
8221.505979
7913.948655
7827.652423
7804.011456
7840.530937
7959.287025
8217.962837
8402.638463
8519.876739
8555.588957
8715.310664
8899.914748
9236.553118
9326.749706
9589.778969
9718.882679
9706.628309
9552.941552
9426.279215
9658.473928
9616.956786
9772.934023
9803.264623
10063.664528
10037.025793
10082.541122
10032.921303
10126.839899
9966.835732
9873.280357
10014.255978
10363.291428
10494.444564
10901.381768
11164.119187
11091.865000
11149.297176
11179.678455
11141.783766
10990.554186
11242.568132
11326.897923
11414.747209
11508.745057
11861.237677
11963.881816
12014.495479
12312.496035
12572.497279
12787.874073
12799.875664
12898.639017
12982.527590
13145.510172
13190.097623
13854.522695
14431.065463
14759.632640
15061.513841
15592.975377
15797.814767
16154.710441
16626.489219
17084.917484
17316.094193
17449.855774
17642.981638
17927.361896
17967.727232
18118.762499
18560.098492
19174.252162
19790.450306
20237.403421
20424.347262
20528.264165
19839.216850
19609.783176
19871.708227
20473.281334
21193.418618
22862.824456
23363.116994
23763.328655
23820.872223
22999.984093
21748.532263
20950.991443
19518.037565
18724.213271
18676.967382
18379.623029
18276.732182
18574.507312
18353.190153
18165.820695
17984.049882
17820.126910
17810.714623
18038.293598
17953.922208
18038.293598
18179.897545
18326.593902
18439.833600
18818.710926
19030.211707
19096.268925
19189.483028
18827.761869
18781.201951
18835.830292
18959.768318
19323.808012
19744.311523
19703.243437
19288.519417
19159.825326
18936.951419
19247.584516
19347.994000
19942.150261
20752.513279
20934.939186
21030.856734
21439.838616
21672.248442
21411.481040
21579.962390
21975.722884
22303.436257
22613.562002
22782.244263
23057.375295
22772.570234
22700.318086
22747.745774
22635.111620
22569.809134
22457.962039
22376.958423
22415.221188
22625.671719
22659.242545
23128.730731
23368.665065
23356.414322
23473.049937
23773.310120
23533.428722
23198.957930
22842.247746
22751.675006
22583.016313
22733.140770
22812.619272
22921.535114
22779.852106
22652.747790
22612.213121
22628.668303
22688.479536
22603.780966
22826.049448
22748.305293
22717.728414
22693.367769
22884.038878
22679.493601
22841.443386
23007.406927
23213.044703
23318.002751
23232.746912
23256.618150
23116.177588
22927.363278
22810.291376
22994.436810
22767.331852
22867.683722
23339.104154
23556.861743
23867.683726
24173.787374
24392.776371
24269.950383
24304.779636
24400.297449
24562.199819
24383.784618
24509.176564
24533.621289
24554.094926
24471.397326
24612.744248
24524.770706
24533.275654
24084.408428
23987.798974
23862.573415
23710.800627
23667.921336
23589.693521
23401.350597
23142.601137
22849.987609
22527.549856
22199.034916
22018.254250
22190.826353
22260.333608
22375.139638
22683.996090
22501.435090
22294.465229
22450.473249
22126.464455
22208.317538
22499.438381
22386.838403
22106.049038
22070.219601
21822.046563
21369.038503
21266.235369
20827.225927
20587.021828
20382.650271
20437.945192
20517.778581
20561.095375
20743.998074
20799.345501
20795.563695
20418.076750
20479.447662
20335.388935
20184.528923
20065.340614
20141.400962
19979.305337
19675.604120
19871.420850
20060.096994
19990.662306
19970.339119
20356.232232
20053.028497
19880.916251
19855.864542
19805.520834
19524.054218
19384.216377
19490.586146
19966.111761
20376.336537
20631.197534
20786.678271
20782.712595
20458.115092
20265.544470
20202.698666
20291.219030
20274.706450
20229.777093
20393.260145
20855.820867
21139.656190
21560.289189
21955.971617
22066.595019
21673.035124
21532.710428
21131.170908
20901.117608
20744.982601
20845.568793
20818.925388
20895.436289
20995.593835
21226.761614
21194.165792
21347.091079
21448.202710
21236.940685
20859.778794
21062.782694
20929.373304
20650.490418
20650.490418
20578.852740
20157.621242
20020.038339
20172.528646
20157.548995
20180.091420
20274.706450
20203.511603
19918.236374
19883.960208
19734.062337
19862.767673
19831.852655
19991.174014
20026.561387
20127.771495
19947.465487
19806.608967
19671.238210
19396.549170
19305.961951
19355.671836
19178.015282
18960.281515
18953.962853
18740.782456
18406.875235
18126.323090
18202.646869
18030.208724
18144.821101
17916.711839
17923.968156
17614.289457
17560.554518
17307.129632
17276.107741
17065.373931
16765.167632
16529.342385
16024.451748
15598.018215
15331.135923
15093.345926
14453.718160
14021.196856
13495.136228
12653.672312
11951.604982
11242.432272
10530.231197
9873.563547
9596.354267
9062.516704
8796.427433
8555.839118
8262.842086
7836.049021
7598.282633
7426.062843
7215.135923
7071.139983
7092.636889
6895.678417
6679.049895
6492.359445
6291.094535
6129.355838
6313.999763
6123.305561
6042.943859
5985.321906
5958.990273
5708.709715
5738.818909
5817.407831
5854.545894
5832.055998
5884.908057
6024.833586
5983.873185
5936.373789
5992.422484
5891.722687
5680.311071
5569.101957
5504.091314
5355.300463
5324.953123
5545.758575
5728.433263
6031.525177
6127.457612
6261.270521
6211.888304
6125.420179
6010.811794
6116.925299
6072.509245
5842.011731
5908.330725
5826.177214
5959.133748
6006.478709
6154.692037
6242.452032
6279.424106
6148.242434
6144.275749
6099.097331
5904.782262
5865.157115
6074.096053
6024.833586
6121.648863
6201.238555
6437.092929
6348.074387
6486.122075
6652.035606
6793.371627
6711.174568
6711.174568
6736.339802
6600.355860
6571.609400
6534.162292
6352.194978
6410.335837
6533.183847
6664.434000
7008.363532
7322.046328
7605.830341
7788.396751
7814.783174
7709.940942
7514.673254
7358.712077
7478.021733
7543.556585
7447.164967
7511.268065
7363.723302
7267.034493
7275.932581
7338.634768
7259.099957
7166.617238
7038.767416
6904.315299
7016.984830
7256.418917
7617.746537
7814.868239
8044.803389
7991.458723
8015.342300
8131.194283
8202.555550
8440.030929
8431.775454
8519.456955
8567.805812
8545.695548
8376.755586
8797.154782
9046.813167
9136.807394
9291.081200
9360.211591
9300.984303
9129.878612
9057.971592
9101.044044
9261.162216
9185.261827
9164.999918
9292.092993
9163.046370
9171.501042
9079.230068
9317.088287
9337.393121
9753.948910
9717.074598
9961.257918
9976.215895
10044.206793
9894.383902
10027.616466
10091.352394
10475.980444
10779.398349
11017.349686
11185.544688
11604.375478
11550.532742
11585.990727
11782.494301
12081.602613
12151.822367
12247.722298
12524.141386
12696.262609
12769.911260
12966.810715
13344.642720
13404.458963
13424.714110
13546.089777
13880.309902
14164.710171
14377.432388
14813.350008
15270.555270
15479.675436
15713.337561
16206.807662
16734.596059
17167.199455
17482.945348
18042.937325
18055.584723
17952.756792
17936.464992
17998.257302
18191.438804
18762.945191
19483.738403
20168.168110
20761.653950
20787.867426
20707.722128
20860.002271
21339.965728
22057.912732
22880.201441
23844.138557
24625.732820
25048.278154
25514.156542
26604.888543
27234.700647
27650.811818
27616.521291
26674.404162
25403.613228
24160.883875
22749.181759
22025.372754
22102.975337
21542.864314
21184.260595
20870.460917
20548.351418
19871.420850
19824.680889
20262.104870
20128.199262
19584.607758
19597.453441
19363.859021
18957.273169
19365.754873
19956.562263
19650.611319
19817.401556
19959.297207
19981.531545
19666.060276
19639.113763
19714.633217
19579.786108
19103.233564
18623.825193
18660.140916
18787.373901
18671.808358
19082.163762
19821.196941
19917.374196
19514.643443
19871.630246
19679.139969
20056.681315
20207.743974
20419.372875
20618.026857
21112.521125
20999.982112
21494.076093
21656.469923
21166.395536
20741.129823
20687.673399
20864.861520
21282.621028
21508.327456
22076.393020
22209.604616
21979.558533
21773.207412
22526.013201
22694.152102
22877.079933
23145.116398
23649.946916
23817.723554
23887.796681
23889.612576
24221.942157
24174.912723
23920.971316
24177.544271
24633.248663
24665.579463
24694.425988
24990.250178
24674.304677
24511.685544
24413.337326
24518.178031
24594.196247
24770.644142
24762.294421
24749.958996
24730.026146
24428.007205
24816.570805
25019.166447
25115.512643
25368.796258
25641.783476
25454.586255
25571.821601
25851.137981
25991.068717
26214.175556
26454.700743
26731.106630
27199.169118
27367.900244
27632.087538
28055.133537
28175.823141
27980.798561
27932.667954
27798.977578
27772.549660
27809.219587
28049.595916
27933.716890
27539.888120
27053.979463
26589.950789
25929.790595
25449.657655
25778.039132
25927.363594
26001.856908
26189.946464
26603.505586
26780.218248
26927.440068
27106.133691
27089.138665
27574.093833
27533.147968
27410.282627
27268.671815
27088.071382
27079.059567
27150.910176
27382.482372
27837.669702
28346.165541
28119.912147
27842.843355
27845.522752
27724.134015
27537.611818
27337.917660
27749.747407
28024.660615
28014.424122
28153.989401
28577.792924
28438.566139
28510.033172
28590.671776
28793.718689
28656.697789
28649.844985
28259.806086
28173.985325
27927.596682
27516.312777
27075.407602
26909.363008
26501.130101
26181.531852
26003.164561
26091.750816
26050.882411
26112.141973
26705.206015
27191.618287
27279.910388
27183.279207
26914.753764
26518.794125
26216.193205
26421.633762
26626.996503
26976.063896
26719.374910
26854.641391
26645.403928
26674.165194
26780.911674
27173.149644
27361.530263
27548.184976
27628.470459
27937.816832
28130.989127
28290.498181
28403.493859
28426.399664
28413.859297
28327.544148
28587.787273
28970.930508
29645.574853
29734.802371
29912.690559
29634.885306
29569.357979
29294.597648
29083.482164
29226.559249
29340.127500
29122.697407
28978.673321
29071.585134
29022.053106
29115.541551
29378.493936
29412.827422
29462.178839
29441.837124
29268.683350
29116.008861
29198.121367
29165.996139
28911.872858
28780.583207
28995.446720
28924.079325
29034.764205
29194.717145
29448.263048
29165.416694
28887.797418
28666.433578
28737.982323
28842.942212
28809.663852
28809.663852
28914.428645
28780.795292
28543.636298
28912.584497
29334.932090
29597.998628
29972.715216
30222.049733
30147.923268
30028.905690
29729.687132
29889.428373
29834.311939
29715.361001
29638.884862
29837.652676
29505.678594
29399.312351
29426.157362
29498.023164
29690.900742
29754.138667
29676.131170
29520.242053
29520.242053
29223.136323
29079.267178
29181.591426
28886.786238
28877.787296
28943.545343
29038.149962
29049.399129
29206.825636
29115.288834
29217.642905
29442.857522
29643.091925
29917.141064
29819.418014
29916.099769
29887.361961
29898.372453
29758.590559
29715.534092
29488.190594
29026.702733
28544.013294
28509.383136
28790.602475
28577.287095
28644.305907
28653.477475
28505.556356
28276.025933
28385.232496
28553.466593
28722.396986
29064.876117
29174.829933
29251.499744
29202.304327
29466.532373
29421.164380
29404.515870
29850.024687
29889.108144
29793.098011
29688.896145
29387.318020
29065.061347
28940.081473
28657.774697
28695.023919
28895.691489
28773.259607
28873.543477
28730.974158
28351.994945
28357.373986
28191.585825
27776.992438
28210.507271
28865.334967
28881.395604
29439.106641
30163.844503
30072.334870
29857.063794
29815.762749
29434.484060
29180.305405
29197.858807
29097.295626
29166.699831
29511.372712
29355.923641
28987.228375
29239.520998
29017.035005
28437.016781
28498.074590
28843.001722
28964.152326
29181.482681
29532.376016
29673.729609
29438.334976
29035.968750
29099.777371
29032.007790
28867.950651
29112.078291
29206.618736
28661.123700
28257.288284
27812.075928
27349.409398
27138.646221
27529.899758
27907.568385
28338.740607
28329.323367
28401.493345
28623.165467
28462.920469
28327.436464
28669.688447
28764.119370
28657.571434
28870.533250
29311.545490
29676.070779
29645.337872
29665.635148
29551.220129
29183.981344
28995.315711
28867.879770
28642.796227
28828.806698
29101.432214
29097.295626
29283.989918
29829.362864
29780.118212
29390.504453
29421.206342
29708.838501
29491.250178
29450.059193
29604.305974
29470.833754
29169.432761
28916.708159
28701.333612
28340.114717
27920.540329
27732.380309
28080.246983
28076.332939
27945.068727
27874.468632
27749.283410
27221.996664
27297.707478
27502.922684
27312.048728
27038.876044
27118.705795
26985.514488
26971.279059
27544.646069
27980.088449
28095.946187
28583.974936
28719.923359
28926.432727
28932.928905
29326.232914
29135.896588
29242.303805
28944.341626
28922.766448
28623.085401
28599.933572
28626.726713
28338.400345
27800.100445
27204.162600
26643.656243
26403.239876
26565.944821
26846.784046
26988.401245
27152.422560
26898.151753
26429.229410
26224.142185
26183.054541
26134.097684
26296.455473
26611.427361
26546.135200
26679.552759
26709.551257
26726.061780
26666.916883
26728.419788
26740.326098
26850.395518
26853.533891
26990.827814
27251.277831
27292.515686
27082.830989
27280.002270
27095.628331
27001.230981
26962.098279
27251.345709
27161.424566
27478.912624
27599.867896
27797.133418
27885.532934
28038.981852
28172.617463
28057.609773
27776.338151
27593.843536
27397.106286
27183.365479
27444.129974
27587.414962
27797.133418
27905.531393
27962.842219
28047.962610
28062.028942
28021.036071
27873.799415
27728.805047
27457.740316
27456.011314
27279.739540
27382.224048
27790.776393
27893.661332
28179.103736
27994.157964
27623.198478
26955.841655
26916.854146
26618.196000
26676.968909
26761.244464
26767.914579
26489.177726
26215.863794
26226.081259
26205.858797
26352.860757
26098.359092
25948.509983
25688.035095
25712.405723
25832.359596
26183.157107
26371.561528
26618.452419
26888.672032
26942.124046
26860.182060
26913.875018
26753.677990
26648.946886
26296.120886
26478.211819
26383.851697
26566.239989
26955.841655
27413.359362
27512.580255
27739.993088
27834.833074
27657.671830
27451.074295
27566.275887
27420.675925
27498.125335
27303.431393
27197.199059
27078.089050
27205.297811
27082.279966
26806.869017
26631.363562
26162.005490
25755.950988
25538.534123
25766.001561
26103.484500
26630.722707
27240.183822
27496.789280
27773.289874
27624.510159
27472.580817
27397.106286
27447.964359
27150.910176
27382.127679
27810.741819
27875.970953
27740.752506
27689.487270
27695.916444
27529.768924
27532.582736
27513.596573
27630.407419
27450.744607
27325.687911
27465.222660
27420.130597
27450.744607
27583.749109
27165.979182
26806.315948
26898.613494
26919.536336
27010.695645
27361.380631
27345.171234
27340.598054
27287.383291
27174.049611
26474.510326
26244.941982
26092.890352
26263.347592
26139.131811
27024.842392
27609.713187
28325.927923
28403.414731
28780.795292
28843.954449
28479.456643
27817.006704
27347.412031
26955.899299
26693.674998
26740.937292
27378.884146
27828.125803
27864.019535
28017.649739
28376.736551
28144.585450
28179.474346
28981.532151
28860.894292
28893.753164
28764.136309
28969.160992
28454.417749
28504.995261
28226.312997
28222.483354
28049.813585
27916.282082
27887.970373
27904.655607
27924.942172
28026.826540
28169.091156
28560.602216
28901.158973
28770.311064
28479.140469
28367.637993
27865.318329
27465.456840
27642.345444
27752.369868
27908.040673
28248.854463
28503.599335
28724.302173
28685.234391
28614.550121
28335.379538
28025.805022
27605.104426
27453.956686
27140.474633
26863.450829
26695.224720
26574.172431
26729.744075
26870.198847
27208.634668
27421.611356
27446.731354
27292.579280
27467.881226
27228.173752
26817.892364
26873.406413
26588.418033
25903.932764
25657.401942
26237.955646
26623.180727
27130.225944
27830.227265
28008.222598
28150.271979
27905.857266
27665.733181
27581.699022
27381.255581
26872.558912
26648.708896
26648.708896
26751.033711
26961.835197
27085.063056
27255.573181
27138.460195
26927.169832
27244.758399
27333.369989
27187.843516
27060.930440
27211.526015
26873.406413
26676.098017
26189.946464
26627.078085
26400.091393
26400.091393
26685.822901
27108.469608
26560.602985
26774.026247
27401.572864
27483.433738
27815.908972
28219.970612
28661.852881
28436.679608
28024.153520
27249.115665
26898.034362
26076.153303
25617.878615
25665.860990
26334.768511
26256.466642
26131.843601
26151.913212
26125.798494
25996.649216
26411.064355
26661.821641
26837.650926
27158.289811
26988.226590
26951.026244
27073.297774
26900.584992
27073.297774
27244.108934
27200.044661
27353.743266
27438.092970
26863.682106
27140.730851
27222.456258
27094.074703
27657.594287
27895.149140
27684.620224
28257.136891
28034.828765
27757.988533
27837.400865
27759.686043
27316.887091
27534.062565
27521.722147
27425.760821
27846.022020
28106.700214
28186.737934
27934.245226
28202.664516
27665.480274
27114.061552
27387.363946
27450.831983
27180.223179
27186.065562
27407.851865
26854.476466
26723.247666
26667.864073
26620.431709
26212.639267
26263.411838
26437.380057
26402.878363
26253.031108
26417.543903
26306.276596
25894.015615
25597.050500
25918.525053
26039.947844
26375.684866
27064.122660
27376.121498
27431.539426
27628.600111
27295.154539
26804.520142
26671.903675
26347.927950
25690.837897
25640.339435
25648.099500
25363.498748
25172.151071
25227.739434
24951.831145
24845.868514
25042.122663
25237.145672
25302.525563
25404.925136
25273.426616
25380.661688
25653.128861
25963.375756
26300.690872
26413.265434
26081.387859
25626.022297
25574.927376
25756.543582
25562.024321
25818.808920
26040.157408
25705.681060
25196.615425
25446.821183
25508.017839
25510.596004
25887.922514
26172.780591
26523.381692
27132.465972
27483.223339
27608.747194
27723.929631
27711.213611
27367.003335
27438.699689
27319.687801
27675.825246
27657.184795
27733.066742
27472.341981
27665.102055
27629.487753
27333.881043
27110.429339
26921.533142
26722.976824
26335.478102
26096.029592
25394.720439
24941.157911
24426.205412
23966.167141
23863.919058
24270.029842
24559.310656
25074.338378
25395.926163
25675.033883
25446.046530
25578.557211
25095.165185
24934.967454
24561.851377
24660.018475
24805.341818
25351.311925
25711.097268
26525.284606
26817.277623
26849.806619
26800.312208
27026.867588
26945.180144
27295.865744
27280.863353
27107.272128
26914.004184
26966.841921
26784.054846
27038.773981
27126.725865
26864.515096
26680.077620
26725.060102
26376.840591
26383.024115
26516.101661
26493.677255
26253.255672
26140.519843
25988.947280
25840.264690
26063.275155
26150.568776
26127.090913
26252.483992
26421.407816
26062.387757
26062.387757
26363.884020
26421.407816
26567.652896
26721.896684
26725.530073
26485.637419
26437.952326
26916.347452
27062.240624
27421.082787
28001.262544
28427.946846
28297.153574
28379.175024
28633.420646
28577.698801
28124.400755
27689.304935
27146.045404
26614.106063
26181.848310
25794.050782
25191.558750
25201.807560
25033.808192
24943.644067
25250.946566
25837.890056
25942.226465
25759.738933
25894.900870
25963.375756
26067.404760
26547.384148
27361.592062
27724.617500
27710.406727
27388.238182
27024.962651
26580.031429
26245.595751
26026.579897
26353.080020
26311.816886
25840.264690
25450.321193
25472.252473
25217.476227
25122.952989
25272.850905
25707.825006
26238.512719
26620.862327
26826.480979
27094.942868
27283.973358
26842.622632
26578.163860
26532.872595
26574.172431
26137.212526
26190.110250
26348.288907
26194.765618
26102.301238
26286.372058
26348.288907
26165.482994
26030.701683
26133.564931
25926.308975
25841.848879
26188.661077
26609.393941
26508.390883
26723.852677
26914.753764
26508.129585
26489.577896
27041.443763
27127.164032
27096.813587
27496.903471
27617.614476
27105.060104
27055.828442
27279.656576
26695.053607
26421.800739
26075.817408
25923.650257
25314.750669
25420.801252
25097.125646
25156.682610
25115.512643
25073.086509
24914.813288
25184.932866
25230.149892
25349.866677
25749.498735
26369.811113
26592.868106
26898.498094
26835.238458
26227.708557
25281.230900
24799.093678
24229.195682
23652.825518
23796.146067
23791.851182
23529.128206
23393.949617
23486.356931
23272.797893
23006.182252
22468.088884
21728.100831
20864.861520
20255.756863
19739.601706
19459.160212
19654.301927
20167.019869
20240.297263
20138.342082
20128.045318
20019.575660
19844.625516
20271.148087
21191.393688
21808.696747
22834.542471
23464.052685
24693.151629
25964.150060
27155.555011
27699.706756
28866.858673
29213.099405
29284.133561
29564.875328
29575.095581
29378.656217
29097.474523
28808.994514
28574.785520
28786.005137
28529.271304
27910.456587
27457.036843
27077.542919
26460.138333
26577.259919
26712.322528
26381.441102
26231.500288
26412.257110
25749.498735
25706.644552
25832.710331
25847.099857
25334.686107
25806.470014
26103.484500
26141.227822
26192.786052
26719.989401
26549.488405
26090.496562
26019.002361
25672.917626
25321.922221
25192.551028
24967.084070
25013.795016
25136.737340
25062.941138
24685.576420
24833.192219
25161.923859
25119.003028
25124.769997
25420.450915
26099.358346
26214.727601
26555.433786
26949.145916
26797.472328
26081.624028
25514.950980
25088.192253
24905.610588
25213.237726
25086.250058
24866.089641
24647.090810
24304.320105
23588.506113
23328.080506
23056.952226
22543.946668
21912.013146
21627.088128
20954.188719
19963.148794
19329.549772
18022.347306
16993.416151
16109.382010
15691.046620
15398.110688
15303.504525
15743.037627
15687.085305
15760.775519
15522.699531
16010.704827
15467.516476
15505.745157
15504.341362
15772.151793
15680.168332
15903.686710
16277.157463
16495.052291
16424.620721
16474.465743
16286.305497
16174.756208
16403.880522
16514.716951
16592.488723
16912.382322
17216.197481
17171.367263
17497.410965
17931.239339
18447.652616
18984.730358
19231.337709
19469.289962
19646.360622
19674.619643
20177.262691
20650.557327
20967.938207
21495.313658
22018.646715
22142.000694
22735.332480
23446.735454
24164.383609
24745.433481
25701.209489
26909.645506
28547.307548
29788.294203
30797.356921
31295.529770
31248.583818
30580.578983
30157.832298
30151.715805
29962.788692
29991.906569
30338.310964
30947.030712
31550.545482
31548.390465
32239.869746
32342.017542
31689.819412
31123.656326
31362.006406
30623.849924
30258.715776
30568.413179
30252.660321
30108.808419
30131.445268
30024.667036
29735.321705
30174.290275
30180.233828
30293.414115
30156.902939
30258.794235
30008.168806
29501.948029
28666.433578
28190.941721
27720.512677
27439.633863
27454.444533
27718.992642
28352.309698
28237.654692
27870.125952
27708.368901
27670.214233
27325.833233
27365.132187
27793.428327
28197.619705
28407.045255
28558.692042
28742.743830
28388.111474
28071.959709
27836.601138
27690.659972
27670.214233
27955.558955
28023.566792
28003.392352
27562.263329
26874.752499
26383.167235
25744.681289
25309.360671
24991.387829
25309.360671
25342.026348
25494.167047
25358.594551
25545.015716
25048.575717
24737.260807
24648.799825
25106.662509
25340.737598
25582.265185
26160.999639
26696.107165
26845.071870
27062.537362
27495.956994
27458.105534
27454.548947
27339.076509
27410.889766
27665.102055
27465.685437
27287.478585
27062.884278
26897.338223
26322.726576
26222.550752
26179.190580
26370.344743
26281.769515
25984.251940
25598.746487
25119.003028
24732.036831
24400.007808
24619.617149
25292.378299
25885.104905
25978.509229
26105.348774
26232.469965
26431.416260
26058.125974
25807.108933
25433.926792
25158.587661
24211.476789
23497.621689
22941.986195
22689.163079
22126.308677
21134.845470
20556.683764
19985.933098
18744.616753
17807.039900
17484.387907
16882.136619
16459.596903
16258.375311
15804.778385
15425.795427
15101.364989
14717.053103
14629.088574
14635.850235
14344.013885
14733.784045
14929.229996
15192.212506
15439.990856
15961.137046
15977.964783
16054.866291
16212.839555
16330.145766
16489.896662
16841.125501
17138.422823
17681.706359
17702.866859
17699.053210
17565.002263
17782.974631
17865.135715
18154.759586
18418.962915
18948.140578
19034.998113
18907.691695
19153.982898
19254.720099
19043.778231
18883.158830
18975.151511
19287.910241
19947.904276
20722.947444
21785.435694
22919.383192
23791.319256
24817.210479
26041.176895
27280.863353
28187.692574
28826.445061
29045.321160
28893.905866
28514.014733
28118.059224
28191.585825
28049.919256
27846.297993
27842.535970
28248.854463
28335.192312
28780.498227
28898.699140
29519.543225
29630.102309
29999.313377
29930.862582
30264.989470
29987.544983
29999.600321
29347.820610
29130.391338
28799.994409
28455.334870
27510.021405
27013.660189
26478.271272
26151.841021
26069.262310
26164.254956
26088.431936
25883.627305
25918.244845
25656.219540
25650.319520
25967.824831
26121.952409
26050.252144
25847.298970
25420.725984
24709.197859
24381.100685
24011.186946
24016.392417
24284.908018
24707.246880
25011.368166
25101.616851
25034.602556
25028.590795
24835.388868
24546.009490
24562.453317
24685.312642
24646.425860
24715.778860
24947.846838
25086.894841
24984.518550
25454.394408
25281.726498
25393.895347
25506.155384
25708.188580
25254.966440
24793.416689
24298.747315
23722.289316
23438.148440
23190.410921
24108.825037
24648.404422
25083.171176
25074.411737
25168.727244
24795.223823
24346.477456
24120.818907
24084.888474
24101.634989
23984.580693
24162.849510
24226.439785
24295.089598
24461.315648
24631.860622
24884.004576
25515.775608
26126.836127
26225.091003
26709.302977
27117.505369
26590.094841
26010.508602
25840.399191
25629.185246
24858.138539
24500.582791
24411.942629
24173.976480
23874.884133
23948.014459
24276.801723
24633.986377
24935.826202
24750.947288
24772.203187
24665.000710
24418.458688
24627.396480
24922.808452
24699.526773
24680.992578
24538.980651
24253.368577
24285.952909
24922.115815
25209.856634
25586.954793
26061.181867
26317.371850
26317.371850
26812.029137
27189.660460
27279.910388
27318.825898
27265.136205
26802.220691
26482.507926
26206.801597
26201.098340
26274.832691
26562.302795
26783.862447
26484.757354
25992.106051
25402.101384
24886.869370
24151.583019
23767.885127
23142.030721
22577.716791
21946.026135
21132.678606
20230.148302
19298.986896
18470.615968
17436.518480
16532.490807
16123.563146
15863.014473
16118.307560
16352.075633
16664.616073
16699.921184
17356.806916
16997.738086
16864.294880
16664.367357
16895.613455
16639.550641
17066.258294
17088.454100
17772.744915
17270.068318
17100.139830
16716.777951
16399.324734
15727.756324
15803.362825
15714.759047
15559.765901
15639.372452
15686.507155
15868.662394
16358.860154
16287.157162
16596.452927
16741.591507
16704.044125
16511.424412
16765.699253
16809.501359
17279.909367
17646.775210
17829.762443
18234.112060
18404.395773
18335.006740
19081.916732
19463.224802
19572.411346
20019.575660
20581.436590
20474.256890
20778.361635
21787.847870
21957.445512
22371.118796
23388.797876
24789.651925
26213.074478
29009.064560
31013.232798
32796.481474
33843.549028
34319.786260
33809.019813
33622.167210
32824.286488
31925.903810
30927.431645
30066.033321
29325.989097
28938.168842
28941.893494
28792.335126
28730.755356
28537.515157
28706.372354
29065.724829
29434.309953
30106.268425
30572.851759
30934.775335
31108.495881
31582.171057
31894.228369
32256.245091
32016.715430
31987.983808
31645.482121
30846.858510
30516.012242
30481.659770
30007.363451
29800.484104
29668.683943
29180.447846
28909.495084
28626.364390
28054.513673
27469.394412
26960.603357
26209.847276
25752.493897
25657.647281
26066.358279
26597.538651
26951.781860
27407.690335
27772.679264
27813.472802
28058.176588
28043.740260
27539.278166
27061.625135
26517.530578
25802.362668
25750.240726
25874.357517
25820.605718
25880.273802
25900.389178
25465.664735
25481.344393
25626.640987
25625.738154
25576.183955
25619.260483
25449.055075
25446.905610
25795.585958
26391.157395
26705.286746
26939.150863
27609.792713
27675.875536
27375.729407
27301.838566
26926.541398
26026.294159
25400.122344
24715.669711
24017.971903
23675.410409
22986.435733
22697.824167
22346.220960
22661.690430
23121.841996
23927.824060
24169.566971
24714.574421
24966.663785
24749.348571
24588.537345
24426.541049
24073.491378
23573.298007
23577.457991
23084.959414
22947.579135
22371.931837
21676.475944
21010.641265
20535.756541
20146.654820
20150.658496
19935.324460
19588.429875
19209.524178
18920.412595
19026.191324
19490.407034
20068.988839
21305.550380
22768.414954
23850.125856
24699.699937
25302.412853
25739.597081
25727.456454
26451.806996
26929.597037
27776.572351
28303.230346
28492.844377
28179.405456
28269.172632
28140.508361
27750.488126
27841.109266
28021.036071
27727.713387
27382.640459
27153.144676
26488.939042
25785.984637
25210.164593
24701.164122
24935.194182
24943.547167
24921.131016
25331.590291
25259.440985
24826.714947
24847.458686
24594.196247
23946.024652
23816.987022
23227.875211
22630.800897
22118.192456
21760.708596
20114.174995
19070.958324
17802.009488
16639.679052
15672.946203
15653.335731
15288.037389
15193.284583
14986.707738
15011.500014
14845.416019
14636.334531
14514.923977
14554.855669
14316.605970
14366.232835
14661.439836
14571.431273
14813.716273
14840.523570
14735.685327
14483.301159
14598.409743
14462.923564
14315.252793
14349.725248
14423.499041
14321.323615
14376.666322
14473.613379
14627.744825
14676.542428
15089.058975
15331.104419
15644.644206
16335.943358
16497.611100
16655.617460
16369.396906
16318.035658
16149.483092
16418.755534
16728.668970
16907.915207
17137.826867
17086.569482
17224.124229
17424.752076
18160.951612
18517.714366
18833.649550
19229.475590
19376.974754
19532.498410
20147.698826
20627.443738
21266.098578
22012.411069
23334.486982
25221.738515
27487.960211
29791.874838
31904.655236
32973.970934
33054.063356
32013.247470
30742.090209
29379.186076
28280.007107
27287.176975
27036.975411
26460.398542
26205.976002
25274.849057
24889.297658
24298.578800
23970.584504
23367.411961
23520.461689
23549.528086
23755.897498
24025.623865
24445.577134
24881.718389
24994.046856
25318.091976
25611.748596
25964.374850
26324.127440
26428.957462
26572.390940
26527.495270
26197.008006
25615.543757
25297.104141
24989.549567
24800.220832
24484.793310
24344.552536
24076.077255
23684.560619
23052.570818
22923.252757
22727.706885
22477.033856
22059.398011
22118.624032
22007.470894
21692.240136
21661.486175
21854.219882
21889.511817
21737.861886
21823.576305
21963.571742
22049.571723
22135.368471
22254.913613
22601.876841
22560.358971
22396.253201
21945.384978
22006.723520
20984.122525
20048.935078
19014.941907
18254.047758
17207.980305
16474.502408
16031.558007
15573.849838
14866.522928
14050.225887
13774.246951
13391.528459
13239.250673
13477.293348
13501.701937
13448.128612
13485.788541
13566.953929
13565.334735
13477.293348
13581.395037
13407.579920
13298.126715
13265.502086
13290.505373
13259.263203
13378.791197
13649.207264
13561.161464
13704.911361
14050.727482
14229.290260
14422.726624
14773.104787
14998.377036
14925.617016
15231.041018
15569.708152
15532.803938
15389.025540
15579.845356
15670.763741
15553.554422
15908.169236
16240.754465
16258.347696
16506.828292
16547.411834
16644.374242
16939.481668
17455.287268
17871.598423
18611.389936
19257.974477
20088.774789
20950.807916
21742.591104
22522.101890
23344.949980
24587.837176
25801.400890
26484.141383
26672.893479
26580.379934
25856.771422
25040.880531
24468.603324
24032.135186
24324.750623
24045.962707
24003.885166
24093.619285
24149.061374
23747.237592
24173.976480
24496.644245
24805.673562
25480.785148
25950.189239
26133.399652
26165.820391
25900.162736
25550.721185
25278.048250
25034.141164
25031.770196
25255.592330
25351.688415
25460.382899
25532.210641
25363.866694
25209.957284
24937.043867
24742.742533
24758.490110
24533.879275
24091.407732
23768.828204
23700.767294
23260.487878
23022.101312
23075.606284
23215.499487
23128.845057
23321.883373
23526.527992
23745.504360
23704.551297
23417.633695
22902.371263
22444.743173
22356.480083
22251.889540
22431.323349
22529.338161
22584.562376
22108.930629
21955.347942
21546.320578
21706.643787
21713.487920
21795.499339
22053.892097
22593.039833
22593.039833
22855.392043
23007.282487
22880.315239
22797.858653
22857.041311
22964.385402
23245.215586
23358.519777
23516.192786
23546.960175
23720.462646
23841.345548
23832.820095
23720.462646
23837.305963
23443.403817
23117.447942
22945.385513
22793.836244
22574.080642
22567.390418
22481.227002
22436.209450
22165.305396
22128.441367
21879.641052
21832.010474
21774.729429
21819.974880
21590.514914
21282.134710
21353.670957
21439.640184
21599.254069
21629.912944
21951.942539
21595.357737
21164.561985
20934.811412
20627.082147
20560.766301
20191.029381
19812.016062
19075.566843
18124.276540
16935.266472
15839.255781
14975.837488
14159.624956
13752.143594
13477.562419
13149.474569
13068.171476
12921.898192
12745.523086
12393.026993
12693.825040
12687.868052
12819.004056
13114.794129
13197.088347
13005.887673
12956.756462
12648.688826
12513.807684
12264.729572
12035.627519
11801.240676
11731.143989
11544.864154
11587.034165
11731.000899
11564.305167
11607.306456
11598.961331
11537.086646
11473.617728
11537.086646
11481.764418
11436.637772
11489.969278
11518.686271
11663.972134
11951.588126
11951.588126
12224.827784
12440.299568
12585.571239
12499.653354
12684.296821
12715.144641
12659.769144
12713.604185
13047.387739
13138.169179
13233.133311
13297.636770
13711.781442
13799.750976
14037.629267
14337.563628
14877.436249
14866.591497
14842.248159
15101.118477
15235.758072
15400.603853
15796.506361
16429.646058
16725.103035
16885.344445
17128.937535
17139.104852
16811.401242
16797.094172
17026.200966
16925.815199
17528.230621
18021.033888
18238.102643
18962.561942
19885.402969
20341.355327
21299.312466
22782.391271
24350.587720
25782.387371
26836.829764
27550.294436
27599.867896
26550.798440
25835.672115
24912.175161
23763.495773
23085.710164
22769.022275
21985.854540
21482.409920
21587.366769
20838.604452
20147.437605
19739.320050
19895.260878
19754.007371
20190.881509
20832.607931
21251.610953
21475.097513
21735.089779
21821.727238
21774.729429
21899.402812
21602.776084
21493.883268
21758.335550
21951.624007
22206.347111
22614.146830
22616.357634
22837.857836
22999.984093
22693.080457
22548.880598
22908.102104
22747.876201
22340.941534
22251.212885
22066.286195
21822.330002
21467.256579
21369.451913
21298.381069
21037.218204
20532.629590
20264.334384
20001.485997
19788.812809
19891.807341
20110.489859
20162.056765
20162.056765
19938.363371
19696.373217
19413.356417
18833.098423
18592.737354
18767.332289
18775.042170
18791.442171
19096.825555
19490.498825
19461.911546
19486.518752
19463.704322
19720.153394
19547.297222
19498.174673
19559.086070
19655.807950
19430.043121
19385.670500
19248.136582
19161.368805
18946.634090
18604.011622
17890.560366
17232.801778
16573.781948
15714.457453
15109.686167
14889.352439
14610.122524
14265.694264
14237.157767
14327.515109
14218.852200
14366.191771
14376.279632
14489.559035
14544.800918
14521.938028
14315.252793
14374.874926
14302.984990
13829.377315
13595.338781
13468.309619
12931.114782
12926.757671
12961.900780
12979.655042
12703.212331
12522.701453
11929.441417
11837.133629
11462.003367
11619.697025
11814.402606
11703.844211
11654.963463
11687.740287
11718.508465
11761.579809
11917.033950
11892.810403
11948.485429
11523.814246
11353.804575
11306.385817
11253.059854
11333.076529
11833.354923
12036.589051
12526.660602
12594.546860
12576.768745
12293.574846
12242.416581
11852.526077
11761.866775
11598.405492
11499.541600
11413.743589
11586.082039
11567.123629
12049.166517
12135.588346
12299.581163
12057.643109
12279.257814
12025.492292
12233.216239
12249.397100
12475.069386
12387.056439
12706.386664
12889.692519
13147.813218
13353.036461
13556.198361
13563.081647
13626.266547
13919.461981
13792.778883
13810.749156
13780.032043
13913.317262
13803.984329
14103.949197
14465.123864
14747.412941
15262.483474
15422.317195
15572.129239
15936.513002
16401.242947
16694.305663
17107.270093
17657.240158
17806.800245
17764.707624
17643.445403
18010.097456
18194.625776
18578.880546
18956.191632
19302.680038
19567.320631
19862.716839
20293.694435
20886.727153
21621.394631
22273.358254
23216.933294
24535.627605
26420.855715
27911.360306
28588.139363
29170.998495
28689.030948
27650.918488
26430.686154
25647.339984
24841.454730
24035.233515
23190.788611
22447.729195
22308.562421
21485.903074
21079.681947
20635.740158
20307.564288
19825.001139
19736.867354
19687.821057
19560.804635
19637.389025
19481.617653
19667.764886
19821.636156
20099.635472
20138.434983
20487.104442
20431.861572
20347.026819
20269.958580
20444.448870
20177.318286
20431.958417
20341.585812
20110.489859
19854.445538
19755.464583
19349.231240
19386.333856
19235.248891
19132.440014
18835.348120
18353.268447
17709.074452
17193.654147
16449.091092
15644.705196
15021.463860
14108.644238
13337.623061
12455.577133
11456.509034
10468.280207
9575.905182
8526.822823
7679.481006
6877.664076
6204.718008
5794.683210
5507.887899
5329.509786
5294.595366
5286.183487
5208.582729
5290.568606
5370.335032
5446.715377
5319.190148
5372.650585
5430.133815
5284.736164
5235.811575
5775.309768
6191.275357
6428.578722
6572.203413
6774.284362
6607.723936
6422.748823
6174.145016
6315.376359
6646.466765
6473.253876
6506.525964
6679.665616
6592.036028
6339.726416
6372.408987
6185.685515
6041.311930
6016.264586
5875.418899
6076.174029
6297.755447
6242.286484
6317.601623
6321.426206
6098.584606
5911.401755
5809.693476
5659.922580
5770.569502
5757.768686
5801.180528
6010.705659
6073.827068
5813.488264
5776.429794
5601.537410
5501.833412
5530.437168
5643.115640
5471.448733
5528.755292
5586.149426
5684.675738
5723.594381
5953.497594
6347.756612
6533.682410
6314.603080
6152.750817
5947.097118
5787.800063
5574.218118
5693.107318
5847.405695
6078.772779
5929.244468
5893.166964
5964.780238
6039.203093
6041.311930
6079.676281
5946.871293
5790.526211
5720.734461
5714.925920
5672.063652
6038.833787
6301.144175
6413.677752
6342.174286
6496.565808
6380.831626
6314.714005
6183.869035
6177.181764
6156.364165
6223.955035
6054.994433
6016.197700
6164.181613
6165.804422
6201.423189
6216.427419
6094.556332
5948.983369
5769.089501
5548.391512
5444.250304
5600.197800
5589.298549
5650.663362
5817.911938
6023.222478
5922.590664
5910.371744
5816.038088
5516.432253
5351.696549
5487.081747
5581.607329
5579.758473
5768.978496
5806.044392
5827.769711
5672.138660
5699.035035
5709.358331
5560.096752
5814.318109
5968.647632
5865.353903
5816.994179
5909.361422
5720.207298
5648.831650
5740.294878
5680.628729
5609.464220
5494.234154
5447.133263
5375.438629
5230.812330
5444.250304
5516.432253
5560.967675
5694.813464
5814.318109
5779.559111
5762.891546
5818.310559
5747.222968
5680.128236
5528.518213
5345.612082
5158.707987
5093.261879
5195.147660
5236.788429
5413.423840
5320.337480
5306.559512
5448.529989
5504.091314
5610.795033
5969.105209
5961.660268
5876.899143
5905.806031
5799.151537
5667.331341
5749.854475
5627.686025
5414.508644
5348.401715
5283.030897
5255.853164
5238.482452
5408.708830
5252.994460
5238.482452
5505.069139
5794.331674
5720.081945
5974.377679
6052.208308
5790.032547
5480.924109
5641.394065
5505.461201
5409.203262
5429.621996
5689.742805
5796.365562
5751.373272
5806.725540
5872.148509
5552.174658
5283.680316
5355.370004
5267.689106
5351.492094
5495.747572
5418.104559
5309.103427
5276.084340
5108.532668
5148.106322
5363.206960
5418.579135
5375.618710
5453.701120
5680.311071
5551.156159
5728.160261
6078.532887
5946.978832
5737.993026
5762.743733
5640.398119
5588.492074
5623.543811
5612.197062
5595.558942
5507.542095
5294.332392
5279.937597
5428.790003
5279.533748
5174.375098
5090.917192
5075.844503
4864.857676
5011.015123
5115.139461
5248.838765
5152.161763
5076.240754
4953.240343
5080.595439
5039.748257
5222.273660
5220.184403
5359.338714
5240.301608
5330.273394
5215.725443
5375.618710
5318.621685
5225.837231
5049.450435
5034.810848
5033.398615
5033.398615
5045.254597
5150.053639
5096.618717
5014.212419
4862.648098
5012.496000
4917.719434
5092.570375
5152.516557
5162.432813
4946.988964
4750.259503
4571.729146
4302.504510
4350.202193
4325.396978
4614.821948
4697.387970
4921.589537
4945.811645
5034.014396
4888.288633
4917.323698
4957.380323
4920.641465
5018.697475
5287.238577
5445.226357
5267.963464
5380.524156
5284.007146
5269.386371
5060.742738
5167.154869
5132.100824
4976.005924
4633.897902
4358.974909
4292.330622
4252.969867
4534.193041
4679.318304
5071.888165
5167.297554
5325.645796
5232.975791
5263.843293
5306.821207
5189.601090
5018.697475
4987.721541
5061.675333
4776.919109
4843.165671
4952.718366
5093.373774
4982.500849
5249.810027
5183.111658
5119.229716
4737.577269
4690.796437
4575.590207
4697.971119
4751.011758
5103.982802
5170.074811
5007.571496
5014.059749
5033.180189
5121.136841
5174.300609
5336.654184
5221.022179
5110.010744
4943.967404
5001.264466
5108.454546
5116.669569
5198.880834
5180.326673
5229.871530
5000.399754
5111.220699
4961.206698
5184.531008
5026.928820
5096.618717
4876.294979
5067.475856
4940.307403
5046.971829
5067.475856
5351.696549
5347.603800
5489.318371
5559.210752
5573.596815
5444.477742
5415.420161
5362.384666
5442.598147
5501.833412
5390.600067
5399.185297
5319.003468
5157.542325
5434.277893
5764.404934
5697.216403
5756.954347
5629.129645
5379.831258
5221.821019
5233.888168
4983.248062
4925.669749
4801.362161
4545.937204
4541.525240
4659.788200
4865.370668
4859.587184
5281.769453
5210.138408
5223.901681
5082.761986
5238.482452
4867.159364
4974.314393
5029.263032
5109.465692
5082.863405
5287.072569
5264.562739
5211.141043
5174.375098
5272.930144
5161.810788
5147.451751
5061.334337
5040.546980
4961.909219
4980.191209
5091.773771
5123.987938
5245.091598
5025.991965
5067.711436
5067.711436
5153.791939
5119.229716
5326.325217
5337.654476
5275.893441
5314.937330
5374.884480
5255.281312
5282.282050
5308.804714
5319.003468
5327.204630
5407.448463
5491.636558
5455.018136
5440.808361
5637.104758
5895.598392
5993.493121
6034.884664
6061.788455
5737.370877
5704.256914
5675.448650
5601.262880
5466.095202
5636.825272
5496.874178
5381.312567
5426.852676
5543.778177
5592.421811
5467.153869
5318.823597
5255.009473
5251.240249
5091.491090
5136.047080
5296.428399
5575.198746
5472.374289
5421.251125
5329.222354
5318.210877
4929.621099
5092.443735
5077.772030
5104.195430
4922.226152
4959.427998
4893.574431
4912.118538
5124.959869
5161.151048
5437.438430
5533.948065
5532.299469
5411.084881
5506.540842
5225.417231
5121.286421
5314.199523
5315.867133
5460.711420
5649.105593
5735.468537
5692.276812
5591.801881
5378.864006
5290.235562
5183.692377
5222.574238
5347.427564
5687.410865
5833.166965
5911.084471
5732.922063
5825.379063
5494.018688
5461.553078
5358.816603
5430.011476
5471.586547
5529.086740
5566.187792
5660.434206
5758.365727
5654.547081
5716.653306
5610.102128
5562.666489
5568.681857
5542.733875
5568.681857
5657.114129
5695.969807
5607.813449
5517.667993
5595.466069
5757.233067
5847.590027
6092.051039
6381.024156
6469.541709
6388.335436
6555.972963
6588.437373
6463.786944
6372.582153
6333.733834
6148.515461
5872.000686
5777.454191
5715.361911
5688.717669
5826.341828
6070.649127
6221.984329
6273.254419
6273.254419
6234.635967
6010.811794
6097.051209
6389.558523
6568.678113
6678.111869
6783.472564
6708.025539
6863.240981
6840.964384
6705.963543
6571.950460
6691.554523
6339.922776
6139.191853
6156.819003
6467.632201
6432.883606
6472.482858
6550.502080
6566.876380
6532.430846
6460.735540
6377.748348
6388.602200
6395.977930
6113.312321
6384.191408
6753.123789
7089.468738
7222.965497
7376.335549
7255.856560
6951.357410
6729.704263
6532.873545
6552.619848
6538.855018
6538.855018
6470.872944
6566.331692
6426.463519
6598.188741
6469.323561
6617.643093
6688.854722
7197.987227
7269.538353
7613.733872
7435.228318
7376.023710
6989.972330
6840.923807
6993.861024
7327.976584
7465.508453
7728.302071
7697.449497
7706.808875
7710.048436
7773.936085
7759.455816
7843.523273
7763.937532
7959.013563
8028.734267
8178.707812
8278.047322
8247.694047
7923.885559
7872.043842
7891.161322
7812.767649
7905.549980
8193.159152
8371.942325
8545.726582
8818.541822
8770.088174
8759.633987
8628.656020
8515.153658
8519.719411
8755.041356
8863.600233
9046.778228
9151.074963
9377.061158
9359.351817
9250.216869
9270.962852
9357.156438
9032.778972
9050.957656
9276.078095
9325.674146
9360.148480
9612.597314
9732.595279
9679.277603
9761.310601
9782.098622
9845.468320
9853.993575
9909.382357
9942.660401
9962.806292
10091.949935
10158.902898
10277.638409
10550.626074
10967.078024
11030.634074
11266.251814
11637.837013
11912.854375
11977.986770
12290.077927
12900.653703
12820.824076
12841.507935
12745.313742
12921.547830
12979.533486
13481.699631
13752.619428
14332.941218
14603.709075
14892.309393
15222.889903
15499.748338
15744.057232
16067.416015
16183.370275
16363.634455
16987.546556
17213.018992
17784.967858
18332.193070
18978.431612
19217.864907
19948.618229
20323.919726
20376.521936
20617.586867
21179.581421
21335.157707
21634.433760
22265.804726
22938.263200
23463.599635
24493.113334
25358.739707
26061.181867
25810.675418
24375.069915
22018.254250
19866.647492
17670.582872
15914.907293
15026.873874
14759.893282
13810.739952
13174.954923
12891.435976
12818.185280
12547.755488
12883.767731
13114.814874
13431.048111
13564.305096
14255.416799
14840.286393
15377.940424
15523.047086
15769.751347
15760.921056
15648.532666
15579.813847
15427.779557
15296.777241
14969.994389
14848.861441
14393.839421
14186.795922
14496.445046
14467.111378
14457.078424
14981.934318
15223.694277
15170.874663
15691.210967
16023.908550
16161.569919
16423.974916
16606.968120
16620.555580
16895.691163
16866.957161
16828.140617
16975.849050
17039.439577
17443.600277
17802.845629
18194.738945
18226.330954
18125.385287
17574.281910
17396.143110
17760.471979
18375.285140
19127.552622
19465.157510
19565.395736
19503.653399
19190.185659
18952.987971
18929.469121
19030.013790
18953.741311
19279.980150
18812.831425
18992.594728
20012.841933
20857.356512
21210.305349
22266.693756
22841.443386
22741.452899
23281.018807
23409.975174
23631.811004
23883.517550
24041.392273
23868.879147
24224.394584
24349.351398
24369.798933
24330.028523
24350.170612
24589.655945
24811.935096
24847.038721
24753.324449
24497.157783
23892.287457
23549.528086
23403.658435
23417.027442
23090.982891
23039.492355
23031.680929
22964.148127
22954.657151
23217.132060
23500.287383
23537.310459
23410.069279
23405.997435
23367.122800
23153.504585
22884.698442
22831.276976
22509.622863
22568.319708
21877.466483
21276.078790
20445.458077
19790.049802
18645.829541
18312.949314
18579.453434
18791.414805
18538.295004
18331.065667
18697.956206
18273.386891
17985.642191
18830.738324
19174.938136
19152.795423
19082.327461
19288.193232
18956.747323
19174.623174
18745.782902
18973.378765
19615.691866
19723.754791
19941.971305
21013.868968
21196.891131
21295.094683
22190.873647
23222.791830
24004.083894
25737.696466
26030.827258
25988.645015
25437.053667
25369.069583
24843.936972
24989.913340
24956.233573
25182.365534
24931.303063
25161.662403
25241.678066
25934.389921
26640.877602
27272.157332
27664.263832
28131.634535
27944.948487
28174.738330
27944.948487
27371.113796
27301.085585
27309.433634
26348.082968
25598.887695
25231.486444
24762.294421
24075.776984
24051.173679
24313.622514
25066.496180
25616.324023
25718.298937
25933.910685
26017.693069
25189.229114
24793.318540
25193.080789
25102.861416
25055.843472
25383.693869
25090.545873
24728.518826
25103.664731
25212.327559
24904.664510
24964.117762
25375.264096
25190.441020
24895.705384
24975.018331
25189.063678
24803.966780
24652.859227
24872.078822
24970.446989
24980.799499
25176.298663
25446.821183
25652.003117
26035.934246
26371.561528
26720.860183
27297.275830
27438.831119
27344.945607
26929.854534
26394.957244
25354.600293
24819.090347
24667.437894
24519.884438
24774.753799
25322.793130
25497.785913
25606.270598
25979.498911
26144.059313
26141.372914
26668.532282
26629.926685
26718.897037
26616.271357
26263.274035
25774.763330
25711.239010
25616.864634
25926.179778
26260.249372
26309.519857
26292.919643
26465.438798
26245.303451
25949.908263
26130.430050
26359.810224
26144.824548
26102.656539
26436.807563
26645.845156
26947.813269
27249.527963
27517.609273
27741.539925
27586.129311
27317.220102
26966.444839
26686.192073
26509.843830
26431.596016
26265.859983
26321.252998
26101.357923
25582.189889
25484.252455
25434.471768
25337.816461
25249.633467
25458.702490
25665.979036
25780.375949
25946.746287
26057.829996
25992.020633
25803.523207
25881.131529
25904.286344
26254.897608
26786.548167
27410.282627
27600.165821
27934.702622
27876.809562
27472.723572
26767.702965
26417.314931
26435.958645
26882.420205
26970.622669
27130.145596
27228.563221
26754.493195
26295.077371
26358.965210
26354.326731
26342.198734
26916.192655
27123.014479
27234.111823
27738.841216
28085.241609
28023.566792
27823.864723
27916.067089
27751.519465
27864.543606
27456.395093
27705.648052
27857.099387
27733.810565
27610.188460
27650.060178
27232.082318
26493.677255
26189.851092
25558.266690
25383.693869
25427.979012
25868.976187
26154.031739
26663.003024
27124.896165
27331.437702
27208.461516
27216.089286
27101.774014
26742.123509
26444.571151
26099.992555
25634.546905
25406.848177
25242.882952
25298.375029
25394.783678
25364.155543
25480.899569
25419.685369
25517.033019
25701.975673
26241.384699
26364.033226
26926.651506
26988.491465
27577.295000
27778.192369
28194.897922
28475.804074
28669.337547
28246.238564
27994.284343
27813.472802
27485.649926
27508.490749
27462.279994
27064.444722
26652.674481
26334.819723
25836.751098
25641.939136
25407.596395
25090.175094
25015.725672
25098.247690
25157.832117
25178.263821
25165.978051
25084.191233
24970.713166
24603.646981
24601.249300
24962.661448
24698.137380
24706.740613
24688.313534
24610.727674
24101.708312
24046.100643
23857.388474
23925.128784
24259.787520
24665.432790
24995.924621
25453.715095
25767.464152
25820.730778
25931.421048
25939.816524
25668.473006
25524.936307
25260.109028
25229.591721
25460.912572
25768.007153
25803.135867
25686.451393
25548.577427
25690.298887
25980.931295
26654.429805
27478.780966
27858.169220
28213.189094
27961.588934
27960.414606
27991.149064
28296.865711
27707.679083
27700.783488
27555.109768
27510.021405
27411.579535
27586.267655
27461.664579
26667.864073
25785.823890
25014.437417
24487.437989
24398.509916
24611.780755
25294.493837
25454.489375
25988.242753
26094.914537
26455.956417
26570.713264
26659.087512
26207.266873
26198.463544
26140.951489
25821.109898
26139.372493
26600.857122
26822.822093
26882.585812
27255.658180
27329.543630
27348.192683
27314.467139
27329.319930
27007.299712
27193.871178
27433.779092
27397.888502
27439.086843
27628.223258
27342.301992
26929.971355
27137.304150
27097.853139
27048.931533
26695.986017
26955.191365
26834.820410
26606.598574
26288.988549
26077.641614
25657.244071
24930.401617
24462.915215
24270.029842
24487.573990
24341.688609
24561.995924
24824.022074
25433.703044
25364.060055
25608.082095
25703.247017
25852.818560
25087.983643
24724.961695
24298.488722
24182.872704
24425.232373
24765.693168
25147.333365
25622.686833
25894.015615
25901.596157
26238.263564
26326.879953
26050.252144
26018.501220
25688.427045
25337.480749
25229.075198
25469.154867
25375.471575
25428.254289
25326.582642
25113.248493
24508.269944
24188.204312
23583.152548
22536.712310
21874.396035
21055.913169
19971.038666
19469.038528
19333.118629
18855.695317
18742.647854
18849.387811
18304.460405
18357.412042
18499.015574
18505.119169
18375.878477
18814.704260
18706.322867
18923.219255
19321.743428
19892.239582
20612.022180
21689.718392
22351.623865
23271.245222
24026.679878
25025.309264
26504.254739
28161.724648
30159.119455
32145.799338
33715.803970
33867.558283
33734.031953
33385.117393
33449.550190
33008.144199
33044.908546
33106.931461
33149.990141
32445.662617
32184.769258
32104.903459
31705.137080
31214.768921
30823.527489
30218.770220
29467.454283
29556.104179
29220.096320
28853.144627
28657.920304
28707.499226
28186.646721
27739.469995
27617.295370
27482.312728
27272.407257
27118.319600
27114.713641
26752.749648
26723.609066
26612.593035
26971.593279
27224.048450
28059.240519
28254.173251
28268.893626
28268.893626
28076.282567
27776.116308
27727.187786
27759.686043
27429.655733
27626.615978
27775.504399
27834.958944
28062.309230
28128.166582
27732.571188
27127.331479
26600.733526
25843.675698
25696.351981
25601.418726
25699.625520
25742.523626
26126.165097
26081.125268
26241.179875
26307.694008
26609.393941
26800.084201
26914.753764
26779.847828
26841.823952
26923.319981
27382.720050
27733.810565
28201.752024
28244.194777
28257.804147
27932.417132
27894.841882
27921.169783
27975.007907
27587.260900
27271.539165
27054.080621
27082.654453
27276.118770
28033.666709
28773.516127
29064.920811
28665.032591
29009.123000
28754.842955
28264.326675
28488.348444
28978.475821
28896.012741
29033.734142
28804.405648
28120.512548
27581.570919
26719.374910
26062.742994
26321.252998
26501.385764
26447.893267
26612.593035
26928.817176
26516.336034
26532.803506
26920.975862
27211.526015
26984.059022
27550.053830
27878.086971
27985.127573
28553.528407
29372.314455
29510.360301
29620.460031
29142.517942
28086.490170
26804.659289
25629.856254
24786.415111
24569.155440
24391.636722
24210.905419
23616.110623
23060.313412
21835.239331
20564.271120
19766.099834
19487.376400
18677.019920
18632.367973
19178.581492
19474.438969
19543.868395
20157.451551
20284.562559
20013.352368
20218.833211
19918.647202
19580.623743
19895.896683
20185.151692
20078.770158
21084.419573
22173.339913
22246.815090
22560.213237
22648.239264
22619.542355
22592.886740
23749.650590
24622.701726
26377.080277
28395.350935
30684.526310
33168.179833
35350.691402
36673.722795
37502.414140
37122.938191
35644.039404
34577.591309
33477.535644
32524.120746
32058.423618
31855.444886
31393.552385
30812.725040
30470.389519
30027.256214
29719.217473
29673.358475
29611.268174
29071.594393
29014.833599
28663.616285
28245.931964
28245.931964
28231.530109
27708.368901
27829.527049
27871.359230
27684.717343
27581.956595
27775.504399
27405.972380
27216.386733
27174.049611
27215.354916
27072.099677
27227.570310
27783.032531
28155.763412
28529.214363
28681.613519
28658.209850
27792.330206
27062.136553
26253.376370
25548.384434
24682.686318
24431.924103
24156.233788
23879.853285
23174.242733
22854.118001
21978.754225
21159.918785
20167.454695
19607.181968
19469.419851
19062.623385
19007.814673
18912.942565
18854.558251
18538.347864
18375.878477
17984.098700
18343.591846
18813.069156
18691.984651
19136.495781
19486.859104
19509.890141
19288.193232
19304.163319
19302.153077
19007.252684
18729.911421
18948.963276
19183.096781
19674.395767
20601.704115
21222.876967
21251.872503
21604.628144
21844.427004
21538.762932
21706.772552
22613.562002
23595.850985
24496.644245
26129.181677
28179.781980
29749.344634
31542.221764
32624.288758
33251.606670
32918.912469
32328.656253
30843.848054
29904.255328
29096.447073
28707.732868
28813.094938
29083.532011
29585.589304
30073.380462
30566.559806
30506.585175
30511.021714
29977.707963
29368.025870
28707.574979
28508.975940
28112.773188
28103.587336
27997.234237
27681.311213
27277.187165
26985.795407
26467.790357
26281.637567
26355.038552
26412.894710
26283.777437
26123.593191
26173.048216
25821.833151
25616.864634
25868.976187
26274.132453
25941.397803
25697.531138
25453.430455
25211.063755
24858.285041
24929.882244
25559.351391
25807.296902
25842.326104
26020.173069
26145.211291
25785.984637
25603.866364
25226.633056
25041.831941
24521.046342
23893.060453
23161.392235
23062.245890
22982.721445
23657.258219
25293.975169
27433.779092
28965.825011
29930.719916
30416.501038
29796.740242
28537.533523
27466.265188
27038.117612
26668.425416
26316.314470
26182.711224
25956.619703
25479.367113
24872.145152
24133.736223
23848.554295
23512.159788
23147.456747
22870.619599
22842.048806
21851.098225
20856.539844
19609.783176
18048.829759
16903.729630
15874.616724
15538.576721
14904.895143
14818.407941
14502.516237
14570.923822
14077.876516
14022.578898
13872.344565
13721.500190
13675.970165
13653.485896
14135.677809
14312.207920
14232.218743
14125.772520
14092.856383
13532.634414
13599.971242
13506.073935
13556.825872
13594.402891
13443.130434
12981.662000
12995.900646
13168.202442
13494.615951
13745.240611
13768.085444
13768.085444
13400.987354
12758.814743
12479.419009
12189.485235
11824.182559
11674.509910
11882.145543
12224.566178
12488.590278
13006.972243
13370.117315
13498.392070
13297.918115
13431.190623
13480.849714
13490.762324
13701.562781
13871.148863
13924.244692
13910.141455
13916.067678
13649.217162
13773.978436
13904.822654
13866.339402
14058.525679
14413.883792
14957.985767
15146.530925
15278.237674
15288.172820
15446.248615
15383.619073
15573.131114
16165.482619
16405.922917
16613.362236
16639.616607
17111.444160
16959.916576
17250.727862
17575.005015
17767.875654
17895.109275
18365.004591
18706.043359
18963.527803
19461.911546
20001.327500
20257.723156
20452.522435
20975.788370
21300.047051
21738.915557
22784.664501
23935.633170
25037.313584
26803.986009
29055.949848
32135.074675
35421.116091
38106.152406
39890.535783
40772.556879
39775.667919
37892.655439
36056.822587
34383.544762
32949.757122
31694.087111
30676.664929
29173.553084
28395.589684
26658.572282
25593.878893
25485.148800
25815.251427
25439.673816
25651.335393
25772.058238
25564.687261
26140.951489
26298.687487
26413.418611
26955.592540
27054.023814
26417.866212
26384.445304
26602.001224
26753.886221
26577.679631
26900.965559
27098.980899
27409.403997
27321.076807
27708.497651
27689.804896
27536.943587
27227.281697
27075.082755
26921.359517
26921.359517
27263.403419
27376.309161
27433.898983
27513.735709
27509.853483
27547.465766
27859.267204
27880.073152
27684.717343
27596.509957
27205.643868
26508.209084
26030.445827
26003.270871
25714.427679
25567.808197
25875.216448
26151.913212
26052.000131
26057.926047
26093.459193
25636.116826
25404.308639
25205.436224
24998.287431
24822.828609
25044.186612
24956.127731
24886.624890
24968.354078
25079.671387
25368.641359
25637.128608
25791.788090
25366.711451
25062.544987
24430.658385
23632.403917
23191.417967
23359.576022
23253.139870
22898.536934
22884.038878
22822.146231
22582.157397
22555.277664
22737.865881
22589.113336
22475.639207
22463.262140
22227.807508
22012.336180
22012.336180
22127.328672
22221.506176
22299.013668
22391.656756
22364.945295
22203.050414
22001.474076
21988.370985
21877.837590
21826.635648
21691.403428
21543.136184
21152.077892
20670.163525
19501.429697
18559.972119
17533.809913
16480.979599
15656.403414
15746.414401
15621.400433
15610.697945
15811.176283
16026.575990
16088.146707
16139.346929
16174.093689
16093.629559
15837.991975
16003.794536
16118.745165
16289.053998
16547.125025
16868.279194
16848.245683
16843.741683
17148.217465
17250.120222
17461.442150
17807.356732
18386.195273
18499.177247
19185.555202
19469.038528
19487.106492
19365.912713
19270.312780
18987.699739
19400.363133
19779.337310
20386.859128
20829.400015
20740.797542
20674.841196
20602.635003
20346.876478
20701.999342
21752.717432
22741.595318
23992.864740
25840.933624
27765.416721
29291.738878
30114.123748
30557.201325
30362.567379
29805.993396
28906.371106
28407.860305
28100.989587
27304.030339
26635.685128
26348.628443
26230.580275
26056.149571
26275.271731
26874.079866
27691.592491
27800.215080
28329.514514
28793.605700
28547.458973
28240.326202
28234.094707
27897.884684
27348.492201
27175.657666
26724.738618
26483.206627
26204.398607
26395.011804
26027.364145
25887.640728
25861.195192
25498.079392
25103.975919
24913.055666
24886.789712
24519.533314
24517.568535
24663.360534
25115.998395
24873.605237
24972.371462
25107.534915
24956.181167
24445.402700
24321.044656
24148.612769
23809.596744
23432.511650
23494.481547
23394.206487
23396.175151
23777.811900
24067.202422
23888.429324
24084.408428
23793.019338
23039.842687
22028.863950
20845.392461
19634.231437
18442.251154
17699.705491
16873.089928
16787.161784
16120.530410
15940.154689
15246.700712
15171.005246
14598.412887
14564.958842
14707.190482
14848.336530
14844.200938
15079.615095
14998.183127
14474.752751
14127.844534
13904.789810
13673.117151
13803.725600
14075.237760
14366.172030
14466.645814
14618.334175
14551.761705
14393.771429
14514.892696
14539.851336
14553.577139
14529.181506
14557.758943
14391.436309
14697.342156
14888.640898
14848.240603
15133.650301
15200.892724
14914.036803
14743.152054
14279.104594
13514.355460
13068.356554
12966.336468
12769.768753
12969.164522
13375.641966
13607.028777
13587.229342
13611.434069
13891.425554
13776.091860
13910.141455
14029.247624
14191.016925
14177.579049
14220.675725
14195.731561
14224.383490
14029.491460
13954.677871
14265.808173
14307.002450
14164.275852
14348.453138
14636.975532
14756.037241
15297.364217
15627.781915
15849.306772
15986.768279
16013.707363
15929.852424
16200.580599
16423.883256
16688.492238
17055.183000
17351.133164
17765.306999
18116.058775
18375.911146
18625.999138
19194.685354
19686.832088
20203.612396
21021.502565
21661.486175
21850.452901
22180.721424
22684.546037
22982.784430
23631.202645
24241.893014
25095.637628
25376.054769
25672.602068
26164.254956
27110.138450
27557.143718
28906.487647
30422.523375
31944.312001
33620.359117
35773.924529
37039.531684
38055.043038
38602.716608
38184.269389
37181.226794
35876.656056
34718.917900
33184.818465
32072.637119
30876.931608
30019.185487
29146.197289
28497.837031
28040.117279
27603.927913
27339.289100
27056.797678
26909.284210
26339.494142
25861.291404
25771.222150
25732.636647
25773.940953
25946.620140
26081.738013
26057.402440
25830.657857
25810.184847
25680.818919
25832.359596
25844.902386
25954.014869
26058.125974
26097.205198
25934.665441
25621.477142
25077.174360
24718.206364
24486.562574
24244.129789
24303.966224
24274.617722
23920.355777
23489.186917
23366.742528
22841.189412
22751.811494
22092.342825
21656.727958
20905.997482
20503.987143
20041.838421
19621.588499
18936.326179
18470.677477
17740.353663
16877.970884
16205.114158
15542.812337
14722.690114
14186.806358
13426.921359
12856.759163
12542.924242
11923.527630
11256.809319
10896.674111
10281.455608
9700.986263
9348.162487
8874.724080
8514.752692
8221.327201
7874.611228
7554.650021
7207.907489
6872.178601
6566.731222
6152.567097
5832.241318
5754.471576
5465.288695
5369.299251
5241.714642
5171.685733
4979.405308
4939.602099
4863.446191
4929.356261
4998.749087
5064.293988
5073.191772
5075.323214
5192.224258
5193.838882
5157.711159
5075.175110
5090.293654
5001.264466
4905.158246
4929.466252
5020.410095
5238.086888
5375.501334
5797.865366
6173.297654
6377.653360
6279.424106
6358.984821
6296.218771
6168.839187
6110.367122
6186.199415
6273.171736
6185.156658
5901.650907
5650.135313
5529.307048
5309.659584
5309.659584
5443.544955
5505.323294
5368.643882
5462.547336
5380.524156
5425.553554
5518.586754
5588.598128
5502.249376
5588.598128
5679.343563
5614.083311
5704.365911
5819.238334
5747.743588
5573.596815
5787.373035
5762.368744
5565.404549
5394.988882
5253.249159
5053.311503
5057.662655
5213.514693
5330.015261
5568.383860
5666.528229
5610.795033
5663.821339
5612.626749
5450.757907
5230.681364
5152.808225
4914.773433
4987.161367
5344.018267
5661.043181
5849.754034
5935.917572
5919.654215
5696.090471
5222.870649
4908.893841
4816.984028
4562.729506
4439.215402
4570.549690
4658.862270
4637.782209
4744.767776
4752.207280
4979.596464
5250.469298
5463.539066
5543.896613
5641.875171
5500.258965
5165.687971
5005.572468
4944.059641
4838.959083
4990.696836
5210.247149
5380.413914
5399.017888
5462.430155
5342.398995
5264.329404
4960.948570
4851.447752
4699.955814
4740.183050
4947.093265
5224.025536
5253.072085
5271.525978
5244.942119
4974.314393
4857.624323
4929.356261
4953.322073
5018.269982
4831.215305
4743.621986
4556.386930
4498.800392
4174.529635
4314.532886
4378.097957
4453.610488
4546.064611
4636.982515
4729.156747
4624.350161
4673.839726
4596.364924
4860.422235
4801.241314
4757.928117
4842.094265
4911.883054
4907.409452
4860.202398
5001.356302
4993.478080
5104.063060
4846.300099
5128.030766
5096.618717
5135.570365
4979.691649
5104.063060
4819.243389
4650.847854
4464.716559
4410.905352
4603.732465
4616.335336
4721.154559
4697.174668
4780.597248
4511.467995
4607.862267
4589.833180
4729.117169
4507.827785
4429.795411
4224.648227
4426.012502
4382.505409
4768.693975
4733.080279
4882.557759
4564.091877
4480.255847
4164.674491
4155.552103
3955.126267
4143.685525
4182.098655
4342.476529
4347.148305
4480.138295
4240.582132
4268.761451
3999.906146
4218.598822
4220.053012
4388.525258
4302.314407
4494.950799
4210.054651
4380.432531
4465.053811
4546.334684
4506.042020
4596.852022
4350.502877
4075.668574
3778.329312
3600.201886
3464.471648
3415.266545
3527.999898
3667.595828
3782.448053
3782.448053
3948.805019
3778.237582
3798.755142
3747.352768
3838.858229
3912.276226
4000.636773
4265.069975
4426.910240
4527.114042
4274.979702
4299.674402
4094.204055
3930.442844
3843.840217
3847.853652
3950.568025
3946.100642
4147.220742
4154.283564
4344.364883
4322.046616
4428.775770
4297.497013
4252.923093
4074.911541
4051.737118
4042.076987
4023.426098
4099.047170
4045.419676
3889.448665
3771.035163
3838.792399
4055.965794
4252.923093
4485.317968
4376.607874
4260.903664
4082.905082
3885.131402
3870.141747
3841.554983
3969.043691
3779.569881
3790.109448
3622.071596
3558.156420
3490.557814
3554.956126
3587.892210
3659.591588
3760.179831
3833.522749
3956.403174
4011.564165
3977.234344
4044.045308
3792.387544
3725.466110
3949.231260
4055.703406
4178.253613
4330.437335
4236.773148
4036.307380
3812.611936
3676.974891
3644.240922
3786.501170
3812.983833
3932.088930
4161.918320
4317.664524
4259.994083
4335.824614
4294.822805
4071.419302
4005.554409
3921.895833
3706.135431
3603.055615
3513.022551
3471.865986
3394.334597
3505.243031
3808.915525
3790.238382
3755.339158
3901.604432
3774.729644
3639.749013
3768.516996
3844.511985
3933.251716
4037.946186
4060.817028
3908.517711
3787.812986
3798.831787
3653.253072
3696.378274
3854.379635
3734.015739
3595.386317
3812.804687
3499.253687
3587.470028
3661.133745
3639.540191
3716.876695
3817.393435
3734.015739
3829.784851
3789.834784
3839.011281
3943.553373
3947.961220
4136.651437
4132.240000
3865.254745
3844.657562
3735.456282
3707.099891
3747.228311
3735.022980
3817.223228
3811.184757
3490.909247
3690.902707
3543.236263
3399.758070
3557.695636
3547.626638
3307.256100
3590.319578
3664.266948
3428.620566
3690.902707
3744.522419
3661.958035
3647.450724
3598.962845
3448.862953
3321.754703
3112.887429
3162.490905
3268.965384
3289.709259
3307.077651
3337.951180
3255.873799
3319.636064
3245.483143
3361.193246
3480.293057
3570.607878
3486.411815
3465.586431
3379.290331
3354.823326
3143.149028
3211.162815
3502.238048
3579.937033
3694.727188
3943.286525
3938.881561
3709.237773
3676.068261
3431.592226
3163.146153
3093.340733
2997.174745
3188.329842
3370.685911
3428.452122
3631.177829
3901.508535
3757.535663
3811.002088
3951.811268
3688.090485
3412.880499
3261.668342
3021.696739
3038.291888
3072.551240
2999.250716
3225.708383
3492.523239
3451.591344
3645.979198
3717.736296
3558.047651
3443.060446
3601.127095
3400.321668
3463.913623
3610.380408
3428.382648
3429.755585
3536.760512
3505.793034
3412.638964
3666.918838
3318.046195
3174.222724
3291.305112
3149.276306
3026.147102
3179.985741
3143.024216
3007.392384
3101.166327
3049.798188
3062.094727
3156.615246
3232.271706
3379.133477
3471.449310
3348.171153
3381.022816
3372.796036
3099.548080
3161.264243
3290.610892
3265.553944
3230.700667
3464.207045
3246.535504
3195.722415
3225.931037
3131.864843
2951.691979
3060.438309
2935.327973
2789.872214
2791.786681
2767.324544
2785.609219
2992.860965
3021.696739
2958.099568
2991.218938
2956.352216
2948.326559
3153.733824
3360.829669
3358.608238
3327.584857
3225.273981
2907.121739
2831.339666
2913.793691
3084.082314
3180.065421
3480.164969
3370.986985
3297.699209
3094.467660
2912.205179
2778.614476
2719.237200
2763.639030
3062.845225
3116.330052
3034.300798
3151.072785
3093.478562
2658.612161
2681.441318
2763.252366
2685.243687
2729.826138
2980.194748
3012.871866
3066.330773
3129.798251
2989.850114
2934.385776
2960.904090
2887.312436
2963.195897
3200.425988
3258.719500
3233.763070
3301.196348
3377.172445
3212.676162
3179.985741
3268.099743
3190.403422
3005.619713
3158.710876
2951.691979
2736.302729
2801.860915
2767.167521
2631.769380
2890.121131
2904.667957
2830.709047
3019.335606
2992.460902
2898.214947
3072.352473
3006.752381
2898.214947
3006.904880
3013.379769
2871.810923
2900.669674
2955.822416
2980.375034
2816.379146
2845.267227
2828.562935
2818.321647
2627.167996
2797.211891
2694.893816
2773.010360
2926.920381
2917.686559
2792.781664
3053.351725
2999.923208
2815.291333
2975.051568
3022.332112
2751.693386
2860.252067
2895.281432
2841.809149
2848.015175
2923.949858
2782.673516
2716.491895
2716.491895
2638.832206
2607.989627
2839.737697
2860.252067
2855.820997
3030.244277
3071.324937
2874.352425
2896.751345
2886.051220
2762.651838
2656.134276
2664.354542
2697.214087
2652.674222
2703.940824
3060.864383
2986.921322
2970.444723
3101.686239
3190.068635
2855.445785
2917.039678
2787.906559
2596.673503
2418.142203
2477.701997
2340.570785
2385.475064
2605.445138
2527.595491
2506.870448
2701.859528
2767.488800
2569.634956
2678.539048
2846.637411
2737.826035
2692.814056
2839.334360
2773.853303
2544.121752
2568.827851
2767.660440
2594.493132
2674.147989
2807.756646
2773.010360
2524.568523
2631.450022
2682.639746
2598.688043
2676.543863
2817.941443
2837.969471
2774.271330
2772.522295
2841.956191
2624.671843
2498.081304
2415.976855
2543.172681
2426.127286
2588.147395
2672.728084
2684.887246
2520.665953
2615.278261
2562.069487
2603.984923
2764.201721
3010.476440
2883.078607
2864.633202
2937.923190
2937.923190
2790.284077
2866.119976
2866.119976
2732.869129
2792.414549
2825.361412
2831.339666
2917.363063
2895.281432
2850.061076
2757.852843
2817.300894
2776.201216
2765.285800
2972.470369
2943.570880
2853.293789
2822.305601
2853.580684
2687.490365
2691.530662
2628.073661
2664.943896
2629.322510
2594.639713
2830.551128
2949.351509
2945.468690
3194.465539
2960.203896
2712.375145
2642.366557
2804.559683
2457.914099
2502.952893
2550.085447
2472.060310
2215.857163
2384.455708
2669.757654
2618.361922
2641.027480
2632.937615
2568.561793
2535.675602
2910.842672
3007.061273
3163.270299
3294.190338
3111.805761
2857.476654
3038.127862
3185.187986
3019.038787
3080.242281
3113.176521
2914.360785
2694.893816
2892.616312
2911.054585
2765.632958
2765.632958
2826.860402
2607.073853
2537.238704
2666.482453
2703.417194
2590.576508
2597.285121
2720.130967
2687.490365
2599.503776
2628.073661
2790.284077
2566.626734
2482.613421
2568.827851
2734.899540
2623.802705
2853.435333
3113.900688
3181.579496
2999.250716
3041.284412
2990.127594
2661.887899
2577.884350
2600.341404
2544.878489
2391.003193
2534.605311
2587.832876
2589.924725
2629.904222
2831.023346
2954.311442
2904.960812
2900.783202
2874.034474
2849.346404
2767.324544
2658.612161
2677.248268
2754.844087
2547.651245
2332.415230
2373.271999
2660.403341
2556.129938
2640.104647
2752.990015
2709.973647
2310.203759
2289.991408
2351.463765
2341.384481
2380.202719
2373.860543
2465.096099
2370.924277
2313.075270
2471.106495
2545.284446
2487.044316
2530.468682
2631.107151
2378.867471
2378.867471
2438.522981
2403.600612
2364.947399
2504.313045
2693.019064
2615.278261
2629.507766
2744.492773
2728.113007
2569.973741
2658.896472
2849.686652
2665.099317
2615.779746
2683.554343
2796.657713
2563.100914
2594.014123
2647.346960
2497.647971
2179.486234
2175.632786
2247.315704
2183.924055
2171.652494
2358.211245
2487.044316
2366.226250
2391.003193
2432.047745
2512.151429
2263.917723
2409.474718
2396.946516
2415.640500
2200.169219
2448.220659
2536.516484
2521.841524
2587.686986
2716.314353
2753.500427
2447.898249
2417.054261
2454.043382
2367.311714
2176.894891
2232.322486
2313.732290
2234.057989
2334.094662
2372.969849
2533.097654
2631.611414
2553.488624
2402.225219
2478.209235
2550.085447
2320.477275
2357.491938
2395.229618
2417.507787
2304.871204
2487.044316
2528.363282
2628.375977
2685.789542
2675.544633
2562.808369
2609.907402
2518.997522
2323.721930
2279.045905
2348.440144
2348.440144
2342.023573
2362.232024
2395.361181
2520.287759
2440.262680
2511.543842
2624.334292
2677.773232
2539.939696
2513.599297
2562.516525
2439.245374
2336.666947
2394.485409
2634.156852
2494.068838
2553.636316
2684.887246
2748.520149
2539.153467
2646.019944
2701.441070
2638.080192
2592.705819
2676.897947
2752.329519
2694.893816
2785.039881
2766.725070
2676.543863
2509.634783
2464.692459
2405.193433
2298.366339
2216.485205
2234.201005
2379.932562
2320.477275
2342.929648
2445.515760
2745.624876
2558.627040
2603.837411
2649.015353
2726.991769
2402.377265
2421.000290
2501.051591
2466.092971
2297.808320
2378.142911
2523.575634
2343.076797
2266.822344
2302.110767
2259.908915
2202.637892
2208.479300
2247.464178
2181.941799
2308.628170
2222.635729
2364.141668
2462.300391
2597.911444
2453.245318
2461.443806
2383.491005
2408.335868
2264.847507
2224.441128
2191.801915
2132.022594
2124.651670
2310.902474
2583.860054
2623.098925
2694.893816
2701.167723
2666.128279
2321.759177
2292.686601
2258.220305
2307.232137
2292.686601
2377.620294
2440.892613
2449.205474
2352.699729
2334.415318
2467.891341
2436.956741
2486.114658
2513.041834
2658.474252
2549.567880
2543.474787
2473.819902
2336.211473
2131.237206
2124.904416
2216.799220
2224.742793
2223.077005
2170.117880
2283.027571
2167.672574
2188.721292
2323.721930
2323.721930
2208.332321
2296.509290
2411.211550
2341.865290
2522.044289
2582.217720
2734.099594
2563.727574
2500.049342
2498.222644
2516.024930
2271.834098
2306.700489
2437.843390
2339.653709
2337.109760
2485.085705
2583.205583
2780.219145
2718.979179
2683.240953
2603.252659
2484.393983
2098.477662
2139.581869
2299.773108
2504.819607
2517.266001
2679.059256
2855.445785
2673.281252
2406.727489
2523.575634
2591.224967
2458.095866
2491.458386
2550.741980
2618.361922
2493.308145
2446.235848
2505.967885
2463.096185
2227.233145
2313.075270
2625.138087
2549.567880
2576.330128
2638.080192
2682.936013
2362.805483
2402.700325
2427.488897
2409.165837
2224.303620
2341.545252
2343.531260
2233.062220
2208.191239
2364.330247
2423.851652
2332.596555
2425.018218
2432.778478
2334.574545
2170.917831
2165.985681
2115.181155
2163.921362
2118.497486
2053.174515
2135.418247
2196.772816
2137.652669
2176.712206
2373.271999
2480.044630
2395.885127
2428.813300
2461.443806
2455.486004
2224.171064
2242.747046
2232.781508
2197.478858
1982.148281
2024.309624
2053.174515
2151.525779
2173.824692
2241.881610
2268.285259
2395.751511
2348.440144
2328.079277
2615.278261
2608.502321
2467.096684
2528.523700
2547.132077
2497.939404
2526.823979
2502.187309
2479.490321
2698.777506
2471.106495
2406.891288
2548.257795
2585.474523
2347.346485
2367.803674
2356.941036
2203.070326
2079.557736
2047.202114
2149.483805
2240.723683
2425.439071
2439.598425
2515.636804
2523.741702
2679.202153
2568.698109
2527.595491
2529.560869
2658.752284
2781.026860
2785.039881
2860.798020
2895.814772
2965.784839
2656.845254
2615.658613
2609.571032
2833.131027
2523.404993
2494.377793
2523.228364
2539.462713
2178.621612
2190.928396
2233.341825
2413.841080
2374.511980
2374.511980
2502.020656
2537.383563
2295.687200
2310.044620
2609.220304
2562.220302
2417.507787
2452.466372
2477.085682
2103.762029
1968.500271
2061.677264
2022.553615
1986.133580
2137.789115
2297.463831
2646.600685
2847.473622
2890.642233
2906.984081
2915.057892
2564.077242
2426.591172
2447.279318
2543.628803
2381.495819
2437.094970
2426.758659
2383.631539
2182.794621
2246.504562
2317.736770
2479.490321
2432.291027
2571.862552
2580.086986
2444.601518
2179.691348
2181.941799
2149.107411
2179.691348
2206.705439
2372.655514
2386.858384
2481.509682
2454.824421
2394.954090
2343.376668
2517.943210
2386.426744
2310.772755
2265.993845
2286.553788
2091.261303
2085.535107
2235.160836
2559.819049
2485.980725
2477.701997
2504.487968
2539.153467
2474.954786
2657.569119
2714.820095
2844.199184
2688.146676
2503.776668
2389.131697
2475.109207
2257.622165
2257.622165
2351.170020
2580.752594
2443.376753
2490.620566
2531.409770
2618.011340
2372.012737
2341.384481
2359.633444
2400.886129
2161.009332
2146.350607
2171.284287
2228.377789
2095.442269
2184.065648
2272.077965
2405.574916
2267.721130
2337.593925
2395.620545
2496.140630
2416.140262
2547.388856
2569.798348
2612.232954
2460.271500
2468.802873
2491.294407
2811.012022
2804.559683
2808.477875
2734.745650
2773.717728
2486.374139
2333.277714
2285.983349
2449.955386
2503.431574
2365.898671
2403.600612
2397.466753
2356.733070
2212.966258
2303.117805
2383.211716
2502.346523
2483.836190
2354.556516
2358.611646
2276.239178
2243.519258
2155.740401
2286.553788
2368.627040
2391.003193
2257.622165
2389.131697
2362.072283
2249.200493
2220.512048
2366.057968
2425.708397
2483.107682
2433.612726
2427.113105
2336.813539
2187.466434
2131.648183
2228.212977
2332.772544
2580.916937
2554.144004
2593.287085
2623.981632
2606.256046
2335.386190
2347.655352
2265.654111
2322.997109
2327.710414
2255.750117
2259.908915
2295.192040
2229.020723
2171.527748
2317.229430
2361.924760
2513.864692
2464.692459
2466.893809
2491.619292
2610.394833
2509.808076
2432.047745
2507.474746
2589.580532
2398.805362
2335.220127
2542.545156
2471.106495
2292.488621
2360.619062
2290.698551
2112.126492
2152.114487
2322.550642
2300.154664
2410.635011
2443.776882
2343.531260
2226.721099
2214.338083
2280.033109
2245.391237
2240.723683
2263.333046
2318.726137
2195.297462
2222.483330
2346.650406
2383.491005
2244.035635
2203.206221
2211.338604
2164.693744
2193.484796
2246.758684
2248.516396
2252.715661
2492.846002
2437.382015
2361.521436
2380.067003
2380.067003
2213.287070
2188.846100
2342.635111
2475.929547
2773.444562
2697.744389
2697.744389
2718.498029
2642.366557
2289.754859
2178.509588
2149.626706
2053.257030
2022.416282
2106.613195
2262.209276
2346.266284
2272.365407
2239.854843
2235.296037
2226.721099
2392.855767
2392.855767
2401.155069
2481.162702
2385.475064
2116.824367
2182.414690
2307.391022
2229.489167
2229.489167
2217.289800
2219.226872
2243.850048
2246.247737
2281.585906
2386.146352
2536.030831
2400.742493
2357.651661
2408.681062
2568.698109
2379.932562
2398.205346
2347.013441
2373.565308
2207.649058
2289.754859
2537.684594
2642.366557
2553.488624
2493.917358
2557.439244
2428.446749
2416.140262
2485.085705
2612.232954
2519.914057
2322.850297
2224.303620
2202.480431
2194.047617
2210.547599
2311.028291
2389.131697
2389.131697
2253.494539
2194.047617
2224.586580
2368.280809
2297.131603
2291.012023
2315.698735
2233.770005
2053.174515
2104.200295
2126.250906
2311.390468
2266.111522
2356.733070
2390.197526
2322.240919
2096.720543
2133.458703
1979.333447
1922.082851
1868.890031
1897.433013
2065.465343
2188.721292
2212.966258
2258.220305
2212.966258
2196.401100
2190.392123
2137.343385
2243.679208
2432.409439
2329.982433
2241.704798
2259.641810
2259.641810
2390.876368
2399.016063
2429.893975
2414.343275
2516.924633
2375.088298
2283.027571
2247.913746
2306.062788
2265.005370
2135.571893
2201.402556
2311.761812
2452.031055
2306.460572
2441.543093
2523.741702
2527.897231
2336.666947
2517.434897
2459.805821
2506.870448
2429.171682
2518.115709
2441.902169
2409.321317
2236.648194
2286.124791
2281.786851
2275.398407
2252.889058
2370.035644
2417.054261
2399.445910
2386.858384
2458.912263
2477.237739
2477.237739
2417.203550
2431.784680
2449.955386
2470.489034
2331.112169
2437.685123
2413.235788
2337.109760
2409.165837
2507.474746
2425.439071
2462.121940
2667.331716
2539.939696
2449.801842
2483.283369
2479.123911
2317.408772
2360.239964
2473.070423
2430.996736
2340.736953
2297.296527
2311.633619
2564.077242
2581.904002
2719.358225
2766.580106
2789.219602
2458.912263
2474.489903
2404.587862
2367.644673
2232.636266
2195.136273
2155.740401
2178.156175
2155.740401
2184.194322
2491.932291
2505.122080
2343.076797
2334.894144
2398.399928
2177.244970
2130.728850
2191.801915
2193.916032
2068.513138
2056.413354
2140.776235
2284.493221
2241.359602
2253.715480
2247.464178
2405.387602
2438.006421
2516.212340
2713.150032
2790.841096
2597.704091
2449.801842
2449.801842
2265.416819
2156.711558
2138.725729
2243.365834
2298.767605
2518.467174
2514.151325
2520.665953
2414.343275
2445.042222
2254.363525
2307.391022
2372.012737
2421.199920
2418.952481
2456.097558
2398.599831
2401.022975
2536.361213
2519.914057
2429.710947
2499.238598
2594.919655
2545.878313
2502.651259
2638.219827
2699.414329
2615.139205
2432.409439
2405.926531
2311.390468
2295.466091
2190.574497
2240.000799
2184.430341
2145.747021
2132.971810
2188.846100
2232.148085
2248.062937
2336.367133
2274.804960
2283.815032
2291.736241
2320.798098
2271.618405
2257.060422
2308.171861
2365.606022
2289.870986
2367.644673
2427.113105
2320.639128
2246.758684
2392.240204
2361.521436
2275.241026
2246.630475
2260.740236
2203.476902
2289.754859
2316.410431
2389.876216
2408.155984
2430.818534
2241.881610
2307.391022
2365.338788
2432.778478
2488.223501
2615.536211
2777.667834
2730.885241
2634.398607
2581.246703
2560.878630
2382.246162
2375.509224
2295.790687
2439.064970
2408.510973
2379.797233
2517.603523
2722.768002
2531.726382
2468.453585
2464.260215
2308.628170
2239.055291
2337.109760
2431.784680
2493.154048
2595.332881
2544.121752
2648.712351
2609.741018
2603.548235
2514.654511
2633.755892
2348.440144
2393.926355
2391.552298
2545.080878
2502.020656
2616.465564
2569.483155
2497.939404
2295.790687
2276.954630
2235.725755
2266.508147
2162.535532
2240.144585
2157.678572
2145.851700
2137.652669
2311.633619
2423.134975
2566.427217
2521.107805
2478.209235
2468.270666
2347.955969
2351.933383
2452.606387
2448.554556
2477.237739
2644.047843
2527.141934
2547.518218
2648.131130
2691.047345
2506.479319
2492.388816
2406.252369
2301.689036
2242.059324
2215.514647
2207.365860
2166.114258
2332.415230
2233.914128
2178.396626
2151.525779
2190.574497
2246.247737
2311.510597
2338.160105
2416.299672
2461.274729
2301.541529
2301.541529
2377.110531
2327.830511
2333.932723
2272.215339
2302.966849
2365.338788
2377.791060
2351.170020
2367.311714
2410.355245
2417.054261
2351.463765
2367.803674
2361.652809
2441.543093
2303.783419
2310.354980
2404.385093
2582.791925
2355.107409
2381.873492
2486.374139
2416.757280
2232.484262
2394.485409
2447.588319
2496.979539
2383.776672
2388.033489
2330.631266
2308.397525
2230.390302
2335.056086
2343.225440
2345.171093
2316.630274
2355.270943
2408.846445
2503.107609
2671.450543
2826.725372
2724.367572
2683.240953
2656.663200
2520.950562
2434.582491
2469.566857
2520.535493
2551.482715
2459.211323
2470.221163
2585.237838
2531.726382
2552.444434
2689.666018
2787.516042
2732.138553
2734.266566
2857.292524
3000.828632
2760.799371
2633.755892
2652.112064
2485.980725
2211.189490
2373.271999
2621.767570
2584.506890
2648.275621
2599.196280
2647.984670
2538.995524
2481.836796
2403.600612
2502.346523
2551.098038
2467.096684
2508.026105
2452.606387
2639.236817
2437.094970
2441.050525
2531.409770
2736.465799
2492.540509
2492.540509
2578.722822
2572.465610
2406.410179
2396.022425
2489.581174
2645.307697
2776.596037
2745.965578
2727.365111
2640.672837
2536.199433
2333.111910
2370.035644
2425.439071
2445.351397
2390.197526
2340.900432
2306.062788
2297.463831
2479.858425
2432.528479
2434.834711
2432.528479
2518.997522
2301.228227
2528.687227
2610.726415
2586.449669
2625.138087
2743.084514
2455.790967
2461.779965
2539.617450
2527.595491
2469.834345
2486.114658
2506.479319
2469.834345
2348.623060
2344.181289
2428.446749
2321.759177
2342.334067
2321.759177
2424.205418
2380.793562
2397.116457
2372.655514
2505.818265
2490.620566
2398.015389
2402.079185
2574.356706
2402.079185
2235.296037
2381.131537
2428.446749
2198.661231
2260.168955
2344.512901
2422.767589
2517.096113
2574.167550
2584.506890
2604.464480
2649.648558
2505.967885
2565.593173
2662.075464
2795.326678
2705.075809
2621.346923
2612.956528
2684.540983
2780.037236
2667.331716
2778.148819
2772.158840
2655.055473
2303.783419
2291.460074
2219.729659
2310.354980
2279.492079
2310.638637
2296.117048
2458.270958
2513.599297
2542.373286
2600.069325
2628.670753
2749.733575
2643.138856
2702.504388
2682.639746
2778.919289
2563.562365
2493.766123
2452.751159
2441.543093
2257.060422
2263.333046
2255.204684
2115.981405
1993.208504
2173.516580
2192.381967
2323.431019
2395.490937
2419.639138
2345.881545
2376.933907
2210.720376
2163.405102
2227.883632
2342.782793
2215.689746
2303.603343
2373.419223
2513.599297
2361.652809
2300.342113
2226.340768
2351.463765
2309.504431
2258.017431
2417.821430
2489.943421
2475.426010
2450.876458
2535.124765
2602.765096
2590.416530
2358.611646
2236.054360
2178.857545
2164.693744
2096.975928
2064.151610
2194.983234
2299.965143
2423.134975
2425.162866
2546.241508
2581.577548
2569.207914
2329.226863
2454.448052
2720.805803
2687.653352
2640.486497
2667.164596
2714.372778
2400.742493
2260.441400
2205.080870
2310.044620
2102.561132
2151.671999
2283.027571
2609.040957
2432.528479
2447.119931
2496.362933
2378.688632
2041.894787
2062.461541
2140.453428
2273.894166
2324.767943
2433.410436
2482.937665
2603.837411
2491.294407
2691.047345
2684.887246
2621.632348
2358.755572
2285.019512
2209.352418
2338.580877
2313.732290
2351.170020
2348.821391
2251.328890
2261.250959
2318.882470
2322.850297
2427.488897
2402.870988
2230.835550
2265.654111
2481.162702
2444.296302
2475.265892
2555.353701
2622.931332
2462.885823
2467.096684
2578.225025
2590.416530
2606.923768
2688.812315
2568.087368
2367.803674
2328.849459
2396.462424
2273.507895
2339.234825
2418.952481
2330.946507
2101.368927
2191.443933
2345.171093
2341.062358
2328.508731
2470.092014
2476.274922
2406.567770
2355.270943
2302.110767
2271.516131
2296.002840
2271.516131
2329.034902
2396.619114
2433.410436
2351.563875
2216.330522
2238.685439
2312.042165
2324.367225
2369.834827
2396.310753
2296.369871
2265.654111
2202.315058
2419.286907
2433.612726
2518.467174
2608.502321
2793.245725
2436.426080
2485.554211
2518.997522
2358.755572
2204.893287
2342.485720
2334.255498
2289.870986
2410.635011
2330.787046
2302.110767
2371.854772
2498.507081
2336.367133
2313.577279
2264.847507
2323.871639
2286.264396
2362.072283
2473.070423
2637.349913
2493.461680
2395.751511
2449.048819
2369.009779
2201.032009
2131.237206
2097.697626
2077.300203
2255.750117
2321.434420
2343.851187
2432.650580
2410.213466
2186.898710
2190.753386
2328.212837
2232.922742
2353.805402
2513.730720
2698.133250
2747.495956
2871.986042
2800.381257
2826.725372
2673.007669
2656.663200
2701.167723
2918.366754
2785.039881
2715.260300
2715.260300
2730.885241
2492.999847
2484.919904
2558.450524
2494.883246
2259.641810
2222.784620
2200.169219
2280.033109
2233.062220
2319.591037
2422.193180
2735.821988
2573.652270
2569.634956
2760.799371
2892.119096
2629.507766
2684.887246
2752.655591
2563.727574
2311.390468
2356.733070
2438.522981
2249.829496
2163.254038
2280.174285
2234.892611
2066.859909
2191.990043
2452.031055
2380.202719
2363.937168
2372.012737
2570.962333
2530.956739
2623.270815
2682.786816
2783.498783
2457.146322
2470.352904
2515.636804
2534.133303
2447.898249
2570.962333
2432.915204
2383.776672
2426.932764
2461.779965
2508.982423
2628.980732
2602.399840
2684.371541
2737.649895
2655.786918
2633.606664
2580.255706
2383.211716
2321.759177
2455.167976
2519.639304
2492.846002
2533.978483
2587.281923
2531.726382
2487.044316
2598.312801
2817.605764
3012.496053
2969.246685
2907.121739
2880.684003
2667.164596
2593.476065
2689.666018
2727.551848
2746.125090
2768.561210
2641.359267
2606.607427
2715.260300
2621.346923
2505.967885
2409.776068
2459.062682
2436.821523
2496.362933
2678.797545
2986.434720
2869.696845
2715.993077
2722.569583
2765.632958
2589.038740
2572.610254
2572.610254
2498.795962
2392.052715
2310.354980
2484.573848
2508.826338
2465.723223
2404.184457
2447.434741
2441.050525
2425.708397
2520.041930
2565.134302
2550.741980
2501.659274
2485.980725
2573.987548
2648.131130
2697.355776
2682.936013
2614.157581
2492.999847
2466.288427
2482.773165
2439.598425
2479.673805
2547.388856
2344.181289
2311.390468
2266.111522
2397.289990
2391.265365
2547.260890
2653.801783
2817.941443
2737.826035
2725.608466
2705.075809
2645.652228
2479.490321
2459.506998
2662.641475
2670.889372
2578.557419
2611.263527
2755.641164
2458.439389
2417.203550
2513.730720
2503.431574
2505.538089
2548.616405
2468.968343
2388.924766
2425.708397
2305.906063
2262.588517
2295.687200
2401.938565
2401.938565
2401.938565
2633.896756
2773.444562
2646.211155
2658.474252
2712.046141
2537.383563
2498.507081
2629.702194
2713.917317
2633.896756
2599.196280
2658.474252
2484.210304
2276.765780
2319.223404
2460.597899
2516.212340
2602.207077
2747.830734
2860.944656
2756.465678
2641.681398
2695.046292
2684.712826
2480.421157
2525.512311
2599.503776
2679.202153
2644.521116
2768.891262
2758.730015
2785.175183
2688.812315
2820.216788
3053.623471
3125.145242
3024.890537
3057.839006
2930.314520
2688.146676
2708.741250
2602.010670
2550.741980
2704.582800
2631.450022
2499.873376
2596.293614
2688.645283
2536.954307
2723.748096
2744.141958
2729.826138
2762.449521
2850.900846
2648.565016
2695.746210
2769.480002
2558.107714
2445.515760
2556.529959
2525.912016
2435.857432
2476.611891
2513.599297
2702.332442
2698.133250
2716.491895
2813.238301
2729.197390
2522.249752
2659.698160
2713.303284
2791.003641
2904.204540
2906.243505
2783.342622
2723.748096
2643.704668
2618.879293
2649.970404
2730.120645
2800.106226
2787.516042
2754.679837
2874.664634
2784.508111
2716.491895
2757.852843
2917.686559
2684.371541
2709.094242
2854.543559
2754.179450
2723.596903
2883.361064
2945.083396
2809.499441
2748.001848
2733.755950
2862.417375
2720.805803
2809.129231
2969.091284
2827.508146
2540.917338
2830.391875
2820.102415
2739.888227
2820.102415
2886.946966
2681.768137
2665.099317
2533.978483
2622.173097
2673.144873
2619.952874
2730.568219
2956.070900
2773.717728
2673.555134
2780.219145
2858.406382
2788.665088
2784.508111
2946.805201
2872.878008
2600.069325
2753.841141
2862.417375
2678.257346
2682.350940
2743.824785
2481.338754
2395.229618
2468.631160
2562.808369
2634.398607
2776.002128
2804.836649
2842.402442
2889.764962
2852.884795
2778.919289
2715.260300
2573.044603
2441.718546
2413.235788
2433.410436
2620.635219
2744.870729
2804.412714
2769.336426
2806.289329
2783.948838
2723.900027
2678.669850
2777.156013
2766.869819
2664.354542
2739.723727
2881.398864
2723.596903
2672.286220
2729.675728
2618.361922
2409.321317
2521.841524
2665.597300
2684.038990
2775.061336
2933.233475
2781.461955
2674.497193
2678.797545
2643.332938
2470.780906
2569.341523
2432.047745
2302.673534
2351.563875
2550.574084
2567.054506
2704.424477
2784.508111
2635.210057
2549.382731
2766.869819
2901.985890
2916.528582
3125.296734
3047.486972
2750.097998
2547.132077
2786.905342
2666.996880
2656.845254
2853.580684
2921.248582
2703.940824
2821.366355
2848.366399
2784.774478
2993.951113
2969.246685
2965.157786
3096.165975
3024.531123
2774.128950
2735.203929
2597.494667
2539.775507
2681.768137
2720.283101
2886.946966
2955.591936
2943.216027
2836.797094
2740.053713
2580.255706
2658.050206
2703.049148
2859.092384
3055.706607
3070.461672
3157.107381
2986.592634
2832.811548
2810.244297
2968.164059
3032.612627
3059.206564
3134.980926
3211.276644
3076.043702
3122.398357
3214.632646
3212.495786
3169.526624
3116.198866
2963.059401
3079.749113
2965.157786
2856.195657
2929.989647
2725.608466
2489.943421
2522.454943
2678.539048
2536.954307
2543.628803
2760.936037
2760.936037
2553.793338
2746.722639
2973.569492
2825.809498
2839.943615
2998.168575
2879.149045
2752.329519
2805.556069
2807.756646
2688.645283
2768.730216
2837.714579
2718.835008
2675.544633
2749.381014
2687.817018
2638.958984
2737.302734
2690.196622
2682.207985
2731.223880
2753.500427
2735.051964
2743.386308
2946.520960
2946.520960
2782.099463
2777.830531
2851.870603
2558.107714
2482.457210
2553.488624
2647.984670
2621.493110
2555.697596
2594.639713
2618.879293
2498.081304
2629.146966
2785.039881
2897.899828
2853.435333
2871.986042
2818.738553
2994.886386
2904.960812
3020.309597
2977.036360
2852.335681
2599.932155
2573.044603
2748.692563
2818.527160
2814.403938
2908.526744
2869.858576
2678.669850
2682.786816
2770.907858
2777.156013
2845.090334
2873.713214
2748.520149
2783.651770
2805.902993
2738.181450
2707.185385
2838.355547
2725.608466
2571.862552
2633.449048
2659.871266
2553.347036
2746.278817
2924.541061
2906.243505
2948.326559
3360.829669
3280.700933
3106.260608
3202.902746
3078.656917
2680.392364
2651.526405
2811.456367
2701.023550
2691.864467
2802.657689
2936.017200
2792.604837
2940.222612
3040.278974
2951.830016
2759.218004
2914.898295
2785.609219
2612.604503
2669.940635
2760.216916
2573.341390
2481.338754
2672.437393
2682.639746
2645.652228
2647.834503
2773.010360
2824.108375
3016.755392
2965.644820
3035.107675
3051.625824
3211.628692
3105.032644
3205.106988
3437.176410
3414.784296
3147.731027
3205.106988
3129.667702
2864.887603
2852.750437
3134.587748
2962.767160
3005.619713
3229.545056
3139.104307
2881.252772
2965.495211
2811.300989
2647.516747
2749.914287
2612.232954
2599.932155
3014.162734
3110.520660
3016.151108
3122.864073
3184.321932
2903.643182
2887.194468
2915.591913
2998.168575
2991.535413
2985.655237
2833.750736
2917.851755
2773.581930
2625.716686
2798.070097
2793.985427
2746.870753
2811.154186
2975.199128
2786.498291
2719.111990
2714.820095
2857.109976
2832.485170
2883.618023
3013.048440
3072.242994
2941.653145
2851.317205
2941.653145
3128.246612
3193.520498
3233.763070
3258.719500
3110.520660
2956.509412
2913.910473
2942.584103
2991.535413
3256.452070
3299.458770
3170.060542
3005.752063
2936.017200
2892.955398
2751.531752
2903.425125
2900.984810
2788.287268
2607.671354
2697.870405
2695.943297
2826.860402
2970.444723
2913.535780
3067.113190
3190.238074
3132.428569
3124.015271
3251.292157
3132.428569
3070.915868
3059.511765
3059.511765
3051.443922
3010.613423
2985.811460
3094.646259
3225.818605
3133.564916
3195.608957
3109.114230
2935.660208
2796.039696
2966.458426
2874.193936
2905.110150
2989.553521
2980.775545
2901.084847
3130.869908
3122.711678
3133.689746
3143.822744
3135.827551
2934.853966
2988.284129
3048.114503
3095.317310
3054.187283
3072.454578
3210.690961
3518.610698
3611.066766
3757.226436
3906.611648
3753.059864
3337.518493
3378.645982
3497.293861
3298.548214
3316.645084
3319.206253
3050.472575
2800.381257
3019.646867
2906.844653
2922.559157
3115.358568
3061.956107
2907.846284
3041.284412
3032.468596
3003.898596
3233.575159
3251.688296
3225.382977
3429.620797
3376.296312
3296.480231
3423.266201
3417.081447
3239.579346
3173.816211
3085.886925
3061.276802
3040.722456
3067.405778
3040.722456
3077.948514
2890.978348
2974.906547
2857.292524
2955.705844
3119.930439
3267.352790
3113.508202
3235.489873
3277.184371
3157.925485
3133.315138
3235.489873
3333.814401
3284.695759
3220.818501
3124.358221
3175.512044
3231.189185
3284.839159
3401.418333
3677.867705
3612.493629
3428.620566
3456.935424
3401.516660
3071.461138
3069.485136
3175.896491
3198.854425
3180.065421
3289.027998
3250.159363
3294.190338
3428.321761
3245.029910
3154.834623
3198.205814
3189.211381
2836.404521
2947.070955
3189.211381
3162.629981
3226.441074
3384.817558
3643.399614
3606.235228
3622.521873
3642.995577
3913.329690
3821.131842
3712.353149
3982.897399
3894.023461
3609.549221
3642.325196
3518.524787
3260.519768
3182.964123
3281.003560
3121.141803
3314.291290
3570.607878
3601.386477
3527.810357
3664.959059
3601.386477
3433.185285
3513.179057
3648.863716
3454.041499
3471.963830
3560.608319
3456.007286
3320.947141
3474.518815
3464.342251
3246.726393
3277.884058
3327.205410
3214.360259
3357.884613
3528.104880
3594.831042
3471.695084
3758.832361
3754.858370
3709.667864
3962.811232
4040.963256
3716.876695
3832.031730
3852.484922
3428.382648
3417.169829
3626.770337
3415.586893
3308.596127
3644.240922
3730.216495
3676.974891
3707.850470
3771.886177
3485.292834
3567.175580
3770.179405
3823.333028
3849.825090
3928.485573
3876.856116
3691.734777
3722.669996
3782.336091
3677.317189
3611.659602
3618.240531
3457.911859
3331.188536
3484.992182
3566.747616
3449.265216
3517.612501
3646.108570
3744.522419
3698.993232
3877.758498
4021.135889
3893.892900
3729.258771
3784.751813
3567.565645
3489.550775
3571.500950
3540.266416
3542.967493
3752.009549
3558.673592
3595.663355
3689.422165
3568.114545
3593.030881
3719.951733
3561.996775
3730.469723
3864.565553
3651.102640
3956.657891
4132.891571
3828.338134
3642.131475
3600.868127
3334.217906
3344.451460
3651.183653
3735.094967
3997.733776
4118.889708
4145.273812
4230.176913
4242.465096
4225.292784
4188.477217
4213.592930
4002.611467
4203.407871
4293.800374
4192.473421
4070.303527
4035.090944
3741.308056
3652.915468
3690.082086
3798.681201
3727.566218
3866.860397
3893.771018
3869.036158
3727.566218
3609.955375
3439.647914
3502.939104
3593.558253
3518.766119
3606.098092
3918.092361
3772.476200
3692.104834
3958.621311
3938.881561
3725.633208
3643.636789
3625.073991
3518.246335
3752.009549
3846.186875
3864.762556
3997.836720
3923.712665
4039.485255
4029.080947
4064.117586
4061.666344
4002.799868
3722.669996
3735.022980
3669.171100
3527.903340
3548.273703
3735.022980
3582.858280
3741.308056
3843.840217
3938.415800
3900.661589
3959.445465
3843.040272
3785.174747
3775.015663
3846.396516
4060.113953
4213.592930
4385.499008
4314.443956
4247.689120
4060.817028
3933.251716
3798.452568
3873.940035
3854.031913
3794.345376
3911.739441
3933.687248
3880.551611
3798.608005
3753.355498
3693.941991
3554.382544
3734.948029
3643.751243
3949.533386
3988.833175
4121.928637
3969.727006
4192.096155
4087.190209
4027.991441
3870.648745
3005.227730
2005.105315
