19581.296909
26494.963366
33773.771072
33986.200694
33543.962893
33960.303331
34347.660743
34424.073584
34900.632875
35654.194458
35771.077499
35815.084980
36279.538407
36273.029254
36656.575695
37115.328854
37516.470401
37552.178867
37480.743977
37301.227854
36720.245726
36168.373798
35210.469367
34459.267512
33813.552273
33616.869928
33432.532941
33627.883359
34253.680373
34128.151711
34353.156911
34803.725214
35022.183071
35312.751539
35787.306003
36010.011590
36153.068976
36535.282321
36102.656258
36358.080517
36691.834322
36827.649560
36608.607421
36994.188038
36650.292962
36446.545747
35996.053837
35906.586835
35892.209843
36246.868768
36123.843998
37054.436351
37150.201987
37022.404240
36847.020263
36823.584417
36303.710456
36720.057403
36515.632284
35777.100801
35143.790635
34671.383024
33857.022652
34236.169908
34851.437452
35068.210713
35189.717666
35618.513427
35363.247688
35516.729245
36040.811593
35932.405807
35788.261724
35634.757081
35266.469420
34746.119588
34741.910943
34374.673902
34359.178962
34415.458914
34292.167252
34329.811834
34660.264196
34660.264196
34814.143887
35006.726762
35669.291852
35533.757006
35414.632548
35169.828549
35429.794708
34890.087992
34822.781438
34677.542636
34538.934869
34599.121406
34714.175892
35055.936861
35381.416676
35352.972492
34978.306840
34865.792266
35039.460656
35494.696273
36367.776103
37010.422069
37242.311926
37144.611686
36902.238739
36937.393864
37326.470005
37542.827227
37957.244993
38336.445212
37831.273189
37303.017408
37517.236282
37610.886663
37331.722357
37212.897139
36993.799193
36420.001154
35595.697266
35212.969316
34902.684445
34638.881260
34461.323324
34471.994497
34205.966149
34046.045095
33838.103735
33456.628320
33360.714154
33638.541980
33902.685763
34508.487438
34612.847853
34697.709849
34814.244624
35254.313874
35223.588387
35719.875315
36186.920292
36109.243481
36005.285674
35688.625277
35639.049091
35031.436079
34871.984463
34612.080989
34516.577042
34007.067913
34154.268164
34383.165765
34463.070689
34823.001236
35306.042983
35415.996617
35603.301970
35929.655886
35771.408268
35169.826581
35135.779157
34624.912563
34076.650721
33760.781858
34089.792026
34281.269182
35006.673729
35686.731379
36370.908561
36983.542336
37227.785002
37444.241529
38018.331840
38295.272117
38401.409776
38399.876193
37842.537098
36780.046176
35510.564102
34439.179562
33680.319080
32768.282049
32562.993841
32610.493661
32530.039208
32388.332950
32483.747146
32014.082432
31544.899268
30937.702410
30609.875437
30638.331803
30594.797623
30657.709366
30963.207208
30686.862303
30284.064466
29693.084747
29369.785085
29012.526493
29320.780428
29492.244803
29881.844714
30115.579208
29965.917692
29441.536054
29851.193011
30253.916675
30375.566190
30779.945462
31370.833187
31463.353587
31353.523078
31757.773509
32080.646948
32267.288709
32353.587617
32979.717781
33012.157277
33065.067189
32723.066363
32300.377631
31797.675435
31397.577924
30754.243412
30599.046885
29481.833272
28008.916343
27439.115748
26711.170668
25503.486475
25187.103743
25169.662206
24515.541617
24589.445926
25090.730860
25486.594239
25798.540235
26038.900021
25806.942864
25428.624133
25192.932462
24855.467196
24582.312976
24720.744790
24623.289777
24510.372060
24664.907374
24982.437068
25032.840460
25413.048282
25893.296852
26125.082539
26478.451627
26907.516543
26634.701755
26444.115552
26477.546120
26583.342563
26314.950679
26676.085577
26216.853557
25963.356122
25417.654205
25415.260528
25066.988366
25439.705046
25318.772853
25337.572627
24995.566424
24780.914984
25111.970033
25383.444843
25564.787150
25563.273053
25634.822959
25130.726587
24491.714432
23410.676941
22869.745937
22419.907413
22160.101813
22021.743235
22236.526173
22751.135249
23259.473789
23242.257732
23541.267259
23551.825966
23190.524115
22659.135958
21864.659318
20960.789787
20554.133802
20144.869159
20384.441811
21355.334092
21848.912454
21911.644671
22082.568614
21483.839951
20708.787483
20877.306894
21395.424040
21225.860783
21438.317621
21904.584848
21778.476963
21893.538007
21858.412504
21594.941071
21250.858100
20899.961936
20217.804289
20252.480732
20229.349075
20205.841389
20229.349075
20439.229802
20501.753215
21261.977229
21703.730443
21845.024597
22185.830422
22851.147797
23074.796584
23536.060410
24303.124141
25004.776951
25258.334692
25244.618181
25035.147629
25284.143395
25452.773863
25596.325259
26033.313047
26675.151449
26553.215887
26667.546130
26960.520056
27177.415618
27075.689135
26886.656004
26715.749210
26397.548824
26070.069328
25840.937428
26252.123242
26675.151449
27103.372309
27602.386551
27996.650945
27786.870787
27084.833744
26660.766955
25962.458998
26039.142444
26256.688240
26479.111856
26206.463633
26051.006512
25230.161522
24855.541643
24716.801346
25007.348834
25333.165428
25818.126705
26029.717385
25947.671348
25711.266495
25732.744265
25700.004787
25520.586456
25563.731053
25769.349987
26051.323884
26038.867717
26108.131983
26240.340603
25946.371652
25365.796967
24965.562345
25134.135730
25110.777749
24952.617082
25073.560983
25900.300178
25927.069676
26019.238418
26829.477315
27222.272863
27145.242696
27350.366132
27524.153413
27482.603966
27435.863085
27561.638707
28109.014603
28345.137300
28726.820895
29152.124442
29478.207861
29077.501957
28729.318856
28172.730611
27473.261003
26849.453424
26369.871309
26180.689127
26228.034880
26689.299454
26962.514767
27234.457992
27813.894407
28239.905809
28580.192648
28837.316306
29024.029044
28239.901287
27542.906946
26837.063009
26434.443177
26211.558905
26714.035051
27131.579289
27416.897442
27193.459773
27011.528208
27003.241425
26625.551149
26806.069088
27439.013610
28060.548100
27991.110245
28194.546534
27801.660417
27246.911936
26989.519999
27047.912724
27167.372820
27346.004743
27387.929888
27344.972177
27427.798996
27204.475117
27123.951065
27159.143592
26407.330949
25746.842081
25354.688987
24446.462573
23328.771303
22988.526818
22945.087202
22947.745409
23452.475942
24013.809286
24442.306576
24303.854873
23963.923095
23220.097706
22830.881326
22298.439971
21561.216315
21788.523301
21897.512195
21483.818566
20960.202847
20747.481907
20004.952222
19785.565131
19293.931634
19398.162119
19595.350398
19560.387116
19379.717420
19726.437186
19865.077177
20068.196682
19811.023916
19587.811207
19663.934537
19809.030196
19570.261218
19945.041559
19843.016284
19319.228978
18756.253060
18589.135861
18487.560482
18627.677543
18512.838488
18259.874241
18161.708942
17632.007590
17504.369772
17430.486711
17434.842335
17148.843133
17114.507929
16980.483504
16920.202587
16781.414222
16995.996209
17329.316151
17599.170477
17965.523130
18155.679254
18125.457601
17956.349786
17654.151566
17505.380402
17552.882356
17293.184026
17044.042689
17020.612590
17005.780838
17087.232829
17146.241764
17206.409855
17009.567533
16978.915721
16872.947344
16889.787475
16877.028754
16928.465513
16521.193841
16297.880923
16074.839199
16120.200154
16271.020234
16717.841406
16485.317481
16479.362840
16167.371871
15772.282058
15412.275670
15588.090804
15434.583425
15371.684546
15339.420313
15073.623297
15034.477399
15144.787224
15306.537490
15687.398468
16259.050856
16592.539444
16436.852148
16352.513555
16222.446477
16112.056250
15876.331202
16038.974833
16346.213039
16127.095977
15811.543856
15763.758450
15741.294994
15352.155767
15531.131762
15625.632820
15382.887258
15281.453120
15475.992541
15291.809915
15297.740678
15521.568467
15595.477854
15653.605956
15957.140449
16225.608185
16424.813036
16848.785219
16647.581609
16694.730745
16742.052479
17127.892079
17106.310673
17303.228087
17016.465383
16694.021438
16041.853248
15606.603879
15628.324709
15824.165495
16406.811214
16674.862296
17086.425845
16988.801490
17033.905645
16591.887489
16736.672847
17119.938662
17633.345738
17930.154024
18376.446454
18448.107840
18460.835164
18515.387984
18145.022473
17787.629848
17627.284226
17419.273073
17572.958800
18025.322783
18128.600619
18361.218291
18194.100724
17854.222803
17459.587803
17175.439072
16803.760500
17013.290602
17061.018562
17013.676728
17072.778759
16910.564774
16219.301126
16076.234138
16214.364576
16506.461987
16759.636674
17187.270847
17188.625052
17460.668253
17822.163680
18331.008485
18769.139031
19244.996993
19415.021235
19560.303079
19540.986949
19021.370124
18588.022416
17935.886899
17466.090443
16989.465683
17277.343905
17498.626296
18095.270265
18374.700850
18517.812104
18478.565485
17950.056711
17455.252509
17394.514148
17487.610474
17505.243479
17602.479097
17815.024977
17643.834305
17643.834305
17494.122000
17413.875633
17524.929717
17734.769040
17897.182925
18267.892093
18832.891732
19416.778813
19626.669862
19925.491844
19837.040458
19902.578202
19530.141321
19264.008028
19166.637698
19404.767267
19353.112645
19155.249649
19200.274110
18878.387064
19062.360360
19131.228451
19522.048292
19745.057475
20016.068272
19485.810328
19537.455052
19263.380457
18967.031549
18691.426771
18986.339032
18862.739294
18960.712976
19144.797213
19395.971432
19528.063732
19921.640339
20474.746273
20865.840434
21184.320927
20909.329052
20158.002951
19439.601655
19041.105492
18786.408718
19321.164988
19760.499749
19918.006936
19638.401461
19562.898759
19140.189023
19088.542275
19448.898389
20127.451043
20191.952224
20023.342049
19895.722783
19392.281169
18761.448157
18670.876592
18790.094015
18770.270483
18638.775150
18770.470755
18656.181231
18370.277931
18132.534289
17896.363740
17732.123786
17679.684375
17948.005870
18212.232890
18595.209562
19006.428512
19638.548438
19812.047746
19696.604082
19824.714895
19904.482113
19898.383016
19965.255389
20212.223956
20790.409680
21288.020695
21139.013854
21170.812547
21389.882337
20960.654779
20255.323091
20270.077613
20308.520482
20120.457157
20222.386231
20326.297346
20190.254771
20181.160205
20679.613072
20960.296440
21273.709151
21196.350099
20856.100426
20448.452894
20136.680512
20396.796273
20952.994516
21630.662242
21626.835283
21794.690209
21852.804587
21289.675700
20348.078453
20042.843969
19276.104681
17693.330320
16548.521798
16236.128339
15291.865489
14949.959129
14755.198454
14744.102174
14304.210374
14657.872357
14372.826196
13944.389497
14255.489430
14347.086045
14169.159507
13907.719534
14404.296727
14252.663212
14494.815652
14364.298452
14419.611729
14649.582074
13995.667467
13365.518796
13470.148505
13567.565981
13066.713605
13673.040951
14023.632381
13889.975717
14063.675938
14286.973307
14304.175914
14404.327575
14542.126835
14683.080582
14790.929215
14747.790659
14938.063809
15196.179539
14763.258756
14535.369763
14541.738341
14465.735940
14050.412711
14185.909101
14216.071965
14346.752559
14164.308632
14205.624090
14235.149968
14141.747706
13680.670471
13542.212473
13562.147580
13897.609714
14341.168715
14495.054826
14739.793384
15486.501847
15459.169097
14986.757787
15394.584369
15622.670005
15472.975861
15338.688820
15717.101765
15537.686296
14974.554695
13946.257750
13612.608366
12988.597760
12926.182610
12980.214535
13146.969323
13391.175626
13698.687785
13456.520848
13666.163499
14047.726780
14197.972677
14709.216829
15090.479241
15261.563596
15551.682503
15766.222803
15696.788536
15841.869432
15788.003526
15989.040551
15396.653352
14835.722080
14578.455632
14344.316174
14032.734827
14157.752091
14733.552456
15134.029633
15218.769971
15052.192799
15164.748638
14865.824925
14716.196291
15021.493961
15610.336087
15647.197283
15608.164824
15224.608437
14813.526244
14050.912785
14016.619654
14036.444765
14404.571772
14588.813151
14614.548106
14493.697571
14488.968549
14277.165486
14242.399860
14913.980805
15525.140600
16101.415090
16710.252650
17132.307296
16510.930830
15891.040650
15647.849077
15582.577291
15737.171242
16687.919817
17221.004392
17626.084746
16928.468030
16335.498039
16268.444782
15957.365762
14890.059147
15147.642489
15221.519924
14563.054184
14719.527396
15452.334836
15752.936219
16097.466659
16227.024830
16295.420292
16074.541086
15727.666058
15396.609294
15116.695241
14494.908800
14512.226462
14733.077480
14535.892654
14197.971797
15002.844345
15010.034999
14622.462420
14618.444774
14748.793531
14278.945408
14554.325224
15371.474814
16087.972647
16605.281899
16889.560326
17043.720382
16516.904513
16326.853909
16285.853138
15661.758146
14868.405424
14615.162807
14095.944506
13959.178397
14574.862208
15166.611077
15790.005931
16980.803438
17594.154910
18301.694749
18954.979375
19317.328872
18591.163533
18420.721458
18780.727448
18001.267297
17481.813669
17074.734885
16832.569186
15834.376275
16206.215069
16747.827781
17815.428303
18186.058748
19126.591276
19973.447255
20430.952476
19850.270323
18661.192604
17749.925383
16675.581510
15228.956037
14878.699322
15456.837923
16089.394905
16208.698482
17365.460043
17839.987491
17763.785442
16988.597673
16578.773776
15957.340227
15979.118431
16117.459246
15688.522731
14998.026194
14373.745811
13839.406279
13594.716996
13460.927425
13574.956623
13430.112511
13118.688886
12375.696364
11783.080840
11772.053842
11815.980533
11849.999723
12471.409022
12996.406699
13018.001502
12422.649672
11911.692920
11118.673801
10887.914104
10770.149211
10865.848015
10805.154489
11039.385627
10917.610840
10811.669595
10930.954727
11084.855482
11117.090550
11060.017695
10979.720670
10739.367189
10568.085079
10455.433393
10446.959879
10261.190086
10163.433026
10109.725188
10067.758012
10015.426433
10015.426433
10041.103770
9872.263120
9876.391666
9770.297413
9772.360043
9759.518121
9973.703829
9921.870084
9991.407672
9950.926319
9859.880903
9749.629445
9768.628456
9809.308892
9802.243551
9926.133121
9686.207979
9529.778102
9468.245729
9409.543072
9254.095210
9415.911098
9405.319722
9203.029661
9128.034086
9138.739736
9158.117260
9325.153101
9454.698561
9604.056634
9716.233122
9623.499146
9692.875822
9764.292785
9641.161058
9567.840779
9639.524573
9476.587222
9366.848235
9440.103311
9498.500544
9571.615346
9604.665784
9670.170869
9676.968897
9679.258622
9663.621763
9932.665364
10270.644305
10352.781889
10531.808858
10765.778862
10709.809782
11001.275662
11486.515789
11836.887817
12367.507680
12988.604069
13371.169736
13823.886009
14125.191059
14406.586083
14584.603863
14540.055500
14533.453488
15274.015296
15375.742667
15514.896277
15850.347048
16308.863911
16177.094659
16450.068670
16620.985009
16635.666033
16614.071448
16679.097870
16531.275465
16887.891561
17201.680990
17439.735597
17309.686346
17413.490822
17224.964915
16874.748800
16701.471240
16697.010876
16701.472059
16586.958460
16837.780053
16848.324421
17305.142076
17456.464875
17553.698451
17759.824317
17718.936875
17355.656285
17578.757061
17753.520181
17736.720523
18028.867913
18173.954661
18155.176816
18544.694610
18343.011786
18307.648384
18249.716105
17982.880993
17133.754327
17333.791350
17206.069955
17197.453218
17419.830207
17983.124555
18127.703433
18489.897963
18738.400118
18992.407909
19275.748139
19222.828787
19556.252573
19861.678445
20399.155351
20422.315937
20897.843305
20666.718951
20798.617881
20887.891702
21554.863960
21600.822924
21850.212921
21746.296409
21025.259400
20481.584079
20338.755630
20053.396908
20239.794141
20728.844415
20860.971151
20563.475871
20589.765331
20230.098012
19918.617275
19624.412348
19775.178125
19759.734570
19477.762692
19560.316741
19811.713012
19898.614176
19979.182622
20314.478550
20228.108529
19809.617984
19842.065525
20292.320673
20740.241952
21193.063851
21422.382019
21365.895265
20399.337894
19775.681334
19188.963435
18972.140215
18691.643713
18416.453475
17795.559015
17440.172290
17302.105890
17074.294719
17535.245206
17844.872537
18016.095521
18206.711801
18374.734312
18383.373212
18541.556864
18721.149542
18210.616629
17309.594029
17013.156347
17110.667330
16876.300128
17246.348184
17764.383356
17661.243639
17349.895514
16940.128093
16521.685223
16696.137737
16592.291260
16650.149363
16880.254417
16940.859807
16783.538280
17017.486726
16878.973446
16313.291201
16214.106009
16330.698384
16530.040284
16400.235249
16733.173627
16408.807114
15988.475496
15189.174690
15208.791457
15388.217871
16178.591876
16879.876030
17291.055166
17466.603959
17206.375070
16264.163935
15850.489772
15426.096567
14778.837130
14659.607663
14641.681916
14170.765777
14324.818174
14768.581211
15035.033992
15256.642718
15798.062702
16213.889042
15808.628871
15447.112206
15049.137874
14279.123570
13874.570401
14563.338858
14554.677689
15064.078914
15654.120769
16097.978707
16195.277074
16092.074361
16439.665409
16984.064095
16977.681287
15979.121256
16202.408050
16063.717535
15861.473959
15883.098710
16732.509864
17338.772954
16466.535443
15325.863277
14389.964069
13160.618607
11795.586996
12075.159877
12032.579776
12116.693935
12780.062633
13797.933712
14525.239052
15752.714264
16296.239094
16157.550747
16294.345358
15709.178180
15179.900499
15128.050028
15405.768130
15399.539792
16051.028813
16291.314526
15600.372333
14993.540651
14541.426933
14188.588951
13789.356647
14114.011350
14144.325066
14163.587582
13395.399444
12870.666767
12348.515408
11999.785735
11152.668629
10735.329966
10401.375665
10255.931255
10249.705082
10278.061968
10384.199287
10471.578127
10666.207773
10791.371087
11246.682501
11556.270358
11692.015748
11904.779189
11992.973901
11499.737016
11207.275153
11052.283844
10662.143153
10575.444415
10616.775554
10709.788641
10883.859044
11042.357959
10872.697540
10905.492571
10905.492571
10795.211741
10791.006773
10740.750848
10630.578749
10425.120042
10475.962407
10495.245131
10536.504283
10430.284731
10359.420782
10390.874179
10263.502131
10306.511566
10657.082016
10947.405764
10913.667790
11166.390087
11561.483285
11474.743811
11616.797541
11744.639896
11731.835975
11447.445681
11614.742311
11688.613596
11739.475418
11648.644791
11977.260082
12126.758457
12282.880254
12709.598015
12980.381472
13121.491835
13749.490228
14089.764001
14144.738841
14562.804893
14723.234009
14635.668998
15086.891677
15827.909615
16501.119329
17222.373120
17551.527824
17534.295735
17116.099406
16875.520087
17042.436831
17539.737474
18120.937826
18947.202816
19487.955298
19661.707196
20041.029286
20412.839763
20676.431900
20873.486200
20851.812403
20466.270577
20169.485752
19961.499116
19837.735801
20197.603558
20858.238026
21425.377308
21934.804639
22371.224502
23013.811844
23469.157733
24170.353886
25034.975875
25847.382552
26055.246104
26219.227959
26398.729939
26337.788492
26106.532421
26248.927110
26311.315670
26164.419059
26017.856197
26260.635879
26540.147881
26667.451027
26610.891076
26925.008777
27436.284144
27369.989973
27893.523809
27681.302597
27307.834142
25940.696787
24643.807163
22889.300008
22846.473008
21829.068563
20964.756624
20406.014494
20438.991844
19206.174811
18796.174356
19136.017209
19461.454802
19149.755953
19110.652451
19288.937318
19107.262077
18790.360048
18047.900413
17253.248602
16418.301577
15274.816473
14408.931458
14101.120017
14059.663180
14338.940300
14665.538623
14992.647400
15800.353174
16618.581627
16136.564027
16268.873736
16375.012539
16141.094247
15436.982668
15740.884016
15760.318240
15225.234546
14562.936595
14471.736158
14021.738386
13653.485248
13858.847758
14123.361254
14318.419328
14698.521647
14987.818559
15105.643963
14932.694899
14795.772046
14502.381360
14541.676702
14325.153077
13985.051105
13753.580721
13861.690353
13851.302569
14556.769631
15464.415649
15587.891515
15343.464255
15139.596740
14618.065470
14022.626451
14362.344693
14680.758461
14893.057484
15139.690564
15488.831218
15257.325939
15082.601207
14842.473902
14563.172973
14318.567125
14101.689669
13987.660953
13722.596385
13465.275895
13272.826135
12969.385311
12793.361793
12747.763411
12795.002207
13040.308264
13527.078752
13911.505184
14478.978091
14680.297747
14972.786875
15020.763688
14992.864905
14903.652960
15167.882435
14789.637854
14743.993624
15077.572806
15035.695492
14916.711273
15012.280758
14909.893247
14392.309997
14301.663591
14095.978025
13582.140863
13482.764286
13412.650962
13228.589420
13334.422622
13698.424210
13906.628698
14027.236565
14237.911966
14512.439896
14428.138768
14372.202858
14599.175882
14349.698017
14085.887536
14261.320775
14304.323842
14435.918983
14429.433630
14221.836932
13891.862778
13760.111454
13830.603977
14495.260610
14539.231427
14774.481608
14621.041816
14370.775305
13917.569093
13980.823750
13947.965989
14264.677170
14266.437848
14461.430475
14732.201207
15173.444912
15178.273540
15222.792476
15251.372109
15257.927581
15304.346758
15674.666168
15697.081003
15346.996659
14887.785194
14289.698061
13785.288675
13432.848045
13539.724153
13807.320497
13961.359408
13714.653697
13582.521780
13296.698941
13106.969182
13041.228244
12831.763151
12816.363640
13191.454557
13166.925963
12558.908257
12760.243652
12913.897954
12698.873745
12642.306550
13055.756684
13058.076317
13043.419417
13277.180663
13411.839353
13504.792511
13697.164334
13620.355246
13320.167416
13166.354142
12955.592895
12832.985154
13068.362617
13141.901220
13260.883063
13605.809253
13806.692594
13793.650716
13848.136041
14069.055846
14114.622315
14040.975140
13890.193259
13801.225811
13506.550311
13302.905525
13172.945984
12931.519588
12799.412853
12857.869965
12704.297636
12716.784021
13124.051389
13292.954423
13382.467670
13540.522281
13546.659656
13606.314367
13784.547885
13829.473109
13924.566937
13424.345322
12906.256946
12512.056437
12479.645282
12602.633974
13207.291051
13612.806122
14069.582371
14054.986117
13853.140536
13881.802087
13873.257721
13935.873713
14243.068688
14672.212922
14933.736324
14880.821729
14872.889214
14699.043738
14469.398506
14129.756136
14012.703129
13557.941001
13166.293669
13047.251020
12799.997138
12804.217840
13137.883709
13499.602854
13666.046560
14140.555239
14584.552969
14447.631857
14391.734339
14398.030256
14253.206699
13730.184177
13741.285572
13581.083123
13238.563556
13245.750579
13334.393279
13667.746891
13828.611004
13889.573066
13927.981546
13932.001329
13529.488954
13388.578944
13496.765596
13663.773139
13551.047024
13276.056926
13115.731917
13141.796436
13141.796436
13640.860301
14372.935658
15211.116462
15237.527656
14977.181851
15066.122462
14819.387299
14189.575768
14369.326716
14585.276826
14460.283933
14640.115393
14901.956908
15040.903503
15293.752040
15277.097132
15255.728003
15595.836301
15727.348011
15474.409052
15278.652330
15079.568646
14975.075426
14559.655050
14382.074192
14698.716230
15012.411986
14811.217012
14963.080827
15560.705194
15611.149523
16475.511638
16843.795953
17173.092205
17205.605325
17757.800310
17569.096856
17575.446310
17835.309002
17967.621328
18048.307634
17974.071757
18825.823562
19079.053391
18810.488289
18759.670371
18881.256630
18292.032522
18571.148607
19643.700272
19819.448506
19564.044469
19566.537729
19243.894947
19038.160267
19672.797642
19501.918527
19608.039990
18806.282293
17361.669725
15669.661144
15637.060503
15102.360530
15407.485022
16492.615657
17481.836321
17653.125493
18359.125595
19214.855815
19006.576092
18005.857109
17046.563369
15922.758548
15155.796756
15485.074935
16365.036134
17848.592560
19028.888028
19952.963754
20804.759197
20591.681646
20286.642130
19461.523611
18677.329529
17821.995454
18690.935980
19892.360342
21296.176660
22584.862338
23728.341367
24344.394286
23541.120032
22242.090126
19986.607632
17444.832904
15608.971574
15158.720144
15125.985796
15305.927487
15687.243508
15207.189842
15274.220527
15713.892729
17365.826745
18750.555743
19986.514280
19964.708116
20445.674882
19932.581040
18892.598190
19135.030848
19100.212878
18125.679068
17585.842819
17222.396614
15894.936993
14677.992190
14344.415224
13625.281085
13578.316267
13386.791759
13065.925643
12150.130181
11816.418144
11171.004888
10914.175971
11109.109129
11334.319254
11236.737249
11152.513531
10780.896325
10384.424679
10200.351328
10241.876468
10308.446982
10263.997032
10523.837220
10673.257247
10511.142655
10476.198186
10427.144445
10176.272763
10094.003051
10183.003927
10050.541665
10143.983426
9912.458941
9879.816689
9611.480138
9628.425992
9501.058774
9717.342535
9775.893721
9830.001684
9821.679581
9927.345338
9932.428044
9694.004012
9557.729453
9559.295644
9583.081605
9431.536338
9617.685598
9704.423353
9624.370991
9601.004520
9661.450350
9579.886077
9668.078510
9785.001914
9965.857150
9946.133462
9861.464517
9890.029925
9799.038974
9496.786732
9651.015402
9789.065932
9564.377127
9540.217126
9786.812779
9851.975999
10217.798118
10432.047470
10516.262843
10523.302561
10501.449369
10098.563991
9957.436010
10092.478335
10214.860468
10352.008491
10843.519815
11070.788490
11233.111881
11171.128822
11240.946627
11011.119214
11139.597458
11011.230624
10850.705835
10454.063973
10343.231961
10430.124024
10432.126992
10852.738506
11381.405938
11554.861007
11628.047332
11836.081933
11812.512140
11974.951277
12347.765946
12620.533099
12841.369865
13108.516717
13161.339104
12996.306609
12838.062577
12797.191494
12714.918418
12805.045409
13182.117657
13489.926865
13483.057511
13570.046151
13702.011291
13851.833801
14111.640376
14527.403317
14895.112926
15002.629176
15041.840756
15054.920226
15243.495426
15485.126719
15420.865359
15457.458368
15623.969914
15825.376140
15578.989615
15629.054652
15551.494091
15326.035832
15026.643260
15241.501986
15737.557885
16001.521635
16460.877334
16798.453881
16773.410523
16479.039695
16459.098678
16407.432938
16125.902626
16312.340545
16552.843868
16700.620918
16745.683435
16756.502395
16905.306287
16977.035785
16732.248898
16814.100083
17139.222494
16875.611482
16643.905280
16804.310408
17061.635756
17525.388392
17591.113972
18074.659245
18845.182961
18987.851106
18972.612566
19587.224526
19935.211162
19976.493709
20171.370462
19959.237281
20232.858643
20440.683679
20371.078968
20209.450888
20540.278445
20676.464013
20850.117006
20767.420380
21126.776871
21129.107391
20644.828298
20358.833152
20315.416059
20006.257028
19692.221436
19730.509641
19813.873200
20591.826060
20871.784570
21686.285119
22126.230196
22173.066608
21606.112420
22010.034244
22198.809871
22237.017684
22200.106452
22709.884040
22607.970130
22497.864264
22316.741527
22498.566111
22262.632973
21900.202717
22127.861032
22251.702487
22288.481747
21764.150551
21822.191193
21742.502059
22237.045484
22202.780923
22468.925391
23029.834713
23391.948723
23247.017177
22907.302434
22850.664689
22599.895102
21978.243818
21547.641667
22025.540753
22492.715382
22677.374978
22710.105609
22567.279588
22171.437096
21980.865169
22015.084673
22294.762047
22532.701359
23043.770778
23085.534235
23256.587877
23576.454104
24101.368610
24287.446406
24486.547310
23831.955775
22996.476025
22611.809150
22280.863147
22228.759918
22521.079709
22337.168457
22071.998856
22136.979796
22462.590373
22163.690923
22395.671207
22720.377958
22542.816729
21620.580900
22120.909372
22571.205054
22492.120813
22906.709580
23651.253964
23542.482207
23553.540730
23933.963051
24005.688014
24392.670806
24446.917899
24427.498986
24417.002115
24087.694596
23589.768857
23427.246566
23286.241236
23361.053571
23689.715523
24005.958432
23926.199089
23720.108328
22891.819426
22395.984077
21926.211444
21781.292494
21606.025426
21790.127417
21626.522521
21216.307787
21175.656666
21034.476225
20934.475903
21045.609861
21252.658772
21032.116491
21192.843643
21221.847555
21083.782376
21083.782376
20856.390036
20830.053308
20770.439676
21045.713527
21476.461745
22160.612676
22399.020588
22554.127431
22359.508089
21629.732372
21296.203043
20222.149018
19714.105122
19694.866117
19853.057716
19324.871022
19716.918328
19472.846383
19300.994676
19125.656841
19719.057545
20199.803000
20850.111976
20919.072982
21118.788654
20873.506847
20347.760853
20447.046089
20756.578160
20832.867660
21011.686321
21379.900805
21507.840113
21627.277179
21817.975510
22151.009565
22467.909923
22781.203429
22710.256525
22727.652289
22634.783268
23219.524892
22686.443017
22437.389881
22623.337975
22922.535669
22461.148462
22709.850492
22830.892954
22356.611340
21474.823137
20812.189696
20226.091190
20312.976060
20509.757420
20787.137649
21369.896724
21894.397321
21688.433208
21218.503467
21441.065594
20843.740601
19958.256159
19630.759781
20068.149677
19921.450561
20042.650910
20701.582631
21008.889569
21350.496389
21703.499752
22374.977889
22874.371363
23190.603966
22874.372269
22648.590111
22477.642007
21912.357961
21707.481451
21696.737334
21958.595419
22028.161098
21911.074442
21776.941486
21787.778397
21486.270502
21421.564894
21852.652655
22359.434856
22083.921207
21645.110971
21577.508440
21751.565877
21119.171420
21836.349873
22464.084293
22598.519423
22186.308054
22413.776586
21819.961655
21787.968913
21201.177849
20897.387144
20197.668977
19989.951950
19812.291799
19952.877836
20192.529550
20812.242528
21061.742422
20728.160106
20779.869775
20888.319193
20754.093727
20600.353966
20143.086104
19789.992694
19237.904130
18954.432104
18479.737058
18477.713022
18330.569738
18595.701867
18650.418667
18961.448022
19325.482530
19589.817643
19475.168936
19732.908370
20036.525232
20133.840186
19951.830896
19911.417339
19514.836205
19194.193835
19957.108919
20450.230617
21162.221693
21597.523665
21816.403314
21317.926949
21287.769826
21536.006471
22311.297824
22900.522546
23227.452400
23158.360481
23039.610493
22601.726463
22186.195334
22086.172981
22688.647447
22982.093193
22646.471233
22403.746653
22041.397456
21606.429039
21347.646222
22079.527394
22553.718932
23096.584607
23614.524304
23577.935437
23043.752637
23503.249054
24052.896268
24576.542168
25110.458139
26097.807966
26667.396223
26721.551080
26346.532567
25709.304555
24938.809528
24307.797781
24407.913169
24609.331256
25279.883191
25946.016836
25897.447870
25325.471192
25102.864321
25060.669123
25592.843081
26232.241289
26924.768322
27514.028754
28013.332427
27435.236358
26632.147390
25696.275449
25208.403214
24407.942472
24323.148201
25038.339161
25663.457492
25616.595912
25877.891239
26029.537756
25656.760088
25375.311291
25550.828560
25669.851150
25897.156336
26211.386274
26752.449651
26899.309492
26468.449747
26301.572640
26470.997190
26827.887588
27237.043304
28057.115777
28225.839311
28276.025168
28277.984085
28494.386488
29051.844468
29912.553561
30586.898907
31004.676240
31068.023635
31230.713277
31098.452089
31070.318753
30849.475608
30847.643441
30473.630140
30200.695742
29939.084178
30029.330355
29905.944466
29601.036122
29767.299579
30269.435673
30664.337966
31441.320438
32283.983268
32637.182634
32972.854919
33428.031291
34032.441811
34409.859493
34624.904181
34505.673846
34313.238476
33652.642872
33560.560626
34032.805789
34442.187882
34323.442845
34583.727295
35222.812121
35285.418131
35441.536677
35943.235639
36032.826521
35410.440351
35149.967643
34907.487308
34838.317235
34731.831092
35021.431880
35471.497264
35701.254428
36119.020929
36500.169180
36712.568039
36612.947197
37124.221791
37150.173248
37632.598090
38361.804271
38944.478310
38738.328028
38803.552503
38907.662810
38548.426557
38572.472800
38767.244544
38859.127953
38423.103826
38400.034058
38491.185078
38280.858544
38215.945082
38371.702054
38295.231981
37576.386409
37353.348905
37448.610712
37503.053878
37466.279777
37962.607127
38476.171852
38880.802679
39420.033366
39925.569429
39704.773742
39208.481660
38379.395790
37333.270388
36178.344278
35638.892571
35407.030497
34842.023502
34540.503343
34843.970637
35088.865148
34803.600389
35067.894903
35407.114178
35785.865835
35846.529481
36222.950184
36515.159329
36794.322898
36406.304985
36388.646376
36774.045161
37193.727144
37371.457821
37522.678532
37713.256011
37496.569609
36924.946375
36847.019445
37220.952447
37131.656737
36956.594452
37023.127835
36538.115111
35716.517993
35359.332830
34907.117117
34694.100203
34298.549880
34147.324401
33943.559716
33800.692806
33898.698572
34431.552788
35104.375247
35594.050924
36371.176132
36834.281322
36770.110591
36476.617152
35852.606637
35129.515462
34235.594262
34039.735239
33521.459084
33341.936944
33216.921131
33370.444597
33071.322766
33226.799096
33341.597069
33800.685681
34134.067312
34859.147857
35560.597039
36078.322276
36266.631201
36294.442357
35915.198693
35501.721450
35888.822692
35783.103566
35576.950286
36179.608897
36527.434292
36150.565085
36259.057477
36289.774177
35656.973614
35875.862251
36254.770009
36477.176766
37001.910581
37707.957977
37727.283489
37361.030271
37814.138533
37995.221872
38151.300960
38009.375766
38944.502276
39074.896643
39380.085129
39304.334464
39425.870179
38832.208795
38245.599219
37824.872198
37945.910195
38245.829313
38119.860314
38059.089032
37875.749061
37405.100453
37124.824704
37192.623335
37356.722519
37852.886066
38157.923992
38315.172558
38557.723916
38306.536550
37974.907306
37702.266560
37283.893315
36441.012696
36608.421024
36474.028365
36450.118852
36352.258640
37047.597279
37307.471701
37075.919949
37461.166255
38066.741503
38685.935188
39272.823068
39309.419647
38762.018615
38368.957018
37021.964848
35646.452415
35263.120149
34633.089609
34218.997985
34286.534175
34353.656835
34484.158809
34803.619433
34877.538682
35429.868209
35542.514564
35763.615596
36519.485100
36918.466835
36937.779472
37271.550099
37503.441157
37111.896620
36878.245194
36462.356891
36024.416505
35464.088220
35047.908939
34614.368960
34352.740390
34200.587127
33720.125697
33988.853357
34838.317400
35096.016773
35459.830730
36544.403045
36748.402498
35822.776798
35926.697326
35871.967142
35683.358432
35947.660837
36440.704967
36369.572107
35852.083331
34292.179711
31905.938317
30235.962957
28926.373489
28153.426525
28817.999082
30438.474211
31591.537293
32452.488558
33598.429459
34140.325681
34330.605818
34929.513187
35464.333222
35648.765993
36436.674389
37249.123598
37688.414506
37814.248121
37965.864405
36894.192581
36129.502194
35574.942136
35505.619477
35364.725720
36010.041450
36283.652578
36142.952683
36586.708980
36942.205693
36896.401185
36651.449025
35874.916836
34863.496027
34378.731049
34306.271335
34019.135717
34332.857025
34813.964342
34798.621670
34726.728127
34545.163845
34711.083269
34533.450954
34286.518196
34169.513271
34709.061516
34921.145880
34657.040116
34076.533225
33080.385144
31809.556327
30943.430951
30602.491772
30147.186163
30402.964968
30831.853320
30576.646291
29881.884610
29594.139687
28430.454195
27192.873257
26340.493330
25450.471645
24948.268931
25354.807546
25929.082984
26619.297789
27180.219955
27472.703960
27537.505647
27288.615367
27246.372120
27362.867658
27900.447816
28060.541330
28545.942936
28173.702256
28464.537958
28210.308246
28511.778995
28472.680733
28849.079819
28569.825490
28370.084683
27392.871042
26923.580624
26878.833400
26343.842045
25811.177931
26231.873548
26380.111892
26284.561981
26993.529899
27521.349862
27346.197045
27095.141625
26536.103545
26352.377799
26067.141214
26017.338327
25827.794198
25985.837076
25643.280665
25662.851242
25611.195443
25353.357755
25314.390827
24925.315022
24580.589754
24266.320886
24612.834991
24660.177401
24997.525644
25589.059835
26011.305278
26069.675696
26322.271030
26337.792210
26373.962111
26389.615203
26448.468363
25936.175671
25542.048693
25213.361456
25419.084109
25051.189370
24949.326666
24817.344724
24481.366037
23737.021958
23682.869798
23767.961366
24183.648562
24824.211569
25419.434756
25566.582322
25605.521974
25538.174394
25272.132593
25066.053005
25434.765692
25510.439805
25844.367036
26197.035461
26912.436487
26941.808401
27358.548027
27662.157432
27975.975758
27733.131869
27358.548955
27120.219889
27103.373977
26421.035625
25840.938405
26481.729369
27056.617579
26743.006909
26921.239590
27042.135457
26662.919884
26170.170873
26142.312747
26649.117614
27372.064491
27878.638240
28226.808210
28483.018030
28526.837015
28626.018871
28942.558543
29522.138986
29891.684625
29870.428340
29844.902144
29641.126444
29033.531349
28542.063438
28386.399224
28372.815691
28860.232514
29406.760125
30112.551646
30365.675150
30824.497127
30997.892145
31272.163319
31817.460194
32346.263153
32352.813069
31965.004216
31763.276835
31529.047201
31007.342277
30788.687421
30812.974918
30967.623841
31065.390176
31192.709246
31311.933147
31256.017905
30987.687923
30847.552001
31321.983896
31693.867186
31940.694862
32739.145323
33560.379443
33690.506574
33598.706193
33471.082930
32507.489455
31495.958726
30804.597403
30397.459591
29693.858266
28876.626653
27715.097878
27358.384890
25853.688404
24246.313748
23192.563012
22846.417794
21247.948884
20343.067360
20056.638817
20245.877739
20066.144913
20241.456692
20964.758492
21841.811435
21680.740222
21427.258684
21535.513574
21180.753772
20702.055175
21160.553862
20779.736881
20496.138201
20734.080859
20745.347502
20154.426879
20600.456970
19824.811788
19234.229763
18326.375957
17999.597204
17188.990544
17490.740594
17514.236624
18383.129649
18984.087048
19934.508789
21549.507524
21630.152170
21474.553437
20784.354186
19309.051669
17890.643012
17567.877055
17578.992358
17739.873590
18736.552222
19329.418102
20016.170082
19800.078751
19819.021628
19844.464414
19552.341233
18790.113333
18348.361961
17549.683834
16542.655741
16020.919103
16308.594666
16934.656205
18542.162397
19006.261041
18238.899383
17613.719616
18161.247920
17966.218577
19165.686552
20787.334848
22491.673196
21934.376363
21206.622017
20447.923401
20123.465315
19458.343118
19793.755763
20013.454489
19692.431853
18975.532073
17879.208798
16647.408197
16042.046753
15578.707110
15258.091075
15163.274156
14950.515280
14967.779641
14526.188684
14724.924038
14307.156773
13763.762276
12848.718308
12575.832391
11536.346176
11507.712810
11659.256638
11553.411960
11514.229988
11828.659917
11604.669055
11523.600498
11762.923882
11882.181445
11948.713862
11960.024508
11935.518661
11668.598979
11486.737741
11170.692201
11148.257664
11220.465973
11139.645016
11028.675261
10903.488110
10530.943735
10353.326621
10355.213441
10105.719345
10273.196037
10327.244626
10524.063974
10494.705221
10722.052100
10877.875743
11170.678594
11185.308958
11113.328137
11556.850498
11700.148096
11524.741818
11134.657488
11305.006963
11218.515935
11213.408406
11703.295875
12426.064262
12953.278895
13273.767422
13912.662977
14072.991617
13995.520920
13957.017740
14073.716005
13902.789770
14164.478860
15041.671621
16042.010112
16746.002177
17239.428128
17843.955939
18051.418778
19336.683061
19971.462032
21260.025996
22269.094203
23328.649373
23073.615512
23350.446767
23034.123661
22566.809386
21992.428438
22009.352245
22251.843239
22884.556400
23700.967537
24691.082297
25253.375593
25940.230879
26379.717644
27150.951947
27878.432413
28447.505144
28657.208755
28659.676895
28447.505801
28045.067250
27817.497784
27802.062360
28090.279481
28417.436383
28153.419308
27840.916039
27890.379719
27650.633876
27178.263332
27273.476035
26529.818252
25449.485191
24057.196819
22545.699320
21126.620908
20402.406382
19419.336284
19178.532334
18236.965509
17832.117964
16804.174154
16613.812640
15811.892141
16206.001187
16225.715345
16642.063996
16741.442419
16635.475305
15979.135098
15474.865306
15327.809399
15401.742083
15484.596830
16079.572628
16631.804708
16285.830030
15508.361864
15167.842204
14769.309759
14027.016375
14313.422513
14774.508719
15327.087778
15232.294274
15273.337176
15440.748431
14936.158783
14624.655295
14388.735706
14353.870300
14158.255015
14204.184067
14215.262307
14620.612442
14700.845060
14458.774881
14385.054854
14404.643623
14389.620769
14372.477779
14578.491393
14814.115211
14571.088102
14593.430332
14502.255065
14419.304229
14177.281610
14166.031359
14190.252581
13953.760766
13709.350411
13382.652377
13343.983922
13099.334791
13504.447036
13730.747686
14069.028535
14044.644006
13935.378265
13757.806678
13672.295192
13606.833626
13754.423361
13800.347011
13654.886275
13852.454352
14062.691964
13705.655426
13668.082774
14132.231204
13919.509090
13750.559894
13890.958274
13925.461588
13367.133358
13095.416937
12956.157015
12889.684116
12954.327677
12971.523269
12867.808460
12833.366704
12952.392875
12610.142726
12480.066802
12692.872795
12554.134397
12567.068635
12521.803070
12408.749522
12230.801245
12111.288293
12082.995750
12583.390343
12999.262324
13156.436814
13585.364738
13738.819117
13800.102465
13831.778486
13619.614570
13376.892616
13119.334581
12857.733733
12521.850189
12670.630318
12938.718219
13095.202711
12823.750018
12917.122641
13569.449584
13628.523978
13500.146030
13905.666982
14099.863568
13858.091608
13805.898626
13853.270033
14136.991752
14108.925037
13962.173978
13975.599175
14373.544802
14278.481948
14211.688414
13875.796142
13527.098737
13250.053253
12879.545160
12739.173463
12898.222546
13195.205008
13242.505554
13326.958875
13615.083307
14008.009589
13960.623373
13817.405484
13798.462918
13670.656982
13655.084371
13765.683234
14112.043321
14142.088219
14363.193082
14248.632761
14221.011359
13939.266064
13729.449740
13182.923176
13263.862125
13371.880470
13426.942203
13614.770067
13924.435211
13869.136388
14023.017523
14228.676063
14108.069327
13953.644555
13953.644555
13823.751015
13511.849710
13748.109856
14126.769186
13897.675792
13743.478286
13737.654606
13633.392458
13616.033917
13764.762254
13840.617160
13983.496742
14059.197581
13845.128660
13585.832385
13631.065224
13596.512320
13858.606301
14027.268833
14261.311756
14053.135749
14055.607057
13570.207708
13364.974002
13462.260733
13648.327635
13417.242336
13470.823410
13447.035311
13440.793009
13027.671441
13114.175246
13137.761335
12851.670261
12510.347877
12541.979754
12693.682339
12936.311474
13376.023115
13339.489978
13660.694764
13835.740460
13827.366938
13731.257036
13801.642685
13706.844885
13563.609470
13672.113328
13758.739521
13690.177262
13792.646826
13629.801130
13511.318494
13478.673945
13702.985668
13736.909396
13835.656675
13800.968975
13758.166504
13658.089944
13599.102993
13695.089698
13701.439544
13721.219090
13952.425314
13737.976371
13352.112239
12936.447915
12871.162785
12805.481490
12727.968191
12937.720425
13308.319512
13582.799062
13534.263226
13729.539194
13525.462185
13261.267237
13177.384313
13325.449602
13524.749418
13641.729252
13923.798543
13598.658683
13505.077034
13465.536107
13695.506993
13754.171157
13775.511806
13546.235917
13431.191394
13187.393907
13146.113057
13557.327393
13746.789398
13791.881918
14075.173821
14244.129918
14207.782085
14090.798129
14099.236700
13941.194247
13501.490134
13570.734117
14025.479064
14062.560525
14454.624398
14883.120972
14597.177251
14276.775932
14397.759491
14228.701668
14222.177208
14397.759491
14325.454195
14016.118193
14032.982631
13729.900053
13643.330431
13511.699235
13273.461592
12909.469106
12727.966718
12656.523116
12951.942162
13072.899958
13198.354844
13323.914128
13081.237936
12773.512143
12756.307186
12742.921064
12849.269727
13108.679854
13332.137614
13572.569849
13629.167226
14007.902261
14228.657373
14311.608434
14012.689840
13965.052189
13848.059310
14008.240454
14123.210142
14843.509242
15112.822826
15273.331942
15281.558149
15079.876528
14766.067259
14594.392109
14252.957846
13914.461113
14059.169360
13976.882365
14360.568568
14593.920564
14704.478029
14695.664872
14782.585255
14468.794407
14384.501996
14551.648041
14376.767764
14500.073754
14749.189357
14693.568426
14714.248137
14850.447591
14742.765847
14634.563009
15216.891392
15086.930344
15296.908410
15647.731500
15515.771388
15055.680492
15147.502964
15062.590544
14362.795814
14161.754367
13793.374452
13475.268940
13308.997410
13679.855709
13773.130450
13952.895084
14140.916276
14228.493962
14392.717303
14782.617555
14980.113324
15474.204236
15942.870489
15947.433639
16047.222119
16194.344273
15631.143032
15488.918903
15402.173363
14925.967296
14475.486974
14566.614731
14129.319333
13849.911101
13479.192952
13440.585272
13444.674734
13389.280566
13357.121136
13647.310523
13320.334213
12503.808196
12231.684943
12292.539979
12259.996037
12580.923000
13403.035780
13738.857650
13420.428098
13511.669422
14167.853936
14278.237641
14386.133293
15096.834356
15375.959351
14850.251596
14924.323993
14760.353617
14660.467595
14770.259458
15201.919307
15292.680206
15872.608050
16061.312709
16191.094404
16132.057109
15829.278596
15394.141786
15233.992508
14928.055611
14785.310896
15192.876079
15349.592953
15947.409416
15971.359560
16220.383142
16781.355769
17505.518899
17061.445624
17310.335018
17076.245786
16039.454753
15244.885484
15803.888290
15829.470710
16300.194030
17046.527083
16902.137820
16235.727911
15964.772483
15326.021421
14702.396390
14880.615281
14535.946244
14535.946244
14445.435521
14404.382882
14302.305554
14334.348028
14585.445541
14962.984676
14951.521990
14962.866668
15239.497951
15255.108417
15614.569873
16530.168571
17046.370299
17806.266231
17659.737187
17191.881155
16461.675310
16711.955630
16604.772481
16718.908948
16888.300923
16803.888878
16142.111960
16205.556884
16183.914279
16300.878929
16472.360870
16962.917864
16990.711537
17979.084599
17907.137226
18314.125866
18205.593395
18082.614981
17133.296511
16873.771084
16739.393302
16807.134914
16326.775052
17072.310759
17600.234528
18247.484326
18619.324635
19073.784310
18796.420983
18786.416785
18361.542269
18004.972830
18305.688110
18282.104058
17842.190084
16934.826150
16072.982176
15582.649236
15021.940021
14730.020635
14870.760085
15008.654441
14647.234648
14731.710672
14763.777659
14614.568995
14627.031399
14584.402920
14237.931537
14265.678821
14368.101885
14380.373048
13873.544924
13923.738676
13592.073095
13104.396639
12747.991601
12624.281854
12219.618975
12159.480085
11894.820890
11603.915649
11668.648581
11495.644461
11276.360711
11456.381431
11568.672704
11424.636073
11255.449753
11189.344597
11066.143952
11043.213080
10913.620743
10848.799680
11062.201429
11170.919453
11124.048730
11061.592280
11033.427876
10788.305488
10731.935824
10664.553480
10660.354007
10547.066539
10380.706514
10289.288947
10227.929000
10223.999213
10303.769255
10405.476188
10312.387057
10231.746788
10028.180036
9924.478154
9775.184068
9667.086916
9528.451751
9532.246597
9357.407279
9149.137540
9112.896014
9183.607163
9200.608452
9227.946827
9395.077934
9282.239647
9231.356961
9138.601858
9205.291518
9348.260684
9474.185776
9393.677362
9548.970322
9445.519386
9166.076432
9185.238897
9314.844957
9196.371537
9373.019112
9542.735684
9434.064406
9463.966142
9558.656942
9580.916145
9875.518721
10184.814413
10294.895566
10518.364436
10607.533156
10570.417796
10496.615424
10774.718480
10501.650595
10390.081289
10324.560016
10439.098778
9966.029276
9990.069677
10085.227118
10061.137288
10137.642756
10438.423240
10953.736226
11224.230231
11066.162439
11274.216362
11640.082123
11429.295827
11408.149703
11782.832683
11568.281041
11221.944911
11470.957457
11934.586847
11895.392111
11973.588076
12070.799404
11869.312399
11529.364364
11882.473411
12241.872360
12800.519134
13611.420438
13695.331623
13695.331623
13755.830637
13873.111506
13695.280092
14206.229541
14320.870621
14277.793675
14036.098717
14542.021349
14680.660844
15252.334586
15748.436622
16041.784169
15792.644350
16236.500312
16197.996710
16184.557273
16069.913477
16242.819028
15790.517594
15662.427428
15792.714776
15985.678002
15532.925493
15344.738531
15039.881388
14469.876451
14414.596264
14865.541757
15245.840977
15373.724607
15976.062333
16241.981367
16310.848472
16066.259623
16211.604159
16449.992379
16456.032182
16507.904432
16492.848984
16663.781422
16209.091202
16192.191218
15781.450629
15819.334032
15850.344966
16097.020866
16192.462653
16257.558113
16512.107764
16439.211862
16452.361232
16358.806412
16419.066678
16161.949064
16022.798268
16231.531439
16577.646025
17075.069577
17309.399781
17309.399781
16977.929437
16882.287438
16701.785010
16409.458108
16810.374878
17052.848746
17034.224759
17176.376299
17432.549145
17224.575785
17040.643746
16872.631864
16649.587360
17121.753354
17433.728490
17583.102919
17646.923661
17423.546353
16931.930169
16403.285999
16167.497301
16116.937605
16300.763186
16428.737304
16733.233849
16833.436940
16516.780471
16438.994044
16376.163544
15999.217653
15787.638357
16141.545019
16094.010514
15747.959101
16241.839299
16396.926735
16376.137318
16236.954936
16776.545186
16855.191188
17086.541714
17192.396213
17956.733261
18292.724792
18422.132785
18622.273024
18447.853704
17785.513072
17092.129079
16804.246863
16732.552595
17093.372469
17356.010041
17413.816583
17429.501868
17786.715326
17735.795639
17737.650980
17878.468700
18517.775199
18500.439705
18560.239793
18802.035333
18992.701881
18635.393859
18351.799146
18457.901177
18745.496722
18706.839915
18735.705612
18853.887439
18582.552086
18318.163581
18763.856721
18577.897543
18084.403047
17833.910761
17459.400174
17118.946777
17091.362112
17378.770300
17357.169303
17221.464334
17045.936840
17308.201487
17187.153718
17273.506154
17757.115386
17973.368444
17942.311106
18399.996343
18769.474172
18682.586171
18860.357499
18674.552636
18264.609372
18330.638390
18068.811724
17401.703302
17172.197992
17386.828077
17452.148860
17946.894667
18779.706435
19299.597705
19550.427050
19414.828297
18938.705783
18656.367793
18767.839685
18760.317345
19062.541160
19487.029403
19161.950434
19151.479546
19023.113516
18710.434992
18510.401221
18609.396122
17896.811380
17832.088734
17596.017708
17455.330209
17892.751699
18442.955394
18525.383881
18987.939934
19063.884853
18518.278858
18065.887794
17537.475147
17430.988902
17412.094895
17394.347740
17764.155553
18055.157178
17955.451297
18461.082495
18921.237383
19124.942480
19865.049618
20056.281783
19757.474176
19493.559672
19068.726338
18170.137627
18065.984120
18200.239925
18370.845592
18492.362303
18889.128353
18962.410135
19073.431602
19262.238960
18999.906136
18675.059603
18447.883881
18040.610702
17709.518449
17980.381571
17921.358781
17817.212385
17702.379563
17695.940942
17973.420762
18200.265276
18277.312285
18069.072372
18014.766558
17310.654537
17118.411610
16674.793378
17206.546423
17916.019539
18816.441324
19262.542685
19625.884494
19293.961300
18731.652946
18338.671478
18328.302282
18307.068702
18324.786716
18312.117734
18441.839740
18638.594718
19177.813822
19661.423547
19758.628563
19812.368042
19925.352760
20252.387715
20684.899841
21181.241801
21937.017735
22448.154460
22186.474564
21961.614069
21918.986168
21560.975685
21286.278637
21905.851788
22590.776897
22800.448655
22655.012248
22629.821464
22421.100124
22477.583470
22263.148469
22607.938142
23056.217225
23475.883429
23049.333693
23281.457748
23435.541180
22884.943017
22281.706423
22353.642154
22475.094045
22165.196448
22412.547391
22699.206189
23355.439749
23776.839805
24368.288445
24256.051164
24199.265174
23158.562457
22665.547456
22977.022560
23891.021482
24508.857222
25035.214281
24735.880759
24097.413690
23040.173366
22259.366246
22718.378694
23599.194720
23872.587858
24045.678002
24120.548515
23259.929313
22944.585464
22948.442067
23075.842117
23190.876462
23487.835131
23314.120551
22873.301801
22996.276165
23346.334836
23686.803785
24085.203321
24392.440398
24264.918628
24303.188170
24264.391570
24079.984009
24275.485846
24454.773287
24734.643916
24502.898360
24767.316060
24888.876526
24834.975376
24830.487623
25735.603274
26689.826607
26781.792611
27128.336845
27149.973481
26390.843408
25410.852951
25278.568117
24715.470362
24111.921131
23860.615490
23332.355092
22608.685254
22509.738681
22778.880632
23337.805074
23922.376440
24905.464609
25747.422548
25673.806811
25523.774708
25128.033180
24643.131655
23752.468335
23542.346022
23120.061312
22778.323880
22061.341351
22022.130228
21962.335376
22361.371499
22850.521246
23719.250739
24072.147450
24265.443863
24521.045259
24394.892329
24263.886547
24079.545242
23482.532715
22936.866850
23180.972389
23025.947184
23564.472065
24537.615532
24684.462915
24179.780527
24199.671895
24186.528456
23736.893980
23793.352152
24112.993995
24375.084578
24229.888080
24567.718331
24528.552905
24668.999567
24698.041061
24875.585599
25323.413798
25955.574801
26798.270281
27543.135159
28047.384629
27792.542322
27559.106610
27400.917909
27103.622922
26883.453975
26755.828327
26036.883379
25068.882682
24804.268024
25088.384880
25553.710688
26454.433562
26699.057154
26408.372188
25824.356252
25375.523701
25035.461601
24849.571137
24596.309962
24650.623787
24554.883644
24459.566148
25020.370625
25796.103867
25880.463130
25827.137392
25518.054513
25305.680843
25069.081820
24902.628955
25412.442869
26232.869523
27181.247784
28180.474611
29204.615573
29994.389485
30700.891929
30624.360544
30228.135377
30107.544805
29510.683301
29286.651542
29271.729709
29117.659184
29139.440815
29515.609072
29496.321457
29624.116132
29959.172159
29909.834269
30058.723087
30097.259988
30361.459071
30729.578710
30688.555671
30665.427081
30901.408505
31251.830778
31375.817125
31860.698044
31967.101648
32373.935938
32991.386113
33391.905572
33341.910145
32824.352231
31998.553350
30779.912426
30422.045092
30838.025605
31921.261129
33431.508213
34123.205616
33972.581424
34065.533945
34077.315117
33502.011045
33096.929242
33408.594759
33463.347032
33376.033082
33720.131796
34612.573184
35279.210059
35612.646630
35789.019690
35847.347212
35698.415519
35282.640701
34537.340072
34176.408790
33520.792446
33097.419653
32604.576342
32456.641181
31952.977889
31518.491383
31384.229846
31434.079164
31348.944953
31198.678462
31399.954060
30930.014022
30692.003719
30650.651026
30695.336372
30495.898033
30415.714435
30405.015322
30561.114386
30677.513561
30963.592409
31489.739885
31502.737158
31504.915486
32023.098929
32396.317768
32852.985535
33383.347601
33026.608131
32346.264027
31183.666790
29641.225794
28439.344485
28443.654238
28679.144956
29110.662544
29413.872981
29413.872981
29197.668240
28958.570424
28788.653360
28935.294966
29110.797693
29074.223650
28853.286395
28192.495777
27601.938651
27265.588807
26481.738145
25533.100926
25621.382193
25769.040274
25811.481808
26327.141989
26841.523446
27070.532001
27079.486386
27196.233067
26940.814626
26803.135553
26402.284600
26046.549758
25752.658123
25858.556157
26316.863807
26402.026771
26583.398258
26884.217358
27211.204537
27547.287343
28327.168158
28833.112849
29453.091846
29272.288650
28465.867013
27699.166543
27575.522462
26800.796434
26811.011235
27520.659048
27912.695413
27965.038493
28051.567299
27817.575658
27145.889636
27083.788791
27172.111930
27155.224625
26834.744028
26930.188078
27103.349092
26993.355124
27101.317117
27804.840620
28191.865027
28096.326792
27799.676359
27719.161299
27749.784231
27420.430371
27258.429863
27542.618625
27623.941128
27515.446756
27601.595108
27722.286557
27525.476877
27977.155674
28393.355116
28829.098513
28980.652198
29353.118574
28802.773394
28501.702195
28253.689532
27966.902968
27529.903407
27233.378501
26639.764183
25968.633084
25708.959493
25626.421677
26157.396535
26152.954083
26384.153324
26745.876381
26741.760034
26360.420059
26516.686014
26301.643679
25801.730193
25520.382788
25219.073336
25259.522741
25464.211200
25756.758581
26271.352809
26834.862099
26884.457718
26878.775521
27218.850177
27203.112932
27246.528142
27746.869307
28299.628025
28123.211344
27970.499954
27709.893609
27151.248410
26261.237091
25683.139030
25267.131940
25301.768983
25241.729536
25762.225011
26270.478775
26667.356809
26617.480032
26857.502236
27027.622577
27185.158231
27611.658214
28315.679926
29054.127170
30018.417749
31127.478533
31916.045332
32364.182455
32292.422855
32037.814403
31680.646615
31115.082250
30634.471182
30361.414257
29821.451382
29077.078872
29330.813852
29640.827855
30253.673449
30831.163386
31592.972110
31666.013313
31640.682001
31685.769601
31797.152340
31774.980703
31733.732392
31933.261455
31500.310199
31140.976933
30995.991645
31259.528103
30926.805820
30943.934600
31173.634669
31387.617331
31238.521968
31114.840409
30434.255370
30146.121177
29353.139246
28655.900472
28207.723973
28878.660129
28963.821508
29380.008417
29408.081901
29384.163718
29271.572836
29089.084984
29158.592929
29338.159851
29862.029144
30332.460059
30620.372633
30564.382674
30564.382674
30131.346958
29005.479557
28594.899976
28669.360935
28611.595201
28709.164807
29453.722798
30002.242533
29965.647434
30011.350295
29915.470788
29458.611399
28859.754444
28974.685373
28881.660252
29100.420340
29771.042587
30614.342986
31014.800218
31665.327646
32121.974170
32206.090569
32146.893779
32136.751511
32067.044868
31786.877254
31334.995640
30695.458982
30519.891206
30433.654361
30890.427736
31785.290316
32417.487586
32300.613582
31952.229544
31112.046210
29992.513247
28955.749782
28377.802238
28277.848977
28253.873869
28488.448606
29033.578629
29029.698161
29104.967142
29515.939625
29627.147171
29482.660433
29497.849325
29257.232762
29175.182979
29004.752577
29076.539214
28773.394935
28807.763890
28235.921140
27774.829970
27653.965412
28327.219990
28576.363751
29063.863262
29570.180326
29871.365518
29787.607068
29770.467633
29910.860097
29958.348929
29911.685709
30115.516312
30650.554900
31276.288099
31731.463869
32119.595783
31957.098761
31589.450696
31528.702704
31623.439008
31893.279843
32519.646268
32484.308457
32038.364906
31422.977018
30703.437895
30320.137167
30629.694782
30534.751725
30313.867473
29960.569780
29543.171145
29629.679338
29794.505253
30169.383564
30411.112190
31075.880902
31125.914829
31463.413974
32015.768588
33071.313412
33541.352412
34115.585853
34513.624933
34754.257935
34461.046017
34205.928346
33811.818206
33386.943756
33219.961212
33317.584322
33031.642400
32507.578019
32282.701965
31544.294219
30832.052066
30460.325453
30658.930588
30564.299289
30758.359748
31033.228952
31661.119918
31959.869038
32451.608887
32718.214776
32737.059083
31732.142751
30995.980733
30619.706554
30768.163483
30993.677181
31797.302478
31701.714875
30980.269345
30112.526947
29515.498478
29175.230075
29610.871730
29905.275024
30206.002568
30166.059478
29793.839154
29116.178794
28379.210463
27472.180255
26815.335288
25810.926471
25258.448526
25139.034297
25102.622079
24788.052554
24754.044572
24481.176975
24768.207774
25438.014513
25798.687622
26370.627989
26439.923704
25764.257855
25019.311227
24575.668276
24020.753535
24221.027909
24725.016635
24811.761605
24714.151010
24811.787942
24582.032966
24257.312007
24327.154747
24338.169882
24192.689507
23618.972698
23064.271088
22265.562590
22188.607113
22013.867574
22177.997346
22567.309474
22677.680040
22156.123220
22172.980233
22036.499268
21943.277854
21852.628757
21687.004656
21366.153889
21212.888241
20812.124069
20148.934169
20106.661443
19487.330448
19461.510238
19665.005625
20475.116927
21084.384757
21931.627165
22108.687078
22141.318611
21608.067222
21287.905200
21138.890484
21066.551871
20635.767194
20891.451046
20526.001096
20368.112930
20450.190904
20944.273361
20805.813985
21389.849897
21861.544878
22337.597355
22197.984856
22294.783551
22137.808683
21644.759175
21143.739674
21308.859346
21722.262490
21646.877354
21888.689193
22072.141129
22135.399795
21889.947662
21794.813246
21417.908428
21318.031413
20934.558344
20633.821797
20635.725107
20839.397875
20270.074194
20306.893337
20770.282574
21022.744657
21340.849268
22192.257148
22344.319168
22378.532417
22484.490282
22313.967284
22333.383396
22265.903376
22344.351348
22074.143774
21899.059098
21585.151014
21131.860996
20506.796811
20315.160436
20509.927563
20220.382181
20753.419362
21081.952976
20931.412720
20835.619791
21288.236195
21465.959851
21431.745215
21501.515278
20862.497372
20232.314931
19935.400948
20016.052657
19686.519586
19942.436913
19541.552508
19095.072648
18554.041270
19048.931058
19280.606007
19921.564421
20293.834418
20303.292314
19965.018550
19859.064942
19872.377100
19696.028794
19956.800471
20104.901431
20202.168865
20181.050497
19872.813169
19530.884475
19567.456277
19088.606530
18814.241912
18642.819716
18831.280948
18873.394057
19099.177029
19030.842217
19185.202965
19018.569546
18430.818759
18103.752608
17797.886122
17782.857298
17338.686813
17451.541338
17813.223655
18181.615923
18269.834911
18777.107447
18816.915802
18550.814995
18215.062364
18061.084398
17728.117449
17679.228578
17876.027548
18296.294913
18425.947933
18588.359344
18904.938839
18800.841247
18363.509855
17836.744159
17285.051654
16855.676340
16790.814649
17122.239822
17044.491096
17256.975908
17439.524410
17352.580120
17164.603459
17718.914989
17821.532834
18109.908520
17973.473258
18033.868109
18094.847342
18471.285326
18388.555786
18479.534458
18401.735489
18132.799166
17947.272456
18057.135207
18159.096202
18321.060368
18046.597090
17869.097118
17898.736965
17865.999234
17746.862583
18420.808204
18604.284168
18485.726261
18560.052125
18716.485035
18589.299089
18677.815883
18500.379074
18634.571638
18088.454410
17677.251307
17287.407303
17170.311993
17020.791837
17802.876150
18021.981182
18374.659297
18542.020534
18522.422271
17918.480544
17788.175484
17691.273468
17841.812518
17902.737039
18260.046538
18415.716004
18502.383234
17969.175822
17928.530303
17592.312742
18032.279935
18298.276754
18519.304609
18560.840465
18758.112651
18357.305864
17783.103198
17640.813937
17886.036721
17950.448229
17833.874501
18158.659455
18315.538389
18235.625375
18057.505931
18337.293332
18304.850174
18644.413188
18298.094076
18575.239538
18819.826580
19476.141624
19193.624285
19005.891285
18518.130896
17952.376076
17454.837593
17652.805662
18313.258230
18804.703625
19040.896914
19244.169889
19261.795044
19102.814950
19120.429163
19293.622759
19278.253848
19345.941988
19672.962300
19684.236614
19638.518120
19198.783866
18980.416589
18562.043319
18272.297901
18224.241699
18356.912670
18186.351258
18125.956985
18214.948117
18186.351258
18405.969335
18397.113204
18173.740129
17825.168331
17339.860427
17091.441852
17566.814358
18149.345047
18474.607412
18413.922578
18173.222224
17829.132391
17211.799490
16637.577933
16711.540001
16553.137145
16385.834030
16217.022629
16690.878503
17052.829578
17273.504247
17549.686039
17940.170816
17664.812620
17369.999832
17122.745186
16571.253305
16614.074950
16744.218276
16769.879281
16917.079494
16646.105005
16220.901105
16131.926861
15994.110272
15850.535248
16330.627537
16181.654680
15887.286360
15674.830754
15646.817358
15410.774929
15631.179245
15919.817668
16108.115098
15865.758019
15614.942219
15143.233567
14499.391926
14151.064750
14205.063630
14363.896792
14760.635976
15070.051615
15338.784264
15371.584165
15705.062112
15860.709962
15945.219221
15737.506564
15568.483625
14896.833548
14579.104690
14628.540001
14552.861602
14592.401604
14749.064575
14818.435524
15087.063425
15411.791034
15725.912354
16084.571231
15732.016094
15424.043203
15365.768896
15721.395797
16343.737362
17237.620759
17673.191074
17993.989774
17800.556894
16751.570519
16028.209548
16093.284613
16030.404245
15872.285706
16262.797409
16561.879436
16607.283027
16952.038628
17257.236651
17728.665715
18122.718299
18354.289374
18211.630409
18220.449638
18222.100736
17999.562730
17767.314563
17877.860533
18149.057952
18222.891891
18816.507378
18967.744138
19054.013943
19461.617797
19907.783067
19691.683494
19678.351072
19360.039764
19006.705265
18934.300261
19135.862028
19380.222708
19982.702239
19993.674332
19770.388152
19590.603195
19192.784803
18969.237228
18789.910433
18492.219854
18483.669859
18916.836431
19065.888552
19427.674057
19837.576646
19803.220138
19761.630556
19692.565958
19716.903005
19638.161713
19496.414476
19299.983502
19053.728346
18825.805781
18551.562852
18653.233669
18646.500881
19145.047351
19329.133122
19599.358967
19468.627656
19289.269372
19185.212605
19177.014695
19291.824893
19687.102687
20023.342348
19664.054848
19651.427974
19686.677445
19511.415787
19717.441321
20285.184478
20430.515676
19457.494738
19482.917051
18571.139307
17602.835923
16336.285030
16563.440551
15682.560059
15825.081838
15811.920453
15825.080558
15812.010769
16076.602304
16330.231905
15548.045717
15834.373138
15560.484509
15623.138362
15102.958258
15750.781326
15484.647206
15556.254307
15469.473138
15628.113750
15686.815302
16167.317068
16324.692910
16386.772357
16302.234563
16170.602549
15802.316351
15872.478899
15801.137673
15883.043015
15941.927887
16192.985724
15983.235159
15894.094570
15590.590826
15434.835078
14980.199490
14816.644600
14814.183584
15089.302778
15604.973023
16022.598088
16379.549574
16605.060507
16530.691751
16087.786031
16152.577665
15939.864214
16002.365648
15989.181624
15961.454509
15871.078670
15974.281256
15478.689319
15818.630034
15498.121437
14948.932301
14950.223711
15084.683203
14320.316601
14552.295377
14939.846897
15175.844113
15154.462329
15281.603878
15441.865294
15816.329428
15468.535218
15325.807219
15492.068582
15689.165808
15602.717843
15651.726196
15488.905332
15371.858253
15105.890213
14464.577292
13948.347359
13845.016318
13413.187050
13221.029482
13292.511485
12980.165984
13040.824430
13465.271031
13551.764497
13556.278222
14074.403296
14085.725135
14163.157656
14068.341245
13907.510438
13999.535495
14227.035090
14161.677800
14475.414055
14603.724147
14496.677347
14581.364838
14648.653101
14585.464719
14798.199221
15080.397603
14883.545774
14552.333908
14114.694186
14016.844475
14251.207575
14542.468695
14484.731457
14684.148454
14162.036338
13107.052132
12448.391920
12729.485315
13312.291650
13766.753548
14197.942197
14074.612939
13591.937473
12420.323923
12050.414642
11824.483790
12359.816135
12835.789242
12942.072615
12673.566834
13023.784247
13238.433738
13665.121198
14392.656695
14303.931287
13681.162841
13315.369665
12620.576413
11627.085652
11758.317904
11796.629124
12082.581118
12303.618966
12903.228915
13555.376396
13988.504630
14129.629735
14049.608793
14527.814076
14610.099526
14695.197943
13913.275958
13707.439922
13123.156196
12759.357718
12495.610472
12281.566502
12088.548653
11828.919603
11479.880406
11304.066685
11732.268530
11882.185831
12545.092654
13155.927493
13516.190738
13613.549451
13462.178353
12830.066226
12424.940639
12187.443393
12000.778700
11953.392823
11849.678827
11352.837991
10769.723142
10420.538140
10366.116577
10636.802870
11122.276818
11563.768809
11447.136632
11247.604878
10840.141285
10281.558164
9799.780284
9576.345315
9587.847768
9297.729086
9429.542813
9567.526741
9625.917078
9593.568527
9859.921005
9996.332390
9913.244649
10129.866830
9969.781079
9828.990551
9690.312581
9620.646664
9345.246058
9414.705412
9375.705118
9197.536496
9123.728572
9114.614627
9154.140216
9053.656436
8946.055375
8956.784263
8885.086557
8534.297258
8532.177030
8538.249130
8360.344831
8280.157739
8345.030595
8230.278622
8258.479249
8399.040890
8459.913617
8696.110919
8793.681980
8850.264773
8958.514012
8938.969229
8780.943321
8650.873557
8497.738409
8408.946995
8414.726753
8298.052103
8284.807006
8386.974293
8372.011149
8545.130241
8571.065831
8690.386559
8802.932703
8898.565718
8733.933284
8935.163242
8976.280150
8985.627652
9059.913114
9489.959636
9750.095422
10046.713304
10322.372793
10623.932395
10820.322596
11024.820128
11228.494193
11407.935039
11568.598589
11724.757119
11632.085118
11757.115033
11993.083873
11982.280456
11915.674909
12240.832129
12389.931735
12859.854294
13291.610489
13817.278726
14410.440022
14982.046983
15147.069563
15582.336421
15732.018796
15770.780768
16201.976942
16194.961923
16418.182079
16427.159059
16472.505553
16126.096336
16217.053513
16010.394449
16630.414209
17128.297151
17834.356264
18804.745433
19694.523737
20086.662862
20480.748728
20896.881555
21143.610442
21474.666722
21996.907099
22821.015736
23064.250041
23361.040927
23585.985312
23854.923742
23553.444882
23512.211559
23427.400933
23629.774609
24080.107361
24712.888860
25472.469577
26219.311759
26886.508479
27083.917982
27365.006933
27655.168849
27547.351297
27462.557127
27247.235962
27159.207467
27113.569307
26337.873661
25323.305837
24644.850925
23831.166703
22947.781982
22756.750187
22499.302776
21189.062719
19892.147238
18211.752180
17106.579413
15380.695658
14425.961692
14002.511112
13413.431902
12448.421605
12760.405945
13081.093870
12914.545616
13407.964254
14153.022801
14276.511516
14553.232692
14763.549522
14971.304112
14949.945761
14981.411543
15154.941446
15224.125895
14565.700505
14362.187442
14324.358624
14051.080598
13845.374712
13889.369467
14063.807422
14133.787722
14318.454302
14719.010942
15000.529560
14823.149303
14774.238888
14412.473534
13853.378830
13935.939824
13914.032888
13514.784074
13547.207436
13712.098366
13701.425180
13759.446854
14276.158574
14228.469012
14392.605386
14374.960351
14414.106717
14479.354569
14826.754423
14541.018006
14319.980944
13836.773404
13081.044483
12968.466853
13382.273985
13695.650082
13955.786071
14437.864763
14678.231442
14257.806030
13891.453009
14132.632976
14123.747952
13824.532546
13846.580310
14020.135140
13974.587161
13965.756883
13857.870732
13987.839809
13853.045764
13593.478423
13588.840645
13762.407820
13634.397159
13524.173092
13680.009908
13283.111847
12784.710009
12596.721458
12793.560128
12797.973455
12976.369844
13028.275398
13088.303845
13162.259247
13207.554125
13309.323233
13411.954497
13456.934771
13308.130007
13123.610646
12892.229244
12859.649151
12781.560494
12854.974711
12941.902444
13103.228567
13246.217014
13248.042463
13265.700557
13258.909636
13382.512666
13362.764972
13427.975965
13545.214923
13504.268074
13463.322698
13496.341259
13651.848440
13725.729070
13651.850003
13292.654248
13178.038287
13009.553211
12799.353019
13032.944645
13215.626258
13285.028693
13386.797140
13521.023014
13535.712278
13854.499555
14195.025821
14385.107655
14554.035985
14523.718315
14608.763257
14567.498374
14450.636121
14546.518977
14411.853301
14231.034092
13800.476868
13695.924389
13460.651851
13512.022455
13518.826128
14036.381026
13988.466887
13897.665774
14151.130133
13876.594285
13322.563301
13593.435881
13890.079899
13645.055683
14140.396757
14432.402300
14324.557124
14016.525942
14285.771868
14272.582353
14599.550110
14861.171768
14958.642582
15149.580229
15211.285533
15124.691837
14639.888075
14574.681443
14097.601613
13694.987605
13471.074704
13664.201558
13974.317164
14221.085009
14584.335469
14997.827056
15599.895686
15484.822399
15504.227355
15319.597766
15074.662544
14650.254078
14749.631812
14347.381824
14408.931458
14188.170293
14135.926765
14209.387158
14493.420539
14002.234695
13823.096429
13950.507595
13950.507595
13823.096429
14086.016416
14012.599040
13638.054499
13189.415890
13103.062628
13156.315255
14208.603404
14562.005489
15297.607373
16320.183641
17260.658786
16654.781655
16282.716097
15623.696687
14555.981436
13661.783017
13588.290248
13820.233473
13965.117474
13867.507375
13506.337533
13647.473998
13941.634811
14043.774484
14381.585594
15020.951805
15412.301550
15919.824702
16627.662428
17372.894993
17466.276047
16807.422416
16186.393697
15556.140262
15380.806593
15669.881298
16691.620567
17064.556637
17419.257112
16670.537832
16170.820825
15711.852874
15475.681547
15504.086590
16504.518884
16848.506011
17024.374554
17693.243440
17669.221597
17619.478175
18282.300377
18836.469660
19189.421279
19834.998933
20445.913643
20415.981676
21065.632510
20940.190828
20968.518490
20086.877699
19770.350851
18555.058558
17921.041808
17805.971411
17960.175661
17955.959021
17815.000094
17502.900388
16483.189798
15683.496052
14932.598728
14581.024305
14381.923641
14033.026215
13452.803431
13034.220669
12841.539392
12103.329494
11888.419610
12390.862947
12622.725119
12501.420168
12696.503094
12440.708104
11908.499625
11727.460427
11379.493895
11152.919399
11205.445256
11188.907653
10931.148276
10844.331874
10823.256847
10695.253678
10834.073203
10810.907814
10685.098574
10593.769436
10490.575830
10416.580303
10333.021471
10331.122092
10266.124767
10270.940558
10157.743085
9990.481650
9890.679163
9720.143953
9600.818092
9483.395282
9377.711165
9160.926196
9217.002304
9280.171417
9193.451704
9216.778816
9201.672309
9134.449991
9101.939415
9197.063160
9173.672262
9086.827305
8931.368377
8823.030236
8498.167573
8355.892768
8537.940013
8680.905841
8567.544037
8680.905841
8682.527445
8459.911104
8267.027411
8303.626931
8466.548346
8496.467663
8502.229404
8625.765445
8614.903416
8528.553955
8507.003984
8505.282586
8459.808430
8338.388495
8238.442784
8674.308358
8881.814111
8862.655115
8996.888321
9219.990779
8900.920078
8786.541852
8918.369488
9395.057483
9416.168991
9531.159941
9531.159941
9481.143070
9244.115734
9237.372779
9619.269724
9939.996971
10303.548827
10385.638063
10691.362468
10784.805746
11028.881968
11386.228713
11895.427961
11969.023581
11812.407750
11844.909729
11695.049939
11441.705996
11567.583036
12013.466740
12394.755285
12769.043543
13018.016517
12942.184388
13050.192365
13055.069032
13399.895164
13832.160657
14417.106339
14818.678619
15212.916213
15381.252256
15349.304433
15360.124403
15484.992762
15753.200926
16074.263851
16719.034438
16924.646522
16852.406178
16722.325809
16527.912596
16360.684502
16910.840395
17441.409366
17647.360284
17829.450819
17779.356834
17515.086953
17534.497368
17887.446103
18155.960768
18238.406894
18414.114648
18759.824224
18816.457100
18829.597626
19107.047735
19847.283078
19719.386188
20329.966273
21021.674403
21885.068341
22121.029874
22510.068201
22362.908180
22289.209675
21912.137687
21858.264886
22198.248848
21864.755348
21702.410254
21750.142899
21585.306961
21415.305563
21989.190344
21876.742744
21582.683800
21432.776849
20716.571133
20497.837811
21158.782530
22009.428341
22505.471005
23365.715319
23496.044562
23894.353853
23812.059414
23989.598076
24525.488597
25384.390446
25486.326232
25968.764168
26547.885016
27171.983930
27503.187003
27746.087102
28292.164679
28625.731984
28730.771230
29160.100562
29950.956554
30619.959867
30866.472310
31034.189845
31001.528879
30890.761356
30094.700767
29717.933623
29890.407487
30012.812934
29710.228691
30028.297999
30247.516591
29692.996126
29396.240671
29038.869011
28835.164016
28480.254883
28163.343870
27970.805299
28005.439125
28173.888826
28455.854877
29053.087904
29158.902864
29117.534036
28922.456756
29015.733616
28542.115180
28393.143561
28674.218758
28574.827664
28632.884504
28866.896288
28938.241986
27990.631517
26898.674012
25582.055097
24723.997321
24067.280697
23653.642168
23220.116546
22375.731837
21029.949278
19543.484119
18846.260065
19151.832869
19012.980234
19114.547397
19238.244268
19427.328614
18954.829309
19264.583052
19022.606373
18818.565949
17805.489556
17684.379386
17013.043231
16889.258873
16296.034128
15985.998873
15213.152239
15330.023823
15899.407283
16204.775907
16458.433753
16719.792173
15657.184229
14580.070083
14214.034362
13765.679382
13151.026979
13257.199830
13272.150923
13910.573149
14756.832210
15054.500926
15738.138020
15648.464143
15103.115600
14943.068234
15423.919201
15768.451241
16483.865606
17237.619011
18106.080696
17675.224963
17001.711168
16461.857261
15860.196080
14926.565090
15171.442512
15032.913789
14667.404912
14288.969049
14373.515658
13873.863111
13913.300376
13968.614061
14473.201105
14739.718721
15079.744867
15049.332690
15115.269835
14782.203796
14318.475677
13902.714717
13730.890830
14120.347732
14484.096830
13785.984074
13526.665125
13452.875881
12648.039606
11725.239765
12000.592306
11833.875623
11859.843302
12235.610356
12235.610356
12181.727771
12159.821216
12287.600767
12533.969497
13107.876794
13450.183382
14253.643308
14413.717426
13800.350715
13321.376051
13046.842088
12918.436152
12678.012293
12837.498442
12755.825971
12144.633708
11763.261634
12053.393283
12499.759586
12677.341981
13077.983921
12547.130648
11977.354246
11242.796899
11061.165554
11294.623365
11751.646396
12096.399511
12620.662733
12752.266451
12122.658940
11689.215784
11245.747575
10567.852057
10046.333425
10054.957741
9952.828412
9606.134670
9495.548360
9433.035641
9476.230892
9513.753608
9712.231763
9963.258308
10133.542841
10250.369238
10393.926152
10621.161639
10538.801101
10558.694117
10518.987502
10382.432374
10113.759451
10066.170367
9900.877312
9571.386482
9552.063006
9380.968142
9323.730348
9273.896162
9360.358561
9288.280079
9356.190041
9185.585403
9078.530269
9006.436756
9101.870412
9149.039894
9101.151467
9206.992618
9202.289135
9003.595035
9039.702856
9259.268979
9409.847373
9583.469648
9925.932133
10148.818383
10352.883397
10316.171193
10190.036691
9926.094920
9742.126149
9650.941555
9726.772023
10025.258219
10391.205146
10501.561875
10263.905142
10439.031837
10753.286300
10645.547645
10755.636900
11144.230243
11104.939481
11010.158223
11090.086145
11330.239944
11697.841435
12081.071198
12592.482969
13382.654700
13858.892876
14268.808441
14873.557522
15289.437793
15358.979051
15622.994360
15603.543026
15631.206866
15209.375731
15079.506242
14951.263932
15221.561567
14933.226536
15782.173403
16566.584836
17317.970925
17647.048691
18682.409014
19206.051237
19717.386290
20490.503652
21295.941196
21126.422122
20277.054789
19748.647140
18843.835148
18810.196192
19971.010771
21213.501307
21899.846771
22790.292823
22743.154940
21836.308163
21389.886356
21309.840336
21071.808117
21085.647906
21951.903933
22573.438893
22682.247109
23317.178143
23349.152302
22432.691895
21926.102962
21836.680263
21453.794537
21787.711802
22690.186201
23177.932992
23774.999169
24139.230840
24542.575588
24410.672996
24486.539472
24652.923511
24796.338681
24672.972979
24848.495095
24870.008337
24618.872426
24289.649173
24365.918562
24246.479084
24151.945571
24087.031392
24034.962805
23219.420265
23022.212008
22686.488809
22560.719878
22041.213438
22217.078883
22041.428157
22156.271352
22358.070487
22860.590826
22939.256729
22926.010332
22850.173729
22750.623558
22601.234992
22792.652666
22768.928186
23149.616524
23179.740061
23437.530696
23350.560709
23752.677900
23571.522926
23317.859405
22640.657764
22742.668337
21620.640484
20477.182262
20102.348951
20439.851410
19958.156438
20748.103379
20925.979873
20343.295599
19158.644657
18992.919594
17928.007833
17763.598717
17393.714310
17477.230251
17211.791535
17482.095246
18024.081913
18417.828979
18452.921726
18535.563845
18420.920944
17703.775891
17355.701684
17290.470272
17235.638190
17378.141279
17612.217589
17947.610973
18151.618655
17753.619411
17708.876467
17634.925432
17097.644948
16701.461322
16605.661869
16094.573734
16109.840309
16320.176585
16499.674119
16583.289681
17020.324653
17158.259418
17506.926337
17481.460240
17377.774395
17030.549259
16489.228211
16241.240187
16315.875976
16352.472107
16421.701266
16668.065496
16397.149410
16248.573863
16129.230429
15960.923891
15615.639778
15661.900043
15696.397062
15507.627798
15031.199608
14935.213393
14673.016062
14331.235794
14454.694167
14640.379536
14400.347241
14570.922366
14580.075472
14528.793830
14648.271761
14827.707537
14713.518709
15081.038526
15070.365084
15155.115176
15660.171748
15956.870346
15855.323873
15984.368673
16365.282641
16356.917420
16017.032653
15969.774003
15695.421328
15155.467589
14809.658056
15277.129063
15521.774641
15965.120108
16946.337663
17323.758332
16730.713710
16268.990897
15845.820155
14648.625644
14213.473113
14488.642111
14447.255584
14434.979509
14460.698316
14621.062873
14539.365862
14612.694352
14958.667084
15623.752641
15708.571930
15937.938653
16373.704315
16736.549223
17197.478366
17102.826272
16790.778917
16199.089003
15596.148661
14584.782842
14493.953305
15026.504613
16307.148512
16888.633296
17235.541560
17919.233907
17267.467818
16256.821623
16022.377161
16494.153650
16303.485636
16347.071390
16481.689969
15801.744565
15261.978319
14665.119176
14933.281297
14617.551773
14906.017092
15327.957220
15624.739173
15891.589753
16636.061740
17116.500054
17001.729883
17092.535294
17620.977267
16945.846890
16354.414689
15984.714597
16300.823573
15926.176099
16408.928437
17077.551272
16294.339979
14992.750496
14445.012455
14446.994720
14659.404688
16337.020615
17871.030613
18918.988863
18587.900434
17642.458579
17270.135506
17640.703321
17748.479138
18411.485838
19447.980154
19457.226384
19007.875771
18172.363712
17854.063913
17811.163428
18008.843972
17887.286529
17619.017940
17114.282627
16094.395051
15756.763046
15503.763754
16125.467360
16177.030456
16028.245053
15537.003134
15081.565526
14924.376960
15371.833425
15654.291204
14993.599567
14653.900087
13882.647274
13460.908281
13023.298294
12884.078281
12952.061782
12860.537293
11808.133047
11921.172449
11769.096622
10927.053584
10725.463217
10985.328442
10339.616848
10646.961614
11233.745593
10965.613617
10839.788928
11010.120492
10829.941354
10491.972617
10446.877065
10280.095224
10498.742859
10765.160829
10992.585205
11182.917140
11371.423402
11182.504180
11033.288335
10819.399741
10563.467681
10515.405646
10507.102563
10271.032335
10247.199718
10193.213846
10082.282222
9810.313296
9488.003229
9312.565766
9301.159506
9176.150992
9307.723891
9539.769611
9414.135630
9366.740601
9340.918084
9044.733298
8787.241033
8774.498578
8567.938473
8590.310887
8675.079082
8714.373372
8770.109301
8971.999718
9038.962522
9177.030178
9129.042585
9075.655664
8995.279497
8798.542025
8541.281449
8565.557695
8600.381294
8410.989496
8530.351407
8668.331163
8969.246149
9147.031857
9357.030978
9352.789249
9346.078842
9308.849788
9341.665051
9300.044520
9245.872566
9823.087403
10154.466436
10306.541158
10425.386178
10703.246466
10579.368508
10514.954963
10697.843995
11096.760364
11303.109232
11072.910079
10967.740078
11103.676405
11536.668756
11833.744410
12179.678835
12560.713815
12744.936718
12924.994755
13346.919962
13872.047127
14603.995500
15049.427688
15034.603101
14902.234359
15167.696242
15092.468661
15055.036208
15286.858795
15838.974886
15998.728067
16503.652764
16784.713836
16979.596374
16997.045578
16873.760760
16596.596497
16497.425587
16369.109837
16310.557689
16640.090751
17074.952466
17380.353250
18443.628292
19069.914600
19177.871901
19334.809939
19355.294831
18643.245166
19065.234353
19809.038191
20101.043222
20605.791632
20993.151138
20911.421208
20940.541982
21560.691006
22190.860012
22966.074347
23509.684142
23576.902564
23243.655013
23317.488148
23350.131800
23575.809315
23948.441936
24077.189857
24137.808193
24635.997021
25445.474226
26760.067563
27706.919037
28494.453692
28752.583021
28430.105690
27919.967357
28262.034610
28582.713949
29174.384106
30100.885140
30498.168909
30788.464413
31089.571880
30576.023884
29740.182466
28752.569453
28029.302428
26232.051056
25295.645976
23602.519931
22570.643718
21388.434249
21660.949602
21595.411362
22243.012294
22596.415504
22395.297119
21591.767088
20399.538141
19726.422090
18445.956223
18123.057326
17520.743815
17464.950548
17187.666976
17609.762051
17800.534495
17505.889192
17523.681039
17255.076005
17384.900623
17060.469907
18033.961122
18653.235261
18873.734689
18598.420311
18738.717105
18269.379726
17696.901011
17795.401272
17718.740578
17150.840277
16888.991061
16939.177518
16711.468752
17106.399741
17565.865221
17357.196748
17526.455392
17485.066730
17128.592719
16667.547705
17097.899816
17191.796573
17412.556071
17635.221096
17825.765698
17929.796115
17438.620506
17022.012601
16951.030418
16826.899596
16736.250046
17006.233712
17645.826716
17636.196973
17669.226021
17387.920815
17162.773697
16482.938652
16396.025195
16536.329093
16360.862426
16003.260065
15836.869864
15599.600012
15571.593369
15899.040730
16438.766919
16679.292778
17025.691980
16813.936324
16866.047840
16486.141025
16343.863840
15912.824765
15396.763854
14829.731907
15061.212891
15676.393365
15604.389874
16260.468285
16911.721434
17005.744370
16472.597400
16587.301385
16444.861491
16262.481349
16162.621713
16177.916535
15995.807266
15876.359600
15508.300562
15101.796947
14832.498533
14908.823896
15296.671159
15876.839525
16439.531754
16797.320141
17060.971439
17166.868074
17336.113843
17558.904733
17602.248301
17516.681048
16848.248151
16276.524249
15741.126210
15409.983225
15469.194066
15573.232967
16115.597926
16172.981743
16422.081972
16186.522945
16244.919592
16101.788606
16701.637791
17310.286170
18024.390740
18298.594377
18009.198284
17125.441206
16069.062722
15498.766795
15332.564985
15077.420302
15258.651618
15115.941052
14606.303610
14589.127296
14992.464095
15782.178147
17258.957310
18705.995573
19028.833994
19058.881283
18629.904135
18263.773121
18138.554597
18211.961920
18547.950222
19073.789672
18885.648540
18284.625874
18288.733116
18161.070188
18074.753515
18666.045922
19345.439812
19150.991962
18736.785138
18014.011639
16928.590507
16044.977886
16244.146056
16542.742977
17066.840110
17351.162380
16894.088609
16155.897696
15887.519058
15662.087811
16034.102354
17153.759924
18005.042212
18858.738421
19665.775373
20702.864325
20860.584014
21317.563836
20145.783056
18426.017249
17094.234341
16550.518250
15692.872613
15936.265562
16888.709732
16511.331678
16352.586710
16623.042958
16997.679371
17257.617571
17515.020310
18105.961863
18265.991139
18279.421781
18069.038494
18038.736425
17763.314849
17121.670298
16300.826508
15518.850698
15423.861304
15279.331179
15216.822953
15171.176046
14999.960810
14408.870907
13531.835238
13282.802561
12951.779504
12550.340157
12177.878311
11816.595548
11078.349010
10696.964377
10569.493977
10441.397034
10397.330283
10325.500652
10327.689599
10018.377668
9957.210440
9735.056208
9708.713472
9669.282402
9767.140611
9611.288965
9657.923756
9822.245269
9787.816623
9921.996747
9991.009514
10110.461970
10046.882877
10066.875272
10023.343385
9953.563111
9670.804300
9489.432751
9378.801951
9259.949194
9227.118281
9367.704029
9451.895787
9460.670378
9378.355278
9378.355278
9210.403747
9037.428635
8955.638000
8876.874413
8625.737734
8676.352344
8573.161864
8594.404352
8737.517041
8813.748270
8673.716665
8688.530829
8716.388329
8600.297236
8630.071340
8606.178577
8751.309756
8812.168775
8799.096445
8636.332520
8732.457271
8675.655007
8555.345924
8625.839554
8879.935293
8853.679979
8689.637523
8635.420211
8520.751264
8258.464509
8224.554629
8351.915701
8358.804600
8445.773204
8737.755359
8778.228515
8788.643564
9007.989654
9096.478737
9072.115134
9166.210742
9460.670194
9711.779308
9880.620536
10153.549146
10633.830062
11040.851821
11151.939967
11671.020003
12197.250941
12121.181555
11927.866031
11882.425063
11939.288041
11897.469072
12176.308164
12684.863742
13166.133990
13616.057644
14161.869808
14830.551046
15049.398139
15348.688907
15314.292183
15346.309697
15450.574982
15857.413182
15996.327599
16080.109197
16293.065583
16307.814620
16203.802791
16385.804665
16829.576997
17052.827261
17326.585947
17640.764435
17840.242382
17753.338339
17460.753586
17192.767017
16732.324777
16991.589009
17132.587674
17684.803347
17903.688893
18653.066662
18911.064857
19472.272111
20259.778188
21432.555456
21924.265048
21964.849385
22194.618337
21555.521755
21061.231316
21175.780447
21613.028022
21465.898462
21905.473704
22149.754732
22149.754732
21980.848581
22647.502809
22778.154833
22874.791818
22884.380901
23653.298018
23719.924917
23598.774831
23871.011297
24470.275565
24656.797008
25551.034240
27138.695937
28491.559766
29303.410329
29821.264355
29779.458246
28952.734009
28393.671699
28599.863764
28801.349176
28829.612056
29799.482219
30418.116881
30376.297046
30333.338606
30225.603900
29957.279453
29482.744203
29703.366828
30301.842805
31237.488507
31858.776569
32503.941542
32768.264298
32761.661875
33134.878873
33222.973616
33560.574570
33754.106269
33712.223269
33502.298888
33470.434061
33639.750178
34038.618283
35082.219331
35542.286606
36024.478804
36290.002137
35903.172169
35441.610579
34926.603817
34607.282942
34380.064239
34791.492723
35039.102259
35554.123868
36132.356277
36535.738501
36988.705646
36492.697376
35954.048932
35966.404478
36180.862223
35823.465872
36514.557888
37213.309534
37402.572343
37064.292880
36640.316986
36209.641482
36189.558667
35724.576252
35207.898944
35305.930689
35444.141314
35348.757076
34969.396972
35309.700405
35816.514628
36150.267316
36197.662028
36964.006546
37325.553124
37125.375594
37030.760797
37054.384491
36924.910870
36406.423473
36155.051318
35412.330899
34507.022812
33144.647980
32751.561848
32715.299727
32519.897009
32136.902702
32275.851630
31521.779429
30607.737322
30458.215376
30629.649684
30951.960054
31506.153992
31208.063238
30395.829391
30219.924736
29775.674635
29641.447901
29969.460569
30499.784632
30757.377733
31354.592926
31907.403405
32230.584091
32579.008346
32585.431340
32076.314001
31150.837630
30442.187683
29796.576949
29221.133601
28742.113850
28773.807563
28665.122905
28576.705835
28957.782339
29811.353290
30924.710932
31450.502575
31993.809600
31192.690318
29208.737129
26494.923431
24205.119284
22763.390621
22420.988170
22908.152977
23483.299798
24062.164286
23865.355249
23722.022798
24361.233128
24703.154407
25108.378284
24779.611570
23663.103716
22444.711892
20839.071509
20060.998051
20015.973824
20790.728400
20784.516532
21784.482828
22787.627840
23073.641449
22445.268451
22640.609163
22810.277695
22580.180752
22861.670588
23541.953275
22236.576864
21231.523813
19690.014677
18483.462064
17062.321904
17729.428385
18031.616301
18676.571583
19192.577164
19722.294421
19709.977268
19143.126203
19029.519176
17821.778429
17318.915176
16600.369471
16245.192270
15277.390577
15866.247727
16596.497678
17733.148425
19309.092122
21177.787149
21389.965225
21530.871808
21502.850290
21006.292258
20220.240251
20081.120012
19397.010739
18519.618088
16962.942629
15800.266993
15365.065885
15390.943670
15221.879443
15941.931002
16212.677121
16323.181841
16708.618348
17020.456474
16976.445988
16830.566291
16347.413008
15961.861831
16592.485647
17745.843317
18529.789420
18259.653274
18224.273224
18064.597488
17871.078375
18694.564837
20053.720244
19341.691598
18864.987041
18760.449693
18984.285411
19830.042954
21818.727303
22130.711516
22035.401985
21820.080944
21699.286867
21010.992930
20696.788972
19575.149663
18200.237614
17095.662105
16766.616016
16987.975420
17560.643033
18106.278782
18487.572758
18834.267498
18825.740089
18897.784492
18601.188784
17745.620791
16656.057190
15434.837636
14625.555678
14349.965388
13889.747020
13620.309285
13600.559590
13612.187894
12689.772217
12412.544402
12124.174799
11915.955616
11517.094154
11562.942599
11525.424820
11408.509491
11252.917761
11055.021689
10989.845525
10739.181876
10669.622759
10514.554119
10293.369297
10157.994111
10163.083241
9997.949735
9916.287277
9875.909922
9778.092862
9613.370292
9507.600530
9375.571343
9396.302904
9576.247761
9662.701551
9565.486211
9645.860563
9565.007977
9465.227946
9372.211940
9552.027932
9571.351354
9616.056115
9371.557970
9455.670545
9287.468189
9446.583951
9487.666062
9678.173485
9810.026657
10046.457519
9933.435176
10098.934350
10349.043766
10434.967968
10522.189352
10491.097818
10536.227980
10609.246888
10539.620035
10191.798713
10499.145749
10435.173045
10591.444138
10736.414627
11321.235186
11232.643306
11461.232590
11305.551992
11334.131100
11065.883330
11327.432154
11537.045417
11897.002674
12362.185640
12875.932402
13179.225617
13207.163294
13523.345407
14085.998161
14768.308223
14957.063745
15481.090587
16001.063690
16150.889300
16050.893500
16737.257194
17653.021218
17885.237554
18040.512082
18622.922433
18924.135773
18911.466156
19265.869577
19974.340355
20405.907795
21085.201180
21433.914819
21830.513495
22272.375672
23363.565684
24009.238216
24905.088185
25689.056232
26466.567570
26373.429408
26494.943707
26856.175139
27325.910997
27938.222392
28826.789767
29868.371402
30500.760479
31014.604348
31012.714660
31202.560906
30908.282382
31014.630089
31337.038510
31510.556225
31393.071912
31674.675262
31422.517448
31234.343042
31303.579199
31593.594398
31739.262036
31736.911240
31392.777830
31113.214191
30831.722494
30329.371186
29327.168270
28755.000902
27886.458895
27353.684977
26457.220735
25866.306822
24780.128613
24095.594523
22317.112484
20912.075868
19960.398026
19436.338789
18795.525509
18652.897863
18420.844009
18694.947748
18166.493781
17325.871164
16981.125507
17169.967074
17219.066048
17066.858176
17267.053764
17452.539461
17290.468119
16516.843469
16779.563960
16753.142984
16670.901943
16835.347018
17464.519317
17522.765556
17728.575813
17890.823567
17786.839268
17162.699929
17065.264587
17418.573981
17595.748940
17563.336591
18298.040353
18822.341737
19172.650309
19431.153428
19744.800156
19451.119016
19105.342879
18565.389292
18156.223307
17374.334083
17015.688378
16681.865692
16584.559468
16019.818207
16136.559119
16771.307517
17460.271304
17191.943131
17447.127058
17711.748568
17908.402686
17450.007428
17397.785925
17337.541476
17120.860174
16553.164588
16473.018668
16417.568293
16307.293939
16170.432693
15841.377179
15665.879769
16089.901207
16079.386748
16345.640374
16222.152367
15882.709918
15525.067143
15988.655715
15836.938611
16021.897780
16654.617079
16708.472875
16446.338949
16511.117811
16511.117811
16757.868714
17047.308757
16894.286129
17245.517076
17963.451975
17835.207790
17848.674835
17722.567423
17153.496610
16176.594889
15834.388280
15856.132224
15894.724305
16202.386567
16688.953453
16768.693026
16357.551095
16396.363965
16182.089049
16285.948548
16380.627711
16671.037902
16901.518397
17498.728540
17545.698445
18025.744399
18314.322389
18184.921673
17484.717538
16871.204905
16020.068848
15636.989245
15985.185836
16078.873534
16362.931615
17006.054313
17318.153863
17356.897444
17361.391803
17711.929992
17690.575814
17037.990751
16446.850896
16663.710020
16153.913332
15318.020670
15541.039189
15439.122674
15144.670173
15919.982095
16634.956753
17227.690956
17855.270839
18152.649429
17175.502253
16746.742731
16796.620510
16972.205589
16579.513863
17011.457427
17614.879556
17282.141815
17546.128782
17996.793647
17981.936108
17451.723336
17096.709233
16224.329843
16051.025022
15947.344909
15888.670157
15691.587403
15600.687531
14850.767506
14645.537306
14435.358067
14890.129690
15223.557711
16516.680691
17916.273846
18759.010767
18899.147990
19419.263461
19206.453771
18616.341045
18551.293085
18560.516413
18354.210693
18038.318766
17307.988512
16647.106146
15691.816993
15228.575047
15020.850934
15026.649469
15082.965408
16126.929235
16504.108511
17372.667721
17380.463876
17452.237911
16995.741192
16566.704288
15721.639517
15548.015743
15900.656460
15891.992615
15196.931375
14724.759018
14213.245972
13275.300338
12596.891285
12892.157899
13391.721825
14044.127507
14834.843806
14932.679232
14464.383266
13784.723297
12992.487225
12251.169541
12130.581340
12116.888171
12154.221329
12313.780933
12149.562137
12020.625127
11791.921250
11551.323952
11415.251966
11010.315377
10891.066603
11025.623849
10769.920700
10669.909810
10459.858789
10316.977090
10117.581099
10247.735038
10105.153810
10302.644954
10280.796444
10501.542061
10642.155943
10829.630729
10993.510046
11015.335888
10788.170631
10679.329962
10486.298118
10293.728796
10207.448310
10304.363642
10151.109738
10093.825292
10098.092342
10093.825292
9996.270369
10112.757264
10168.241355
10202.515984
10157.378803
10155.110940
9953.652487
9868.724689
9873.199925
9758.688016
9624.377946
9592.006550
9632.134793
9372.192643
9270.036019
9225.135055
9231.384372
9105.918453
9168.980022
9307.572681
9208.392745
9141.394097
9230.333140
9245.360397
9227.561097
9342.256451
9156.368163
9026.859427
8814.727334
8738.518354
8691.128215
9018.056437
9254.147936
9336.406132
9385.784719
9441.984209
9468.290776
9584.943833
9888.453787
9966.407190
10132.780176
10303.948397
10378.933276
10515.148588
10653.546651
10839.712507
10965.510447
11264.437923
11628.292838
11895.133576
12206.813877
12192.451831
12247.094902
12270.224001
12560.744709
12914.375455
13546.196783
13484.549605
13419.649914
14041.217910
13950.243790
14296.942234
14974.289332
16059.728680
16349.738200
16882.288341
17181.557402
17786.582637
17956.814635
18171.550839
18541.604346
18547.887107
18286.096903
18975.231507
19537.949805
19737.430984
19967.059938
20589.291076
20567.697189
20633.028708
20991.856382
21421.266134
20987.565056
20576.409174
20625.758886
20851.116925
21366.203207
22008.221943
21889.242718
21919.307936
22071.512987
21585.566793
21961.596783
22667.660049
22849.744351
23146.408140
23581.511072
23346.096605
23469.343661
23679.287050
23741.903184
24580.278837
25599.640060
26178.421459
26252.002855
26288.979977
25996.038148
25936.318627
26717.962059
27691.433131
28380.866905
28634.767372
28116.738447
27118.959807
26646.836484
26778.188090
27179.062263
27537.582324
27707.105236
27446.331445
26966.020684
26346.601206
26440.069141
27242.064390
28295.909647
28878.526739
29392.294269
28964.646663
28139.675425
27343.082958
26710.669902
26598.486249
26620.871037
26736.451881
26296.511414
26474.307099
26658.097553
27232.623946
27396.332579
28106.589805
28056.956909
27719.037441
27313.432049
27027.642776
26983.955315
27233.343310
27614.490459
28045.259628
28263.716772
28231.825214
28093.229675
27605.662563
27284.407425
27638.480570
27490.581427
27815.832727
28340.025770
28900.983798
28805.208146
28837.409755
28249.032770
27954.632339
27476.136024
27322.720103
27602.132906
28021.869925
28279.626309
29046.602461
29901.734591
30950.266272
31842.325590
32364.182856
32762.831961
32707.247034
32187.511293
31849.696465
32105.817925
32309.380025
32730.850633
33268.477835
34074.676986
34598.599418
34780.419955
34722.657810
34341.015115
33247.507487
32400.363477
32162.924131
32249.371784
32645.984201
33576.582630
34023.372212
33838.288217
34109.145483
34048.404672
33645.619819
33820.673228
34273.539060
34035.117494
33832.103925
32605.595512
31259.085133
28952.488556
26721.657212
24200.234076
23510.189535
22110.806164
21816.164939
22054.145519
22387.593046
21729.827647
21763.831111
21560.584984
20689.839210
19781.887019
19593.790678
18922.141591
19100.496453
18379.062355
18290.738613
18084.886721
18414.322862
17433.044787
17560.566073
17456.403874
17459.285888
17274.233098
17810.123623
18494.317921
18598.407945
18565.442412
18254.079876
18243.580147
18094.406828
18211.304874
18009.455428
18245.462409
17810.206601
17005.284637
16803.800226
16781.512153
16670.935090
17276.383376
18043.233570
18281.664625
18536.391585
18555.606486
18215.893376
18043.362532
18115.162587
18127.386161
18303.257022
17920.936720
17985.181505
18229.844479
18000.700027
17834.262802
18182.541493
17412.070943
16891.742092
17166.854384
17329.304067
16882.549472
17415.411947
17982.932120
17981.273472
18152.352256
18194.225501
18406.648064
18214.498061
18155.760250
17505.804197
17864.912708
17394.738534
16934.057662
16838.586816
17046.314454
16738.310869
16552.193379
16584.459110
16740.366241
16649.644855
17131.964326
17998.404998
18609.223199
19068.092353
19638.857267
19686.364676
19344.242801
19370.073579
19153.254521
19378.998641
19510.142065
19592.974803
19077.497055
18441.100463
17726.388246
17608.977867
18172.289022
18780.434861
19560.329953
20052.793172
19812.047746
19146.912406
18471.283259
18285.005349
18577.686414
19342.135493
20000.936221
21139.630276
21259.252858
20746.058449
20357.085875
20497.508377
20168.572883
21032.404897
22041.391368
21740.009606
21080.004963
20633.559891
20033.282091
19842.776671
20665.024550
21395.358018
22566.785702
22520.937386
22029.442138
22352.044654
22869.756951
22694.383830
23224.611003
23263.958488
23024.085714
22207.471289
22101.599453
21638.081415
21984.999827
21496.024603
21833.452691
21939.759298
23073.169880
23232.821786
23701.466108
22398.407579
21361.066556
20087.521223
20516.372882
20590.767986
22139.051917
23384.481520
23267.826436
22344.711954
21522.995661
20779.885199
20702.381015
22120.927811
23047.668869
24549.524822
26138.707065
26450.399055
24839.802750
23780.582578
23181.031039
22520.952372
22555.306290
24541.814897
25947.310847
27027.996876
28060.719945
28169.873411
28054.472359
27638.596181
27322.649629
26741.945077
26356.356697
26059.827520
25529.014051
23564.383625
21769.531071
20446.071658
18804.737924
17752.282227
17446.103101
17406.664057
17273.157825
17224.967082
17374.295077
17287.645237
17006.082308
16088.170153
15261.151017
14513.620330
14373.519804
13615.902536
13444.772269
12907.710958
12576.485011
11650.437136
11359.781629
11253.555012
11262.432825
10968.340118
11280.297973
11224.041891
11312.379996
11152.581113
11113.455224
10950.455111
10896.620799
10748.347441
10696.623694
10932.262507
10741.089201
10709.523510
10559.817952
10624.693650
10425.385723
10470.255724
10437.795363
10472.183976
10380.978735
10225.689034
10212.587250
10082.361543
9931.543225
9906.981129
9785.852254
9726.812636
9795.992192
9873.627178
9809.066811
9966.765740
9913.465604
9876.736357
9776.836145
9758.030295
9775.345678
9792.318297
9844.064210
9833.581632
9946.093247
9763.884409
9651.196437
9600.069357
9621.363454
9569.148916
9845.705018
10128.938595
10263.550364
10353.852814
10566.341902
10490.713228
10704.750604
10871.941002
10923.790802
10559.904714
10717.700986
10390.963431
10113.285694
10248.023890
10741.149349
10564.283160
10820.606443
11170.514524
11221.830544
11178.100828
11458.225520
11682.629176
11781.013660
11793.887187
11732.374251
11724.479223
11643.190436
12127.957462
12483.726252
12892.980905
13423.842434
13470.518650
13065.243811
12935.637320
12863.989691
12725.011747
13534.580757
14437.567837
14942.588743
15587.831854
16198.465604
16270.420553
16246.397854
16762.045463
16916.511076
17002.057252
17595.451279
18253.621860
18641.490485
18822.791370
19379.443751
19542.993380
19678.065961
20338.261682
21241.175463
21831.794997
22477.635990
23153.577905
23956.837110
25048.079534
25658.622137
26183.508935
26889.966638
27316.966575
27626.638696
28377.827637
28980.747430
29573.871093
29987.658498
30527.203504
31193.249580
32050.190155
32687.060382
33717.837261
34211.774054
34928.169229
35798.943181
36645.826539
36916.802452
37585.631580
37953.822552
38240.540856
38548.051635
38792.775465
39117.610720
39039.252061
38982.733104
38731.162714
38703.118060
38798.228872
38696.333267
38784.090275
38755.069057
38647.422916
38404.344835
38692.511507
38930.670388
39238.482009
39599.302486
39753.137209
40311.892680
40758.047152
41182.727118
42166.079687
42812.907448
43055.654226
43102.480923
43277.813178
42924.761400
43141.746008
43212.907850
43361.598657
43430.362323
43088.479719
42642.491351
42005.640352
41353.370142
41056.650261
40920.291092
40697.107249
40950.636345
41088.304194
41120.996403
41404.926690
41318.197119
41353.321687
41217.133097
41364.154512
41121.259277
41797.496323
41981.597538
42219.065212
42026.823080
42059.767481
41806.155313
41664.538158
41571.409376
42171.668197
42581.174618
42845.274324
43538.068116
43790.407193
43415.953751
43465.494258
43595.893643
43333.183869
43474.014225
43429.104359
43448.022861
43363.320956
43142.265510
42985.695555
42653.922852
42000.478985
41595.227030
41818.238043
41894.281894
42474.881853
43194.319662
43675.322881
44073.040151
44228.354394
44080.775172
43841.081442
44141.731324
44048.609063
44110.264660
44309.459166
44612.633299
44223.168615
43906.614446
43768.579952
43935.376041
43519.917620
43393.923400
43773.165287
43964.466837
43656.545655
43816.868211
43924.828119
43487.527952
43324.082685
43241.361703
43495.142008
43605.978550
44038.968762
44291.239513
44416.740549
44828.583246
45298.509898
45725.139662
45691.509764
46083.145286
45936.089345
45838.419106
45667.756622
46217.446739
46252.097353
46414.242378
46180.630326
45704.134573
45132.839148
45223.796202
44887.904041
44876.955829
44279.914925
44223.952488
44289.579223
43917.252224
43871.437356
44187.771774
44079.558416
43789.393798
43938.406752
43845.031424
44016.553062
44090.754479
44120.435057
44318.183288
44238.460707
44086.097478
44309.459166
44391.677937
44522.095135
44887.883209
45270.980961
45506.411601
45662.770759
46059.099146
46084.609174
46476.992288
46645.161740
46790.045664
46326.076186
46295.835731
45856.668834
45217.132706
44498.409410
44556.870248
44114.462022
44084.816069
44619.298987
44983.578117
44812.799316
44818.954264
44840.646217
44492.875875
44017.637188
43795.381479
44210.853557
44136.850396
43956.614048
44680.357662
45171.530148
44989.618190
45286.464400
46033.949268
46016.226993
46480.020349
47194.724362
47472.126479
47238.325069
46701.325754
46233.635585
45635.986002
45304.789893
45022.266952
45305.302238
45552.844373
45905.841441
46081.604717
46323.380309
46258.424331
45662.773044
45801.477578
45963.897334
45946.675291
46295.808471
46717.649674
46243.422493
46044.357611
45937.942208
45944.887578
46016.063970
46412.714619
46468.741890
46519.715807
46576.022246
46981.364304
47052.461184
46814.242794
46954.426457
46759.926669
46397.845106
46352.681264
46499.543912
46321.456883
46418.675844
46360.206100
46555.112802
46717.642717
46876.834881
47143.211569
47435.566835
47591.492553
47778.139482
47756.496608
47659.044317
47290.763310
46563.659411
46352.822464
46542.204299
46645.733285
47297.451922
47778.376788
47973.684752
47725.178821
47554.090948
47068.993731
46960.710291
46906.550242
47108.349132
47175.484563
46982.373474
46763.947502
46343.882773
46201.574285
45816.092402
45898.386263
46210.237478
47204.253327
47507.990677
47650.922527
48151.183134
47744.045426
46856.139340
46269.922045
46287.246274
45756.666695
45953.739696
46315.337111
46349.448420
46717.642762
47200.478931
47709.392654
47482.001071
47549.576458
47374.552483
47344.235622
46872.128626
46564.185954
46605.366215
46241.310229
45678.074537
46059.102427
47296.315691
47580.413330
47885.767150
48123.985541
47842.455500
47181.940408
46939.611997
47158.533525
47290.759890
47736.754193
47548.737715
47682.154074
47186.223516
46779.087401
46317.558787
46365.454418
46512.008236
46234.231037
46325.930039
46496.944928
46760.703372
46605.603521
47008.813015
47394.294899
46829.066863
46389.445634
46636.009997
46906.550229
46787.721047
47127.422825
46971.498296
46432.005293
46315.275491
46233.276702
46304.231827
46790.856033
47539.140205
47695.066891
47147.158350
46990.858959
46638.059106
46393.985754
46393.985754
46989.911829
47136.795727
47645.719527
47431.198787
47472.142821
47524.316136
47476.671249
46937.623282
46506.261544
45858.521696
45691.631973
44778.088304
43917.942188
42121.444632
40369.769613
38901.120554
38426.554246
37513.037382
38290.399008
38859.408396
38950.484185
38591.388459
39005.431393
39074.927785
39466.946711
38631.494594
38414.997080
38191.783272
37985.339058
37669.379058
38674.566062
39339.298595
39676.896207
39134.982087
38106.413989
35605.499975
32292.139543
29292.288243
27888.855647
27501.332589
28302.099600
29722.529665
30902.999103
31185.658169
30620.293709
29901.589744
29522.300948
30438.742154
30629.691127
30734.218979
30757.468158
30478.049889
28570.327183
26758.738866
25968.484440
25347.125214
24710.034304
25132.151294
25340.870122
25108.944898
25134.296427
24675.365167
23685.999835
22966.072544
22476.503329
22007.151407
22169.418205
21585.829494
21630.698322
20760.280169
19341.890571
17405.568361
15983.302149
14294.503357
12961.753840
11972.941657
11582.638310
11210.292450
10953.553901
10801.949414
10650.078771
10438.182896
10117.510199
10249.192004
10264.237442
10398.586958
10323.109059
10450.864440
10529.704097
10592.115819
10747.991446
10938.643585
11146.691200
11144.307849
11233.107349
11183.045518
11061.908064
11113.557095
11470.943912
11860.364278
11968.897892
12330.248020
12733.478763
12817.863872
12259.851343
12077.429302
12023.678698
11805.213751
11824.291695
12746.521487
14130.397329
15360.398361
16469.216131
17356.916547
18069.166022
18539.889134
19968.383130
20839.333457
22538.641847
23895.793127
24835.695688
24339.615337
25293.431504
25159.678177
25616.590968
26639.161447
28332.189796
29778.849437
31577.488398
33567.924672
35317.733629
36814.627380
37799.572278
38668.289541
39488.801328
40638.997913
41554.842618
42609.333334
43643.740605
43873.624973
43479.523855
43098.656762
42470.257674
41871.289250
41378.149960
40983.473717
40883.710111
40942.048898
41164.959322
41635.282662
42168.171521
42581.335660
42856.308187
43011.846732
42883.976933
42504.987381
41704.038694
40974.012493
40464.234890
40002.288623
40096.077005
40519.981967
40680.714087
40751.079283
41023.661745
40824.390319
40672.827348
40594.910255
40198.233163
39836.234707
39558.804377
39106.179712
38813.560014
37786.043789
35893.237200
33954.515798
32479.790588
30858.221547
29727.758262
29175.347234
28736.173843
27729.102824
26590.916692
26373.365822
25314.228643
24442.191229
23568.899748
22843.850442
21433.236170
21255.281510
20954.580346
20770.380813
20698.938346
20767.058701
20540.039571
20469.984851
20418.012180
20242.491345
19694.929731
19547.874060
19107.636224
19053.879345
18819.824283
19113.126864
18666.361818
18220.811356
17744.864128
17508.466396
17013.443335
17459.851862
17736.828749
17947.308048
18115.845661
18511.010562
18361.456898
18060.740911
17718.706744
17527.494650
17045.761711
16326.705224
16237.113708
16064.351066
15774.148576
15708.651525
15721.502830
15380.186048
15032.916228
14805.899566
14529.008220
14648.455585
15031.830125
15408.493765
15334.654673
15608.800752
15768.907284
15801.592568
16080.399077
16505.309252
16380.004918
16215.750198
15888.521084
15059.676443
14814.205991
14570.331198
14589.552295
14676.471504
15163.613203
15171.975358
15811.694404
15904.724262
15623.275291
15736.405179
15902.474024
15475.470565
15923.884983
16450.157800
16499.751703
16489.145357
16117.237356
15371.963527
15155.487397
14645.232130
14729.517258
15243.321081
15065.570062
14998.402021
15541.656746
15470.113193
15510.736902
15957.175721
15894.370920
15551.749587
15285.691678
15069.327717
14854.987298
14616.691783
14499.421718
14347.996030
14190.667537
14082.349106
14058.811437
14071.813279
14478.909336
14302.600638
14395.566316
14593.003599
14549.585725
13886.399929
14158.415948
14455.161416
14842.691006
14959.191978
15453.457075
15478.988257
15381.206385
14610.641034
14483.426143
14511.513637
14396.310625
13876.377075
14407.115771
14495.612700
14379.234277
14232.594354
14570.421113
14589.677343
14866.911263
14886.639826
15468.598704
15608.990292
15773.869612
15815.384503
15961.810145
15983.711868
16375.660925
16412.094156
16018.637958
15816.357817
15676.433037
15154.849088
14966.076341
15106.952413
15219.651140
15315.121213
15327.812128
15347.768926
15596.373658
15540.634990
15687.122889
16156.938765
16301.568761
16373.825086
16767.680535
16849.732265
16313.102502
16021.144459
15713.567592
15380.474474
14885.183824
15316.016396
15612.678267
16000.304165
16082.499251
15985.054154
15637.926044
15531.103507
15251.325022
15234.068423
15631.065971
15824.411996
15759.121225
15423.779781
15293.096020
14594.231330
14115.461489
13921.450381
14131.388584
14228.618424
14874.148855
15092.825225
15443.717766
15361.368184
15532.436365
15806.584020
15828.395679
15605.317659
15531.775298
15332.322032
14878.295415
15222.134544
15436.422779
16041.053097
16233.722236
16233.722236
16166.941240
16475.763574
16542.758476
16573.394590
16928.466141
17310.863332
17025.612341
17224.821321
17356.913209
16997.889919
16452.368571
16190.501541
15725.194804
15592.511525
15696.637545
16123.709921
16402.749333
16330.842713
16617.188570
16353.411833
15896.510728
15896.510728
15751.707600
15714.561326
15997.525700
15882.745068
16088.237033
16178.860205
15627.157417
15627.157417
16120.310312
15947.411570
16343.918048
16804.853529
17133.752813
17181.899341
16962.956201
16722.615321
16779.487822
16799.948802
16590.616626
16549.616601
16529.797592
16435.044557
15957.972815
15926.180808
15791.908702
15824.629557
15429.838552
15657.408425
15921.389506
16220.523182
16421.892602
16766.525150
16587.555546
16336.412301
16600.547153
16542.551497
16540.281851
16468.457201
15841.881757
15218.256540
14925.975644
14588.419670
14798.436852
15186.208956
15559.196929
15972.094350
16227.290855
16190.033432
16529.751869
16458.401617
16033.777016
16070.258679
15985.359726
15879.256381
15957.276249
16291.199626
16795.508086
17356.374548
17782.907018
17863.492499
17622.117377
17083.120451
16866.389293
16972.296504
17258.487910
17345.050402
17440.514422
17175.082852
16739.622706
16558.024258
16503.967541
16271.613216
16351.080390
16450.213235
16242.228516
16153.628818
16386.894245
16283.179579
16270.251718
16510.929900
17110.782792
17339.973769
17773.499044
17899.078548
17994.286265
17752.095394
18000.672057
17905.225117
17580.160227
16870.577507
16549.870551
15815.615615
15473.956595
15531.987153
15971.556880
15837.110463
16116.977199
16354.079997
16417.689876
16053.278980
15999.267044
15670.191232
15077.890624
14902.049453
15092.737707
15562.416221
16141.102078
16164.062433
15566.644858
15359.092797
15074.691546
14732.701172
15327.237283
16146.046353
16871.539110
17454.044049
18378.606223
19094.560454
19655.274811
20001.782937
19980.105906
20032.614722
19479.611708
18750.568754
18304.197257
18055.253085
17387.948431
17502.624743
17732.465380
17721.530721
17947.181716
18471.094379
18885.022260
20163.036691
20987.607969
21671.932942
22315.647635
22699.669865
21571.565904
21484.367639
21465.649070
21176.920804
21795.146989
22548.640982
22923.334000
23421.498102
23926.204795
22864.551995
22948.591459
23247.145360
23224.176783
23513.372847
24453.301765
25072.475753
24725.455917
23510.746628
22220.371060
21497.941928
21212.626070
20679.485179
20807.093466
21348.232009
21819.640745
22631.598320
23965.913901
25323.665247
25213.426230
25784.238512
25503.630307
24466.006644
22820.549948
22432.648958
22347.368350
22096.561873
23135.352166
23774.453184
24660.411318
23409.569606
22720.570642
22413.316033
23047.697191
23450.808641
24393.059815
24967.364722
24317.609015
24636.186567
23758.647496
23705.571321
23758.149878
24455.295300
25191.907374
26765.379436
27172.963075
26004.701822
24925.686405
23998.952390
22694.700710
22289.472044
23363.698352
24175.876725
24667.547732
25001.332410
24642.208038
24152.653747
22800.795092
20873.536241
19537.609050
18743.472723
17333.426811
17056.185420
17106.315191
17036.931333
16193.405782
16347.092208
15845.114333
14942.333518
13785.171534
13729.954828
13099.967840
12915.640848
13015.808043
13234.291267
12875.288187
12881.736636
12684.709300
12180.045616
11956.495844
11812.496232
11719.912460
11479.493041
11366.932267
11128.525652
10915.583193
10573.800011
10740.238943
10935.158630
10961.094357
11035.200571
11057.479225
10721.792935
10617.225691
10355.431354
10277.126202
10359.798788
10430.599106
10277.126202
10416.314154
10313.344555
10213.946273
10246.696522
10272.662359
10227.188294
10099.059471
9866.196986
9796.490838
9688.210417
9657.981116
9604.732838
9576.314269
9524.781730
9611.450041
9651.806365
9808.395334
9870.453955
9796.631638
9710.328373
9562.903654
9473.763744
9540.278795
9772.195475
9635.239062
9789.012852
9948.982964
10076.252043
10072.202285
10211.010472
10072.202470
9870.548625
9879.080244
9775.284301
9667.200646
9747.095728
10008.035166
9810.636500
9715.809355
9945.817164
10122.606621
10233.453331
10478.497871
10592.847131
11032.972077
11164.873790
11070.876887
11131.798885
11508.265093
11352.746589
11147.192158
11236.211002
11390.093756
11418.269794
11411.355189
11963.848907
12126.961225
12383.081773
12545.570626
12642.372917
12297.951802
12159.905838
12026.226225
12136.926742
12149.869344
12286.087529
12748.765423
13036.854838
13078.051879
13619.521624
14146.115702
14309.521090
14287.755324
14322.095998
14257.386398
14071.280624
14277.357543
14901.368089
15340.298540
15747.957304
16436.421348
16472.520464
15979.026820
15725.528835
15941.931002
16045.643059
16395.097469
16952.623017
17777.754416
18297.892497
18401.746858
18565.037301
18864.256860
19111.088383
19355.293690
19916.739668
20490.436330
21280.483371
21421.463980
21521.395869
21490.768633
21645.599756
21316.924667
21561.007296
21529.016608
21980.976923
22331.832374
23096.196192
23800.139959
24313.176313
24035.991765
24110.476962
24331.231297
24030.670473
24108.824298
25002.663501
26088.384415
26742.002914
27935.527167
28970.388716
29611.166069
29335.290750
29567.049840
30045.912891
30650.443037
31234.498727
32687.135561
33575.292367
34344.225007
34768.829396
35031.054507
34721.176057
34965.547436
34757.334478
34822.724151
34614.281943
34478.891230
33800.688398
33597.382998
33294.155248
33189.531187
33378.790565
33792.208070
33943.720046
34568.237703
35059.866764
35554.186740
35460.909425
35742.994295
35682.330497
35457.253630
35204.231529
34894.103308
34445.969737
34294.134717
34443.681987
33988.996050
34212.265636
34019.805790
33601.667138
33365.436498
33731.161384
33813.499068
33870.028219
33988.889900
34606.042247
34771.294625
34936.219454
35666.483076
36229.210350
36757.346519
37186.487963
38171.490083
38706.417806
38994.973408
38809.262014
38897.967651
38183.379091
37548.609906
37185.519613
36827.645921
36980.656047
37253.891945
37537.476588
37830.371539
38036.290395
38169.822221
38416.112148
38702.966440
38914.956142
39060.164056
38961.852532
39455.898119
39927.913448
40567.075897
41426.760715
41829.979381
41717.721929
41434.198964
40988.113840
40114.814157
39599.207284
39330.264970
39098.201240
39205.092169
39388.393692
39407.962988
39206.390231
39078.928579
38864.258743
39334.287280
39790.681256
40464.286785
41007.399553
40776.328067
40401.663420
40113.028781
39653.705374
39411.094492
39378.977627
39460.939246
39415.942624
39167.310780
39559.192301
39836.257366
40161.312101
40333.098895
40121.068714
39434.193009
39382.874117
38960.645117
38603.498906
38677.035548
38586.277781
38774.719566
38692.447248
38987.525955
40007.553426
40837.096020
41199.072722
41936.863117
42489.186033
42214.192959
41785.503589
41893.841050
41963.664658
42206.913867
42464.780347
42900.561045
42588.938394
42205.114007
42364.908706
42104.590922
42152.586770
42570.240168
42593.776223
41782.868341
41635.379304
41277.991801
40989.388931
41044.096486
41145.954706
40968.980942
40829.990778
40464.220041
39907.035195
39743.880277
39800.363022
39975.570618
39917.505916
40134.116073
39543.151744
39049.467871
38772.600006
39246.789753
39473.838601
40319.265105
41142.182424
41712.108964
41379.821061
41330.947356
40995.465632
41018.855435
40897.514604
41363.620427
41712.133896
42225.894126
42750.276214
43051.066019
42810.745168
42916.410491
43203.360683
43073.503660
42878.244979
42718.805023
42242.128754
41500.628600
40584.459026
40252.849459
40194.831611
40259.463044
40743.624163
41205.256234
41735.376528
42548.525680
43669.872361
43924.725038
44160.692637
43876.610869
43128.012091
42162.258533
41193.231610
41091.484689
41331.618796
41814.927522
41738.969461
42410.110626
42650.448912
42789.197670
42589.532993
42865.028535
42905.490127
42500.583669
42493.855750
42357.453438
42638.753747
42840.738097
43018.323399
42405.586089
42167.587264
41632.227832
41314.154046
41110.171337
41101.486187
40787.344125
40392.899620
39970.205963
40208.494231
40882.335574
41577.948624
42381.159411
42773.526043
42933.918829
42403.482685
42415.054213
42452.076525
42939.923573
42604.254725
42631.055126
42168.928417
41595.275684
41087.720070
40656.672359
40567.609506
40700.045995
41241.331050
41524.503967
41931.249573
42137.113562
41482.273103
40911.203147
40486.540305
40098.833235
39426.964415
39773.904431
39769.156123
39578.838527
39731.829623
40081.271186
40037.937326
39828.076517
39525.942934
39114.217498
38571.563912
38547.567929
38270.139311
38480.186945
38776.257949
39305.038696
39567.231186
40089.056714
40361.413982
40897.627787
40969.252457
41339.885481
41359.179520
41006.880239
40755.825229
40453.842297
39796.194643
39358.742118
39559.971210
39430.615495
39830.695962
39631.512243
39480.325688
39038.997504
38285.366984
38033.742039
38122.097647
38294.180268
38623.119747
38621.051361
38478.008665
38661.404825
39068.597314
39317.696832
40352.634898
40376.624091
40237.533842
39994.552846
39502.536033
39182.428771
39134.379685
39606.487877
40221.902077
40920.211587
41390.506370
41976.927383
42024.506499
42035.134063
41874.373782
41733.854757
41793.511683
41698.654550
41289.475030
41119.330015
40881.474100
40916.080272
41392.437083
41599.963780
41942.368011
42314.909054
42139.175366
41793.247067
41518.201069
41315.703106
40969.252457
40356.667190
40122.238841
39864.604719
39380.680296
38986.800374
39034.304564
38633.466452
38958.798845
39124.229684
39243.255759
39299.632770
39871.589418
39992.734256
40134.481478
40085.345411
40108.836592
39491.561604
39309.457244
39263.083405
39480.021504
39635.768649
40166.362190
40100.986765
39828.925994
39586.504506
39593.242863
39327.085193
39277.060339
39648.667996
40059.988098
39960.925903
39692.046429
39200.475823
39117.611680
38480.502560
37461.119977
37077.281469
36680.884131
35887.444007
36045.024824
36692.211153
36872.297060
37090.692866
37280.067121
37009.995677
36595.722028
36578.727795
36736.883961
36794.194743
36770.190182
36757.299672
36657.035859
36945.395151
37397.415594
37712.331169
38270.243592
38803.535675
38809.601614
38342.564712
38004.713873
37852.905192
37699.408926
37404.991466
37783.335685
38077.423545
37995.132788
38036.491858
38406.534888
38421.341297
38222.212866
38120.041892
37916.880577
37761.262983
37431.817874
37504.630441
37390.644388
37056.742719
36717.181783
36294.437809
35743.676350
35079.846342
34503.670527
34399.220499
34711.393347
35207.824960
36409.456733
37269.466489
37719.386971
37632.552057
37643.491709
37379.273146
37325.494340
36937.612952
37063.162138
36833.672845
36798.598381
37254.965035
38009.378217
38905.715554
39721.954691
39991.017960
39927.730901
39442.588292
38811.526941
38255.293121
38088.111240
38095.265682
38519.613887
38600.339534
38758.569185
39383.544820
40012.556687
40388.976479
40222.880045
40329.775232
39824.904378
39127.546086
38046.796515
38403.798892
38572.403720
39083.439949
39531.879172
40311.659402
40118.449797
39988.588743
39362.450751
38706.148436
38498.373563
38426.422080
38119.124756
37973.931568
37901.894104
37431.892798
37529.911478
38117.151899
38625.207177
38471.890624
38749.086823
38479.741594
37758.281052
37136.645007
36878.528277
36465.135806
36140.239114
36108.402318
36024.023279
36300.669795
36772.879966
37153.158214
37378.713289
37246.340512
36512.039625
35833.820028
35186.422134
34263.651332
33332.431441
32949.164302
32503.418141
32473.876128
32014.682100
32661.660335
33289.239736
33172.758244
33041.460633
33276.716624
32755.171773
31940.700115
31725.970636
31469.568899
31599.900769
31957.017696
32671.554261
33056.935003
33226.807052
33399.840486
33410.873237
33696.410670
33491.352689
33259.470301
32988.999583
32815.800482
32751.047355
33043.376313
33505.948666
33926.166423
34103.877943
34121.441454
34779.823932
35261.891621
35480.463737
35661.873727
35413.099837
34832.753665
34932.634811
35107.985352
35538.651592
35876.650325
36268.577699
35960.474755
35748.619909
35521.187276
35501.802435
35064.238012
35085.183334
35306.082912
35444.869329
35708.771308
36124.560889
36061.094814
35855.372697
35831.872699
35914.385399
36217.072851
36436.348246
36864.738327
37495.512103
37841.526458
37887.238367
38786.973923
38693.932132
38259.055637
37503.340113
36381.386758
34765.544493
33015.714724
30804.526318
28417.522814
26072.000785
23370.430090
21378.475205
19775.740172
18220.790979
17947.810262
18037.786032
18353.417285
19197.758983
20776.669927
21428.602402
21620.186291
21812.620763
21890.053409
21899.174041
21463.972021
21251.360533
20711.856730
19809.154336
18778.493609
18738.851594
18915.866002
19503.995075
19851.049519
20377.749720
20308.033689
19818.094293
19215.092968
18243.397358
17173.328489
16242.083283
15708.857056
14810.199157
14825.410441
14816.731716
14933.370798
15165.237818
16089.598506
16479.605087
16711.432572
16642.091206
16418.649899
15464.306670
15102.561962
15212.897075
15795.306848
16190.567120
16866.159051
17106.392774
17197.432486
16958.957100
16352.147295
16277.766741
16425.232838
16119.995619
16260.838285
16770.278325
16736.250046
16528.468849
16475.732728
16155.632220
16397.097241
16939.372987
17737.938650
18480.633666
19314.478978
19219.317016
19121.538063
18550.319689
18211.926901
17632.050979
17786.776155
17767.227531
18352.014130
18334.787025
18609.578283
18272.249562
17895.366709
17035.165690
17113.717561
16429.168590
16203.967834
16550.339541
17613.868180
17388.082254
17786.884101
17859.229549
17532.204546
16079.285728
15468.537468
15041.653418
14986.183751
15139.736100
16093.290502
17429.501868
18014.221388
18330.620650
18733.096039
19634.022279
19495.606797
19023.163410
19462.824093
19458.578799
18584.040363
17799.993036
18139.655165
17373.245758
16844.278368
15857.222265
15259.258864
14908.768209
15155.115176
14676.693652
15092.556957
15874.036933
15973.440941
15455.525635
16373.974744
17532.257127
18171.337403
18931.596453
20239.807776
19778.609679
19078.723193
19521.121175
19408.078942
18284.546611
18216.905858
18050.457555
16805.063681
16170.724696
16810.177953
17204.865110
16946.308572
17177.856276
18089.595420
18347.476938
17948.157097
17686.375839
16753.088267
15408.327813
14059.349370
13496.622079
12811.780068
12610.537897
12010.577158
11600.776436
11176.557409
11451.651668
11596.834198
11738.033695
11748.617744
11581.173783
11128.804883
11089.899990
10875.171420
10883.817757
11165.235882
11305.637173
11171.179712
11195.166380
11044.005751
10703.124726
10472.586899
10297.848616
10389.164354
10365.250308
10248.171346
10207.265425
10129.054611
9865.228109
9594.714869
9539.349685
9499.693022
9437.199265
9417.003088
9589.413855
9570.335836
9472.916611
9461.406181
9557.538012
9499.626760
9519.205548
9575.845347
9623.251241
9420.883071
9247.300840
9160.999171
9147.590188
9128.463212
9284.386281
9518.292542
9688.964011
9795.543001
9584.958114
9452.972169
9274.509602
9352.760779
9514.823642
9639.117599
9729.564401
9625.534091
9360.721512
9354.618487
9404.915732
9590.370113
10244.896700
10517.590125
10686.291520
10896.837810
11054.807198
10941.647436
11204.120571
11113.366147
11247.524298
11542.660721
11761.292941
11960.061658
12629.345573
12834.729685
12932.437198
13599.124606
14190.628110
14413.618674
15919.511569
17239.503426
17647.428021
18017.607965
19092.097755
19768.124453
19809.091142
20518.862017
21761.670927
22363.314739
22520.059848
23192.749351
23804.117166
24023.509628
24473.825286
25162.422131
25838.012100
26987.739813
27838.812875
28253.893248
28436.536074
29270.153447
29492.870371
30127.411611
31192.726816
32647.773156
33863.196104
35122.360604
36294.433285
37231.744855
37220.958533
37225.808174
37323.427558
37429.472328
37814.317181
38336.459088
38604.795837
38764.301830
38480.458773
38051.788215
38026.007556
37983.132141
37795.368246
38155.376235
38560.115103
38698.682344
38705.469257
38989.442633
39238.997296
39284.489347
39620.161924
40185.691115
40550.717349
40329.917527
40030.961106
39557.271657
39000.124878
38692.418382
38599.673908
38914.984584
39387.696745
40085.094314
40212.047234
41052.420527
41504.964072
42241.884025
42250.041962
42402.903527
42116.380027
41608.476251
41014.350737
41118.889376
40889.186083
40634.073130
40629.088042
40488.315166
39919.202302
40267.312161
40475.292225
40628.990961
40737.099703
40800.524582
40299.291852
39543.150828
38624.890262
37695.804993
36305.148488
35903.829173
35538.418044
34684.420346
33684.600174
33002.130467
31679.479977
30804.537163
30824.347233
30839.058842
30902.549475
31185.278018
30889.113482
30702.838689
30776.010888
31192.117282
30947.780741
31257.640162
31053.960559
30938.481912
30665.810196
30506.832704
30513.537309
30795.145710
30877.259343
29945.977152
29221.407420
27746.889084
26057.571751
25375.390234
25948.823960
26662.847038
27799.906310
29441.535127
29725.236749
30121.219657
30314.575771
30694.278431
31078.939418
31455.719200
31393.014670
30847.612378
29550.672193
27921.167937
26414.589772
24870.088182
24037.344469
24241.031939
23956.059554
23972.755371
24338.547140
24457.436827
24665.724847
24251.977693
23357.062720
22705.701502
22228.124927
21593.238496
21929.161496
23103.011607
23936.359848
24507.871956
24299.829495
23033.430994
21510.663251
20053.263580
18005.415112
16093.432986
15682.469336
15582.303007
15796.427928
16087.937815
16743.936318
17319.528632
17122.535570
16696.225521
16681.207909
17188.069836
16953.631265
17030.235188
17001.776906
16539.067866
15516.599423
14834.609197
14020.476910
12766.817111
12052.821922
11422.871641
10653.598670
9923.835332
9589.973471
9588.483952
9393.672891
9552.992236
9626.669347
9646.639048
9557.679900
9575.446065
9595.896796
9767.663524
9823.415271
9917.101730
9763.607967
9674.729054
9473.606922
9468.637628
9225.025295
9311.719061
9356.868124
9413.524944
9419.984860
9524.160822
9474.110015
9646.935711
9752.629189
9861.463997
10074.134006
10152.050779
10175.841244
10312.241173
10578.849572
10691.347328
10729.704393
10855.518088
11078.425868
11245.747575
11252.518560
11526.590869
11663.261134
11940.408518
12646.466853
13362.083333
13961.978754
14358.450161
14605.233061
14746.194161
15031.219344
15518.013587
16377.467333
17425.939926
18229.207730
19541.967107
20669.899515
21241.554860
22292.366163
23487.845083
24312.097806
25250.132125
26202.410334
26566.296443
26871.982680
27282.067236
27654.132865
28306.169777
29397.360022
30558.289764
31202.063151
32020.909239
33196.236513
33692.247793
33895.189620
34356.959156
34432.735018
34122.678749
34337.340617
34471.862272
34369.559660
34460.699703
34434.016779
34415.359513
34491.206932
34544.029177
34347.271812
34552.953348
34195.395859
33530.397046
33398.451597
33597.960248
33316.630243
32788.068462
32696.738605
32112.622782
31374.722724
30314.911407
29297.601767
27065.460806
24994.360646
23794.032168
22983.481951
22718.278192
22546.810657
22780.061934
21762.806437
20857.435295
20175.564679
20112.698790
19513.494641
19064.960297
18484.700795
17876.148450
17245.925310
16856.592845
16795.084250
16842.568128
16359.122947
16452.388816
16756.361036
16550.298285
16695.571497
16596.292290
16309.834313
16080.099676
15827.135290
15371.971170
14791.412947
14246.535198
13640.869772
13508.665589
13554.589577
14039.917306
14522.638267
14896.347090
15474.633100
15411.664185
16101.904696
16344.878486
16365.583992
16218.936858
16470.227302
15670.572815
15138.876311
14819.592370
14111.654226
13960.267801
13840.813873
13550.552051
13420.718552
13767.199995
13633.346262
13970.758300
14429.859450
14738.583957
14838.133979
14827.031368
14827.031368
14738.586275
14789.613212
14949.860735
14702.757366
14330.484577
14358.352740
13914.137185
13572.198299
13723.539729
13714.811160
13546.106824
13686.527646
14096.060866
13909.687746
13759.728804
14093.337537
14057.572137
13876.940385
13924.971139
14297.881320
13970.566608
14285.739781
14289.257280
14729.450349
14984.957310
15092.792540
14880.617170
14980.240215
14943.191329
14640.163182
14724.595058
14713.923188
14505.613826
14306.778885
14653.409182
14967.402413
15103.058457
15087.849049
14791.156723
14133.180472
13611.699211
13479.283497
13438.373947
13882.134143
14438.741865
14626.952780
14820.214439
15049.559076
15167.198390
14705.289285
14411.238429
14194.965476
14108.260504
13935.346161
14077.382249
14214.100814
14303.350654
14208.197870
14121.597467
14071.757408
14301.527297
14096.992600
13967.642784
13924.140648
13772.810127
13369.668386
13238.098768
13118.820949
13506.184143
13889.967715
13906.996638
14161.935897
14384.975567
13897.732370
13867.214617
13906.648796
13658.109673
13610.967082
13417.648132
12878.422181
12683.517974
12628.029476
12496.076624
12550.488136
12576.730902
12378.000934
12526.665580
12944.301951
12994.800756
13044.215120
13436.304513
13563.602424
13182.576254
12849.144976
12996.295630
12851.145884
12435.056347
12181.649554
12198.846075
12656.234786
12984.961768
13286.365121
13637.580743
13981.465690
13773.788967
14096.560656
14427.974053
14577.841214
14878.607894
15371.848417
15342.203589
15280.444045
15284.488905
15139.406216
14678.154573
14593.623000
14273.001577
13822.879737
13424.078511
13068.701948
12782.972192
13029.052190
13100.741677
13367.157820
13499.533771
13449.694627
13031.092277
13023.010493
12935.907926
12914.477023
13123.895608
13559.223242
13875.688665
14066.504439
14137.584561
13763.341452
13587.041889
13086.451724
12440.859747
11887.318632
11505.507158
11229.639861
11682.342470
11980.946438
12150.091642
12646.162184
13123.732485
13331.906605
13236.455452
13418.301035
13245.617786
13162.189393
12874.729671
13107.954530
13234.147398
13493.372655
13535.712278
13568.770315
13661.580792
14001.719854
14068.909103
14062.654638
14188.358298
14488.924052
14567.017602
14417.381992
13961.071337
12927.464954
12526.855568
12126.611471
12269.681973
12526.636997
13048.496480
13143.466449
13122.545010
13135.283969
13549.338061
14036.526524
13865.717552
13953.965822
13835.381504
13374.350149
13300.476406
13527.666632
13580.295590
13664.497538
13726.139810
13275.637934
12909.464238
12461.742111
12240.840010
11887.776865
11740.301468
11749.396145
11955.122617
12217.132265
12849.793696
13287.124143
13361.111993
13350.094313
13126.895750
12810.656610
12834.300887
12983.844942
13107.567006
12878.126079
12569.334286
11993.375291
11703.357045
11627.906860
11991.989066
12123.493029
12353.201874
12857.813586
12816.280598
12709.698115
12859.020331
13107.858149
12952.233320
12806.770952
12897.988530
12887.905686
12919.361812
12915.340549
13062.837195
13277.047635
13523.697799
13384.887374
12875.792316
12773.679625
12531.874078
12440.492112
12741.392305
13074.749541
13331.035769
13549.155466
13606.343074
13689.116074
13978.767789
14141.085365
14247.464517
14164.393802
14092.671527
14361.820563
14547.389903
14733.568962
15245.409351
16062.071883
16187.252759
16079.453112
15739.238453
15709.327594
14986.069709
14418.783844
14230.136060
13910.184910
13391.508349
13350.424768
13758.207923
13747.230893
14015.892898
13977.093492
13858.323218
13813.066818
13890.485486
14022.824323
14559.926970
14928.001477
14645.136859
14349.715018
14309.163647
13947.676678
13953.960365
14801.049943
15667.592949
15970.754981
16019.671095
15705.257284
15124.888473
14702.778660
15321.739468
15859.536857
16435.734155
16781.746407
16678.475184
15955.401118
15533.474557
15177.066121
14650.421545
14782.558538
15009.999030
15510.873516
15998.703621
16206.161648
15955.899932
15788.440590
15319.175370
14240.462489
13504.634088
13109.570721
12564.602064
12164.980228
12602.471212
13315.088934
14555.817478
15690.960377
16646.877178
17230.854453
18314.209320
18727.550154
19338.090642
19404.570052
18917.056918
18137.205684
17245.406920
15668.975694
14850.535660
15465.896233
15925.391698
16499.010884
17876.143055
18708.731747
18477.241702
17786.504951
17619.408590
17021.316800
17236.522776
17294.371158
18043.983427
18455.282526
19018.576769
19158.581034
20079.887058
19713.199763
19375.425670
18948.346897
18564.417452
17511.814181
16922.900556
15252.736662
14559.890034
14171.415664
14091.128501
14526.702035
16902.073717
17502.298234
18186.097106
19419.715321
20399.311705
19989.955256
19999.039023
19847.505201
18810.420503
17872.596911
17342.034284
17034.591977
16780.074179
16242.479496
15983.285390
15790.150693
15006.419596
13687.167931
13221.386908
12385.833451
11686.431747
11972.275392
11976.294547
11796.394113
11679.673400
11105.439835
10545.275943
10255.835213
9928.417388
9751.007228
9876.712295
9681.787161
9861.945331
10070.438123
10355.944626
10318.995917
10424.217411
10178.920037
10166.315850
9910.723361
9723.966850
9486.861244
9601.004880
9520.245748
9380.041938
9475.198718
9639.845226
9472.423277
9446.016018
9504.382669
9456.283526
9244.929429
9276.214814
9101.494298
9053.166455
8827.766306
8856.790403
8828.184555
9090.615831
8976.147158
9170.817538
9151.680316
9126.652329
8900.751223
8950.391342
8913.860469
8812.236273
8750.867164
8759.025519
8657.496747
8739.299948
8673.456708
8562.144902
8559.860869
8646.834484
8345.286808
8512.324893
8625.369214
8429.728562
8323.922300
8393.108784
8345.263698
8434.813403
8497.737597
8588.342661
8530.188130
8338.856225
8167.471732
8379.345442
8505.427892
8875.406138
9079.239863
9246.768913
9188.289135
9210.140817
9138.738354
9229.874445
9259.685588
9319.918585
9352.712586
9313.528674
9209.795457
9368.988326
9514.142086
9474.956945
9464.181928
9730.357477
9843.323093
9843.323093
9914.242158
10087.121872
10198.599009
9834.986500
9744.333735
9882.842873
9942.799954
10201.125107
10674.420162
10824.266971
10968.823300
11116.694911
10902.536793
10905.992375
11070.830838
11298.276779
11458.738526
11659.574422
12086.718784
12335.976360
12249.225373
12221.319726
12269.223174
11952.876804
11932.780720
12062.396365
12164.929510
11882.534802
11887.471795
11954.628932
12270.154707
12569.137206
12853.266875
12824.863418
12500.659156
11980.902659
11727.437195
11775.195114
11892.068700
12222.756377
12310.003291
12736.602737
12996.405467
13182.967085
13230.922633
13387.062577
13096.654413
12973.060357
13419.271973
13594.907923
13644.468896
13837.112344
14010.563345
13766.199332
13950.319187
14286.219810
14478.922289
14372.809451
14635.653570
14413.104303
14393.239179
14413.102593
14585.771870
14185.015788
14213.231777
14405.525532
14299.768789
14339.087256
14478.911032
14645.654307
14604.499207
14816.729634
14970.609089
14953.544947
14974.760957
14840.759523
14495.980262
14465.884915
14799.290388
15158.947784
15568.434684
15899.625318
15622.970448
15427.002106
15132.700810
14957.428328
15000.612858
15338.596770
15408.408636
15384.803385
15081.152534
15074.729292
14925.578629
15054.923469
15321.400382
15343.255846
15206.943851
15386.380847
15898.478341
15943.333906
16416.409445
16705.972418
16881.745279
16705.456012
17499.839057
17917.778206
18374.811351
18361.726010
18561.398724
18126.078654
18132.646712
17701.756716
18006.462347
18284.939678
17966.803641
18025.217296
18460.586044
18479.859200
18520.009926
18955.083628
18986.179652
19131.186937
19629.074941
19556.614741
19891.140943
19944.594892
19964.274017
19599.889360
19438.843195
19205.092856
18864.961675
18578.604861
18732.756401
19100.309888
19152.137604
19219.425883
19445.077701
19637.878974
19482.629237
19692.390438
20154.150851
20506.860793
20374.551715
20654.523174
20897.434580
21458.911688
21334.936369
21016.538279
20390.050466
20298.657840
19800.751349
19621.051083
19967.604174
20526.010312
20093.364058
19705.253777
19967.528276
19595.280966
19618.472868
19952.007975
20805.440393
21781.936615
23053.436718
23469.414521
24160.279740
24537.400625
23883.140167
23307.035561
23561.951283
23674.426210
23940.870434
24544.803858
25028.386548
24437.566694
23454.187628
22826.023562
22691.854417
23142.417161
24593.348958
26486.257374
27319.325324
27900.415792
27664.247132
27139.269243
26827.641565
26923.102443
26438.303415
26591.652974
26551.013845
26234.294030
25910.671899
26740.148595
27666.148404
28356.772066
29108.627446
29775.335623
30225.913913
30292.778982
30624.338084
31050.448561
31620.843071
31607.244127
32100.760588
32230.778158
32009.726689
31186.634724
30537.055748
29006.177555
28494.225023
27964.227944
27744.981051
27773.337120
28414.033295
28276.115262
28120.275365
28013.636114
27869.480235
27797.348427
27820.772031
28139.337471
28314.567499
28303.321706
28082.201212
28231.754023
28088.956301
28093.113803
28625.894408
29286.286885
29736.175843
30289.215860
31230.673496
31125.099217
30919.189008
30878.497347
31220.775848
31213.887946
31454.993120
31294.348070
30795.267183
29970.132097
29012.543821
28094.545670
27931.939276
27779.083278
27750.521277
28145.894957
28797.512101
29182.883800
29532.957198
30054.977185
30379.855288
30858.267152
30795.472246
30561.968101
29778.452991
29143.107201
28574.268211
28957.142725
29789.712348
30992.238571
31719.361928
32254.255364
32049.159578
31595.893932
30754.130371
30355.297011
29973.693119
30045.896516
30419.622130
30926.623221
31502.376577
31523.961368
31136.919628
30401.780826
30046.134324
29851.518612
30131.234709
30821.326461
31322.477650
31160.648370
30612.678269
30029.544656
29152.903367
28541.685863
28768.701566
29069.805115
29184.240642
29364.298631
29007.170748
28225.628281
27935.589727
28342.905297
28634.800101
29633.193336
30681.459138
31177.170141
30573.317679
29958.088581
29562.696367
29413.851152
29053.938039
29046.902802
29301.657399
28529.671184
27282.620126
26696.113860
26633.199400
26050.587161
26266.796116
26397.391336
26384.107357
26424.742715
26778.124241
27049.375480
27853.165945
28612.722785
29161.609804
29389.065439
29666.939006
29458.820770
28783.834963
28025.090799
27850.366911
27959.939889
28019.397808
28439.227613
28694.431465
28952.531504
28803.567152
29169.379514
29358.447738
29904.175235
30412.298207
30353.625088
30383.504525
30890.426894
30927.238003
30938.171401
31757.735805
31762.854588
31859.769587
32398.549367
33043.974627
33226.809541
33865.941335
34147.322418
34409.733327
34313.546710
34024.933272
33189.261450
32615.292191
31861.217871
31606.802349
31735.950342
31889.638040
31514.667116
30980.169377
30094.592544
29627.092916
29511.917146
29605.490514
30107.737526
30928.695779
31886.332856
32997.314886
34173.360270
34679.627686
34584.438517
33853.951433
33299.730320
32589.353804
32082.682044
31749.185666
31341.760489
31239.147481
30938.347227
31068.479318
31278.611089
31503.366227
30779.987824
30228.089473
30027.150994
29842.895751
30322.944662
31041.899833
31685.092085
31607.029875
31567.976485
30992.440242
30602.490677
30234.468205
30058.740278
29849.045873
29870.004304
29647.448157
29828.968403
29450.035536
29244.462530
29031.606769
29510.850293
29939.114200
30337.402536
30705.386959
30587.050075
29870.002662
28949.849946
28869.630999
28811.780113
29167.769297
29996.943581
30443.271104
30755.327454
31097.922266
31294.949899
31422.718408
32115.669636
32787.759609
33295.578786
33616.938486
33909.567167
33967.630152
33868.205684
34121.585762
34573.778708
34909.059046
35186.510768
35476.914070
35054.928281
34616.901697
34132.298795
34245.116325
34112.805122
34638.861855
35080.391806
35277.817230
34889.890787
35067.900681
35309.750381
35645.998275
35994.757647
36319.389285
36197.667821
35649.470747
35149.062697
34953.918229
35035.751977
35027.405526
35081.214074
34941.332509
34646.858085
34142.484187
33934.013610
33479.923041
33464.285004
32832.079108
32136.935284
31544.170852
31487.614316
31054.058068
31365.482854
31376.399370
31045.960899
30402.191600
29338.228549
28662.749390
28437.436939
28235.856947
28306.784850
29127.224458
29029.799333
28798.184619
28529.549171
28068.117134
27071.394934
26308.036463
25647.513698
25644.634116
25564.489185
25445.772965
25103.413669
25075.633850
25012.579812
25203.646246
26121.244474
27654.134022
28546.288655
28483.097308
28139.359979
27308.131031
26619.815851
26639.589301
27246.288853
27722.391857
28517.389995
28921.691534
28181.039712
27681.205550
27435.973504
26856.370499
26266.982170
26366.932573
26366.932573
26676.482146
27417.425096
27792.464033
27822.306825
27982.998249
27774.951283
27214.253306
26782.654191
26872.217839
26542.606847
25939.191983
25541.979957
25803.528747
25415.831662
25309.850443
25862.362215
26208.034357
26548.167498
27007.018885
27011.672804
26284.067414
25560.093187
24330.123959
24072.146842
23285.807241
23077.384765
23009.699643
23451.781220
23068.529549
23205.081329
23745.982314
24502.722795
24680.131080
24903.104985
24840.000761
24372.318448
23840.864800
23450.334594
23027.201950
23115.881965
23140.159082
22642.402366
22265.891674
22387.558315
22530.304387
22404.579304
22787.551417
23210.015536
23562.266472
23700.957172
23789.535900
23441.370661
22605.891962
21522.803969
21201.461977
21273.676512
21617.830298
22453.800838
23146.459823
23074.936350
22769.542275
22499.466592
21876.654905
21361.015326
21470.980420
21791.844426
22286.969916
23064.257080
24110.363491
24473.844655
24684.405484
24210.493020
23688.636266
23004.812899
22832.950478
22846.391185
23101.424056
23281.232208
23536.065841
23246.326651
22503.438304
22424.660009
22641.221521
22654.518096
22888.449279
23141.780690
23294.144776
23389.651443
23177.961005
23287.652923
23210.551172
22738.789087
22350.911329
22674.164405
22750.053481
23281.769984
23795.759981
24500.234325
25028.558034
25368.840420
25364.174763
25711.949729
25656.530862
25627.333627
26097.955472
26526.927523
25997.990761
25880.770295
25361.374098
24835.135663
24982.186496
25978.632105
26295.350924
26853.474177
27145.685153
27180.251911
27108.157146
27526.177514
27777.326646
27628.096399
27283.211363
26591.470348
25657.359867
25523.260743
25928.784736
27047.893203
28551.477492
29827.754372
29814.563331
29323.114012
28249.032770
26904.152071
25763.314061
25310.042041
25293.363260
25875.179811
26118.073195
26440.100486
26654.888459
26882.795553
26330.176742
26161.999064
26194.738272
26337.781687
26207.424847
26088.492649
25605.819509
25229.932173
24980.521689
25199.072792
25348.375612
26113.150570
26327.353455
25849.058879
25116.870751
24764.238866
24496.899361
24619.379937
25534.064412
25948.948274
26308.990576
25905.258287
26137.705029
26131.194035
26050.706635
26076.899684
26558.905408
26593.131907
26558.905408
27067.587715
27258.501890
27159.922715
26480.484309
25963.142245
25445.455146
25451.756311
25399.095896
25550.699899
25790.620967
25492.280309
25069.235178
25343.146950
25386.998910
25423.866668
25999.259553
26428.600054
26473.385683
26977.916445
26923.790573
27045.301880
27101.389817
27226.351304
27202.806023
27293.674771
27575.218963
27703.301439
27196.890223
26697.136023
26352.576793
25497.046148
24265.240147
23895.297501
23512.185826
23389.285020
23612.298699
24123.052085
24609.338722
25319.526920
25837.707809
26011.921652
26387.832931
26296.265269
26094.833201
25848.139068
25764.866951
25728.731357
26270.315536
26257.336895
26495.062410
26963.107859
27549.686547
28081.029025
28923.235422
29775.165011
29868.078556
29607.942323
28800.823527
28281.032687
28146.751230
28757.786551
29582.783555
30852.397102
32111.629944
32775.806328
33197.689733
33674.408660
34335.134583
34378.874848
34276.618502
33735.249612
32641.609350
31322.371757
30495.683413
30209.881254
30462.260011
31093.074487
31329.306093
32218.958815
32519.857155
32573.907036
32112.632082
31946.975041
31068.330737
30140.911357
29467.807054
29727.653690
29595.518823
30345.557082
31393.019783
32424.882613
32807.497176
33245.044312
32352.868442
31785.499951
30785.267642
30048.193328
30121.119246
30419.751843
30638.337868
31184.150863
31376.403586
31223.469543
31466.404736
32211.184945
32618.600387
33480.117619
34483.398099
35113.519023
34812.866414
34348.565895
33623.272190
32257.383063
31322.181458
30715.425071
30483.902210
30113.438210
29984.371870
30254.406566
30695.869034
31151.292788
32062.838075
32910.820021
33084.350425
32529.550504
31809.941085
30813.827757
30070.579263
29733.357160
30323.904905
30866.230204
31535.116879
32036.593976
32051.072403
31592.196003
31749.655974
32009.785835
32456.373746
32477.281362
32023.049701
31198.473403
30433.624617
30042.619313
29890.951273
30115.714150
30337.308655
30304.065654
29063.904643
28603.253550
27966.021792
27388.015447
26963.190916
26591.805016
26141.823845
26182.469943
26121.882520
26239.501126
27113.589106
27258.775143
26760.648106
26572.320573
26454.071111
26147.931098
26272.547927
26975.133657
27804.319654
28100.992419
28270.698295
27991.160634
27298.207564
26289.325753
26216.089970
26330.403254
26479.595304
26804.560733
27462.676628
27651.470666
28035.214906
29053.689628
29711.725526
29796.466993
29636.042964
28963.270156
28129.429902
27713.665360
27710.660455
27581.666024
27328.269052
27076.624949
26326.548649
25764.600467
25687.303184
25648.395901
25572.946227
26346.226459
26549.281670
26482.139683
26686.731659
27193.274906
27689.307688
28916.929385
30234.232597
31127.639109
31635.076949
31574.154849
30798.298547
29657.828885
28574.439103
26982.548000
25732.808201
24901.463404
24104.276704
24112.792683
24567.715841
25104.355801
24866.509083
25018.149331
25253.498350
25236.854671
25102.482276
25929.232603
25797.494853
25238.234313
25251.541995
24925.189101
24192.700502
24381.741848
24925.263168
25399.156341
26108.853682
26822.752415
27014.188227
26547.882539
26211.652199
26045.440604
26060.017943
26169.048051
26491.356010
26727.762321
26830.497322
26194.590977
25117.455538
24255.889819
23142.340414
22135.533743
21860.381259
22304.474239
22416.586084
22882.941020
22968.880830
22951.784909
22724.183557
22811.200415
22326.079367
21975.478250
21603.070417
21250.198092
20908.669699
20756.368187
20975.058108
21138.388559
21248.039472
21479.261368
22082.094269
22261.790527
22107.927134
21958.482973
21408.339940
20357.496755
19760.059385
20067.232513
20217.186343
20222.877645
21108.647751
21656.996576
21592.255972
21567.684218
21961.322193
21535.120483
21188.363548
20955.922215
21175.540740
21036.402940
21149.334701
21693.172750
22024.352682
21985.451208
21826.796089
21978.069455
21531.221865
21100.518328
20996.453567
21899.396610
22800.258825
23231.806091
23216.115770
23216.115770
22274.995566
21064.745237
20501.669110
20525.657937
21106.124784
21885.029622
22309.729290
22810.243676
23849.335339
23882.596538
23911.066327
24355.664123
24229.883441
23562.999966
23532.810598
23787.734645
23645.009282
23367.193397
22529.659713
21273.635941
20323.846161
19255.857986
18595.616035
18372.934100
18255.347305
18074.945735
18854.163429
19209.862137
20212.325264
20225.782905
19805.637541
18616.238538
18705.601236
18302.501935
18997.522039
19664.370122
20496.250478
20212.198485
20001.877289
19053.808529
18437.472212
18136.604695
18489.755773
18337.911113
18918.229770
18616.511604
18304.956256
17205.181957
16678.767263
16096.047585
16257.552271
15990.202915
16248.929148
16625.646919
16972.202300
16893.612726
16990.841247
17640.749851
17969.453502
18220.869616
18836.560496
18653.042472
18111.125059
17477.163613
17303.632139
16764.627171
17320.222707
17165.049077
17308.171208
17712.350455
18160.825362
18344.839930
18960.616366
19620.752661
19486.714383
19265.282727
18732.619349
17649.350321
17006.253858
16748.787297
16972.191117
17498.569167
18778.348260
19280.546082
19668.051091
19847.012942
19549.671005
19001.430834
18995.280479
17788.689801
16758.787610
16042.051614
16211.395912
14890.174633
14446.386742
15157.587309
15941.851401
15807.215252
17262.688949
18928.032359
18843.471780
19038.375560
19475.609150
18931.885438
18502.962856
18282.544384
17929.644731
17470.404589
17037.507435
16396.401442
15761.155054
15049.173155
14790.979373
14896.801465
15213.213925
15555.894332
16014.258504
16776.570570
16822.241975
16584.091109
16936.404594
17545.542657
16784.875417
16940.949286
17701.472491
18083.619097
17723.512254
18867.201281
19220.012830
19335.454699
18096.787403
17131.310417
15257.722458
14488.846459
13906.618676
14957.791845
16079.509204
17481.092137
18554.620224
18786.593904
18401.842232
18074.911118
17510.041265
16542.281420
16353.242055
16249.352757
15799.164196
15468.090522
15426.384840
15001.849060
14664.565422
14746.534744
14369.909020
13505.477411
12630.888085
12131.577605
11134.832162
10589.462304
10368.872946
10273.458346
10116.942453
10189.764441
10450.247944
10462.908310
10646.766606
10714.604430
10816.374162
10507.098500
10666.918970
10556.901485
10565.350933
10390.264961
10398.459415
10268.389616
10255.745832
10111.217936
10137.845974
10314.805050
10351.838038
10353.579322
10243.243052
10284.530751
10117.540238
10056.786590
9935.888453
10028.529108
9942.026450
9786.556104
10053.809368
10104.978444
9952.080411
10138.462660
10240.269733
10162.470090
10075.712668
10138.838838
9900.962777
9816.541273
9561.021067
9494.025834
9525.622071
9584.013695
9683.404683
9612.193876
9692.603676
9872.948601
9738.442248
9784.495354
10001.098761
10143.769445
10061.070014
10145.148323
10147.533327
10024.073906
9971.981321
10243.841462
10711.629129
11229.500182
11703.346783
12283.867934
12751.504020
13279.511281
13988.055266
14830.118924
15438.785271
15916.134674
16241.884883
16415.315795
16689.974301
17538.736633
18187.864060
19204.640858
19774.712867
20785.146753
20930.653499
21537.620750
22607.931193
23330.762405
23688.506978
24368.247054
24941.801682
24726.766905
25474.334226
26091.541398
27003.561516
27519.772880
28332.095624
28851.597360
29436.558049
29767.386446
30591.628891
31481.687832
31910.671660
32245.828162
32329.040045
32051.800917
31525.635427
31198.847787
31304.756897
31739.852784
32206.022145
32793.044578
33507.161549
33912.144936
34330.690816
34857.553574
35258.349934
35381.470804
35080.590545
34916.149929
34678.027669
34442.103012
34394.569794
34440.215482
34156.685735
34298.716106
34101.812752
33973.907080
34006.714071
33838.789362
32067.384180
30675.444653
28679.049198
26822.996917
24800.061895
23793.670310
22894.687913
22468.277193
22160.402951
22143.376490
22226.629065
21933.631437
21710.170697
21281.959668
21184.315501
20761.326289
20443.679001
20120.513202
19791.849053
19284.837147
19077.138892
18736.687639
18253.858139
18442.423912
18000.381725
17690.643402
17310.728514
17148.762055
16428.116216
16460.287256
16362.421405
16650.117584
17211.730978
17030.029661
16893.336773
16578.505167
16325.782036
15937.825013
16483.449879
16509.973425
16611.390671
16145.971021
16009.795634
15576.262305
15498.143359
15391.696584
15782.048022
15548.023951
15510.816229
15314.385211
15268.885229
15011.947930
15043.938124
14624.388707
14539.864858
14696.351371
14552.095343
14463.388154
14248.425602
14341.366907
13940.557495
14369.334451
14769.266306
15510.330726
15343.512956
15581.861743
15170.174210
14648.185977
14253.868695
14007.468876
13599.030692
13255.161673
13029.292123
12779.068405
12699.735345
12878.813405
13095.488400
12902.682168
13065.100892
13223.323640
13170.196532
13107.523564
13200.375603
13496.859210
13714.256182
13922.377289
14233.392532
14586.181022
14444.541949
14136.323467
13936.389306
13640.062418
13436.332400
12953.334080
12849.391091
12526.636608
12310.012592
12264.792201
12773.521388
13490.343016
14467.521908
15036.462919
15159.919808
14855.039921
14384.998188
13836.832948
13640.124216
13661.551320
13890.912637
14127.014003
14112.157460
14491.812979
14825.027766
14985.290537
15111.199008
15112.936134
14695.113541
14458.840650
14133.682833
13729.459013
13741.620430
13988.536296
13819.990389
13835.220688
13674.399127
13596.057314
13382.165149
13613.144142
13570.004845
13749.973905
13643.570533
13568.112270
13390.107577
13531.559703
13452.863741
13321.310381
13323.516924
13288.718359
13187.474002
13156.568712
13396.409186
13266.523418
12931.628512
12903.174231
13195.713861
13081.161761
13581.425615
14313.299554
14703.264713
15006.538617
15560.844687
15428.902575
15229.043549
15268.353867
15006.520799
14855.114164
14671.965903
14447.895567
13911.256758
13365.659124
12751.875844
12316.411274
12058.726427
12394.758277
12870.977725
13361.477878
13928.857610
14193.151885
13859.241671
13686.547191
13686.547191
13946.414140
13660.735083
13512.782986
13312.022301
12995.602343
12462.067506
12760.769244
13123.306307
13192.517766
13245.788493
13475.198511
13743.223404
13659.257979
13793.317017
13863.734125
13841.256184
13482.455218
13612.390813
13974.357247
14511.613855
14498.415005
14892.110795
14883.759075
14584.866647
14478.888750
14608.603508
14625.787986
14667.023177
14651.757815
14358.627429
14062.463455
13507.349971
13312.654821
13579.606302
13375.430852
13406.076628
13661.227671
13800.205619
13737.413256
13989.060382
14059.063306
13961.505146
14008.979108
13926.590900
13491.260277
13554.576039
14056.819347
13881.762372
13558.443516
13690.019023
13865.829022
13612.464763
13452.423663
13453.653601
13721.887141
13269.621414
13161.401957
13470.681896
13898.934167
13689.451625
14126.510561
14213.442554
13840.779928
13524.545500
14146.805632
14103.634012
14242.348155
14435.202509
14404.643623
14024.025567
13738.566761
12961.391701
12833.497225
12690.675478
11955.518493
11589.552418
12031.841945
12321.279765
12230.885994
12942.027276
13360.234777
13254.198552
13162.600440
13364.799672
13279.426258
13402.581312
13660.855433
13624.063545
13489.907883
13194.715986
13015.135610
13156.867572
13315.328056
13384.865028
13785.752477
13790.635902
13407.499409
13234.246030
13314.187570
13308.192303
13472.016018
13720.059341
13689.294350
13532.874440
13428.831422
13476.567361
13452.757283
13662.794166
13866.217656
13564.372299
13315.396038
13114.476799
12741.925957
12374.043355
12388.566104
12581.615658
12568.300601
12512.031851
12786.736300
12731.853935
12125.482141
11980.728960
12045.070291
12008.479772
11868.536166
12286.385265
12192.996583
12420.760983
12583.156523
13196.400999
13077.959613
13428.451016
13729.675494
14017.062897
13785.586220
13946.414140
13649.167835
13099.704276
12653.581997
12986.792683
13179.480586
13396.024836
13701.648664
14161.257522
13907.683098
13910.209577
14228.559192
13890.449433
13279.599865
13207.452962
13292.394631
12843.757630
13077.961422
13357.173835
13142.254393
12953.958502
13324.309959
13412.991699
13285.614497
13400.214800
13549.536893
13365.578424
12976.063449
13040.754756
12968.626103
12646.103631
12511.781914
12739.144958
12563.991814
12536.170644
12331.871101
12328.020013
12051.074701
12152.321674
12320.610925
12448.391467
12504.165856
12662.655420
12840.598938
12854.780894
12999.533608
12882.704578
12783.610458
12692.872795
12567.310120
12662.654437
12982.960294
13327.228897
13383.406267
13440.908334
13412.804066
13492.940600
13570.744790
13770.155848
13763.914946
13473.956716
13369.772355
13484.326307
13484.326307
13463.211144
13829.296450
14130.320338
13729.705713
13616.784884
13831.357990
13714.677147
13616.907525
13980.995099
13751.291134
13708.553654
14044.261486
13813.126914
13822.018275
14228.635901
14789.716890
14850.247876
14806.715976
14661.283896
14744.059800
14361.883209
13952.536015
13792.233237
13486.688630
13242.231421
13023.292225
12936.499726
13346.175887
13800.727745
14007.140151
14238.099800
14625.500029
14685.683582
14695.086900
14660.229961
14479.151258
14185.186756
13741.175427
13166.922675
12408.937632
12388.044316
12042.057092
12010.893063
12457.509081
12864.274496
12576.056726
13049.523802
13365.990602
13199.553720
13285.976081
13436.501187
13120.658650
12906.252093
12848.450290
12999.301645
12918.432746
13141.708283
13300.082143
13279.798371
12994.735206
13177.431706
13116.430223
12709.453115
12663.196867
12893.243050
12723.581303
12768.921892
13238.560935
13234.453784
12985.480738
13236.058658
13067.199881
12900.797248
13047.933444
13018.785291
12560.687037
12497.878384
12279.729033
11850.031508
11871.888799
12284.083412
12609.636544
12808.494615
13123.985896
13177.134791
13195.534065
13251.838519
13147.358416
13162.627474
13117.750327
12450.582753
12004.308521
12121.452236
12183.819654
12143.279840
12998.922320
13460.546298
13574.379331
13807.950289
14027.231751
13785.145258
13436.431317
13250.344843
12860.397711
12767.640579
12525.935824
12583.533285
12854.468078
13486.815335
13644.760574
13751.084810
14086.258138
14146.975294
14051.955953
13946.238119
13962.690037
13440.949783
13172.689161
13152.870281
13452.308025
13804.785731
14471.520403
14842.005552
14945.369068
14671.510955
14607.212059
14444.975476
14290.308291
14117.570838
14457.331395
14534.105323
14382.421613
14258.642931
14349.712912
14306.651244
14318.040990
14386.168602
14672.412353
14455.625894
14321.314772
14068.944823
14023.231640
13429.775638
13195.895210
13332.439401
13387.787450
13478.894914
13749.661749
13974.880669
13721.594257
13515.208951
13058.161150
13099.676647
12794.011282
12681.273542
13300.027853
13457.310530
13247.314153
13925.086141
14063.807422
13524.514830
13582.709682
13758.642561
13323.193065
13461.723456
13814.042311
13946.536571
13903.030551
14195.617796
14210.731423
14268.166429
14601.239786
14785.382150
14727.135264
14512.605398
14465.752187
14309.996887
14409.579135
14305.623844
14377.134370
14079.867461
14032.691831
14001.853000
14118.977140
14339.884721
14745.430964
14390.198904
14177.554658
13911.496654
13897.316462
13885.851342
13995.895422
13989.094462
13873.205696
13511.461273
13054.708371
13193.370592
13784.701014
14091.572619
14312.838757
13981.262284
13436.105861
12476.745533
12221.065697
11985.213037
12471.105345
13214.814082
13666.353316
13867.825619
14069.193578
14075.430854
14050.060552
14313.601239
14381.228330
14372.633056
14340.588362
14056.950586
13861.964437
13855.406469
14162.830986
14785.236946
15508.659584
15733.585935
15866.002509
15878.879357
15343.602626
14620.580601
14111.604956
13760.212035
13085.397713
12978.894086
13258.053717
13178.027407
13286.165864
13970.468113
14463.714320
14454.845784
14788.934572
14749.144936
14253.431042
13737.542899
13784.906021
14124.895503
14454.489161
14735.500745
14714.066812
14982.550419
14621.110588
14309.494755
14079.791164
14096.728960
13906.611666
13789.689583
13873.900341
14146.827529
14163.947396
13741.594421
13984.269762
13945.712357
14023.148251
14140.374924
14661.626237
14950.105573
15582.359466
16119.572926
16716.513760
17143.016797
17684.517770
17777.521467
18228.323844
18590.891642
18723.609370
19063.178801
18792.235835
17980.672880
17859.236072
17694.630866
17103.547306
17733.598879
17967.552894
17859.234197
18127.542591
18084.599309
17466.997631
17040.976432
16848.051180
16684.721854
17510.200195
18205.420483
18348.282052
18643.432363
19228.120354
18305.510956
17480.994550
18097.426604
18046.836507
16738.614584
16220.949056
16320.297208
16268.902465
16327.933907
16882.396758
16469.079053
15877.607052
14957.557402
14324.697809
13873.855784
14995.994865
16589.845120
18044.865048
19379.036157
19699.337202
19796.663464
18825.955735
17596.217547
15663.060721
14695.436084
14355.465578
14238.528221
14439.447749
16147.354376
18107.094000
19521.918348
21011.426355
22798.817437
23365.460619
24160.285293
24283.596514
25039.158353
24257.428500
24553.296224
24442.323908
25116.285421
24914.730987
26205.953179
25975.693036
26266.205326
25744.366625
25917.768082
25833.089304
25746.312339
24420.892171
23794.414070
22908.615286
22337.179369
21502.524104
20007.857551
17907.717380
15915.059638
13573.938736
12204.656606
12213.421486
12241.187081
12321.093506
12310.054538
12361.245385
12822.895312
14133.017144
14981.562679
15607.861473
16036.990534
15961.185041
15272.864047
14353.950078
14167.750368
13714.843390
13689.509217
13444.626269
13535.453375
12636.634090
12349.989940
12005.489287
11726.176554
11208.877070
11243.240345
11011.460785
10636.973293
10407.273110
10472.447296
10559.627164
10612.956422
10709.801426
10872.154591
10820.209293
10721.238517
10803.554765
10563.497275
10331.140693
10342.167396
10301.273339
10182.691004
10164.676314
10091.675505
10008.698542
9939.941016
9946.120338
10143.455578
10054.707313
9993.755167
9822.414618
9682.021707
9381.174254
9355.315307
9288.009025
9429.281075
9454.674932
9513.481712
9681.676318
9528.041427
9450.796648
9441.641465
9407.595088
9167.144982
9342.432984
9420.609695
9293.907340
9231.108289
9413.384264
9438.541725
9326.245111
9437.090960
9720.573470
9631.825281
9505.427750
9520.620865
9287.783645
8986.413621
8967.038006
8997.352053
8893.261051
8957.068857
8893.729851
8815.731799
8683.935162
8822.936884
8889.213433
8821.682723
8799.656568
8916.608268
8873.569879
8847.771567
8937.349300
9086.131851
9216.519930
9409.094572
9680.848797
9916.896577
9912.690045
9728.863268
9609.825068
9493.388172
9260.533299
9341.409439
9548.744191
9603.165441
9836.651849
10193.736867
10354.010151
10672.493070
10780.976815
10661.952696
10674.537581
10649.269429
10378.738019
10330.685557
10458.317212
10566.371753
10479.516745
10516.127343
10434.493452
10111.380214
9816.690907
9680.413733
9494.197856
9420.344242
9441.645085
9548.117871
9775.399877
10152.229938
10446.861689
10778.179037
10781.863851
10829.891725
10851.785961
11013.904076
11010.107685
11230.337510
11518.343771
11679.239064
11715.583544
11942.963940
12183.521537
12287.332270
12491.635806
12592.517980
12811.232630
13055.919010
13359.556814
13195.119627
13064.885611
12860.642397
12602.703206
12315.560056
12657.061501
13246.368817
13552.095770
13573.757665
13807.482780
13968.177750
13824.795010
13946.376854
14277.702448
14320.797910
14075.839081
14219.607218
14185.180815
14172.049693
14286.890019
14464.419806
14230.221666
14286.057445
14919.966697
15234.163331
15509.400000
16098.220502
16472.473297
16186.432054
15690.715306
15149.091865
14704.854863
14250.845642
13596.502378
13531.911588
13835.156874
13789.568278
13944.852741
14522.759053
14981.534991
14985.856536
15349.641314
15602.703988
15737.241874
15856.293788
15926.655671
15892.597300
15695.663785
15646.224202
15353.053295
15290.763690
15012.548859
14838.809712
14425.816049
14600.485109
14908.566217
15019.438252
15390.746987
15541.618566
15343.061863
15234.184084
15453.232093
15325.984201
15756.730519
16282.973693
16343.835610
16094.332611
16257.973425
16117.216143
15576.093074
15662.318821
16244.952959
16070.478254
15804.274601
15907.764977
16126.398783
15829.267867
15905.219636
16408.278467
16843.651510
16750.309957
17307.509450
17854.490531
17742.474427
17608.414727
17614.264882
17267.698553
16775.113227
16571.715441
16127.292592
15727.033770
15475.653299
15951.245676
16377.942967
17350.941343
18272.649956
18695.252932
18296.366396
17916.983956
17514.350280
17308.879472
17635.378960
18463.739065
19670.227176
20568.517997
20909.048016
21357.347936
21563.090329
21312.010365
21114.636459
21286.349124
20865.772939
20169.109664
19625.947848
19345.974122
18893.249538
18716.033774
18790.245119
18931.583240
18587.470703
18387.846606
18320.429752
18481.889177
18577.549147
18706.984647
19126.937586
19842.185956
20587.769071
20725.863945
20973.298065
21072.783043
20822.149662
20056.597253
19726.100566
19627.716341
19238.101768
19071.414819
19018.526016
19077.194630
18924.706217
18574.618140
18519.902793
19157.629550
19309.023204
19865.164853
20918.258040
20985.209345
20825.243287
21092.258986
20853.873659
20456.238297
20175.911791
20042.550699
20211.921046
20280.586530
20099.099778
20239.762295
20018.011351
19819.297438
19501.375404
19645.527448
20018.007965
20007.704353
20185.398183
20924.004775
21614.220476
22307.947631
23374.066555
23378.749260
23211.626784
22666.210306
21717.936764
20921.023120
21213.209437
21234.880399
21808.634104
22646.884126
23269.171432
22952.612851
22591.029462
22082.468856
22036.670707
21968.600002
23056.295875
24290.298520
24940.244626
25522.646890
25929.826099
25631.956036
25441.122750
25211.906960
24693.820057
24421.785527
24716.467217
24890.078806
25323.331454
25554.479848
25888.621967
26113.180993
25968.562383
25855.267236
25728.478767
25626.304801
25272.472513
25777.256867
26303.367145
26057.308622
25426.421743
24623.132740
23732.973090
23115.758977
23867.029922
25054.409574
26245.242902
27278.708248
28157.482611
28529.692349
28512.347373
28400.597046
28348.934708
28688.895014
28974.670948
29046.624475
28719.578373
27743.408074
26354.823240
25451.543489
24867.154632
25127.739867
25798.603131
26004.731283
26379.572526
26786.621315
26782.314636
27250.072140
27796.420641
28045.250738
28448.158045
28862.763706
28388.226140
28299.945344
27572.032594
26803.384447
26647.143724
27151.390690
27728.079662
28507.572169
28875.701239
28372.550739
27432.881649
26477.842908
25626.397475
24976.648428
25075.916171
25500.802613
25925.460400
26158.854710
26930.152625
27623.376821
27852.560271
27930.763363
27759.066307
26882.822712
26158.810160
25656.612744
25065.624064
25060.691737
24859.570089
24617.036392
24618.879027
24764.162240
24636.158931
25124.266557
25824.342846
25940.696787
25988.832326
25988.832326
26370.888204
25777.239111
25963.653487
25994.902901
25996.194573
25312.718896
25399.134667
25634.795350
25710.759226
26098.061514
26858.695188
27020.953340
26140.065222
25986.220909
25510.011274
25510.011274
25776.454027
26884.556577
27666.230061
27597.145744
27068.552719
26676.513367
26265.326178
26011.448444
26284.326253
25921.577289
25250.253593
23956.874968
23238.099650
22906.979438
23161.427578
23529.926603
24322.773884
24507.044490
24586.763137
24680.131178
24804.071277
25351.614043
26161.732646
27075.694283
27137.400207
27243.181635
26778.006185
26113.029277
25388.899886
24938.971094
24544.682502
23507.348194
22274.997551
21807.716360
21637.946665
21002.569583
20983.866557
21206.742000
20871.247985
20839.234529
21319.390762
21967.969625
22300.313608
22376.253789
22170.814261
21773.953874
21273.728981
21484.000796
22165.949068
22514.622557
22711.189664
23481.041058
23608.447792
23272.488188
23018.353343
22408.658519
20851.954207
19907.819773
19323.070262
19392.720873
20073.258396
21338.222452
21926.670987
22448.486089
22820.711513
22787.816708
22930.830364
23170.989198
23461.676605
23737.350182
23998.137514
23751.542482
23716.486636
23627.388811
22992.550965
22799.661118
22792.841134
22463.916889
22177.998623
22127.047907
22135.694194
22159.980971
22354.195394
22573.039163
22432.772270
22344.370184
22513.081740
22662.886238
22874.568992
23301.512344
23392.282056
23074.271211
23301.513072
22778.090493
22607.942120
22587.956148
22651.119810
21905.740511
21807.110351
21812.750587
21645.727083
21809.921919
22511.998283
22884.455974
23378.822466
23674.073597
24087.477928
24221.661897
24406.021071
24715.934036
25187.691399
25196.310518
25449.881854
26050.375115
25724.742747
25047.414710
25051.177749
25172.427684
24893.296697
25016.103562
25492.473451
25111.536913
24645.422476
24448.455473
24382.998468
24855.447370
25736.234553
26191.258961
26243.648634
26269.380518
25708.681014
24764.151797
23800.152158
23654.252657
23803.664223
23725.623126
24306.024948
25007.415421
24812.561766
24808.806336
25347.878961
25689.637599
25865.522890
26330.749130
26352.352483
26375.464513
25769.403897
25605.402436
26124.931746
26443.631234
26650.948166
26924.272465
26922.229313
26005.267559
25443.615502
25328.246513
25447.508594
25954.766929
26547.920770
26701.990079
26525.121031
26566.277845
25868.646689
25335.933356
25091.600785
24962.034995
24781.479200
25388.649173
26443.548694
27038.167641
27575.174833
27681.267100
27949.735594
28090.430702
29186.132278
30146.085431
31289.512743
31712.018828
32144.501328
32244.783319
31980.407017
31991.579643
32351.173085
31985.240301
31636.433975
31276.732397
30239.547772
29338.361860
29139.287291
28901.150173
28862.646069
29491.150507
30166.091229
30815.461422
31319.639085
31522.843653
32023.075370
31817.284055
31000.902599
30387.140966
30268.199443
29988.042369
30326.337276
30965.118022
31182.299462
31651.729278
31823.163762
31898.800260
32143.949802
32760.260734
32789.185800
32736.094084
32548.988283
32300.404854
31875.581845
32245.710494
32371.651863
32252.580536
32298.220208
32309.902056
31756.617269
31600.261770
31405.366496
30967.690974
29846.029659
28926.337717
28491.164486
28350.037378
28830.750914
30193.803284
31584.464947
32267.201151
32676.171099
33276.463117
33817.868700
33954.431833
33988.864814
34181.506950
33397.720824
32548.281548
31831.124278
31814.496220
31392.274156
31348.608547
31290.881643
31567.977051
32003.375732
32434.643641
33017.013582
33320.459628
33218.982132
32863.623039
32558.499227
32056.219483
31739.422962
30890.447575
30240.268145
30346.498089
30773.193953
30748.403263
31702.574765
31967.201393
32465.244959
32213.827084
32579.047951
31814.789433
31501.096943
31163.236031
31243.086076
31177.144980
31768.392346
32294.398428
32680.631082
32730.010453
32768.221661
32681.207964
32545.277519
32031.942282
31544.429766
30414.846004
29271.409286
28591.321099
27861.321746
27244.732694
27526.346243
28120.276710
27708.797741
27433.530988
27392.727000
27330.569554
27034.172535
27555.758317
27685.714718
28146.914078
28631.943458
29103.665406
29237.749274
30173.290348
30478.324216
30768.052063
31068.589072
31512.693705
30734.970946
30011.880272
29000.679609
27943.893536
27324.583032
27543.244187
27699.175150
28051.799504
28798.878145
28493.904769
28393.613219
28517.753017
27685.063194
26593.159058
26079.971353
25928.844022
26133.936940
27444.963637
28935.068254
30422.125006
30879.039865
30849.040886
30228.426952
29441.243958
28788.749613
28619.734738
28905.475085
29908.669121
31879.032907
33019.744407
33475.108002
33234.354425
32563.082570
31158.196326
30311.204541
30077.027096
30170.157532
29958.109804
29555.326276
28901.108772
28249.289462
27684.537716
27470.027808
27099.557155
27270.452781
27453.975704
27597.167090
27510.610578
27912.784403
28233.612606
28439.320428
28654.423365
28883.118455
29474.418812
30243.088596
31072.766503
31363.455263
32231.196229
32257.385548
31765.628937
31035.771891
31042.140327
30866.417896
30944.012314
31008.918461
31093.349412
31056.895079
30401.212787
29827.389869
29152.966927
28570.492752
27846.995496
27853.488246
27976.967416
28599.324425
29358.526544
30551.731325
31469.577736
32038.646988
32333.303727
32842.790055
33115.602289
33398.009454
33662.473044
33813.598903
33911.530826
33832.933719
34019.911911
34427.358911
35144.152529
35679.472057
36402.449679
36729.520469
37112.518665
37162.998135
37314.634799
37326.794938
36963.984748
36533.647377
35893.662194
35411.471095
34848.488009
34625.076259
34553.312782
35080.127374
35309.691019
35742.952018
36522.058389
36937.725502
36571.857982
36160.453124
35769.193960
35319.884466
34965.524210
35088.830758
35248.476146
34986.857810
34749.099354
34872.744706
34518.206722
34542.852095
34765.986235
34723.605946
34191.597434
34206.015019
34016.295752
33877.141783
33811.802485
33856.820586
33852.348566
33705.346309
33670.918835
33449.421543
33010.630211
32451.510964
32494.346269
32082.877920
32378.456056
32829.193465
32910.876504
32398.084124
32475.895434
31967.648400
31725.520168
31940.600318
32516.636072
33100.830572
33177.372570
32960.806365
33110.398054
32872.013661
32425.886114
32475.075413
32572.501117
32745.159417
33096.467945
33365.210303
33596.980462
34048.611581
34185.794240
34053.421865
33852.055537
34096.106586
34245.523651
34064.203139
34046.204690
34186.467564
33894.210693
33755.201814
33933.540025
34398.958005
34954.498201
35524.294060
35606.094111
35816.641545
36009.931409
35996.168520
36234.361557
36619.745104
36663.577226
36210.118629
35757.813069
34901.786163
34362.801125
34104.418014
34066.010136
33949.114844
34512.230713
34791.444133
34803.884200
34569.980521
34927.883761
34900.501167
34525.469190
34668.519293
34876.920742
34960.766044
35132.429448
35570.084453
35979.567533
36649.252203
36657.037943
36381.383339
36565.353892
36389.440693
35954.394391
36240.550436
36246.869999
35863.345266
36186.651825
36246.869999
35945.857694
36336.265410
36814.921261
36527.426380
36139.861239
35338.333786
34321.177117
33827.181107
33234.180140
33088.656302
33066.609189
33213.650284
32435.790695
32106.709872
32136.955678
32891.312767
33504.972810
34461.511176
34953.868362
35182.959161
34739.403998
34745.889388
34628.239936
34730.695794
34877.475813
35428.123572
35521.186447
36358.723215
36766.285450
37130.581681
37397.017333
37821.409301
38057.625382
38600.872297
39016.933051
39415.694092
39485.230197
39433.766883
39327.123440
39192.764523
39781.677740
40126.190729
40288.611636
40801.761447
41193.481906
40554.956864
40566.244509
40598.321178
40518.320131
40634.581507
40803.506542
41075.667025
40921.150738
40765.919508
40646.721744
40919.952664
40732.449940
41012.641346
41488.645731
41822.275778
41599.493552
41310.234957
40988.040333
40663.085989
40539.042525
40948.790879
41118.795792
41438.464787
41540.028055
41201.178264
41145.012903
41435.349297
41232.095646
41045.106941
40937.483331
40235.772048
39929.562313
39828.425164
39557.747835
39631.413470
40244.202437
40322.726053
40710.339968
41043.967773
41212.485321
40881.483930
40807.271513
40570.855695
40252.642388
40527.379248
40627.811459
40735.869606
40865.231091
41118.975991
41056.357569
41185.775270
40718.631664
40318.700270
40309.831290
40038.332760
40062.242805
40453.483644
40824.155931
41228.707318
41512.527868
41128.425463
41449.790572
41200.993393
40663.277550
40453.544574
40741.540380
40181.055264
40400.060945
40973.902035
41430.211721
40815.617242
40758.036746
40198.861803
39248.747147
38876.107842
39768.806825
40072.117237
40338.437180
40816.705415
40747.975152
40314.492525
40435.731198
41167.445233
41182.793479
41113.553516
41031.438704
41201.117042
41056.357569
41192.974594
41406.520030
41632.142751
41366.534147
40897.289311
40780.163266
40656.453081
41241.294874
41838.209456
42282.274650
42370.644091
42576.373940
42210.374907
41394.897245
40978.524530
40844.705245
41087.395276
40998.220775
41189.606367
41374.036542
41823.848780
41540.318711
41614.081986
41871.189696
42089.628281
41838.287274
41890.988535
41970.129189
42376.061918
42350.008395
42759.712518
43240.787596
43610.915708
43812.530477
44522.479932
44834.696806
44923.541930
44618.148445
43989.831295
43315.949903
42666.310182
42016.357028
41964.735351
42104.629686
41719.269171
41578.191663
41638.775045
41719.269171
41866.189902
42563.131143
43189.080780
43520.225598
44245.905845
44352.105561
44270.217358
44317.931549
44360.493363
43553.084961
43523.020417
43642.737704
43462.760783
43473.915246
43841.271488
43512.436630
43430.093923
43436.682591
43200.608375
42648.404421
42538.135708
42301.764551
41914.074439
41619.659486
41537.544838
41866.430888
41585.108580
41426.843299
41194.472243
41043.934444
40419.474400
40245.342463
40466.762749
40544.403957
40780.429969
40867.690953
40911.203182
40168.177577
39706.956276
39308.997004
38822.530904
38560.110653
38648.859726
38893.392099
38759.212520
38974.043548
39266.626152
39894.700379
40634.017324
41445.445956
41975.067781
42006.960873
41653.951952
41493.713437
40943.583563
40791.071506
40751.690328
41161.062017
40919.545543
41142.151032
40925.288429
41159.595849
41189.579495
41678.726523
42068.300811
42907.141216
43098.601856
43382.413476
43347.708974
42987.622799
42452.278356
42162.337029
41922.131947
41785.506737
41969.598430
42250.047027
42237.601908
42182.240539
42133.039871
41936.055133
41924.925251
42226.188481
42436.852281
42449.296239
42720.275621
42980.835658
43494.986981
43486.110187
44118.645499
44761.324680
44876.657674
44575.230235
44531.578342
43986.212597
43669.877226
43474.116797
43500.187253
43979.130146
44009.855104
43821.088355
43589.578484
43214.695562
42521.921950
42651.477196
42978.895466
43690.207184
44344.417973
44784.046403
44831.699249
44948.561382
44283.662285
43774.198264
43773.122077
43796.264818
43296.347937
43665.884164
43159.249260
42603.129015
42147.394837
42320.936861
41868.485229
42338.162217
42661.199096
42949.093299
43120.526284
43702.267786
43989.981952
44024.581000
43871.393883
43949.540043
43702.431689
43750.460189
43624.852541
43280.980289
42767.257959
42565.086089
41952.610374
42015.476530
42067.812791
41512.672882
41277.346394
41571.424946
41052.373642
41212.466866
41943.538480
42250.054155
42115.914294
42514.216349
42763.339061
42799.769438
42915.207307
43161.289536
43122.578872
42548.856575
42709.780960
42846.936932
43039.708652
43553.086333
43929.996945
43828.217002
43781.504401
43290.241721
43129.763100
43159.792437
43001.517516
42406.903010
42324.917739
42019.330734
42092.702587
42242.392356
42711.712523
43432.915497
43874.507363
44240.425029
44119.174677
43858.363966
43312.269442
42851.363800
42931.776125
42831.745446
42795.751124
42806.581729
43195.756897
43291.320765
43804.933677
44635.408794
44903.946202
44819.137482
44313.095057
44318.628682
43809.519657
43077.910494
42173.972664
40453.319807
36537.026729
32767.952493
29678.618630
27056.199677
25752.822050
24990.341819
24626.926801
25237.807112
25309.621770
24156.849563
24605.616835
24815.844872
24391.840372
24087.892724
24173.039283
24081.733160
24313.407353
24238.414440
24456.616079
25188.049749
25470.698476
24473.845351
23592.653653
22416.528719
21631.968805
21606.603294
23219.300381
24156.635678
25358.926654
26289.578115
26733.245026
26393.772140
26311.287581
25982.394765
25574.482468
24639.722150
23641.356254
23060.647870
21997.286329
21584.490098
21896.273600
21566.508941
21337.473394
21932.731979
22316.271170
22584.846891
23688.880914
24434.298743
24462.041210
23868.387190
23712.730300
23397.972630
22469.113066
21889.317013
21612.325731
20739.603810
19919.395721
20146.493199
20348.008665
20090.018338
19626.627535
18645.440703
18069.169576
17530.826928
17166.700398
17596.910704
19107.478318
20233.119135
20587.340951
21517.762130
21617.761576
21638.375780
21162.331873
21470.416750
21030.411686
21188.524095
21470.780559
21250.132452
21113.917323
22048.740855
22299.959923
22483.073741
24037.416133
25094.997850
25643.008533
25485.200847
24915.081743
24372.043257
24204.869019
22437.476765
21339.993987
20625.806215
19779.292611
18787.340450
19670.910075
20478.741657
21757.467300
21610.358811
21125.837198
20326.124320
20577.284744
19581.117517
19306.571521
19951.687967
20507.800505
19921.345682
19424.086597
19045.312039
18512.375716
17546.315683
17148.325608
16805.639931
16781.920790
16078.909729
15380.928267
14658.135405
14485.592297
13470.406163
12720.514827
11941.065223
11241.694114
10153.930702
9829.146222
9478.049523
9764.020686
9941.597073
10391.795221
10474.539957
10840.076786
10910.129437
11096.225581
10983.251973
11048.824442
10890.538999
10704.286218
10368.584305
10126.474205
9996.361148
10026.927072
10323.489073
10410.197429
10641.610982
10524.154343
10546.227901
10336.538104
10391.994542
10111.856042
10111.856042
10177.074921
10183.542503
10122.591759
10056.827955
10098.312208
9910.305630
9861.762167
9858.090559
10117.278668
10177.649868
10372.295699
10374.868326
10519.457331
10479.394559
10583.595850
10735.322473
10970.223302
10927.740915
10968.261470
10877.216133
10820.398903
11011.041807
11442.001575
11720.067373
12222.289669
12703.777419
13062.644451
12895.172059
13334.599364
13677.344692
13516.651500
13346.118874
13767.551164
13851.333533
13831.308098
14349.046545
14801.521678
15596.269499
16307.975752
17026.321053
17726.848530
18601.351981
18670.838581
19509.593427
20148.686577
20663.865723
20991.081763
21883.718763
22609.158214
23352.098008
23848.824174
25407.696201
26696.423700
27743.546433
28988.412937
29939.110671
29874.188896
30209.972459
30460.526801
30798.212156
31623.337876
32793.089301
33700.291430
34216.106469
34967.662600
35871.599227
36473.623697
36533.977128
36584.391425
36673.317743
36534.887307
36580.065400
37321.184077
38168.906162
38809.454009
39688.720442
40338.436892
41031.460999
41426.727653
41374.161951
40859.442555
40421.137612
40013.920205
40050.523050
40091.572757
40877.906547
41263.554056
41224.434842
41283.802056
41554.776981
41474.358451
41663.260560
41636.536945
41325.011008
41385.425682
41417.700278
41303.320438
41417.700278
41453.851287
40877.886139
40620.032485
39714.803674
38162.048997
35942.968143
33642.499366
31130.248333
30028.171085
29131.201069
28704.767829
28604.969335
28207.305172
26752.992608
25921.625987
25583.608768
24750.341600
23914.269770
23505.156973
23336.441120
22830.890165
23666.191135
23696.978356
23057.571234
22395.659739
21773.566127
20568.508239
20086.518636
20367.634773
20616.953287
20691.013063
20329.544336
20305.515817
20469.935908
19537.191954
18980.394407
18705.688966
18975.656039
18601.278641
18852.631583
19445.219440
19776.107059
19540.524984
19221.904569
19029.126542
18893.012056
19125.223024
18967.116338
19458.330267
19473.899617
19274.039450
18843.430542
18550.814995
18120.432918
18245.283730
18174.588962
18335.150843
18974.588702
19080.461103
18992.112458
18980.646645
18383.368701
17525.709923
17244.902246
17434.783239
17271.572425
17369.212593
17656.914395
17621.887693
17072.462186
16766.464762
16946.102953
16718.701929
16843.954570
17132.239292
17397.658840
17361.229332
17267.587774
17380.230626
16942.538679
16768.637342
16697.067215
16898.437399
16335.929513
16526.339691
16732.480896
16297.382128
16249.979389
16607.990751
16422.102368
16170.157817
16358.335749
16429.477465
16583.809744
16654.918198
16956.588175
16941.256354
16614.121846
15891.392406
15759.087817
15087.538057
14925.490473
15505.671062
15866.869592
16109.835040
16768.393728
17584.851950
17513.566061
18158.870996
18303.983806
17798.143822
17092.304616
17010.100604
16698.026155
17237.420866
17950.813139
18383.887376
18215.195887
18074.747385
17736.698591
17092.899876
16943.619699
17116.875575
17091.418959
17279.243660
17700.645177
17758.136696
17693.361730
18022.509031
17745.472203
17568.975166
17513.011098
17590.891012
17259.091850
17183.223356
17066.684308
16824.383319
16505.678549
16310.798207
16161.828589
16003.769662
16013.166091
15861.214308
15807.138754
15984.952222
16732.530323
17293.452892
17921.315860
18744.336856
19314.162312
19809.033196
20334.727445
20562.919794
20995.835197
21049.738763
21299.901155
21131.548666
21240.571039
20675.244377
19879.445538
19015.064961
19049.436333
19041.058207
19275.305629
19556.474497
19732.912031
19438.647377
19167.837805
18968.234202
19328.160922
18817.998016
18476.492300
18155.682346
18055.867870
18389.011936
19307.333469
20456.784009
21688.753482
22825.984392
23096.486802
23630.020325
23257.210675
22798.764353
22982.464880
23047.642036
23158.229935
23095.596597
22856.900148
21856.906141
21864.906604
21459.388934
21751.495064
21814.852021
21002.391046
19765.637725
18302.653773
17167.244566
17013.561633
17728.596633
18660.226175
19314.137961
20663.232349
20799.295427
20229.844918
20292.696184
21182.609790
20535.025028
20333.763146
21031.035250
20948.291294
19899.087546
19354.004476
18853.452408
18715.792288
18536.845839
19701.260614
20338.300833
21422.774547
21606.776898
21162.570760
20043.045420
19380.378573
18716.055049
18571.118668
18921.981633
19563.694657
20312.983027
20765.778253
21319.334764
21081.469288
19921.619902
19605.782253
19125.176922
18055.282282
17661.182740
18170.881294
18186.015731
18623.015580
18534.914163
18144.391069
17758.019726
17470.176882
16699.389635
16634.703961
16429.789671
15961.311280
15460.265883
14889.065374
13948.636610
13513.085935
13200.641357
12326.436528
11672.142883
11706.920362
11838.835230
12108.825327
11998.692441
11992.092826
11658.797835
11563.324510
11210.271810
11321.104901
11496.166551
11394.387634
11253.400246
10892.070259
10903.568851
10838.751922
10953.451512
10875.254243
10891.900489
10649.850437
10369.959510
10307.865037
10299.081004
10341.171309
10337.462962
10246.261138
10222.711877
10146.527056
10144.254759
10188.148733
10246.306075
10265.479725
10183.438512
10173.156430
10193.975435
10350.743976
10218.055160
10139.478268
10095.445208
9784.277238
9563.064643
9612.522379
9723.237114
9646.691768
9926.112374
9997.149961
9919.749171
9891.012308
9900.507901
9809.183026
9763.604031
9900.506834
9858.922664
9635.267386
9659.771580
9581.666809
9659.771580
9720.448930
9883.514444
9883.514444
9809.963207
9526.257407
9414.084497
9677.181592
9666.983817
9750.594106
9861.296789
10086.316550
9983.079133
10131.897083
10528.671554
11176.095791
11312.214761
11636.415970
12057.626419
12422.991865
12345.456455
12642.239738
12673.632828
12742.896137
12923.073231
13017.999185
12897.096113
13300.344004
13658.024872
13726.939743
14062.810461
14487.747842
14652.922372
14529.125478
14516.077262
14746.031712
15321.761895
15521.749488
15729.400147
15926.395574
15970.382541
15866.040150
16171.337605
16756.583142
17239.292519
17813.707729
18695.040625
18917.784134
18980.536501
19543.525633
20648.433030
20975.081799
21247.331721
21088.915151
20532.606751
19359.085778
18890.778648
19107.462370
20190.424016
22007.715248
24110.318300
25758.280374
27189.919647
27926.026528
27576.706000
26931.437149
26682.354830
27591.984759
28980.615326
30651.640721
32910.847015
34848.666767
35481.533959
35789.123986
35888.879872
35286.763961
34791.435322
35120.655524
35771.610470
36311.117470
37192.926511
37662.856545
37809.379796
37688.323622
37898.622836
37410.933645
37292.217403
37379.038258
37442.110052
37380.681544
37727.320480
38229.955210
38763.137963
39319.457026
40027.899264
40560.375144
40718.615740
40378.758014
39675.768373
39162.057095
38512.485801
38445.340167
38368.986335
39111.836857
39800.374104
40330.681644
40448.068955
40883.413082
40415.731958
39844.544160
39731.716543
39645.169292
39111.796555
38931.448355
39133.811999
38955.786664
39182.682278
39563.141861
39809.782063
39864.287520
39853.478043
39548.123245
38660.708276
38186.365591
37804.875245
38032.864892
37910.991445
38346.371990
38734.497747
38822.575195
38556.917213
38967.944117
39513.807286
39944.777335
40204.761283
40371.079792
40615.822743
40129.549035
40001.964772
39904.533517
39977.881442
39579.226598
39968.282448
40046.704858
40186.963912
40527.338253
40812.796584
41052.531483
41663.635054
41897.448681
42034.485824
41935.010049
41582.122176
41592.825636
41705.426732
42153.504829
42773.335241
43338.124546
43173.676218
43224.893369
42681.996139
42489.172795
42102.259485
41883.661864
41734.160301
42014.104827
41935.786558
42211.237185
42261.532438
42201.111606
41966.921495
42016.462324
41853.301149
41892.386377
42275.634981
42637.493401
42672.170859
42670.010687
42533.316754
42659.274211
42562.083026
42500.608076
42755.709299
42673.452403
42424.743309
42152.093489
42203.968327
42282.329168
42677.841053
43063.916532
43464.606012
43332.581292
42948.118646
42469.872749
41901.957771
41692.094684
41862.623790
41582.372973
41344.355517
41193.060928
40988.904114
40485.011977
40518.556970
40741.563237
41038.367191
41131.272590
41161.332740
41378.415835
41150.727534
40705.423923
40187.051973
40150.413570
40023.152757
40244.192555
40443.185669
40648.634391
40668.463405
40821.791320
40862.532241
40706.415661
40544.215186
40771.278781
40716.706336
40319.633087
39078.949275
37444.196329
35113.577133
32540.175268
29966.231201
29191.543805
29585.541132
30410.854547
31890.799838
34019.854978
35082.905080
35668.147905
35674.563705
35557.815237
35732.787906
35687.661816
35569.030542
35300.035417
35236.314658
34499.932304
34092.844142
33575.261059
33694.624145
33437.379764
32772.556354
32298.448400
31670.258320
31146.153707
30491.962746
30131.712087
28768.442663
27901.473923
26033.123058
24095.718903
21877.924892
21379.547288
20095.385186
20080.624524
20294.538786
21539.638059
22705.614042
24556.293621
25648.209794
26438.719739
27519.525350
26862.889103
25413.993099
25047.841186
25621.392135
25880.872825
26559.050932
28663.904444
29010.862050
27991.128183
26585.279353
24599.784560
22170.391848
21931.988519
22396.619122
23281.185238
24861.442622
26921.225828
26591.798446
27046.337935
27665.699781
28878.355297
29173.595627
30957.467182
31536.815008
31329.469176
31712.429161
32329.987999
32845.228952
33493.348199
33005.609441
31747.943136
30901.112532
28694.390745
26525.490061
25137.550619
24277.320199
22488.849212
21340.699780
20816.097733
20422.187027
19807.662854
19164.296112
19335.439400
19354.295836
19423.958969
18220.051727
17205.918970
16183.732435
14559.140765
12982.243302
12852.383540
12735.711420
12229.264829
12080.413289
12168.527796
11835.275757
11564.133358
11239.888852
11020.970477
10832.705857
10603.080196
10429.933844
10523.188904
10624.763132
10550.900191
10728.592738
10696.291043
10620.657640
10416.642794
10349.919684
10047.786815
10094.005872
10011.177392
10034.815524
10041.290124
10067.332735
10121.790038
10102.521302
10019.309774
10021.341152
10207.744900
10369.747607
10452.129232
10745.807002
11033.569394
10968.516938
11282.930371
11371.371245
11454.705755
11367.298420
11304.991742
11148.362025
11610.226416
11580.644072
11794.876479
12164.980743
12225.518118
12329.473195
12602.018768
12583.751068
13088.352873
13445.854522
13578.718729
13671.932397
14016.216046
14000.999843
14208.751474
14919.255343
16609.753662
17763.968094
18452.951288
18979.730091
18940.050828
18255.560539
17894.761235
18325.615699
19373.943017
20567.327903
21788.030422
23167.769588
23705.029305
24087.772745
24740.263389
24903.279947
25487.459039
26848.206715
28076.675914
29570.182528
31724.532898
33188.659125
34231.919314
35079.439502
35266.805274
34933.211174
34723.302068
34649.846556
34491.413838
34614.792393
35681.718046
35960.498858
36543.828874
37444.228888
38022.296373
38096.548822
39239.837680
39848.740882
39993.619204
40059.552100
39821.140267
39654.077366
39645.709121
39737.602113
39962.247368
39919.725562
39954.818989
39751.511596
39620.760867
39619.677672
39871.638877
39676.857613
39249.985560
38893.232576
38522.611895
37887.321304
37713.905974
37794.944750
38104.663250
38327.266922
38454.508491
38036.647532
38234.051460
38086.881656
37809.379438
38255.296975
38766.619243
38420.369842
38346.371111
38106.037159
38033.737260
38029.469163
38440.878306
38445.335896
38356.418977
37846.791960
36913.619398
36358.575514
34611.856340
33432.648453
32023.031404
31400.642179
29878.699396
29417.162581
28518.267826
27975.576569
27359.449878
27020.444595
27559.213282
28172.380221
28191.778151
27233.705546
26240.142110
24973.205771
22926.260274
21985.539381
21818.839244
21702.309740
21613.062453
22548.532392
22646.667502
23166.670390
23662.313165
23125.261346
23005.534831
22407.056991
21321.750343
20613.514279
20137.027142
19713.026970
19513.367705
19049.392296
18551.514245
18383.184472
17666.309719
17634.383241
17549.653815
17235.993307
17237.745457
17355.301902
17571.287263
17926.841236
18561.136049
18924.609379
19230.192812
19134.988540
18953.201365
18954.890293
18883.543266
18566.475910
18174.068206
18124.981765
17686.728315
17600.605368
18369.812797
18316.033356
18121.226585
18294.813511
18272.582589
17445.770445
17604.302232
17844.894693
17901.679001
17888.260292
17828.341714
17704.735076
17797.893157
17841.051920
17886.960710
18415.069688
18795.541303
18873.310997
19238.513044
20042.686287
20224.612625
20439.201943
20807.224408
20497.499151
19568.076624
19131.188652
18948.202751
18443.573852
18363.703270
18491.529832
18511.060596
18435.186353
18612.297519
18755.554070
18477.833442
18261.236940
17887.372777
17831.374904
17647.112897
18004.742323
18169.347455
18360.373844
18185.274301
17900.963587
17994.183633
17803.692569
18088.192104
18666.197270
19135.968898
19053.899387
19638.562903
19489.785051
18859.983905
18736.579947
18911.843503
18022.062994
17337.964164
17287.925498
17162.692927
16647.107186
17034.575496
17145.184313
16956.643544
16930.695060
17669.144669
17916.239575
18695.294245
19189.201618
19834.838434
20016.283839
19782.487309
19427.708940
19447.708263
18674.669293
17875.606999
18252.353032
18398.733495
18920.968277
19628.524391
20092.464516
20222.172676
20863.464915
20932.712616
20796.525557
20295.706999
19789.427777
18960.921678
18816.198656
18517.453467
18449.574126
18549.894287
18736.567019
17510.591797
16921.767305
16936.581900
16525.574348
16421.500858
17434.743291
17588.968416
18169.289672
18528.419277
18706.731221
18836.484120
19770.312029
20357.156533
21377.762878
22475.315954
22817.381881
23313.476027
23737.319448
23846.189209
23665.553000
23338.023999
22849.301349
22307.774254
22030.016982
21773.657128
21868.963391
21507.308525
20387.507067
19778.935659
19478.963263
19637.916509
20226.389342
20999.728837
21714.432686
22317.156868
22949.254523
22566.819580
23103.572452
23497.441776
24043.358695
24199.636540
25362.124121
25862.678386
26282.982816
26370.258727
27212.077866
27647.838161
28024.542682
28129.892857
28410.739901
27681.262508
27108.777408
27066.138268
26960.355037
27045.335610
27406.794803
27848.023060
27748.856448
27943.883981
27113.546205
26935.980701
27128.490675
27457.922546
26729.986279
27233.384649
27029.503456
26416.721303
26737.154847
27209.821858
27375.040748
27459.182950
27840.888253
27872.941934
28098.131066
28626.570923
29229.380917
28926.368777
28611.906295
28967.189815
29024.307523
28546.173387
28283.596771
27664.820370
27381.407541
26503.370389
26575.744878
26196.168442
25529.028077
23638.368008
21910.107375
20378.208017
19842.007617
18643.809066
17712.343583
17224.378509
15864.872737
14478.724509
13830.663631
13629.383576
12881.663239
12686.074410
12422.601321
12004.401315
11543.349441
11528.227381
11348.707359
11306.879081
11211.747776
11110.261118
10950.832157
10723.880171
10405.291471
10353.409459
10074.257858
9834.138786
9504.511915
9463.923428
9405.206606
9474.622944
9504.284086
9708.173624
9645.256310
9514.885399
9510.566310
9415.232422
9376.422529
9296.517493
9168.373453
9103.069638
8939.366361
8965.873569
8814.549673
8740.063987
8574.000142
8545.654235
8334.318922
8336.721425
8446.371061
8477.234059
8460.186678
8460.186678
8601.113745
8555.635054
8614.065007
8793.970687
8786.090002
8710.240287
8775.137967
8989.615837
8976.544075
9082.869865
9232.016401
9319.465939
9225.601444
9327.626049
9514.163101
9585.236686
9761.082730
9940.772265
10240.320245
10507.031006
10400.375376
10285.921616
10361.008363
10263.814789
10105.259103
10454.441834
10560.099926
10863.344866
11043.747580
11294.891643
11628.351674
11985.766815
12121.033501
12339.351896
12781.195400
13352.336835
13930.767650
14309.865569
14447.665825
14666.714782
14802.736429
14838.046903
15078.418721
16022.878243
16820.617039
17435.109558
18307.651970
19537.935307
20230.303478
20776.566621
21261.388739
22298.836890
23104.065440
23741.823831
24285.280777
25563.228730
26024.213701
26180.017834
26700.431109
27179.120127
27202.886544
27357.271363
27246.379298
27333.458725
27610.472432
28116.942881
28504.976487
29531.382473
30421.578202
31278.871279
31551.823327
32541.304752
33084.944615
33195.815899
33349.217529
33338.858864
32829.261542
32249.279210
32123.452318
31911.142541
32825.089032
33986.333455
35267.481982
36351.929823
37390.683509
37650.693597
38230.863960
39006.179840
39858.422732
40761.329380
41653.695916
41913.972369
42089.300981
42243.143560
42642.511893
42737.758649
42956.809074
43355.267428
43488.234980
43157.660253
43174.293743
42953.948280
42978.349077
42949.508151
43500.010980
43871.087435
44493.908136
45247.474311
46335.236824
46790.125610
47296.775046
47218.815627
46376.386991
45734.943998
45288.668497
44814.735312
44500.330183
44370.594661
44060.789582
43687.740606
43436.690216
43874.120491
44150.957117
44113.568276
44127.994087
43844.943499
43131.796234
42218.709946
41907.822109
41886.464699
42014.496108
42111.781420
42278.496068
42265.954017
42196.480702
41856.877356
41385.885314
41526.998123
41612.792955
41529.835193
42168.623864
42874.884508
43033.050435
42892.719963
42710.900155
42188.891693
41428.775539
41149.549324
41295.535212
41549.321110
41906.784338
42409.338515
42744.256669
42725.675014
42489.182721
42196.514796
42044.805957
41676.661270
41327.872270
41401.841081
41672.377529
42059.917693
42569.430699
43280.961257
43893.761128
44118.698963
44530.388562
45391.966983
45441.239078
44999.029922
44717.166426
44360.446608
43833.572334
43816.869522
44063.377768
44232.733140
44070.528045
43498.744544
43247.999064
43102.723007
42979.250473
42931.846391
43250.111383
43347.751473
43194.320083
42819.410712
42424.894896
41829.843232
41160.506695
40695.262792
40766.112563
41349.077638
41831.423845
42851.381522
43784.888883
44213.628761
43865.127555
44179.051299
44040.763347
43733.472770
43676.624427
43921.986630
43960.908697
44281.932609
44136.787789
44500.280031
44682.054574
44558.685744
43564.760248
43376.350910
43055.682127
42677.288511
42315.088918
42661.233794
42966.318225
43029.680153
43235.432244
43049.387575
42931.975137
43150.959639
43131.535119
42854.591400
42999.317627
42631.659784
41808.602821
41369.241704
41308.915951
41148.828723
41477.665944
41440.914605
41159.657052
40680.714090
40646.459021
40539.418684
40784.568455
41066.123707
41315.205706
41817.966511
42144.963104
42289.788917
42225.439297
42328.750773
42321.856377
41880.527103
42209.979512
42307.461531
42867.955471
42549.130822
42741.308842
42387.985798
42563.143977
42381.167028
42448.874578
42773.430643
43271.831864
44014.579365
44072.948611
44127.368739
44159.290659
43965.470149
43034.075625
42928.446484
42943.904013
43039.688467
42963.815398
43011.560786
43513.550185
43773.429810
44168.657194
44699.670717
45247.395769
45424.740860
45304.171565
44749.106730
44723.245283
44487.066755
43949.647762
44062.803173
43799.110499
43168.514381
43454.925536
43903.203731
43383.373364
43440.772539
44149.385622
44099.127817
43871.588100
44415.671158
44517.260438
44183.761157
44023.910968
43871.672347
44006.201187
44598.764955
44583.185830
44716.073225
44821.558073
44917.113565
44740.823198
44825.294050
44589.577901
44313.806808
43898.390020
43281.862087
43013.300226
42751.538453
43010.126813
42905.628634
43281.495376
43630.229527
43634.558421
43695.197583
43894.031571
44189.525719
43607.049246
43497.197675
43224.786517
43092.544694
42604.064282
42682.179570
42859.563745
42649.585409
42683.948989
42900.746877
43281.702556
43613.223381
43832.439612
43485.955510
43001.331332
42732.716029
43033.440489
43182.931202
43155.295623
43059.486784
42638.996550
41803.629976
41829.787474
42390.197658
43067.570392
43717.563353
44282.996982
44252.474528
44470.794772
44239.763510
43964.688932
44001.468784
44118.656988
43522.940201
43099.868195
43299.386955
42992.049691
42851.348909
43052.212842
43460.309682
42878.101849
42673.881745
42227.561353
41942.360980
41861.952701
42051.988796
42004.586085
42153.705665
42204.124366
42004.323738
42059.974281
42348.979623
42282.729315
42237.899664
42252.538935
42406.522510
41819.237057
41615.592995
41340.611851
40988.465610
40538.295004
40824.228289
41159.768051
41150.672703
41357.097875
41378.475507
41263.584533
40929.992070
40884.485073
40824.665158
41276.374282
41767.619381
42101.353739
42644.108741
43167.174550
42792.323526
42318.219165
42634.166898
42683.882898
42282.483004
42483.607730
42527.342883
41843.003454
41518.290567
42044.816273
42393.538055
42728.857295
43285.780816
43530.528125
42958.722924
42452.254097
42374.778498
42129.506889
41716.049936
41614.119045
41692.148007
41453.852030
41235.475172
41236.806654
41569.119664
41571.244653
41693.884817
42049.118195
42320.212530
42205.245995
42265.992379
42402.811815
42829.266782
42677.565087
42905.318043
43032.960324
42785.738035
42172.791201
42608.522276
42584.731932
43022.226691
43355.386833
43512.130215
43067.547548
43099.368959
42711.689290
42722.421225
42939.706011
43407.088412
43194.499793
43067.406345
42742.138474
42129.459552
41743.720816
41631.764744
41769.544021
41763.149479
42027.083301
42181.583671
42478.560709
42441.757961
42437.042043
42307.576071
42242.377225
42072.596940
41849.547746
41706.046145
41849.547746
41914.125623
41937.279742
41720.773513
41586.746256
41278.971537
41058.055551
40880.722193
40748.020751
40603.012466
40468.422639
40730.880707
40533.259133
40431.475396
40538.090808
40784.555327
40440.182690
40567.430496
40654.551257
40765.354925
40654.591274
40864.605263
40941.032234
41258.921528
41430.180202
41307.258124
41086.691545
40969.187114
40611.904874
40382.309077
40873.537449
41235.620828
41246.210177
41622.985600
41906.826107
41806.975643
41924.044866
41922.112856
41713.854506
41776.590725
41558.029676
41137.976451
40615.754946
40286.479528
39701.590172
39127.557740
38867.779617
38974.043484
38785.500437
38586.278830
38911.200695
38623.376065
38703.731340
38754.081628
38872.690218
38983.129212
39227.969337
39295.949008
39894.084828
39781.438988
39559.779685
39345.746479
39167.310798
38864.251438
38519.655836
37632.422192
36993.077751
36640.321736
35827.896416
35181.043861
35464.326432
35152.653029
34549.100445
34365.265764
34770.430185
34761.712192
34848.503263
35266.671451
35727.615677
35611.406121
35318.497132
35441.895373
35138.314297
34313.363847
33850.462378
33696.156022
33005.540935
32631.467366
32780.835756
33294.218704
33510.661995
34305.913781
35131.921989
35467.227718
35679.684603
35887.752775
35987.147827
36214.506466
36495.914298
36630.612043
36504.946100
36680.447812
36180.846652
35776.266645
35000.622425
35060.943358
34673.387464
34573.778165
34693.293672
35316.726341
35156.308356
35072.152424
34605.045086
34193.053329
33500.320549
33118.831110
32793.497029
33027.356334
32724.509858
32594.647017
32475.625331
32425.817584
32130.497564
32583.381847
32459.556854
32527.292811
32152.091133
31935.327749
31374.856937
31292.283229
31033.016749
31019.444555
31006.933225
31108.559498
31272.782442
31547.930897
31944.798139
32309.580874
32615.263026
32829.260303
32994.111346
33011.419451
32788.250738
32541.315854
32426.149643
32119.476156
31579.872117
31701.357818
31976.530518
32179.563857
32279.268864
32695.364043
32724.564491
32729.608853
32257.313131
32001.818437
31665.610477
31190.225549
30852.153713
30558.128375
30650.707873
30866.650021
31111.940483
30847.593332
30871.217570
30215.037733
29764.463641
29484.044180
29332.634453
29206.811128
29078.632179
28853.682221
28949.811156
28570.461617
28295.552289
28163.342645
28403.822620
28080.926197
28414.145046
28679.018436
28914.511208
28540.777276
28115.346312
27090.311778
26634.028272
26878.813475
27270.471748
27657.047415
28306.612177
28570.706748
28807.463962
29286.189670
29610.891942
30360.580435
31239.054989
31267.027532
31297.279600
31265.972770
31101.161526
30657.631881
30675.094521
30772.551737
30797.838192
30929.789172
31213.765896
31629.043895
31507.647401
31524.731900
31074.346427
31033.350258
31217.468108
31436.002750
32067.077496
32745.105244
33243.180740
32952.854324
32586.493198
32191.404023
31927.462607
31715.503167
32015.842641
32449.838510
33027.069700
33579.249314
33202.514759
32966.713172
32955.598084
32878.749734
33048.393144
33786.567750
33974.741936
34440.658695
34292.079978
34103.729553
34055.958050
34101.688439
33406.638359
33571.963922
33407.196341
33340.475838
33030.697778
33593.608457
33671.792370
33899.486212
33876.246529
34497.272170
34741.851402
35189.933804
35826.668616
36476.502118
36918.248006
36623.698478
36058.880971
35816.444884
35497.809986
35068.582151
35144.350195
35288.992926
34966.343114
34805.834285
34379.614976
34113.220960
33877.238797
33929.515421
33933.832870
33888.392294
33856.350266
33949.123487
34038.451171
33791.695062
33943.083949
34067.962295
33915.454720
33432.563989
33346.004097
33448.087758
32183.024123
30715.417711
29520.270959
27693.942474
25687.234025
24153.192807
22968.407988
22021.957026
22195.025777
22242.893593
23158.543064
24042.720611
24427.612468
23669.988033
22974.419450
22279.515894
21773.892449
21176.246671
21769.592493
22363.138160
22538.656884
23194.462265
24000.094269
23396.481652
22700.650709
22453.862576
21730.269441
21528.999935
22373.257680
23059.632623
23103.222248
23177.840836
22127.051268
20184.823967
18281.406153
17574.960464
16567.405783
15920.362037
16429.382303
17440.744021
18085.825571
18969.655131
19679.485128
20359.957759
20682.605071
20416.192205
20478.162571
20129.455913
18990.245336
17520.149588
16946.090840
16353.145979
16924.752582
17293.272033
17712.558848
17418.938823
16690.300112
15405.981423
14635.088730
14673.658901
14790.921643
14763.536172
14664.187046
14973.534827
14389.237363
14068.686294
14222.994817
15239.233352
15772.019345
15670.167722
15401.643879
14887.559565
13980.547369
13562.572099
14177.367814
14593.264869
15825.000165
16834.034676
16667.564559
16838.610627
17037.717909
16022.430014
14782.141932
14125.463901
13443.139475
12923.621730
13044.472052
13598.901012
13958.327254
13711.689341
13793.550362
13814.732309
13847.668969
13587.835833
13490.302956
13139.567859
12663.126157
12296.013467
12126.535786
12425.377874
12249.896159
11808.109605
11329.758300
11141.227191
10634.385861
10515.344929
10667.953516
10450.040471
10330.603334
10339.323526
10386.597181
10201.849847
10255.874720
10226.012568
10143.652470
10119.472445
10117.504575
10007.336404
10150.054894
10095.591470
9990.167655
10028.066607
10179.075257
10062.028231
10060.878844
10028.067682
10178.723433
10276.345018
10308.498601
10566.477063
10605.269134
10634.923024
10425.212340
10704.481097
10511.657610
10728.328505
10825.638079
10930.402295
10769.883808
10855.891458
10665.917020
10550.858285
10756.205588
10889.313499
11382.388412
11934.832333
12504.005097
13132.130703
14043.884618
14660.872171
15317.326350
15805.690925
16039.684045
16308.111073
16472.642139
16452.939453
16714.613549
17221.531160
17317.294509
17872.849376
18571.016083
19081.922836
19747.474996
20839.126459
21334.834481
22008.287811
22471.282357
22889.049967
23281.320670
23413.146612
23298.649414
23568.519902
23849.379336
24125.029595
24891.163216
25746.779406
26301.200402
26786.509173
26721.543042
26511.304276
26219.068419
26263.383259
26068.693695
26148.274544
26566.360186
27259.000986
27333.644402
27323.004924
27555.306835
27955.480143
28070.205998
28301.741601
28356.512852
27818.850194
26516.881353
25633.791293
23894.324641
22319.908765
21042.171573
20370.532043
18852.776750
17999.167351
17835.899385
16756.214934
15904.716067
15774.295187
15793.777159
15484.605250
15851.639302
16038.900546
15856.721475
15386.989880
14927.924333
14712.111005
14228.617096
14059.402792
14384.775570
14325.899221
14224.011129
14527.598316
14168.088495
13851.836877
13806.266193
13942.809753
13596.401220
13698.329694
13545.632341
13166.548053
12980.223314
13465.306679
13413.051619
13598.356763
14037.269721
14202.389785
13563.500820
13700.115221
14133.259350
14172.120168
13639.722933
13548.673373
13412.325393
12917.031931
12685.226235
13200.552368
13086.136314
12793.769131
12678.925284
12705.124862
12596.782818
12677.221942
12800.206889
12740.936657
12318.690544
11658.699574
11359.596458
11194.987109
11078.268893
11036.061365
11238.004321
11348.622550
11121.478885
10983.037677
10963.925493
10725.388305
10380.871566
10495.620490
10738.342077
10917.481436
10759.783610
10739.950406
10365.449377
10042.258448
9775.889868
10057.217720
10345.474568
10764.259091
11059.041687
11401.522302
11806.099510
11849.748307
12009.350921
12052.483503
11989.524866
11892.028585
12037.291154
12115.306987
12070.437510
12276.233837
12248.087553
11858.483899
11500.585945
11381.771005
11444.805535
11899.275803
12425.541407
12531.919161
12432.043103
11880.097035
11340.565933
11248.996152
11210.343085
11085.057864
11085.057864
11096.259112
10494.323688
10353.304648
10947.867956
11545.504687
11632.297676
11998.691217
12492.399510
12124.593250
11749.960477
11778.296795
11474.902072
11090.921337
11181.229269
11293.480304
10866.410021
10815.139407
10531.071736
10091.882532
9900.929226
10318.364538
10739.180536
11332.687159
11697.751903
11861.703954
11724.334094
11751.734323
11756.260335
12026.157166
12192.818588
12216.745077
12417.902812
12374.611411
12429.841855
12221.813213
12412.616785
12386.390585
12533.564236
12234.585680
11766.469588
11371.711645
11034.245880
10824.521268
10830.378638
11194.994054
10904.280020
10577.820703
10057.195916
9792.333168
9254.922711
9226.775533
9226.775533
9586.403072
9696.931717
9844.091474
9963.338779
10238.316021
9859.429055
9495.710154
9381.189414
9117.536880
9145.990203
9288.017053
9762.147473
10441.498430
10803.574084
10565.436068
10576.059931
10085.755823
9535.786908
9738.565041
9853.842561
10081.457515
10684.908524
10855.368514
10580.098375
10649.829373
10736.370528
10199.115292
10210.328377
10138.681825
10043.661925
9963.684261
9946.624033
10028.515818
10281.970798
9938.157188
9687.247281
10197.034549
10164.096759
10157.519067
10465.409942
10248.685963
9688.054121
9393.759538
9022.602540
8856.759044
8754.479136
9021.779548
9312.455699
9431.528791
9972.720500
10193.641835
10151.474063
9605.444903
9455.833612
9308.552270
9713.615485
9836.999369
10463.018900
11082.073881
11340.451058
11404.745835
11511.129159
11547.894121
11208.065486
10524.938670
10010.278980
9437.159050
9225.002881
9209.765955
9322.052614
9762.015667
10288.647798
10340.175197
10243.096154
10130.315382
9801.049268
9544.333254
9446.389974
9639.632120
9631.214850
9568.003632
9580.962916
9736.738223
10208.837877
10609.205206
11010.281481
11700.343964
12172.942237
11756.637842
11865.245441
11758.559916
11289.129047
10745.945708
10808.751065
10871.844730
11203.392005
11130.964018
11106.585803
11343.129761
11323.187480
10987.983601
10799.175186
10872.162489
10950.514164
10569.069083
10608.274673
10968.798957
10941.085538
10434.531645
10355.937940
9901.246558
9514.765019
9386.723797
9580.401568
9467.748747
9360.745954
8870.800794
8697.039066
8639.003368
8586.979921
9050.377078
10055.103224
10189.248881
9886.044625
9866.922858
9437.573562
8866.638160
8806.015711
8818.809127
8966.006188
9154.380166
8924.795237
8619.678033
8612.962908
8279.821368
8067.398189
7969.762687
8197.400680
8242.666697
8582.503304
8833.260808
9052.625648
9325.534524
9384.094037
9273.648315
8974.601680
9146.920586
8910.729855
8880.611149
8756.982370
8899.859386
8802.408831
8934.192072
9012.091495
9720.489221
10001.596137
10212.223843
10091.466418
9730.877199
9120.995221
8715.655706
8256.863678
8376.576470
8642.295781
8908.851485
8908.851485
9380.349559
9315.006116
9117.903306
8717.496819
8721.556971
8730.431141
7961.264020
7773.434449
7983.483598
8202.101775
7766.000800
8463.791471
8125.713428
7941.839453
7630.220993
7899.858692
7921.861275
8777.196605
9065.022392
9543.991812
9514.110243
9723.717911
9510.009874
9360.252220
9165.818828
9142.047150
9102.916759
9341.623920
9557.897745
9070.956949
8705.454077
7607.257963
6927.133340
6541.756192
7387.152765
8189.418719
9244.458963
9941.256827
10214.061954
9867.715333
9230.764708
9128.638402
9005.169030
9109.210524
8885.581044
9109.194957
8918.429110
8667.180651
8691.181650
8864.139676
8658.397763
8632.781571
8580.877378
8220.892769
8212.115932
8220.780191
8218.722400
8272.599306
8415.447737
8439.457820
8762.230354
9334.149583
9583.158956
9704.455214
9676.214144
9519.163914
8488.175750
7864.730246
7301.646785
7098.015437
6845.220101
7375.742128
8085.933779
8582.278022
8532.187630
8838.137785
9191.467725
8931.311983
9085.139265
9103.906035
8923.867300
8371.849563
8245.988558
8096.674968
8610.252690
8533.277117
8611.302775
8284.429828
8555.467067
8537.947658
8758.602563
8814.869240
9124.834512
8661.579333
8457.821888
8674.426435
8846.147305
8956.256085
9046.734646
8990.324272
8566.012544
8268.887229
8041.451761
7900.696164
7449.835801
7418.271610
7301.671949
7563.828526
7442.805517
7442.805517
7429.259284
7778.372113
7449.471201
7468.912326
7639.459735
7703.705619
7484.483056
7523.612077
7523.612077
7564.378152
7233.558757
7283.071485
7294.161080
7367.485419
7162.132613
7243.341968
7176.082937
6958.718399
6963.079076
7235.954352
7570.128784
7719.209441
8190.727554
8318.899840
8141.215706
8202.891270
8092.049771
7847.731975
7704.876472
8068.462962
7951.191395
7891.420521
7826.413065
7812.946816
7523.457850
7444.473300
7587.351679
7436.346784
7470.535559
7254.245896
7413.507209
6951.793769
7393.656963
7330.541442
7933.280036
7495.183463
7811.841073
7337.213058
7098.656210
6323.509259
6808.353689
6905.406961
7553.107998
7754.235210
8221.794582
8181.771765
8751.298337
8725.368751
9113.009640
9060.802326
8977.920883
8107.547295
7611.402912
7311.093574
7405.420046
7380.567203
7893.829092
8335.915324
8688.822590
8972.381781
8893.363333
8768.038867
8490.334163
8039.585097
7281.837327
7317.378280
6891.243003
6904.531424
6921.405089
7514.858330
7587.057054
8122.008118
8206.326031
8658.745681
8331.748454
8470.400819
7872.483685
7490.370370
7209.683621
7621.286553
7327.687007
7774.059022
7750.543153
7572.743288
6951.168297
7053.331052
7081.176542
7507.643887
7555.512789
7711.356603
7393.143749
7127.931242
6803.970465
6797.082310
6879.640001
7132.290055
7445.615215
7400.965421
7093.083189
6759.890517
6556.415213
6016.422343
6205.041764
6462.565441
6837.639435
7049.422846
7366.438226
7232.543151
7151.917766
7162.222816
7119.253498
7516.312210
7659.394147
7798.110913
7800.080718
7898.159233
7499.160958
7626.834062
7719.751960
7544.519369
7601.821696
7541.049644
7411.415276
7196.843320
7769.407508
7902.643888
7893.849690
7705.277468
7848.303318
7456.400024
7138.366423
6860.461900
6754.490356
6583.711740
6713.408552
6604.783066
6858.288810
7269.782842
7374.216102
7369.446068
7554.422166
7455.410133
7233.733533
7171.185142
6864.232254
6272.840287
6201.704917
6090.816663
5902.262942
5558.578787
5670.957835
5569.371834
5570.994507
5553.925155
5800.475902
6013.627398
6005.153989
6501.205299
6407.114332
6260.144779
5994.472574
6025.087080
5693.471756
5836.232895
6070.302831
6128.245939
6038.646624
5640.496896
5577.895655
5404.230033
5459.973781
5732.673547
5568.389811
5442.193695
4994.584215
5098.803102
4975.066606
5342.699773
5429.354760
5912.595484
6010.106723
5960.358511
6038.398782
6198.174519
6531.999730
6557.295352
6935.994235
6711.357613
6737.741339
6066.221088
5906.371927
5423.797632
5570.845959
5300.267745
5993.566615
6120.571345
6138.419154
6119.400733
6341.749227
6176.870340
5811.281921
5896.351230
5545.583530
5395.968904
5022.849706
5150.296339
5319.465058
5510.501866
5462.320423
5583.956485
5709.668691
5685.252766
5735.344378
5956.128045
6283.410792
6589.689359
6794.934322
6954.668872
6660.526756
6344.322084
6149.102710
5703.151432
5518.885940
5995.049704
6225.177697
6363.285516
6475.475549
6527.755123
5925.474944
5510.228406
5234.310749
5114.800128
5251.705143
5716.868682
6100.393082
6278.174606
6456.607281
6174.805550
6159.744315
5856.661007
5782.440888
5845.277123
6078.595192
6085.313454
6347.163936
6536.803788
6609.834174
6969.337735
7151.756212
7281.540043
7268.802511
7176.963566
7075.904350
6890.058651
6776.818706
6787.178786
6958.578899
6510.256742
6531.995556
6488.934262
6556.662063
6129.517928
6205.475228
6043.684505
5839.655902
5421.879694
5429.454640
5487.909997
5559.804302
5760.834864
6020.424879
6197.971875
6217.103151
5966.498628
5964.076539
5675.643489
5501.622629
5556.535691
5596.938021
5547.252707
5462.233836
5588.316285
5512.335948
5562.036153
5610.008348
5610.008348
5789.415444
5826.408247
6242.176455
6005.793738
6354.748112
5817.343681
5789.367676
5260.765615
5388.439923
5329.269918
6076.559826
5950.957520
6277.855872
6447.027520
6456.845755
6428.985616
6747.078596
6758.657748
6767.202868
6726.627248
6713.503433
6551.112251
6711.375298
6676.718584
6425.879007
6302.068202
6272.650176
6010.145714
5676.485190
5698.311479
5676.306329
5873.270307
5979.553784
6314.870800
6474.945653
6470.078430
5998.076606
5732.150404
5645.095668
5931.404998
6254.453882
6665.783157
6852.073979
6902.177571
6589.908008
6204.723308
5658.431254
5461.575529
5155.815900
5013.723891
4874.508773
5323.690335
5637.244454
5936.913504
6070.163153
6184.995885
5744.964628
5401.008263
5238.176539
5196.375143
5064.393718
5454.032603
5388.694999
5455.893815
5251.901138
5393.299022
5271.646922
5424.695935
5531.710204
5603.927768
5531.890827
5475.625306
5473.498629
5649.349940
5649.349940
5402.344198
5466.911039
5127.041032
4849.789495
4924.879926
5013.448015
5022.057440
5236.258259
5060.760478
4880.360914
4882.378945
4871.980124
4830.679583
4927.967023
5397.391808
5514.173115
5661.773259
5585.298370
5455.740495
5360.077647
5390.087038
5273.200878
5670.237759
5836.213934
5967.584213
5716.898899
5721.724719
5740.941726
6080.429616
6294.948573
6873.461293
7057.765132
7295.740275
7033.429732
6460.144786
6206.871210
5882.068299
5472.868959
5180.319244
5310.199978
5294.953869
5433.572905
5487.718309
5522.374213
5683.848961
5735.484447
5938.849409
5923.910890
6294.762150
6322.332233
5744.160255
5515.931303
5578.820867
5912.715293
5770.793766
6283.427362
6354.804864
6138.593849
5703.312939
5541.580100
5394.612303
5149.901085
5267.516840
5199.889533
5499.171702
5764.983655
6069.076822
6313.645554
6309.399428
6141.021220
6165.322815
6078.529002
6234.442553
6269.088677
6447.130081
6349.932474
6413.081396
6165.564305
6072.882099
5865.042871
5735.103185
5606.825928
5331.897295
5279.653375
5631.941106
5578.306044
5630.502712
5583.004670
5584.698157
5268.223546
5140.695511
5149.675495
5359.689846
5307.306530
5371.081569
5297.847178
5234.571941
5015.401653
5007.185206
4928.771494
5171.462241
5268.358855
5312.053051
5069.627055
4895.362860
4614.367900
4672.481639
4795.574511
5291.458123
5225.118478
5386.165537
5446.655075
5230.236897
5149.951741
5251.846278
5324.727704
5277.942005
5511.867023
5606.871982
5740.963761
5744.911582
5528.998861
5190.892462
5136.698841
4807.204550
4753.024150
4777.192400
4853.305860
4820.160711
4826.844056
4705.755839
4672.894985
5064.914851
4792.123473
5289.373355
5126.962113
5003.839060
4728.386846
4852.045301
4539.338855
4845.176924
5106.896133
5069.823429
5048.055974
5099.446296
4815.875377
4785.669609
4900.153516
4836.851376
4905.131187
5052.682968
4853.623295
4708.219953
4652.302752
4375.753202
4670.545544
4603.121501
4573.136234
4750.751499
4693.523579
4712.677629
4753.243527
4779.264264
4853.655426
4990.793140
4720.864773
4826.852589
4835.956299
4727.800262
4729.231434
4809.986857
4948.161145
4874.151984
4983.050664
5099.583614
4930.495875
4969.723212
4965.709362
4765.711986
4836.248783
4938.146907
4866.436711
4761.233605
4720.282863
4507.666430
4446.716764
4041.719139
4341.004316
4273.520900
4124.854044
4293.108662
4481.896722
4250.861677
4401.870223
4370.395246
4307.239459
4346.735499
4341.823851
4355.219834
4546.325800
4380.143743
4652.317890
4587.376157
4860.101225
4855.621079
4804.422667
4615.353878
4716.862718
4250.179269
4427.598789
4607.782673
4469.592538
4700.964459
5052.308139
4902.935668
5041.773111
5154.555480
5043.513898
4989.715039
4675.248216
4355.105721
4471.693409
4356.892964
3992.764509
4471.402722
4360.484916
4347.094644
4501.643465
4750.648092
4556.720355
4608.763127
4466.058519
4561.938702
4355.622243
4542.465805
4786.936458
5064.630841
5053.329543
5140.589994
4845.237433
4792.833540
4388.170725
4171.862573
4471.936030
4480.929392
4489.569342
4831.577513
4810.389451
4693.584383
4785.250198
4873.516573
4619.863041
4652.329719
4502.739105
4492.679926
4721.961938
4629.113742
4672.475596
4776.663446
4882.330670
4456.125761
4893.526241
4761.467714
4693.857757
4704.954131
4629.082018
4232.044065
4292.825103
4223.718267
4413.120412
4478.509194
4948.066641
4910.825186
4930.336808
4669.670395
4629.562130
4112.323864
4213.725882
4461.630211
4510.367916
4786.957276
5218.391591
5315.831006
5207.739439
5088.257443
5084.242857
4967.004426
4925.783054
5047.774697
4961.024575
4685.585111
4689.939955
4639.704075
4603.106110
4662.157559
4660.212589
4673.016514
4346.709198
3923.736125
3909.161801
4116.917594
3827.049188
4381.052521
4799.020935
4811.456294
4790.798911
5022.111617
4989.671343
4805.290610
4741.836348
4840.862919
4496.954702
4308.340017
4276.200718
4388.376197
4339.281707
4358.409740
4388.376197
4284.695419
4355.124255
4324.476248
4380.903039
4343.938411
4361.210536
4116.936954
4129.811456
4444.524605
4331.230689
4388.014662
4818.941782
4596.160674
4482.638939
4562.794876
4849.370776
4438.908451
4365.218823
4183.452573
4087.979709
3728.877495
3752.160385
3941.257695
3982.162532
4155.892399
4265.728305
4514.903759
4707.394166
4895.522397
5106.222293
5038.755541
4622.281621
4431.792081
4061.516158
3613.388124
3743.168758
3729.843625
3630.714654
3758.280436
3767.746542
3517.927112
3821.585900
4034.189880
4084.145595
4359.029188
4319.940243
4065.335676
3999.922794
3807.380344
3491.370008
3762.168778
3906.319319
3604.851856
3683.028448
3757.201084
3444.377222
3368.604332
3736.714543
3897.337588
3903.596832
4048.483697
4307.637537
3961.309311
3744.566040
3796.699060
3674.962302
3356.507715
3565.019859
3551.399064
3528.249814
3768.324262
3812.975202
3743.484671
3996.971697
3906.079174
3672.861838
3844.071607
3688.536762
3645.135576
3863.639161
3828.584424
3754.504956
3836.535230
3633.646878
3486.342460
3810.725208
3698.292621
3679.267047
3611.456516
3455.737512
3360.467872
3969.575933
4011.274580
4206.420513
4394.718714
4141.288255
3682.668828
3959.734382
3729.578728
3682.668828
3872.984156
3682.301688
3549.727097
3673.327915
3634.386904
3695.014374
3820.481681
3742.401382
3943.397049
4041.161716
3880.445579
3961.424529
3954.896376
4132.130337
4019.715008
4102.370961
4306.118012
4299.580729
3957.513831
4022.251922
3951.380873
3621.240026
3559.143773
3630.524343
3604.244463
3704.209615
3814.540568
4069.823049
4150.887094
4178.524432
3909.365558
3969.331729
3969.331729
3860.725800
4010.614569
4213.568007
4101.968554
4110.760592
4075.051191
3854.246650
4183.441739
4054.719303
3614.556199
3645.097901
3636.155668
3319.851338
3645.211955
3713.878523
3580.770613
3738.112965
3588.607886
3388.634008
3551.128610
3909.047027
3663.874503
3751.025724
3839.638013
3820.668382
3647.219102
3976.972024
3984.496400
3991.398191
4026.521405
3774.924786
3517.243842
3625.483890
3655.040861
3685.451404
3962.093391
4144.512456
3906.290730
3808.645728
3806.387691
3442.802021
3267.225250
3711.648562
3721.364551
3641.718762
3756.821275
3702.451671
3466.043708
3508.983643
3322.383402
3439.438490
3779.671632
3751.078666
3601.821210
3720.936639
3661.231116
3565.390453
3701.953081
4026.735113
4176.080566
4087.720539
3952.668651
3863.989220
3441.917232
3322.465521
3406.433419
3504.244235
3434.830489
3549.762842
3519.528347
3417.892814
3246.262093
3237.715578
3261.072120
3380.492569
3674.603619
3770.055086
3655.340469
3789.591620
3908.821474
4061.912906
4291.983639
4584.479755
4444.455083
4462.962710
3984.390877
3481.857242
3202.976187
3154.054817
2882.908381
3110.656558
3307.659252
3422.524454
3554.399064
3502.751604
3548.603831
3569.266169
3549.897548
3788.882034
3768.405607
3642.733454
3674.875851
3560.473754
3125.456262
3278.401630
3447.934568
3456.299941
3454.414785
3488.129751
3260.753809
3219.933418
3176.558196
3237.142309
3255.807743
3316.985100
3187.008408
3405.438721
3543.898722
3535.720439
3567.962484
3817.427450
3444.123475
3260.643656
3275.342729
3338.470071
3193.273500
3455.254197
3539.597774
3414.220590
3442.755759
3537.911280
3309.743931
3273.979760
3392.469471
3295.043700
3011.493495
3067.801612
3388.347700
3350.038388
3553.673034
3876.751210
3932.712751
3739.792882
3879.661535
3567.962613
3191.036964
3225.745667
3260.643872
3101.579897
3112.177285
3281.289607
3101.579763
3105.374423
3149.913553
3180.887221
3263.034129
3297.827523
2959.366588
2967.656008
3323.016880
3169.686545
3231.968108
3549.075337
3476.198799
3273.357813
3273.357813
3160.408730
2967.406976
3101.528808
2912.822304
2921.791137
3045.127616
3133.675774
3055.895274
3102.785554
3050.140746
3102.785554
2886.273720
2843.216862
2980.842243
3016.931611
2956.812433
3188.101597
3149.520848
3034.820713
3004.909894
3069.962709
2991.903433
3251.149703
3339.629227
3209.517989
3176.929346
3369.786944
3057.961609
2865.028510
2995.313376
3012.018772
2663.628391
2670.037217
2964.163681
2964.163681
2797.348973
2830.110473
2991.858793
2716.693629
2681.992185
2723.507424
2878.923997
2700.860046
2797.777166
2744.552678
2629.884801
2519.639310
2740.840497
2820.582228
2904.909671
3128.415962
3251.597164
3039.502160
2944.608855
2926.805236
2784.123320
2612.798140
2842.452176
2900.423728
2846.669189
2833.830500
3004.730865
2806.941587
2733.301584
2874.335193
3062.323065
3114.616273
3341.484512
3577.659567
3619.165641
3531.990872
3482.020803
3673.626166
3361.636872
3171.151658
3242.928336
3173.193545
2695.347255
2768.652533
2894.614189
2615.290391
2608.907423
2750.902968
2712.610828
2625.267253
2796.353105
2861.499971
2795.724782
2828.662936
3107.940385
3099.302843
2915.092398
3131.941064
3317.987147
3146.979996
3302.793384
3259.905639
2982.615734
2822.544395
2886.051588
2650.125148
2842.571143
3016.792598
3023.313110
2793.601789
2882.179400
2820.167884
2825.627524
2864.992800
3070.411708
3157.024008
3066.704803
2966.828952
3109.394934
3014.034396
3020.707491
3356.252143
3201.944248
2954.690939
3019.773394
3021.211517
2650.814262
2766.289929
3025.630142
2963.342583
2856.755160
3155.959699
3202.651071
2998.525646
3011.715597
3128.626416
3119.971204
3275.152971
3333.966637
3388.241627
3359.851021
3220.727904
3034.135029
3049.158168
3163.936979
3433.166312
3346.644760
3377.545602
3750.888903
3457.881528
2996.741329
3119.970938
3347.647297
2750.266276
2795.285033
3005.235691
2948.709626
2701.957551
2938.542768
3042.131472
2894.760913
2997.012961
3133.115582
2881.770914
2729.850366
2846.893182
2820.769723
2636.078070
2792.520156
3121.380731
2886.938322
2811.742148
3073.030864
3146.922801
2959.886160
3187.851738
3239.514299
2948.656184
2998.307191
3104.462466
3057.459897
2957.690041
2929.935559
2788.640148
2646.151729
2604.995701
2836.621781
3106.457349
3435.281800
3617.914769
3610.913168
3453.049749
3334.162213
3104.268531
2963.715169
3087.270817
3442.572435
3661.655909
3771.565983
3988.437793
4063.692330
3633.169294
3412.273343
3360.115563
2963.734492
2624.070421
2571.756095
2510.131154
2254.528134
2369.247705
2700.797591
2723.735879
2658.419066
2834.048563
2944.693659
2598.341553
2562.745066
2677.527509
2861.562010
2695.335672
2857.059353
3000.105774
2861.096105
2561.854571
2740.995069
2934.247759
2795.429796
2899.673061
3086.123087
2970.713191
2674.157058
2838.167934
3036.116204
2795.802558
2737.715164
2874.220151
2806.911313
2598.534122
2741.075898
2945.082247
2958.184988
3016.774866
3118.398199
3220.255051
3116.682899
3267.904140
3393.430940
3410.661535
3275.807957
3333.488298
3094.545941
2977.026644
2788.449042
2723.559299
2675.559285
2874.766498
2950.369131
3231.267039
3456.297581
3647.112005
3607.960226
3662.496184
3558.069098
3523.258768
3295.909286
3170.532444
3313.810175
3383.455006
3264.237315
3316.524372
3686.903702
3383.455006
3220.046144
3217.822797
3207.040262
2916.987149
3118.128389
3375.085637
3491.808695
3503.129057
3465.983975
3212.912135
2947.404134
2864.992116
2756.623125
2830.109656
2866.429214
2981.986550
3087.752418
3083.467380
3086.162642
3287.496304
3066.662891
2929.921825
3265.240473
3231.036261
2931.835784
2989.118767
3069.758482
2792.499432
2746.608580
3033.281455
3304.677929
3299.817506
3289.144050
3488.333577
3220.109426
3048.113397
3260.443535
3288.394409
3082.386226
3208.299725
3304.110282
3078.712877
3128.474047
3487.917584
3399.142276
3254.868590
3231.062918
3196.131409
2849.998502
3237.354401
3160.887043
3095.498023
3121.678976
3132.945739
2654.063679
2673.687354
2768.479769
2788.341664
2775.031374
2948.415004
3024.825627
2910.293587
2810.393712
2740.953953
2917.939612
3116.441384
3148.460701
3304.737856
3322.163477
3127.306275
2986.915751
2872.612233
2713.655223
2794.215267
2912.993763
2813.259439
2963.234165
3073.188061
3348.345600
3196.318018
3207.381752
3388.748712
3315.952482
2917.156687
3020.925940
3209.719623
3112.514753
3090.866882
3167.267763
3190.411890
3094.939155
3005.983198
2820.283488
2878.677486
2740.526123
2729.699103
2810.049847
3134.627325
3126.565077
3288.896690
3391.453325
3339.163895
3213.400850
3152.855854
3137.617389
3171.431560
3351.189316
3542.161997
3797.422843
3996.919935
3860.684643
3728.751571
3899.929927
3724.623776
3298.115228
3340.094919
3470.427282
3087.128168
2952.745087
3088.629989
2904.185525
2636.034643
2768.195407
3168.585466
3304.995351
3436.262628
3443.129494
3326.342814
2917.064290
2821.056187
2955.793749
2948.707874
2938.401636
3070.202680
3135.017650
2986.770338
3395.605220
3265.598962
3224.595716
3259.902187
3338.195170
2855.482535
3011.224263
3186.581649
2921.894100
2813.427749
2958.785763
2820.394611
2688.196223
2852.730186
2850.464170
2750.858308
2958.816919
3169.067601
3093.346863
3097.255750
3264.128924
3117.282560
2880.849861
2982.403429
3318.297371
3521.762546
3619.399508
3582.156994
3695.150563
3529.462707
3351.444273
3479.545373
3652.469878
3473.148473
3224.515369
3202.973733
3308.787671
3137.689006
3150.704129
3383.093775
3471.274632
3109.547895
3254.894445
3466.334770
3394.818380
3251.639622
3457.478126
3414.133776
3177.402404
3318.349170
3230.155121
3017.074181
2976.209959
3080.053590
2861.431833
2935.002878
3103.836722
3049.530232
2878.767193
2902.247139
2988.658172
3128.879416
3070.583359
3161.522697
3268.027540
3112.206273
2967.264827
2995.571623
2992.867963
3029.152832
3217.724755
3265.051504
3447.488979
3572.375505
3417.922202
3328.155044
3236.021989
3326.843029
3324.213644
3465.231129
3839.454675
4240.444807
3923.702456
3765.900268
3695.489401
3357.758497
3078.668367
3117.719461
3147.793417
3118.101260
3109.392362
2936.116348
3174.545661
3373.893391
3410.013952
3775.351782
3821.166328
3725.951373
3652.112011
3909.214758
3753.313780
3878.850283
4018.185488
3835.499581
3472.444994
3443.854652
3338.374633
3020.226859
3193.104153
3250.853631
3004.006549
3092.282272
3423.447671
3663.882092
3540.863468
3443.309115
3673.231959
3465.453412
3118.425953
3301.008535
3465.845667
3041.285366
3058.446166
3298.953006
3182.266206
3112.592754
3369.996544
3230.237318
2906.312687
2938.586880
3081.676140
2938.586880
3187.937253
3413.342082
3459.478390
3334.291662
3234.793639
3191.014972
2975.229220
2892.477179
3024.211779
3318.463686
3091.066543
3104.021879
3318.541134
3528.844727
3334.059081
3516.029642
3835.893263
3630.417943
3369.958956
3688.842907
3673.531009
3504.399297
3665.852165
3475.330307
3250.712239
3322.050586
3237.288482
3305.183010
3374.516757
3376.676009
3251.253166
3186.388502
3220.138782
3581.847666
3452.223090
3588.439293
3724.772292
3524.787418
3263.131262
3462.451600
3403.756192
3429.385481
3657.048286
3754.311390
3592.218999
3440.695765
3477.291588
3349.865405
3101.245318
3148.272026
3168.055151
3046.771393
3020.982480
3287.785783
3118.439694
3146.990739
3220.286277
3086.875537
2785.409961
2824.500069
2792.416689
2586.306635
2598.622865
2835.225678
2836.970031
2820.276401
3088.156232
3137.487954
3039.987594
3156.755699
3251.817003
3026.335538
3005.552841
3122.031836
3033.948899
3070.399854
3226.218804
3275.282050
3026.002591
3146.244126
3292.965920
3073.661159
3058.784119
3356.017679
3503.261521
3388.362418
3588.060067
3531.958412
3426.252138
3365.772252
3337.795610
3224.691986
3273.992949
3102.556256
2957.701374
2912.385684
2836.273657
2904.074073
2959.934050
2921.785848
3276.073524
3398.123596
3217.573158
3282.024892
3549.153162
3189.104709
3171.553416
3355.060579
3367.505992
3183.731494
3413.265790
3463.089795
3696.176402
3674.512588
3599.357154
3293.972987
3399.849807
3087.550664
3148.105676
3395.115824
3520.851406
3581.673398
3838.706943
3775.274655
3539.424234
3673.664017
3636.714533
3664.201976
3772.974027
3729.215611
3555.850570
3391.884613
3157.474574
3062.401131
3226.912050
3433.514617
3478.619280
3434.086356
3466.118141
3366.769300
3219.838426
3299.478565
3567.482937
3751.312532
3920.544622
3705.940111
3734.149438
3470.756870
3241.493292
3260.625703
3466.081435
3342.421394
3567.887004
3695.542007
3588.999672
3698.024351
3966.704551
3845.145402
3793.653263
3747.764568
3555.192148
3544.105432
3533.871787
4207.116714
4164.254447
4209.300320
3978.041468
3945.860252
3294.238853
3334.976268
3365.729050
3274.730814
3434.021135
3290.720361
3299.411630
3561.210599
3491.925693
3190.515780
3255.454786
3156.235119
2861.469796
2917.487474
2894.497442
2903.267284
3128.453336
3058.748976
3146.354639
3298.771660
3222.651865
3025.625814
3094.960331
3147.183424
3244.550838
3203.416228
3242.816886
3231.574850
2958.752899
2780.469154
2982.028504
2899.717006
2878.459411
3196.147753
3217.637408
3058.938604
3117.968905
3189.203627
2903.542317
2899.609050
3037.935875
3078.919035
3121.872955
3232.207803
3414.719946
3575.643485
3789.776646
3920.452210
4166.858819
4047.980941
4049.325471
3762.233271
3420.152783
3337.948287
3522.198531
3275.339617
3366.448780
3524.357704
3535.430105
3505.051560
3464.970547
3514.345742
3682.997963
3403.828067
3140.546569
3404.510045
3433.350798
3108.242365
3249.077240
3420.892112
3088.991040
3003.451617
3217.488392
3184.980672
3068.031260
3243.371145
3511.882816
3410.261839
3466.110077
3534.451756
3614.535892
3196.267282
3252.439110
3322.293545
3423.823623
3324.068956
3673.311840
3899.005152
3780.791348
3619.823304
3663.397630
3600.478394
3433.968843
3412.351881
3520.611406
3305.832396
3006.657077
2879.103579
3061.376797
2957.530544
3137.319215
3342.330867
3552.749843
3641.669465
3720.556754
3945.446853
3845.306928
3769.770439
3852.225896
3758.448311
3472.968363
3661.872435
3672.899603
3323.144742
3448.443747
3431.932112
3195.725819
3176.337919
3414.110474
3307.778584
3340.215419
3517.838703
3474.743431
3340.215419
3406.038580
3673.101617
3620.274466
3600.880216
3564.884533
3434.648678
3294.268767
3269.807127
3443.358984
3592.740444
3839.397998
3648.279359
3735.525986
3542.581193
3575.286204
3426.427439
3458.557525
3664.158025
3887.510430
3978.365847
4040.413906
4137.862028
3821.168472
3773.851821
3474.714199
3304.884043
3391.701939
3503.970942
3209.369798
3319.750223
3549.490091
3377.825117
3436.346967
3735.731940
3662.329480
3530.210377
3757.693096
3789.793509
3870.132274
3880.711780
3972.897484
3753.631725
3634.710206
3422.269072
3420.399983
3299.122725
3361.705560
3493.538620
3706.245888
3818.986162
3999.372100
4167.827141
4042.451222
3651.272051
3708.829898
3577.488808
3263.569298
3414.554640
3739.872455
3796.463546
3843.222204
4196.335416
3979.114031
3878.089382
3743.333576
3762.435768
3779.915353
3942.259327
3751.475560
3736.495916
3651.767810
3322.401514
3194.974924
3244.278971
3196.351759
3186.410243
3274.997748
3422.123054
3703.888371
3878.953138
4012.617035
4023.571408
4008.923212
3932.718346
3712.007135
3603.785304
3686.023673
3586.915432
3549.561993
3384.078489
3299.634407
3077.224678
2874.995505
2905.356975
3081.219186
3155.823077
3508.924415
3651.728836
3528.337597
3688.574905
3747.529047
3581.512718
3771.612029
3969.136643
3951.550599
4012.585998
3991.317273
3774.860398
3789.736916
3727.219229
3550.467131
3637.042168
3881.362764
3839.099043
3899.740302
3969.387754
3854.339703
3542.767999
3220.192678
3057.961609
2945.134066
2856.559427
2902.069533
3207.346857
3421.636455
3596.033556
3636.732897
3668.913073
3582.314654
3388.269557
3141.102786
3277.545596
3251.733582
3087.433387
3119.665076
3149.292640
3024.198085
3121.380567
3202.156038
3167.365879
3400.597994
3452.676275
3454.811732
3487.353981
3528.553826
3383.614113
3414.135714
3693.951774
3817.333211
3821.266111
3942.412918
3724.155014
3429.162065
3340.158509
3286.769362
3212.189296
3515.259999
3402.593868
3309.021831
3500.549957
3338.631658
3041.685978
3006.660489
3078.735586
2718.988348
2893.699676
3157.166709
3137.702216
3176.823514
3434.569122
3356.173637
3559.790907
3675.916985
3598.940807
3689.438320
3793.797292
3452.176180
3510.091763
3488.468444
3204.985914
3203.082543
3088.055951
3045.178289
3257.047988
3636.200151
3655.267107
3775.771865
3761.919557
3528.071630
3306.471881
3302.560793
3204.782651
3222.155508
3315.870379
3269.559578
3327.172678
3530.672824
3530.672824
3503.011342
3491.731728
3398.565080
3222.853851
3214.023261
3108.463096
3114.876344
3125.669183
3110.023856
3222.655158
3398.397024
3551.752834
3704.977131
3888.658833
3768.047116
3799.476085
3674.322595
3517.449040
3485.576490
3383.357831
3184.108647
3188.240036
3347.763370
3706.762160
3899.898088
4073.447055
4140.271231
4020.786695
3720.567771
3772.273448
3758.717426
3951.855656
4060.575898
4172.558842
4191.932914
4073.591235
3992.777605
3761.998542
3581.891382
3581.891382
3610.212102
3434.486950
3600.346110
3667.018218
3647.699010
4026.787640
4330.687681
4363.985755
4351.129184
4269.039058
3909.215110
3751.223613
3712.556404
3618.022562
3646.052502
3542.026776
3368.618111
3470.678921
3647.855174
3635.219021
3828.065086
3834.787105
3698.348540
3652.568702
3689.558420
3715.301705
3893.965416
3946.259338
4018.366694
4231.987859
4242.730820
4346.949099
4408.667592
4213.491306
3876.394278
3860.655733
3706.762160
3651.897488
3775.159610
3798.767339
3839.780897
3775.159610
3834.969967
3698.250881
3620.024081
3501.789482
3403.772140
3115.045446
3242.899275
3396.229571
3443.724422
3617.727918
4018.867712
4252.389509
4159.193099
4068.318523
3973.475586
3828.548086
3512.653400
3647.081487
3664.016207
3763.393593
3978.393656
4093.935777
4103.581290
4153.538041
3952.148434
3712.236176
3740.339047
3619.400364
3680.117413
3638.483658
3521.860444
3335.550530
3480.649872
3244.586492
3429.024116
3420.529048
3465.877870
3429.096792
3537.280639
3509.186990
3356.211689
3260.800745
3213.257326
3288.928294
3245.386735
3489.987409
3561.140599
3403.502835
3414.134461
3388.346938
3152.550094
3221.531456
3354.266084
3297.868026
3440.756086
3534.118332
3469.579225
3436.480654
3369.708297
3255.186345
3376.386137
3458.442257
3365.754760
3577.630410
3751.151124
3731.867995
3762.310006
3900.356842
3773.238048
3822.304992
3704.067757
3658.192761
3753.659780
3920.609687
3664.527089
3867.302747
4000.349454
3903.601576
3689.103571
3779.996940
3630.020083
3302.370035
3265.233771
3254.835112
3555.483029
3536.521154
3555.711500
3607.954624
3727.294718
3306.758492
3288.035005
3480.463746
3339.752450
3170.924582
3359.652271
3395.365559
3263.431958
3360.683348
3469.427940
3029.240593
2967.544771
3048.106847
2946.007773
2921.928169
3418.392967
3554.311567
3523.779063
3567.439618
3471.922292
3476.095964
3491.316949
3367.649237
3478.268355
3454.481637
3198.203440
2996.975485
3128.743586
3216.124301
3209.200503
3248.435120
3362.536514
3285.524319
3014.151102
3081.379204
3204.603428
3238.407829
3364.771004
3539.688823
3600.454346
3295.035823
3290.678558
3362.029285
3349.413650
3437.897390
3550.458606
3588.713921
3653.657684
3567.492916
3604.084044
3695.147499
3779.984296
3427.070575
3448.384053
3351.043554
3268.684683
3057.071715
3400.871419
3480.819688
3464.096558
3582.309917
3625.472219
3536.482541
3648.665238
3904.806071
3867.774737
4035.019088
3834.693149
3615.342674
3530.786364
3496.268806
3486.108296
3663.423461
3675.684000
3373.597140
3305.828916
3176.591358
3010.277351
3148.184646
3235.114758
3392.838673
3530.816570
3520.449864
3412.220597
3429.204441
3342.303729
3257.674545
3461.465620
3517.541193
3424.187842
3359.764745
3405.981063
3263.398398
3152.822246
3267.632156
3295.628435
3327.355499
3474.874269
3572.111393
3549.046376
3691.243511
3667.524793
3486.413181
3544.303889
3622.087677
3691.750876
3607.159374
4076.413056
4198.458039
4094.536804
4116.459244
4040.150883
3641.219309
3478.597612
3409.700696
3335.393293
3652.007666
3911.652613
3948.637289
4111.421708
4054.937406
3682.979573
3401.565696
3189.280763
3290.983860
3442.916115
3867.667860
3991.111786
4308.783978
4237.715633
4179.168043
4102.666874
3924.356287
3756.677584
3851.966782
3868.337987
3711.912783
3839.469667
3774.745658
3657.579911
3646.915761
3769.719579
3906.322614
3988.754548
4032.470668
4010.513494
3867.843523
3571.400061
3610.428523
3603.908947
3588.594400
3798.635379
3974.009087
4041.477266
3989.587338
3887.708325
3724.444930
3762.810796
3737.039805
3793.651348
3923.403131
3938.479829
3851.989433
3663.335778
3570.107708
3745.350770
3783.412296
3880.800107
3980.434484
3996.518535
3662.760669
3634.950691
3565.645998
3619.651983
3545.842743
3509.245445
3487.993528
3479.309570
3440.633178
3728.474085
3916.372616
3768.259116
3979.982697
3956.891507
3727.165164
3720.646040
3803.886065
3666.670534
3504.295250
3595.852824
3521.724957
3511.113841
3528.664073
3625.551115
3658.192106
3757.962186
3834.851003
3951.627625
4074.735401
3843.364305
3702.575107
3513.350734
3231.641669
3076.153954
3084.889920
3195.406093
3401.011285
3496.258818
3814.669191
4178.648485
4405.582968
4575.548476
4969.827715
4954.483034
5058.704286
5069.662490
4931.057506
4747.207929
4792.711676
4873.233669
4791.076023
4962.186123
4925.721667
4915.091925
4863.365741
4685.660529
4413.446467
4164.653610
4084.335810
3662.590955
3692.531500
3860.506814
3911.960208
3663.394048
3600.475691
3572.110757
3529.883157
3571.140623
3746.218197
3888.837695
3902.357626
3936.639324
4042.239713
4308.513250
4152.805419
4180.910681
4151.663775
4062.183773
3739.812329
3833.983908
3921.629376
3942.855735
3997.080062
4057.920499
4305.000040
4187.706912
4270.435615
4231.643029
4116.834914
3783.234231
3873.976189
3757.546157
3742.488992
3860.887970
3973.820034
3694.898209
3701.268439
3529.920652
3553.831188
3809.296131
4055.792896
4074.953933
4219.957725
4276.392519
3978.080626
3789.637008
3878.663755
3932.716965
3859.998921
3878.663755
3900.088635
3775.016992
3733.923327
3625.506066
3852.677489
3818.230051
3909.292034
3835.625202
3860.197144
3705.802795
3878.825985
3728.208047
3840.014786
3948.893958
3942.440843
4129.217121
4424.195181
4596.771899
4609.605666
4742.034934
4660.023345
4734.359644
4331.274023
4251.748224
4276.666071
4156.322261
4094.734937
4462.658115
4427.618371
4152.865034
4156.817279
3885.656077
3673.355463
3597.325260
3651.785206
3474.073927
3505.197036
3581.805219
3804.930311
4027.011915
4171.310674
4095.782607
4172.191019
4048.540696
4018.622535
4252.244713
4366.337073
4542.375375
4747.956705
4871.934224
4762.886667
4685.404431
4427.209271
4381.155368
4077.846626
3909.248374
4005.017688
4234.057443
4362.339835
4652.328671
4701.888938
4585.428700
4280.385639
3825.326877
3699.459608
3768.875453
3916.083449
3993.053115
4142.986914
4034.596266
3872.469984
3757.662604
3867.864367
3941.849946
3863.698602
3961.274818
3763.180886
3575.366864
3434.407498
3517.026636
3582.963308
3745.172416
3680.523240
3764.354143
3762.519818
3738.990129
3944.887804
3940.989931
3964.081848
3894.752403
3860.509292
3596.880512
3706.984637
3821.816365
3954.165210
3900.057932
4061.602598
4106.914873
3940.875979
3886.281106
3979.040519
4045.202123
4315.788420
4426.855258
4448.100626
4331.068916
4106.115573
3835.228768
3796.437391
3728.943649
3768.218461
3759.069844
3631.670759
3555.690398
3538.797144
3688.458762
3643.638243
3638.932601
3647.647531
3596.052266
3392.265923
3526.213401
3549.839995
3539.138064
3690.358353
3805.520493
4032.902636
4058.898154
4095.366659
4260.326409
4198.886424
4008.750226
4060.612376
4175.342433
4142.628175
4131.702483
4180.469637
4230.646243
4111.500289
3920.723317
3779.961631
3820.617542
3666.405435
3666.405435
3789.769004
4043.077544
3873.303738
4087.860990
4324.169674
4495.234666
4813.375360
4945.224746
4855.813148
4791.401898
4537.903939
4394.759729
4231.542989
4172.606439
4120.840095
4103.279140
4223.150282
4276.119665
4358.222632
4291.656825
4304.554968
4054.972377
4260.576161
4304.795472
4319.748655
4579.055056
4746.467011
4722.650307
4685.751153
4662.101151
4341.708016
4112.078930
3835.799022
3916.231725
3998.407475
4074.383176
4121.578747
4372.653056
4448.450173
4541.706432
4786.293127
5054.116679
5313.934623
5069.553534
4854.826035
5013.317082
4685.709731
4246.156624
4257.061847
4198.613286
3797.753583
3689.443693
3810.560687
3756.941845
3871.569540
4044.575032
4145.761875
4246.156578
4298.431100
4209.255918
4066.403265
4099.021772
3775.510415
3732.968789
3878.259324
3817.454887
3704.710521
3796.292791
3683.056162
3542.560866
3706.835370
3663.758833
3725.449216
3944.096027
4019.731490
3894.390973
4095.505689
4066.116965
4189.535571
4364.597783
4618.482091
4806.374588
5064.221901
5091.788663
5001.115497
4762.474247
4539.422004
4539.422004
4479.194298
4524.162159
4522.808039
4489.597773
4362.398753
4237.016742
3922.859451
3946.320834
4046.153780
4190.467627
4163.054192
4273.143959
4524.066867
4556.702174
4301.518732
4260.474551
4346.976725
4074.383176
4026.737024
4011.738052
3988.404099
3983.842079
3992.197806
3983.842079
4081.498766
4206.904882
4205.464934
4223.862027
4284.853289
4457.107766
4458.802581
4556.702182
4722.841127
4753.200159
5027.396585
5209.349598
5101.318508
4986.459959
4695.747370
4124.872714
3885.082111
3823.513746
3978.027149
4040.789110
4119.028867
4212.842672
4556.700660
4496.011421
4537.538381
4551.928262
4675.349338
4402.057834
4480.400127
4588.316191
4514.850713
4390.960189
4241.527282
4106.984086
3946.649098
4187.394918
4325.012846
4479.495347
4349.205801
4384.122145
4352.074976
4298.402490
4419.215173
4625.024608
4685.687598
4488.865360
4401.720754
4260.536631
4112.987359
4073.047978
4229.956108
4229.956108
4301.021712
4401.384964
4449.961001
4517.969318
4416.459627
4438.715082
4386.989624
4306.169741
4119.225908
4067.064747
4019.525936
3878.832885
4138.922783
4218.031661
4330.659597
4282.533331
4444.895339
4213.191828
4144.984187
4292.432154
4413.454206
4515.286287
5065.239303
5439.424694
5360.829959
5398.365475
5499.907025
5082.374027
4778.400934
4824.108119
4700.875198
4573.095711
4457.891033
4360.256966
4241.250094
4306.106719
4156.576830
4242.853709
4321.886567
4315.527708
4219.827649
4449.337469
4562.320988
4802.882473
5200.378096
5359.512313
5254.638019
5102.661260
4884.569241
4707.124930
4910.811641
4816.981184
4948.756230
4832.139308
4644.709903
4282.713352
4252.268056
3957.666139
3957.666139
3867.377018
3758.298068
3878.126790
4046.579796
4014.217608
4332.161621
4497.310198
4445.595607
4229.731273
4276.125575
4176.174481
4213.193581
4453.168888
4730.117216
4924.551186
5107.468348
5305.276104
5214.014478
5188.077959
4929.048252
4856.743111
4644.921619
4578.439552
4634.667932
4761.993537
4497.325004
4510.545285
4363.495879
4391.291520
4413.117960
4607.803684
4709.579089
4865.702847
4910.824929
5019.016244
4984.459296
5069.519820
5216.017793
5380.936114
5576.804438
5470.567223
5351.439702
5192.809034
4796.252808
4694.335992
4763.458625
4820.124892
4720.853656
4742.061106
4517.050708
4471.717809
4452.281772
4690.284488
4816.093056
5098.962870
5224.490415
5317.339687
5219.461839
5074.737549
4898.933346
4995.790974
5173.298581
5261.841974
5491.894916
5666.349665
5675.251407
5457.895864
5353.752686
5198.665911
4890.352187
4814.895739
4734.360669
4677.565063
4636.799399
4810.833515
4681.524407
4759.765334
4854.478833
4925.648537
4966.222828
5018.405792
4885.648998
4682.450526
4855.513165
4749.935968
4573.809242
4412.567296
4346.850662
4166.964800
4164.775467
4212.972813
4264.877223
4510.777074
4537.632927
4546.134333
4547.765980
4532.873013
4448.453559
4413.455016
4542.808223
4741.071655
5167.205914
5442.135939
5541.537454
5494.933984
5700.495604
5562.017419
5423.611213
5267.830765
5149.397108
4713.155529
4494.969491
4156.592478
4182.921650
4254.859965
4252.442072
4259.855969
4240.232129
4356.694299
4218.989821
4314.707423
4305.642723
4364.017196
4372.712171
4515.102907
4709.980616
4762.098040
5026.656833
5063.907102
4961.381284
4855.024314
5086.652615
5101.749954
4772.358717
4751.548283
4607.073878
4405.226018
4102.155268
4331.209878
4416.293426
4751.987445
4880.145064
4975.135383
4961.800668
5214.494220
5180.315041
4961.511165
5101.926094
5277.873025
4816.441081
4567.683027
4659.093624
4710.297359
4656.738366
4815.911643
4941.359088
5034.494075
4982.947018
5004.207351
5267.829997
5385.347468
5553.749107
5453.999326
5213.656142
5030.497211
4794.631919
4810.193493
5009.099963
5123.977148
5251.719297
5656.504025
5833.737515
5690.562136
5760.390649
5735.113627
5700.057404
5301.151386
5433.591359
5810.696916
5836.027459
5424.292519
5429.237026
5453.408146
5238.083363
4989.783508
5013.632534
5154.610569
5084.979998
5167.219606
5386.230242
5875.358902
6090.462668
5832.278240
5540.411629
5386.710656
4810.759120
4316.729433
4449.052824
4746.360330
5091.828235
5484.227884
5636.082708
5759.906252
5466.753655
5160.482261
4933.219523
4771.276333
4547.802081
4446.221784
4219.201733
4359.846334
4231.877646
4231.877646
4152.126535
4310.745165
3990.920105
4129.413485
4241.815838
4257.087349
4286.290324
4444.975823
4510.279240
4715.823945
4869.682105
5100.954882
4914.940478
5005.185636
4849.576352
4925.468648
4676.791600
4873.915824
4737.634569
4804.902485
4716.000686
4805.133219
4922.665456
5011.087070
4848.970329
4948.155651
5064.841218
5030.407480
4986.765355
5004.244973
4969.717154
5070.640000
5370.817287
5411.909305
5429.236948
5456.723431
5342.624894
4971.636093
4846.090866
4900.335830
4685.758231
4537.683094
4615.318124
4769.500398
4830.393985
5065.328606
5159.160068
5150.230178
5200.292632
5154.855517
5224.522845
4984.205920
5064.604926
5188.046084
5141.861858
5014.168002
5437.305891
5465.955819
5246.735293
5257.747960
5612.300761
5630.250645
5562.104518
5570.952935
5722.428750
5509.061293
5559.207538
5455.231721
5574.114149
5688.920545
5913.138583
5835.285088
5938.798589
5922.148015
5681.442326
5157.060134
5091.704771
5158.429965
5130.247107
5372.817404
5832.095007
5764.471516
5805.800294
5819.887481
5928.969536
5945.925518
6447.098725
6527.708657
6746.613959
6589.996966
6602.984470
6256.744375
6025.088510
5830.543163
5671.806699
5529.219450
5416.677347
5615.876273
5570.517718
5771.424598
5663.508077
5748.973625
5861.133676
6251.377860
6032.054912
6073.092842
6000.970524
5912.527336
5760.608539
6016.319794
6150.165944
5973.890856
5913.119694
5963.793431
5879.022253
5846.477282
6216.506137
6424.261408
6501.783799
6785.562456
6891.383219
6949.024313
7111.597957
7187.074924
7151.425821
7250.336330
7011.894618
6601.000363
6306.684742
6328.055875
6043.839316
5950.980218
5955.216690
5867.953057
5515.357949
5558.838314
5764.779880
5817.132167
6096.069227
6120.190522
6204.763112
6066.304262
5929.565398
5561.925449
5704.448550
5698.385642
5911.082984
6008.096219
6237.581131
6032.046280
5951.377397
5713.992010
5577.691345
5531.846717
5867.585952
5676.575145
5819.428974
5889.034597
5902.051108
5596.787690
5906.272360
5956.591723
6208.005682
6086.427101
6162.432801
5955.003481
5735.658670
5396.055444
5727.363349
5606.530905
5688.801864
5898.571821
6275.550761
5929.100267
5956.664965
6015.958208
5792.497134
5714.591757
5690.474154
5853.274225
5857.136845
6120.660472
5993.495034
6301.235766
6086.121849
6090.628095
6197.422365
6147.299012
6307.182339
6501.839412
6616.471638
6120.169222
5889.643115
5591.383920
5830.198544
6000.922273
6395.874001
6590.174900
6328.203170
6140.329986
5902.143986
5567.108482
5650.207148
6036.906986
5889.209511
5806.815856
5832.341503
5808.286107
5778.383875
5983.989026
5923.471090
6092.964269
5889.393227
5649.381043
5437.238202
5259.699841
5399.403383
5749.937239
6016.472833
6112.591832
6407.029155
6121.272527
6013.928472
6100.461182
6310.218847
6334.321839
6489.129207
6738.598462
6762.518129
6709.641124
6601.059631
6790.524416
6716.471702
6456.701906
6433.142443
6467.622928
6161.878773
5966.751733
5736.334830
5282.238457
4925.276405
4840.571051
4593.375405
4751.396481
4995.820037
5234.409230
5319.261765
5230.249982
5360.161238
5412.009467
5323.694929
5406.003639
5596.888458
5323.844831
5237.639198
5345.645777
5254.300169
5251.951503
5069.925741
5065.380083
4840.748845
4916.867900
4746.423573
4975.242736
4752.559423
4954.394005
4830.888502
5058.561042
5082.326526
5422.372284
5512.876524
5782.587407
5954.357241
6049.165905
5911.055775
5806.646101
5666.451785
5579.220456
5569.195765
5460.895599
5393.729797
5331.902385
5230.239716
5052.685530
5154.605733
5213.432222
5323.646424
5403.372121
5743.930761
5689.270215
5522.390235
5433.564626
5574.121013
5537.413444
5610.558040
6102.082249
6208.243495
5973.055989
5716.920670
5866.859817
5705.881121
5778.394131
5631.024369
5782.594019
5561.980021
5470.950150
5268.604662
5557.581109
5433.596418
5386.222959
5366.669332
5398.443608
5298.961062
5487.657138
5749.361730
5582.940182
5888.976191
5990.360636
5938.553469
5800.082799
6113.263819
6005.404871
6251.996695
6564.329326
6838.541255
6926.081090
6723.848001
6370.973759
5786.299568
5498.738581
5353.295402
5373.926465
5588.513010
6132.141663
6742.801066
6723.681091
6791.118145
6687.568931
6616.118825
6301.838109
6566.336146
6729.502995
6714.413899
6716.603492
6742.726803
6905.306000
6864.728180
7027.247073
7085.597571
7152.331577
6849.905543
6958.468159
6915.123239
6973.400021
6930.081057
7268.396621
7238.111454
7435.462945
7382.428578
7638.780161
7508.043815
7574.234568
7026.917947
6771.324772
6301.427787
6515.567851
6264.940324
6630.928993
6665.769903
6804.188670
6377.399319
6434.605947
6417.117304
6804.655756
6991.471728
6887.439743
7033.633414
7337.167476
7206.940256
7031.940164
6996.935154
6960.990578
6615.192710
6527.767578
6415.472533
6415.472533
6375.165171
6537.365316
6784.621922
7041.977406
7381.309807
7460.241074
7811.643581
7633.732954
7776.483175
7880.508653
7783.065387
7224.604877
7226.273306
7048.674493
6916.121555
7337.078810
7538.873072
7398.075217
7598.675769
7464.459232
7171.540198
7017.944619
7113.205175
6747.043289
6983.388516
7170.822696
7456.126801
7293.907849
7269.720681
6934.068490
6719.629606
6440.262147
6459.926726
6711.178044
6905.495241
6982.663465
7443.864017
7774.974037
7686.627160
7753.473596
7670.399261
7158.904858
6823.702680
6754.487025
6544.009192
6558.709023
6819.081247
6741.515129
6622.008584
6541.744259
6310.170662
5846.599997
6128.475527
6328.021221
6401.322245
6579.746050
7289.751358
7483.542575
7339.570741
7428.984120
7498.972686
7423.378204
7548.758456
7698.339471
7659.280542
7584.987125
7489.445885
7032.311763
6984.579853
6646.954821
6568.084248
6537.725200
6723.980529
6760.960010
7248.448088
7260.761718
7484.250631
7205.118376
7040.397692
7126.753051
7004.123118
6585.480338
6808.451864
6932.616471
6767.295513
7022.639657
7139.478668
7193.803501
7429.263019
7561.868402
7326.249212
7196.463695
7165.663994
6864.677534
6802.391761
7061.048103
7226.962485
6984.723544
7076.066869
7037.195809
6864.775842
6722.861449
6887.180359
7053.365124
7250.510685
7327.144502
7459.431644
7478.927311
7393.846809
7456.827986
7764.733968
7938.217745
8187.690312
8390.513577
7996.963742
7624.926126
7557.801288
7676.581879
7614.266478
7787.165364
7976.429106
7822.647574
7449.796006
7476.212389
7879.389263
8161.640937
8286.914828
8263.194698
7851.840084
7523.308967
7378.675985
7046.968455
7367.231575
7800.523080
7743.709062
7470.346550
7787.948044
7444.306812
7260.273145
7413.800142
7523.814253
7519.890424
7698.099228
8012.135114
8057.217600
8358.741635
8488.363192
8662.011276
8527.515274
8269.812242
8008.304135
7813.220134
7598.833425
7214.128548
7618.525904
8028.407438
8338.453665
8383.867497
8738.762003
8494.617079
8414.056899
8317.551846
8284.549939
8003.704271
7913.469135
7660.064597
7380.695697
7190.267449
7093.024505
6995.616875
6899.688734
6934.179790
7233.457200
7404.314599
7185.960879
6879.641433
6485.655341
6143.130917
5744.803133
5666.577221
5711.609653
5711.609653
5872.226174
6084.625547
6391.595022
6540.664712
6973.439182
7010.062454
7113.896782
7157.847462
7206.491986
7243.486909
7305.645050
7351.249805
7214.796963
7359.543471
7145.023588
7030.802350
7321.083042
7680.157006
7575.456344
7826.845580
7998.030343
7866.044768
7924.378134
8249.306765
8143.373101
8026.779370
7926.597711
7699.373908
7544.459145
7743.582833
8179.829661
8451.667498
8611.770457
8649.982532
8492.093922
8124.060570
8122.028671
8180.325853
8214.745713
8370.158720
8688.782586
8654.379129
8545.390754
8694.017004
8958.147526
8880.790509
8717.976461
8765.980991
8776.537962
8622.821820
8570.746097
8815.035448
9142.149936
9129.142194
9283.284466
9305.542430
9298.832044
9012.286477
9035.809956
8884.577203
8639.784619
8826.109233
9128.900948
9388.023239
9721.785030
10490.757699
10613.871877
10666.139939
10421.621381
10041.001446
9460.509046
9163.507509
9003.647651
8920.526420
8974.567785
8957.128616
8994.500873
9103.961757
9276.235315
9202.639277
9244.505335
9201.103740
8696.185878
8230.526852
8421.899849
8460.317043
8395.719499
8778.886489
9038.219209
8929.522532
8842.796451
8986.211199
8977.004455
8900.753716
8892.462557
9331.813762
9217.007326
9288.138495
9876.737555
10407.148824
10245.146331
10323.280215
10152.125069
9985.862323
9845.107287
9668.041366
9468.490113
9819.891406
9551.995475
9202.821108
9096.911637
9395.851508
9395.851508
9368.561555
9327.182157
9604.496666
9621.937278
9460.130348
9493.792066
10000.623077
9991.118782
10007.129886
9694.493706
9955.989134
9876.036100
9936.605771
9812.687263
10040.965715
9853.713886
9394.546567
9260.148027
9342.159085
9268.844368
9476.657305
10167.853593
10390.939794
10215.026021
10293.566143
10025.691369
9314.940758
9079.099475
9280.234797
9515.615122
9632.544124
9494.107114
9593.648048
9625.996365
9667.507703
9711.779308
10274.743409
10404.891624
10380.883838
10199.130912
10317.709638
10153.417578
10162.494748
10212.090267
10434.961457
10309.306148
10093.503346
9941.372402
9883.088528
9694.429631
9745.711247
9995.164672
9968.590915
10152.829674
10360.576192
10570.779230
11081.998389
11694.994706
12251.133530
12992.455984
13936.933952
14570.007949
15301.731899
15637.200794
14998.365183
13976.796848
13177.791103
12003.980029
10806.145390
10704.523445
11009.306802
11381.135944
12474.710941
13613.258245
14314.604296
14491.910489
13774.458488
12626.876492
11589.552399
10890.340333
10960.536056
12034.069225
13427.241833
14498.884168
14595.986246
14686.990295
15001.553565
15330.688845
15865.867811
16924.640785
17595.867125
17749.441862
17282.049182
17441.555277
17840.579378
18577.685469
19125.468017
20312.758388
20114.996103
18899.711302
16774.298563
15137.738677
12739.619921
11829.697046
11669.448716
12578.490315
12966.980438
14454.605300
15537.198574
16905.444880
17929.564842
19620.890070
20259.683230
21284.234949
20755.872679
20338.788429
19828.878818
19625.170288
19477.248021
19862.734316
19580.709830
19554.900237
19474.342761
19034.699457
19979.248518
20739.675929
21018.409881
21466.233474
21730.943348
21339.421004
21184.125417
20902.103147
19793.631070
18385.911509
17204.414973
16056.789517
14455.938854
14021.267737
13496.773137
12642.172629
11821.975153
11563.783698
10728.179068
9952.676541
9420.131166
9018.298202
8606.690794
8409.980402
8409.980402
8559.452136
8663.387361
8605.192123
8847.529721
9134.953754
9202.534813
9432.004145
9651.008902
9668.226276
9711.574577
9926.027736
9809.247832
9835.013618
9704.765079
9494.779746
9271.945858
9231.500340
9225.215861
9097.086450
9147.146722
9086.310214
8989.025167
8852.704396
8870.199404
8750.894919
8700.482281
8643.270188
8505.173355
8338.313217
8292.276487
8162.772151
8220.175625
8211.335594
8167.864242
8124.610747
8157.612054
8131.755131
8084.353772
8005.475782
7843.047605
7862.702092
7846.104277
7772.338431
7876.070963
8032.398606
7887.127465
7825.929466
7899.256394
7801.368781
7624.037172
7591.649084
7501.841464
7400.803098
7398.513808
7556.322525
7743.330176
7918.782755
7970.557280
8144.029532
7998.590371
7960.185748
7924.034984
7964.918411
8036.671580
8292.013127
8166.732551
8137.289296
8247.015049
8123.898733
8238.400658
8381.308071
8500.247577
8505.103893
8485.288683
8383.637653
8428.964483
8435.004908
8483.003144
8426.619823
8303.221213
8422.428175
8301.394353
8312.274989
8374.968872
8338.300658
8167.168774
8279.773555
8137.236758
8290.781987
8268.669399
8281.735233
8122.620289
7916.672416
7709.078621
7706.341722
7643.475759
7571.667035
7770.558753
7591.468685
7460.713367
7528.118038
7675.138658
7564.246929
7757.054864
7791.782786
7681.469574
7581.733047
7730.796217
7659.574685
7802.070076
7921.867868
7938.398726
7893.585947
7970.680610
7927.216891
7905.765944
8080.409072
7997.893248
7937.672390
7798.865597
7670.520445
7438.831076
7389.465961
7283.205919
7423.877142
7369.723488
7471.767403
7623.824734
7712.693561
7719.143213
7730.211300
7551.318543
7495.046508
7401.581165
7243.807732
7302.090836
7366.446572
7438.975484
7413.706421
7564.543592
7541.087565
7523.842819
7485.005827
7688.570661
7649.971517
7807.740151
7882.535894
7822.430877
7873.771467
7876.011690
7800.268069
7887.249254
7984.411586
7904.587579
7938.956139
8028.088600
8055.793923
7915.171273
7977.427463
7969.452478
7947.254538
7881.789453
8060.804387
8039.415050
8167.444400
8165.313090
8154.447608
8091.717612
8124.269331
8076.483963
7972.796120
8085.309774
8182.964224
8163.189243
8091.696929
8122.260514
8217.657253
8116.131178
8036.266410
8066.412288
8087.647707
7854.318239
7973.216859
8183.527233
8132.649196
8211.346982
8172.871261
7969.705226
7879.075402
7976.174237
7887.262202
7906.027414
7960.533079
7956.753523
7917.099306
7962.078805
8045.363140
8060.679012
7949.130629
7957.606821
7836.067729
7856.964119
7899.231017
7992.157645
7957.516423
8004.728941
7956.738292
7861.565010
7882.589432
8112.183074
8144.376406
8216.625659
8251.330095
8212.295431
7937.786105
7893.899912
7630.592641
7570.293248
7429.207525
7401.145609
7512.031773
7725.595992
7884.059305
7792.591049
7738.526402
7637.573212
7607.494893
7553.602884
7661.906107
7846.173814
7828.276272
7856.261380
7817.181873
7862.581644
7979.274152
8116.170050
8184.071009
8225.186292
8361.868426
8238.242727
8283.797998
8194.191143
8261.418515
8138.194286
8045.180207
7949.941451
8036.773446
7867.977750
7722.710604
7750.922542
7770.208412
7687.611490
7657.500016
7854.582243
7709.277226
7605.568688
7475.772125
7538.913865
7417.394427
7523.541046
7601.284622
7713.918956
7730.943315
7876.166398
7856.580578
7763.875190
7663.572251
7562.303072
7478.115828
7551.263360
7663.572567
7661.870265
7610.043333
7555.680361
7683.162280
7488.932444
7531.564740
7578.603879
7534.863405
7437.997477
7479.059161
7438.437384
7597.492128
7642.436891
7679.356153
7730.823147
7807.467147
7730.117484
7757.213956
7636.572102
7549.790232
7532.798744
7539.295182
7561.072085
7666.720907
7862.137680
7870.187763
7868.247627
7935.121713
7842.451387
7709.927989
7682.399094
7598.288205
7622.064668
7626.265865
7782.584764
7826.689835
8050.124003
8123.656956
8140.687055
7996.151022
7826.200033
7591.940614
7351.317532
7226.138373
7117.851653
7009.729577
6948.778908
6836.692919
6838.154014
6871.165778
7036.693584
7127.137077
7203.519374
7244.141835
7263.686115
7408.433445
7391.112955
7464.379838
7410.609973
7457.998658
7387.990752
7507.332951
7507.332951
7643.360690
7628.152732
7611.188350
7598.371555
7559.355035
7403.609458
7258.685023
7190.291204
7157.980547
7125.889708
7360.866741
7498.539107
7559.478986
7617.964608
7714.906753
7428.280980
7479.148805
7519.731376
7348.646938
7294.415444
7322.214672
7313.882895
7305.498372
7598.111508
7733.695617
7887.388035
7866.027794
7764.075323
7581.886307
7404.435628
7246.090933
7032.047788
6934.172717
6897.795873
6871.558519
6940.858748
7053.360561
7176.641887
7245.759582
7345.589116
7354.081146
7449.600637
7489.683874
7393.981341
7500.156567
7687.224748
7764.675837
7777.682707
8037.169906
7779.543571
7639.093123
7505.097725
7532.551242
7292.354501
7437.508454
7378.912203
7404.476663
7270.248005
7302.806493
7280.143960
7437.811122
7429.072855
7360.597556
7269.807722
7359.098677
7196.572496
7224.942425
7432.960113
7460.501866
7271.675322
7339.383873
7268.570413
7199.802394
7152.209099
7401.285421
7499.058697
7557.321809
7527.965005
7681.523384
7610.219030
7512.365048
7444.979011
7343.579687
7300.377604
7226.443009
7042.424599
6945.315707
7038.174587
6975.517981
7005.441590
7044.675422
7172.103265
7064.110835
6977.489587
6873.543697
6954.044149
6982.554602
7077.393385
7060.752545
6932.908868
7004.289511
6891.335376
6891.335376
6984.459310
7027.494742
6908.612641
6891.335412
6727.717224
6773.141358
6855.954459
6857.986038
6922.217718
7043.738779
7111.373353
7152.104809
7152.104809
7031.250171
7005.139339
6947.098907
6921.278106
7078.704525
7245.599780
7388.054907
7359.884508
7392.840729
7282.072164
7346.917540
7255.276287
7288.257554
7296.685226
7298.857771
7125.988659
7199.750876
7214.877143
7343.281268
7287.004877
7449.449666
7400.635588
7322.033876
7226.626284
7214.157471
7315.608091
7238.824134
7243.668310
7289.018633
7470.835432
7211.190456
7321.734247
7438.336732
7327.770138
7206.700938
7313.128826
7393.589229
7380.578563
7499.406627
7750.911671
7959.002086
7897.789749
7841.222239
7756.605446
7718.241369
7570.321863
7604.738046
7649.908083
7719.157074
7573.711374
7487.552152
7379.114382
7463.745471
7413.667256
7588.593246
7578.463331
7724.709261
7636.128444
7719.952966
7661.993979
7854.900907
7886.891357
8059.885184
8237.798336
8084.056705
8037.621608
8091.439402
8006.512808
7785.961915
7835.799024
7847.098844
7834.539547
7923.465114
8091.858530
8282.712494
8388.960537
8322.984029
8214.997028
8112.461841
7946.408696
7822.640143
7784.446126
7731.915775
7721.232683
7784.445981
7864.722990
7773.475164
7797.754091
7699.492229
7548.563668
7336.595733
7495.062479
7581.781104
7763.822807
7861.650512
8101.633108
8256.593771
8124.359556
8209.164510
8343.545751
8625.217989
8705.471739
8831.432323
8876.359523
8768.196743
8460.354162
8278.563615
8152.388640
7926.886991
7799.584031
7593.573567
7551.201774
7791.705216
7973.448327
7960.479716
8016.443678
8080.481477
7753.654285
7656.197307
7812.031807
7946.450316
7867.820271
7977.798292
7865.551103
7835.036089
7856.579618
7828.984196
7785.673475
7800.983112
7779.312055
7614.692669
7468.735358
7455.678691
7587.327166
7688.677842
7674.659767
7639.651575
7533.635886
7297.824675
7096.911022
7025.441879
7116.855603
7215.238906
7198.560518
7118.275253
7061.775297
7083.392035
7152.282741
7118.062082
7410.631116
7638.003615
7670.160206
7663.036130
7585.435670
7325.837637
7213.214110
7140.053327
7250.604207
7617.286373
7842.378390
7749.868686
7730.282220
7593.442768
7358.135809
7283.366765
7433.288162
7605.566999
7713.706148
7884.521541
7949.891842
7904.183919
7885.030701
7882.763221
7872.318147
7833.772765
7902.459391
7933.977154
7798.100781
7791.619660
7719.593999
7836.312165
7827.963810
8146.406989
8129.304655
8215.732195
8205.332399
8328.206752
8163.557897
8184.877134
8255.072981
8311.449780
8047.571061
7933.209076
7958.974685
8095.402415
8158.056155
8506.368546
8482.807208
8378.310850
8209.768156
8140.255267
7961.516438
8033.081628
8199.969144
8377.804380
8574.611666
8530.312064
8634.201698
8644.667625
8434.869970
8270.278529
8410.373712
8358.631497
8230.440814
8377.965458
8347.773749
8267.037928
8260.629287
8355.877372
8383.877658
8338.461574
8521.150976
8635.845876
8492.887038
8356.417966
8390.681514
8312.607632
8237.328751
8291.215598
8273.276867
8254.777012
8266.990406
8271.287036
8215.170378
8331.777225
8320.960636
8273.891105
8215.716628
8341.691035
8367.261454
8338.793625
8256.578132
8362.666624
8338.580811
8280.272721
8312.719235
8221.208690
8037.090671
7924.565330
7751.320340
7606.541463
7564.030851
7479.180997
7416.890966
7345.325903
7479.180951
7704.719791
7856.295403
7834.639887
7839.002819
7856.295403
7654.598680
7635.145273
7834.445596
7994.500603
7779.697321
7718.907810
7826.652241
7941.541026
7867.990296
8023.772253
8070.197821
7918.808837
7737.269678
7769.760832
7776.080767
7784.487570
7914.913989
7983.744472
7879.952029
7775.929015
7769.743201
7709.090436
7851.809167
8064.582433
8235.257458
8306.896031
8350.998515
8218.566993
8032.454376
8092.233027
8137.698865
8116.127497
8152.642015
8241.860251
7982.087503
7862.564956
7842.885514
7784.599713
7699.798158
7737.269623
7594.342440
7573.121019
7414.496727
7473.529050
7687.769791
7915.322193
7991.184282
8395.788280
8601.382487
8582.324066
8605.540028
8601.163761
8402.252065
8306.571141
8154.763993
8199.610845
8143.356493
8067.477485
7991.932944
8080.485886
7950.693743
7924.723648
8050.364852
8258.460699
8180.426377
8377.977362
8611.723433
8615.807342
8423.463749
8490.610936
8365.457187
8306.690661
8272.156847
8324.153671
8361.276734
8435.013596
8290.681065
8184.155296
8261.920444
8305.593963
8292.295454
8513.392952
8636.606532
8713.245812
8808.008904
8759.043855
8454.215820
8319.492601
8151.010720
7849.777367
7887.438579
7996.561570
7893.959397
7779.445389
7763.130974
7611.277058
7539.932379
7633.481877
7743.588336
7754.216830
7950.023203
7923.970353
8004.060419
7876.119416
7893.760000
7687.573422
7880.340313
7801.975277
7942.482204
8120.828095
8184.272606
8154.033955
8208.594545
8125.550569
8050.196584
8126.178240
8297.869628
8345.117566
8390.474783
8412.719206
8338.293084
8116.735220
8019.349477
8065.670073
8003.121466
7997.938673
8050.043417
8352.044728
8586.368417
8826.201493
8800.110106
8601.187790
8189.619844
7868.864343
7548.848141
7639.669185
7724.585575
7839.320796
7737.406590
7694.052274
7611.203881
7578.680402
7676.099514
7782.815235
7916.669800
8067.458078
8180.261844
8119.832287
8230.069546
8160.933880
8075.616562
8032.480028
7902.521501
7776.797166
7887.247954
7834.431550
7822.975061
7969.228951
8128.889787
8074.785686
8097.482065
8139.091790
8245.333746
8245.333746
8359.917482
8648.884855
8665.855405
8603.390778
8577.408869
8408.986565
8246.811143
8351.210716
8474.109115
8515.827461
8714.858210
8721.140868
8699.984801
8521.860792
8380.984852
8270.681875
8105.496043
8003.651312
8012.269727
8074.878935
8107.342953
8090.771514
8321.769042
8196.759930
8198.618542
8351.898033
8488.130732
8161.370450
8256.557180
8184.634238
8139.503181
8126.410514
8165.947812
8325.991223
8510.555083
8507.370114
8425.155486
8425.155486
8321.011020
8080.531803
8035.965551
8238.638056
8219.821311
8189.433582
8211.039315
8198.181890
8076.755554
8085.573973
8163.481832
8267.470827
8172.279711
8045.139763
7774.144387
7484.139110
7418.475943
7330.176549
7234.162357
7598.400345
7806.892815
7685.366328
7607.031200
7437.544576
7196.719737
7075.861469
7069.013646
7348.466524
7675.507589
7692.684941
7783.933917
7714.225145
7494.218263
7444.583667
7609.504901
7652.765833
7868.802491
7940.712711
7989.650326
8078.159787
7987.332052
7946.419475
8015.427870
8045.224668
7852.358368
7900.007148
7874.057777
7830.569737
7830.569737
7976.021343
7992.988190
8036.650307
8023.729300
7934.061618
7826.311946
7691.918027
7703.064049
7929.907500
7923.810674
8131.618884
8344.008393
8416.830757
8350.724247
8562.592431
8434.854237
8471.861097
8348.280491
8313.169237
8141.410819
8262.693734
8235.028121
8278.556401
8351.568012
8389.994386
8404.495472
8336.033373
8357.419669
8238.289185
8246.579030
8151.607680
8264.099176
8292.078115
8227.414058
8395.614137
8744.568982
8874.406642
8890.405857
9102.628010
9128.489515
8968.385502
8899.057047
9060.901186
8946.164653
8931.724922
8964.707241
8847.364114
8674.256142
8555.409530
8459.628131
8487.788119
8498.296595
8591.340400
8732.374372
8889.612277
8787.465701
8976.019314
9079.607017
9320.157597
9322.323544
9305.574781
9034.273609
8750.929096
8516.431941
8351.321726
8266.804969
8279.844374
8403.137089
8268.781551
8260.514510
8301.667817
8284.290123
8282.025338
8236.975175
8130.327805
8101.786476
8119.854660
8150.375200
8414.197483
8586.396334
8263.336979
8189.636459
8090.732316
7960.296150
7694.359767
7850.912177
7919.891842
8012.918809
8069.224642
8215.750689
8369.595651
8629.955701
8555.797344
8774.782746
8914.610590
8925.536978
8921.655075
8949.916107
8674.547938
8705.881286
8611.045104
8366.300567
8415.811279
8472.434111
8256.020015
8245.168594
8214.986998
8338.295010
8390.120375
8428.485464
8534.327587
8681.563674
8625.577411
8620.984947
8757.088917
8973.631673
9079.457760
9146.969945
9079.457760
9300.414483
9068.752320
9021.262075
8938.654690
9202.723612
8815.869349
8807.802601
8873.096670
9009.233703
8803.341970
9017.996680
9267.548633
9249.427737
9048.567240
8928.943771
8963.810529
9033.143779
9095.994779
9249.008209
9476.253060
9319.597224
9161.172773
9200.687410
9287.412000
9347.465277
9583.212259
9775.762288
9674.464692
9474.948519
9275.641448
9143.762687
8654.773680
8451.042560
8431.370422
8401.725264
8261.023265
8445.697384
8640.005241
8661.889169
8538.103463
8434.564911
8362.727445
8271.732445
8373.475193
8555.585724
8750.980979
8846.731580
8880.951313
8847.873466
8950.099424
9034.827448
9251.298547
9437.641358
9548.409684
9474.717376
9370.827444
9267.148242
9084.922761
8858.957676
8900.559183
9248.907866
9147.147812
9246.669715
9634.636210
9723.284918
9524.095677
9594.713190
9564.800355
9211.669924
9051.799584
8949.929040
8788.893951
8682.856070
8799.790858
8971.414909
9389.266338
9844.444848
10113.003725
9949.330053
9828.419322
9222.953050
8908.773936
8471.460516
8429.706572
8413.018747
8635.691958
8721.835813
9125.370282
9646.875378
9668.617465
9762.411655
9840.033393
9645.383465
9430.977854
9487.373852
9510.395444
9280.807194
9562.693749
9434.846197
9525.574419
9404.942139
9474.085306
9196.852025
9160.199729
9021.299705
8950.652244
9161.164771
9471.186674
9635.147229
9730.533066
10176.871997
10280.798163
10339.413467
10581.775824
10692.169511
10594.150642
10460.052617
10267.055778
10209.097156
10202.253253
10024.164714
9749.516793
9558.240165
9279.740135
8946.000720
8737.568345
8780.626288
9040.438054
9003.927658
9088.044170
9141.762861
9156.556454
9017.966448
9165.660724
9256.022066
9315.142775
9333.024418
9246.357605
9103.158810
9005.890681
8874.113853
8893.462716
8792.733237
8555.810283
8601.293003
8690.779530
8826.942986
8976.400832
9197.164959
9359.884940
9264.207789
9227.216936
9266.935848
9370.602909
9170.853306
9211.327492
9079.338381
9058.474794
8912.944112
8901.277593
9067.761150
9175.819778
9134.525349
9201.851939
9299.292795
9127.518731
9060.289907
8914.673580
8928.119270
8785.264188
8848.086247
8690.748021
8675.268465
8499.948927
8551.583205
8588.017041
8717.909685
8806.883610
8979.637739
9196.852762
9328.147640
9352.602582
9575.713490
9711.671037
9527.505543
9383.279296
9233.417018
8842.006989
8691.992633
8768.166542
8814.823184
9011.958639
9185.160276
9154.683796
8956.118067
8779.246736
8664.590921
8870.570862
8846.923971
8983.180828
9127.645331
9109.528027
8778.651209
8752.648520
8700.417448
8838.785529
8810.669772
8745.232827
8585.767412
8579.192752
8290.493784
8272.507318
8409.377775
8721.042310
8566.996960
8566.996960
8604.304775
8803.183208
8692.445073
8857.313055
8899.955889
8882.296187
8769.470132
8986.388774
9012.231838
9193.276321
9329.457385
9221.246807
8773.283950
8727.797904
8604.516197
8389.978971
8530.616248
8729.859806
8814.603278
8805.952934
8738.104334
8454.403804
8188.064068
8050.506498
7989.417265
8175.192562
8210.135011
8426.567423
8439.503740
8399.323659
8275.632867
8306.289620
8267.158549
8228.303148
8147.118973
8192.807385
8180.203309
8074.463952
8004.385607
7983.506240
7950.597897
8180.356851
8414.335239
8639.585256
9113.016616
9224.335086
9249.313012
9312.454908
9173.649026
9027.085535
9003.691754
8897.899094
8837.011922
8730.558322
8656.380303
8545.441394
8640.937953
8614.878760
8799.100933
8858.136189
9009.923947
8949.930970
9060.279499
8959.951725
8892.548894
8818.837403
8641.111619
8582.544308
8753.875439
8793.825008
8755.113975
8913.389346
8891.953116
8874.096476
8662.016448
8772.779284
8819.835088
8623.121328
8551.228545
8632.572177
8473.832651
8238.183915
8238.183915
8170.852125
8209.337567
8358.623655
8454.177764
8516.355747
8345.261432
8101.604661
7925.608612
7787.042991
7769.950583
8053.453354
8334.243755
8485.689595
8589.442543
8524.713815
8368.492495
8385.762904
8478.352467
8481.541641
8502.401749
8422.513861
8222.339402
7822.501177
7882.730704
7950.076520
7915.448561
7904.651431
8238.254893
8297.252785
8303.158651
8716.812208
8768.014061
8679.207829
8566.440866
8475.101309
8258.869908
8473.233940
8588.033447
8793.712776
8960.111747
8928.234768
8881.388278
8625.753201
8298.794472
8242.642294
8298.794651
8116.207945
8261.213548
8343.876920
8238.882799
8070.292386
8066.733509
8142.178540
8167.960711
8414.938780
8523.809659
8582.597536
8548.125543
8457.498817
8286.042590
8281.859818
8112.112081
7951.102952
8018.984163
8088.090698
8189.701271
8362.181775
8658.552791
8803.501269
8807.983010
8908.425123
8852.728594
8545.057652
8559.940015
8466.982369
8265.826438
8348.429275
8445.915546
8220.651165
8192.416416
8328.664424
8318.480010
8366.020381
8454.678045
8567.090077
8366.020034
8302.405982
8122.655242
8107.398208
8161.612620
8265.650410
8229.601237
8428.682789
8565.598391
8499.931486
8532.415232
8611.083755
8691.184700
8550.754012
8460.844575
8318.783336
8446.051871
8234.741749
8144.878435
8238.315912
8294.318289
8318.308670
8519.937181
8592.753882
8378.354920
8285.318304
7922.646750
7802.497567
7999.660542
8168.552089
8363.875419
8404.211629
8402.498022
8309.190333
8338.867336
8129.406633
8355.101391
8248.276319
8218.184861
8157.757678
8257.049896
8265.856666
8458.623215
8685.814031
8824.646724
8923.901100
8857.776891
8979.140412
8998.285553
9077.496072
9068.275000
9237.953228
9147.126049
9099.882689
9084.511363
9225.193738
9169.753873
9245.803900
9399.803884
9369.259648
9412.949558
9472.287585
9552.036916
9268.517181
9090.562979
8768.152536
8606.377525
8448.534663
8498.358507
8500.320464
8506.899506
8526.172189
8543.982381
8524.285630
8825.313888
8818.658241
8741.673131
8525.496539
8440.362188
8120.696417
8255.175820
8363.013343
8659.767061
8635.882154
8863.051245
8857.034072
8757.155711
8337.419845
8373.628524
8059.854094
7997.127457
8139.229412
8438.281052
8483.303402
8643.538961
8806.383545
8679.020081
8556.970762
8631.632213
8862.805362
8780.433064
8765.917738
8903.812213
8847.728760
8557.296110
8330.667482
8128.844303
7998.374487
8041.737784
8124.285627
8566.273974
8910.195541
8996.913810
8986.171419
8814.841817
8498.650960
8163.110067
7890.360708
7489.564179
7517.794548
7474.577428
7563.863055
7763.408706
7873.375101
7691.678126
7459.878341
7438.334036
7269.579254
7349.515765
7665.769702
7992.713689
8105.797933
8235.484638
8256.983406
8244.196992
8387.187391
8421.428610
8537.997122
8758.710262
8877.631808
8875.575436
9071.280068
9101.688530
8914.958232
8811.294841
9008.628749
9214.126880
9299.026780
9580.675248
9723.308183
9201.569744
8662.009468
8471.585196
8255.145437
8416.677336
8761.515739
9127.260041
9336.798476
9581.653521
9260.677102
9117.884295
9017.048630
8732.705690
8327.798063
8544.492470
8709.045517
8757.600634
9088.654940
9465.669703
9270.331396
9238.006305
9142.332120
9021.417781
9127.853579
9415.534732
9400.195433
9519.374765
9504.282744
9168.660084
8932.379300
9060.437313
8884.140513
8938.261416
8968.581729
8798.190049
8457.604519
8633.705986
8720.659249
9038.695220
9467.853915
9610.813976
9593.539519
9589.114052
9307.551739
9026.251845
8793.866985
8609.966510
8566.330454
8682.820295
8866.887164
9079.363802
9213.208048
9068.252460
8810.515344
8665.314611
8734.618548
8606.799473
8527.014895
8327.973227
8215.307325
8299.522239
8537.868026
8617.715113
8938.283574
9070.640176
8814.797180
8591.554279
8806.325169
8866.769231
8862.636650
8866.769289
9017.761182
8686.413983
8460.506761
8242.497682
8320.146861
8165.297581
8158.630715
8373.163217
8535.458135
8455.291678
8343.322028
8633.159234
8524.835016
8472.716617
8656.962978
8674.156730
8414.142868
8383.722066
8264.628115
8268.780695
8318.153347
8250.560481
8124.767837
8138.064765
7882.503219
7765.180853
7778.718053
7899.854650
7917.055998
8036.549025
8437.963216
8513.356709
8556.375629
8842.591763
9042.022867
8952.646206
9154.239717
9096.109856
8853.054556
8781.217409
8762.321538
8773.686595
8873.201183
8825.601567
8550.662997
8344.436376
8188.751229
8324.574521
8582.473015
8736.452293
8872.652154
8965.598561
8892.013974
8911.470547
9017.614838
9268.220082
9354.528491
9358.927637
9362.687977
9400.083602
9336.469343
9357.931356
9518.473720
9674.443214
9803.356561
9842.565659
9710.561002
9639.260546
9517.740488
9595.032584
9455.295056
9385.737268
9436.325312
9201.953367
8983.337574
9082.967465
9212.963801
8989.892151
8957.198567
8915.961865
8612.199570
8456.818244
8404.288333
8291.934119
8160.164635
8287.075114
8532.022764
8681.418488
8946.002569
9064.960968
9107.484603
8728.286216
8609.676188
8526.834143
8355.868004
8287.467112
8582.412966
8736.252730
8755.608324
8946.072748
9033.445207
9060.919751
8987.487725
9033.445432
8914.011431
8882.045665
8832.504061
8971.297722
9033.836439
8956.320335
8779.647686
8723.399493
8700.167348
8665.471083
8973.410944
9321.706936
9460.550565
9311.303666
9306.716200
9027.079370
8693.377199
8477.195921
8238.548471
8303.720338
8377.704484
8511.618952
8487.831991
8777.925871
8403.098010
8387.980945
8377.571139
8297.582795
8137.357917
8496.832273
8587.423253
8574.491375
8711.079086
8837.029654
8737.227081
8728.372144
8759.895860
8793.145583
8700.029337
8714.847329
8941.846764
8872.542622
8941.396115
8990.845908
8971.832609
8688.381122
8792.763738
8638.380418
8633.996178
8649.122321
8798.782631
8928.229581
8925.914131
8898.184788
8852.663264
8681.279827
8632.735826
8768.509347
8675.465058
8734.255311
8753.764509
8545.346345
8610.658372
8937.872213
8956.967753
9043.812511
8994.960367
8713.613722
8366.608712
8251.716828
8362.520213
8582.748788
8780.258424
9178.304579
9269.535175
9096.525292
9098.481280
9146.771517
9141.986367
9396.962816
9611.919244
9820.288846
9730.846786
9623.130395
9445.628799
9352.647396
9156.809785
9551.524708
9763.448996
9800.047076
9650.947801
9516.945801
9009.832826
8676.150218
8633.343148
8678.977986
8681.041696
8778.390193
8626.021645
8663.434145
8832.502354
9021.432373
9019.108726
9405.020074
9640.652813
9469.397516
9409.862370
9657.713200
9603.212952
9544.523242
9873.658427
9920.645559
10128.725884
10161.483360
9861.713503
9674.168689
9757.087828
9799.798097
9860.500696
9923.139071
10055.356685
10148.799720
10173.020583
10402.106134
10664.423025
11028.042035
11189.392430
10799.729651
10501.140473
10412.213069
9896.597714
9881.738906
9955.158247
9779.870614
9593.669859
9461.201805
9185.258397
9081.512829
8923.568852
8665.539515
8734.911362
8556.158855
8363.582010
8420.812715
8331.435221
8015.195605
7902.647433
7906.284655
8004.277769
8387.746830
8753.764329
9208.670095
9606.334696
9799.562139
9877.085726
9710.938396
9409.121249
9225.121155
9259.826257
9261.167397
9614.499935
9977.725069
10125.291579
10131.767399
10311.923037
10311.923037
10122.361900
10211.373457
10312.514070
10230.350722
10327.614778
10429.859854
10330.363651
10380.225863
10459.875073
10249.693344
10154.059337
10019.879654
9690.785253
9478.218019
9697.176706
9850.275960
10082.027557
10079.984677
10265.829707
10098.918874
9910.509661
9784.793031
9918.895135
9975.237995
10079.393942
10289.200419
10317.399547
10237.789589
10061.695955
10035.416689
9910.807118
9956.246767
10228.903410
10584.404322
10523.696115
10466.594616
10394.663984
10167.564552
9961.966002
10067.557448
10250.058330
10356.122226
10343.322620
10163.792746
9996.828298
9750.494055
9854.360181
10094.925282
10144.672110
10056.019790
9983.920299
9751.809108
9728.711742
9912.531232
10018.767391
10362.361501
10455.519429
10451.396999
10397.468088
10620.591919
10666.802995
10645.797864
10467.657999
10242.790060
10138.608162
9896.580439
9950.816530
10232.111694
10439.697090
10507.146737
10564.645930
10482.541185
10432.327727
10467.219327
10324.189732
10428.398151
10451.849371
10185.396382
10178.917932
10200.916942
9835.446519
9759.832630
9792.334941
9634.361025
9763.907081
9976.317314
10104.612782
10203.183360
10138.710398
10076.077565
10212.136510
10279.248154
10391.495618
10939.831580
11078.326940
11032.222074
10853.820451
10693.710056
10226.131312
9933.343766
9967.327282
10054.653628
10041.160946
10068.943628
10391.668169
10774.567353
11103.581467
11642.751796
12058.600035
12090.964886
12026.677890
11635.305166
11418.444121
11195.247190
11144.013359
10897.042339
11033.716396
10853.909659
10657.017201
10483.712433
10353.921907
10404.277217
10304.073824
10165.734325
10120.330318
10300.996853
10560.266242
10755.692298
11132.277653
11424.800468
11235.893875
10913.509636
11062.111946
10863.186390
10646.641435
10630.106096
10850.977457
10731.366105
10937.190730
11026.095754
11323.173845
11147.857214
10838.514929
10584.762935
10303.442863
10156.823080
10044.268028
10213.013972
10325.561593
10570.407726
10655.625053
10650.559785
10598.554052
10714.085328
10690.797580
10550.435912
10664.908311
10956.673364
11177.584209
11563.494677
12045.159361
12428.910397
12744.797109
12708.442329
12651.235570
12105.621250
11915.355254
11488.613066
11204.449909
10857.795220
10714.079782
10785.161078
10829.246231
11001.479918
10989.042927
11411.351794
11270.427004
11160.409372
10987.428125
10935.049491
10982.292194
10880.065765
10977.521768
11203.341280
11492.866807
11123.315625
11309.658953
11659.772380
11695.049939
12080.692120
12214.238089
12281.715615
12121.421504
12183.826616
11839.352854
12213.651661
12385.088229
12412.685225
12345.663693
12371.951972
12097.978570
11487.032201
11207.717462
11027.873383
10914.963247
10774.713249
11125.588322
11190.120164
11203.829781
11370.930744
11643.856612
11692.040238
11994.742146
12218.384066
12177.396003
12242.529234
12124.099536
11756.047585
11461.065774
10928.790950
10714.190123
10660.335699
10584.311452
10484.101463
10921.975783
11253.197765
11195.029671
11198.933955
11327.262713
11318.519174
11252.799226
11640.315337
11927.891665
12175.316216
12321.739930
11963.635293
11939.580524
11837.795666
11781.913522
11621.085083
11763.301608
11447.264559
11291.615691
11474.998237
11555.844223
11989.152808
12303.392766
12677.497345
12216.561722
12315.933712
12108.126438
11755.056654
11544.624038
11942.995406
11703.142059
11269.880023
11610.037183
11635.341111
11367.033642
11444.936840
11892.689366
11681.021693
11659.174913
11627.175238
11384.008218
11112.818952
10820.025579
10707.064548
10714.044645
10666.187742
10661.891826
11081.988613
11144.604723
11054.217694
11090.428563
10835.696373
10406.722179
10192.972781
10420.225932
10426.115864
10522.565606
10725.600832
10947.094737
10671.443363
10550.592079
10238.091103
9952.149730
9688.021732
9477.442604
9544.732551
10148.255391
10468.353219
10778.374621
11098.218356
11349.735727
11312.134655
11526.030210
11166.422171
11203.723001
11229.630266
10974.910488
10435.219611
10515.480001
10425.014550
10168.831259
10243.399894
10633.558279
10880.117116
10819.862871
10852.081325
10715.683092
10365.323264
9971.238196
9971.238196
9968.825885
9951.967284
10175.115810
10471.872416
10538.867015
10582.157890
10660.980322
10686.368889
10931.269078
10974.963307
11247.728813
11610.742155
12003.511326
12154.712184
12549.125123
12504.754222
12367.517789
12075.285659
11720.000720
11514.269035
11577.283858
11532.442554
11768.719416
11974.302923
11931.417283
11653.373157
11942.775765
11910.338740
11985.699187
12436.107244
12893.220138
12889.231370
13107.782832
13038.558123
12642.280261
12648.704266
12742.169795
12694.102558
12673.310274
12822.783649
12560.486196
12137.190836
11799.976988
11916.113742
11854.019615
12124.564101
12324.503010
12439.799545
12547.165887
12248.500252
11888.495179
11912.158372
11739.318359
11152.426084
11243.026061
11403.297102
11505.320888
11635.292574
12003.679414
12053.200138
11960.058556
11580.468141
11833.671619
11610.266624
11557.620843
11824.470649
11880.189787
11503.441575
11860.221732
12109.140754
11801.425690
12075.617101
12309.966252
12470.756643
12742.740256
13347.007762
13865.654388
14153.346069
14562.935447
14629.721793
14376.427429
13784.522955
13383.002686
12564.734236
12417.503401
12098.856138
12206.912243
12526.201088
12773.066476
12586.432371
12705.278641
12967.119902
12677.063413
12494.854517
12403.766898
12656.884750
12531.889841
12573.287945
12557.478188
13053.958644
12903.870072
12715.531847
13069.560744
13417.223303
13401.264500
13481.943255
13460.789864
13140.121873
13146.696808
12992.813128
13109.160998
13101.133203
13017.045010
12795.708303
12596.760180
12122.378245
12069.563486
12187.973967
12008.536692
12269.058394
12378.552545
12612.086819
12359.475976
12255.234365
12103.654124
12398.122923
12474.890888
12801.233077
13009.659897
12901.444766
12814.998987
12786.713151
12968.986335
13308.678899
13320.125600
13388.944017
13161.922072
12789.466190
12408.417703
12403.790177
12303.736695
12809.905387
13063.162534
12931.432215
12768.681053
12422.354047
11668.502877
11401.717688
11481.410899
11782.947214
11858.907414
12020.412578
11641.119215
11632.338201
11288.216514
11491.943626
11623.057991
11965.490004
12308.274632
12457.420235
12500.429863
12833.817434
12940.011191
12521.935753
12954.863185
13349.221286
13192.321448
13567.348642
13988.768011
13826.785263
13590.653075
13758.638460
13897.486557
14161.578503
13936.031533
14090.154554
14104.307641
13968.254967
13915.812951
13957.445488
13909.974350
13535.652788
13295.497646
13062.184966
12888.718022
12526.687658
12709.494287
12958.186287
13054.085522
13511.221037
13604.679562
13412.689417
12988.213680
12894.776776
12938.255273
12970.986883
12970.986883
12953.458834
12934.396002
12513.686241
12481.246578
12477.214798
12661.920519
12693.664163
12828.259865
12773.624327
12699.255232
12679.914078
12716.834631
12770.819710
12803.667920
13058.177641
13220.980651
13134.334121
12915.354323
12980.331352
12878.535882
12698.888575
12619.325061
12657.144744
12694.023591
12601.706902
12399.049074
12276.232287
12131.149411
11771.675704
11688.767101
11459.079811
11489.075891
11524.354929
11682.311272
11580.569041
11922.093027
11817.779639
11783.230607
11675.825070
11728.196907
11713.648053
11840.630160
12072.717259
12168.435660
12565.420806
12602.326462
12350.663827
11980.830308
11948.572289
12349.681776
12769.432736
13377.761149
14166.562800
14766.811522
14271.792098
13706.675250
13052.545223
12281.639682
11724.753805
11845.504849
12015.038383
12296.476435
12740.291132
12705.351669
12631.425782
12576.837158
12471.076045
12232.486635
12483.895226
12662.614845
12976.601130
13063.153065
13166.798877
13206.829423
12921.533560
12800.085905
12717.599356
12996.900575
13048.942991
13036.546237
13043.049860
13465.249992
13465.249992
13475.959710
13479.881069
13629.632073
13647.230243
13729.597760
13897.986610
14190.949224
13784.649004
13370.631758
13147.222477
12809.897318
12786.230125
13215.439347
13541.993526
13654.801776
13858.440709
13533.175566
13500.799769
13343.362547
13048.311313
12814.785545
12909.589029
12953.208858
13417.169183
13707.001106
13947.224458
13985.538122
13693.815516
13188.353013
12978.617324
12863.874858
12823.263372
13137.654562
13399.914390
13906.542389
14021.192317
14165.105490
14146.179319
14513.660428
14279.305212
14265.189660
14505.248982
14349.102472
13915.521979
13835.775865
14132.841735
14111.490839
14353.879163
14429.219033
14318.853104
14416.430429
14581.781733
14328.238179
14429.845294
15039.109862
14612.170809
14400.001605
14278.396153
14040.575730
13540.284495
13332.118492
13028.422068
13368.562137
13259.817985
13195.324205
13171.648212
12905.952306
12325.626100
12245.542550
12098.252166
12085.284264
12178.370923
12377.916567
12581.607626
12854.267604
12977.677104
13257.967596
13764.758175
13684.961736
13751.615212
13937.702682
13976.353419
13519.504733
13674.856700
13885.611694
14082.288890
14341.230216
14254.605669
13940.938488
13418.821955
12784.420259
12221.559739
12288.110502
12751.995050
13083.734055
13312.773813
13195.918703
13048.764877
12386.210004
12044.332394
11905.187475
11971.675524
11887.311471
12055.638812
12101.141441
12541.302923
12785.059655
13036.501625
13400.213834
13674.856700
13400.212868
13356.396648
13368.724294
13410.018294
13262.286456
13726.042761
14157.263675
14493.002984
14295.812715
14455.622681
14325.758245
14047.994748
13864.014349
13906.934762
13540.935538
13224.912439
13407.591351
13671.891313
13823.377254
13898.534803
13914.024839
13302.550689
12891.284207
12418.909569
12045.722300
11977.069519
12070.552025
11966.687689
12479.896633
12756.783565
12935.067327
12724.311828
12677.171927
12132.693293
12094.248771
11730.651823
12193.091740
12260.261497
12297.219733
12498.889325
12947.056835
12823.556260
13228.748402
13559.815647
13805.179577
13569.016451
13689.813620
13618.437527
13572.964579
13373.651187
13427.959672
13829.360188
14065.350945
14331.626187
14747.601760
15239.196530
14890.576442
14531.317104
14139.747097
13838.175938
13440.289875
13947.374293
14023.134870
14172.437176
14274.741871
14040.744864
13456.663508
13545.496864
13532.311652
13441.049517
13865.847861
14182.377833
14161.228644
14409.541746
14383.930806
14570.185759
14625.224096
14850.361276
15305.410785
15601.938559
15521.746923
15405.145468
15065.052692
14707.364572
14668.050291
14768.217988
15349.794381
15926.220155
16242.275535
16573.486098
16684.265039
16049.326532
15540.489377
15217.432815
14868.543272
14613.246164
14829.931671
15522.339567
15904.449859
16250.082306
16577.793030
16453.999626
15988.798317
15829.973189
16010.229438
15880.392748
16031.254321
16533.939781
16828.007565
17116.405167
17711.975178
18028.384540
17961.052713
17608.501667
16542.659565
16131.443929
15693.666408
14699.466735
14454.992683
14299.148066
13909.459566
14197.909345
15220.519853
15178.842418
15380.699175
15423.900232
15400.832805
14806.966068
14672.604676
14584.401759
14596.969390
14155.530600
14594.442676
14813.788744
15213.769930
15305.446536
15768.437380
15226.647395
14997.660044
14971.241953
14944.973351
14531.093864
14435.655962
14262.346424
13805.755562
13068.956076
13033.094272
12976.956398
12866.882186
12975.181821
13167.015743
13114.479137
13131.998799
13255.434219
13187.946207
13253.166417
13223.313669
12861.033083
12781.456843
12361.239232
12260.992614
11968.764563
12003.542609
11931.859923
12183.211697
12659.107388
12882.199164
13337.326347
13605.989646
13411.252816
13220.827690
13093.348920
12841.493243
12503.851359
12531.958232
12100.890381
11911.937338
11613.087435
11635.088273
12004.815929
12273.775966
12318.306986
12320.617146
12357.510432
11891.922103
11460.518460
11173.897440
11130.902238
10950.695830
11302.263787
11580.988342
12105.604922
12633.553284
12978.495399
12817.749392
13047.909646
12858.772101
12395.024137
12390.676394
12414.444685
12068.514283
11985.506467
12115.511648
12206.592042
12327.674245
12416.669532
12150.577125
12259.705109
12016.141135
11682.643281
11724.496338
12546.267633
12955.156878
13110.822378
13429.540736
13319.934939
12815.977679
12098.920549
12269.981702
12283.174611
12276.367562
12448.598976
12682.647707
12145.123735
11913.880624
12060.919307
12442.928385
12705.280254
13145.338497
13478.773361
13580.541678
13493.129855
13642.619853
14108.415200
14026.231477
14090.973750
13912.497259
13856.358593
13139.591429
13180.211697
13256.836906
13139.704137
13141.742171
13321.419624
13369.239499
13702.228780
14091.181127
14136.738264
14470.136938
14446.670064
13885.739656
13556.423324
13225.076917
12999.463979
13302.807458
13359.438918
13278.880555
13501.490134
13395.745161
12871.142094
12986.171959
13258.068052
13085.353226
13247.054200
13505.049192
13859.696771
13851.856948
14137.302386
14546.922796
14958.204474
14631.365576
14718.794935
14463.321934
13910.629313
13288.917443
13102.959030
12656.796779
12650.438868
12908.034236
13347.400573
13635.807625
13824.408979
13865.880914
13521.623557
13103.363861
12622.712250
12495.414270
12341.866779
12269.948195
12177.172644
12328.478839
12477.245066
12496.389508
12756.527441
12925.769086
13327.968725
13585.500328
14181.646431
14590.042966
15224.706609
15391.337321
15261.738821
15147.246326
14796.271319
14278.549990
13801.915087
13581.374214
13215.560881
13507.367085
13479.358090
13641.941971
14221.897732
14416.849101
14423.460047
14395.143947
14584.107658
14400.641805
14567.471464
14593.601540
14873.372688
14632.991000
14439.047868
14684.159587
15087.019349
14880.867229
15171.383877
15243.543601
15093.248165
14825.672711
15111.683568
14970.791984
14885.885179
14270.721308
13802.400910
13435.491804
13140.304035
13257.341841
13612.353073
13681.036774
13671.138438
14097.023546
14122.972527
14014.949515
13726.361067
13722.008566
13754.462260
13678.628242
13758.526560
14288.835105
14522.853473
14827.889059
15338.433722
15670.689961
15696.928300
15768.722223
15268.416636
14654.292399
14468.652576
14074.280375
13790.659262
13759.954749
13924.077480
13557.892246
13618.519690
13532.073382
13594.811268
13331.703959
13569.604359
13900.945849
13987.871781
13968.126976
14133.491243
14570.817120
14735.680647
15139.001146
15114.868899
15107.852306
14794.696404
14526.012637
14495.267638
14519.450493
14464.146240
14435.717900
13983.286990
13418.061630
13532.718623
14140.496812
14222.323979
14502.054969
15433.895012
15740.810145
15787.754483
16396.213954
16839.723435
16498.023896
16201.450727
15682.774437
15006.926342
14795.140453
14814.197201
15371.491682
15738.194549
16262.482671
16182.460206
15904.936118
15216.846091
15320.699647
14985.137100
15192.953362
15777.700256
15998.603262
15708.012737
15696.615385
15964.961195
15605.669131
15657.468769
15836.277581
15972.439862
15871.445484
15912.725305
15907.873715
15782.323377
15914.950467
15670.228359
15607.734403
15334.487543
15396.425872
14954.321502
14865.698527
14558.409112
14593.046913
14312.496962
14423.152111
14202.142992
14288.599452
14636.596704
14964.365750
14953.636819
15150.421662
15228.575047
14704.368758
14791.195217
14744.046030
14763.528461
14824.214301
15325.056591
15209.595479
15404.855397
15709.453889
15891.737831
15805.064453
15822.813277
15484.653671
15124.809032
14851.059035
14604.931140
13957.326824
13673.334121
13259.575766
13215.988206
12915.431707
13307.446537
13477.724642
13813.229910
13839.172946
13940.976250
13828.591455
14066.681567
14110.045247
14055.832550
14493.385959
14756.423744
14676.600718
14379.878586
14226.350988
13929.082058
13869.572127
13841.189238
14580.157447
15163.105009
15238.865057
15034.613108
15251.293625
15026.167689
14785.353208
14679.377872
14679.377872
14684.001332
14426.410741
14475.676241
14790.079662
15074.466071
15069.984598
14968.411049
15043.895631
15152.533010
14823.514759
14719.159137
15206.909524
15178.402449
14970.677007
15124.216261
15116.524064
14610.114821
14391.569415
14268.148420
14254.936291
14257.398583
14389.633260
14564.602275
14456.220773
14505.471318
14513.730474
14903.583543
14730.794736
15060.034998
14901.252400
14471.782881
14082.116491
14133.656708
13999.873662
14239.349656
14781.934916
14756.825831
15001.897061
14965.068024
14980.184622
14886.995260
15127.130568
14914.735605
14850.282896
14427.638661
14394.972750
14347.504553
14427.636886
14494.643965
14942.846828
15222.095988
15666.263614
16396.171963
16701.364447
16529.529085
16429.416863
16009.834985
15385.900061
15167.175176
15275.161683
14849.756810
14428.549447
14121.260754
13910.915435
13981.067194
14429.187411
14684.619076
14684.619076
14860.763755
14913.918644
14739.940606
14896.298676
14855.034298
15023.945765
14756.233696
14774.094765
14585.024972
14767.384713
14901.582023
14752.475996
14646.583479
14618.336303
14563.895963
14274.246301
14972.836767
15453.469917
16141.834077
16596.748112
17218.889121
17174.131793
16946.342645
16307.982292
15957.231833
15578.433784
15569.822243
15359.929328
15608.773642
15540.008749
15429.243702
15609.245482
16097.070489
16069.154050
15795.754003
15629.169595
15068.770766
14468.686555
14216.620328
14574.736707
14400.970466
14246.578571
14334.640569
14201.372041
13999.733759
14220.818993
14233.052586
14174.123185
14674.841651
15066.657056
15149.186343
14850.129023
14782.518891
14364.124994
13801.339108
14016.141675
14521.988942
14527.870370
14511.328587
14880.779973
14811.735830
14622.371298
14598.928327
14755.106823
14813.527755
14650.576797
14695.297643
14874.500935
14944.131707
14972.509276
15049.054597
15326.581835
15292.027292
15150.899462
14767.983143
14196.154987
14066.695465
14135.898153
14406.386913
14278.579316
14311.255771
14156.535914
14268.660377
14089.592310
14634.977800
14979.608596
14751.691184
14559.316618
14320.826678
13707.819362
13511.360988
13589.318566
13465.548139
13400.820817
13520.413676
13370.836725
13179.532780
12867.824686
13064.919552
13376.632470
13777.346064
13924.126590
14114.585822
13865.705273
13257.288991
12626.814685
12458.561038
12285.839819
11956.197738
12235.651725
12495.682454
12650.783265
13103.304722
13371.649535
13308.807934
13101.211054
13179.648029
12874.887795
12961.388191
12932.951277
13346.673628
12951.964826
13258.773433
13573.067133
13759.228435
13689.873034
14027.320605
13802.081822
14073.231326
14215.923470
14372.417993
14191.032222
13868.761996
13325.061337
13169.226272
12790.433515
13172.736287
13270.303466
12938.601169
12513.916933
12555.799986
12502.536452
12961.484508
13078.141502
13544.604403
13834.778999
13778.623478
13679.617392
14019.784541
13976.242927
14036.579851
13732.176618
13640.043243
13505.473969
13273.801158
12844.797871
12983.063180
12766.972410
12718.873658
13061.817139
13441.753660
13752.280692
14373.537837
14867.626055
14839.228868
14667.951757
14190.568335
13490.812988
12947.206264
12971.224886
13025.267360
13146.685952
13265.627288
13068.500703
12431.988674
12015.934613
11992.664057
12241.574049
12477.526277
12971.350393
13272.840784
13427.734496
12870.925875
12556.522542
12112.172252
11599.161996
11133.836047
11343.615794
11343.615794
11783.154106
12173.293437
12536.501313
12781.315152
13151.481611
12822.797615
12893.552753
12927.368418
12587.177418
12239.945332
12264.888760
12440.581750
12526.928313
12792.218436
12943.006841
13357.157029
13279.238042
12803.497549
12573.981575
12483.047733
12151.066563
12155.230468
12655.480519
13085.991675
13664.155850
14010.563345
14378.948154
14693.673843
14453.625313
14552.431734
14409.378002
14197.281736
13512.867508
13172.922341
12568.893531
12407.119832
12159.772750
12367.538652
12900.951403
13344.890969
13337.975974
13387.872841
13636.629272
13607.614524
13450.185350
13673.058063
13684.399770
13739.034358
13605.567586
13292.791316
13225.646257
13308.396052
13087.070210
13165.969093
13739.032728
14170.277374
14222.088641
14215.743822
14330.827609
14161.787160
14057.937310
14488.772590
14928.053050
15172.728938
14874.117061
15114.786733
14965.057660
14925.129807
14820.486582
15054.816818
14691.423967
14361.971324
14146.911943
14344.346578
14835.776536
15371.450819
15581.343934
15566.271235
15250.662636
14914.150644
14604.554371
14736.471269
14874.310095
14937.373464
15361.618032
15450.813969
15132.629258
15073.166271
15282.392007
15107.341109
15006.243285
15079.507818
15266.658674
15154.204568
15065.060279
14954.342440
14985.039700
14666.296542
14473.276182
14302.469234
14202.617122
14254.478969
14339.819688
14532.526478
14833.676038
14755.654108
14809.846557
14695.107685
14400.392705
13977.723675
14043.237807
13960.915359
14085.974202
14233.180381
14215.840710
14332.881713
14608.063392
15139.221508
15589.073095
15756.516303
15914.570902
15857.820943
15573.183256
15532.157498
15761.507090
15983.178998
15716.171968
15225.441246
14723.575547
14658.487974
14333.346992
14428.639726
15150.637091
16025.608211
16157.651362
16084.227362
16320.211294
16001.566489
15497.796314
15668.591878
16175.319812
16725.143114
17020.416759
16868.923890
16409.196659
15920.068534
15266.557134
15089.695382
15345.173325
15914.908913
16385.458207
16826.820461
16826.840729
17140.881848
17467.408954
17357.156331
16805.120544
16661.096117
16438.293887
16043.522232
15996.406248
16217.257213
16330.022176
16225.748320
16336.214600
16539.863872
16758.302362
16807.027595
16855.293497
16376.333546
16092.980109
15834.953911
15630.994510
15641.897689
16140.736359
16534.166262
16804.708979
17042.826608
17298.255373
17010.266854
16984.124091
16999.374848
17073.851168
17017.433273
16718.745377
16233.711072
16198.757797
16680.933784
16934.469814
17324.030792
17590.796119
17337.487890
16657.389192
16101.000111
15682.838124
15476.760195
15691.580204
15738.152349
15576.105441
15810.078492
15859.792986
15560.825296
15446.389084
15875.010809
15961.457970
16236.474759
16272.766864
16534.426548
16785.196923
16896.084359
16798.617844
16941.496893
17252.514846
17083.073524
17013.480763
16848.687760
17294.596319
16929.567138
17001.606110
17352.051017
17481.836321
17124.615430
17290.512756
17169.094659
17273.268133
17461.106673
17264.380286
17130.938069
17030.663538
16530.376575
15937.641988
15867.381763
15676.532542
15629.265431
15296.126055
15501.632718
15686.073479
15479.237032
15144.170672
15615.593073
16332.308346
16774.597939
17732.635710
18436.362856
18627.287514
18126.467159
17706.221653
17653.223414
17564.916093
17947.771717
18846.358058
19520.643440
19812.738257
20346.661742
20702.887245
20787.577152
21155.771347
21181.335012
21139.911486
20514.613073
19962.035920
19595.885906
19464.600653
19564.090484
19748.339184
19683.699747
19579.731414
19432.743950
18999.837276
19317.888028
19788.273001
19921.706536
19847.504421
19329.643843
18425.565696
17890.271156
17667.060508
17739.166779
18592.261325
19211.423276
19235.689526
19445.772730
19532.402382
19006.555921
18040.658903
17461.993073
17025.281497
16730.442967
16855.452479
17899.238212
18540.699532
19029.380429
19225.194124
19271.283448
18999.907686
18553.877883
18512.584842
18447.135303
18453.264632
18436.128337
18933.955786
18767.899621
18612.382589
18867.613216
18960.910887
19181.990490
19829.315828
20524.481387
20812.117155
21188.704901
21121.383987
20644.908858
20619.381258
20779.841703
21425.088652
21951.605767
22191.782997
21938.962438
21986.058129
21910.883159
21841.363140
22415.303809
22799.777830
22992.626175
23246.131706
23503.550279
23624.770225
23491.161296
22769.553067
22002.839245
22035.847381
22143.590921
23056.849922
24296.289735
25848.864380
26936.060849
28096.537896
28882.692304
29462.769783
29393.064155
29601.556895
29696.349075
29867.517614
30131.242077
30063.557144
29602.116995
29030.513972
28350.663981
28067.533595
27959.143893
28407.387290
28392.988894
28576.813276
28430.095934
28460.016168
28122.343270
28942.709571
29607.900963
30748.990867
31271.750820
31823.194022
31622.128834
31137.251017
30239.263391
29515.564944
29117.319142
28876.931567
29413.933022
30249.700743
30995.323174
31693.986689
31856.942287
31444.555024
30703.982809
30602.489567
29821.090101
29421.814218
29933.657572
29986.445305
30234.869567
30551.270469
30849.781835
30516.518627
30473.563852
29925.857293
29444.443931
29089.425441
28640.933752
28632.551687
28768.855307
28580.646513
28327.222803
28068.111985
27199.795887
26920.970050
26689.041355
25805.511485
25266.272634
25111.639515
24644.016253
25237.553238
26404.581040
26576.665762
27428.000517
28079.841324
28077.500596
27196.135222
27406.762243
27003.655587
26925.051761
27040.444374
28368.427326
28843.721321
28878.322783
28447.493337
27958.243942
27195.906095
27167.919736
27055.876279
26514.317114
26362.580129
26089.012868
25354.581043
25395.797911
26281.974357
26764.727670
27392.742408
27957.903359
27855.731894
27501.081139
26535.076072
25459.099736
24183.796972
23389.374753
23018.784806
23092.274586
23056.147679
23454.568471
23370.389084
23450.912100
23857.513390
24436.378204
25084.254913
26454.581104
26847.231867
27098.304564
26461.198491
25773.421350
24612.522716
24538.337954
24289.681978
24925.876253
25975.556369
26781.628257
26036.643356
26122.532196
26222.410886
25888.806529
26558.771594
27582.055537
28405.237363
28851.670431
29108.809189
28086.589613
27445.139781
26310.718592
25392.591219
25111.679470
25374.747528
25521.081150
25910.942833
26584.382015
26530.801882
26352.161244
27025.137771
26892.542011
26280.542029
25971.928362
25952.938364
25116.560735
24861.201771
25612.141755
26521.764329
27349.239028
27901.037954
28261.077358
28108.787619
28191.963782
28225.039193
28956.161748
29471.556595
29573.726579
28818.803950
29059.873453
28903.958750
29039.758091
28910.144798
29392.557198
29046.522357
28327.203106
28197.025748
28474.381649
28357.002547
28101.374812
28301.320465
27655.537170
27328.449977
26910.902506
26815.320330
26585.193525
25978.883269
25203.853805
25392.767479
25423.721566
24804.139916
24907.482841
24959.540600
24668.607373
24811.885423
25496.676838
26600.390365
27185.060301
27444.865703
27107.079326
27256.524638
27086.992349
27076.011831
26853.425215
26337.807602
26077.781336
25947.992948
26036.883379
26731.445420
27209.973958
27703.478653
28156.288303
28140.391751
28200.393104
27852.231421
27339.186985
26786.551000
27087.275458
27182.933025
27766.201395
27906.409913
28051.618758
27744.003996
27090.057928
26762.947900
26572.232627
26805.823567
26907.703559
26748.523170
26989.247166
27181.453567
26373.652394
26397.661200
26999.156122
26947.284233
26715.273098
27548.788448
27858.245535
28196.301385
29218.375639
29885.483607
29408.611445
28963.279715
28139.268810
26886.796845
26748.502153
26913.147789
27535.062817
28112.936671
28955.080873
28877.006171
29090.720009
29415.822933
29972.387852
30100.692894
31025.456968
31272.107072
31035.638900
30421.977554
30192.649237
28957.818079
28459.992078
27959.514372
27919.461753
27282.668433
27750.206177
28192.162075
27970.938413
27697.627920
28631.516749
29485.950410
29700.878904
29965.436545
30200.687458
29338.358884
28447.118262
27629.196953
27056.050683
26915.858757
26993.788022
27406.992969
28255.858843
29241.913880
29829.490906
30295.599461
30107.620708
29446.534137
29462.379646
29304.124938
28921.487864
29073.584330
30097.173200
29891.322232
30439.145224
31279.498473
31884.299967
31444.420936
31576.894870
31208.672859
30429.509697
29957.745907
29743.263233
29657.980943
29102.167323
29420.685537
29087.292967
28991.555415
28835.800166
29551.101502
29796.415213
29909.227683
29922.230447
30387.676298
30289.802458
30357.258022
30554.309144
30723.650747
30688.557513
30172.789164
29707.045012
29431.676417
29183.011660
28775.570237
28892.422932
29029.558501
28764.616994
28894.820391
28599.967402
27767.304165
26931.237951
26570.422753
25534.646704
25178.026027
25651.319324
26924.497656
27400.994424
28022.245347
27628.333661
26576.742866
24529.689434
23205.082538
21853.122312
21628.614104
21753.500035
21479.006447
21637.720843
22585.197206
23234.735405
23772.836657
24591.146572
24888.397494
24818.498246
23873.877348
23130.673774
22996.465751
22860.528079
22977.086757
24057.333677
25279.103959
26227.655526
26929.953093
26879.043037
26454.723069
25783.769981
24705.234633
23659.640744
22705.944337
21742.645264
20974.167279
20662.703093
21201.252832
22333.968383
23291.565113
24127.405503
25012.023302
25427.428977
24987.896208
24979.350465
25047.452390
25102.012231
25105.081086
26186.001118
26948.458789
27855.499513
27770.782162
28060.734360
27827.073882
27075.840282
26606.258501
26610.753716
26292.110495
25775.160378
26060.131573
26270.651156
26989.605367
27163.559871
27327.935522
27602.504515
26823.064238
25854.992688
25077.174337
24765.604343
23942.639112
23794.107924
23625.258884
23298.648149
22364.603634
21725.974689
21358.576327
21208.926518
21139.777047
21549.157647
22186.171953
22572.644440
22806.860538
23397.508976
24105.449613
24755.328296
25278.502125
25301.759120
24952.928281
24316.789381
23816.137589
23333.712535
23793.534379
24179.001421
24583.003881
24579.860419
24464.861374
24152.762227
24542.507878
25313.738070
25323.842718
24850.447578
24941.735239
24497.436563
23993.128997
24287.550773
25462.065669
25572.899897
25880.419455
26070.329254
26603.603134
26656.436124
27053.139990
27912.659430
28497.103148
28475.272502
29000.619734
29633.099218
29206.239349
29221.321415
29534.823830
29392.727386
28342.909225
27458.819791
26276.229119
25196.180703
24580.178780
24781.052709
24943.130220
24914.143797
25030.447032
24270.311484
23709.276721
23828.435259
24190.105901
24358.975316
24246.331032
23904.072830
24267.119720
24210.888798
24293.294355
24720.415173
25417.786063
24898.377673
24893.713780
24978.394533
26142.214427
26501.674655
26564.806085
26521.523934
26200.609747
25678.080403
25693.171119
25782.433090
26076.861748
26245.278658
26262.162636
26132.834996
26299.359674
26640.803946
26883.928429
26710.300535
26781.695943
27119.263011
27587.055973
27766.682442
27692.229456
26710.959917
25898.802231
24757.953901
25162.544844
25955.248782
27381.839739
28575.603259
29253.141075
28542.492160
28163.255250
28154.064505
27747.022324
27736.259638
28571.581111
29216.095374
29605.593498
29462.624725
28931.946880
27781.975974
26872.839924
26233.824104
27130.921135
27399.917420
27275.773987
27341.612227
27123.434297
25572.850978
25743.793552
26270.001649
25825.643928
25520.557081
25818.723117
25505.171963
26029.558042
26227.218514
26142.323760
25878.284130
26133.667243
25841.059566
25989.542152
26457.483392
27653.699659
27878.498028
27878.498028
28033.756320
28122.360320
28033.756320
28611.747364
28529.542685
29323.407900
30035.904462
30272.198590
29633.245634
30406.472827
30820.879451
30521.828001
30409.704230
30929.287251
31151.750130
30051.974717
30138.706749
30550.615022
31041.896164
31091.741860
32176.498983
32112.071408
31964.651116
31442.528096
30386.153909
29566.369065
29570.163551
29000.664599
28896.500077
29398.824052
29868.651763
30310.687797
30301.925946
29996.557795
29734.165151
28702.232689
28126.079658
28409.979112
28184.397881
28457.140166
28888.680061
28396.768985
27350.562644
26939.719408
25459.929332
24304.979572
24077.621826
24554.044581
25032.726847
26654.833900
28107.159018
28535.457791
28471.691643
28321.964103
28040.283034
28078.376055
28619.725149
28849.526221
29152.760974
28465.923462
28491.600252
27885.403740
28225.449021
28244.780617
28535.071139
28093.235418
27729.232444
26971.405773
26202.441356
25998.906306
26097.228849
26646.988743
27171.416243
27619.417096
27504.099880
27164.182855
27195.192975
27543.274366
27610.566237
27370.154844
27568.428635
27169.277023
26011.155689
25395.741931
25849.826292
25549.363081
25399.204946
25505.380581
25653.482127
25865.584855
25729.387148
25181.447973
25294.118101
25732.410573
25378.811036
25353.653082
25989.565976
26208.439318
26258.851900
26299.896074
26405.570563
26178.734329
26057.413905
26027.408704
25975.447896
25849.425110
26137.932465
26516.767558
26650.745831
27086.437704
27708.781857
28066.362098
28076.982555
28066.363215
27641.342565
27172.030034
26559.030656
25948.290527
25369.909277
24755.206697
24047.535533
23597.799531
23619.149139
23521.594240
23333.212489
23242.219876
23035.968272
22520.894844
22344.030772
22350.128747
22294.669866
22682.241589
23130.482059
22610.151823
22961.621823
23112.370591
22635.454821
22248.261289
22553.727823
21847.714794
21378.358681
21765.202114
21961.129427
22035.033932
22668.231237
22993.442826
23134.678785
23314.114198
23685.133668
23392.205825
22801.116984
21827.262429
21080.284731
19843.241801
19200.164971
19145.061006
19179.343546
18709.768405
18822.563121
18411.365704
18143.475101
17745.200077
17840.416336
17460.969264
17547.675585
17721.988611
18066.325207
17980.196093
18125.215141
18401.835143
18859.052703
18789.794656
18598.731460
18967.154649
19159.082954
18915.779143
18891.643345
19292.608290
19071.419034
19625.999265
20065.840582
19939.964876
19775.463611
19608.318760
18809.955151
18010.080101
18392.196522
18415.615536
18512.955479
18454.429043
18518.424049
18364.596082
18564.111414
19503.594885
20748.333180
21033.569268
21495.520063
21554.229162
21296.046901
20756.379545
21769.571413
22198.393807
22906.874086
23298.671209
23415.300780
22825.652879
21795.610525
20843.611586
19914.687735
19435.901850
19183.202156
19906.339084
20366.156078
20846.081233
21284.023362
21933.554033
21890.014327
21665.123385
21197.328910
20929.168137
20858.886077
20681.246195
21572.894544
22311.561569
22491.706338
21718.302902
21324.143740
20635.543990
20410.478420
21010.810559
22149.393338
23125.283933
23910.160662
24416.689030
24156.532183
23631.347612
23783.417326
23205.081791
23027.246804
22453.799744
22248.077975
21271.208004
20897.900950
20534.704778
20987.363314
21490.757876
21605.825305
21652.790615
21065.702746
20747.505053
20201.548104
20290.834846
20574.086288
20813.840759
20558.838238
20716.495965
20947.743783
21097.292349
21816.418475
21746.555890
21251.807486
20983.815872
20402.656300
19980.485387
20329.576978
20894.706570
20519.545322
20444.213500
19872.433634
19577.997223
19477.591707
19930.956427
20125.552801
20519.457659
20383.103634
20093.983792
19638.815579
19507.962255
19501.300926
19864.915572
20263.910851
20410.993954
20601.592771
20716.549699
20546.081896
20291.065943
20792.720470
21016.403446
20860.418485
21297.242651
21818.172727
21861.229550
22483.056157
23298.889441
23142.770689
23130.552607
22498.322117
21565.129034
20860.895799
21084.103145
20710.287436
20732.032954
20868.184332
21167.434589
20725.476551
20574.597339
20650.028689
20130.196166
19487.358705
19379.241618
19476.805794
19812.397969
20016.140007
20191.421293
20029.221178
19589.432874
19321.163986
19559.800648
19271.450741
19336.126798
19474.248346
19234.218459
19071.385518
19637.428427
19528.328203
19317.924671
19679.220181
19703.590471
20015.925982
20892.037368
21408.450481
21594.682443
22350.591853
22380.729937
21931.034423
21905.198279
21753.198077
21101.122774
20475.637333
20462.438251
20912.627665
21198.715548
21068.671396
20999.725156
20702.726229
20171.638464
20135.118459
20891.054214
21529.549963
22073.146142
22036.770508
21697.063974
20746.901684
19878.451181
19568.015015
19328.517874
19235.357334
19683.835966
20567.451600
20770.430590
20596.524388
20399.361384
19883.955119
19409.723405
19121.574533
19402.054877
19603.919857
19718.384867
18882.479482
18646.058880
18176.318504
17926.251546
17899.555234
18282.920173
18159.472505
18709.624229
18889.547897
19041.024376
19197.043879
19265.779191
18853.875459
18594.845603
18759.233906
18889.191657
19310.564508
19806.379663
19858.335565
19793.357734
19784.385094
19414.620870
18999.902020
18806.690180
18453.904835
18269.949712
18532.026014
18872.768022
19134.551451
19155.709684
19344.199108
19387.653816
19495.637496
19694.921621
20112.817677
20496.451383
20970.713100
20577.399364
20546.883591
20206.916888
19595.918999
18942.364171
19152.235647
19321.335125
19555.580414
19780.083854
19808.922279
19719.216823
19546.231505
19765.192031
19719.216823
19325.238909
18921.811279
18666.143554
18443.093390
18759.431298
19244.396254
20038.803590
20446.003405
20439.337247
19960.785171
19821.909481
19361.242279
19077.665821
18897.873826
19157.890074
19231.066475
19219.126474
19083.905259
19112.657037
18967.326761
18863.623428
18944.263318
19158.446413
19078.291506
19286.087236
19284.429287
19339.114576
19209.685819
19265.520614
19293.840077
19196.641552
19196.641552
19177.163610
19537.115774
19947.806469
20242.260355
20100.261665
20214.789189
20197.588323
20065.848467
19779.442748
19581.499313
18800.435184
18334.790475
17743.977691
17734.797223
17853.997014
18715.932751
18737.040291
18564.245038
18193.829127
18323.584541
18457.703574
18642.069670
18349.077258
18780.139788
18535.868938
18319.587843
18009.559934
18653.062616
19012.742650
19741.130025
20053.134739
20734.780293
20873.493556
20860.664383
20438.751726
20321.472864
19944.346048
19939.960971
20037.301533
20292.339426
20513.485206
20940.040683
21361.333186
21279.987660
21107.790212
20865.280666
20763.315439
20498.484666
20573.366911
21045.829424
21251.958259
21537.764129
21819.304766
22326.073807
22192.282645
21974.134587
21404.205820
20971.019737
20171.648417
20212.230177
20409.898030
21246.011483
21593.928560
22021.392023
22075.325773
22117.394781
21316.389781
20725.059148
20632.083069
20370.180789
20432.594620
20824.733359
21370.375055
21515.970196
22014.846822
22807.286645
23576.291245
24446.819482
24731.035015
24656.668633
24222.312255
23506.244161
22354.040590
22130.830674
21682.879662
21063.643734
21101.826451
21286.866772
21250.026198
21396.187583
21435.255052
21252.879897
21439.691519
21188.579857
21099.608885
21149.307824
20912.637776
20748.070090
20741.278140
20937.337552
21487.002832
22336.563668
22847.280047
23256.799734
23074.120981
22555.907476
22175.186915
21896.308333
21688.171388
21899.956334
22396.168042
22532.720051
22667.247860
22773.304821
22837.359708
22464.246219
22731.694680
22993.093980
23409.532593
23910.667224
24276.624493
23828.439227
23133.204941
22325.901378
21548.128286
21555.890144
21523.515419
21612.955131
22178.049177
22335.554551
21962.320276
22214.222592
22463.506726
22690.323102
22930.788172
23008.729396
23346.269055
23773.021801
23758.115778
23560.583740
23662.281046
23623.600681
23831.198544
24149.887016
24862.452379
25341.432241
25512.222197
25384.616045
25554.036013
25708.964119
25908.371406
26059.774445
26542.486456
27066.603208
27799.638132
28301.795478
28637.201596
28200.292606
27353.469758
26233.735529
25142.513420
24113.258533
23543.941515
23557.233167
23559.875923
23700.747932
24081.036543
24538.121863
24798.169809
25051.087300
25214.858326
24899.340854
24461.937210
23745.406117
22969.214821
22787.730144
23233.954850
23630.249188
23716.989496
24292.439706
24036.851794
23867.831103
23768.294130
23866.066768
23894.019617
24278.463716
23993.129311
23785.105453
23910.750306
23275.737704
23026.983491
22833.430053
22472.086140
22521.426341
23169.816332
23780.617846
24976.433360
26348.891096
26823.074945
27307.853307
27282.081108
26950.271843
26936.889638
26889.892616
26977.074510
27130.773127
26978.904814
26420.596332
25790.370290
25206.214262
25015.422030
25123.998037
25110.863206
25465.367969
25892.726788
26142.977690
26165.166023
25957.496947
25955.454307
25548.238248
25413.469568
25801.241748
27024.946131
28319.620781
29515.533888
30715.414683
31289.457010
31724.677568
31629.024180
31384.408394
31259.248023
30999.111842
30808.837705
30646.539974
30876.292611
30813.123649
30953.410842
30269.295035
29561.164501
28482.799509
27750.131236
27123.995168
27070.227413
27317.266824
27937.318075
28034.589432
28253.750682
28550.052084
29131.007130
29332.503260
29845.613589
30376.157600
30686.051107
29945.731028
29469.167603
28817.896710
28096.453421
27409.823876
27004.783186
26710.286234
26710.286234
26270.261991
25565.989742
25235.565412
25207.514137
24821.769750
25250.572111
25995.860682
26560.430306
26711.181528
27108.077088
27433.028137
27899.190164
28305.951238
28706.981361
28825.887413
28920.841151
29180.234061
29506.625131
29320.029608
28853.666593
28197.466760
26722.212194
25272.168991
24528.471738
24153.476663
23571.500877
23623.794263
23872.526824
24204.167297
24881.422910
25554.571626
26103.120039
26483.996185
26343.919526
25963.082210
25806.793660
25806.793660
26142.396625
26781.949380
26583.066478
25688.277728
24276.445471
23087.363115
21739.223661
21872.772944
22587.613842
23812.735937
24538.426506
25573.000666
25763.919577
25964.743395
25947.872570
26794.597858
27013.254056
27065.654964
27346.508282
27788.392311
26913.522407
26548.193823
26764.958407
26617.870001
26173.710298
26004.808976
26297.618942
26529.525131
26358.402424
26291.378343
25988.606758
25865.374137
25904.441449
26261.262833
26700.868585
27846.467195
28710.719492
28689.051218
29111.040038
28981.053565
28883.703390
28859.414045
29281.142487
29155.262793
29450.051386
29657.898992
30311.926891
30719.266253
31637.076207
32330.360734
33359.526618
33520.908007
34116.117561
34292.031667
34889.766163
34722.757917
34584.348903
34452.372475
34824.231681
34991.611638
35400.866796
35488.131242
35248.041877
34974.763976
34591.433245
34545.575258
34457.318157
34283.307102
33960.450667
34198.665656
33926.167267
33894.286830
34197.620994
34197.620994
33942.582533
33653.557315
33554.095224
33417.658178
33757.530321
33541.303925
33838.106730
33765.387640
33652.987203
33256.727264
33668.271058
33617.683028
33712.102825
33820.306657
33856.817721
33564.494796
33597.318855
33743.546969
33494.072893
32816.231578
32015.586295
31188.092001
30438.627473
29890.699163
29842.943267
30087.504765
30756.883143
31536.218429
32373.984958
33314.406659
34286.525647
34143.340979
33181.437073
32096.470549
31342.404094
30740.980671
30905.012170
31657.257556
32657.627334
32867.837728
32398.059946
31945.128475
31544.191415
31228.041662
31201.992654
31771.145238
32156.719524
33018.954881
33222.803941
33391.809745
33412.978521
33894.208591
33158.690994
33085.073694
33401.159818
33903.485155
33760.854932
34081.836038
34387.182861
34075.637899
33252.408314
32761.034688
32272.439601
31497.257377
31047.101610
31220.698061
31251.073154
31421.704761
31907.998885
31814.910405
31399.631714
30931.157053
30861.420204
30883.134115
31047.548291
31292.383841
31303.468237
31073.901953
30915.456897
31249.734636
31431.355067
32223.838107
33247.511699
33938.112550
34338.972356
34458.449669
34299.486727
34134.168606
33559.107351
33521.280561
33664.262112
33378.742609
33071.165207
33094.492014
32490.057260
31754.161932
31691.640853
31986.298564
32527.875592
33110.435384
33911.677501
33900.748079
33289.156509
32645.990262
32388.360908
31993.802157
31916.091735
31765.152621
32007.806615
31786.575780
31704.138813
31693.807157
32176.312120
32100.536405
32191.358758
32210.965649
32291.333125
31889.543197
31785.470782
31993.574574
32067.058041
32148.990936
32388.591078
32301.880904
31952.097455
31613.879157
31441.070520
30476.791244
29569.455732
29010.551984
28769.163837
28345.098605
28955.215001
29457.969788
29799.451183
29827.923826
29760.967492
29384.295194
28713.335061
28113.494017
28052.232095
28070.038340
28745.481059
29511.886565
30259.553392
30668.377256
30820.674990
30452.729809
30411.365449
30138.730035
30082.405242
30396.389066
30702.713839
30912.712102
31068.398689
30723.683807
30210.137904
29110.594792
27869.796602
27157.161609
26914.137858
26706.722791
26916.611615
27339.319801
27177.257470
27005.344351
27038.200078
26732.353913
26609.111028
26615.903161
26697.478929
26758.576821
27658.798571
28031.345454
28570.448158
29094.649050
29493.031922
29166.106956
28796.321506
28583.079326
27870.634798
27543.420171
27159.415964
27846.163158
28181.319916
28413.848937
27536.710655
26828.813339
25453.302600
24238.971992
23212.081496
22982.664386
23069.705284
23210.934613
23619.528120
24473.760855
24848.379360
25427.705195
25447.295775
24894.969644
24481.326475
24221.672749
23873.158556
24009.361038
24311.088148
24412.179703
24980.000142
24780.405878
24240.935985
24199.743008
23281.468492
22055.343276
21529.169616
21496.605723
21074.229354
21358.001397
21130.953142
21201.037007
20797.936767
20648.537116
20947.547247
21506.627194
21665.226227
22406.536514
22538.677945
22242.676583
22209.513455
21898.128083
21730.946010
21830.830585
21909.049739
22357.125779
22908.718450
22974.093022
23281.506237
23292.439355
23169.205721
22689.252808
21872.739664
21030.399470
20333.253720
19806.952749
19439.026470
19692.504678
20167.601256
20829.939631
20441.661271
20256.960267
19878.452681
18852.094891
17309.687900
17394.308052
17808.531593
18139.454919
18358.298998
18947.549715
18715.936622
17872.369887
17006.084069
16814.914791
16320.141679
16365.229256
16725.871206
17502.004828
17657.400600
17627.143891
16700.769036
15901.547987
15241.077341
15366.236746
15563.353871
15648.020863
16092.623349
15964.632867
15624.154086
15541.689014
16158.942717
16520.897859
16871.400559
16736.911880
16931.836073
16855.725857
16592.557901
16053.258336
15750.477414
15267.463558
14916.317958
14563.639109
14533.670581
14055.265245
14041.952412
13690.495798
13357.585501
12586.748223
11991.663498
11185.398063
10325.712842
9291.326621
9028.748915
8808.361026
8379.431419
8431.558101
8610.405678
8580.161945
8720.818784
9103.491285
9184.564004
9141.805202
9122.278419
9035.167017
8899.095752
8902.991451
8932.872385
8935.193447
9043.726277
9071.575477
9065.073414
8969.470052
9196.977307
9480.472402
9601.834852
9762.467724
9760.192924
9634.635357
9476.145772
9385.371848
9281.278762
9338.840346
9319.597453
9438.048216
9475.184459
9395.163078
9373.511174
9269.630705
9017.224334
9064.776227
9496.999370
9875.653510
10111.435197
10308.394135
10360.487058
10015.893361
9752.341449
9737.724539
10138.458913
10571.084310
11305.419408
11877.056624
12680.136825
12927.027146
13048.477564
13046.787860
13262.785549
12944.277335
13200.225726
13793.416363
14473.409993
14964.267313
15804.522058
16523.324527
17205.755645
17870.755773
18564.928212
18846.329564
18861.736028
18727.456622
18636.230026
18601.924100
18873.299430
19503.349780
19793.580042
20163.577127
20432.922975
20598.409904
20054.544120
19939.971215
20093.645376
21021.931874
21437.544390
22139.108802
22529.553920
22151.786936
21436.370844
21430.048162
21460.401348
21627.314130
22372.671864
22922.669124
23723.487171
24527.336061
25005.989865
24899.518532
24967.422925
24555.931873
23886.860478
23624.833591
23356.413838
23103.556262
22880.875774
23482.619626
23688.513462
24392.225358
24866.223813
25424.275683
25554.356377
26275.879912
26890.439256
27219.825737
27692.110675
28021.252925
28155.366048
28343.751271
29021.587626
29610.767457
30009.312996
30545.917190
30914.173410
31329.834969
31627.602522
32370.438600
32562.973845
32902.742355
33149.064628
32955.898728
32493.119888
32657.619450
32718.269943
32994.135690
33289.115570
33654.046849
33652.798870
33575.057989
33684.713448
34143.652060
34659.997938
34540.410912
34479.454929
34029.717270
33852.099054
33635.507081
34352.576793
35068.594770
35407.019655
35571.043342
35922.200698
35817.372225
35959.322887
36602.613216
37265.033289
37648.786081
38135.844011
38625.097469
38735.810003
38575.553094
38415.276924
38492.938430
37596.387804
36513.614263
35231.318871
33765.373495
31681.787966
30248.085541
29290.301432
28831.128341
28569.767990
28553.685738
28194.357144
26697.046763
25149.016735
23751.984987
22747.083316
21759.684486
21434.413445
20421.505707
19236.306858
18623.071762
19048.367703
20256.541255
22101.700890
23474.740090
23883.704940
23067.892541
21045.652022
19419.244014
18437.775493
17996.353605
17437.754054
18025.548064
18234.131296
18385.072602
18675.392501
19721.245708
20158.469984
20064.571503
20106.775350
19847.300475
19061.848620
18595.722854
18942.512382
18976.613529
19098.947698
19600.151279
19959.818886
19879.379244
19567.696387
18985.405431
18897.007602
18832.845338
18155.310528
18105.558733
18205.226656
17797.691581
17867.671353
18082.520895
17972.019363
18066.723211
17680.851685
17018.925171
17532.104600
18452.685357
18619.166588
18614.939308
18457.698623
18173.793526
17753.543129
17810.152339
18769.558896
19045.426027
18787.771289
18736.321993
18447.914151
17849.595537
17916.199059
18252.049438
18435.971886
18825.752011
19157.101802
19564.446397
19877.238648
20057.719044
19954.134679
19482.664612
19284.804094
18344.667985
17129.765750
16217.731433
16033.742061
15069.404046
14969.945910
15578.287742
15794.736423
16204.026307
16327.014134
16376.758223
15708.275266
15562.416221
16667.503852
17905.448488
18305.975023
18531.379649
18075.646538
16099.046550
14914.143042
14292.515516
14173.048855
15217.313002
16462.030592
17441.355994
18931.686671
20181.135834
20256.927201
19193.615536
18208.358688
16993.013887
16107.920117
15146.108586
15139.443317
14519.452486
14133.562293
13648.436908
13588.122677
13371.325966
13762.427391
14072.136155
14182.478054
14592.210767
14645.914499
14865.319767
14600.289091
14511.829102
14141.092190
13552.093879
12556.244178
12187.879705
11441.432301
10685.154451
10390.716642
10235.129182
9709.500297
9213.232099
8968.639423
8877.360200
8784.429128
8765.027482
9096.247163
9200.478919
9260.393591
9570.927861
9735.535083
9715.825487
9910.763383
10120.942679
10076.128656
10214.505532
10234.273085
10312.266830
10245.126446
10189.727667
9953.557697
9916.943816
9774.641436
9641.614116
9451.151672
9420.326378
9305.924154
9097.438140
9102.099454
9049.073709
8912.920632
8897.977996
8793.541755
8700.287696
8847.185415
8777.820162
8669.164676
8647.932009
8601.794168
8555.599092
8529.765812
8299.770653
8235.177162
8139.637960
7969.778581
7904.743671
7933.268213
8132.013409
8119.616407
8261.365630
8311.716116
8426.026901
8227.050980
8168.023254
7985.365381
8052.792731
8199.924637
8468.805082
8600.981581
8847.296441
9159.195884
9334.409039
9544.456962
10076.674333
10321.995329
10717.559070
10871.856283
10693.935756
10585.242543
10588.132114
10479.449835
10555.797938
11020.968713
11239.833018
11829.756280
12200.040453
12735.663743
13017.166734
13361.216860
13386.841793
13545.193518
14077.256716
14344.136306
14750.766311
15226.663181
15662.141137
16141.010511
16714.681119
16896.293036
17323.724616
17695.834024
17730.518043
17895.355084
18553.632553
19271.560901
20187.569232
21483.332857
22797.867619
23793.571823
24103.668864
24165.901133
23910.681792
23867.316578
24042.843960
24741.167172
25334.708267
25910.943606
26810.220052
27453.304873
28050.577215
28511.662796
28589.465848
28535.087879
28483.013875
28926.512131
29592.073293
30570.828728
31376.181679
32037.069118
32025.957452
31980.538804
31917.225536
31601.185772
31202.703114
30652.506815
30737.449223
30980.204368
32007.033632
32859.935100
33650.471882
34215.606709
34613.754464
33949.109248
33976.747648
34401.636874
34536.571152
34460.569872
34568.538769
34617.960531
34739.496060
34856.877362
35072.571410
35397.883632
35754.837055
35861.598844
35731.772472
36097.413927
36770.616476
37186.503381
37178.387827
37264.963866
36962.004844
36357.939198
35898.341732
35573.435390
35480.456388
35191.888017
35569.219364
35562.274069
35770.885247
35692.718162
35660.533127
35242.281522
35724.955337
36410.865167
36818.352240
36071.260182
35414.943095
33870.931531
33142.864998
32953.899813
34565.424498
35754.499525
37345.938236
38201.735477
39102.832064
39488.592210
39912.755289
40120.772949
39840.287767
39482.744088
39426.642978
39067.515092
39019.399473
39992.571396
40598.389889
41120.333379
41856.981523
41774.847571
40812.695297
40234.621729
39584.775157
39554.429701
39898.122416
40266.453382
41128.068492
41128.068492
40824.482774
40584.456869
40707.032991
39967.539434
40023.153054
39698.394489
40059.906756
40283.068039
40299.943609
40183.589155
40272.154050
39936.146513
39528.686499
39191.152730
38872.678204
38411.219281
37993.994706
37331.061298
36687.665544
36033.348034
35816.679687
35604.847968
35488.060214
35966.404473
36456.015820
36630.840793
36509.831481
36407.881694
36706.463453
36741.093056
36921.115003
37081.521902
37674.116197
37390.626979
37548.579281
37596.368069
38186.943394
38170.209166
38148.770873
38148.770873
38196.412908
37208.851698
36584.283747
36439.676512
36109.630660
36139.016043
36737.993867
37526.137839
38361.834462
38961.799569
38832.233113
39083.424697
38415.948197
37545.743695
37010.475522
36606.038461
35877.650575
35959.270861
35727.197040
35285.488007
35484.552033
35716.501634
35641.887735
35776.377833
36157.258691
35927.752534
34725.961854
32309.322228
30521.955322
27388.150293
23717.766907
22173.585665
22940.300266
22654.779084
22721.395760
23802.951076
23101.380231
21739.577917
19879.125571
19350.675554
19127.139561
19227.379179
19541.658944
20136.982033
20117.973963
19509.351860
19407.505624
18923.092764
19711.482103
20239.845644
20619.208114
20519.329272
19438.436085
18769.191185
19048.592435
18751.038906
18351.205262
18835.555733
17947.484436
16877.260290
15861.422123
15608.512978
15054.533316
15484.895905
15571.753925
16516.537071
17066.131794
17940.823152
18755.681166
19219.169081
18716.070300
18486.875168
18215.000708
17528.060924
17188.259652
17318.336598
17520.128537
17330.184491
17484.446616
17571.020761
18288.061394
18695.103736
19829.264923
20249.302252
20754.070505
20410.022714
19933.426999
19317.519548
18987.878482
18561.347051
19063.737804
19495.180837
19548.023795
19262.297499
18839.625230
18317.805464
17378.107806
16916.962122
17118.463403
17763.855907
18495.383329
19626.244051
20871.247985
21265.546029
20644.169258
19903.327102
19293.974111
18049.574077
17285.194017
17581.986390
17480.797685
17661.680691
18220.661811
19008.599460
19745.075390
19911.783921
19809.988541
18924.422696
17439.152981
15561.118311
15448.764048
15298.603885
16117.090501
17398.428048
19168.126891
19947.836960
20129.805652
20535.138369
20546.456089
20292.875795
19933.693179
19643.705982
18638.677103
17709.807584
17127.436469
17007.466209
16694.248781
16407.513685
16424.646953
16236.266799
15257.444090
14817.660617
14348.289754
14051.453636
13440.822419
12901.725048
12737.034469
13107.116594
12679.827354
12231.578747
12222.539561
12269.062476
11620.959338
11908.797751
12536.598300
12867.944342
12380.675972
12070.597708
11274.041643
10530.976205
10046.216472
9952.664926
9872.204554
10015.404548
9711.720708
9148.259705
8702.333986
8600.920799
8245.526012
7974.856345
8206.489617
8535.595542
8605.718505
8913.373662
9287.906090
9264.109265
9400.201411
9489.655200
9606.326424
9728.399962
9647.258760
9509.713809
9407.482619
9173.432437
9008.943630
9101.954164
9166.782456
9258.832882
9221.207437
9268.703312
9225.201046
9209.941149
9082.416739
9078.517394
8950.128628
8857.120524
8839.674090
8826.861963
8885.210823
8775.060858
8750.031587
8614.681601
8669.547669
8576.954288
8555.499758
8635.420931
8720.193987
8691.864446
8642.291077
8802.830521
8798.631929
8724.570362
8662.904800
8721.334611
8654.634450
8542.006967
8496.733928
8538.274957
8594.673136
8636.036318
8703.298901
8809.381026
8928.375900
8973.958231
9286.421240
9543.910269
9849.140472
9816.757755
9840.503413
9749.884220
9801.560671
9808.822259
10289.738194
10633.126428
11039.891064
11368.695544
11455.697492
11340.706790
11427.227733
11566.005504
11797.362458
12241.594695
12632.492006
13137.526967
13308.371191
13225.612874
13475.191732
13963.209735
14430.720591
14955.301280
15585.812190
16286.477062
16529.638641
17038.009614
17365.500068
18166.653309
18545.680744
19522.192870
20520.191975
21709.905908
22002.644723
22186.271748
21583.529294
20684.343062
20088.805427
20103.997041
20392.312737
21378.005127
21674.421191
21778.341740
22307.216822
22982.396576
23761.744006
25697.720030
27692.260824
28370.200862
28914.205296
29291.884527
29486.304090
29817.966298
30567.318982
30866.403374
30888.103921
30748.886188
30638.341097
30705.261215
30837.847597
31068.886019
31497.864139
31296.594529
32076.312054
32905.653364
34158.354058
34559.500664
35683.211660
35724.696537
35770.511868
35542.531218
35702.779466
35213.253505
35315.883087
35529.832967
35954.385982
36565.353542
36913.789523
37093.633289
37020.642085
36703.901997
36508.996623
36387.787748
35811.466366
34381.871213
32243.770251
30383.279838
28511.831976
26874.148918
25596.599264
25118.310528
24319.759037
24349.827202
24399.986945
25472.129010
26030.131281
25689.997387
25244.357615
25015.230507
24131.345056
23631.670847
22408.334883
21606.948059
19880.673377
18865.466497
18093.081636
18254.799913
17795.939755
18369.989488
19041.031321
19062.530694
19230.988231
19228.999834
19242.737513
18635.579065
18327.518473
18460.155070
18585.894680
17782.550704
17747.158494
17566.831508
17661.691157
17490.998440
18192.906561
17904.544651
17592.032216
17692.045493
17520.671818
17156.938197
17546.548789
17721.172906
17155.873786
17216.597441
17705.697519
17864.065676
18121.022789
18724.908905
19145.085965
19327.204376
20089.363903
20890.598854
21074.214336
21621.599788
21555.201560
20667.046326
19686.162899
19144.809429
18912.564634
18228.603566
17412.317197
17711.758975
18449.629028
18528.114446
18421.495762
18924.243247
19072.832285
17950.827148
16952.566839
17167.014762
17602.432101
17222.162105
17241.132992
17777.215013
18562.608202
18655.990199
19473.875725
20624.277070
21621.463938
21011.201098
20716.559539
19943.937209
19298.961768
18731.431437
18501.118854
18152.570939
18156.560892
17246.607656
15986.562309
16168.890653
16400.439255
17042.140135
18510.606164
19432.770044
19770.385800
20338.308079
20595.368800
20668.278561
21671.722248
22373.154955
22579.133561
22321.180338
21951.636561
21057.437047
20976.253729
20853.257121
20532.825227
19748.557413
18945.634692
18192.267181
17236.812848
17342.386982
17585.212481
18211.491762
17940.586216
18724.523849
18686.015247
18822.646522
18136.400612
17859.218286
17352.142262
16840.111283
17132.635158
17784.825971
18921.719508
19081.580418
19041.085833
18980.574583
18790.149926
18272.524837
18493.399152
19009.117081
18158.767839
17973.949475
17370.209642
16480.016675
15596.347979
15711.208894
15705.100751
15815.589719
15732.900917
15197.307792
14362.039889
13606.168069
13283.511292
12926.172875
13381.527065
13666.306307
13389.135888
12941.317868
12583.488390
12068.121643
11426.475939
11095.886290
10579.550193
10588.634396
10148.792297
10138.298078
9801.912060
9700.681943
9215.568224
9287.779654
9354.687381
9686.464860
9828.997615
10281.385966
10494.303561
10567.562759
10705.735488
10524.055441
10242.941131
10095.901184
9985.645289
9669.385884
9626.099199
9661.024355
9539.938929
9468.330646
9446.380022
9546.009084
9557.592550
9704.164888
9922.464897
9935.641677
9885.728585
9937.587437
9757.457631
9588.493554
9415.031327
9479.725213
9504.065185
9467.955971
9385.350452
9612.593380
9621.715095
9437.449526
9384.546315
9445.395897
9494.629949
9566.267854
9679.037603
9815.454613
9730.289988
9797.678715
9858.399647
9890.654342
9857.279610
9867.605079
9783.800408
9601.163611
9833.233457
9966.644110
10330.645788
10616.613996
10891.308614
11262.055986
11616.493281
11642.526115
11794.277612
12002.192835
12006.120123
12303.625121
12450.758395
12288.021114
12626.581088
12632.638132
12221.023521
12484.273671
13333.825583
13312.282495
13701.901286
14426.630141
14763.827558
14979.126330
15985.386603
16756.535760
17545.259550
18001.045449
18085.583220
17849.433053
17732.925090
17834.770677
17973.518576
18525.649080
18952.888057
19509.199225
19904.051410
21125.928445
21638.334643
22030.116500
22403.632532
22961.625466
23199.518550
24098.299621
25361.331603
25910.981327
26583.007930
27327.750138
27429.077498
27589.508846
28060.063445
29038.843927
30026.772103
31384.226103
32671.917025
33813.593827
34057.825440
34066.437011
34250.876496
34185.931613
34684.288498
35128.221525
35459.474749
36320.811664
36924.977352
37090.324112
37591.167449
38036.775078
37787.710648
37771.315415
37783.799008
37502.190290
37464.467022
37995.147129
38064.776178
38454.493701
38717.669309
38724.166703
38067.549867
38375.495326
38381.882178
38414.310672
38409.577066
38036.721043
37073.514921
36780.549914
36294.442357
35266.376537
34893.759041
34475.461649
33094.188156
32023.096396
30931.283836
29255.607289
27046.657923
25444.478289
23628.058634
22813.441160
22597.362811
23105.515160
23608.467922
25114.923215
25783.643085
26037.013234
25796.767899
24623.173582
23492.739349
23092.149136
23104.884129
24332.887800
26097.992804
27090.156417
27819.988558
28534.997461
28400.543493
28729.496035
28171.210833
27196.222580
26423.244186
26240.850836
25301.735717
24942.207601
25563.893665
25631.665949
24918.257653
24952.962636
24526.566561
23922.353873
22901.726672
22642.010703
21565.993284
21621.059659
21266.017648
21744.597882
21718.340114
21898.603921
22278.737066
21849.777091
21412.296602
21193.266382
22274.738854
22373.876767
23751.735397
24417.701639
25185.135739
25279.560575
25267.005847
24528.451731
24881.411247
24981.239415
25169.659335
25505.148246
25795.875176
24966.030583
24299.004379
23770.746602
23427.011021
24035.134274
24623.496046
25414.351837
25306.192216
25351.088674
24982.350362
25859.514115
26308.195351
27013.830264
27877.035513
28829.387502
28829.387502
28773.309637
28549.870162
28974.712006
28491.639867
26694.951321
25535.033969
25592.324043
24338.574299
23561.517081
24126.478792
24650.652428
24013.816121
23321.132751
23284.860576
22992.594309
21840.479247
21131.792309
21214.528005
21296.878824
21511.186641
22813.146683
24266.020634
25965.015939
26402.907992
26741.196602
26883.743321
26528.617567
26224.988618
26486.791406
27123.722793
27662.981972
28327.247759
27912.115189
27430.490995
26523.231363
24667.357602
22973.916071
22274.924962
21317.731301
20260.229071
19872.756434
18970.037962
17436.534485
16074.534103
15167.199669
14447.715882
13679.526649
12698.497949
12461.930900
12132.463106
11764.051820
11292.621188
11394.373403
11108.743762
11034.598500
10573.808237
10476.176641
10202.040694
10104.891093
9821.110497
9819.258711
9834.160885
9867.915963
9816.349981
9872.497413
9749.439741
9883.181050
9896.464330
9913.151714
9950.372340
9926.195524
9768.111050
9674.734430
9378.165985
9378.165985
9213.338541
9085.692993
9009.199195
9177.911091
8957.111701
9065.227701
9109.037883
9151.290170
9027.437057
9166.448727
9173.158688
9194.859604
9169.119436
9082.599032
9071.590295
9033.199740
8862.232176
8840.358141
8959.215951
8842.509539
8827.154933
8965.993463
9112.848121
9233.468939
9268.598285
9429.181840
9675.438679
9669.066210
9640.821222
9824.675570
9985.432000
9902.898053
9788.482220
10001.036213
10260.966592
10169.176822
10167.542847
10366.954739
10694.028650
10728.570785
11103.535862
11493.020692
11856.806452
12037.913167
12354.053159
12716.335652
12941.610015
13391.446041
13870.005890
14634.931636
15024.703714
15741.138454
16596.823063
17106.357196
17136.290475
17143.082945
17329.338545
17034.341666
17213.844620
17903.023950
19155.000217
19865.137294
20602.012225
21035.448359
21180.982108
21096.760539
21732.359036
22432.465493
22768.033621
23269.420517
23363.232292
23549.722022
23717.045710
24626.769592
25243.931849
26625.405671
27671.502202
28910.060677
29503.388963
30068.555648
30519.176581
30934.657722
31554.764192
32919.546657
34324.236164
35445.928831
36141.256149
36774.189037
36651.033038
36656.112421
36456.029477
36462.497982
36331.034223
36482.627858
36673.315246
36664.120123
36995.239842
36991.978388
36991.978388
36952.656479
37262.555761
37153.632213
36706.116736
36617.206107
36079.727551
35707.934144
35871.959795
36560.299321
36764.021398
37532.579958
38390.256272
38654.409500
38166.111992
37786.920412
37226.029913
36474.478532
36034.474294
36506.387229
36850.809641
37201.653139
37609.006474
37846.801405
38246.142475
38229.211541
38235.108571
37334.119389
36583.702057
35017.774036
33432.539196
32488.591965
30831.650388
29876.554954
28632.113350
28447.610031
27748.255876
28832.968540
28952.528227
30063.513042
29721.578434
29481.291939
28549.667031
28270.150627
26732.380393
26689.163500
26260.540505
26454.752971
25818.436966
25688.814198
24876.426943
24390.162925
23733.075627
23627.267469
24020.515454
25213.367086
25519.215142
26404.408346
26402.439505
26083.295926
25185.304278
25269.336368
24732.450021
24964.516461
25333.778779
25811.661022
26343.325715
26782.195550
27163.725524
27730.170119
27856.131774
27659.012345
27219.695641
26907.678043
26733.209570
26843.821465
26995.014486
27205.204394
27248.530744
27727.453411
27991.110245
28207.716027
28863.306266
29368.878290
29334.504702
29477.803348
29953.754477
30226.845873
30729.494056
31372.903520
31645.987379
30987.591424
29442.855981
28173.819313
27201.569850
26662.382623
26681.440263
27370.145813
27167.015794
26448.694846
25242.715753
24355.210876
23157.873848
22608.798594
23095.840707
24009.325587
24890.730566
26528.164551
28126.165747
27694.694417
28005.220583
28442.400086
28985.914380
28831.868484
29010.678038
28501.681635
28274.439097
27628.506530
27141.627141
26355.608906
26372.959007
26710.588478
25662.655799
25573.051910
26501.643197
27627.929912
27489.340122
28840.140096
30185.426397
30973.214230
31190.027408
31986.406407
32534.627337
32530.020913
32718.715786
33043.948199
31647.214121
29951.435209
28775.539638
27692.290526
25687.386088
25854.164075
26170.004804
26107.533450
25085.356601
24609.319650
22404.454814
19756.164518
17590.706304
17195.381421
16099.226459
15475.623523
15891.655493
15429.892439
14502.140635
13638.192589
13107.591618
12342.871707
11838.393487
11367.031874
11198.319220
11013.780087
10739.093269
10678.695432
10416.781516
10196.078091
10034.254418
9951.466306
9886.332083
9820.647536
9763.989886
9857.774010
9976.333247
9831.487923
9837.600690
9829.043887
9729.587202
9694.535639
9652.985793
9630.648194
9625.928380
9701.505590
9729.929619
9840.195638
9617.356304
9524.496155
9593.602957
9383.626242
9342.085427
9493.685275
9504.155112
9644.978600
9735.757859
9904.514516
10093.829326
10128.665932
10132.486918
10227.818349
10095.530255
10046.742551
10020.806887
9897.033386
10122.526051
10302.700956
10266.084246
10530.793255
10602.532996
10307.792284
10339.840635
10425.158100
10834.369496
11176.520180
11815.764814
12218.030978
12636.581363
12699.157376
13010.456580
12748.858570
12729.473193
13086.352675
12902.414987
13028.214235
13440.027050
13580.460560
13754.341966
14404.387844
14650.769134
15281.289460
15933.174645
16587.244115
17005.652180
18534.637484
19237.991484
19389.896755
19623.564460
20734.301696
20355.982935
20721.193065
21750.156274
22248.544488
22298.854781
23119.807195
24165.846357
25383.158401
27226.343842
29162.099224
30587.188724
31826.232044
32618.607346
32829.197493
33158.509499
33498.426857
33807.794686
34116.938120
34657.049115
34379.667153
34626.217501
35051.120213
35893.452629
36687.710069
37944.250034
39375.634807
39845.421433
39975.530564
39944.026325
39858.521459
39306.743647
39395.592196
39519.031867
40001.706213
40956.047767
41965.277521
42318.443385
42899.450205
43338.174311
42998.875400
42727.945890
43096.224788
43251.439947
43268.865706
43675.779523
43413.815094
43138.660417
42919.603885
42855.942961
42637.462105
42927.695630
42994.358238
42743.159174
42732.712037
42539.637677
42153.895825
41857.189818
41942.353178
41638.464794
41634.359930
41571.365083
41518.735497
41714.068390
41622.980234
41874.361303
42314.491467
43084.756062
43272.761845
43514.827577
43312.094801
43012.634627
42410.339684
42308.424548
42402.802730
42298.569602
42147.137642
42023.570775
41748.466338
41336.499896
41303.577179
41492.701743
42042.720572
42194.276581
42092.254637
41756.381289
41793.311652
41481.621719
41338.633991
41705.774461
42472.192965
42900.855375
43141.933242
43332.543077
43398.090664
42713.118561
41969.019997
41763.146844
42023.351151
41995.307448
42205.201656
42315.420377
42463.387018
42181.676996
42034.940707
42511.518077
43078.408361
43106.974723
43247.951405
43167.185131
43033.009282
42710.359260
42647.745857
42483.119717
42799.549447
42471.984359
42593.714485
42470.080101
42365.639105
42416.780845
42616.261428
42349.839832
42360.693761
42337.284546
42162.396546
42268.691308
42238.115594
42324.968661
42957.429760
43237.880195
43384.731382
43868.227614
44470.525954
44463.622598
44590.711904
44950.126892
45275.401180
45325.215480
45210.434694
45095.740147
44682.027035
43922.004455
43618.780071
43347.772118
42978.707992
42720.635983
42980.358920
42906.735424
42963.706991
43458.475610
43701.371319
44302.827180
44512.895714
45036.976691
45177.160347
45341.748076
44960.597789
45304.886185
45597.290695
45958.368067
45993.019133
46278.880770
46015.280092
45865.245667
45470.183793
45505.161995
45381.392538
45329.415586
45441.609740
45701.213067
45668.250005
45244.292885
44865.222852
44219.935776
43865.138641
44131.491522
44493.283223
44948.346225
44815.635527
44807.376260
44720.913642
44441.384337
44478.200749
44724.769433
44880.043532
44699.975194
44761.279136
44160.828996
44327.899961
44391.677578
44495.130677
44617.310295
44818.673061
44582.614279
44764.819045
44561.127049
44340.395880
44149.761860
44010.880043
43575.800642
43738.222274
43541.104043
43142.266736
42964.811555
43102.792290
42947.785693
43181.536174
43599.222065
43976.165638
44270.965675
44379.652616
44283.872470
44165.274459
43687.079710
42571.058512
42002.072243
41525.503314
41224.437384
41443.540762
41256.782578
39993.493523
38938.895072
37899.357366
34350.050744
32015.770227
30519.511063
29074.986674
27131.831713
27563.359152
26913.341692
26523.655975
26883.378931
27870.424032
28929.596714
30488.669684
31304.690698
31283.059019
30458.306378
29297.598391
28106.312768
27633.458089
26676.587524
26983.970777
26057.404106
25740.980871
24698.757784
24205.064452
22832.277520
22629.361078
22041.089378
22464.380811
22967.469045
23961.560441
24290.288411
24537.313723
24725.291005
24383.008112
24300.747509
25132.430099
26094.833201
26603.634649
27029.770790
27011.295493
26858.764916
26667.528255
26550.883550
26743.280338
27263.734407
27055.922042
26068.145686
25065.636858
23761.710573
22278.484229
21858.139931
22711.262896
22542.812461
22992.013311
23612.600195
24719.646131
24515.540677
24641.176884
25180.209926
25934.493031
25448.981965
24813.549001
24426.746360
24526.034815
24575.724698
24661.848120
26075.000872
26804.406020
26843.581762
26206.700891
25753.653321
24095.571630
23352.162005
23216.095789
23873.898742
25160.864954
27318.461168
29389.148668
30610.187599
31363.906578
31191.017501
30107.717789
27502.380788
25496.939246
24636.892769
23831.491767
23617.602771
25550.976395
26873.937179
26904.306302
27283.184089
28604.755249
27569.022105
26155.587554
26088.421562
25323.567819
23576.031647
23649.709192
23840.062615
22207.177251
21288.457293
21002.269390
21714.467466
22524.629334
23691.604526
25521.473555
26507.242554
25626.265076
25402.717730
24139.769683
21385.557559
19255.566452
18334.823795
16701.609278
15837.396652
15498.000884
14607.971305
13436.303783
12184.015759
11556.436468
11198.929120
10950.640952
10920.439310
11026.497054
10835.799291
10811.780545
10896.919702
10903.578165
10989.809449
11103.356708
11070.732096
11016.743540
10930.788499
10852.554510
10787.958946
10668.235607
10579.282715
10430.001146
10150.604595
9926.926690
9788.730440
9697.280644
9688.904038
9788.713152
9871.520491
9905.800618
9828.197680
9834.108552
9779.853155
9721.281957
9910.314776
10149.841968
9990.079049
10227.735330
10532.457483
10398.750672
10332.654635
10380.731820
10198.894004
10146.784867
9950.035373
9811.079226
9837.495811
9971.856066
9839.820181
10095.166392
10426.312716
10604.191654
10571.385362
10563.478069
10567.392368
10479.823895
10880.523496
11283.440745
11459.165648
12044.270784
12432.283351
12034.014712
12086.173210
12567.028912
12642.362341
12748.709913
13032.773772
13283.844136
13463.601166
13891.717625
14672.114632
15353.492993
15895.240762
16338.906889
16566.764388
17083.072334
18135.914544
19040.947037
20056.372172
20839.713139
21413.590645
22310.308196
22773.374789
23555.415798
24716.277523
25897.253910
26454.259438
27718.947403
28773.404752
29323.269806
29611.409264
29895.841777
30409.532528
30585.046683
30895.968398
31501.858646
32233.369085
32415.875792
32517.368478
32168.729068
31693.426820
31607.792486
32056.406126
32920.488876
34521.185621
36103.215110
37136.644999
37706.689088
38009.421082
38054.908468
37846.793602
37669.357307
37541.736615
37229.271549
37123.940243
37180.587673
37423.753634
37496.641308
37771.555617
37754.648902
37559.228375
37708.266244
37371.221955
37238.732000
37249.259479
37504.047868
37387.613829
38022.252028
38119.606765
38277.583171
38560.082910
38785.316384
38950.255238
39376.252850
39738.018451
39925.385130
40150.409842
39905.265486
39858.374406
39652.705893
39613.956046
39570.620357
39557.824416
39373.951439
39466.921686
38859.253343
38051.717987
37718.290735
37683.548467
37685.356753
37921.227871
38616.391829
38988.765799
38928.488542
38937.138161
39637.589613
39863.625438
40198.663870
40696.844885
41128.042116
41257.185299
41172.873343
41385.399019
41118.915601
40808.783684
40129.525667
40034.063624
39871.622673
40207.648540
40705.631495
40962.800899
41404.531462
41185.637203
40953.876969
40656.725380
40542.693029
40488.203313
40860.706606
41142.189362
40967.471022
40977.927951
41094.406790
40634.752506
40507.526810
40769.805464
40839.596120
40419.631864
40251.327449
40046.977999
39809.606590
39968.400987
39789.086700
39904.132831
39897.674282
39992.623400
39828.693116
40086.121802
40012.898742
40106.126450
40082.014170
40268.776460
40290.545983
41014.163847
41542.159036
41698.623949
41652.148923
41712.344562
41294.797819
41006.761562
40928.686936
40974.662529
40940.845069
41033.195435
40905.820630
40885.830668
41325.839246
41510.353474
41395.012164
41603.118176
41908.019754
41608.710129
41874.811452
42031.515075
41687.037192
40995.959111
39868.444292
37984.281082
35552.781439
33871.252204
31392.539535
29339.467864
27246.376908
26018.095910
23419.730093
22531.964737
20896.741070
19971.456865
20229.342403
21415.709326
21933.387550
23091.227291
23715.081248
23645.111907
23571.565151
23545.350331
23564.557616
24245.790744
24084.981585
23948.276005
23018.878214
22407.442891
22104.246882
21827.127448
21428.620279
21675.064775
21571.571316
21080.098872
21207.279555
21831.149444
22156.179806
22242.991206
22446.892905
22284.528674
21896.940205
21396.226115
21266.367466
20389.964515
20142.971984
19272.018573
18967.150664
18561.270215
18987.829444
18587.681393
18719.371200
18805.803223
19483.244227
19654.793789
20206.842392
20432.139448
20923.786573
20985.335468
21127.876315
21355.573947
21628.538450
20760.203971
20431.176398
20666.924266
20357.261783
20158.030257
20824.821200
20633.836034
20066.320292
19895.663512
20133.847989
20653.712886
21396.322976
22104.474171
21988.186528
21842.438203
21535.470666
21599.165031
21025.281486
21490.827634
22041.188850
22489.115474
22468.156144
23313.128021
24287.249916
23470.045524
22686.599475
22009.009293
20921.958024
19286.619185
18468.062207
18574.633667
19377.991395
20548.370635
20990.917963
21143.850167
20765.840530
19962.385363
18966.965923
18613.015546
19914.969776
21305.311345
22290.427786
23090.095067
23984.313522
24306.644779
23691.701735
22676.856174
21435.642618
21372.763499
20613.242747
19188.366417
18612.374265
18326.367735
17423.464625
17618.810741
18467.559513
18698.648730
18733.082810
18298.051020
17096.189045
16795.298235
16720.148168
17073.391793
18098.818907
18333.310821
17557.869634
17790.326516
17822.850017
17907.828438
18706.833407
19467.090617
19448.066554
19302.272468
19168.214843
18460.561803
18003.960824
17283.478206
16217.894564
14372.904737
13504.717267
13385.482681
14022.703705
14371.716545
14182.697073
13747.637917
13258.022408
11868.918127
11691.667081
11921.203616
12126.622542
12089.973735
12108.931999
11392.361047
10838.108417
10597.436754
10086.196848
9920.770953
9983.591111
10109.567059
9978.589755
10050.534705
10104.260131
9960.925727
9839.547128
9941.192730
9990.895918
9958.881303
9956.896547
9950.738528
9887.680902
9670.705174
9475.609716
9358.839117
9419.900229
9341.677603
9408.818209
9372.373273
9407.363471
9372.374409
9233.530374
9162.214302
9129.630703
9184.974857
9273.674495
9440.361216
9464.152687
9780.169944
9700.669884
9644.515435
9494.524013
9393.511881
9096.066208
9210.266926
9415.805030
9634.833959
9731.489225
9785.317796
9735.684639
9494.849540
9529.768116
9715.979471
9792.456978
9933.163663
10109.329413
10288.621711
10312.288286
10405.564865
10464.162267
10657.014106
10704.546928
10899.685295
11209.700499
11352.715526
11283.216445
11088.996666
11042.974461
10934.737146
11709.764598
12550.152560
13147.322331
13555.070649
14215.508924
14196.038253
14072.614128
14434.776721
15007.882923
14890.944890
15194.424443
15670.515495
15950.463474
16537.127413
17815.551650
18446.346780
18910.307127
19361.603073
19468.029932
19192.547565
19653.447744
19872.404047
19842.085097
19726.538020
19835.139810
20006.479759
20530.954376
20823.079724
21444.273515
22864.909888
23907.123952
24950.892368
26618.335510
27568.850950
27792.415569
27595.573550
27512.990784
27313.446742
27270.430070
27302.007155
27596.805064
27821.591889
28165.871261
28830.929904
29308.854348
29717.995974
29971.533125
30192.634711
30318.112132
30302.940159
29987.143335
30107.890871
30370.305436
30836.411916
31198.865091
31673.741591
31916.064341
31716.370629
31363.715073
31582.559323
31745.131478
32238.662797
32738.947423
33018.403615
32975.912814
33108.593095
32952.702059
32978.704860
33049.728535
32971.851535
32850.409410
32813.719994
32276.049930
31180.988631
30516.024129
29901.295017
28271.814019
27610.092659
27685.254785
27179.734415
27339.746649
27151.342310
26389.422511
25891.473474
25806.498017
24639.088911
24747.302134
25485.971268
25054.508540
24551.642703
24731.333604
24733.350406
24365.507777
24948.108065
25021.563892
24535.473312
24203.938900
23712.185369
22344.872755
21126.272685
20625.744919
20314.074924
19292.205542
19228.970922
19424.192624
19461.450965
18851.408219
18861.427964
18913.042760
18715.964597
18810.628914
18928.030704
19220.088415
19071.154222
19028.886111
18621.800929
18515.404723
18579.777175
18698.954456
19092.144897
19528.001867
19599.379147
19544.545705
19573.147209
19489.882257
19247.145532
19172.259689
19301.564448
19448.695212
19695.227598
19515.283567
19392.341230
18878.876534
18320.252800
17853.702302
17805.549608
18000.316699
18365.630109
18431.231707
18535.408727
18589.153040
18546.143451
18357.767066
18262.304946
18215.407563
17981.865014
17702.250959
17332.227958
17492.052551
17396.994007
17472.217713
18005.274388
18431.576111
18438.078616
19103.146322
19224.563652
19100.792187
19177.133096
19378.758986
18911.277025
19004.867973
18852.738196
18759.514405
18631.694499
18262.028849
18097.304023
17679.553442
17413.189472
17226.581772
17341.590137
17447.663902
17848.642320
18316.018105
18786.425718
19068.691906
19226.864436
19271.900189
18886.500152
18756.823326
18689.300767
18394.166676
18060.863260
18062.842649
17817.794925
17843.683127
18143.023392
18476.468118
18696.264797
18865.609541
18750.890299
18495.303305
17982.302196
17579.438551
17404.187003
17230.106551
17448.734375
17966.478511
17907.812251
17930.821171
18295.085277
18224.999404
18376.978850
18924.648447
19349.889880
19770.298347
19529.593917
18825.814821
18448.848713
17921.965367
17502.360547
18143.370517
18799.922375
19185.050655
19518.851456
19539.763960
19678.351987
19935.490951
20258.700748
20698.342013
21170.360497
21462.260431
21795.302000
21899.496963
21741.652448
21989.531750
22366.474864
22769.499065
22973.776849
23087.703967
23179.088989
22919.990112
22350.214283
21904.441525
21241.224992
20190.092736
19587.624017
19744.280173
20179.332423
20802.781284
21412.208552
21100.275118
21154.884240
21284.484220
22178.193370
22676.243426
23329.639622
23269.152357
22732.131592
21411.625287
21026.102803
20478.638279
19337.161372
19666.270793
20916.527936
20731.678346
21378.875145
22052.583244
21807.892184
21366.060119
21961.086395
21808.815135
22491.518253
23329.275177
23864.865271
24282.808648
24656.960383
25563.103199
26069.353405
26667.373210
26930.353945
27918.510480
28262.026056
28617.737653
28812.403267
29640.980602
30175.280270
30457.763305
30608.772950
30558.593500
30272.148637
29817.651145
29695.866305
29721.981996
30261.166297
29693.992186
29464.198874
29054.594460
27753.692775
26827.383237
26699.595281
26729.933523
26082.271764
26206.123444
26296.561940
26553.386601
26951.847967
28269.100717
29702.706349
29199.704755
28569.834867
28129.581494
27495.139519
27090.168324
26232.569241
25130.465758
24338.115198
23839.965826
22631.087983
23691.818473
24467.275590
24296.529250
23129.919882
22519.136150
20426.257689
19321.635594
18220.185571
17747.355216
16097.383131
15921.666990
15072.547128
14358.128332
13215.924568
13311.955252
12880.811547
12524.142419
11923.614966
11672.410764
11384.535378
11181.509351
11049.230922
10872.002974
10657.229399
10550.956812
10330.648785
10138.908096
10095.736938
10156.732157
10022.477687
9940.391788
9880.501472
9953.968501
9867.679742
9737.801689
9729.281434
9661.131648
9589.470200
9576.326176
9519.954135
9371.109835
9349.436960
9163.337862
9025.143264
8953.396729
8923.371838
8916.369665
8814.830372
8912.698009
8923.441401
8781.784456
8580.997672
8656.569994
8433.876631
8377.412493
8260.261455
8260.261455
8132.079248
8059.092217
8013.017127
8242.772688
8367.865480
8380.903657
8482.945604
8424.426130
8363.513277
8355.592424
8544.135708
8591.259570
8734.293652
8998.047502
9117.631078
9004.649054
9301.040534
9396.352335
9344.769125
9589.074953
9679.956135
9632.217548
9545.121139
9519.425269
9837.939199
9974.508937
9890.299931
9931.669590
10111.104191
9771.274090
9690.948782
10093.942531
10483.669010
10903.725524
11288.278557
11974.627118
12303.676799
12477.177268
12422.838035
12552.414909
12536.789656
12739.056479
13197.689959
13606.781607
13945.385458
14798.250513
15060.203958
15049.330307
15296.505162
15765.658351
15988.750763
16307.485459
16813.998768
17192.497794
17445.758838
17729.066864
18161.782805
18775.797984
19325.272346
19983.461162
20367.347880
20901.909700
21686.330943
21978.263818
22171.591073
22432.961317
22792.860674
22652.392857
22764.565300
22705.668922
22205.638950
21817.851172
21709.663017
21921.193327
22216.974895
22849.439283
23487.860306
23856.179662
24298.035871
24958.542446
26199.661524
27000.769196
27563.477942
28200.368748
28100.873353
27738.890356
27574.919395
27857.946892
27602.404159
27681.255653
27692.108488
27806.272255
28250.144317
28709.785791
29198.218867
29560.443651
29856.677994
29693.995075
29692.578080
29751.361996
30022.255719
29942.021220
30444.005488
30920.475235
31649.460015
31980.574194
32498.448835
32589.353210
33110.736053
32761.069158
32507.529639
32106.678193
31682.067631
30943.930335
30961.240688
31049.775672
31184.052073
31372.619433
31264.460064
30792.860903
30439.116302
30264.195262
30153.327071
30028.135154
30108.064353
30333.627702
30786.911051
30895.331665
31228.352579
31532.211261
31282.967861
30919.333792
30828.877374
30746.401363
30684.930885
30442.021060
30545.916114
30829.884953
31275.942806
31154.415069
31521.071827
31353.845038
30607.234039
29965.729150
29751.346444
29534.533648
29779.119855
29926.415141
29835.607822
30267.210059
30152.375248
29829.194143
29744.515686
29531.062191
28891.449927
28715.605612
28507.637860
28293.447733
28029.324354
28314.260426
28547.522507
28528.863337
28926.459868
29431.607339
29514.647291
29670.000404
30289.453735
31071.013761
31560.655331
31905.230537
32372.594802
32446.174792
32060.861799
32197.102304
31814.773653
30943.988491
30389.376009
29690.889617
29142.669793
29166.006130
29382.692880
30016.976143
30750.593263
31855.861995
33066.234945
34016.872435
34157.667297
34536.795727
33560.247742
33396.904134
33708.204435
34433.664302
34676.763635
34548.777388
33144.566003
31307.989733
29235.807022
27852.096717
27457.947307
28113.854563
28380.225274
29252.991435
29484.630716
29499.664150
28293.498225
28268.022124
26752.050257
26219.059223
24819.558777
23940.775149
23474.898920
24209.571515
24355.925888
25958.281265
27832.233556
28393.259586
28919.919361
28997.209914
28837.089496
28380.305783
28577.020613
28045.082045
27970.894597
27723.631418
27526.344139
26701.301323
26677.379485
25776.956379
25179.300947
24246.446812
24528.296915
23252.747558
23027.248058
22535.935076
22472.002256
22532.715458
23472.892379
24221.843733
25322.935052
26320.662628
26790.321237
27069.812596
27619.520120
27453.294193
26856.344057
25632.541030
25782.439520
25654.331508
26358.075935
27632.792925
29217.907611
29851.735773
30703.329137
30900.944756
30997.963902
31282.163271
31745.206481
32015.787513
32476.979281
33118.814294
32854.118902
33135.618899
32941.118727
33127.362274
32934.079883
33804.693423
32878.194996
32442.493807
31823.172110
31175.521770
29648.115702
28663.053550
28207.960518
27216.664554
26593.568926
26625.079796
28106.259308
28764.481330
29829.348336
30742.764856
31208.504356
31056.900334
29933.418114
28655.402965
26892.279642
24804.296907
22515.249531
22220.720499
21818.399215
20964.721307
20120.232650
18972.024067
17257.138839
15765.003370
14838.690680
14126.192356
13632.700267
13257.862769
12493.596676
11939.344131
11676.933105
11536.447403
11081.836560
10574.635897
10451.448569
10412.317557
10198.489938
10094.167678
10263.531137
10206.158938
10001.686131
9937.156229
9798.882410
9593.217063
9444.630049
9314.313921
9225.352845
8974.217779
8913.591514
8853.731176
8928.017450
8873.578310
8776.236874
8605.202832
8511.770097
8500.474877
8422.770864
8507.031682
8516.065484
8450.340391
8248.502854
8203.044031
8110.193222
8107.617357
8091.241960
8313.365804
8377.262816
8428.828906
8395.897408
8619.440822
8727.919514
8941.814091
8991.452344
9217.038332
9134.455404
9246.807098
9287.991820
9503.173571
9647.174938
10027.996920
10055.948486
10110.460113
10350.909082
10507.744596
10515.183410
10871.186759
11547.898176
12058.841337
13009.738164
13714.774899
13957.509573
13953.298315
13855.701202
13568.005841
13794.080600
14464.189286
15144.336498
15826.029596
16484.397783
16952.158589
16804.610359
17538.796065
17947.877165
18116.641488
18159.425553
18770.073050
18634.254862
19119.039014
19777.123966
20901.083065
21225.847446
21688.731264
21465.974188
21100.132328
20424.900169
19945.725989
19645.041144
19951.000792
20275.696273
20447.069401
21508.017855
21499.825920
21503.708495
21919.670548
22463.815590
22488.013805
23550.942071
24830.502109
25604.603515
26077.369646
26848.346714
27714.669738
28011.641418
28158.101434
28828.078783
29053.236639
28580.696648
28606.240096
29221.437451
29582.815933
29493.600812
30076.763465
29814.592228
29437.491989
28715.591028
29135.946164
28594.479327
28768.230123
29012.256393
29511.480191
29225.612981
28901.014162
28593.754377
28070.698418
27682.105692
28261.205197
28974.867615
29302.585978
29657.864352
30205.947328
29928.123800
30314.064383
30460.939241
30254.776982
30187.320496
30646.555678
30575.485830
29946.558900
29784.822541
29374.799374
28662.670717
27674.749930
27901.602326
28017.182635
28005.828665
27505.611966
27462.651469
27141.978491
27155.315720
27602.725732
28001.961837
28798.696997
30096.104529
30996.868074
31303.294346
31852.947044
31998.325358
31699.639956
31222.650082
31273.231008
31119.794934
31435.983103
31462.692679
31522.710171
30014.340673
29327.902150
28955.698435
28611.631026
28775.617215
29269.234790
29905.364741
29799.380763
29162.183918
28318.038357
27814.667518
26903.461403
25733.016796
25534.278248
24916.827992
24691.601964
23888.014321
23039.647673
22121.006967
21985.154675
21912.224723
22603.126458
23653.686408
24538.883488
25007.271551
25476.402211
25459.440876
25307.859335
25435.265321
25582.769453
25459.540852
24923.012544
25210.698347
24926.113878
24733.989702
24957.680550
25542.021638
25258.468284
25669.881979
26118.343993
26252.141949
26681.216508
27177.448887
27183.517978
26858.641689
26606.091388
26107.938616
25802.447698
25854.589921
25874.238016
26079.907027
26634.332056
26067.454327
25872.692946
25935.203011
25917.801677
25207.676050
25844.386845
25810.241134
26191.155782
26265.430931
26862.890327
26778.227263
26916.682192
26282.697392
26475.834563
26362.839005
26404.300821
26296.266227
26729.566078
26478.579533
26497.855034
26647.299859
27011.458727
27362.331166
26994.359546
27317.365470
27081.360033
26912.734797
26474.923150
27439.096547
27209.873164
28116.890590
28636.714711
28970.374829
28617.863907
28812.495176
28453.574869
28807.916184
28626.166499
28632.611933
27824.959077
27841.604254
27526.176735
27965.746614
28322.219715
29721.770585
29821.250885
30011.818123
29252.290593
29007.125669
27710.002606
27246.592342
26332.325185
26562.197201
24852.412138
25411.662088
25186.238064
24595.086929
23752.274312
25551.169883
26372.384164
27279.753731
28788.774059
30930.709307
31763.408535
31495.450567
32003.585693
30477.293520
28332.518923
25792.713768
23795.621770
21782.038757
21186.951518
20740.235686
20863.619150
20322.140886
18741.071775
17314.083739
15687.605190
13948.038752
12692.591510
12412.691114
12092.040826
12008.000306
12044.261278
11927.557587
11582.422066
11346.968349
11132.115069
10770.442880
10723.575320
10400.802017
10301.344488
10201.575108
10001.617318
9917.215023
9913.050894
10067.007716
9793.867808
9662.072608
9582.227038
9571.286195
9452.120742
9331.078692
9331.078692
9263.964507
9217.800561
9101.659752
9153.802139
9170.172873
9085.866076
9128.931758
9044.560451
9101.475667
9020.608319
8938.208912
8793.278058
8821.196664
8873.269322
9072.176231
9025.449301
8986.232428
9134.112863
9122.690682
9052.557903
9325.460108
9489.763383
9424.955625
9628.331585
9707.524607
9901.611043
10146.764294
10117.035779
9947.361153
10293.667233
10497.138472
10653.412751
10911.027983
11164.773654
11134.505286
11147.642235
11286.492335
11409.345193
12007.521118
12583.032536
13098.394641
13496.523570
14169.493585
14085.455053
14276.220742
14713.601196
15458.125239
15938.814248
16859.123207
17450.045355
17739.813220
18521.523172
19117.741646
19502.975957
19618.037885
19972.614119
19678.347422
20222.071549
20823.915614
21879.008553
22979.822206
23948.148767
24759.447792
25957.250657
27220.796707
28020.511141
28518.110579
28817.769340
28997.161268
28674.216061
28832.004266
28818.659121
29148.445610
28938.247771
28812.576008
28377.866629
28758.434906
28824.270124
29391.730065
29756.555808
30310.993116
30529.549052
30789.004526
30587.467226
31116.562280
31665.310711
32282.460197
32968.459360
33598.502953
33936.551478
34142.525023
34283.130918
34138.191690
34245.741339
34673.217748
34930.748048
35488.975387
36283.965612
37033.625058
37292.421660
37464.149627
37212.912026
37197.494785
37253.953456
37317.151046
37425.355014
37053.976571
36691.957298
36310.922218
35943.091482
35635.192947
36144.017950
36140.144410
36180.947812
36385.440321
36569.393922
36692.258928
36740.598992
36335.821927
35906.465888
34104.261721
32385.143665
30254.090819
28489.215327
26649.742960
26680.181162
26011.185513
26370.446563
26211.742320
26465.403177
26079.561400
25116.123257
24361.797973
23119.645896
21500.654841
20168.766498
20103.852853
19473.856054
19809.229843
20276.558398
20932.682650
21385.520073
21577.648691
21865.462819
22044.323587
21764.822543
21379.394937
21076.120753
20790.660244
20393.186052
20382.960269
20469.741750
20298.315274
19861.126328
19669.720328
19862.101949
19855.627386
20431.932721
21099.304456
21555.410748
21310.841803
21312.545037
20987.749424
20951.564594
20481.716215
20066.120692
19821.266824
19661.479448
19223.732766
19548.522592
20286.829697
20406.032681
20142.636749
19853.851591
19605.653826
19245.573642
19283.226569
20016.485639
20432.518408
20222.368172
19812.683612
19367.124846
18685.044419
18288.512753
18426.100376
18394.130660
18836.122265
19091.900959
19264.796652
19252.039174
19321.309087
19197.654359
19148.007655
19754.883415
20155.806712
20155.806712
20315.546631
20231.463697
19861.523679
19986.589974
20807.352202
20426.261911
20255.796281
20127.835944
19567.286360
18715.986684
18690.288395
18817.487777
19194.244642
19665.869334
20148.874308
20370.045763
20865.715625
20812.081737
20873.395717
20790.777114
20897.273159
20100.268513
19645.247865
18992.947595
18365.010178
17968.842724
17909.792096
17403.971502
17667.103898
17892.210244
18186.444989
18343.047107
18815.514749
18778.890701
19045.322687
18490.866208
18209.602073
17907.991138
17238.990548
16474.623597
16418.261744
16593.211086
16658.427214
16516.682650
16977.792508
17584.303426
17532.178380
17648.644784
18421.779899
18987.578782
19193.253058
19652.449321
19630.348506
19464.981729
19226.914579
18587.997411
18425.766291
18971.211572
18665.950593
18269.297676
18792.934531
19081.122920
19113.422573
19629.628324
19920.291549
19690.873682
19599.542826
19400.023123
19308.978140
19475.549489
19432.538405
19235.326424
19391.702654
19909.133054
20399.200952
20769.378571
21750.328657
21645.953050
20932.601951
20415.381980
20691.795231
20588.346094
21344.188606
22631.152600
23396.114784
23811.894026
23728.773775
24121.041305
24151.312242
24596.622012
24399.986676
24261.744527
24024.956900
24391.033196
24437.841992
25528.170813
26471.862609
26827.380378
27226.343842
27615.742116
27401.162407
27568.630276
27770.036634
27686.457463
27840.885457
27845.734828
28310.712438
28282.481536
28594.647697
28640.551228
28869.656981
28453.916161
29338.034923
29664.859321
30035.418524
29762.077790
29764.337604
29467.777986
29503.477555
29302.438766
30310.083142
31025.733656
31595.666775
31978.211507
32671.441988
32891.522315
33394.391301
33193.029801
32761.539488
30169.593784
27298.157039
24537.182452
22029.157060
19607.810769
19140.048959
19399.670397
20096.909149
21006.501282
22497.986394
23840.188891
24349.611897
24764.715450
24305.885229
23120.176771
21763.020259
21290.138449
20695.620470
20249.249627
19979.495926
20082.862739
18946.622592
17428.813321
16848.204535
15700.842753
14672.280124
14880.406625
14782.564703
14468.761683
14492.396272
14635.031964
14238.479987
13970.082450
13292.456987
12935.670692
12301.423817
11800.740122
11488.884875
11334.652315
11142.095076
11057.656745
10925.645801
10634.993080
10457.882000
10327.950281
10193.654333
10184.981076
10132.860146
10178.648023
10143.227437
10324.458474
10279.090079
10393.509891
10396.003775
10455.311718
10338.920819
10271.339768
10143.694552
10249.555798
10117.690378
10015.914544
10057.012500
10213.183705
10117.691378
10111.541422
10169.527293
10255.375712
10298.102930
10315.453516
10274.643391
10459.156764
10417.182608
10467.514751
10390.114996
10578.912413
10316.736099
10316.736099
10145.375076
10193.334527
10055.205737
10360.461652
10247.895240
10219.078037
10352.102346
10678.932985
10715.323864
10873.347812
10691.838294
10369.179279
10273.572590
10174.204567
10128.781760
10412.269088
10639.715210
10801.105829
10666.613648
10930.981658
11262.283275
11584.372074
11582.574027
12245.715450
12453.050040
12353.772516
12981.710007
13759.160907
14326.235024
14666.671165
14739.981033
14523.558505
14358.264008
13903.091962
13788.880935
14115.117450
14052.437236
13549.311920
13055.406346
12576.729887
12719.761156
12891.187931
13208.784806
14190.583098
15777.822532
16131.265216
16577.569612
17329.236128
18095.579585
18022.144136
18868.138049
19904.025170
21424.802558
23174.664175
24896.006155
26678.126443
27846.038162
28194.054603
28129.429902
28785.085987
29138.856295
29677.997590
30075.181436
30438.708846
31077.298847
31826.424730
32558.524287
33903.152905
35152.674504
35796.037937
36371.455894
37326.737384
37341.953747
37424.189717
37246.535535
37380.608506
37315.996660
37761.588493
37921.693896
38010.278223
38199.577313
38506.974257
38285.668114
38567.650966
38743.025667
38736.285280
38411.500461
38311.883232
37876.140915
37928.537860
37582.051587
36823.729703
37102.311724
36894.307087
34843.669179
31978.533202
30100.862456
27883.757300
25095.825179
23822.842904
23773.060072
23521.600530
21599.421096
21231.520296
20800.064245
20393.153792
19392.557266
19626.365011
19152.098953
19522.168517
19466.183336
19336.242712
19612.359585
19440.641267
19040.953724
18661.336265
19107.545484
18759.552428
18922.023140
18805.169153
18449.805523
18222.721384
18912.920029
19761.748096
20760.382517
21507.648162
21852.326287
22047.719717
21940.969319
21869.496419
21782.792427
21794.517212
21904.849388
21839.931908
21599.180592
22103.943997
22525.399615
22344.946502
22308.558598
22208.915720
21968.516588
21592.140632
21063.050289
20747.080800
20197.365726
20041.147251
19434.245572
19457.915366
18948.382979
18762.108336
18307.525881
18695.248198
18731.869265
19325.090693
19587.320780
19487.295376
19204.257114
19299.464389
19981.105656
20464.116947
21631.209123
22779.140996
23535.956789
23871.541687
23752.124634
23267.500390
22718.925413
22243.015800
21884.082363
22094.105406
22286.895818
22763.348234
22885.790607
22663.183354
21847.067154
21298.512009
20735.184774
21143.709381
21498.853277
22718.312438
23452.003979
23541.277266
22052.402435
20625.318808
19405.417001
18890.145564
18770.519787
20461.908230
22177.537563
23885.759664
25150.047953
24880.221596
24469.972297
23198.970301
21968.472511
20577.589362
21277.966935
21462.453211
22331.329332
23356.972993
24270.833615
24572.351373
24780.508951
24938.811797
24771.964549
25157.507797
25724.733375
25359.397293
24040.689056
22921.177758
21355.340712
20481.830197
20681.946347
22553.583889
24229.773321
26033.220197
26871.863764
27795.622029
27119.474764
26327.049308
25874.400961
25187.693570
23926.202329
23689.851558
23370.048058
23178.855856
22399.064733
21723.966782
20456.823367
19209.771020
17821.770633
17097.858953
16049.197187
15361.969298
15327.582983
14326.778362
13558.336911
13410.147090
13522.660014
12677.689213
11943.143373
11415.272868
10914.041827
10364.365039
10288.397286
10662.702217
10862.683110
10825.607571
10806.209060
10613.668621
10585.155017
10217.505053
10155.692899
10153.542030
10188.567830
9995.888493
10019.372733
9891.203593
9714.277088
9525.806167
9510.557058
9420.060847
9415.480748
9441.518112
9493.877382
9472.242676
9536.843320
9625.969760
9608.977006
9693.328721
9554.199146
9494.079527
9381.201055
9353.119320
9409.416766
9597.934385
9643.717547
9738.520793
9836.157678
9764.117284
9749.559622
9879.049793
9712.834834
9832.708375
9639.664249
9451.354685
9269.137694
9437.229605
9337.116177
9614.357726
9800.714814
9915.841685
9879.590438
10130.718156
10015.792899
10098.378816
10264.813098
10199.181843
10143.380202
10437.646180
10671.266678
10954.433122
11496.269582
11867.285245
12367.496340
12493.013992
12722.515397
12898.524822
13142.915627
13449.097425
14133.155921
14416.816851
14654.241486
15306.176953
16025.366192
16560.697889
16417.755824
16855.294960
17253.428232
17413.558572
17701.848568
19410.034368
20759.689142
21592.947673
22389.556238
22948.507960
23178.223003
23284.548967
23356.100199
23675.993825
24287.263195
24968.607629
25616.650387
26487.103978
27171.992436
27927.385337
28817.966269
29531.452908
30166.072865
31163.975612
31798.254314
31701.564306
32332.247366
32635.785001
32914.835073
33581.712947
34865.858980
35502.797569
36244.090304
36809.154623
37489.161256
37937.446970
38207.192361
38577.225379
39290.007366
39472.412272
39473.877499
39858.452191
40259.426479
40118.498378
40499.551754
40905.102363
41443.911383
41701.957393
42006.857070
42115.774612
42048.609346
41906.496988
41626.524611
41481.651730
41334.214970
40712.482379
39682.528073
38985.398151
38227.660601
37679.324439
37839.937818
38409.085814
38774.805598
39097.888481
39383.274513
39935.958861
40362.079836
40730.846340
41310.657823
41471.344873
41094.412257
40693.349599
40392.404392
39945.384900
39482.504543
39303.184661
39060.248466
39175.351657
38832.557635
38601.126037
38215.945135
38651.252401
37977.766807
37564.250069
36752.131783
35751.717974
34046.120070
32080.078227
30101.692617
28402.406417
27722.407302
26981.085554
27758.959295
27925.765586
28300.216511
26541.882838
25341.387320
22773.277272
21189.302987
19632.792341
20168.190659
19608.556170
20401.833388
20767.595298
21139.896813
20839.298501
21340.452434
21663.508884
21931.923359
22694.242065
22923.315569
23325.088338
22993.308148
23087.087465
22320.154935
21905.989525
20807.738233
20676.374866
20830.025023
20840.101072
20850.003392
21344.302345
21760.409581
21331.567612
21170.835875
21197.259206
21241.490486
20943.203694
20747.900573
20897.451089
21170.585695
21247.175426
21779.463276
22532.831108
22460.121732
22524.667597
21989.249382
21220.621407
20901.976118
20945.435411
20081.187028
20272.413060
20638.206538
20490.719123
20360.800305
21058.582440
20823.142076
20348.162839
19710.005211
19904.439976
19662.061645
19891.747609
20461.629551
20796.849076
20619.300000
21011.177773
21757.019068
21585.499927
21418.826890
20795.619966
20619.391826
20411.247669
20766.863896
21905.674825
22732.579975
22667.921714
22837.674294
23158.455480
23075.868144
23877.510176
24815.341597
24057.214162
23637.279555
22541.299591
21360.980428
20304.024562
19655.611163
19176.193857
19896.417786
20515.971907
21440.543043
23220.135930
23761.761860
24045.624052
23688.531711
22360.760585
21158.785449
21586.549045
21491.416461
22117.824832
23319.855490
24282.560891
24126.238395
24344.541857
23595.895091
23056.360323
22899.639158
22097.515736
20960.685469
20926.090301
21638.372275
22054.985513
23521.564564
25333.878463
27350.169252
28645.087184
29482.084418
29289.433574
27199.469060
25328.214913
24035.389001
23005.231851
23139.937655
24785.454398
25896.940291
26600.248954
26716.802337
25605.739653
25075.614280
24034.514157
22996.421700
22520.849768
23216.069897
22923.270241
22546.710153
22022.247667
21577.140934
19686.200980
18737.088938
18057.215563
17418.840177
15630.242985
14782.964675
13977.474501
13420.790460
12396.793518
12494.848981
12450.956744
12195.820902
11900.851276
11740.446659
11524.480562
11505.062421
11279.933346
11160.411593
10989.403591
10815.307154
10877.940916
10902.281405
10774.508586
10819.883156
10900.417302
10597.277183
10460.245348
10332.522511
10250.096474
10152.908351
10289.110947
10242.034108
10174.688661
10066.660416
10034.528092
9904.392120
10001.611740
10188.465007
10263.945369
10412.338733
10404.272486
10287.354625
10317.205056
10404.272486
10308.313456
10287.064350
10299.934287
10234.588503
10230.395076
10479.181305
10752.167707
10589.241949
10507.121574
10625.500243
10507.197047
10375.448675
10726.990315
10906.356825
10759.871870
10915.110830
10917.404452
10941.272585
11096.910391
11260.138815
11488.939671
11762.334930
11892.025103
12053.906415
12008.686694
11754.307258
11652.244487
12020.460589
12745.797250
13064.251388
13348.645026
13487.212463
13948.414649
13790.587598
14427.478945
14405.822507
14618.233964
14211.243080
13793.193929
13049.861069
12937.688752
13308.306484
13721.800400
14611.811669
15605.836476
17111.572798
18406.605075
19834.593258
20834.529074
22228.794031
23212.096595
24030.870823
24773.690594
25758.991159
26161.991240
26431.942435
26979.628076
28188.267488
29244.654983
30977.830376
32780.835407
34357.219655
35035.544893
35420.676148
35825.872468
36354.296266
36902.249158
37164.115871
37920.800769
38246.607791
38572.310687
38890.812524
39631.421924
40276.598560
40935.091904
41164.635375
40906.152191
40740.365342
40401.765707
40560.353937
40872.761198
41164.762658
40962.956075
40978.383670
40085.955366
39739.632995
39898.037636
39898.037636
39845.759638
40324.481664
31963.632356
23344.098490
