4480.924412
7508.512823
10285.502283
9936.259100
9864.586074
9770.826894
10070.227877
10432.980478
10270.368889
10367.266330
10301.723426
10223.525960
10420.203588
9804.954857
9754.809440
10229.617612
9661.266647
9892.319031
10835.621269
11325.839857
11026.069800
11803.815645
10695.318020
10302.747957
9728.266529
10499.690419
10215.478406
10840.872761
10745.564234
11151.564497
9802.233486
9758.591337
9658.468941
9076.163158
8742.259888
9138.992500
8545.411876
8842.085619
9427.085986
9455.218226
9280.579195
9455.217622
9055.498845
8369.419586
8154.003509
9350.050118
9893.565178
10077.831174
11281.904655
11253.564811
10457.233100
10656.839816
10316.978734
10503.625117
11102.910996
11006.352229
10572.223197
10825.157104
10386.856287
10055.862684
10683.916555
11261.712696
11464.317679
11635.686907
11617.152698
10942.594195
10462.086561
10183.666416
9871.343888
10027.666272
9527.610073
9200.092205
9325.030055
9131.895724
9347.530653
10118.813333
9700.295975
9575.499924
10001.229760
9116.907318
9841.274253
11246.160235
11277.395502
11120.630358
12254.347758
11030.457055
10973.973937
11273.970601
11387.324785
11374.603511
11733.230009
11034.134370
10412.523589
10639.784223
10773.666606
9949.022902
10064.997810
10826.623172
10201.752377
9798.865960
10476.626055
10070.348431
9683.618490
9407.852214
9142.221421
9095.665315
9413.788104
9214.441282
9609.121740
9218.732391
8912.788575
9103.529056
8800.476720
8665.450403
9321.279899
9321.279899
9308.993962
9630.595927
9422.581082
9619.223684
10178.232027
9772.201046
10281.224352
10930.397346
10399.426969
9856.299756
9903.311505
9347.392822
8869.353292
8606.888056
9097.277732
8785.081281
8991.139795
9166.172184
9125.301580
9640.434790
10599.269540
10708.279054
10865.271991
10924.394044
10062.432286
9668.867457
8953.319742
8800.368525
9399.976901
9240.554333
9140.778562
9681.055332
9040.918528
8872.278216
9424.697395
9440.496628
9234.363942
9911.392174
9471.138534
9374.312276
9589.633169
9792.707674
9550.959213
9482.023494
8900.927916
10034.625841
10918.821115
11243.700095
12342.818015
12964.282402
12096.761075
11849.506065
11613.411451
10982.262076
11016.724010
10769.994853
10676.747221
10881.257651
11119.332911
11125.508561
10628.902093
10488.029603
10580.165565
9961.462644
10155.428801
10008.372988
9602.725230
10212.427362
10977.366609
10518.113221
11367.814021
11055.220856
10191.737892
10278.977822
9854.712159
9644.877952
10875.356456
11457.792850
11251.823847
11623.096688
11494.990719
10620.481508
10118.187812
9583.896552
10018.130611
9587.327761
9381.106137
9604.607865
9251.763043
8998.810066
9635.841781
9660.996910
9121.676565
10093.181575
9755.727494
9396.621920
10283.405146
10304.632773
9658.584378
10111.247952
9839.867269
9421.433687
9473.126543
9635.599853
9201.385794
9323.401887
9217.189646
9385.464348
8926.601093
9479.119133
9950.611489
9407.593112
9526.701201
9951.482426
9564.317614
9570.487020
10101.512623
10120.043230
10878.757072
10694.955917
10935.173013
11253.715966
11186.214400
10318.067263
10611.900776
9518.424968
9440.311704
9173.703667
9177.154227
9017.899064
8842.685130
8333.868920
8925.098651
9196.578928
9424.432998
9686.694327
10083.550271
9749.517354
9244.034062
8843.823912
9190.658355
8681.691810
9116.701281
9535.310075
9169.592288
9488.296023
9735.057033
9545.112568
9526.137527
10381.968018
10784.474733
11272.151837
11244.482333
11103.804394
10713.745406
9670.581935
9039.947402
8824.995275
8928.326333
9531.187712
10290.088824
10030.875703
9841.061258
9812.795342
9366.246046
8504.251368
9153.714643
9405.114202
9161.159159
9676.761601
9764.073771
9732.710193
9889.137311
10314.045550
10319.834083
10866.733064
10854.378083
11224.623002
11284.121271
10466.113703
10368.690052
9816.216731
9286.424198
9470.719269
9676.820988
9988.747327
10014.372131
9698.616842
9517.362413
8939.714402
8437.022431
8914.722619
8663.327708
8725.865099
10003.494741
9747.046056
9790.911361
10075.833020
9669.895464
9269.985896
9835.391317
9875.793725
9704.507528
9548.043469
10591.481867
10713.412819
11031.975684
11684.304518
11580.981891
10594.097187
11056.453411
10341.494346
10142.108058
10700.953590
10060.852549
10570.192383
10716.457119
10959.061571
11462.022200
11623.711641
10390.504163
10893.171017
10641.860645
10264.229722
10382.680336
10317.409775
9867.587461
9288.343080
9547.490949
9407.312451
9884.994144
9947.600437
10385.729982
10269.852559
10482.636666
10266.854339
10144.998540
9967.692174
9861.076720
9602.258396
9561.264174
10414.074309
10312.922540
9785.106761
10109.885945
9763.255744
9097.805095
9183.701719
9599.276514
9995.718365
10064.788076
9798.849975
9884.772383
9263.055366
9466.522217
9388.295320
9144.641250
9218.010887
8893.396803
8671.480135
9517.881242
9558.577085
9757.854221
10416.677702
9129.955999
9208.151612
10254.221407
10012.218082
10518.151132
11099.227352
10243.471248
9906.056443
9897.031670
9294.019678
9843.884544
9712.619118
9446.953538
9909.656816
10184.239765
10281.259369
10534.243422
10568.613834
10630.054839
10914.553274
10708.442548
11209.080498
11324.973549
10978.887056
11162.339622
10810.001650
10613.545783
10588.013020
9837.704940
9266.488149
9506.344113
8575.993881
8900.697527
9433.643717
9793.016507
10205.289838
10739.495067
10348.699972
10713.621332
10616.430598
10981.923686
11063.165323
11375.474864
11127.021207
10468.763864
9553.416134
9434.516301
8872.552513
9286.214842
9486.140918
9270.368044
9467.408122
9239.386003
9187.325857
9905.586422
10065.010318
10414.743753
11113.658043
10519.875633
10182.616431
10001.776961
9539.020208
9301.936086
9592.769685
9074.223183
10073.840040
9583.323517
9268.168698
9550.030608
9643.543900
8959.320681
10240.287044
10452.239505
10286.952243
10768.095637
10537.178378
9553.122991
10417.909299
10519.271704
10191.591938
10600.327978
10684.591420
9441.757870
9604.124341
9413.397013
9207.669982
9385.348403
9254.370561
8412.248551
9024.151330
8599.158458
8814.953661
9286.547165
9467.410999
9301.712436
9757.891553
9280.051394
9904.719705
10489.604975
10530.330142
10255.100207
10630.048088
9730.685017
9224.823599
8619.248678
9268.977948
8697.488599
8909.807261
9381.384581
9762.535977
9390.980072
10409.226820
9949.595720
9517.912494
9873.833368
9495.875090
9146.261558
9121.273704
8790.523340
8999.645636
9505.349792
8890.720490
9693.021692
9895.230742
9305.052895
9758.082122
9920.203428
9748.208553
10183.330025
10011.618154
9515.201921
9221.654931
9171.203717
9297.290391
9041.073483
8822.373025
9544.159918
8972.013448
9058.381369
10335.109890
10014.066668
9879.614218
10401.088476
10024.179559
9309.059743
9605.665076
9218.357239
9574.770631
9353.835711
9175.937611
9366.530624
9666.315012
8972.523786
9533.540171
8918.249976
8893.375000
8518.466473
8644.078851
8760.029135
9544.054872
9684.269705
10055.779433
9946.832219
9707.644583
9642.071148
9385.859709
9320.233371
9101.959088
9399.125433
9030.463274
9530.265133
10067.291835
10011.008622
9778.428619
11292.783640
11143.242858
11143.242858
12239.169782
11996.942694
11388.190351
11066.618483
10745.376369
10539.219653
10281.612427
9385.158679
10350.438377
10375.432072
10303.195664
10355.575203
10212.315353
10080.994115
10218.110444
9937.138974
10632.899518
11425.994861
10404.790294
10579.483466
10279.549812
9627.206768
9705.201960
9545.735785
9308.569277
10698.730968
10821.006196
10636.257229
10767.906552
10489.919831
10130.645197
10391.189190
10006.701747
10853.352285
11396.522598
10781.562463
10818.242451
11080.957277
10215.264178
10524.030124
10842.758941
10634.827286
10669.323808
10937.631755
9744.794314
9657.554848
10159.504143
9653.669592
10475.089029
11327.237621
10961.839207
10827.119665
10790.030307
9871.766785
9649.983182
9556.380570
9188.929801
9741.697066
9460.405167
9444.880026
9947.833899
9760.923041
10151.236147
10469.609935
10332.362245
10222.989396
10529.758702
10073.406929
10404.839553
9920.343847
9754.890556
9586.622908
9246.123745
9524.161583
10126.578863
10011.133237
10035.359295
10401.164392
9851.669168
9751.503343
9410.975357
9472.315739
10109.451381
9753.550356
9881.436543
10462.613976
9626.089088
8957.788280
9092.038308
8879.790381
8801.648565
9089.524162
9230.398193
10044.846593
9748.268350
9732.746231
10076.024119
9526.118171
8929.638085
9485.932595
8942.062934
9217.885531
10082.947163
10208.323959
10426.751816
11229.681854
11088.100284
10392.097556
10107.658140
9345.893952
8727.098624
8396.426237
7905.581849
8184.214748
8880.665473
8839.838212
9192.248529
9907.336856
9104.821162
8879.984278
9520.072254
9030.091975
9304.947405
10684.929066
10563.369956
10066.930393
10746.994154
10025.327530
9288.254021
9435.063305
9616.533586
9711.147473
10192.363766
9932.904964
9782.905118
9558.325642
8808.025073
9257.496355
9722.866754
9191.999353
9925.721712
10134.026343
9553.299680
9862.304020
10021.706518
9147.051215
9089.114303
8842.227567
8898.518941
8970.667988
9239.182693
9392.252849
9235.655921
8951.319831
9626.368650
9160.890931
9265.171906
9683.779768
9087.378213
8837.508909
9696.186305
9432.487446
9401.032320
9959.986115
9809.873385
10234.398803
10289.462452
10461.341611
11247.850314
11219.988373
10539.399338
10968.316845
10608.498786
9275.318740
9397.207138
9247.170891
8395.802215
8864.181411
9504.355048
9032.929406
8661.304736
9273.801332
8561.237977
8277.620469
9095.862434
9151.988902
9605.165708
10660.843467
10457.918867
11284.985414
12365.145576
12080.410379
11503.718745
11738.161945
10482.554846
10213.705807
9702.164356
9618.093669
9549.080154
9217.916638
8905.518189
9374.411362
9408.625978
9424.157007
9792.815583
9283.887510
9047.924956
8892.096911
8525.946165
8588.972707
9179.336077
9072.070985
10268.023687
11033.240409
11195.879135
11243.102214
11448.105562
10695.230320
10319.950377
9907.947714
10061.004940
10468.711121
9956.195570
10681.217552
10746.495242
9956.197254
9515.235932
9752.606300
9052.917102
9059.608378
8934.440867
9525.354618
9996.963418
10124.989158
10024.940756
10278.056951
10185.817702
9567.794425
10208.349920
10398.098300
10058.052241
9335.180283
9788.081936
9381.860727
9522.760766
9756.952627
10081.572446
9744.346827
9135.097627
9107.139883
9854.005819
9697.363778
9906.541952
10341.088606
9978.298631
9859.836339
9847.017554
9469.729488
9597.480188
9778.991485
9353.881475
9614.148010
10129.872215
9105.357207
9448.772070
10264.178860
10150.726060
10756.035001
11746.366962
11347.347153
10581.732241
9959.908916
8798.181619
8576.166516
8823.018382
8929.144104
9982.968200
10098.279930
9951.472166
9976.772634
9873.468616
9827.629258
10124.457441
9724.843841
9968.512086
10461.974666
10002.552947
9896.070445
9983.468256
9664.720964
9774.107149
9670.169125
9960.422910
10463.341562
9954.314822
9439.006660
9490.938540
8903.935442
8938.194015
9200.647316
9103.910431
9256.946495
9060.485959
8860.660528
8807.506374
8223.407919
8213.836065
9075.647610
9022.899268
9010.394637
9806.781040
9552.588770
10055.285779
10573.599162
10527.004333
9924.349999
10055.758409
8665.965088
8156.796592
8516.343287
8778.576754
8582.648566
9092.218425
8673.658754
8139.545388
8481.480651
9489.419983
9786.257159
10416.943459
10607.424335
10026.555253
9695.777337
9758.460533
9027.381425
9189.749174
10192.426872
9487.863270
9606.435708
10468.771901
9990.395799
9609.466730
10396.560348
9684.683661
9906.466604
11173.932031
11024.770854
10868.093501
11036.768374
10615.424324
10515.767382
10428.148729
9564.127459
9551.862380
9567.380600
8739.562882
9473.451954
10435.457333
10660.309811
11403.368542
12062.974053
11835.240043
11418.571139
10990.006001
10190.970027
9759.738525
9131.942416
8987.996226
9390.993110
9072.466112
9088.076350
9375.204124
9120.976337
8971.200069
9633.392410
9583.069615
10214.059664
10670.405422
11026.349250
11522.640219
11641.816245
10976.585613
11041.144259
11097.428467
10519.288207
10338.266362
9760.398376
9304.179993
8813.569387
8257.978415
7608.691607
8429.168032
8567.105556
8439.030909
8885.692204
9020.042045
8710.974929
9035.545448
8838.877506
8710.839539
9707.126715
9400.977035
9318.365440
10067.962313
9899.237150
9459.037090
10043.022678
9837.592008
9612.840443
10015.954365
9637.777072
9640.941919
9524.701670
9231.221349
9118.588855
9480.625005
8837.672038
9425.252469
9441.129349
9072.850491
10046.726202
10259.526523
10106.439318
10221.810045
10134.266028
9381.616739
9550.627244
9103.382839
9134.324660
9499.746898
9608.971277
9762.251743
9461.750657
9421.640239
9274.730739
8503.547711
8474.927529
9032.748229
8870.383545
8998.287479
9425.727566
8876.411769
8796.870037
8324.698740
8240.445781
9055.865800
9468.383812
9811.369533
11197.792242
11319.621725
10629.628062
10522.988142
10502.080708
9624.293774
9624.293774
9090.184485
8927.924305
8915.827817
8740.616948
8756.199243
9399.798328
9290.412416
9361.033258
10251.084486
9644.956996
9588.745553
11106.191763
11542.467338
11291.785969
11860.287631
12010.206959
11070.391522
11223.104181
11170.104999
11195.484549
10764.452419
10227.218444
9222.432387
9097.248820
8663.125201
8813.017397
8647.668848
8503.793553
8893.768120
9187.301446
9914.497680
11547.269883
11705.013624
11092.204747
11448.270203
10364.596195
9258.466676
10015.449706
10205.706501
9856.021062
10083.790734
10108.831105
9722.868463
9754.212260
9067.179049
9744.797107
9735.506227
9303.739248
9734.484439
10318.433825
9537.696347
9909.400834
9557.152018
9310.364794
9738.339463
9441.503165
9525.766565
10435.609164
9988.729571
9851.863608
10828.296508
10232.439281
10545.000268
11560.092761
11345.051253
10979.344149
11390.980162
10549.043302
9840.328299
9868.339852
9624.549726
9455.878012
9033.351525
9142.458380
10254.401273
10366.849242
9942.166090
10845.675045
10483.504685
9449.567026
9905.734277
10043.122226
9844.075874
9822.054173
10071.577311
10234.432600
10159.273796
9782.485282
9813.923470
9180.091986
9201.532049
9813.919989
9960.739625
10223.101321
10310.778881
9814.165357
10148.367999
9918.824519
10215.143302
10640.261007
10714.625206
9843.757549
9788.434725
8738.922875
9404.457215
10135.008952
10613.267506
11087.522469
11737.975185
10741.053288
10397.165374
10866.245626
10578.329251
10596.918148
10800.214654
10144.074616
9856.568412
10196.580964
10012.393751
10434.090557
10424.896269
9975.363597
10440.479341
10447.175034
9919.152013
10549.570668
10503.202436
9969.760153
10651.107373
10763.781258
10151.089558
10119.938178
9997.339697
9582.085246
9319.508359
9057.342046
9126.088166
8829.165427
8591.469094
9184.799943
9069.357119
9490.903037
10152.493200
10224.270021
9977.630178
10352.865272
9603.087646
9933.601993
9749.229387
9315.211991
10221.048316
11161.252054
10784.030795
11243.776628
11605.668243
11093.391425
10518.908470
10007.267577
9454.549671
9179.984429
8255.805379
8333.630663
9062.067129
9290.401321
9433.824797
9949.186366
9671.353420
8862.565057
8787.441639
8110.255432
8156.678066
8690.961636
8761.461118
9607.761947
10676.216571
10475.993451
10295.212560
10386.633441
9583.976929
9674.752807
10127.634337
9968.582609
10283.616395
10483.713884
9746.529979
9618.771736
9140.793016
8494.189741
8638.187401
9287.617543
8816.493456
9806.295473
11086.685146
10902.166586
11283.629241
12660.811080
12489.374250
12189.403540
11845.762155
11317.739419
10593.020261
9615.200294
9262.866263
10337.278863
10615.398434
10684.114672
11489.628236
11425.871829
11229.322885
10747.855025
10132.531469
10039.084452
10415.826884
9794.095735
11052.681308
11377.330609
10793.329054
11314.433749
11738.958167
10801.925510
11117.777789
11664.593781
10616.257477
10004.324231
9460.704476
8942.176969
8526.651587
8389.303973
8726.453435
8807.961625
8438.962025
8670.420739
8936.965534
8093.991138
8596.114595
8621.362202
8718.303392
9701.431092
10710.080434
10166.874199
11016.226146
11125.722658
9830.037160
9448.774788
9195.815481
8733.921988
9214.893144
9520.921344
9608.279636
10004.915607
9664.431388
9080.643733
9202.640922
9028.272802
9343.585572
10327.626497
10002.942755
10410.042248
11212.930732
10632.059365
10110.178578
10647.357102
9820.458990
8992.831354
9270.551881
8983.599245
8543.047989
9112.554019
8644.662190
8472.518165
8516.346630
8201.394486
7922.497789
9008.718375
8912.062110
9037.126188
10083.108507
10110.712385
9589.122178
10379.327617
10335.328062
10082.561528
10621.506608
10309.449713
9953.487507
9844.212426
9513.254896
9592.634659
9876.977232
9983.130531
10260.894702
9745.715882
8689.356660
9407.427631
9176.197797
9107.527261
9847.162565
10484.789466
9516.629471
9435.319534
8904.457398
8376.360483
8343.240937
8271.486582
8264.610217
9020.523339
8774.042731
9089.454076
10585.446976
10629.297672
10544.847851
11488.215727
10939.674049
9984.078392
10409.099044
9874.575307
10034.018988
9911.506697
9671.014523
9165.541895
9443.151672
8862.011279
8418.066272
8733.669369
8380.679543
8427.043126
8786.075213
8801.875214
8333.615794
8957.977111
8858.523069
8839.231789
9329.284691
9104.635032
9332.822471
9557.444638
9039.313715
9994.617646
11043.852862
10466.653906
10256.804365
10847.124980
9166.053523
8600.329260
9196.777391
9433.981932
9524.868773
10679.684758
10542.025139
10170.264076
10463.682637
10267.005430
9678.787454
9375.829876
9297.883290
8451.816802
8202.081405
8655.011548
8445.761709
8417.735674
8942.041852
8630.125182
8948.788160
9226.094922
8948.788160
9379.679500
10022.883414
9110.005888
9909.598700
10390.740661
9834.751403
10018.772243
10943.779024
10469.210859
10500.324191
10375.572608
10119.480935
10040.030425
9512.168206
9524.610529
9814.973294
9349.533598
9031.144693
9405.993326
8868.446238
8831.189660
8834.050855
8907.623656
9098.054491
9254.473812
9701.047261
9925.742822
9503.477307
9531.399045
9202.917379
8866.292155
8663.040628
8708.917393
9202.116514
9396.019337
8977.464217
9836.450188
9664.775281
8915.595218
9111.959995
9218.225736
8222.546302
9015.527572
9443.399060
9308.980472
9633.907442
10311.602033
9714.433746
9602.111321
10014.379035
9576.805761
9314.318310
9188.953989
8682.730256
8492.401600
8988.873007
8648.569729
9046.984586
10040.144262
9808.845141
9874.211345
10133.510511
9726.310672
9245.421875
9176.610949
8742.463044
9691.921979
9863.359442
9950.530229
11196.901987
11169.172473
10107.020325
10434.812899
9960.042564
9251.129945
9485.583886
9097.856140
9520.724148
9954.866833
9705.071298
9876.832472
9995.418010
9223.595761
10026.152867
10850.626152
10335.082689
11069.830474
12022.551553
11322.178181
10656.997839
11372.796647
11459.596869
10633.252195
10526.482607
10133.028207
9614.398100
9758.537099
9494.757339
9229.713769
9797.743555
9741.664297
9485.746144
9663.249166
9419.779148
9144.777583
9397.904736
8507.505703
8721.880295
10024.259119
9868.311356
10045.707200
11261.386693
11205.625084
10453.278497
11318.577599
11050.236866
10572.136643
10970.105503
10945.215906
10523.151738
10383.051906
9930.484598
9715.846660
10499.589070
10424.981535
10559.165741
10540.212117
10096.169057
9471.575830
8977.721033
9499.541000
10080.787245
9930.697799
9399.614736
8965.491383
8743.807565
9318.270985
9232.586743
9629.136004
10253.866849
9582.347591
8651.515857
8832.317257
8232.250340
8614.023026
8857.960962
8617.157037
9141.099916
9731.342399
9206.715803
9765.433795
10065.631829
10062.790782
10447.033813
11024.592165
10834.179084
10818.317698
10576.529214
9836.099691
9127.114255
9685.913156
9470.788654
9277.515570
9845.893148
9989.429169
8803.056278
8843.362702
8714.911374
7943.611558
8131.215411
9030.443981
9020.825795
9608.937253
9943.287656
9649.678170
9190.543931
9249.912409
8380.234143
8867.159034
9582.449451
9491.767799
10200.664605
10761.639992
10208.750074
9634.012485
9652.379016
8400.214401
8289.640555
8752.426541
8443.208312
8692.711759
9761.029748
9304.723586
8986.357674
9507.262698
8832.854966
8193.135996
8830.031006
8392.578105
8705.159821
9944.997281
10541.241003
10682.837951
11450.307642
11210.222151
10516.902556
10269.914931
9764.500433
9342.930523
8890.339245
7974.805412
7844.401999
8159.257846
8353.082481
8924.730693
9458.738311
9511.894730
9465.981799
9584.279317
9381.370096
9759.448248
9665.505371
10774.443150
10268.508379
10012.437830
10043.631556
9684.453189
9108.728212
9258.443267
8808.763347
8808.763347
9165.296438
8334.538621
9056.062098
10458.418725
10280.485782
10670.648711
11626.374099
10599.067551
10393.076419
10877.131326
10645.717830
10213.981890
11041.605050
10192.238594
10170.202452
10270.070109
10482.022114
10409.830398
10237.768408
10044.156020
10063.474470
9450.396026
9041.298706
9322.256209
8710.151207
8741.414534
8968.210608
9074.161106
9296.256816
9468.006441
9224.105112
9018.993592
8997.245009
9209.636663
9568.595945
9874.576245
9788.926605
9832.746336
9483.065431
9276.554427
9545.346943
9490.224616
9630.727447
10139.971391
9762.029265
9453.062082
10175.492918
9766.262509
9925.663027
10516.351617
10125.534169
9755.031483
9873.587950
9061.570466
9011.744214
8671.288635
8524.199412
9452.136506
10095.362395
10064.396772
11110.756321
11352.117726
10343.410759
10159.082018
10259.212959
9784.311149
9245.487663
9104.858302
9123.480567
8433.469198
8542.817447
8809.051957
9149.674888
9637.108110
10040.436364
10143.595969
9987.492251
10249.830517
9765.352019
9459.547784
9131.647958
9293.877129
8941.134885
9103.604581
9281.350332
9190.833539
9693.141976
9818.048907
9315.157798
9711.895383
9365.425334
8516.871339
8273.173592
7782.644177
7438.944540
9060.554814
10062.085505
10199.190960
11270.681585
11707.043061
10474.095924
10385.588629
10160.321780
9692.011346
9594.926151
9663.789817
9305.497493
9599.179540
9686.217193
9508.338233
8861.892805
8662.877742
8969.172387
8722.063483
8900.083547
9681.080573
9500.224447
9362.932085
9718.883991
9615.929852
9440.877150
9493.023442
11195.529986
11741.427605
11870.278076
12078.959657
11699.416624
9841.101403
9419.506987
8829.278383
8922.761389
9881.443910
9453.742343
9053.901867
9291.155662
8572.821436
9029.332499
10303.150585
11125.195453
11662.579267
12526.802396
11552.061818
10643.899918
9410.540680
8573.586299
8638.731355
9417.311236
9026.762131
9692.118001
10173.227771
9361.206576
8573.776046
9039.507569
9348.397805
9135.892198
9270.227385
9417.377253
8720.850866
8044.784319
9126.859129
9335.884169
9672.912768
11041.213269
11528.000754
10734.833555
11053.326603
10254.053225
9954.230306
9763.684122
9679.269368
9638.671280
9479.235486
9417.057665
9523.386567
9079.783216
9126.578046
9751.441134
9548.309464
9270.376338
9760.810022
9511.203965
9385.168241
9366.637178
9375.924603
9073.150048
9167.044098
8673.139790
8258.270519
8473.699980
8089.043140
7702.616414
9494.150056
9475.303539
9510.008419
11146.437835
11543.125866
10948.307837
11813.901314
11908.176295
11180.220580
11551.390733
10874.422223
10612.528811
10168.603595
10262.355087
10259.356543
10133.598817
10318.010475
10517.852136
10005.484289
9534.165044
9475.855529
9347.925350
9579.007231
9591.398633
10531.482141
10633.043390
10214.056916
10020.250757
9423.853400
8596.049220
8991.435996
8950.564638
9062.824829
9866.082168
9213.374367
9458.372468
9995.338316
9951.437786
10273.500503
10110.845314
9360.558629
9544.614148
8809.932642
8454.086789
9518.642391
10216.936833
10085.709632
10963.165861
10726.274775
10463.600106
9961.148934
9877.105340
10092.672151
9989.126702
9964.543997
9802.311407
9236.616978
8581.444198
9255.714654
9393.127056
9837.030245
10539.888581
10596.006616
9981.031571
9181.326066
8927.125975
9126.937884
9823.202800
10457.505044
10769.570890
11152.788878
10877.915954
10215.545663
9669.304122
10665.728747
10634.770787
10366.272381
10966.381359
11739.996596
11121.906211
11247.434758
11138.187151
10467.337308
9629.655197
9251.855794
8672.625115
8769.899742
8435.906700
8631.857343
8888.348549
8701.536593
8273.553725
8820.139089
8308.269011
8211.261404
8432.031960
8175.438029
9371.980522
10754.855492
11021.308702
11247.440194
11678.238383
10251.412766
9642.229883
9707.792947
9815.095260
9987.086209
10249.338602
10286.586166
9993.149344
9640.779553
9631.535599
9219.008787
8778.872680
9166.478142
8841.343449
8785.184715
9188.297036
9275.507699
9450.386267
9692.405160
9698.747952
9595.348159
9504.822133
9408.202594
10189.556948
9914.331258
10307.836585
10876.411397
10045.160587
9635.116087
10184.557882
9753.971171
9522.890328
9819.476878
9360.157902
9275.601046
8588.774493
8189.069712
8875.846939
9298.522323
8964.642762
9857.431737
9701.486392
9117.500882
8523.389711
8850.919466
9453.998236
9900.241884
9900.241884
10767.592489
10017.782184
9489.998854
9484.014019
9468.283621
9627.569628
10642.275365
10873.523001
11145.537292
11276.802699
11162.424760
10772.670395
10335.145789
10888.208513
10500.922904
10191.825617
10750.528076
10572.615834
9791.878351
10272.839737
9987.936535
9638.088097
10334.311733
10368.640524
10443.636757
10511.332932
10520.656479
10745.834242
10904.693727
10799.076820
10713.256453
10338.210737
10116.541921
9941.609456
9922.670246
10366.874469
10344.777941
9726.640129
10160.686755
9773.465884
9837.675290
9944.044068
9944.044068
9553.626365
9269.461398
9165.713949
8762.278484
9671.169586
10027.343589
10045.478902
10092.156191
10622.512050
9898.489012
9479.579331
9748.209711
9337.590420
9884.589313
10068.782246
10181.538270
10509.188455
10971.514477
10928.133196
10996.644910
11146.660400
10700.185779
9968.276840
9552.619721
9105.957595
8450.107569
9302.952937
9443.737863
9540.203004
9871.438584
9987.263241
9493.581958
9533.418090
9823.647541
9720.760290
9883.219904
9618.068023
9819.985116
8773.742808
9514.022967
10069.522716
9898.172353
10017.426716
10839.500545
10054.924940
9470.989335
10117.474727
9958.335485
9504.982620
9233.529755
8734.079499
9089.794787
9291.955305
9663.647158
10750.389803
11103.268844
10369.135576
10485.864246
9811.366165
9211.630366
9033.648730
8927.517388
9625.759716
10006.712579
10125.405717
10778.209521
10615.795790
10116.751999
10650.946860
10448.011419
9979.141227
10381.954388
9855.555190
9124.508142
8893.383201
9318.028762
8918.258009
9604.352370
9860.518093
9844.850121
9972.736188
9913.546405
9034.339856
9253.015256
8837.868453
9159.520137
10090.379437
10393.495602
9965.512767
10174.733239
9356.437806
9581.540916
9621.097684
10008.279953
10539.513667
10845.382271
9889.868449
10073.493307
9761.246321
9370.845536
9711.092719
9951.510319
9519.771885
9669.880250
9335.444090
9007.370193
9172.973011
8918.826266
9490.418550
10489.989346
10065.308870
10152.439818
10804.745987
10377.086687
9880.622674
10133.439691
9477.862396
9817.554718
9320.878663
8971.362088
9230.788840
9939.727291
9256.493987
9865.581409
9987.399921
9749.631304
9390.876298
9121.127828
8818.384148
8784.161256
8437.375340
8034.273756
8288.262198
8038.955077
7703.995470
8544.271460
9368.953208
9703.230320
10296.364113
11667.666606
10911.681825
10621.047806
10833.202630
9986.513945
9698.969803
10573.174033
10155.005479
10044.355944
10919.153744
10394.392162
9898.005741
10469.270201
10196.644793
9678.281020
9575.377822
9066.279054
9715.830027
9636.047294
9545.462186
10017.145560
10588.409061
9898.578194
10296.561851
9975.426021
9581.645417
9684.477756
9744.006715
9728.811690
10529.350678
10585.773236
10274.419920
9915.387751
9376.681291
9532.876342
9420.719330
9498.573402
10682.798466
10737.434873
10215.693936
10481.752210
10318.726608
9709.684973
10212.552132
9787.514831
9550.287200
9834.408285
8716.311851
9184.732440
10174.860916
10415.609622
10628.041574
11255.436208
10603.186138
10041.040815
9581.927720
9397.722489
9297.700292
9705.037985
9701.903644
9511.575086
9801.884704
9801.884704
9394.365422
9144.602086
9238.442603
8716.831516
8591.710408
8769.659122
9294.045781
9715.813119
9762.647023
9734.468393
9786.704715
10642.135678
10442.088109
10698.900463
11426.245933
10994.803467
9979.257928
10709.931478
10651.041181
10641.365070
10332.045358
10827.826085
9866.853028
9432.419885
9092.094153
9686.087411
8855.418193
9236.346765
9717.468437
9426.958697
9491.352830
9126.130150
9182.240195
9235.115577
9488.379916
9206.589344
11104.850858
10930.291560
10895.932573
10924.517028
10507.792181
9458.469683
9720.623294
9002.258915
9552.105552
10335.831114
9930.445316
9742.960522
10158.036964
8915.291744
8682.275287
9194.483146
9744.302775
9791.054666
10172.191274
10471.933989
10428.633190
9654.043664
9800.620764
9538.314428
9033.146357
9492.034135
9997.999753
10076.172398
11169.413062
11775.259442
11138.596773
11032.595389
10105.154545
9795.661882
9066.817702
9644.390051
10806.139319
11731.173114
11580.783425
11684.701439
10579.474101
9504.792974
10151.379729
9829.936089
10494.405267
11147.075979
10247.944330
9716.739679
10276.164237
9145.639694
9401.540259
10585.335513
9689.001513
9492.159720
10499.873102
9684.762633
9000.674290
9881.597128
9731.648162
9633.822578
10052.703100
9983.479327
9536.956251
9696.171834
8875.110501
9349.895851
9993.395538
9987.291085
9712.219019
9592.702015
9040.223816
8799.663714
8587.487306
9411.577223
10835.872097
10685.560043
11185.656749
12335.332769
11419.916089
11073.641256
12207.643021
11695.619215
11252.381461
11692.284077
11101.126196
10707.429375
11469.641580
11401.383848
10892.044375
10628.465223
9706.431935
9568.560030
9343.312148
9558.525407
9993.302497
9781.018448
8847.007880
8925.247219
8312.466180
8162.905409
8993.771977
8703.366834
8559.075436
9796.255912
10075.144468
10003.427986
10836.912355
10805.672473
10156.213356
10511.557386
10542.928677
10639.941796
11104.498530
11498.736846
10968.733455
10215.776238
9675.655781
10418.514848
10531.337415
10430.192442
11104.410314
11042.196333
10102.235710
10286.507349
10023.152580
10213.726918
10803.599847
10107.434956
9326.766858
9798.289850
9579.969621
9380.087510
10101.229931
9857.534010
9634.187169
9989.844970
9565.282288
9340.846995
9193.759475
9454.165734
8770.182823
8352.221499
8614.085734
8851.091640
8395.186885
9153.813273
10184.278017
9944.084573
10665.817646
11271.966080
10247.767654
9457.560875
9641.657051
9141.919334
8599.695072
9367.893808
9209.022826
8743.650869
9493.022124
9444.127426
9060.276467
9478.415601
9412.658141
9112.851790
9428.726862
9050.350372
9703.547081
10015.851976
9462.621693
9949.604978
10009.049476
9528.074132
9887.251097
9824.760879
9742.399811
10032.935115
9476.985585
9517.348148
9855.119571
9061.306104
9729.781465
10732.297196
10317.184515
10816.968741
11270.170839
10548.467392
10042.559473
10114.274360
9517.749811
9983.385974
9795.968339
9624.182906
9911.537789
10030.238874
9291.954702
10413.157880
10319.328182
10278.938890
10513.216245
10776.482878
10433.142840
11082.701469
10670.360017
10651.856451
10893.571301
10341.224169
10181.797739
10181.797739
9803.993354
9925.948732
10753.804905
10669.629059
11115.946943
11085.056901
10723.337613
10083.079251
9583.331167
9380.637110
9461.450019
8959.120175
8437.877194
8746.687695
8285.258940
8690.770981
10035.145540
10653.937731
10647.559380
11306.310457
10741.212540
9969.371562
9535.476104
9672.542667
9632.309691
9934.901853
9662.646001
10417.916361
10849.343112
10390.309099
10568.083531
10565.152442
10077.879867
9828.001378
10074.849281
8956.837060
9373.373860
9782.243533
9220.098851
9373.372649
10887.859084
10532.459793
10751.187850
11145.130018
10723.171596
10123.840230
9559.972363
9744.428160
9731.765333
10421.960731
10462.854423
10796.520823
10371.961414
10481.585808
9556.642869
9409.735497
9948.842985
9033.839798
8621.610856
9468.149186
9892.812222
9598.730864
10498.277804
10704.476257
10344.868967
10960.120682
10990.573749
10819.231700
10827.841271
10734.834810
9335.590253
9592.953005
9920.782616
10299.025198
9998.951455
10577.135814
9633.596056
8774.531798
8540.356404
8287.565628
7993.835096
9387.472266
9240.575657
9634.237231
11092.761239
11527.326570
11355.356996
11757.937509
11299.039007
10486.864045
10099.610616
9588.198418
9844.394092
9922.265692
9619.475690
9956.836161
9736.444117
9473.655049
9055.329501
8918.000615
8593.258237
8262.423439
8043.635695
8137.713247
8218.337366
7915.744401
7768.263239
8077.850793
8412.259661
8596.048768
8827.503992
9351.033913
9594.589561
9551.262387
9225.867942
9460.362046
9518.619166
9125.322379
8684.327213
9025.109711
8566.367458
8774.430267
8880.735669
8842.942958
9036.864171
9142.817272
8404.881096
8657.957409
8941.814270
8413.984167
9082.251727
9679.679797
9177.069482
9592.266259
9380.147544
8686.817836
9320.473150
9158.365853
8577.003367
9602.093567
9486.360361
9213.842554
10422.166183
10359.635646
9747.459261
10684.442140
10191.654989
9479.138456
9894.691593
9769.968026
9788.494299
10348.828793
10155.552652
10405.479431
10714.267370
10099.046078
9936.887055
9958.989181
9309.123650
9987.115726
10365.106037
9883.890467
10062.085115
10333.316002
9028.179326
8737.429507
9466.913394
9835.320058
10397.014839
11259.500746
11306.144923
10984.196081
10919.105245
9863.341239
9497.971821
9538.438623
9366.976296
9089.120881
9389.070076
9220.170211
8854.654922
9357.124702
9185.284204
8898.062560
9075.812603
8954.551357
8329.558862
8154.344598
8094.992518
8138.705112
7925.515664
7702.954412
8567.695808
8690.056222
9102.303892
10044.898896
10075.978138
9788.551373
10044.446576
9504.377031
9392.083095
9912.805542
9360.444676
9619.683838
9538.610331
8983.349336
9213.118677
9619.068824
9353.255654
9444.146263
9184.711034
9359.591580
9299.850153
9012.667156
8977.955432
9215.923795
8063.723114
8198.337443
9516.334877
9469.596814
9675.673804
10281.953973
9685.366894
9585.718054
9775.987986
9560.511303
9946.803996
10249.675073
9546.551078
9706.060005
10096.472921
9808.597897
9864.910045
10149.160083
9864.909714
10389.630257
10276.392425
10169.864637
9492.138333
9395.245045
8480.537227
8866.430475
9053.738627
9478.429882
9790.724544
9993.775325
9589.296696
9011.623862
9030.429292
8780.387132
8374.769678
8398.842781
9007.767888
9101.854921
9445.149816
10197.813828
10553.143440
9809.998274
9837.929251
9250.949304
8882.407087
9167.496738
9504.474079
9267.337381
9704.560278
9313.961750
8336.872057
8723.870045
8059.156374
8162.087037
8495.746116
8092.729108
8738.120627
10234.396498
9881.405086
9969.015605
10841.836636
9795.580009
9730.123193
9870.553498
9883.049891
10109.715854
10131.542196
9410.000012
9931.719992
9394.447370
8993.371405
9636.547344
9408.564431
9205.500157
10114.434801
9709.952158
9179.445959
9513.553520
8722.898591
8367.233941
9111.278174
9061.437558
8789.909496
9701.809749
9704.967155
9006.321849
9521.876889
9343.770237
8781.454769
9347.166196
9325.676566
9119.415646
9737.911107
9603.516602
9216.304717
10505.781839
10523.940274
10084.080065
10721.623761
10634.129883
9831.293229
10150.006572
10486.936167
9959.472265
10318.404270
10376.637129
9586.709601
9567.787635
9886.205594
9077.316930
9610.423266
9625.980515
9298.127275
9466.984981
9470.016210
8189.434090
8820.249588
8523.752001
8099.281029
8761.127735
8993.965974
8372.435603
9299.671150
9480.849906
9012.496266
9943.775438
10556.200671
9949.726144
10315.987820
10712.550440
10120.931974
10417.405143
10879.318563
10633.543798
10523.300885
10447.599443
9884.996148
9310.324794
8870.177671
9169.685527
9126.931124
9239.506249
9629.652083
9679.637684
9486.271299
9660.748239
9276.318608
8883.029313
8492.579008
7998.293327
7922.798622
7864.216500
8062.906524
9047.112462
8778.347468
8582.360628
9166.653390
9256.906387
9097.480742
9744.200976
9419.614090
9441.170917
9310.029444
9047.798915
9663.127922
10122.620469
9704.163660
10075.693443
10019.232313
8991.948690
9154.144292
9082.185744
8420.273726
8589.082271
9019.803305
8612.717595
8818.754994
8596.533029
8353.277704
8709.248108
9089.207265
8845.501075
9423.409077
9273.457331
9117.348910
9791.183006
10109.738882
10025.256353
10615.642699
10243.929958
9545.540386
9554.994663
9117.803160
8799.383751
8905.257528
8593.036437
8833.236671
8886.311568
8792.538715
8971.051952
8646.289988
8034.103926
8774.262359
8543.129152
8158.887472
9004.523026
8742.019317
8564.857583
9781.989797
9988.078496
9746.130026
10286.439721
9961.469106
9533.870652
9043.098534
8611.754839
8658.562967
8208.769835
7359.173955
7790.741931
7766.141262
7672.406708
8552.871642
9289.772521
9049.074351
9677.314260
9193.179550
8565.971584
8818.515523
8381.153557
8053.920959
9055.788906
8987.377307
9043.041291
10130.323743
10035.023418
9772.980409
10416.459198
9319.945668
8976.825220
9423.745712
8992.906681
8917.879775
9130.281865
9092.813297
8670.171856
8929.157753
8841.713395
8882.431513
8657.793042
8951.156875
8389.421970
8264.295599
8264.295599
8211.400736
7445.600907
8257.927102
7536.429830
7857.719380
8532.357971
8988.786891
8567.048082
9591.617072
9254.365644
9079.521665
9781.056790
9590.346055
9371.872450
9656.329678
8615.965294
8230.042385
8941.928591
8598.116344
8592.298543
9391.944541
8662.814402
8419.092621
8438.009951
8122.632024
8153.879964
8193.820547
8396.508181
9308.560066
9042.718969
9071.308701
9714.628035
8859.232779
8439.707701
9280.455367
9077.140275
9423.458387
9607.640764
9192.362397
9479.374784
9991.810098
9731.452770
10456.237318
10606.280533
10452.792313
10434.256571
9993.166846
9518.309105
9640.133439
8909.400955
9112.174759
9899.296670
9920.662010
10776.087537
11319.156878
10653.659163
10386.681970
10386.681970
9381.209966
9805.991593
9905.937239
9823.006785
10388.440217
10538.741774
10004.343416
10129.494024
9960.641543
8983.503828
8898.868187
8492.832862
8630.418439
9919.931181
11000.385962
11125.606470
11618.619660
11453.228063
10556.178473
9856.310181
9662.847237
9575.371432
8988.085549
8507.012293
8166.503806
7975.938343
7885.459147
7741.673884
8180.012801
9097.983773
9073.292167
9304.482275
9851.054169
8870.986689
8702.014958
8605.392994
7742.726652
8040.189749
8297.641917
7709.770685
8831.335184
9377.854709
9143.516595
9961.236497
9658.546716
9046.599430
8927.742863
9280.700823
9222.597940
9775.017872
9394.177800
9925.152908
9769.172571
9551.638796
10341.881955
10404.477321
10188.729768
9985.853321
9783.194292
8912.085482
8405.868015
8527.534477
8721.499231
8666.321889
8625.634665
9387.933974
9693.847118
9240.983147
10561.284969
10548.798507
10520.630059
10495.686936
10799.047316
9649.888575
9853.357589
9334.637363
8891.401954
8872.379334
8360.831484
8597.654441
9934.706484
9553.831102
9575.798485
10393.647957
10121.918197
9981.477646
10686.655914
10783.687799
10260.092532
10075.918285
9141.966251
8204.908433
8395.772445
8435.754379
8213.587853
8775.694961
9210.012459
8872.644267
9096.352408
8949.614092
8780.679013
9383.262937
9274.425129
9387.666058
10093.549516
10196.470976
9440.632041
10149.875760
9883.213448
9636.403772
9776.995073
9811.416955
9520.884614
9784.189314
9759.466654
9393.973389
10059.070758
9649.936019
9530.737831
9892.916870
9452.800646
9589.844634
9411.827919
8925.026486
8881.252900
9334.204290
8572.043407
9043.167624
9227.178992
8739.986296
8786.471048
9270.876759
9030.660267
9630.902212
9599.998457
9184.243594
9196.741484
9094.037829
8772.088860
9593.404059
9877.845732
9334.446126
9905.883564
9731.261172
9575.263212
10477.468544
10846.119118
10961.281073
11188.395820
10332.548511
9845.350797
9648.813089
9242.851711
9628.761755
10044.070183
9313.540331
9360.637193
9316.831319
8582.020600
8837.972909
9115.925084
8722.121279
8528.409256
8534.236969
8287.971072
9399.950274
10255.433385
10567.908955
11021.603039
11018.354428
10081.328124
9612.754687
8976.074731
8898.994820
8886.335288
8268.256784
8608.298611
9042.438201
8708.715113
8852.131692
9239.828013
8662.123412
9192.974950
9015.378939
8484.175719
8843.282354
8596.410455
7903.824075
9003.136589
9318.478828
8746.695200
9524.754674
9711.975333
9016.936681
9878.853928
10243.988259
10178.587692
10996.690265
11251.395334
10929.276073
11213.753325
10801.377055
10557.951717
10254.412315
9511.380257
10373.377463
11219.512497
10789.101477
10966.725378
11034.695843
9514.090709
9395.065826
9663.749406
9158.496686
9511.544893
10573.024259
9852.003861
10267.128899
10867.375729
10620.687280
10511.441691
10652.136284
9618.494978
9673.237673
9604.579963
9335.841606
9401.509006
9292.258099
9439.354355
9685.838574
9261.534903
9477.060757
9817.152588
9140.407711
8865.763618
8297.508824
7937.273628
8010.024317
7583.419772
8595.749499
9410.930532
9257.893096
10085.542738
10958.973352
10486.820368
10989.776107
11502.311877
10955.907097
10826.647450
10695.732825
10301.998038
9896.188532
9240.212721
8510.347409
9420.322593
9251.461427
9747.787820
10182.243756
10975.433505
9707.428234
10150.954424
9876.062166
9704.501415
9707.371403
9754.332112
9041.999392
9129.700273
8829.959100
8202.282304
8492.341647
7936.076084
7608.777131
8504.719978
8872.433331
8822.391400
9743.904720
9606.247847
8928.592485
9403.436429
9062.540260
9334.744039
9462.500457
9312.986337
9521.091309
9864.773405
9567.941338
9870.886235
10005.055480
9741.860537
9773.006609
9535.842528
9588.634975
9704.449967
8705.691041
8630.723713
8893.242108
8515.551340
8527.294782
9085.393478
9119.592433
9060.516688
9035.029612
8944.340667
9407.303327
8810.345140
8745.246931
8904.337493
9169.677764
9160.566751
9394.741014
9807.125182
9982.149212
9454.219105
9399.352452
9752.468021
9262.271981
10146.202702
10252.947441
9894.501729
10119.445849
9728.999897
8841.944919
9366.724466
8839.774168
8690.139412
8886.496960
8724.038812
8571.465227
8614.245973
8445.663941
9342.008414
9410.468146
8945.018162
9248.301529
9036.023816
7945.965541
8277.315919
8883.074755
9005.570231
9392.973051
9524.212090
8768.725696
9133.583425
9185.591244
9095.363710
9576.170572
9775.820056
9416.856403
9423.064947
9251.215520
9232.498813
9269.909011
9245.108190
9095.102357
9151.086920
9113.504774
8976.531074
8663.654434
8697.648216
8547.980574
8625.525939
8966.116561
9746.801543
9906.184965
9787.572000
9618.999447
9400.232087
8582.168530
8389.170682
8363.519235
8532.461036
8229.898355
8532.460860
8737.653690
9115.902401
8669.391732
8981.624690
8153.951882
8374.685619
8808.556566
8855.179402
9223.846249
10532.321166
10020.820729
10074.118677
10982.526716
10692.350817
10439.587440
10996.806002
10396.953370
10331.833239
11143.950861
10647.144419
10454.328690
10710.189545
10448.262825
9401.550180
9661.009505
10089.937579
10067.889377
9721.150530
9918.208198
9334.147645
9012.246860
8472.097548
8131.652642
8843.434341
9068.547337
8805.228217
9426.305247
9745.174639
9110.966255
9086.432652
9285.556981
8670.175940
8554.268891
8470.454588
8173.825728
8461.208157
8870.783558
8695.753498
9367.012394
10094.901764
9252.366184
9699.136529
10117.630485
9552.332587
9614.499683
10239.684320
9774.128535
9721.095856
9180.925234
9146.406451
9502.022020
9127.015251
9792.248038
11044.380235
10916.506431
10935.039033
11509.364797
10841.508807
10866.430151
10510.175160
9845.396517
9845.396517
9145.960403
8446.205811
8958.449356
8967.738414
8886.315933
10516.968784
10888.430735
10513.799643
10749.542247
10618.390700
9222.532276
9431.626068
9412.701491
9127.978669
9902.562400
10393.038310
10002.795576
9952.430018
10329.431196
10185.235386
9676.615024
9829.705009
10356.972957
9977.468311
9596.274476
10140.042822
9737.290596
9780.952598
10132.846851
9679.594616
9594.819952
10241.673048
9591.233435
9520.606168
9801.787867
9602.165682
8933.527110
8905.241789
7872.319673
8103.670981
8625.610515
8532.144413
9306.659711
10066.318680
9719.606822
9741.526560
9560.221148
9420.032445
9425.564068
9557.119989
9866.477820
10637.842128
10540.743152
10697.271603
10971.725026
10219.153316
9779.115082
10166.342874
9813.957645
10182.502919
10885.316488
11403.346284
10582.207520
10989.627937
10124.553397
9830.968334
9746.506074
9821.573465
9987.188501
10146.080560
9621.529302
9646.412584
9465.590078
9018.269628
9642.790255
9886.270302
9755.190136
9942.635883
10509.270352
9822.134075
9744.239847
9919.234883
9815.951610
10410.163646
10937.840900
10647.528059
10332.121875
10790.972159
9544.719873
9638.151530
9850.714300
9551.004318
9638.152459
9558.640851
8971.459245
9445.959974
9674.118401
8830.966692
9964.320838
10529.839763
10007.839084
10457.764566
11288.417631
10798.757117
10198.606915
10508.003654
10027.001171
10420.211530
10080.744493
10277.287945
10324.234081
10033.695028
9459.055267
9262.767623
8825.392097
9112.879989
9231.821030
9300.168773
9710.677798
9676.591597
9120.619939
9932.494628
9939.045409
9402.779754
10705.587230
11383.114931
11173.248260
11230.070429
11379.503226
10065.281886
9705.895369
8850.185127
9072.131738
10116.601696
10172.821678
10316.801687
10959.675168
10469.287324
9807.758452
9876.431249
9382.625247
9201.603301
8705.374294
8714.421819
9979.313621
9816.832298
10123.174489
10859.754333
10593.625047
10003.501389
10406.207228
10150.228632
9869.044135
9743.593569
9381.142689
9503.218359
9290.553483
9587.368671
9740.301638
9453.322845
9125.288580
8947.237024
8690.990416
9073.829963
9067.766295
9857.623574
10513.776067
10441.609212
10539.888347
11005.522445
10155.781185
9968.609115
10021.334992
9347.692470
9597.211580
9844.211620
9516.231473
9459.924291
9594.559532
9869.625740
10200.492885
10684.537268
11615.697304
11922.149886
11241.154799
10794.096979
10244.363887
9157.837751
9142.479001
8705.682137
9024.554239
9821.404028
9853.287194
9819.428454
10490.924749
10138.072146
9963.068890
10197.195530
10255.303044
10055.503921
10549.036216
10286.660805
10571.273418
11008.641641
10890.433228
10256.046684
10425.171805
9619.226814
8945.079989
9410.524337
9407.597434
9035.728636
9438.810690
9019.055681
8688.522787
9140.949976
9331.527087
9949.537693
10394.009772
10159.555113
9788.041178
9725.792652
8645.211912
8632.194281
9066.997561
9157.493105
9188.777846
10025.508505
9685.442499
9932.296187
11100.502995
11375.166111
11350.223735
11628.655456
10857.741747
10236.023103
10791.765617
10614.218131
10589.327814
10776.742146
9774.226958
9693.068773
10130.424394
10780.027754
11276.715594
11188.811401
10089.708820
9811.641550
9431.768825
8994.630215
9478.577251
9153.738336
9138.303657
9821.326149
9593.167280
10065.099827
10998.586676
10408.691041
9400.583097
8879.125107
8401.204985
8307.858963
8013.750363
8706.056834
9918.269707
9918.269707
9693.071941
10602.037918
9912.784205
9687.702185
9625.353584
9347.655540
9394.317929
10365.593412
10059.176422
10327.977667
11307.600479
11011.214001
10484.983944
10572.453066
10319.256111
9576.219606
10125.649680
10003.515948
10168.705819
10856.264030
10905.819285
10140.745461
10100.781049
9594.740921
8873.300565
8789.241602
8342.941933
8388.869274
8751.065166
8769.744177
9247.337632
10034.303203
9666.955244
9682.699582
9573.367908
9251.493307
10160.170859
10506.505399
10796.953463
10900.255361
10959.427021
9781.845997
9408.166905
9177.183895
8893.028611
8306.281420
8942.461931
8734.780253
9362.371502
10340.257302
10911.402087
10970.545056
11280.099558
10908.725681
10655.484056
10280.670076
10230.578280
10368.238050
10178.039134
10255.864339
10312.360079
10290.478876
10064.194974
10297.964610
10001.636157
9988.571187
9782.526630
10092.269400
9526.539218
9520.500636
9195.655026
9298.687401
9819.566796
9601.313979
9781.989797
10112.904214
9245.046739
9921.559771
10496.560012
10415.493357
10615.217177
11193.165992
10019.543796
9448.049299
9757.447438
10150.775355
10066.380607
9904.271012
9919.706591
9844.649327
9497.970793
9366.784827
8876.716050
8808.170231
8957.899856
8464.485551
9182.739907
10270.045933
10641.743195
10476.217502
11397.265313
10857.497850
10955.772378
10733.539771
10003.075629
9781.173439
9896.736250
9152.309680
9911.173492
10554.782906
10298.506422
9873.559699
9840.215816
9259.064670
8631.128055
8840.527913
9049.606568
8740.366438
8818.674684
9314.976905
8921.425459
8962.228446
9914.696276
9355.819114
9452.925216
10083.406616
10008.398548
10275.424043
11102.566299
10731.253662
10643.234039
10640.590748
10119.764595
10316.920430
10260.200570
10338.500546
10097.674241
10143.913446
10318.589647
10381.091101
10106.439058
10531.144002
10157.270140
9710.593480
9270.328877
9051.681597
9326.714141
8839.492648
8898.874101
9732.633961
9373.776600
9567.317337
10859.648503
10769.214629
11110.417754
12037.453722
11053.384518
9990.393966
9925.110688
9640.816766
9085.105488
9259.913445
9578.406426
9606.433059
9128.690279
9094.613559
8751.021582
9280.751658
9346.532001
9486.894630
9873.903558
10073.994428
9302.177743
9351.796477
9133.372773
9161.300344
10220.205875
10431.642338
10178.710582
11115.233808
10519.041302
9816.314606
10156.320071
9594.035913
9160.118516
9584.744089
9647.281108
10320.790802
11289.492194
10942.530984
11273.849354
10973.872552
9926.038531
9492.119307
9064.079677
8795.974314
9189.280863
8800.334464
8921.932363
9349.861988
8822.070989
9171.599103
10243.900514
9900.165025
9438.362739
9891.231807
9297.769252
9233.363385
9330.074422
9651.506907
9920.350797
10635.362241
10417.867170
10867.698531
11092.800059
10449.462949
9887.066977
9595.982055
9171.152839
9224.355183
9096.569839
9221.597956
9285.981224
8670.599859
8726.640326
8576.564271
8080.204687
8251.485396
8986.043773
8517.231751
9894.516196
10643.728294
10243.138215
10739.564205
11185.926719
10302.041000
10011.692191
9785.089985
10294.492902
10512.778996
10546.930252
10378.406226
10482.817997
9342.530590
9170.372031
8951.486580
9548.265618
9811.812897
9761.850179
9305.821228
9552.600042
8999.636069
8984.728031
9287.264089
9571.493150
9431.181188
9534.208698
9399.477779
8849.759466
9165.552752
8828.019577
8424.888755
9399.169591
9898.754993
9695.691436
10667.062472
10801.357028
10356.747414
10497.814144
10035.130608
9770.108018
10790.984882
10634.934155
10975.401976
11772.538830
11622.343575
11447.560240
11622.085692
11469.069823
11583.727668
12024.033302
11746.322230
11544.046848
11044.423067
10242.516142
10326.764035
10039.283615
9686.482326
9839.999402
9817.838789
8993.571397
8809.038874
8698.863819
8521.099559
8542.903147
8876.932221
8920.369103
8788.948399
9488.560780
9750.794714
9719.622690
10079.052837
10373.122464
9822.992122
9860.650633
9569.999121
9273.526669
9337.389223
9038.353377
9690.877890
10218.445200
10234.224873
10647.653912
10607.165910
9972.983653
9907.450016
9404.822106
9435.189927
9560.121036
9469.800260
8988.625510
9647.733847
8977.013112
9626.495260
9326.747413
9370.351397
10219.797942
10826.312424
10492.196490
11683.057942
12213.108778
11284.955049
11172.209049
10931.414385
9813.602189
9644.824444
9169.986505
9504.144153
10613.081023
10928.321588
11127.512502
11655.662130
11438.529865
11063.452208
11644.724113
10879.056330
10639.362448
10635.532752
9261.817705
8871.559160
9536.642161
9611.662256
10104.915197
11898.021637
11947.870156
11772.774679
12260.087836
11423.940858
11010.518487
10814.313542
10739.539930
10139.868662
10660.455351
9792.240817
9458.233633
9773.478824
9470.681076
9249.990974
9815.342202
9565.322419
9618.760788
10696.078566
10144.706088
10019.568482
11062.900753
10138.568795
9594.792902
10685.054131
10654.327950
10223.089595
11075.278612
11238.028571
10432.758780
10582.528378
10301.505399
9685.975113
9773.641202
9737.165453
9199.949160
9721.258367
10605.469823
10789.642114
11365.454005
11748.858496
11561.354788
11462.657918
10968.818803
10616.214827
11469.316979
11353.804691
11506.349348
10847.402274
11218.254658
10687.068471
10028.708795
9341.863145
10107.014028
9237.021427
8937.381543
9539.863998
9380.913381
9737.100073
9862.280301
9909.319488
9553.280881
9815.620720
9484.856899
9750.997913
9551.349444
10075.901984
9735.552050
8976.778938
9040.914994
8987.821559
8388.574852
8825.064408
8971.884842
8917.125511
9260.723463
9219.790976
8970.377885
9191.854050
8484.097643
8562.160195
9705.398829
9668.146111
10379.934198
11253.187813
10575.321200
10409.829503
10934.591926
10269.158260
10364.577229
10951.522899
10507.897493
10195.499532
10033.269873
9696.166906
9508.690402
8833.933747
9221.566831
9330.725934
9073.464357
9235.528332
9641.811295
8748.270026
9017.426910
8940.797042
8307.160095
8509.034293
8462.605844
8110.164419
9102.527288
9586.603129
9555.159043
9964.385569
10254.680552
9540.913807
9712.923375
9325.745530
9238.289846
9550.655776
9189.059767
8492.510544
9054.728865
8945.201631
8389.451649
9418.835512
9734.043878
9422.016086
10040.377831
10440.008974
10394.054384
11031.456224
11649.014629
11390.059244
11387.323320
10134.178948
9853.675707
9334.855854
9088.266428
9100.446243
10059.224047
9812.631095
9587.770784
9856.337201
9075.223010
8613.159339
9359.608418
10277.664134
10027.932395
11133.342102
11684.611217
10841.634982
10635.168622
10878.790621
10285.577770
10209.049573
9906.068865
9143.975231
9490.608970
9965.419985
9567.230367
10794.396300
11616.117254
10869.247575
10416.735423
10496.414002
9041.011475
8506.711564
9050.066027
8825.172341
8748.566816
9807.640794
9810.800462
9230.149241
9679.474678
9308.936905
8537.794435
9305.816384
9555.629682
9639.942150
10436.293906
10370.667922
10092.955280
10561.319677
10217.698662
9844.164791
10700.030197
10199.989492
9462.859551
9619.265677
9591.606280
9060.880104
9172.942480
9269.947671
9601.419848
9588.657079
9329.407877
9954.204670
9832.371969
9573.355657
10308.162810
10342.712778
9614.762074
10586.142913
10773.601562
10041.656200
10919.234461
11253.443419
10847.199374
11084.820440
10982.986623
10711.969810
10995.868144
11176.249422
10982.288357
10841.662497
10472.826557
10042.107203
9308.138240
8524.102740
9145.988084
9248.879790
8783.996809
9580.322975
9920.411196
9182.278078
9297.932305
9375.886317
8663.681816
9304.296804
9114.205152
9217.276777
10054.437950
10175.867241
10057.289643
11568.095115
11376.859026
10705.920001
11283.532607
11124.417606
10520.538279
10254.968895
9964.708044
9358.865497
9308.815245
8279.401720
8904.245381
10153.498207
9953.665336
10137.986476
11348.363275
11070.211623
10713.820211
10504.623355
10691.693821
10934.155703
10562.141371
10353.327802
10930.540245
10287.340483
9717.567022
9917.773480
9327.326273
9705.226655
9726.974373
9362.621965
9244.096803
9043.620114
8175.481820
8575.512910
9261.800445
9467.937065
10198.480339
10639.403919
10217.284988
9730.428838
9514.955142
8871.697863
8989.982137
8302.476448
8100.701293
8472.562577
8300.703307
8163.268088
9287.512872
8977.875650
8475.227114
9787.286143
9384.018439
8613.033443
10248.767464
10923.376006
10201.543579
10967.367826
11463.717267
10421.913923
10856.465611
10946.545036
10418.531665
10841.069833
11008.671255
9934.484665
10331.500291
11077.379208
10181.608486
10303.497637
11231.419443
10575.756086
10572.482389
11034.544493
10737.671265
9963.040669
9510.440655
9038.957954
9956.859030
9745.427461
9873.346912
10607.393448
10101.369811
9036.506456
9410.061844
9269.673761
9313.437072
9453.993611
9419.779471
9624.685946
9933.809299
9374.947997
10249.563494
11295.820359
10768.755524
11131.933714
12049.292194
11580.812113
11284.122679
11256.464593
11229.066026
10919.322200
10647.517624
11119.408399
11514.452920
10986.932917
11073.669438
10777.063278
9765.107079
9559.990319
9503.998376
9335.174418
9416.442582
9169.593497
9362.730277
10243.512326
9753.220987
10518.211547
10792.885995
10508.275195
9262.130697
9671.164357
8815.627015
8331.683979
8898.023076
9422.886225
9194.697479
9934.799651
9941.345697
8985.827274
9291.514830
9460.121996
8735.732487
9363.407288
10426.455951
9426.761800
9283.411135
9886.098456
9002.390944
8840.034391
10145.509607
9961.130547
10260.983894
11182.765909
10680.422319
9880.677833
10274.454967
9574.782968
9124.963169
9054.429547
8601.769947
9048.090725
9829.021590
10144.409618
10082.956519
10864.376218
9983.163972
9430.612649
8746.255843
8703.732613
8494.018325
8784.857696
9099.875970
9746.539187
10573.453590
11535.602813
11491.341488
11247.914299
11338.569537
10900.911909
10035.367837
9804.786573
10204.339472
9607.769731
9418.018641
9268.122290
9227.266917
8996.357116
10295.685678
10803.664616
10779.114983
11372.830594
10894.272708
10182.531011
10087.246981
10118.800000
10271.570960
10162.546535
9787.742318
8902.473976
8890.161964
8508.636474
8739.932470
8490.519784
9939.282795
9780.012875
9732.754729
9623.648730
10104.875543
9406.399091
9146.808421
9193.818125
10068.304529
10018.264935
9990.536642
10559.311249
10581.141160
10221.807389
10096.866399
9707.887028
10057.658083
9676.808142
10123.513100
11098.048707
11211.201436
11214.337840
11754.250593
11023.980582
10036.558281
9914.149394
9998.472377
10004.743443
10092.445070
10239.040535
10162.548323
10040.844524
9878.419436
9091.133779
9138.203232
9965.148870
8884.452232
8816.031787
10096.305416
9927.307282
9225.804299
10509.764690
10587.592041
9978.792212
10228.961956
10213.549120
9582.523244
9735.716827
9773.057283
9504.421820
9838.256023
9601.391123
10091.594880
10319.112192
10175.467444
10301.288346
10713.626807
10317.184067
10360.527109
10789.058556
10620.064856
11082.328323
10872.957411
10460.769399
10544.961980
10364.705315
9780.477105
9764.529392
10136.311507
9455.321276
9553.487515
9088.293864
8548.118324
8425.785742
8647.837573
8185.159008
8781.569464
9062.427479
8900.252275
9347.257163
9702.481924
9493.089814
9411.833924
9583.501347
9461.626959
9354.614511
9714.040788
10485.242287
10288.516718
10344.478982
10549.664893
9765.740506
9285.345551
9356.833097
8941.513153
8880.373244
9142.466325
8683.168800
8508.394848
9467.585879
9219.194353
9010.320291
9375.817797
9266.916443
7792.411391
8683.757557
9639.859316
9362.070371
9689.997560
10317.752490
9487.579047
9187.942405
9315.625169
8766.056578
8862.707676
8872.216358
9018.875334
9424.628678
9765.101458
9587.408807
9584.063489
8644.608425
8488.303818
8259.738525
7866.312382
7768.221930
8009.340415
8024.617983
8851.843603
9033.418874
9667.610297
10641.754976
10741.654429
10395.039413
10620.073298
10172.934539
8995.414685
9029.755837
8695.647732
8576.573488
8923.075025
9856.676068
9510.368578
9806.828585
10500.020163
10249.161083
9908.573805
10292.752047
9768.096545
10217.679600
10867.102172
10757.720668
11450.838232
12363.773974
11403.748111
10899.407345
10352.716522
9312.556736
9068.740371
8887.412838
8930.252310
9970.097479
10373.607667
10167.266405
10448.588314
9786.848548
9355.713974
9046.742026
8868.303662
9155.839135
10230.811775
10062.626042
10458.818414
11148.901450
10523.994496
10273.518593
10735.524432
10101.483854
9430.414772
9995.349404
9505.036597
8952.080597
9146.133650
9168.204083
9136.793779
9072.643406
9687.460797
9690.969665
9853.654189
9612.758589
9478.113545
8862.526854
8397.140326
9268.828575
9955.799899
10047.519760
10303.435213
10800.693406
9444.899346
9245.246149
9425.434923
9244.848590
9250.946791
9594.269537
8972.491470
9224.001737
9233.485719
9192.922078
9814.428857
9786.445347
9039.241621
9391.914790
9716.553968
8701.521938
9214.045335
9658.070789
8755.266274
8605.561968
9392.578674
8849.181485
9020.391724
9638.869928
8923.960771
9089.285700
9948.156347
10067.618679
10164.474228
10492.352036
10058.160448
10342.547192
10342.547192
10245.334394
11023.571563
10989.162160
10273.966179
10509.541933
10753.291351
10812.401805
11059.472850
10987.933337
10717.723166
10577.620550
9378.075211
9849.330691
10190.393463
10343.193470
10243.429041
10689.722519
10352.939066
9671.644681
9423.627516
9245.752989
9055.082073
8805.395853
9017.790533
8475.221189
9018.874530
9337.027877
9112.403241
9121.813527
9479.938070
9148.753903
8774.088673
9108.090949
9073.489549
9189.719644
9642.609826
9833.193935
9711.191100
10579.691871
11204.619053
10979.712535
11135.526145
10904.442260
10080.445032
9675.871726
9041.681117
9279.342384
9247.791442
9235.156640
9073.174968
8907.375475
8573.311667
8682.553210
8607.491823
8288.743734
8620.248391
8763.646351
9182.347993
9191.785163
9501.175359
9420.160126
9091.945957
8885.661298
8464.274153
8688.330513
9880.916613
10318.124645
10230.566156
10642.687122
10155.934947
10505.730281
10158.907678
9975.226636
10727.292350
11073.426369
9487.083983
10374.162838
10342.808385
10124.257946
10354.111159
10731.911943
10594.257197
10671.626762
10381.862250
10342.309655
10463.792557
10054.855277
10126.485305
9995.429483
9640.122685
9636.976843
8887.301152
8846.856568
8431.723034
7595.873545
7973.171554
8725.815571
8110.468410
9216.315155
9948.269939
8774.043280
8854.983116
9732.601781
8945.605107
9769.883856
10197.467980
10004.033350
10172.760105
9888.326673
9042.657166
9608.175600
9736.541092
9730.200384
10414.169085
10842.540503
10221.322133
10171.461298
9184.388252
8566.350649
8829.718540
8895.137918
8626.290905
9179.573011
9232.483134
8233.162486
8867.661941
9199.104562
8945.811675
9314.328360
9856.553374
9200.790411
9266.530810
9485.263372
9341.564947
9754.817578
9969.984000
9258.141942
9761.088736
10592.026566
9871.913918
9949.791316
11036.669222
11133.604807
10403.320542
10540.634612
10213.115787
9597.412907
9091.545536
8657.781835
8712.783413
9799.300473
9427.903548
9634.062510
10217.923188
10147.485107
9601.417162
10069.303590
9301.078309
8745.418187
9082.024228
8588.926523
8616.800079
9575.779620
9438.388395
9471.972658
9975.228457
9456.263548
9365.874381
10040.537469
9161.067746
9204.691762
10097.985527
9351.546788
8883.291834
10212.970472
9819.144529
9175.700352
10253.391701
10671.170611
10120.458444
10476.353126
10539.170982
10345.016332
10688.712889
10195.668046
9992.729490
10645.133841
10005.020874
9620.932745
9902.784876
9940.214617
9817.810929
9895.798210
9782.897659
9648.337618
10060.415986
9257.768683
9086.319711
9273.472522
9855.727689
9059.515054
9411.885381
9536.970024
9127.737291
8597.341820
9085.240279
8710.177572
9138.256646
9316.075576
8997.696319
8738.158959
9228.947301
8310.135935
8382.067972
8961.064828
8630.332343
8873.581332
10007.392265
9620.155597
9580.680408
10173.971964
9739.594701
9146.266884
9495.881883
9342.898683
9018.242770
9127.433065
8880.847187
8918.201476
8581.663386
8949.835064
9199.853496
9587.079662
9458.975763
9682.710200
9120.363848
9229.933600
9092.182504
8895.482922
9146.509986
9012.255649
8690.669453
9121.535193
9449.447912
9333.457590
9664.080608
9498.700705
9776.575874
10117.193197
10123.385256
10669.841352
10410.393104
9673.351228
10085.632602
10634.284022
10243.655177
10731.073887
10337.160254
9906.297286
10044.035233
9859.978118
10678.319186
11421.557998
11349.852187
11304.155458
11167.382796
10376.103745
10232.242869
9401.554986
9254.715698
9413.687347
10531.915282
10650.995831
11144.401718
11119.780683
11238.082374
9898.622337
9445.489013
9102.297551
8654.979323
8352.413248
8695.623864
8645.680193
8876.646594
9051.066071
8988.690287
8663.763760
8991.961297
8685.636820
8180.366302
8521.053716
8530.549389
9132.968907
9176.789052
9167.752328
9426.454558
9570.194212
8752.341180
9082.931478
9059.125491
8743.377127
9217.887154
9152.418926
9558.442942
9720.696724
9161.455084
9380.474748
11075.597388
11123.303139
11512.679296
12767.595993
12059.169023
10668.882173
10700.180703
10258.997911
9290.753720
9465.881643
9381.299517
8616.145745
9011.324306
9348.607634
9039.717619
9198.864516
9464.154876
9650.724200
9894.567881
9622.964309
9704.280712
10247.689964
9377.587899
8924.916739
9774.131553
9221.591600
9349.453107
10639.491893
10767.366202
11007.467047
11616.575832
10985.922329
10504.871717
10258.081724
9514.930571
9974.198207
10379.832633
10392.340177
11319.564469
11457.557476
10988.970401
10514.080809
9785.141014
8951.142167
8967.488456
8193.643677
8481.106146
9645.025861
9563.876754
9860.633654
10841.526773
10179.317469
9995.358652
10304.185497
9823.428241
9826.660930
10451.159120
9768.470527
10320.751369
10146.073447
10146.073447
10580.446261
10556.145293
9837.366643
10271.395075
9490.762570
9166.421743
9481.428844
9419.273799
9041.193304
9572.122672
9031.994740
8891.232577
9150.055551
8900.101353
8928.383434
9034.408608
9110.937456
9895.011007
10226.201788
9885.599853
10722.677455
11454.574504
10592.956894
10655.291600
10561.515069
9821.408938
9144.440521
8523.136287
8201.805455
9188.345701
9363.061745
9350.666440
10790.399820
11205.576550
10534.459052
10578.408858
9971.095014
9353.057472
9618.928535
9612.581579
9781.288935
10850.176938
10634.730934
10469.174781
10531.595202
10297.260682
9553.094158
9646.674326
9690.623879
8984.962649
9181.429440
9383.227041
9567.845452
9249.143572
10030.067730
9770.884159
9403.315702
9387.692264
9700.021219
9440.656375
9216.033265
9276.896918
9020.874981
8658.878053
8180.760712
8503.077761
9001.747820
8605.416005
8936.600602
9170.268572
8602.481580
8617.362565
9104.736271
8586.406024
9035.843178
8814.162019
8789.794596
10176.173146
11438.475624
11354.178593
12099.452498
11963.001332
10494.440077
9632.787871
9242.174846
9120.387958
9212.266773
8577.879552
8721.778551
9555.733749
9433.731288
9296.307875
9914.380113
9183.646003
9246.259461
9411.617365
9527.885972
9899.575877
10293.449316
9640.472635
9690.619856
9506.248647
9709.545993
9856.454659
9684.642768
10378.000657
10754.433330
10589.094460
11413.464364
11891.003806
11672.963570
11532.203719
10988.991154
10929.285713
11172.822637
10651.606944
10929.957375
11611.181063
10427.447318
10390.020807
10586.430782
9692.188937
9598.452868
10651.236904
10085.601966
9857.487483
10160.886405
9083.227821
8792.706807
9048.890035
8299.745395
9129.711746
10616.096801
10184.929037
10478.665673
11281.762366
10531.106416
9846.672902
9556.597289
9519.054239
10068.744581
9799.145125
9955.638069
10758.423325
10486.775368
9774.861226
10164.172491
9439.544412
8946.029788
9261.721134
9377.058541
9067.834877
9942.262946
10319.855466
10276.605682
10604.506894
10545.874043
10008.788587
9768.637404
8925.340218
8631.322915
8833.574065
8596.166408
8874.165753
9317.896911
9161.496657
10090.074361
10583.180495
10721.172776
11095.481747
10605.476118
10338.942168
10132.542979
9223.706308
9633.102610
10835.312170
10204.263083
10582.167919
11809.256111
10925.950549
10544.720048
10517.210670
9942.483567
9536.591320
9867.668549
9276.982913
9920.381057
10164.107739
9857.840441
10285.879067
10644.719558
10504.272733
10654.154056
10747.803847
10101.147303
9629.564167
9675.697911
9129.111710
8657.741615
9260.391889
9741.198746
9024.406647
9717.653073
9998.748038
9314.721889
9105.655026
9065.927297
9137.750558
8922.058099
9121.894545
9618.809560
9581.979259
9663.174089
10068.970000
9872.210220
9803.920014
10385.791227
10244.743890
10054.636390
9889.030663
9723.537854
9362.150234
8490.942426
9034.020472
9608.611890
9683.821180
10517.010333
11535.407683
10826.072273
10576.477627
10582.427847
9911.640863
9583.539942
9840.002440
9848.704510
9484.035816
9860.552209
9242.203014
9632.810675
9760.609221
10154.222715
9777.399214
10133.315260
9308.889086
8905.814573
8262.682406
7722.869308
8166.672094
8108.477714
8008.245324
8594.982228
8637.955516
8206.691142
8818.945657
8999.897296
9090.505602
9859.537537
9522.233638
9544.306554
10087.163909
9453.633656
9297.393133
10618.312136
10689.957189
10440.324220
10934.004921
10891.078512
10469.223676
10256.684260
10175.502718
9988.162776
9439.929448
9005.804978
9327.562721
9077.617484
10133.263729
10850.099780
10613.027574
10713.096079
10406.624750
9619.557899
9803.683588
10325.280968
9772.143360
10296.701968
9781.556921
9205.530229
9458.751880
9489.852289
9299.145823
10208.455667
9960.059621
9688.201730
10063.548206
10131.811263
9875.614932
10274.215345
10011.546754
9564.828394
9686.484431
8918.449090
8909.166195
8483.985565
8142.939225
8133.339513
8805.000528
8620.993226
9148.516598
9023.888509
8717.932597
9117.589042
8872.514043
8913.043061
10128.175932
10718.175689
10312.316286
10958.964682
10746.368086
10430.734992
10511.981516
10290.284860
10532.067117
10522.536959
10478.998794
10144.928003
9957.734741
9629.688476
9620.333708
9495.318848
9398.916738
9629.689047
9846.848388
9844.237097
9966.036568
9816.034135
9475.534427
9080.557375
8571.583256
8230.601974
8646.479555
8424.664062
8418.463020
9170.848497
9555.299463
9358.639834
10251.937872
9752.637498
9443.434463
9215.524618
8531.664571
8434.793673
9589.212951
9561.113566
9170.511122
9789.131057
9286.456540
8321.817979
8989.707636
8896.221193
9192.908383
9720.641208
10360.878912
10414.053294
10560.793518
10357.330116
10011.016235
9662.129219
9099.379487
9168.558721
9402.612910
9658.749681
9726.246321
9416.994794
9907.219462
9594.754850
9526.070818
9841.916653
9916.730512
9373.429758
9198.525201
8848.722058
8609.469078
8653.389723
8378.290061
9018.810561
9224.634337
8744.241972
9368.429237
9699.778750
9271.592966
9993.358436
10927.708028
10447.000746
10846.230094
10537.455828
10321.233310
10085.685613
10017.086934
9767.076388
9948.343671
9005.237540
9727.915687
10121.665798
9946.895480
9984.173853
10661.824473
9145.708428
9514.371721
10519.825886
10576.294815
10626.192817
11379.060590
10483.313202
9892.980237
10086.347525
9530.800061
9356.045835
9137.513628
9209.401881
9740.079411
9899.371511
9914.636143
10605.288840
9730.636051
8796.810218
9558.781460
9485.510570
9257.234694
10968.880059
11184.260356
10962.041704
11014.815399
10770.817178
9615.312801
9471.776877
8740.800760
9663.046591
9790.954048
9672.132920
10191.020343
10390.782150
8957.183519
9525.426657
9553.600953
8688.923231
9356.772550
10530.232471
9861.477471
10445.955357
11247.951712
11001.366488
10536.187987
10332.794262
9748.679906
9808.337202
9215.143924
9080.208892
9892.243802
10042.147076
9589.091329
9754.737504
9662.983923
8884.995388
8663.250138
8903.862591
8631.627155
8101.830782
8842.197641
8948.786388
8763.965902
9145.337079
9286.286732
9458.095207
10120.086691
9870.209783
9963.967736
9804.804998
10085.605969
9948.263465
9867.249820
10019.905213
10789.355115
9814.558714
9811.443858
10342.453713
9898.880333
10012.156756
10221.368038
9384.152000
9284.741867
9931.140333
9095.023075
9238.623174
9916.035421
9506.568231
9941.295761
10522.758802
9867.424000
10654.371334
11113.037385
10285.743775
10341.239867
10853.179407
9697.544857
9556.986792
9775.407564
9775.407564
9672.386959
9400.722276
9931.769486
10334.311733
9755.649547
9958.953665
9993.146885
9199.989356
9546.220086
10541.931724
10614.030991
11313.969566
12066.007758
10826.156247
10684.908564
10735.163327
10291.654011
10622.425004
11325.563577
11120.230550
11014.276342
11073.336146
10102.060406
10380.041070
9755.184411
9449.057478
9630.181228
9795.814861
8780.651101
8998.360300
8617.192816
8670.463591
9188.904583
9001.212020
9632.663059
10572.480148
10410.076207
9825.917300
10150.867821
9473.673231
9595.464428
9574.110832
9567.625294
10098.333157
9969.700167
9660.756604
10272.839737
9842.001834
9720.025463
10360.136759
10482.412585
9563.773597
10351.051767
9545.118540
8977.958861
8971.916495
9031.676886
9281.272504
10486.723800
10722.725793
10738.502059
11025.673046
10332.293725
9645.137105
9590.065355
8874.745400
9184.045593
9418.496551
9196.522237
9432.353547
9532.371327
9113.875786
9366.848928
9379.553576
9180.433733
9914.110127
9830.030034
9436.483941
10226.731474
10088.604565
10182.448412
10347.744230
10254.225300
9820.200625
9667.071081
9176.681194
9298.375809
9120.449148
9117.330509
9490.876063
8957.053844
9209.934408
9200.594174
9244.451296
9777.237704
10080.490766
9827.105045
10242.937509
9845.734418
9000.311416
9603.365017
8988.059361
8775.491460
9069.207457
9672.505486
8919.734261
9244.969009
9738.312979
9347.945889
8949.724576
9265.060641
9018.420889
8621.683779
8743.676140
8632.806666
10039.063562
11262.974289
11406.440228
12118.756614
12640.014106
11615.803551
10919.186967
10781.809100
9738.572389
10192.044822
11219.437180
11282.204500
11700.073615
12609.562208
11611.054684
10449.009148
9930.664315
9233.898738
9455.544157
10009.985081
9676.004782
9991.233491
10182.027150
9013.736106
9044.128992
9106.901709
8985.422445
9172.241449
9637.751386
8991.547599
8938.394744
9403.868022
8954.197994
9319.333420
9824.678892
9306.429241
8937.858630
9790.498503
9247.078832
9443.232426
10592.646836
10336.029066
10108.312363
10580.050928
9691.723981
9191.988225
9925.712739
9513.822357
9535.699203
10966.523504
10981.541420
10872.313261
11671.969960
11350.120596
10859.723037
11222.046939
11241.376297
10557.342580
10816.719221
11132.415337
10732.123757
10229.341738
10310.447561
10019.744306
9024.405567
8880.894002
9146.206627
9526.997777
9558.542964
9693.180168
9749.216056
9402.797780
8809.228575
8674.718980
8445.583140
8785.570246
8754.576464
8502.175819
9585.380639
10304.763295
9786.874631
10201.954437
10539.542516
9183.895144
8969.831545
9684.662413
9438.188347
9381.645612
9987.738606
9200.563460
9144.260243
9650.070340
9640.796922
9828.250774
10379.520358
9580.281211
9548.802229
9917.515910
9726.795814
10333.084005
10517.617899
9868.109465
9512.130202
9093.680883
8324.278255
8627.516232
8571.514116
8408.699459
8920.863893
8486.086737
8214.305238
9039.325317
9098.071904
9779.382108
10700.971206
10941.633773
10517.010588
10467.496152
9483.287154
9590.278765
9231.356747
9671.449794
10630.330016
10865.064601
10236.487625
10673.461601
10277.298890
9840.193977
9743.381221
10003.709395
9601.070321
9069.714426
8573.087643
7998.052474
7713.942261
8016.724662
8019.303852
8265.757276
8481.957947
9376.257519
10575.779109
11278.418969
11091.470899
11470.853160
10954.633690
9526.763615
9146.007251
8867.839916
9201.894758
9367.451955
9108.497955
9067.888970
9782.785502
9373.982640
8840.814666
9521.769600
9490.453788
8953.152863
9240.558069
8682.923964
9117.332262
10460.161953
10715.954867
10569.643785
11516.255681
10641.466927
10066.857679
10014.054189
10354.390255
10951.698337
11900.393623
11619.823691
12116.925974
11706.944208
11470.599649
10996.629777
11255.865794
11215.361714
10996.630840
10289.228412
10020.355245
9049.014633
8718.310951
9005.515375
8714.492596
9114.292469
9738.871863
9495.138690
9892.058174
10231.722608
9960.196445
10385.338828
10385.338828
10253.884630
10627.813116
10727.303474
10749.327962
10396.180307
9981.230001
10222.864077
9538.847276
9064.051950
10282.186798
10242.239671
9601.920224
10385.704458
9913.801574
9667.299398
10529.481257
10657.577040
10639.478970
10748.418663
10517.309730
9620.813472
9902.787275
10227.848657
10545.818344
10517.946551
10620.896239
10204.435694
9114.494266
8414.743431
8764.381912
9061.332197
9064.206633
9923.362980
10232.290275
9470.566144
10026.312191
9943.669619
9368.795294
10005.938001
10209.143041
9865.750209
9846.787161
9747.120030
9622.397322
8982.334046
8760.526986
9437.506501
9993.281352
9843.462041
11201.948773
10792.529663
10262.842746
10603.368052
10213.124878
9357.044862
10400.105597
10859.498418
9944.733861
10300.834168
10400.553731
9354.241476
10058.771505
10477.176818
10236.703400
10355.522559
10442.637594
9067.777595
8927.199974
8505.277775
8080.543984
8011.775274
7812.961295
8175.082682
10096.029726
10683.494618
11176.421042
12331.619945
11909.196029
10582.376084
10682.899317
10435.595869
9988.248979
10194.574361
10116.615284
9982.286972
9882.197530
9496.049586
9065.282216
9252.586144
8422.033203
9049.409091
10051.666813
10532.107395
11060.251289
11924.638330
11213.344272
10465.882216
10290.784834
9400.633577
9325.921536
9360.296019
8992.653597
9020.474774
9173.492047
9695.251305
10295.199931
10343.773000
11112.141115
11530.405358
10843.218631
10874.682050
10813.426812
10148.421840
9873.365726
9948.427866
9910.973944
10333.408347
10286.770278
10633.920276
10143.298397
9987.247501
10593.589495
10690.109021
10440.471632
11277.681028
10662.200245
9807.680663
10104.698945
9545.380693
9273.858333
9726.683627
9984.037997
9684.223214
9603.135920
9418.921649
9618.817296
9885.083871
9700.841134
10562.677032
10512.892861
9810.216111
9644.672589
9329.185681
8895.224485
9432.278596
9669.874162
9672.658327
9906.971589
9350.972798
9423.069964
9744.689370
9747.508517
9810.219264
10353.859626
9369.691056
9107.488818
8941.893269
8704.941970
8873.156564
9847.231941
10085.094254
9885.903180
10044.891629
9445.485456
9267.766346
9124.009956
9016.979702
9728.792570
9916.140696
9738.287502
9760.103500
9336.954803
8697.274603
9365.601238
9531.114240
10086.654794
10981.351716
11284.221078
10988.080587
10494.064677
10169.203727
9473.752362
9324.245652
9864.495643
9670.772434
9836.272470
11257.347827
10885.875878
10892.335691
11204.632254
11079.916566
10865.532162
11559.210554
11268.716750
11243.494432
10983.267554
10101.525744
9633.382441
9889.314139
9898.715541
9857.850344
9992.874183
9318.187256
9193.301369
9902.180216
10142.802984
10990.708740
11849.742732
11322.000824
10522.434655
10194.825843
10571.797821
10771.311011
10571.797821
10718.237723
10727.499307
9162.252183
9437.518125
10008.679192
10183.592156
10823.986547
11356.453248
11044.384882
11085.446317
10654.342820
10410.479515
10640.534986
9662.993639
9331.965542
9781.564479
9416.083101
8797.439170
9443.958999
9060.122759
8872.377730
9715.668608
9813.615766
9529.462147
9797.888199
9566.878430
8517.437475
8630.753537
8996.285371
9239.862397
9433.242978
9792.603646
9409.607709
9253.506466
9659.507649
9287.768313
9459.693223
10356.812413
10038.850442
9132.909406
9854.841854
9716.858511
9563.748699
11053.376780
11665.913044
11244.093685
11356.135064
11117.876462
10246.035849
10208.850896
10589.618187
10327.596512
10171.217728
9390.588630
9034.228944
9334.350192
8921.774733
9384.186432
10505.690815
9993.523998
9771.723103
10505.688573
9672.355603
9434.991365
11224.549277
11577.495427
11600.178582
12346.839361
12134.807221
11075.172439
10364.171230
9685.716129
9694.864777
9147.555591
9262.745247
8984.724077
8890.462224
8883.842385
9099.002998
8571.692070
9539.480225
9545.791868
8755.586194
9764.372920
10061.192064
9324.254558
10217.267828
10768.639000
9909.817530
10509.418573
10900.180219
10521.776815
10626.267123
10516.929301
10204.452000
9692.278153
9539.031320
9211.433296
9024.106822
8446.175358
8355.118041
7619.139076
7596.623606
7431.753368
7115.640762
7701.434103
8558.794907
8341.980517
9194.276632
9790.834686
9216.290611
9475.233984
9410.987361
8995.757245
9105.054943
9167.704195
8992.676412
9562.304049
9094.114944
9877.855859
10005.601715
9581.272002
9743.568387
9899.419465
8962.654806
9471.722471
9559.107587
9255.988865
9680.587675
9061.935586
8877.950183
9362.168726
9003.802014
9503.610045
10783.648074
11033.682208
10552.528228
10932.575771
10386.083327
9820.847210
9268.064599
9317.917538
9085.317997
9160.116923
8906.907187
8959.891578
8785.245237
8334.773364
8394.580056
8688.424358
8253.928137
9115.917842
10696.400240
10268.478775
10421.366442
11367.944297
10871.283301
10148.449641
10469.742645
9789.135741
9492.446160
9052.088013
8605.148735
8552.028420
8638.760566
7996.418428
8077.264027
8104.003729
7898.609028
9394.482890
10144.193240
10516.054259
10923.357294
10660.760810
9705.157916
9833.223726
9555.185879
10155.657982
10667.802704
10680.573160
10699.372240
10486.497675
9809.739906
9316.152614
9272.312274
9169.392684
9144.489513
9012.652028
8997.215771
8819.107787
8694.081916
8872.295513
9267.492374
9904.728749
10032.773661
9714.166822
9751.446118
9445.036547
8995.461915
8526.506761
8904.745420
8817.669902
8302.235275
8811.666341
9189.692539
8764.706686
9477.309899
9556.707441
9412.872237
10053.700264
10599.731563
9944.020443
10581.200847
10128.472085
9659.701624
9575.594169
9110.042561
9645.999679
10367.451375
10067.785534
9980.489777
10220.759060
9632.951114
9748.001682
9920.032699
9804.687382
10110.481562
9500.993899
8735.860416
8798.412535
8292.059697
8061.666358
8532.725831
8726.987221
8131.280756
8203.189723
8397.034657
8381.890541
8978.129648
10171.777710
10437.053863
11402.397598
11291.899933
10810.851352
10395.475070
10286.252979
9583.406712
9439.580832
9498.947899
8637.309888
9011.734359
8702.592008
7948.210625
8376.519370
9051.362232
8517.407093
8932.737058
9998.662988
9433.268999
9361.798515
10092.617134
10008.007456
9806.013157
10140.233671
9809.145378
9337.088964
9499.819640
9034.201680
9327.869279
10267.957555
10190.216146
10348.912529
10937.137092
10302.956725
9784.815789
10156.440105
9307.035481
9089.496987
9273.863029
8764.421966
8830.398834
9704.866410
9563.823853
9438.997264
10166.763757
9504.476513
9164.438897
9635.764456
9663.855042
9938.974680
10838.623035
10182.447404
9897.736719
10203.593800
9628.936920
9485.531787
10450.210975
10915.757999
10278.773485
10615.953475
9819.742180
9506.967692
10043.417923
10515.283214
10174.603128
10670.818504
10102.739400
9287.795049
8713.385315
7739.212257
7963.974964
9081.725178
8941.051893
9544.029461
10670.818327
10299.737965
9509.445406
10360.905270
10129.913356
9826.722933
10129.913356
10351.861254
9310.003877
9447.349277
9047.779489
8988.356903
9322.454729
9487.998496
9494.170511
10378.004704
9681.749959
9431.749965
9407.367857
9488.479896
9663.385742
9747.475310
9628.985628
9910.774324
9367.233675
9326.838938
9929.814124
9835.883328
9884.831402
10037.960076
9987.893630
9472.553651
9457.031853
9447.675950
9438.536255
8829.607399
10066.203663
10482.011875
10150.769354
10347.348118
10209.982869
9363.704917
9223.259004
9109.806847
8813.032640
9522.145545
9028.701994
9550.395537
9562.452207
9578.044349
9202.801331
9434.161816
8263.198448
9231.337368
9537.250239
9293.527157
10167.998140
10024.312960
10152.999492
11426.753783
12254.475326
11929.909905
13063.902670
12316.484198
11139.009384
10958.404467
10483.279411
9942.858930
10114.369239
9692.723350
9208.875547
10067.564506
9739.503575
9555.794005
10296.055422
10386.469736
9949.159716
10289.870749
9685.984476
9286.397910
9688.999650
9095.608671
8988.931815
9929.573903
9504.501304
9367.069522
9885.525789
9894.928644
9769.586297
9825.455517
9497.627231
9987.959326
9862.980474
9728.173716
10721.791662
10474.729723
9821.955729
10124.914989
9527.386425
8634.310720
8734.619253
8012.469011
8003.791910
8447.351918
8294.435396
8850.482487
9525.184284
8963.139457
9275.439355
9596.917982
9006.614284
9150.505763
9643.959086
9417.371337
9645.169254
9536.169785
9298.549801
9479.493081
9032.740589
9188.837329
9888.225985
9438.670634
9385.293090
9535.773205
9063.626330
8773.623788
9257.552684
8879.794753
9296.475838
9783.257033
9552.450311
9798.939782
10014.969497
9377.460496
9077.564344
9680.377723
9393.216938
9499.248832
10277.363365
10258.619943
9855.896775
9908.800153
10264.960793
9823.521236
9873.552561
9552.121469
9508.101961
8471.584984
8832.720318
9023.431156
8804.835629
8567.143575
8638.730512
8718.942055
7881.676032
8771.880473
9390.534696
9686.735785
9110.973766
9604.569621
9226.420726
9061.222051
8851.603053
8919.182562
9109.836266
8631.595597
8035.115776
8922.451043
9277.620661
8865.809482
9421.689015
9746.197932
8971.633080
9373.132168
9454.209986
9478.990854
9722.740484
9644.623350
9087.440625
9508.799275
8746.551396
8612.672428
9471.438816
9082.145685
9429.354962
10812.442227
10659.501120
10375.381425
10442.371611
10086.444728
10348.765352
10742.415021
10635.995599
10887.414646
10250.532009
9319.566462
9657.297331
9232.337790
9271.835803
10436.900950
10265.355797
10296.409153
10836.578259
10579.601706
10167.250473
10826.184795
10248.630793
10657.361251
11015.980434
10741.055700
10634.868715
10934.855360
10032.420843
10473.076135
10664.018765
10432.716735
10666.973563
10941.701622
10651.001306
10179.226651
9479.284316
9766.632607
10091.912111
9390.417760
9927.018827
9970.577408
8659.524476
9109.211105
10257.735535
10192.314907
10944.858603
11706.860459
10738.908812
9893.372733
9768.581869
9315.406800
9453.245066
10140.159248
10388.145642
10069.582544
9779.741830
9373.761052
9498.704831
9351.525650
10082.422483
10866.583696
10722.758978
10641.539388
10111.486066
9246.625980
9065.457163
9243.652504
8508.951352
9749.842578
10106.239421
9665.616595
10037.328997
10440.291724
9662.488586
10133.707573
10749.132471
10111.762568
9837.011001
10054.697519
9355.021865
9098.605815
9298.705667
9189.485600
9168.249837
9727.012903
9624.027671
9805.300038
9901.884896
9718.113518
10011.755144
10315.208541
9799.218760
10511.497999
10928.189515
9816.208475
9816.208475
10915.455054
10297.062533
10266.613830
11141.000589
10582.030791
10104.429087
10962.676779
11092.085640
10695.261348
10745.328109
10014.557001
9236.234128
9643.909305
9796.906331
10430.931655
11486.688957
11611.439869
11081.875997
10832.482613
10104.295276
9494.900761
9167.377009
8495.842579
8736.621842
9005.391276
9117.823897
9348.893482
9704.395519
9173.099383
9279.712528
9251.403349
8632.457610
8887.015810
9702.484812
9545.995757
9489.982866
9780.646737
9605.743702
9949.197353
9574.839890
9652.419160
10245.899424
10282.649917
9883.099220
10014.620240
9805.145802
9479.903814
9103.609239
8744.500218
8866.279581
8356.876939
8444.884113
9164.649687
9186.100658
9670.311502
10288.660697
10594.544395
10294.853088
10260.101687
9816.591025
9779.406951
8648.607735
8684.979313
8988.295727
9441.071208
9431.789747
10203.197975
9550.987032
9047.954351
9435.079366
9522.801941
9275.822231
10908.864900
11507.843758
10858.603398
10849.348179
11026.939350
10004.206529
10004.206529
9988.356389
9654.531638
9676.331665
9146.273728
8449.828315
8424.861313
8343.631117
8568.185126
9168.967025
9321.755985
9375.042371
10208.986136
9771.676813
10317.230098
10763.978074
10947.353889
10854.301113
11522.006082
10974.125234
11424.488214
11202.306663
10987.129675
10608.368077
10109.465167
9919.162937
10065.812483
10056.199428
9822.064183
9561.712865
8859.623365
8780.795302
8444.061672
8699.685146
9413.248241
9291.614647
9554.023197
10291.015700
9891.464124
10010.762992
10835.436577
9954.782384
10129.914616
10604.793122
10096.180807
9680.767548
10133.523147
9746.291616
9630.734803
9596.893901
9412.690249
9109.869778
8257.683038
8338.162084
7833.346015
7492.622244
8747.726934
9619.503854
9207.388112
10353.177619
11077.008331
10096.691113
9762.641205
9437.965540
9008.794452
8802.876894
8224.413956
8608.888536
9630.322991
9131.216184
9318.501801
9821.422562
8943.339974
8488.063349
8785.000091
8735.150984
9715.703178
10043.531464
9771.828061
10494.631651
10213.708853
9304.879173
9407.900587
9320.217814
8919.008417
9240.718642
9312.850087
9265.947508
9803.300767
9503.111638
9256.191850
9049.696310
8693.779907
8999.839110
9015.408977
8840.312789
9367.985069
9926.868014
9764.709359
10107.874476
10320.011141
10026.729043
10369.972719
9723.878319
9537.002946
9946.296682
9683.813263
9371.472159
10433.357662
10935.563509
10935.563509
11222.791149
10932.456605
10195.444914
10213.845081
9679.652002
9604.713649
9935.763927
9658.039809
9008.317123
9483.415659
9042.560283
8646.340253
8896.139485
8752.324848
8339.313353
9192.532981
9048.644682
9639.013705
10328.351546
10172.253788
10018.950512
10593.777004
9538.044023
9470.848373
10292.048580
9982.970726
9776.760293
9676.953945
9591.076411
9097.524293
9341.518343
8675.915761
9078.938477
9118.742791
8465.715769
8212.977229
8746.760079
8366.434248
8504.050899
9765.381093
10096.639103
9899.732418
10371.624009
10123.606178
9089.613739
9399.057904
9655.221274
9664.167253
9842.132639
10385.657110
9645.093342
10413.503600
10394.737343
9944.594619
9738.419917
9404.309293
9478.973742
9935.001328
10124.992127
10018.729576
10243.719167
10003.457318
9203.231261
8955.954595
8940.133580
8761.911915
8218.252956
8503.190799
8119.708254
8425.708763
9734.527208
9897.115240
9640.788548
10210.564909
9645.148863
8539.646866
8745.846413
8583.127653
8418.070786
8927.136780
8405.389174
8261.919874
9807.826060
9611.951391
9336.571008
10654.964558
10304.692738
9683.715891
10765.053520
10683.714725
10642.501891
10991.950669
10314.916992
10091.147044
10700.054290
10046.727785
9891.119901
9744.274870
9486.951426
9293.150743
9190.090371
9505.263986
10607.833816
10469.879741
10594.990175
10967.307391
10582.605637
10585.758211
10745.386479
9898.776350
10248.698315
10545.099983
9808.161292
9526.128649
10219.574213
9232.799823
8898.535776
8867.237195
8211.847606
7471.633417
8526.867884
8261.892346
8492.844260
9819.255273
10356.176669
9669.509507
10356.175947
9856.624347
8916.542899
9400.398782
10184.126371
9622.233169
10437.234266
10896.791976
10503.501302
9997.293663
10003.729946
9466.629641
9349.924636
9193.822528
9406.404616
9553.024990
9946.736750
10249.893617
10103.008447
9871.778721
10015.758443
9328.348828
9855.605775
10501.862499
10352.237465
10357.720588
10633.420681
9735.587354
9076.215510
8791.974660
8514.867115
9644.795184
9329.260524
9794.743986
10194.541325
10016.558760
8929.494169
9634.192861
9462.117276
9656.356064
10093.328103
10583.442579
9591.110515
10000.366030
10041.013293
9744.277058
9369.230153
9951.103400
9823.130608
9701.533715
9788.903730
9935.673361
9745.810875
9299.062326
9395.934757
9280.616344
9140.054572
9247.151388
9362.774247
9531.438742
9649.947687
9512.803950
9987.541393
9306.580075
8741.193921
8553.787929
8231.637457
7990.206057
9020.680684
9173.695517
9473.506136
9948.401795
9473.454854
9023.951718
9430.254179
9405.104384
9420.805231
10569.302064
10912.744108
10409.983629
10472.111403
10256.712677
9457.565040
9672.794382
9623.035572
9922.724289
9966.695310
9767.317649
9889.265471
9898.681319
9445.552640
9695.597173
9487.344529
8644.520167
9402.965423
9759.171141
9296.971370
9921.397951
10508.808160
9678.066947
9649.851271
10115.383447
9462.628191
9256.768822
9774.970564
9824.958914
9297.466660
9915.950520
10331.628927
9725.763421
9550.871627
9550.871627
9109.592692
8778.556274
8775.255791
8812.772135
9743.741689
9905.946346
9656.414714
10458.602572
10427.619950
9846.275340
10112.964850
9919.783343
9454.488071
9048.550470
8861.523793
8922.922325
8666.665287
8576.057526
9169.491475
9422.717345
9949.200494
10402.548557
10411.286896
10617.594829
10911.371078
10068.891325
10840.985785
11209.211685
10406.300711
10178.329332
10367.954796
9456.168682
9453.358178
10118.391270
9693.496462
10186.467601
10636.140255
10608.066045
10389.949035
10527.315094
9877.927919
9668.782226
9378.138826
9575.061804
9462.180368
9134.553824
8569.215210
7888.879099
8063.154570
8488.492114
8880.381245
9889.062064
11488.254279
11041.513044
11244.385326
11617.890582
10749.866120
10087.575193
9759.954469
9185.109214
9577.306850
10239.483724
10008.170905
10692.136240
10626.964920
10409.445847
10655.943455
10571.858884
10162.552195
10858.911328
9649.103565
9161.580524
9502.537105
9005.636001
8656.149522
9691.306036
8960.078415
8719.928248
9591.230675
9200.865527
8928.265263
10221.182793
10018.159885
9861.886001
10549.102681
9905.947908
9224.740153
9721.582681
9459.351444
9234.341499
11213.426987
11825.344888
11641.218451
12468.750123
12949.722947
11837.788628
11691.474980
11849.809327
10907.229082
10326.575091
10595.570830
9717.993457
9443.387426
9865.031081
9868.139090
9004.373842
9113.462583
9385.053375
9138.628979
8888.604558
9167.656319
9182.989195
8499.085906
8998.783919
8805.251296
8658.268265
9819.991869
10485.129791
9770.079797
10303.597800
10270.155270
9071.138450
9142.704981
9382.963142
9211.506629
9658.759641
9855.781366
9155.966896
9705.597784
9905.603477
9908.568298
10195.872470
10223.806716
9755.457156
9543.487348
8924.602346
8905.501149
9008.560517
9199.461934
9817.506818
10246.367355
10233.994299
10886.584945
10789.920671
10493.174098
9868.413452
10190.331414
9871.392099
9581.225946
9421.935544
9581.224789
9131.309327
9243.904857
9649.659266
9680.947641
10005.436679
9312.492255
9256.170377
8803.274581
8384.781336
8139.091823
8558.061277
8255.680895
8167.099166
8810.864482
9000.823108
8988.498742
9160.324421
9232.241170
8819.786664
9156.872095
9703.489882
9550.353644
9503.475728
9400.090180
8980.025535
8711.880423
8955.774222
9186.551019
9608.056304
9669.571804
9375.769318
9632.119397
9431.995619
9253.994919
9946.517877
9993.201733
9858.817049
10296.097733
10886.256338
11410.631318
11551.025421
11269.967193
11204.306620
10467.533059
9538.665378
9754.389997
9954.245898
10001.331861
10054.348337
10069.292309
10032.256547
9925.652516
9560.272192
9469.957559
8983.050570
8126.968044
8101.767102
8523.751542
8520.764954
9044.027250
9619.112966
9303.814767
8831.960601
9109.903224
9232.526138
9229.644886
9816.438607
9741.590338
9263.441641
9113.534518
8657.869730
8788.763411
10091.440800
10484.655277
10472.120530
11527.925419
10763.447224
10038.464301
9988.187970
9305.290701
9058.942037
9455.043895
9458.446213
9498.888352
10270.576238
10080.587823
10639.714982
10464.214704
10120.929421
10099.248847
9977.542120
8912.597125
9627.987747
9490.375157
9223.867170
9710.980187
10110.806556
9061.437348
9907.872726
9659.714603
9022.687638
9535.052138
10018.820575
9510.096381
10263.523841
11215.954323
10978.795961
10435.196947
10585.069022
10316.106793
9378.682499
9622.241526
9325.670360
9381.579653
10212.145309
10640.000220
9968.500510
11064.034210
10739.745201
10252.743500
10899.562306
11099.113767
10964.973315
11139.540276
10260.360366
10116.933924
10410.281524
9963.838151
10279.205346
10423.258687
9798.416362
10085.752514
9895.321484
9386.146202
9597.463419
9513.488394
8751.537838
9225.565518
9438.477652
9478.249581
10327.802921
10183.819166
10096.521091
10417.930518
10105.994933
9362.565249
10255.496583
9874.501799
9406.412896
9948.357627
9789.029812
9086.634888
10494.860255
10926.165433
10662.517592
11090.851542
10806.038857
9987.887284
10415.974776
10409.772907
10184.497592
11275.122018
10753.294681
10169.040439
10754.055276
10472.961799
9782.710423
10107.680178
9782.709056
9871.672637
10615.143159
10193.451352
10130.938189
10640.272840
9387.213431
9524.758556
10108.660977
9868.305374
9683.995016
9794.103082
9612.764784
10549.367963
11010.926359
10870.775066
11464.560798
10552.826183
9716.035792
9272.312274
9612.882900
9965.208114
9880.893343
9524.898591
9834.118323
9515.543054
8850.624305
9434.597355
8941.377879
8744.800126
9544.373444
9648.347620
9770.178691
11412.872979
11521.675676
10707.000957
11230.783832
10805.883510
10156.372373
10193.928353
10321.543628
10153.475261
10849.972625
10247.274681
10050.581552
9738.199165
9762.669962
9553.370768
10477.593484
10384.436474
10643.025600
10227.005577
9905.251873
9786.556253
10023.710478
9483.656059
9909.232845
10168.316914
9047.385940
9016.172535
9787.480133
9275.773472
9229.303257
10044.042191
9438.416418
9613.063393
10335.734500
9820.849590
9689.662903
10794.966960
10754.276006
10240.156373
10939.444074
10799.429818
10483.619069
10355.496262
10312.670034
9787.954843
9491.142763
9588.046902
9725.705070
9532.469863
9713.847077
9723.011032
9076.278827
8867.187925
8965.427715
8087.529297
8399.951620
8974.824236
8366.090403
8791.263890
9978.090206
9949.821337
9693.918972
10578.121402
9937.751214
10050.233960
10377.988205
10078.325415
9516.097089
10137.968956
9375.757303
8963.754358
9613.062687
9332.327278
9047.387732
10171.628742
9999.770050
9709.191426
10968.248186
11314.342081
10801.814674
10808.345956
10342.837781
9524.650614
9738.896286
9798.181812
9467.421644
10382.202410
10560.398008
9886.303079
10033.394121
10567.268887
9683.591442
9836.438563
9937.619402
9269.278002
9444.188109
9216.238709
8950.435917
9419.510916
9210.072724
9034.963276
9734.768552
9163.188790
8449.410155
9014.833563
8361.449165
8224.187938
8821.044695
9109.164297
8687.917379
9561.914515
9880.573344
9636.832490
9777.911294
9749.439639
9546.425860
9409.154785
9053.282286
8780.478078
9139.873296
8505.518824
7968.577294
8159.016123
7436.498371
8019.655578
9097.598460
9547.212386
9844.243792
10536.657216
8871.979448
8884.237827
8878.013712
8453.622796
8900.307853
9765.354782
9025.276528
9537.600455
9353.107235
9292.194507
10042.271069
10211.394725
9587.088286
10005.604424
9770.232762
9270.330694
9410.863154
9314.049620
9563.915993
9367.733932
9524.282945
9624.027395
9705.266717
9773.877288
9737.419693
9334.455087
9074.796924
8731.830226
9168.867258
8969.984880
9085.456389
9753.730772
9775.264284
8832.213349
10670.145176
10969.885578
10357.397426
11132.721690
11684.797242
10174.972478
10793.242186
11368.089521
11168.789061
10934.198129
10544.916677
9489.357788
9514.491700
9467.644623
9286.415682
9856.151418
9778.111857
9237.711634
9159.691063
9331.478588
8905.440449
9108.702204
9180.574525
8883.730363
8603.046285
9043.353252
8481.629682
8990.557839
9640.219321
9325.018147
9352.137639
10164.466242
9477.550365
9405.667373
9977.035254
9894.286211
9909.935839
9678.773325
9457.151988
9454.028916
9196.567753
9224.496270
9340.571585
9234.077405
8956.443071
9338.818706
9969.727385
9854.851527
9448.276655
9963.762262
9810.591806
9170.056286
9947.996936
10035.095998
9591.864531
9787.953468
9182.029381
8485.386074
8822.876233
9344.512035
8940.294918
9424.092032
9939.798325
10148.945868
9477.549493
9722.305028
9747.196008
9025.741666
9691.245523
10971.396073
10732.714422
10754.272710
11878.342621
11048.286640
10601.495792
10708.414108
10618.111015
10265.367194
10331.148123
9696.852841
9613.879870
9017.782808
8389.702974
8230.339647
8258.579290
7722.801951
8756.254834
9409.040754
8931.065702
8706.210685
9313.082793
8669.757393
8248.522004
8772.666679
9166.513891
8997.763789
8635.606699
8566.672341
8401.094042
7638.393686
7802.288911
8672.513907
8170.005790
8160.496791
8988.244051
8997.524011
8291.508910
9134.721492
8991.168302
8557.151465
8722.267399
8781.638313
8132.076129
8881.824718
9153.423391
9582.333223
10344.158658
10466.533923
10538.358007
11400.492803
10800.007666
10521.514125
10912.020391
10140.654305
9731.471259
10102.046610
10243.011836
10301.900325
10277.115587
9780.645880
9709.822356
9147.543652
8832.318862
9297.821652
9147.543652
9334.707732
9909.227916
9893.522655
9662.550247
9874.413508
8942.949399
8618.498086
8487.619541
8577.587600
9074.331811
9582.916554
9554.897808
10647.974653
10860.003247
10067.124344
10397.496513
10313.727571
9676.571238
9604.576515
9570.083677
9337.074487
9662.544589
9053.347428
8903.461107
9456.095644
9061.107069
8836.392725
9058.163195
8367.658229
7905.280456
8156.316522
7715.422996
7537.309132
8491.069344
9006.015068
8669.409534
9340.983442
9725.076395
9174.980928
9231.535784
9911.359892
9374.279342
9689.723487
9895.768040
9492.835934
9722.554523
10287.839397
10150.563539
10625.148340
10391.142048
10139.894715
9996.076990
9680.662414
9324.833155
10043.022968
9402.755010
9293.390328
9808.826619
9124.965100
8351.269143
8757.542645
8592.126277
8164.134380
8386.462833
8638.625738
8746.126913
9258.291475
8977.276622
9073.995740
9102.431313
8529.489793
8551.414194
9328.849991
9260.415744
9394.483929
9909.172658
9406.518063
9060.081650
9053.472426
8956.789088
9094.728779
8594.846443
8760.442186
9309.865779
9075.375017
9293.090566
10008.225418
9161.749248
8956.190622
9137.054039
8407.744804
9247.981269
10281.782982
10250.779551
10550.079249
10262.504596
9891.058644
9737.998958
10122.122506
10368.410307
11094.437857
10535.800941
10129.803039
10257.606202
9970.007858
9716.136893
9900.114180
10184.332999
10128.611098
10565.704305
10344.815741
10170.109548
9873.331078
9598.659377
9483.240662
9727.983876
9843.817805
9940.736489
9612.616151
9493.874081
8908.812348
8958.664794
9692.705843
9461.395365
9193.084002
9698.540100
9283.018036
9295.684334
10195.071902
10113.730345
10640.781724
10434.625009
9875.372672
9971.853331
9959.887951
9494.208721
10209.398234
9731.568855
9266.440949
9269.443196
8846.648831
8553.181025
9408.767029
9290.172731
9168.513434
9664.409977
9942.559249
9146.125672
8971.324457
9114.976786
8677.023357
8480.372083
8607.895205
8489.827910
8661.454902
9577.126469
9577.126469
10748.379420
11519.496438
11485.570200
11062.683207
11296.941393
10534.458683
10578.261061
10209.294092
10105.374981
10252.035834
9908.339366
9770.949608
11061.000307
10867.627616
10623.910341
10240.263732
9681.046058
8881.569197
8795.946926
8339.181373
9070.620811
9361.179097
8873.559376
9860.182330
9997.491492
9707.037214
10003.894411
9669.748124
8995.784251
9673.325265
10173.320221
10001.694185
10801.084792
10659.982872
9794.892510
9851.313847
9900.779840
9545.079275
10120.946663
10280.192866
9799.025913
9961.393821
10230.167617
9868.821199
10599.505635
10409.315680
9681.479765
10390.519834
10016.686615
9629.294797
10069.496803
9997.824116
9214.252385
10135.935256
9976.775977
9629.889070
10242.610807
9898.700189
10134.292226
10818.467499
11105.134407
11389.788668
11720.418096
10642.586577
10645.793683
10823.964982
10667.832844
10773.963072
10657.394889
10201.435137
9514.689001
9002.252339
8933.683770
8893.822078
9031.356966
10230.416598
9746.342826
9974.849595
11184.338725
10275.842011
9891.490597
10775.159686
10347.186614
9847.469389
11297.402275
10741.190122
10285.271500
10700.638242
10470.475985
9843.340040
9830.758428
9799.246298
9583.766249
8943.338653
8709.419789
8475.092889
8456.352570
8806.668525
9424.794190
8831.703987
9275.223803
10081.116813
9375.119763
9319.822323
9807.211552
9313.731458
8554.589408
8370.471587
7871.102851
8532.892335
9220.422700
9151.813359
9867.143075
10451.765396
9561.878509
9240.181756
9196.412060
8803.055965
9709.501411
10018.727881
9812.750272
10624.573325
10634.350194
9822.293681
10037.974820
9816.121265
9337.876749
9638.038390
8930.323012
8637.320989
9502.360143
9011.745903
9177.439503
9918.804993
10037.130361
10158.911819
10740.038370
10265.335638
10069.060925
9891.318907
8941.666007
8616.858257
8132.550873
8016.636213
8541.390895
8472.463370
8453.893227
9474.689479
9612.771207
8756.866476
9381.548625
9840.959119
8882.020121
9077.942521
10155.578193
9899.302893
10121.194096
11120.423504
10989.087455
10894.779398
11197.875842
10410.783884
10392.501754
10946.598399
10200.320456
10359.720674
11187.630007
10529.115292
9916.083511
9810.043146
8888.596056
8376.223601
8520.311912
7920.475902
8447.235169
9250.223602
9090.824422
9478.284261
10635.707763
10298.877739
10136.376146
10342.586588
9605.317749
9455.200736
9933.025676
9530.456841
9605.138882
10648.349586
10666.875785
10235.733461
10685.073261
9945.506795
9248.671412
9276.211163
8955.075991
8736.093958
9841.861885
9860.468823
9247.714390
9704.016588
9341.737403
9594.313924
10859.243586
11040.636796
11086.883787
11783.797437
10640.495057
9412.766120
9587.597806
9678.117043
9041.034339
9544.118748
9478.284952
9398.807759
8998.831204
9267.550009
8770.712716
9154.906066
9271.143708
9643.010626
9286.934017
10214.461652
10255.005279
9642.516682
9773.663628
9914.148833
9317.747557
9548.828547
9475.158512
9291.045463
10228.334681
10174.875527
9784.419686
10468.141371
10130.340915
8971.560172
9093.635888
8696.950462
8062.638911
8503.453488
8628.098182
8203.207137
8453.487918
8884.882013
8307.597815
9319.020160
10662.022423
10574.528669
10801.372050
11854.047189
11401.401136
10660.707786
11244.617407
10901.604040
10617.303058
10586.167862
10114.693157
9696.196461
9579.970322
9342.441799
9651.271550
9807.792263
9804.837090
10141.582319
9941.799359
9579.559242
9623.203398
8904.744079
8763.675597
8476.204439
8095.267973
8885.525654
10059.910998
10010.959690
10729.309913
10979.351400
10379.481454
9905.047040
9638.249327
9251.113522
9394.634038
9366.639460
9747.462028
9496.261525
9574.783541
10317.923901
10701.576127
10714.269313
11900.040868
12261.735164
11568.548478
11147.088988
10713.403995
9726.765962
9005.388993
8692.862180
8034.117120
8624.300540
10155.911715
10499.365449
10924.416827
11667.668588
11026.937018
10717.710218
10764.973682
10096.356428
10015.454704
10086.717397
9498.874950
9758.342512
9954.851377
10114.073538
10229.752412
9436.466769
9058.857096
9420.983129
9005.389754
8955.761982
9359.890183
9497.004193
9209.868923
9225.042239
9362.883090
9433.069459
8930.189973
9545.531245
10157.623745
9726.679462
10584.262877
11133.823334
10878.045149
10956.459750
11387.230319
10683.011113
11094.499632
11025.949657
10857.546380
10582.490427
10162.934973
10269.063713
10366.049981
10053.927634
10081.686917
9953.061374
9737.735287
10706.098749
10670.940895
11220.809223
11917.021813
11314.075983
10611.028981
10198.519246
9405.535644
9359.567432
9703.156423
8781.427107
9593.519079
10393.323524
10074.718054
10218.173883
10780.720380
10121.537340
10143.436674
11000.795230
10373.477958
10451.079679
10510.617791
9932.742006
9415.053411
9499.463279
8930.873213
9215.524337
9920.934309
9477.243090
9708.053007
10095.501415
9857.856366
8949.386458
9019.543916
8844.574621
9747.188781
9756.770231
10196.979729
10671.223095
10650.272280
9788.000282
9310.105970
9591.218710
9346.466992
8940.348907
9258.659249
9692.808422
9077.496690
9423.706499
9829.888605
9620.391204
10264.026265
10301.379312
9844.897976
10157.146877
9779.585427
9413.688252
9310.922793
8728.844018
9028.797059
9837.461860
10253.133025
10665.595036
11348.867498
10489.541791
10192.796548
9696.188152
9087.380942
8906.235790
9496.514676
8715.994202
9299.709137
9989.835721
10317.959406
10449.214005
10701.613469
9693.193043
9762.056856
9743.788565
9378.259357
9796.663441
10386.784555
10177.716683
9246.617381
8999.702346
9215.525462
8662.579686
9218.310908
10155.806881
10130.756809
9856.063103
10818.012301
10352.868740
10012.538486
10425.016226
10031.425470
9444.179878
9472.211942
9107.749569
9160.702359
9410.539046
9404.523617
9551.368741
9946.555042
9634.081698
9627.908706
9699.663572
9656.220039
9757.056439
9297.912056
9969.328007
10184.532057
9613.147159
9463.018804
10100.171982
9285.451877
9747.242112
10071.861830
10118.206047
10468.412282
10683.708359
10190.315637
9796.426478
9594.139131
9297.713135
8769.921848
8666.650083
9069.603985
8968.667776
9233.962418
9933.425318
9587.079383
9836.684718
10425.123789
9906.402100
9759.728177
9822.055753
9184.858794
9147.833378
9066.863613
8978.442731
9440.951240
9359.797134
9169.518795
9556.881370
9535.210730
9313.359501
10028.578288
10291.801485
9748.204505
9810.992723
9855.106883
9432.848592
9065.504577
9324.872437
8987.529328
8899.797568
9174.565566
9070.699320
8977.050498
9261.346353
9095.770426
9142.334733
9041.356128
8910.311574
8825.589715
9622.337295
9041.357618
9537.582961
9759.459450
9571.932461
8669.564809
8456.894592
8754.128617
8585.364905
8866.629871
9369.202062
9931.593512
9760.040193
10187.821727
10178.560301
9753.878345
9494.458795
9169.705193
9095.150842
8829.626846
9282.102757
9107.413714
8724.242995
9174.020017
9873.654820
9536.643258
10201.567032
10158.746530
9609.005901
9605.967487
9347.078308
9381.199663
10092.057186
9632.987894
9173.433522
9895.033332
9470.453955
9985.055881
10562.552662
10387.614823
10394.116080
10606.692321
9758.202710
9988.772559
10685.108261
9964.168883
10060.886848
10492.798584
10049.366585
10052.947374
10614.762583
10505.319248
10618.680282
10690.212467
10228.537185
10443.380908
10172.131330
9280.735611
9433.461075
8896.556983
8037.743420
8250.275379
7998.184199
7629.634825
8101.620530
8245.361332
7933.582110
9473.744917
9833.205188
9855.403958
10773.184118
11113.244581
10464.066060
10976.490424
10795.123434
10270.438748
10414.456830
9866.183284
8935.735500
10041.044257
10462.750437
10081.538328
10856.759300
11062.684379
10094.528630
9813.364363
9841.607273
9253.243446
10568.128603
11230.386211
11071.210357
11626.798936
11865.903960
10376.092415
9588.956089
9329.728898
8958.140592
8559.476194
8360.485878
9062.409562
8987.928722
8762.842522
9234.572879
9222.413026
8460.367871
9725.296389
10215.253928
9811.109103
10491.900342
10419.758616
9545.493154
9576.823713
9892.396966
9548.728269
10145.227533
9426.734910
9027.154110
9630.535285
9683.823222
9543.524246
10730.138757
10883.369166
9930.665391
9830.553030
9486.987466
9405.895680
9159.088617
9410.025290
9684.868862
9781.799228
9022.917223
9229.279801
8772.903155
9122.960905
8942.142582
8989.546353
8774.624301
9592.646579
8890.205899
9464.781256
9008.526687
9015.008884
9030.326457
9011.533596
9445.474527
10479.365284
10679.405550
10995.295425
11363.710362
10507.678359
10291.993957
9564.266775
8838.443100
8885.127953
8407.141137
8175.929057
8910.372793
8689.945468
9430.230908
10017.072387
10004.525644
10082.514431
9923.438518
8998.918006
9148.564286
8602.637856
8624.098243
9157.187216
9104.144038
9281.860910
10300.417028
9846.883340
9494.930895
9869.874389
8932.829853
8661.374403
9291.994868
9169.469466
9488.137806
10300.362444
10100.095197
10859.083989
11282.202086
11000.627160
11072.724237
10789.045790
10076.332621
10165.314400
9965.306046
9652.749400
10545.930798
10252.770217
9731.800328
9784.990509
9769.569736
8735.702346
8551.457938
9148.366059
8736.310309
9376.555704
9885.617669
9579.807871
9239.712518
9211.475048
8280.292934
8574.400433
9114.758549
8897.239893
9166.228112
10024.553702
9834.281506
9544.045959
9745.841475
9168.280507
9077.409526
9436.857532
9230.824818
9288.629615
9838.369363
9335.476184
8982.956320
8791.896960
9006.390249
9834.343238
9887.166436
9593.620177
10096.542413
9490.070034
8902.996774
9271.233151
9103.014696
9002.895222
9315.137158
9040.625073
8962.417015
9174.563612
9012.295703
10516.564179
10622.154956
10619.546336
11200.022687
11247.121362
10637.678221
10809.445877
10247.320852
9806.855533
10122.422738
9273.886092
10538.984745
11700.129407
11628.370621
11982.112408
12612.326953
11513.584248
11453.694736
11519.354445
10726.386209
10082.812811
9473.690108
9052.263476
9714.628035
10311.018875
10540.535537
11481.418657
10765.808993
10034.532307
10140.909968
10165.574040
9618.992769
9806.260905
9387.783742
8956.919061
8816.077444
8756.347545
9140.724307
9318.617935
8828.634791
8929.313577
8376.328359
8245.267654
9088.799675
9266.901004
9226.623688
10032.918815
9520.435501
8471.314271
9742.377864
9224.338803
9305.764192
10280.202671
10767.606323
9449.314761
10070.754784
9789.964584
8971.587521
10607.839885
11888.804968
11518.312433
11671.036703
11665.046121
10331.287399
10124.863343
10275.349962
10449.843224
11671.219619
11543.122104
11140.040900
11470.327694
11073.901146
9703.409425
9437.923047
9322.005197
9052.612095
10301.795248
11220.007839
11403.767212
11744.826344
11723.127743
10442.481741
9877.657565
9355.982874
8890.931084
8547.939076
8076.494954
8319.880631
8353.659359
7651.201159
8732.704383
9363.380339
9057.341226
9194.670634
10053.926448
8705.762831
9249.111727
9798.773720
9780.410797
9908.232818
10276.121631
9329.367022
9041.985706
9054.694085
8739.046760
9318.133680
9564.722402
9199.681467
10048.994789
9795.961456
9502.173253
9814.288037
10145.236708
9276.809295
9920.343847
10012.325405
9762.537831
10358.726519
10068.511407
10028.072714
10254.547942
9732.868070
8996.044388
9595.377057
8758.673690
8752.653658
9189.683356
9074.034273
9673.744518
9880.068893
9518.435861
10096.299593
10833.774143
9759.159614
10430.422847
10727.403277
10121.785687
9856.266639
10093.665884
9918.936402
9918.936402
10059.128610
9709.292469
9765.396936
9069.176625
9105.950687
9140.392701
8993.644743
9593.059324
10295.942647
9937.532690
9678.270291
9662.843104
8737.964324
8956.977830
8917.141586
8698.390825
9194.903526
9672.656125
8966.899619
9340.968347
9856.101060
9352.901264
9975.128842
10320.944000
9981.530370
10396.446961
10509.124755
10259.346532
10412.031469
10394.016031
9750.453871
10106.682038
9559.964266
8822.983786
9059.322590
9461.501111
9152.584526
9574.432014
10355.063477
9669.050182
9622.020127
10024.728160
9194.090835
9256.646891
9262.600846
8622.378304
9150.227283
9649.885592
9706.151342
9883.881497
10639.981525
10374.344625
10754.696661
10842.368004
11072.530738
10613.547253
9898.267823
9201.441692
8301.736557
8532.018880
7898.448683
8207.023865
8956.829103
9003.594545
9040.435871
10139.713869
9411.824314
9414.839260
10589.134995
10191.388569
9491.425128
10069.176221
9232.391383
8454.569411
9220.319267
9126.609292
9098.134601
9804.394180
9513.771083
8897.833393
9809.861367
9834.916913
9522.597700
9959.795788
9531.017694
9296.851342
9812.015113
9583.799801
9605.741466
10065.458323
9540.400939
9890.577059
10027.964753
9815.480349
10241.702004
10368.903584
9326.277422
9779.219166
9775.707894
9160.220274
9969.173901
9966.046996
9394.384790
9756.779200
10054.116554
9188.841890
9729.020892
9969.453280
9203.932170
9777.147484
10357.653339
9767.777690
9823.769427
10145.562897
9110.243484
8963.752995
9613.061041
9200.905947
9625.563720
9858.361849
9421.459515
9168.409310
9480.286398
8821.495334
9268.876999
9449.829091
8894.012650
8847.133834
9087.849408
8251.173588
8223.501373
8691.650473
7923.365113
8017.156495
8829.176023
8938.170770
8888.125347
9672.024438
9628.522513
9668.483157
9336.806855
9287.134194
8940.713347
8865.872205
8896.287012
9117.995284
9121.080163
9714.708325
9502.396367
9400.920331
9157.510896
9126.256989
8679.776867
8514.675505
8538.683086
8457.403354
8076.740768
8719.747887
9400.497296
9100.177359
9712.532757
10299.912823
9649.944212
9778.244534
9946.788977
9409.267696
9196.943351
9259.484343
8582.016988
8523.652247
9039.232811
8495.099079
8804.714081
9532.297823
9314.684955
9586.752521
10595.167709
10869.997398
11104.085837
11055.314452
10733.655909
10493.226288
9878.110525
9481.193550
9671.204294
8996.726439
8558.981374
8893.637838
8337.571654
8138.496030
8732.206496
9031.978043
9147.111611
9746.870810
10126.662655
10086.044708
10542.205915
9970.218000
9683.490484
9946.956254
9531.436596
9234.538210
9843.819213
9737.689723
9541.395646
9985.080081
9347.929616
9385.109196
9888.031116
9511.595019
9914.147430
10151.500215
9886.023352
9177.339117
9214.223513
7957.980880
7880.905122
7915.293800
7677.029338
8375.752884
10252.911732
10409.186695
10158.942277
11177.066922
11036.029546
10452.052035
10708.083371
10754.704630
10642.563168
10541.621178
10010.713854
10204.398963
10704.196709
10832.877742
10069.270227
10606.812124
10378.514405
9982.058114
10309.810983
10471.800961
10006.630487
9588.234905
9316.534741
9288.305857
9980.922453
9543.823508
9874.347042
10865.065152
10261.630252
9759.561056
9859.473760
9628.397756
9437.971257
9153.514949
9135.050420
9594.128155
10162.754695
9697.380216
9794.170446
9876.925780
9339.733961
8811.712071
8808.728028
8987.015107
9103.361650
8887.507442
8619.047472
8816.078891
8531.862095
8072.020083
8468.842554
8287.754544
7722.783488
8590.545001
8936.929413
8746.155449
10270.182849
10810.526940
9901.623885
10107.034307
10544.386216
9847.271353
10368.997003
10841.333033
11027.442418
10868.233302
10468.939532
9378.918161
9438.293559
8889.989686
8830.584847
9445.584065
9720.569232
9073.981964
9867.613767
10080.185284
9248.903508
9386.373453
10067.342748
9087.366077
8905.813088
9699.363069
9658.683204
9324.683675
9692.102242
9642.062564
8989.221216
8149.711275
8249.773188
8683.677579
8324.540170
8549.701582
9805.434680
9399.479616
8933.844485
9645.672682
9314.608788
8837.179514
8920.995832
8250.512515
8103.233711
7997.593260
7709.789116
8150.785608
8465.719941
8087.794516
8959.207458
9137.556107
8715.909952
9101.949532
9367.153264
8677.207065
8761.401209
8651.990961
8474.352746
8796.270473
8836.947106
9136.481202
9576.879743
9181.723472
9038.421263
8862.995059
8117.235801
8594.722437
9421.851546
8840.631279
9618.619581
10449.253103
9602.925782
9351.394616
10138.755670
9826.185994
9254.833184
9645.044903
8882.486711
9016.970373
9744.518191
9975.913629
9953.746536
10520.333541
9405.582107
8359.826800
8615.278989
8200.385621
8230.292910
9604.611608
10397.529821
10529.483774
11438.451190
11695.537877
11217.407152
10577.475449
10136.877798
10077.447568
9624.115197
9377.380433
9580.666251
9602.530108
9536.800493
10492.378101
10142.658506
10473.539144
10551.295536
9983.311702
9606.475115
9659.556144
8884.968968
9234.719711
8835.091323
8657.742661
9132.209182
8769.997319
8520.225551
9369.401040
9032.624091
9709.658968
11414.038588
11673.343695
11683.409365
12484.685999
11360.678991
10429.933191
10455.159588
10101.944682
9841.831960
10119.673840
9648.124835
9451.419942
9444.963236
8927.430251
8827.546885
9327.176381
8936.922980
9201.887663
9073.558035
8926.835573
9023.641211
9167.510977
9342.226182
9893.517962
9977.716671
10168.229118
10031.034350
9299.863895
8812.982764
8625.511476
8216.508437
8223.171068
8353.685855
9321.721362
9687.022588
10058.879507
11289.650366
11458.185371
10851.525042
10408.416195
9783.295290
9205.664695
9280.774040
9112.035531
9721.194158
9739.868189
10299.206477
10764.677248
10803.883104
10644.574360
10857.475625
10098.166483
8945.813435
9135.728865
8498.608942
8592.420471
8386.793658
8808.103058
9300.935633
9650.602527
9844.522972
10418.783070
10643.643411
9920.913582
9843.224129
9558.868319
9012.234678
8238.428226
8776.756566
9304.773578
9242.262281
9251.593045
10166.773661
9379.628646
8964.295538
8667.354099
8720.479295
8711.075697
8664.916591
9717.520035
11126.151743
11126.151743
11110.960379
12127.562036
10962.148161
10497.390640
10874.976665
10437.879108
10082.453031
10841.637286
10029.486309
9123.772853
9523.735308
9033.480581
8099.788315
8930.157702
10073.384782
10069.986538
10057.998960
10607.603328
9730.262825
9336.311722
9758.488800
10125.639683
10406.933566
10391.467931
9988.244189
9201.246943
8947.245493
7881.862926
8603.958195
8990.791628
9212.709412
9708.707776
10395.750643
10105.699040
10498.984338
11217.271172
10852.850621
11033.866774
11168.804806
10337.357519
9356.746571
9139.422527
8698.912432
8495.545913
8283.774923
8011.640482
8085.440768
8203.864753
7276.458831
7782.634757
8985.162711
8672.194760
8662.999939
9790.483404
9731.192676
8566.416069
9197.170785
9012.854267
7910.328718
7682.039419
8454.056310
8221.427664
8474.072175
9239.420926
8664.355360
8768.169758
9147.243690
9313.158392
9725.519437
10159.257426
9403.665163
9676.300516
9804.505788
9585.732616
10132.170755
10363.808412
9898.086226
10188.838688
10235.848425
9968.000274
11051.905347
11731.781247
11672.647775
11674.702548
11669.682026
11191.908950
10428.982108
10247.969228
9657.719774
9201.361502
8998.565637
9087.565518
8566.178244
8865.872205
9296.792861
8681.408190
8212.669238
8302.710651
8110.031877
8406.032912
9068.456245
9108.337323
9223.770723
9382.722092
9017.836462
8696.169112
8876.718554
8539.386165
9001.457943
8882.973890
8424.002468
8438.941601
8717.290121
8082.605932
8217.276134
8867.002420
8404.725695
8548.363124
9219.488029
9350.708112
8950.743095
9392.264736
9079.911739
9145.494451
9135.963080
9548.171584
9707.541613
10194.835950
9417.187974
9320.131980
8383.098455
8478.425928
8134.590584
8209.804807
8977.709311
9505.458047
9334.454092
9840.461973
10158.709842
9356.160614
10365.258821
10174.972229
9765.626539
10543.770538
10727.611544
9981.600251
11120.704844
11305.570014
10982.954367
11428.947285
11773.587404
10845.449322
10860.597502
10149.214043
9286.985703
9224.356609
9252.108162
8780.425867
10223.284244
11157.040948
11004.592038
11350.274173
11783.907980
10444.547989
9791.916140
10051.466803
9288.264224
9344.721833
10094.294972
10094.294972
9760.057812
10682.598000
10366.607029
10285.365399
11009.484835
10819.424070
10326.676483
10519.888500
9683.120617
8961.289930
9095.892896
9000.578748
9313.230917
9812.841713
9372.591675
9253.714267
9603.094944
9531.228466
9537.393964
9643.559279
9880.949186
10000.511691
9503.941466
9234.984323
9110.192832
8638.486383
8390.245985
8568.248880
8278.288373
9090.070323
9777.286552
9375.928469
9816.315459
10497.359161
10044.181427
9863.130298
9495.432501
8746.042237
8736.570468
8680.622579
9055.228375
10522.241924
10997.004839
11003.687703
11500.153033
10428.873931
9751.923929
9542.862275
8721.187382
9042.584693
10082.774415
10186.816031
10449.464704
10867.700510
9812.306542
9449.891713
9355.017449
9048.771799
9564.179208
10020.066792
9917.326606
10024.300040
9793.271714
9583.861262
10130.601355
9836.903086
10085.184187
10953.845435
11097.780241
10463.535422
10903.942519
10592.008336
10257.544923
9464.391954
9183.229203
9445.452195
8823.742096
8461.323756
9704.658364
10135.435656
9473.256802
9883.903447
9499.642362
8721.923989
9047.083457
9168.773126
9900.453995
11253.256456
11412.526480
11418.907684
11458.945385
10784.832133
10039.126685
9795.283276
9545.380223
9361.335300
8950.486112
8575.866806
8713.432425
8460.509501
8404.484510
9053.607712
9000.246572
8725.540168
8753.762849
8501.273070
8445.718080
9716.659721
10478.590368
10781.839337
11269.508440
10842.777389
9743.963576
9203.027252
8666.211087
8316.510343
8343.828582
8353.369944
8188.454804
8469.142359
8519.040923
8533.688346
8553.140146
8671.630136
8265.210010
8693.432208
9484.137371
9893.048326
10433.398917
11133.026227
10789.591666
9738.699471
9261.082847
8305.622386
7968.094545
8361.123199
8495.741096
9017.894976
9773.510261
9820.501366
9882.853628
10066.651383
9548.036838
9307.773704
9020.216395
8986.336754
9721.115372
9730.647621
9914.647438
10436.270804
10045.464993
9038.581367
9540.886474
8838.368369
8729.021822
9425.149331
9581.856334
10122.134948
11237.009232
11074.142031
10755.383964
11178.781927
10525.639376
9667.268352
9798.189622
9204.598190
9134.331907
8731.837421
8566.309093
8409.649205
8603.883464
8376.472759
8554.629583
8232.574069
8720.399285
9279.656650
9772.597278
9872.410175
10462.950162
9888.040112
10181.904630
9899.714250
9628.318114
10312.217343
11024.474206
10808.920288
10603.641695
10990.412486
10453.638459
9732.033142
8964.086836
8648.399042
8323.563246
8466.712318
8136.502491
8154.588450
8734.091121
8515.553765
8424.674799
9467.929181
10248.760331
10098.263572
11132.663782
11445.106697
11051.324476
10926.342599
10760.627348
10254.663082
9717.441097
9539.320713
8877.432372
8501.205464
8903.644659
8454.003523
8525.309991
9350.102312
9570.524340
9214.934441
9789.268094
9348.955931
8942.582050
9463.599441
8620.474984
9160.666256
10104.165280
9523.207923
9734.202266
10165.076406
9490.056960
9346.393640
9655.322497
8919.538637
9384.893289
9616.369135
9010.346245
9388.321953
9422.137915
9390.859759
10258.984626
10331.075190
10318.230184
11093.114920
10999.527512
10487.129702
11152.757545
10652.972516
10340.832735
10468.757919
9806.380438
9821.943362
10059.232147
9893.923516
10125.000296
10228.428212
9590.966296
9797.062489
9677.712923
9440.214442
9284.351340
9309.109280
8756.180860
8811.240081
9314.182441
9460.877521
9814.034202
10441.521432
9997.557963
9750.798722
9685.127748
8804.628642
8904.469903
9201.434201
8392.668763
8548.853894
8839.243798
8480.405563
8272.089412
8100.134493
8553.068184
9371.285312
9140.207841
9722.033630
10140.633548
9419.359748
9391.195921
10124.950329
9564.320698
10713.795987
11976.079511
11669.660170
11644.651388
12542.165258
11639.823356
10874.078108
10701.904778
9959.292223
9450.622408
9306.995131
9207.132116
9609.787335
10241.185368
9946.937277
10152.749780
9490.672609
8872.413893
9003.650298
9015.953057
8700.262218
9190.621813
8866.115823
8307.307974
8594.881098
7844.644603
8273.068136
9472.360673
8904.002143
8873.148860
9966.593231
9613.328026
8988.786346
10044.299003
9744.412266
9447.502935
9775.363743
9244.814868
9032.442621
9957.441659
9844.834435
9779.509114
10859.635742
11181.938036
10620.896954
11157.919475
10571.385558
10489.970740
9537.323581
9368.604530
9471.927711
9834.284096
9359.617651
10236.873670
10546.167431
9959.443115
9790.624214
10109.195363
9141.056465
8917.509902
9860.603230
9967.028918
9667.095429
10691.047821
11248.342387
10408.995226
10852.154111
10490.026354
10096.390729
9587.928892
10099.969975
9528.489284
9753.597242
9281.694766
9097.874934
8995.094558
8679.759313
8995.094258
10225.479276
10087.415344
9862.688468
10265.796216
10065.897418
9959.732203
9956.610087
10041.044831
10215.694267
9556.816416
8941.541889
9284.896329
8735.159378
9259.676652
9821.793194
9899.691627
10824.996983
11224.543433
10915.378231
11093.337802
10768.675103
9617.401882
9223.709886
9814.202288
9705.063560
9670.824195
9771.992120
9671.920621
8504.123009
8916.436376
8719.528410
8444.217923
9312.257900
9608.588637
8678.270002
9046.804362
9885.759270
9111.102694
9261.432620
10023.280681
9629.647557
9081.425079
9337.138337
8343.960356
8007.629537
9115.929176
8803.455588
8600.386467
9703.043575
9624.679636
8765.806516
9188.752305
8866.919150
8370.282392
9251.124476
9313.574520
9322.657709
10469.028214
10790.442076
10478.073851
10953.168233
11127.121415
10678.067871
10818.453348
10221.819193
9537.869432
9182.570886
9173.046777
8567.112790
9235.401089
9494.802337
9409.050029
9240.421817
9674.640948
8909.504156
9028.193358
9337.083567
9118.907491
9128.257710
9587.459131
9334.511646
9318.977292
9518.871609
9159.865678
9131.721107
9294.018375
8862.048341
9390.205215
9439.904323
9271.100983
9633.752546
9459.097181
9224.503552
9749.187475
9968.394963
10139.956605
10758.519148
10221.361444
10099.436130
10065.417179
9603.153962
9526.241440
9701.348009
9504.514364
9423.435779
8920.287165
8843.759601
9312.671612
9128.196157
9587.410377
10539.881086
10751.079085
10416.995899
10282.547309
9576.911489
9089.648883
8400.432703
8925.314804
8947.148468
8843.759917
9074.805669
9157.886000
8461.181840
9104.785184
9004.885443
8936.410513
10216.367641
10494.317303
10238.144998
11006.634450
10784.369253
10065.221033
10018.107340
9652.499398
9499.643227
9327.916852
9095.386779
9638.503351
10163.294102
9591.704743
9794.753967
9384.013255
8644.567575
8309.720648
8197.352032
8522.576623
8525.043346
8491.237477
9115.746050
9371.840680
9015.854281
9904.281634
9563.552283
9157.643096
9700.977946
9113.798373
8681.951922
9178.775838
8263.404346
7629.344149
8653.833588
8115.188088
8146.529343
9429.929029
9651.004786
9707.491556
10880.034290
11198.987303
10670.985601
10999.372855
10224.677514
9422.505946
9003.943982
8379.182080
8329.375302
8809.878933
8650.750652
9144.370381
10590.352710
9987.677148
10174.935493
11188.748168
10623.071862
9761.405455
10264.279255
9670.652672
8944.324165
9731.611046
9825.198284
9481.758311
10006.327972
9972.541687
9588.566075
9267.144803
9039.336611
9482.533312
9994.027727
9837.705932
10943.241582
11464.592559
10678.156714
10178.765391
10153.750795
8892.284947
9157.502156
9804.206854
9396.493177
9227.887055
9764.878331
9371.625437
8131.697412
9347.817035
9987.914858
9678.708154
9944.277376
10783.987515
9748.733434
9189.907180
9708.335322
8871.675571
8696.710686
8730.534286
8258.532794
8149.762939
9601.932168
9392.437575
9879.501152
10607.136762
10394.650388
9763.787663
9657.810875
9477.113687
9008.204483
8942.469861
8630.547255
8851.881350
8460.374747
8997.452624
8891.529114
9097.239342
9943.685518
10479.791432
10029.975835
10035.911171
10058.018540
9111.555821
10404.738518
11110.733031
11306.509064
11697.448912
12278.452128
10979.681707
10307.930780
10436.037479
9983.267746
9761.552816
9535.030048
9500.414749
8972.276213
8298.362516
8348.582846
8262.359841
8062.449315
8477.665829
9008.543598
8508.668447
8845.901695
8780.263154
8483.620184
8683.207571
8574.219165
8936.091471
9863.190594
9763.348857
10440.926732
11271.786974
10968.729383
10390.951893
10746.884376
10168.896313
9229.224846
9274.989892
9049.778581
8828.585965
9043.402422
9393.658652
8897.363873
10234.107066
11477.569664
11155.316011
11817.252678
12390.352127
11215.993061
10656.818964
10671.752973
10047.803491
9977.418347
10196.077935
9558.993886
9371.688717
8843.557869
8372.120193
8508.946341
8066.018008
9299.425197
10573.689202
10546.058014
10561.856134
11505.074990
10396.189185
10111.984631
10485.858353
10004.836854
9477.365244
9286.643267
9055.425974
8672.360381
8713.308865
8544.200881
9194.151933
8966.173287
9180.720736
9367.778522
9155.618009
8309.209158
9040.287344
8748.829464
9020.607578
9982.778522
10507.515253
9929.920957
10223.503689
9852.308011
9399.337521
9270.926960
8965.214566
8949.790946
9196.373825
8837.511048
8774.776298
8361.775403
8417.920628
9045.836752
9836.074585
9726.851228
10208.360131
10137.781853
9091.323215
9378.870508
9456.864645
9559.806218
9520.020469
9729.371041
9067.357292
9532.531014
10022.926836
10457.899351
10426.761790
10304.411691
9911.298514
9623.972833
9455.381086
10126.879600
10429.907090
10611.267721
10417.302560
10236.561677
9708.793304
9349.690190
8975.268428
8606.406767
8937.309716
9171.153159
9071.728795
9196.381336
9218.208174
8590.334865
8924.762159
9839.827093
9555.422016
10823.443319
11099.269586
10846.073264
10789.954772
11071.225120
10206.006816
10199.666933
9743.952492
8635.224221
8679.032869
9159.856193
8553.322049
8769.192724
9118.588855
8412.909691
8041.460422
8470.226132
7732.770899
9041.421406
10009.493373
10109.583003
10385.547939
10878.619817
9610.785438
9110.813287
8560.851058
8653.210066
8259.409029
8334.468694
8846.826687
8806.569127
8965.624158
9474.332336
9336.803023
9240.308051
8727.977840
8795.814277
9270.231039
9770.130783
10007.220071
10769.273204
10432.539749
9792.208327
8895.926731
8818.039203
9351.631526
8849.623227
9471.105270
10455.004124
10157.997033
10282.817002
11112.836430
10710.121463
10435.400457
10766.766602
10238.543132
10324.658780
10545.894584
10614.987715
10074.663702
9809.129322
9294.455396
9794.191181
9337.780932
9300.544188
9846.854089
9445.824926
8543.325053
9015.103871
9230.793588
8993.294236
9578.214268
9228.590471
8838.114425
9012.827797
8154.064208
8016.490302
8999.865047
8834.304764
8671.925218
10402.613440
10938.172227
10303.935736
11235.004320
11156.778260
10229.507696
9696.434355
10018.044031
9274.892585
9768.376953
9946.504339
9673.558678
9177.204806
9283.243337
8768.453965
8818.139138
9210.020411
9138.261945
9494.154037
9375.476930
8972.236926
9061.386984
9355.017788
8637.063885
8483.626956
8680.564751
8319.258875
8659.532998
8896.805947
9005.965197
9043.175078
9110.759572
8698.667612
8686.189923
9011.044437
8826.611223
8689.285889
9469.825153
9497.771521
8950.881619
9013.631047
9255.852843
9074.427181
8971.607273
9055.948658
9262.289104
9856.507760
9350.511782
9684.704415
9725.624267
9781.644524
9211.862656
9152.564190
9680.279674
9958.552878
9312.013967
9180.282352
9026.999492
8111.031350
8752.425997
9070.891277
8914.671954
9648.619277
9664.011406
9317.477760
10032.908281
10081.667627
10044.062540
10346.998392
10066.102234
9772.495080
9637.622857
9428.686791
10277.940917
10325.125895
10115.675272
10979.490511
10404.971129
9870.621253
10229.820817
10214.127680
10235.600233
11082.166378
10854.192544
10598.075376
10576.260400
10422.906635
10366.679740
10107.407625
10085.507932
9969.784635
8916.508803
8629.271525
8869.497506
8460.481071
9756.452036
10301.638501
10132.982927
10345.132534
10585.830923
9489.670352
9507.767777
9108.360024
9405.128927
9364.417044
9117.676861
9574.296073
9748.648543
9042.760292
9268.089694
8708.799255
8173.462462
8966.152793
9097.269854
9019.202523
9440.787681
9275.464730
8700.736535
9010.005927
8831.971934
9381.545180
9393.950853
9181.543912
9244.224878
9041.056428
8819.230281
9612.636382
10181.289766
10084.154253
10065.577013
9781.347288
9003.297022
8381.575960
8525.056873
8690.893850
8847.039461
9346.617493
9161.835359
9293.172584
9633.813423
9499.329632
9291.070325
9519.005219
8900.501862
9106.828681
9444.209446
9165.833549
9431.029145
9068.587780
8727.941901
8360.182907
8093.737202
8602.558702
8823.865566
8752.319403
9529.921408
9554.281472
8895.329435
9467.054700
9129.598668
9217.021018
10034.618940
10050.612288
10178.547270
10665.999489
10103.689371
9938.247311
9928.827662
9725.933741
9906.829720
9950.298812
9604.433554
9891.937875
9020.291772
9004.953497
9310.960925
9319.932587
9416.963998
10029.101024
9448.061098
8948.738775
9055.561967
8583.679175
8833.680978
8777.691777
8612.356673
9194.128783
8697.685084
8216.562493
9387.841294
9678.254191
9071.950233
10411.250591
10374.272169
9693.170528
10065.138345
9911.750287
9761.903270
10730.192610
10680.303009
10430.160910
10583.115960
10014.956789
9976.932236
10566.933011
10469.622243
10675.153799
10841.067308
9819.262676
9203.533537
8591.811313
8202.921561
8949.447178
9705.116784
9217.798193
10129.957197
10439.320903
9730.362794
10030.061831
10764.361605
10392.540949
10404.908104
9758.354582
9261.696278
9142.709292
8930.250580
9239.877437
9958.411027
10327.043833
10463.931262
10389.279820
9932.647919
9607.893613
8786.111456
7608.972180
8283.981666
8194.746221
8197.970530
8270.469023
9506.183013
9216.300485
9197.837100
9407.201548
9435.018550
8838.624225
8566.826751
8465.616411
8324.804400
8762.432709
8921.654322
9224.504281
9316.636143
9169.729990
9060.783950
8770.151057
8670.304365
9295.075596
9151.431422
9295.074169
9707.257478
9529.344371
9740.548553
10374.742807
9987.500748
10093.628697
10034.143839
9663.567580
9644.751316
9460.429482
9404.480892
9641.671466
9142.310305
8661.636097
8589.650060
8261.770909
8176.893195
8520.639269
8595.395485
9329.209940
9019.996900
9135.580171
8835.597026
9035.225944
9516.389817
10625.007443
10678.336716
11061.300925
10842.213568
9602.753998
9789.893170
9924.394644
9920.948839
10498.968513
10742.433340
9970.594851
9543.619917
9362.618295
9006.318191
9218.710100
8912.765903
9231.545098
8582.185766
8440.993181
8681.951655
8488.622088
8419.494420
9313.956931
8861.291764
8792.145855
9139.224210
8942.121439
9169.070753
9743.857024
9234.497980
10053.364136
10015.666581
10153.206502
10821.733648
10977.936160
10399.773181
11355.606282
10586.624180
9943.454718
10652.534771
10968.158454
10442.789009
10817.243126
10866.872031
10582.561013
10126.466981
9920.406365
9709.029349
9880.957058
9150.050206
9478.159923
9659.129737
9380.598989
9215.158481
9352.086955
9096.317876
9264.822662
9549.923043
9562.252149
10155.719103
10021.253306
9540.153125
9917.266935
9432.875782
9536.298284
10432.549418
10629.333785
10286.135573
11319.725785
10779.861662
10076.861734
10564.088062
10410.721954
10126.604567
10520.248863
10598.504064
9752.066712
10067.512990
9658.454706
9333.880930
9499.152009
9530.612122
9444.687692
10081.786028
9878.965034
9597.579204
10300.646773
10309.612876
9997.284369
10150.458680
10069.032188
9772.463460
9827.530088
9334.304184
9727.488500
9818.108270
9949.188981
10099.291766
9983.917201
9493.577636
9933.785851
9131.356294
9244.830254
10022.304291
9781.809628
9478.765593
10366.004708
9762.486114
9540.459796
9634.385720
8994.238403
8919.028224
9467.636267
8986.762636
9467.636556
9932.686295
9517.402233
9547.878063
9713.774661
9538.539105
9763.568960
10156.968104
9639.347100
9839.405512
9270.725400
8896.162986
9105.384290
8949.339130
8930.179392
9967.602115
9636.162781
9236.157518
10075.814688
9722.807480
9766.291863
10482.199596
10550.074160
9885.688416
9442.309670
8877.008963
9039.720098
8936.629211
9138.615462
10084.810955
9660.020245
10278.445620
11368.300076
11706.201912
11854.744519
12351.948233
10940.179106
10053.647365
9210.820628
8901.542047
9832.396728
9947.991189
9510.971812
9759.006240
8912.413312
8478.418350
9140.512235
9424.417965
9746.197347
10245.738093
9330.894031
9215.523774
8828.324269
8693.100654
9545.740037
9870.704106
9780.359674
10017.478403
9325.425420
8819.253833
9231.688803
8588.453621
8491.532530
9465.621940
8816.024890
8840.707884
9877.789449
9871.379686
9773.390423
10654.232560
10064.264820
9683.060102
10301.286883
9844.796534
9891.795977
10441.179178
10281.938021
9994.701830
10279.617817
9995.337085
9629.856072
9205.028116
9633.333615
9412.442440
9106.487681
9518.676670
9727.851716
8878.497880
9181.739447
9025.442207
9213.163279
10071.446802
10355.894701
10610.212150
11022.784643
10373.196088
10072.969388
10107.434956
9650.778429
10394.388897
10841.342341
10469.267760
10722.394009
10670.229892
9848.276327
9627.213066
9320.816592
9202.001125
9468.969333
8884.716590
8966.019854
9609.201859
8971.978886
9183.568701
9730.287005
8839.968823
8774.477439
10117.527420
9563.033776
9709.639258
10596.850279
9921.975662
10250.234676
10960.475623
11070.674078
11285.433240
12098.122790
11193.158896
10559.122066
10193.594835
9865.805207
9125.582138
8762.998432
8649.711923
8999.530834
9555.512248
9883.502206
10095.918414
10175.341106
9894.372231
9719.493166
9525.748865
9272.782704
10485.840364
10685.291839
10220.362567
10598.468428
10969.913294
9790.679326
10049.998476
10137.438234
10121.835011
9912.479653
9986.299605
10782.440995
11276.284736
11191.819260
11410.645890
11214.257319
10374.166473
9590.013043
9808.733409
9437.249839
9581.245573
9490.392344
9499.718719
9621.604063
10283.530427
10436.758729
10043.376231
10327.723905
9643.588440
9022.020727
9389.864552
9530.370354
9745.666817
10142.389558
9698.943464
9328.155002
9074.936872
8622.307267
8912.784691
9168.990502
9242.550632
9786.034549
10066.974358
9792.122289
10029.487759
9916.052148
10091.346545
9482.018338
8860.840827
8682.414372
8713.235979
8044.130311
9081.589450
9868.768812
9631.398274
9707.861469
9998.273041
9133.234191
8742.950246
8808.504122
7822.118562
7638.245995
8159.317609
7662.595570
8531.459148
10081.165639
10040.597747
10143.595042
10777.312697
10074.883307
10019.450143
10016.583627
10497.631710
10809.786591
10600.375117
10208.667337
10468.215522
9627.706948
9636.862027
10058.477088
9608.179175
9717.461976
9173.953076
8490.492659
9148.961549
9262.454467
9568.494352
10152.474900
10452.224117
9512.531699
9438.908353
9035.861326
8801.754274
8705.118143
9135.796857
9129.849894
9310.967597
9486.022922
9617.300512
9776.139990
10266.416484
10225.767594
10469.290719
10091.733447
10381.810583
10483.148887
10345.320545
10282.910099
10195.672410
9727.087634
9135.927753
8798.892311
9729.479134
10587.995067
10869.049532
11362.916226
11719.129125
10850.284168
10416.352583
10147.555493
9381.683162
8985.537279
8931.941434
8900.681509
8785.265396
9223.417612
9179.857802
9538.628385
9679.245818
9082.551723
9796.466672
10689.585967
9989.815559
10474.200814
11195.929404
10852.644199
11489.556585
12311.187744
12401.746144
12592.229242
12665.711568
11469.553793
11291.408627
10469.644050
9826.367347
9262.703497
8622.508045
8275.746542
8760.218108
8972.064110
9514.716844
10417.077150
10367.104934
10557.946709
10789.275813
10295.775585
10158.120935
9743.046002
9524.389840
10136.376836
10044.269509
9691.634932
10235.040105
9425.724981
8554.504277
9121.336597
8912.147048
9396.138257
9805.452086
9705.422819
9604.298381
9997.797094
9404.593890
10316.876041
10547.447450
10667.082066
11132.723008
11063.429858
10354.827560
10789.275275
9980.285681
9758.630148
10098.615912
9686.275476
9645.812349
9998.130925
9723.423235
10151.194568
10303.876139
9782.542947
10055.264283
9977.227773
9096.570657
9221.600427
9580.869725
9350.761642
9391.613076
10694.182329
10500.064553
10175.264153
10803.013187
11493.744210
10788.509135
10856.722167
11286.873537
10816.077075
10150.560999
9569.384479
9328.962792
9010.559388
8875.689781
8772.734209
9109.942052
9715.932605
10043.756045
10218.293472
10077.880978
9840.700335
9453.453279
9140.967003
9474.523793
9600.006796
9668.657979
9453.197275
8977.823802
8901.480658
8867.185733
8589.390153
9257.611848
9360.914947
8699.050578
9655.043356
10385.804397
10129.704806
10707.219591
11028.665336
10219.952997
9817.035289
9430.196631
9217.475084
10268.119495
10586.516981
10402.751403
10808.638152
10408.958531
9370.243856
9454.557195
9092.332798
9432.600115
9798.070502
9501.069390
9729.021629
10334.591740
9856.910412
10069.283279
10676.228440
9986.001960
10347.833318
10598.047475
10444.794482
9942.499113
9792.553313
8821.169577
8549.427904
8427.417706
8550.182704
9596.289904
10174.392006
10193.089433
10455.614984
10498.386815
10145.297270
10101.537594
10085.893356
10023.547748
9536.663817
9364.848817
9645.692439
9364.847453
9423.994590
10195.976148
9771.261236
10002.700422
10252.372626
9733.668220
10328.099684
11152.726049
10499.678003
10686.736796
10487.091702
10193.264476
10677.571632
11158.000413
10939.575850
11876.755313
11284.931787
10567.101417
11535.502972
12141.571318
12138.751678
12244.812603
11448.923467
10561.626148
10683.672067
10639.923161
10620.995984
11236.447194
10583.548577
9856.101060
9518.610617
8829.684934
8763.664346
9335.340352
9491.481847
9326.209295
9423.985586
9618.056144
9439.661644
9283.610246
9317.906346
9256.701785
8785.088599
8506.938551
8413.402783
8310.004411
9354.805308
9323.696969
9326.811638
9991.954596
9682.995237
9315.022437
10342.774102
10583.072806
10398.509815
10764.638245
10252.953180
9459.537290
9337.284213
9131.638661
9505.926133
9987.437867
10293.561679
10018.414491
9962.139658
9531.370616
8946.175384
9252.259962
9711.277255
9717.539290
10123.847742
10475.882912
9892.012666
9617.384044
9342.287786
9392.312336
9530.202455
9180.406440
9567.539189
9998.401503
9454.964924
9412.107593
9771.366360
9178.178321
9427.847511
10061.998121
10269.984706
10504.435650
10863.918663
10794.589026
10813.375197
10531.665396
10347.319119
9969.483222
10300.794808
10122.758298
10153.178228
9716.025265
9394.274302
9078.892534
8557.366893
8548.313685
9316.342369
9803.928577
9047.850626
9632.016264
9996.310127
9034.278034
9125.133219
10053.069742
9793.315730
9753.660351
10556.467558
10353.467804
9747.129226
9344.424010
9583.162881
10170.421297
10129.987163
10910.781971
11816.416797
11660.804166
10913.732611
11172.804927
10545.090521
10426.629664
10065.252185
9861.866617
10349.006713
9796.421948
9221.983633
9975.727519
10212.988179
9566.145693
10131.451774
9975.728799
9825.066006
9300.324888
9919.148731
9959.642198
9921.828084
9738.333352
10028.798724
10225.412474
10425.555287
10763.253531
10373.855828
10167.497885
9620.887753
9277.189597
8896.449104
9328.222850
10049.820474
9703.282920
10308.887326
10634.110604
10232.305005
10129.643148
10413.674935
9826.380507
10410.389335
10125.496071
10087.967244
10472.018666
10103.999112
9738.434437
9778.364849
9166.449810
9622.086038
10537.448881
10440.328632
11059.292314
11181.282034
10212.988947
10041.053153
10440.627674
10217.021486
10610.618406
10448.468128
9580.160935
9586.373464
9592.294491
9373.940393
10095.468263
10979.448208
10857.714160
10842.118859
10695.623095
10355.161155
9599.471423
9130.882799
9121.531712
9061.973454
9656.031153
9612.127475
9649.447231
9928.005935
10484.097795
9406.793059
10106.326742
10196.689259
9372.945940
9101.088187
9004.413832
8770.090000
9347.918685
9335.437383
9151.343201
9398.263262
9048.175008
8761.004091
9309.168798
9321.480462
9184.183808
9309.169080
8403.934694
8568.581491
8928.080999
9024.779574
8930.929762
8878.059493
8917.939046
8996.043456
8833.353816
9639.279308
10688.605776
10606.344904
10468.837633
11055.712678
10590.394136
9697.204521
9733.858702
9643.366220
9546.301055
10767.857643
12076.810351
12046.199730
12710.958471
12651.617805
11730.904369
11374.197864
11006.667382
10276.121631
10256.898592
9682.648006
8995.393214
9690.772863
9381.386650
9312.919615
9831.215575
9977.848508
9181.567836
9787.522689
9678.163609
9312.917993
9906.134797
9924.652587
9883.942926
10111.696302
9781.011404
9433.947272
10016.292279
9398.007630
9413.183387
9828.877842
9223.032392
8625.425868
8722.206159
8663.017023
9665.459204
10230.738432
10396.083159
10543.258518
10149.755683
9068.945411
8713.032931
8439.815132
9121.121946
9517.742679
9611.674136
10504.758523
10884.864410
10256.560530
10706.658821
10381.594584
9972.176538
10024.508037
9806.044437
9072.279397
9740.330470
9309.391475
8785.462652
9104.323339
8866.859223
8173.866810
8258.044748
8070.914761
7905.273901
9619.982723
9879.439306
9985.710127
11168.586654
11301.970487
10218.283641
10462.297441
10158.928382
9448.323001
8904.889387
8768.053434
9195.371483
9832.578886
10374.833802
11111.836468
10780.990215
10300.023245
10446.995636
9680.787235
9505.499915
9446.349162
8784.676309
8297.639674
9047.759076
8619.831259
8972.322399
10065.908085
10071.715502
10231.165233
11031.236061
10824.817151
10684.204924
10749.749693
9971.189886
10096.652822
10746.464622
10355.801745
10649.707417
10860.372537
9689.780181
9217.989199
9599.247068
9040.285511
9664.967920
11395.987901
11523.790736
11306.081004
11800.363178
11004.076700
9976.451053
11072.610482
11284.573623
11216.132086
12189.600393
12755.553333
11653.641216
11306.210875
11112.536544
10016.266977
9269.730604
9129.218302
8672.816930
8972.555334
9564.092618
8998.904681
9039.798275
9554.803328
9145.732580
8606.524876
9222.020522
9296.987473
9168.834129
9365.633160
9233.772526
9187.078814
9745.939739
9258.688589
9592.861805
10520.988738
10683.725794
9930.998915
10845.818913
10068.210950
9670.113779
10297.661975
10563.079631
10207.576430
10925.751405
10417.002911
9526.688212
9576.918489
9033.521409
9117.841098
9730.545647
9980.445322
10067.746488
10826.527130
10145.686091
10250.082820
10284.190122
9987.681585
10318.556699
10902.428211
10516.896952
11225.454590
11000.662430
10354.534744
10960.014652
11321.357924
10684.416734
11477.840777
11634.449371
10868.487752
10657.272915
9842.488536
9567.512965
10451.104303
10782.431318
10714.647362
11976.299966
12074.128081
11783.769391
11574.029585
11574.029585
10946.077042
11446.383865
10783.531827
10658.660429
10266.747291
11372.755830
11060.175861
11356.274857
11278.675651
11484.147688
10493.757236
10250.321388
9659.850610
10197.004474
10721.323015
11504.787772
11483.325218
11470.087512
11201.930570
10411.245901
9299.509033
9608.760763
10080.789949
9671.328994
10409.739134
9903.920008
9347.845478
10131.609075
10603.351008
10165.361082
11155.165309
11726.812187
10736.758595
10474.382562
10885.101628
10731.957478
10229.181843
10385.470881
9791.760707
9969.388419
10631.739518
10297.202707
10141.184347
10506.680287
9802.239287
9374.299506
9880.265955
9567.848543
9624.045568
10129.673804
9370.538410
9476.945968
10479.189264
10450.940731
10295.236903
10753.942658
10476.021625
9701.549898
9582.783365
9444.955591
9545.031313
9769.987453
9657.633344
9613.460823
9200.302534
8866.197095
8847.219730
8843.892073
8803.583458
9299.507580
8968.845582
8881.336232
9040.660921
9262.268740
9749.007630
10364.926172
10077.170035
10036.362032
9830.588506
9515.004201
9243.056821
9323.955360
9070.668454
8976.870769
8455.516588
8790.047819
8403.063348
9067.999529
10367.087967
10970.438116
11051.933494
11542.688729
11170.438711
10317.909479
9438.812822
9435.558242
9425.895680
8995.327683
9535.758650
9912.307674
9628.237642
9693.590313
9931.208043
9331.528206
9652.825356
9190.750644
9378.243316
10218.217096
9718.541352
10034.075391
10808.840650
10149.865179
9931.209286
10861.303076
10279.787796
10033.231843
10061.173997
10067.406176
9995.499480
9726.137659
9794.718075
9913.359203
9201.208681
8611.147635
8999.898653
9478.041775
9440.327247
9840.380770
10545.763659
10279.538034
9423.744243
9851.914977
9789.116083
9061.415288
9909.975084
10300.583380
9838.026634
10053.964998
9835.131454
8781.109424
9711.943228
10817.821149
10842.319629
11963.284133
12545.668511
11583.503979
10996.630840
10156.510511
10081.629750
10197.895769
10204.262786
10188.789247
10407.357403
9548.290712
9891.613364
9875.755963
9123.071164
9497.949170
9369.813741
8751.445951
9029.199348
9107.220397
8900.871714
9884.852184
9740.851576
9812.760453
10574.730091
10428.128023
10056.177333
10436.079952
10367.335197
9998.805513
10173.957413
9695.996823
9561.098171
9320.512424
8927.263005
9017.922197
9061.415288
8271.546514
8287.267979
9073.796268
8855.056102
8583.225921
9628.182691
9153.294026
8337.957572
9047.319840
9975.181605
9300.662324
9753.825282
10368.607098
9619.414889
9550.904397
10016.382343
9485.604077
9348.012987
9554.057158
8991.948008
9656.907312
10877.880538
11005.984021
11246.205957
11062.198424
10412.378292
9569.198003
9453.916448
9110.174685
9247.593130
9180.452086
8883.595128
8671.197045
8746.113179
8393.331546
8258.448091
8174.300476
8152.804620
8911.314283
9239.330201
9382.756613
9586.297518
10085.725700
9576.770791
9842.388656
10188.419999
10360.023894
10166.624752
10219.484814
10141.499952
9660.634164
9648.199029
9045.323309
8929.630438
9354.454902
9121.628280
9493.380444
9730.839674
9421.791976
9009.212404
8938.858882
8273.485769
8417.521872
8820.065583
9282.261713
9799.870757
10533.955981
10331.309283
10028.217404
9540.686180
8707.451760
7870.858633
8661.059610
8286.718565
8333.323263
10155.571213
10558.571596
10217.854415
11329.472941
10976.939224
9812.917595
10334.135435
9606.709064
9272.401726
9403.843801
9250.639750
9281.673992
10181.555318
9941.024843
10490.574986
10689.463942
10186.478090
9740.038947
9827.552934
8962.533999
8649.921836
8493.703381
8307.051492
8756.099140
9477.877379
9554.270511
9685.262176
9944.781268
9207.767893
9117.100406
8663.527774
8689.096553
9166.845426
8885.268120
8666.739362
9594.717433
9516.848378
9048.289741
10513.170435
10972.036068
10622.655932
10803.867886
10850.894864
9770.507170
9420.876028
9227.603735
8656.439418
8937.275660
8896.650135
9105.860578
9525.443942
9569.069443
9381.672715
9412.887009
8976.257009
8893.250187
9289.743988
8705.697619
8927.532522
8690.258106
8757.356904
10016.262810
10974.907299
10781.482725
11489.885285
11774.890827
10522.455630
10244.506497
10857.154009
10448.133025
9893.394157
10327.664693
9774.530125
8994.025044
9493.597679
9710.919500
9195.687996
9570.340750
9636.063931
8739.638866
8736.583008
8924.326724
8271.671858
8080.604302
9517.481857
9891.362535
10028.718265
10846.747649
11205.669669
10219.020549
9903.909853
9622.624092
9054.216500
8907.173054
8432.826026
8224.040332
9061.317791
8730.629507
8708.266866
9264.160300
8881.557815
8210.046053
9265.719336
9365.686557
9512.514512
10051.859046
9417.522858
8998.952192
8895.943475
8055.588327
8202.883526
8746.138201
8389.923945
9876.830017
11719.408118
11783.835602
11917.720307
12602.091255
11527.771153
10743.903343
10746.909432
10675.158205
10802.750751
10834.514483
10565.774179
10406.422648
10378.239839
9706.779940
9622.565639
9263.110548
8809.717175
8438.323090
7772.944885
7609.606387
8391.161047
8204.429483
8610.682206
10059.682943
9784.962103
9578.891699
11235.956184
11370.210328
11279.690612
11673.084884
11391.649363
10148.655461
10114.218912
9636.432785
9202.082583
9202.142994
9098.160153
8605.169532
8808.144171
9248.167253
8757.913507
9440.965873
10237.263611
9822.032315
9769.203961
10331.411722
9430.830930
9099.214163
9739.683344
9668.200833
9437.047663
9528.693610
8897.856487
8582.466870
8622.954419
8604.602632
9247.477555
9188.407203
8888.283724
9459.873055
9719.107264
9621.058903
10732.951429
11254.439100
10492.483167
10742.191315
10181.967882
9407.373354
9875.599424
10034.759812
9603.996112
9919.630416
9682.367659
9438.644804
10063.597149
9904.174554
10133.514906
10929.860420
9680.754442
9690.262676
10973.707413
10921.721219
10759.079741
12006.054660
11196.531918
10187.654208
10512.436876
10181.615255
9850.310116
10827.333108
10890.478894
10620.701969
11101.713167
10670.573556
10227.578456
10174.259893
9831.134172
9493.782391
9665.431773
9218.778128
8775.328689
9268.726642
9209.425785
9090.491964
9602.963017
9843.449008
9343.977867
9596.754199
9984.270841
9843.841149
9859.392780
9813.408372
9263.451420
9088.889149
8785.598766
8183.127395
8066.638509
8831.864962
8404.365413
8129.753828
9109.813882
9180.439402
8908.497035
9276.842043
9173.828941
9255.341357
9925.833423
9348.314639
9707.390063
9779.494059
9379.687344
9651.780161
9933.053410
9246.211578
9196.049475
9333.820501
8110.765623
8492.406495
8917.281024
9088.990382
8748.117802
8846.488867
7981.132572
7681.864946
7250.587417
7582.630011
8279.695360
8486.067415
8870.552359
9763.544496
9164.130339
9114.937213
9411.503897
8552.856586
8708.733990
9795.703521
9394.402876
10050.466690
11155.822290
10665.892015
10375.194012
10347.415166
9629.191910
9547.845779
9245.258464
9179.738384
9228.693673
9116.182587
9166.427798
9275.366741
9309.650898
9769.382741
9781.688207
9809.821198
10543.903540
10084.595149
9526.863748
9883.182757
9177.497927
8837.164130
9883.184697
10320.811426
10277.495592
11008.057845
10927.293595
9871.404225
9613.899890
9710.802460
9298.624574
9033.331323
8705.416954
8309.934256
8572.642932
8369.704732
8629.340362
9503.803956
9681.426948
9459.589215
9715.769476
9062.523919
9109.782324
8910.806003
8782.679217
9088.805778
9447.767946
9101.236247
10029.333466
9948.134778
9613.693857
10151.082709
10092.010411
9567.974943
9645.919245
8883.997531
8300.125842
9396.122032
10364.590056
10517.263309
11232.407271
11260.828128
10295.630208
10559.027206
10302.518490
10658.688019
11489.450631
11545.163217
10231.499426
10524.789101
9700.779268
9119.943903
9182.308396
8851.231770
8386.667667
8854.460339
8504.751215
8673.079718
8946.034781
8708.627159
9508.093281
10142.338930
9717.418755
10256.430869
10966.162341
9953.754322
9941.369399
10000.715783
9372.760742
9763.058575
9591.209191
9122.608856
9097.634520
9094.994444
8360.828637
9441.302360
10044.030910
10019.016666
10267.282299
10536.045264
9620.693911
9217.829828
9008.469321
8766.876016
8504.358618
8607.199354
8094.983313
8463.700041
8929.215294
8717.091805
8941.721188
9582.130010
9104.319600
9061.297342
9192.547464
9154.955184
8939.616227
8970.963834
8624.577293
9130.645090
9083.554020
9808.326843
10123.901454
10194.220127
9797.478992
9363.434946
8648.269239
8926.252795
8966.013523
9193.974358
9740.454661
9521.974174
9218.798908
9770.426843
9198.990423
9139.557418
9648.634843
9201.665937
8849.767920
9517.970873
9421.446604
9180.820834
9365.094825
9141.384504
9581.884561
9519.205487
9494.249002
9759.828091
9704.737443
8842.496666
9189.319806
9248.475832
8911.430941
9468.962446
9471.989407
9434.256330
9684.320654
9565.533048
9687.993696
10865.911032
10859.231462
11115.060228
11993.591958
11518.672138
10812.318260
10250.402032
9697.510374
9931.742157
10327.168885
10167.547795
10808.009411
10410.892776
9365.027769
8752.493912
8818.128488
8802.333484
9430.342415
9629.789776
9878.154780
9881.149635
9737.674631
9690.767982
9424.859593
9590.537151
8909.805566
8875.259575
9040.973739
9565.461637
9298.942510
9636.335673
9539.354103
8989.760716
9283.533273
8863.866487
9316.809963
9788.452323
9473.025835
8967.217198
8796.007318
7856.148285
8067.760220
8436.883720
8542.942602
9281.006881
10136.810553
9271.399872
9490.232802
8937.485519
8713.878716
8138.858414
7892.277862
8189.265338
9432.114457
9429.468735
9535.516777
10194.332171
9722.658908
9238.831778
9020.957883
9168.119589
8784.079527
8361.501834
8280.395544
8502.054936
8226.322727
8270.884939
8907.322365
8738.652071
8720.485323
8939.124577
8714.207120
8557.994418
8132.961486
7875.708541
8987.926155
9718.604740
9981.229073
11026.969462
11573.430444
11772.775426
11706.823334
11803.744894
11813.327497
11482.689853
10866.936911
11279.183960
11092.150760
10235.968052
11038.885422
10622.798542
10092.424645
11113.148051
11229.549490
10842.749498
10865.423478
10405.954958
9665.583232
9940.769466
9287.930782
9131.975034
9325.751409
8835.242252
9078.879436
9320.625448
8546.632707
9064.593769
9124.138209
8424.552438
8893.267374
10192.458468
9930.335444
9861.199072
10320.125858
9480.949787
9347.076068
9231.460536
9325.170868
9686.964741
10995.639007
10292.483670
10092.742241
10536.296831
9889.708413
8998.319308
9341.953992
9182.476003
8898.275347
9232.547969
9106.901385
9041.306666
9178.989386
8894.519863
8785.194384
8877.109552
8459.000356
8723.760657
8933.324283
8586.954944
9015.614930
9134.077417
8999.738400
9284.271467
9605.653031
9572.074752
9475.055235
9191.008885
9275.377691
9203.055225
8753.342748
9699.648666
9740.059958
9246.762213
10561.533718
11238.203273
10969.867379
11382.491943
11101.123324
10348.188578
10140.198304
9674.802348
9559.196688
9603.074884
8769.399723
7794.295109
7855.172328
7997.856436
8032.776500
8691.256505
9472.410895
9216.432808
9157.065919
9897.384437
9531.780316
9675.819192
10228.792375
9975.910928
9716.320581
9700.711943
9391.478419
9185.081246
8950.682150
8819.705168
8354.010184
8528.940079
9378.646159
9722.033630
9606.475115
10865.571179
10892.852285
9805.920604
10299.564271
10111.741775
9893.356297
10297.424669
10606.768911
10893.565445
10515.845016
10031.420312
9795.281153
9829.785768
9389.465709
9689.110590
9545.376935
9272.677456
8913.623286
8432.873900
8941.693208
9066.846084
9131.076605
9305.910123
9043.181651
9143.402199
9293.337969
8935.446865
8497.402100
9619.107952
9262.801681
8991.240042
9551.918660
10385.847614
9764.119628
10248.466478
10635.280133
10265.031509
9624.566949
9259.210451
8784.734768
8884.404735
8532.203293
8959.781602
9612.799638
9706.469097
9637.722049
9870.603152
9914.208886
9726.868654
9142.766898
9267.958484
9975.794574
10028.604838
10031.860347
10871.806532
10615.617182
9914.099751
9552.026974
9308.360357
9317.693639
9242.869177
9460.112453
10081.700066
9822.377332
9563.276979
9381.894600
9329.952167
9345.912394
9502.048777
9423.718028
10160.736852
10366.163014
9541.477842
9975.981945
9635.158741
8885.476056
8465.739712
8178.519837
8054.178536
8596.750642
8094.467610
8835.745410
10325.788779
10091.439057
9478.864316
10022.446023
8910.646422
8604.745140
9763.194461
10634.610609
11025.024146
12010.647860
11602.392759
10602.791454
10471.074456
10109.222969
9331.267665
9656.356064
9275.055043
8619.078461
8943.511318
9262.437351
8534.237360
9368.441255
9493.589669
9153.154296
9073.539507
9438.989214
8861.290244
9189.139839
9086.275034
9361.844405
9745.813229
9692.712788
9823.713604
9836.389450
9303.696102
8838.168552
8769.636139
7972.985266
8657.294350
9107.249851
9516.383936
9969.257603
10184.440728
10187.779140
10356.085143
9622.429808
9188.446019
9925.299709
8894.673340
8419.821901
8816.847120
8797.898701
8441.364677
9419.517135
9798.951867
10045.355794
10429.970880
10564.293133
10126.962784
9762.616367
9341.226701
9587.704201
9312.986869
10068.582245
10475.955357
10775.773243
10229.414404
10148.099272
9026.774722
8931.715410
8991.240744
9041.233713
9428.737712
9487.868179
9503.415459
8606.713611
8669.473957
8229.461625
8435.331506
8872.928823
9572.767400
9425.487369
9900.280628
10262.874975
10020.813141
10511.482333
10749.069693
10758.509024
11111.758131
10670.544899
10683.536083
11082.940629
11051.884021
10767.706935
11463.287105
10422.852903
10072.876185
9517.103455
8989.164643
8652.312412
8877.228011
8330.778481
8736.552348
8770.911436
8133.542821
9483.285010
10329.713685
10023.415605
10307.470975
10920.205096
9430.743217
9005.709692
9277.247595
9246.334140
9341.472580
9928.246430
9866.060064
9819.020086
9450.477119
9073.702670
8920.430823
9367.203492
9389.373687
9695.255937
9713.826407
9129.674119
8454.833694
8792.004480
8374.091500
8337.016653
8702.475089
8624.338475
8980.064836
9073.980998
9267.247479
9494.932796
9463.780774
8565.243948
9070.364050
8479.435827
8548.145541
9200.659555
9078.817869
8841.361326
9276.193059
9126.509300
9510.896772
9744.892707
9719.864837
10200.619006
9672.828966
9195.068104
9348.221234
9192.051877
9112.173417
9805.755601
9759.044539
10296.071054
10799.285524
10722.384035
10734.694415
10572.410237
9919.737295
9563.576478
9180.813582
8762.132400
9096.447165
9377.443574
9745.955619
10325.280246
10643.160749
10468.830677
9925.187356
9244.529701
8582.631847
8404.828727
8042.762310
8494.920655
8560.300823
9023.416324
9095.410616
9173.075339
10175.608590
11046.865004
10599.816917
10809.299325
10428.298610
9909.738424
10016.080376
10208.968363
10233.890914
10867.681981
10003.057477
9356.251850
9065.282216
8837.500074
9612.013700
10055.247258
9948.977570
10549.349385
10936.629429
9634.422486
9759.457583
10055.885632
9667.164922
9592.017634
10141.751218
9585.958735
9682.873906
9627.651262
9049.466913
9315.014873
9487.039327
9374.586899
9726.748371
9504.836187
8859.101183
9061.454608
8730.847791
8718.369319
10405.029325
10879.097705
10701.173635
11101.234130
10871.522107
10312.471020
10721.871171
11005.983519
10936.923908
11359.539140
10597.910760
9920.015894
10366.641069
10463.395996
10362.762142
11021.629602
10456.238815
9528.343161
9603.484976
9040.074556
8940.013341
9667.772076
9920.428857
9689.495752
9683.414765
9461.139501
9470.723741
9130.132646
8623.942784
9742.064967
9311.003959
9167.540603
9997.966178
10291.515087
9342.158304
10097.674241
10316.920665
9879.391869
9582.524737
9120.079592
8919.880797
8523.606496
8448.303373
8795.463492
9503.083681
9131.187214
9824.259289
9127.993897
9677.731557
9904.621943
9567.080331
9110.871199
10266.671153
9170.154725
9540.877633
10884.452437
10921.496860
10403.424304
11161.802734
10252.373883
9496.198156
9424.375763
9602.795382
9484.192415
10139.555280
9951.872133
9811.544311
9355.524811
9193.141672
9040.192995
9055.485849
8842.999867
9452.503400
9302.472241
9050.944086
9404.149142
9407.300006
9185.287755
9460.159419
8960.726225
8726.642224
9563.703460
9270.127309
9610.635201
10094.673823
10056.952951
9348.189728
9138.978972
8542.629289
8343.409623
7812.882009
8209.038712
8986.876026
9096.047638
9215.585094
9602.845050
9293.391583
9296.793170
9671.310142
9717.200029
9726.670651
9607.937051
9042.433049
8768.394244
8670.031173
8123.465863
8494.674407
8166.685426
8494.674128
8718.669717
8799.906088
9308.855856
10492.519675
10220.760623
10548.586459
11192.201319
10192.586142
9789.570144
10002.358571
9462.694806
9669.234865
10006.152146
10146.722246
10328.101888
10597.748688
10469.383035
10301.004201
10204.053220
9195.205462
8999.195710
9020.918400
8996.174403
8434.134210
8971.241151
8738.103617
8501.525151
9091.135400
8988.194045
9138.204797
9634.339655
9787.428853
9787.428853
10758.563890
10740.012153
10602.132527
10296.044477
9674.497714
9543.668957
9896.322754
9693.981613
10518.551589
11264.297940
10702.351510
10112.351783
10789.690669
10436.490060
10449.221576
10630.233034
10870.658250
10803.015824
10431.709350
10406.713189
10309.886658
10063.575027
9554.666539
9832.657072
9198.809047
9220.463520
9673.233328
9364.001476
8754.927915
8998.618353
8814.276891
8492.587845
9708.570657
9880.518665
9605.498952
9724.481019
10180.524014
10054.742037
10385.884793
10270.047528
10201.281470
9817.206671
9109.848744
8829.298318
8982.586071
9185.461008
8695.632064
8707.641075
9394.844373
8978.995801
9135.634233
9576.186814
9254.523642
9167.320835
9279.711557
9722.947749
10216.359770
10344.816926
10154.708954
10463.632216
9801.687775
9239.591761
8860.167782
9178.451968
9912.148860
9921.275739
10108.905361
10197.622938
9763.634163
9507.161179
9307.709799
9641.784847
9804.432726
9898.069460
9925.776823
10494.311869
10250.905017
10410.067561
10116.641790
9879.276683
9591.753703
9010.929875
9191.630359
9232.293559
8801.238153
8804.401847
8616.890918
8228.581255
8915.187771
8974.352898
8608.663307
8808.790313
8958.769369
8977.491394
8784.337031
9208.973651
10392.649260
10631.556422
10544.106011
11284.114423
11545.743277
11496.211065
11238.768694
10630.177004
10652.190176
9674.501521
9330.977912
9551.648807
9551.648807
9523.586236
10863.526604
10332.239740
10366.112321
10209.724991
9735.179936
9806.941277
10069.137435
10182.631494
10707.221880
11032.318476
10566.773417
11132.566013
11220.665568
11096.082642
10368.005925
10018.379807
9490.586296
8731.344839
9286.889959
9986.808479
9705.428690
9864.834731
10462.312575
9700.009173
10271.253048
10580.792445
10096.565055
10347.619222
10460.152581
10279.066985
10759.791384
10669.575031
11125.921689
10872.903487
10267.013099
9811.072719
9826.521828
8681.132196
8987.295111
9005.776591
8462.167191
8587.697361
8823.172801
8679.724181
8932.381300
9097.846490
8735.817273
8830.778105
8446.347988
8068.270462
8280.473491
8824.317854
9786.440093
10248.699810
10017.374224
10254.658973
9792.501562
8610.069307
9166.461089
9309.688008
9122.197910
10015.807522
10910.211174
10335.009865
10753.810345
10656.882462
9832.532767
9290.356469
9231.221349
8796.982766
9227.904560
9196.569030
8881.263521
9437.284912
9808.767298
9568.203827
9815.019029
10047.586334
9947.898256
9345.224792
9054.653804
9098.092164
8461.086887
8308.351887
9342.069485
9257.563262
9413.527277
10011.027648
9399.141102
9970.091212
10701.068929
10319.986516
10706.485040
11199.479330
9560.083372
9557.165360
9529.127176
8919.387096
9332.035736
9931.550566
9394.274818
10334.050204
10367.842306
9474.579258
9390.701156
9621.623521
8590.909869
9458.000583
10341.928516
10238.528011
10416.703496
10622.393718
10432.955616
10254.744899
10782.667950
11020.695788
11070.330164
10549.180008
10689.653459
10086.765850
10080.996963
11198.629746
11045.220790
10826.841861
11263.801540
10821.004253
10377.312600
10701.609610
10901.783299
11195.805319
10801.893120
10848.966795
11173.185330
10730.218953
10058.491599
10455.423219
9515.255485
8896.449706
9059.255323
8899.423582
8968.303633
10061.398667
10358.102293
10523.481882
11204.861972
11354.972829
10514.845311
10579.093474
10463.359065
10163.561068
9882.456555
9460.670516
9206.669977
8862.872446
8316.490297
8622.497427
10265.467802
9860.958070
10001.912818
11128.576081
10532.327313
9792.312140
10858.331675
10845.732937
11277.081118
11611.170876
11283.318674
10835.739891
10791.840095
9770.858592
9655.581482
9243.188165
8878.490065
8878.490065
8388.631552
8797.378194
9178.564600
8948.872910
9448.205329
9747.880732
9201.395375
9423.368357
9671.352864
9106.125043
9224.533504
9103.199754
9093.901193
9458.304728
8958.350298
9242.778680
9670.559082
9607.978010
9460.829598
10441.474156
10044.706269
9720.228121
9198.861016
8788.007460
7892.011341
8098.359610
7751.731283
8010.695537
8736.414375
8726.993127
8849.098005
10195.059851
10069.803550
10106.889680
11865.706211
12218.128835
11237.410851
11948.970983
12032.283865
10620.535272
10911.094446
11135.674483
10332.990348
10517.118490
10439.053268
9867.564326
10767.150080
11309.952428
10737.573954
11444.114435
11290.427526
10521.818918
10572.115634
10182.918630
9905.189762
9683.427583
9102.545928
8965.106561
9531.632324
8778.959202
8925.793194
9731.459961
9587.837464
9002.767925
9805.496297
9140.275298
8893.525227
9243.449164
9344.354250
9481.683965
9681.787937
9569.045133
9285.277724
8846.939917
8650.069780
9131.234886
8693.802299
9034.228414
9668.512893
9165.633162
8736.845455
8814.887156
8308.706342
8289.763022
7962.413346
8139.359674
8614.958204
8043.443019
8205.568040
8930.080524
8833.258513
8508.441821
8680.571175
8202.757598
8396.259162
8055.626534
8243.364144
8895.992916
8997.099891
8925.306624
9628.036073
9256.335490
8878.318645
8820.007413
8239.334348
8466.706701
9366.693029
9373.085411
9716.039213
9678.505369
8654.137047
8194.833908
8825.618161
8388.420897
8700.106476
10158.599839
10077.473912
9740.089158
10459.930811
10241.900740
9869.783418
9719.831896
9401.150640
9431.887830
9800.241407
9450.650708
9578.744241
9172.468172
8786.259378
8083.852741
8389.873373
8958.415223
9230.523328
9533.491696
11154.295470
10913.926131
10289.382609
10726.631614
10282.211548
9473.303948
9682.959200
9704.706458
10185.197519
10660.313115
10169.919211
10066.945036
10426.236191
9401.570070
9560.870641
10110.590283
9536.182120
9689.038349
10317.145903
9606.057522
9803.209181
10333.545503
9628.149325
9393.830581
9675.663508
9266.629385
9990.830783
10162.834626
10137.910568
10058.093660
9939.737378
9358.650848
9289.862858
9505.078833
9679.870832
9720.535458
9351.800767
9348.895221
9324.061494
9369.774161
9194.918648
9382.082290
9157.577107
8888.876849
8772.531822
8572.615521
8800.668776
9372.283688
9112.794749
9504.813306
9576.850684
9211.377954
9683.233195
9773.560865
9341.883219
9941.490629
9741.507245
9172.855086
9869.547239
9731.621348
9794.132783
10543.887270
9869.138543
9612.930541
10032.886853
9235.910444
9432.815060
10666.780596
10263.911931
10772.153527
11996.820905
11293.524233
11218.890943
12143.070095
11867.276500
11871.049138
11748.536376
11374.161100
10546.256464
9949.050140
9265.269299
8915.644560
8849.933269
9524.602586
9160.019949
9325.667109
9066.417682
8756.906524
8991.309921
9784.578574
9600.780153
10459.088467
10231.070112
9306.831204
8899.330397
8764.844278
8521.761252
9327.316469
9649.048329
9342.646385
9711.035627
9951.447651
9327.098445
9073.953501
9503.320411
8975.926918
9309.875828
9912.957673
9941.490087
9617.076861
9738.605766
9063.652820
8701.657025
8523.753838
8839.109668
8770.427312
8526.464086
8445.759551
8080.215557
8223.980663
9267.510015
9364.210149
9173.473174
10141.856181
9740.491896
8300.749020
9262.624429
9987.461795
9949.567196
10063.587077
10213.292277
9073.214393
8504.638254
8077.066777
8079.939812
8438.864473
8638.605424
9041.720450
8879.493065
9124.596166
9168.369217
9205.575808
8587.651522
9080.802490
8596.420256
8097.065712
8556.158264
8740.321022
8777.941841
8515.012697
9442.061278
9667.067079
9404.737225
9214.361674
9817.396299
9558.351470
8949.451272
9492.658193
9448.881005
9822.541323
9472.808283
9738.407948
9678.951572
9348.045693
9050.630701
9169.453012
8675.975849
8706.996963
9503.861073
9335.173685
9666.275915
10884.705546
10749.925519
10618.937442
10401.487845
10064.440226
9170.532412
8936.825057
9233.322424
9570.037430
9920.043345
9710.609975
9607.674796
8955.359900
8719.189339
7619.275351
8288.012423
8319.661703
8032.462418
8273.779554
9026.583491
8287.048127
9235.626716
10004.266298
9940.177642
10726.937691
11457.964337
10664.850953
10858.196723
10987.276137
10305.593660
10133.996199
10275.072249
9596.746916
10001.611322
9807.688572
9448.412953
9648.487290
9280.077918
8976.848611
9485.904497
9148.089880
8858.355282
8670.615199
7957.234522
8250.498486
8937.519331
8903.231007
9468.573370
9312.444821
8715.751090
8790.647371
8575.177631
8621.956045
9991.062044
10294.510180
10072.101052
10540.736909
10396.877814
9358.934976
9133.892661
8596.420017
8618.576458
9408.725840
9169.733640
9138.755451
9731.934462
9585.277815
8614.046971
9183.646600
8824.380294
8461.990571
8274.509075
8408.913988
8445.911564
8892.765858
8992.568573
9370.330126
9563.929072
9334.419436
9381.137009
9275.011466
9478.070464
10055.586285
9905.705668
9668.495559
10814.442455
10904.879265
10455.514691
11337.799978
10990.416829
10422.325810
10778.379338
10581.723213
10165.280972
10946.000300
10802.253757
10393.560171
10684.055949
10393.206269
10243.332856
9765.078465
9359.429760
9099.784581
9109.311645
9099.570618
9246.715773
8809.232041
8824.812240
9266.293550
8869.517286
9250.537593
9434.576323
9615.991184
9382.760568
9295.803086
9782.684787
9685.820902
9367.354729
9575.900111
9338.029924
8760.794529
9394.568614
8976.528445
8556.548009
9343.476264
8850.106579
9477.996787
10914.470892
11364.939701
11402.414534
12066.668656
11021.537483
10552.506589
10105.763025
9047.006814
9293.434603
9764.925669
9003.113993
9612.650530
10140.476982
9347.348529
9378.450034
9400.230794
8425.930056
9341.529406
10040.994392
9581.884305
10706.361372
12041.653404
11544.515500
11519.664862
12300.564446
11775.415835
11647.052910
12300.542091
12356.407749
11706.824229
11485.285655
10854.278695
10273.252029
9889.033161
9507.713108
9270.514328
9371.808540
9115.716033
8706.243571
8956.575450
8800.265359
7709.626311
7740.824126
7903.762868
7194.367774
7922.540075
9533.269155
9155.346829
9520.753279
10810.535052
10395.176370
10288.020726
10753.475302
10737.892194
11146.861414
11159.305118
10994.443310
10925.531669
10350.758229
9454.297353
9685.233367
8775.514429
8862.932012
9865.818709
9762.652227
9456.492804
9897.821386
9329.065690
8844.969271
8860.979267
8745.332140
8110.657631
8494.925049
8672.882946
8548.471642
8729.629046
9519.694348
9294.903042
8757.588245
8919.864867
8954.764935
8598.852220
8933.332143
9042.369678
8924.177252
9395.391430
9643.657806
9662.634190
10005.761379
9781.210657
9499.900683
9496.772513
9019.057304
8784.967788
9056.452767
8591.148993
9013.872051
8941.930786
9041.884627
9794.722448
10094.654156
9690.345989
10205.555626
9830.825543
8999.849098
9196.670787
8819.873991
8660.903386
8994.980021
8932.288407
9207.404224
9691.343313
9594.244166
9994.191275
9887.880733
9225.477384
9419.044046
9865.631709
9715.661419
9962.136372
9824.680202
9169.332912
9050.462290
8557.306368
8716.644334
8978.288810
9134.917496
9131.927751
9625.197757
9925.134973
10503.087526
10790.560750
10475.310575
10128.911298
9141.691444
8229.923203
8018.233734
7924.315195
7705.863580
8321.677473
8453.022004
8459.066725
8131.103048
8505.277229
8768.367941
8333.845546
9133.179825
10213.849385
10269.922703
10132.596342
10647.888652
9624.759498
9759.302535
9815.399874
9490.504576
10021.418479
10477.683810
9915.579792
10230.992782
10224.773606
9909.504358
9722.594946
9210.418658
9147.689442
9713.420495
9188.724623
9418.451525
10261.375292
9817.965806
9312.344603
9805.647030
9554.409728
9451.501608
9304.676121
8742.416095
9157.850672
9286.489345
8818.169949
9127.123556
9964.220320
9574.007037
9745.277457
9538.957415
9545.354665
10145.015973
9986.040503
9676.485008
10079.618599
9235.700983
8680.262017
9432.630462
9527.500271
10070.740024
10670.617760
9955.580794
9396.548410
9611.122822
9067.668325
9042.315124
9507.632696
9582.797155
9200.162417
9209.488487
9271.574441
8977.848263
8428.191779
7947.430677
7922.863454
8003.900686
7957.323263
8269.968678
8713.561529
8504.309870
8594.930123
9132.032774
9628.654609
10489.391314
10486.110825
10252.103148
10223.660513
9611.897897
8971.506876
9105.823313
8909.059352
9439.927424
9767.974598
9388.185878
9550.723973
9869.113251
9738.027846
10328.240753
10821.473352
11024.547235
11574.108589
11623.726898
11438.890619
11234.472930
11865.749020
11634.621300
11809.056544
11119.238540
11744.056369
10822.516559
10497.811755
9804.563344
10069.552123
8982.652143
8948.317235
8542.365921
8616.921849
8626.118659
8543.460833
8849.811194
8977.548350
9424.213863
9171.069451
10081.260878
9977.949207
10124.854196
9159.887927
9487.779755
8807.967745
9126.343721
9269.953027
9732.055156
9713.624727
10197.306932
9994.404689
10066.276732
9641.453454
9488.497766
9096.443622
8915.420235
8824.499346
8818.559810
8984.221302
8677.859739
9133.574131
9130.573941
9514.804066
9905.228016
10774.927192
10094.209517
10331.650668
10849.953004
10456.579268
10771.928094
10866.182667
10700.635008
10254.276844
9907.814751
9923.339419
10023.229467
9773.353169
9754.652427
9855.031585
9003.081300
9137.404369
9062.041625
8837.684770
9121.607213
9063.094891
8854.049644
10487.469175
10981.164614
10862.318585
11184.128777
11384.063101
9856.635945
9675.677986
9082.017591
8916.949476
8663.630358
8913.634196
8976.509194
9388.498659
9431.360316
9649.812912
9384.149244
9412.408076
10053.262503
9697.480498
9725.774443
9759.965968
9304.142692
8966.576436
9181.108431
8712.714328
9352.559283
9527.477800
9190.345078
9968.699740
10505.657247
9868.586469
10140.286681
9981.146224
9297.932049
9254.132038
8557.700643
8660.939835
10131.729207
10290.976942
10159.712307
11518.775358
11243.827095
10544.169835
10510.269725
10822.661911
10419.403985
10301.162013
9932.439038
9629.237443
8867.152748
9214.181090
8926.642978
8589.354753
9290.719512
9659.188461
8900.155493
9674.909139
9559.283666
9047.825743
9350.612358
9313.341079
9185.062373
10206.718736
10353.772430
10331.768611
10850.081854
10387.653639
9747.422460
9906.818827
9725.925745
9516.507376
9632.263652
9863.079892
9452.997763
9496.215906
9380.952465
9412.023984
8659.550712
8337.678449
9477.928201
10111.554454
10045.646297
10277.331309
10635.376051
9567.566467
9061.480768
9489.489586
9364.601787
9731.986147
10110.004167
9941.502300
10566.066144
11624.341257
12234.334441
11871.797441
12097.117872
11237.842875
11300.389077
10641.813318
10866.829690
11172.744845
10857.568933
10260.728515
10680.902997
9796.627285
9527.885248
9887.084750
9325.269449
9110.510441
9750.839509
9573.064397
9847.203531
10634.768222
9945.785713
9792.513054
9473.723199
8790.080338
8408.737697
8323.314306
8689.047486
9937.970147
10159.475285
10671.201817
11097.904132
10926.050936
10332.340014
10088.760102
9945.326549
10018.554287
9628.379135
9194.118104
9544.236795
8360.571712
8458.621640
8492.601111
7768.100745
7964.864095
9230.016566
9149.985251
9715.484520
10502.595638
10268.135340
9737.433833
9467.736384
8873.727273
9570.034644
9323.360659
9304.531175
9726.919535
9377.154872
8896.296774
9770.768643
9683.446227
9450.445744
10181.550376
9703.681891
9562.936583
9709.543911
9333.243383
9345.652563
9670.318595
8726.911149
8583.112957
8497.194361
8210.325526
8635.159534
8800.617080
8900.316817
9525.342375
9356.672298
8959.787596
9006.684707
9097.408520
9376.171899
9472.956933
9704.352326
10431.915683
10841.353063
10721.852556
11233.794540
10665.669183
10228.402801
9625.201519
8785.710564
8314.328692
9319.920093
9260.961930
9332.872650
10558.073244
10667.198545
10048.758140
9845.574613
9389.968686
8645.593531
8795.596347
8370.513066
8820.188475
9101.492345
9474.877719
9006.419462
9162.644799
8831.743711
8544.043471
8666.867662
9669.626012
9990.986407
10363.291672
10902.825063
10106.753804
9747.365722
9122.768847
9025.936207
9132.298816
8945.253049
8754.884685
10141.598704
9841.935886
10725.888238
11513.301046
11537.031447
11262.800748
11147.231029
10413.480503
10144.039954
9738.059227
9147.386496
9207.101638
8841.511524
9028.511461
9709.144678
9468.927414
10209.036942
10355.683894
9813.638189
9457.706581
9860.479077
8826.547327
9482.629982
10355.502843
9993.316063
10330.883493
11058.551787
10033.871156
9911.312600
10020.459377
9717.563901
10239.267999
10629.688284
10663.528060
10957.439091
10682.662948
9847.613698
9061.193672
8503.910046
8872.306337
9034.459986
8875.223230
9515.663234
9298.126261
8658.070266
8948.605372
9132.585818
8913.963735
9394.747464
9070.069946
8710.851407
9216.898804
9969.460008
9454.824220
9926.189502
9935.807588
9539.043868
9133.214806
9270.893008
9239.879622
9005.592601
8792.982312
8630.769269
8554.084683
8413.650381
8220.014800
8057.450822
8094.959626
7865.902071
7659.512686
8964.969152
9517.536515
9754.911354
10713.745780
11132.634784
10260.671479
9911.009664
9860.976848
8893.247409
8821.183599
9055.444546
8724.209925
9695.787438
11064.509883
10971.059412
11673.571264
12242.512783
11109.520958
10428.806250
10216.351568
9048.329692
10276.193260
10935.021354
11002.278372
11468.329675
11872.965429
10718.041285
10090.704631
9477.959431
9127.989360
9287.179119
9518.324762
9168.712129
10004.736430
10688.677679
10570.386565
10539.144955
10941.755573
10583.256399
10901.792317
10973.748419
10365.108889
10685.928596
10747.765152
9657.915323
9495.158787
9557.853605
9286.222747
9252.322760
9102.676561
9018.246760
8771.286127
8524.490629
9134.151229
9737.243832
9608.792842
10586.363759
10746.017739
10295.684289
9955.074653
10111.107070
9714.817892
9864.632398
9129.442802
9203.926329
9201.130668
9044.936185
8691.980124
9044.078597
9025.500386
8460.501087
8148.859248
7889.057620
7261.379669
7388.920351
7813.055109
7722.837025
8404.342224
9470.057779
9026.297284
9479.086011
10516.424872
10812.735500
11217.172872
11888.854191
11808.183271
11261.219121
10414.751034
9431.391200
9515.702640
8860.262724
8722.163323
9006.356464
9239.491815
8405.363046
9423.614923
9867.284386
9829.774340
10059.250460
10911.957726
9831.389305
9275.441082
9313.079932
8731.281405
8743.585329
9633.692194
9836.483234
10370.386890
10597.417086
10203.755752
10228.961696
9847.187723
9398.206971
9765.295916
9100.094073
8760.098376
9281.351091
9531.382149
10055.067229
10720.756068
10579.893784
10776.428940
10620.403531
10056.629753
9532.070018
9985.075984
9678.823665
9969.330906
9708.845298
10280.510949
9924.605840
10093.201952
9262.339694
9351.031944
8720.329665
8670.445238
8392.237373
8582.763216
8965.820434
9352.782495
9128.177193
9787.264530
9865.392981
9280.370690
10198.276137
10048.466380
9201.814195
9764.215479
9430.659151
8818.430596
9605.195328
10151.713203
10030.043527
11135.619484
10548.693582
10264.623435
10417.343560
10070.422727
9991.037960
11062.557160
11137.249949
10990.278882
11149.796143
10675.285302
9953.704022
9872.341167
9578.937402
9019.708111
9001.253821
9195.026045
8873.212003
9007.429733
9032.851072
8931.378751
9069.012442
8985.005940
9137.832179
9756.075004
9930.962727
9490.413196
9268.890132
9218.730628
9250.217623
9335.813984
9860.696827
10219.797612
9788.813427
9123.629779
8648.847194
8283.619075
8189.571302
8842.374686
8638.859597
8829.618588
9235.159788
9095.142326
8502.049406
9478.882406
9154.254698
9266.951766
9451.124398
9122.992132
8845.022258
9782.318261
9313.925822
10194.749041
11396.839524
11140.971561
10850.047207
11377.577801
10581.517529
10222.181139
10668.990187
10706.032939
10155.988207
10358.705922
9871.691791
9612.594452
9349.089315
9211.665439
8583.571362
8099.958397
8137.643908
7638.265759
8668.870040
9558.814367
9883.623146
10161.589739
10841.671393
9817.066113
9308.155776
9935.767895
9717.116681
9732.378098
9969.709100
9913.632713
9957.569541
10032.633713
9959.073005
10302.208787
10386.569340
9827.635094
10005.518028
9546.020450
9005.846968
9336.623950
8759.369751
8368.756834
8439.009314
7933.621079
7917.552433
8957.722935
9051.245887
9967.578977
10620.091692
10457.670799
10438.969657
9820.583408
9351.604657
9995.136006
9760.966835
9283.057466
9926.157717
9169.745083
8229.949715
8520.471396
8532.521502
8073.894077
8888.358327
8775.855334
8700.986428
9903.728257
10425.271851
10507.843370
11279.181322
11160.607595
10023.628926
10392.381968
10113.290786
9713.882863
10469.365641
10609.852414
10122.995883
10490.479775
10162.520868
9840.964487
9815.792566
9519.012705
9932.504393
10295.197348
9514.290753
9792.061791
9845.079534
8381.057473
8702.749301
9121.156398
8265.008862
9036.982215
10415.487198
9999.880790
10243.563769
11126.930357
10743.164709
10280.663868
10920.875665
10221.265268
10083.833105
10002.997780
10008.659892
10111.679180
10699.398528
10873.858122
10770.730398
10529.257791
10129.370580
9982.440323
9132.834103
9089.149306
8479.857939
8120.200556
8213.952450
8273.335390
8423.512557
9618.261268
9823.860431
9814.751997
10398.297735
9739.632956
9329.169750
9469.974245
8951.000054
8898.269007
9569.584412
9107.274042
9279.205769
9578.910317
9016.902513
9091.549935
10001.767061
9467.682391
9173.854326
9698.968237
9286.746472
8772.177961
9196.883772
9268.881179
9290.650788
9628.093810
9453.555415
9968.875037
10552.459589
10243.582757
10296.515533
10244.299892
10163.344976
10138.477107
10179.043052
10235.212135
10425.304416
9772.352797
9906.578583
9956.637519
9734.908404
10041.291223
9381.938704
9013.572538
9285.628904
9157.397019
9307.462677
10169.281730
10500.308546
10678.602797
10528.945016
9842.596689
9539.260365
9264.514468
9168.037086
9036.720452
9082.362609
9291.788647
9398.279831
9095.329571
9779.286235
9534.106444
9596.235652
9340.651421
8949.973821
9118.656865
8989.846001
9430.618900
9505.035893
10017.490026
9945.902436
10236.512962
9415.135315
9602.847883
9408.932809
8753.259119
9522.063316
9868.742394
9209.769127
9303.637200
9700.064792
8778.057353
8615.647892
8918.522704
8612.683661
8958.972918
9470.824322
9220.900861
9382.900298
9736.386866
9873.451036
9898.284332
9870.021095
9486.054144
9364.070994
8483.324440
8514.582948
8720.104490
9191.698410
9182.268903
9719.465854
9624.455975
9468.502161
9305.967232
9334.263234
9199.976186
9285.786352
8936.157250
9104.504212
8910.882429
8039.664862
8189.429813
9538.550175
9594.708448
9860.422319
10959.699557
10288.997040
9710.974266
10641.749889
10798.330924
10847.934058
11279.868815
11021.134202
10217.900942
9970.690172
9465.501839
9398.152702
9138.802708
8636.179805
8776.267684
8610.962723
8264.503023
8942.205908
8758.179461
8945.449450
9910.644418
10072.831506
9635.690745
9785.805202
9585.916999
9554.552691
9716.815992
9654.610343
10538.644495
10935.007120
10397.338035
11043.889647
10972.026951
10822.377445
10472.250812
10941.028726
10267.128307
10282.539234
9833.040513
9489.480053
9201.820734
9419.828178
9416.494201
10097.187408
10297.064077
10666.032214
11262.841015
11516.289265
10969.485683
11169.472906
10510.317357
9857.734597
10039.312447
9842.474580
9517.471757
9554.961274
8933.144295
8733.519745
8929.864499
9039.676468
9333.235933
9489.306161
9217.744911
8956.043966
8628.115651
8484.388645
9299.284479
9246.477339
9752.467685
9752.467685
8962.175517
8769.516525
8903.593717
8066.482699
8706.478256
9062.390664
8309.230457
8808.889519
9792.750708
9770.939568
10901.429439
11449.699964
10950.138752
10868.543630
10747.132765
10075.674321
10752.635449
10780.907366
10549.374667
10293.675619
10221.537882
9544.804474
9647.779434
9675.924743
10284.805270
10594.007950
11007.440090
10833.264409
11298.087932
10841.946801
10192.496272
10131.119170
9625.086425
8897.504000
9125.622756
9331.784312
9004.014769
9403.713387
9313.195150
9487.998496
9600.793714
9263.217725
9791.281077
9563.285942
8970.187503
9219.572207
9590.320026
9393.683642
9783.799365
10470.641217
9755.837071
9216.851505
8907.430787
8535.866877
8723.012504
9619.642470
10015.160039
10699.173810
11170.355290
11111.285160
11257.608622
11515.272528
11655.570339
12140.110384
11133.896591
10981.113650
10889.196219
9977.193009
9115.314671
9861.497442
9190.104080
9364.869267
9570.725782
9830.257909
9817.517302
9608.273879
9164.590374
9354.703998
9098.355062
8673.415709
8770.625374
8960.344120
8654.600076
8595.259945
9023.148996
8892.254340
9238.200671
10343.553122
10668.515992
10608.733386
11008.570154
10592.509620
10236.159531
10617.055035
10167.524669
9873.806027
9751.466751
9523.662361
9742.222131
9910.717613
10295.186474
10328.642379
10054.039437
9522.953410
9288.412383
9663.387404
9531.658070
9987.679811
10140.669113
10368.321189
10243.710085
10565.419989
9887.460229
9138.159977
9556.536024
9072.648533
9041.720697
9332.549246
9966.418628
10034.756781
10491.018579
10337.813089
10406.546400
10100.326993
9307.225496
9928.729771
10063.892543
10007.109375
10207.507030
10329.040229
9410.627656
9447.350968
9225.334095
9306.971184
8925.992126
8938.371821
8809.507066
8166.282578
8163.219895
8238.760264
7764.083152
8991.857785
10682.000659
10475.293830
11368.349562
12236.757313
10996.306156
10530.962772
10927.676482
10299.993218
10353.167925
10245.333340
10173.913522
9583.307411
9445.833148
9658.446577
9823.568070
9292.767799
9770.742608
9448.905746
9267.990932
9699.823014
9812.231835
10340.435950
10930.083574
10327.683380
10615.456220
11064.714035
10434.374419
10521.601094
10321.460586
9623.521809
9554.762079
8933.256769
8880.291248
9707.754104
9689.499299
9536.538628
10276.753326
9905.132435
9917.591316
10235.922546
9895.546868
10057.886752
10345.028256
9870.577302
9843.174034
9805.594817
10080.658367
10508.293926
10664.748697
10520.389713
10486.006780
10276.945927
10176.725059
9574.365560
9515.964361
9790.748898
9150.490827
9584.503516
9890.861061
9636.391598
9917.730490
10498.528072
9833.267763
10208.315821
10333.301296
10174.375687
10733.297456
10820.935231
10701.652691
10539.811878
9668.640923
9143.641540
9115.715074
8812.560860
9416.071676
10124.999059
9363.027803
9675.384440
10187.373329
9305.370648
9786.474912
10467.747066
10469.907627
9923.859099
9828.863929
9410.147137
9719.437830
9160.400676
9347.910690
10199.232754
9646.428797
8793.878322
9402.935820
8903.316702
8627.518268
9726.845936
9901.628536
9502.303501
9801.962097
9572.151973
9625.110417
9765.498912
9650.073322
10024.838693
10214.777562
9349.729538
10183.532543
10371.000804
10146.038882
10599.466273
10355.795016
9981.349432
9909.329599
9799.774662
9462.869368
10106.521567
9941.100636
10228.536910
10243.806929
9995.684499
9658.489808
8746.326472
7802.740552
8087.387038
8436.940960
8321.438630
8861.483573
9151.945442
8530.754136
8490.835719
8771.528329
8577.631911
9577.398349
10526.859146
10186.576293
11058.521581
11576.792376
11049.174856
11124.199537
11182.317042
10429.340246
10322.975732
10522.673593
9988.667913
10016.588502
9841.780896
9179.753161
9335.528094
9545.001477
9440.682004
9984.226754
10470.983414
9818.619600
9678.157936
10064.461548
9370.758155
9520.624577
9317.669117
8983.732866
8769.403138
8287.991939
8184.996580
9677.937646
10340.436865
10459.303106
11196.545178
11384.024607
9846.885076
9250.854236
8524.588800
8484.011486
9683.513158
10801.424765
10735.634570
11543.985465
11666.304432
10504.409771
9770.456203
10044.821251
9830.857024
9634.102966
9171.491617
8981.347623
9184.211414
9677.520300
9530.816852
9715.113625
9571.122946
9224.370168
8618.019775
8692.880717
9005.402683
9302.200082
9145.937363
9479.513087
9939.104625
9251.800236
9479.514218
9770.350655
9473.012280
9838.491520
10035.006552
9432.405674
9423.244670
9168.979656
8472.509250
9121.928854
9125.340703
9640.475448
10192.025236
10120.082939
9816.995194
10498.075409
10707.143673
10603.168126
10874.608379
11337.630819
11365.251064
10612.718750
10667.584092
9942.974294
9458.999530
9199.879694
8606.273298
8621.575075
9055.608314
8630.855286
9180.744071
9445.897642
9133.615065
9667.942379
9692.668950
9080.635553
9445.783736
9038.958876
9197.915286
8926.225620
8970.187190
9541.338346
10539.975696
9487.528702
10343.201261
10258.963047
9047.303127
8762.168037
8990.112887
8877.792041
9495.968823
10080.542156
10156.711460
10209.799786
9994.388586
9588.320853
9488.481777
9007.266567
9300.994501
9023.212440
8810.485297
9582.251174
9664.714729
9408.726959
9743.184603
9327.597479
9105.863563
9926.397651
9686.016595
9936.074986
11070.213582
10560.816821
10098.038053
10654.254752
9867.307473
9982.749757
10854.255596
10578.576855
10356.330236
11050.358362
10138.114340
9400.829100
9719.478715
9482.144765
9547.492692
10343.961689
10253.653221
10161.704163
10483.426520
10161.705183
9914.772186
9505.424368
9487.472326
9349.938871
8619.155511
8900.101636
10508.709333
10281.901729
10684.653402
12049.345665
11315.948608
10266.460324
10726.116516
10129.567509
9898.396551
9835.831674
9763.917812
10345.685769
10352.549395
9952.327211
10420.667869
9970.600779
8868.247706
8996.559837
8958.832644
8337.439016
8590.409857
8704.098401
8884.844571
8897.447753
9141.092080
10090.794908
10507.179706
10734.979284
10663.396418
10404.395455
9654.628876
9333.128617
8658.383408
8817.794026
9185.973648
8873.493730
8987.111342
9248.727203
8995.654427
8814.054969
8823.113009
8455.160196
8786.017324
8986.620053
8942.302252
9445.300496
9408.617401
8980.647972
8608.868014
8427.657658
8824.480064
9182.994482
9345.652563
10151.156836
9948.209558
9495.176161
9783.042503
10170.517683
10108.039059
11101.265512
11210.653312
10656.107814
10706.381882
10518.685177
10081.517127
10118.993752
10354.939306
10033.307370
9170.809401
9121.143321
9170.810000
8475.514167
8406.799978
9725.332395
9622.052785
9525.201526
10474.753719
10449.766786
10434.232013
11220.934017
10834.219767
10937.890140
10990.679509
10613.513737
10404.388386
10382.029135
10167.675850
10389.629910
9533.774700
9512.050846
10198.843588
9947.856249
10522.201422
11500.109817
11243.996897
10769.063236
10438.413052
9504.472750
9685.472161
9413.708190
9376.412544
10344.224686
10482.266263
9738.554962
9950.590736
9707.260866
9303.227719
9565.170937
9493.476567
9911.979457
10115.055066
9919.174920
10452.904855
10927.884133
10331.449995
10656.003383
10805.969293
10065.981896
10365.921659
10018.934919
9494.330676
9675.167594
9662.815861
9256.670766
9846.526373
9581.605362
9103.732436
9444.092043
8972.074212
9200.496019
9846.527881
9767.100304
9707.843022
10095.290869
9486.320420
9335.996305
8904.345235
8741.923635
8998.128028
8773.281332
8754.441148
10135.851551
10117.271963
10276.636564
11373.019881
11135.074889
10981.987395
10878.855962
10366.865975
9776.531554
10042.164738
9187.693505
9587.359983
9583.937378
9465.644828
9781.032514
9609.160630
9062.386300
8812.844804
8847.275284
8044.069464
8421.510523
8739.823177
8690.162652
9533.235734
9967.690486
9924.622998
10077.482841
9946.575337
9543.800372
10324.452873
10667.359291
10036.140896
10455.145468
9942.740728
10011.400363
10054.482725
10394.723613
10588.104305
11150.690055
10179.381475
10513.171097
10753.641113
10616.045292
11065.558220
11674.162816
11577.006599
11346.280065
11486.467809
10396.157957
9859.243374
9987.847238
9969.181572
10203.336735
10712.884491
10612.774887
10134.686123
10110.277152
9860.846894
9708.227297
10040.028963
10113.387487
9638.733111
9257.719464
8979.273615
8176.697130
8030.596192
8099.217933
7996.291925
8320.909422
8845.190619
8287.832612
8806.569475
9408.927090
8812.388337
9280.975992
10166.372440
9572.972792
9604.029949
10403.980327
9731.972714
9110.193351
8775.947950
8194.972828
8157.632389
8360.806541
8422.117974
9796.144189
10124.233928
10301.992371
10836.033142
10922.030166
10462.985956
10675.431399
10172.539190
9560.140829
9199.004502
8811.325955
9030.225382
8692.680459
8733.702531
9162.060636
9234.074673
9265.408275
9596.164036
9274.835431
9458.656834
9989.105695
9174.097107
9624.023815
10133.065936
10209.607854
10284.579864
10653.288464
10416.019999
10209.608139
10019.589955
9716.758479
10029.185519
9810.589929
9782.293442
9224.637077
9359.382678
9331.187486
8787.296458
9171.535086
10565.641463
10368.460733
10224.999918
11136.933033
10837.140446
10365.759968
10071.589341
9640.939133
9634.706314
9334.926488
9000.815211
9216.616346
9066.777715
9541.240281
10147.107723
9831.736531
9828.684367
9925.381750
8757.210226
8441.594775
8190.348857
8259.180315
9152.706259
9327.581220
9271.144823
10015.901754
9703.609611
9356.659438
9587.843885
9799.976447
9772.647446
9641.415491
9116.858298
9154.163305
8717.167290
8453.831577
9040.839117
9253.014943
9290.585828
10033.904578
9562.170645
9312.542674
9352.661585
8746.734134
8566.240327
9294.920710
8898.237302
9160.562251
9478.995687
9247.924996
9664.463440
10105.289161
10723.280661
11395.335466
11588.208836
11325.285850
11686.295343
11234.490493
10959.657871
11087.474259
10377.026495
10070.589786
9936.695209
9068.505294
8524.778819
8904.796201
8489.826076
8292.331946
8854.715813
9286.079720
9681.081315
9562.365653
9871.493175
10302.328429
9834.176979
9686.741105
10770.631916
10324.355912
10564.693728
11929.793906
12143.249074
11669.391658
11588.092440
11032.265748
10176.091903
9327.796734
9134.098459
9330.971989
9009.165690
8790.633058
9535.220232
9319.488532
9357.135302
9476.002028
9319.765288
9117.836648
8971.166643
8437.182863
8939.921120
8692.879145
8702.246329
9623.610934
10039.199934
9748.236367
10360.620924
9971.035858
9397.048469
10599.349732
10558.947819
10340.586040
10873.137981
10667.094714
9698.929325
9988.960629
9514.733348
9125.679734
9462.644628
8569.549694
8866.475728
9634.613242
9588.588747
9782.209414
10578.898436
10079.319072
10079.319072
9760.471608
9588.590473
9366.896211
9473.011498
9894.708777
10773.828033
10864.936310
10877.051513
10567.681190
9739.975985
9029.525853
9097.955510
9488.599956
9319.755453
9582.298287
9910.009207
9169.686013
9216.740691
9735.193653
9039.015757
9060.433058
10199.917238
9797.097950
9812.799667
10490.576416
10515.284574
9649.814657
9865.543332
9899.577354
9874.565928
9605.098922
9920.504666
9602.361261
9380.497539
9033.662371
9336.557336
9852.522792
9696.092248
9977.143141
10586.081270
10371.910711
9431.702394
9356.679904
9947.186557
10034.332474
9884.380119
10668.321325
10856.007755
9556.410558
9062.550051
9050.499675
8463.526503
8323.180392
7967.284136
7583.075748
7114.762895
7239.087076
7957.496372
8291.523925
8894.377795
9473.162153
9442.063035
9245.475680
9542.113886
8939.308347
9147.283298
8619.731919
8504.253558
9306.842666
9565.970125
9685.315829
10584.944846
10790.854882
10650.850891
11003.707496
11036.921686
10999.676384
10331.544245
9637.905462
9600.918868
9346.547673
9495.967252
9302.774501
9774.048543
9739.676641
9347.839894
9872.300620
10874.779081
10516.070448
10603.346361
11317.268222
10551.343025
10976.536745
11301.136797
11123.633427
10900.053814
10659.130227
9846.770048
9350.501405
9119.541427
9499.267911
10070.439866
9992.839968
10458.109423
10495.578026
9873.632238
9805.208451
10002.190549
9639.493920
9586.649434
9350.501405
9134.967580
9169.405780
9184.940789
10143.985017
10928.149110
10731.486511
10843.330073
10653.306007
9669.577149
9332.748328
9429.638003
9241.890543
9425.805120
9235.353679
8996.681867
8874.343950
8581.233951
9064.430264
9345.675791
9192.235786
9485.972630
9342.184336
8736.166012
9407.748082
9318.777818
9568.601433
10405.801091
10736.774527
9871.583393
10374.169549
10186.291879
9512.185048
9499.445923
9587.118200
9314.228815
8508.376866
8333.807825
8243.257097
8405.390064
8163.435326
8466.063659
8332.650426
8466.064591
8884.860266
8841.992884
8995.206303
9704.266453
9076.049050
8636.279845
9162.673294
8912.903196
8941.164707
8828.927866
9022.230689
10290.423009
11464.396115
11426.706916
12592.229218
13413.597124
12059.516101
11300.616573
11147.430824
10594.733607
10572.902805
10885.539827
10607.444324
10726.380290
10741.673929
10014.460020
9983.477231
10049.105231
10042.883855
10174.112857
10052.700181
9871.415485
9583.958428
9178.356597
8860.092395
8472.358693
7758.692996
8239.519586
8829.984643
8520.849568
8810.829002
9481.880641
9234.962724
8919.533686
9666.153078
9160.247057
8915.352651
8646.696652
8078.176954
8250.238899
9211.870783
9285.653507
9735.214752
10634.664760
9856.787253
9513.572007
9470.621582
9305.039408
9345.809348
9245.773336
9436.210641
9623.062799
9023.410131
8607.708751
9129.606353
8808.060402
8566.227359
8993.867636
8790.711506
7728.964352
8100.437233
8719.319153
8775.337803
9406.549829
10627.806696
10511.959467
10303.293742
10375.532373
9988.117828
9722.721622
9560.234923
8950.546783
9366.263200
9216.374970
9125.802509
9663.026618
9687.086989
9175.014886
9422.133775
8903.551269
8735.050456
8649.011187
8667.841903
9639.018506
10519.806182
9832.753543
10482.469878
10069.598013
9042.118200
9223.513615
9582.598840
9313.209127
9578.577044
8869.662267
8126.110574
8454.264868
7956.213112
8323.498937
8898.099957
9082.182064
8589.077507
9336.063991
9511.461592
9217.610542
9186.429458
9199.110972
8745.665862
9532.563841
9985.692940
9763.716760
10029.214467
10105.961570
8925.334284
9415.450285
9146.787718
9422.019668
9700.538460
9675.632577
9485.326148
9584.930776
9510.261959
9531.576933
9565.953109
8957.251425
9032.437479
8426.207268
8062.233611
7940.349983
7883.594500
8464.919048
8511.225186
8747.226162
8838.258597
8860.501288
8288.261372
8638.300368
8438.983599
8223.729787
7970.272175
8352.300200
7989.712761
7965.009332
9026.763879
9129.997227
8823.785797
9180.098093
9069.609120
8691.594670
9956.633295
10381.262853
10363.072100
10856.107998
10406.077630
9821.958623
9531.586915
9344.153116
10054.829191
10329.880176
10520.119801
11395.122513
11610.881057
11086.434749
10840.383327
10180.902199
9406.276454
9515.481979
8994.762611
9097.593851
9691.240247
9153.867698
8760.598697
9219.749976
8941.813391
8807.890188
9625.826692
9425.661787
9183.971290
9817.925848
9664.817504
9321.242481
9799.107920
9333.955200
8977.488246
9445.936208
9639.722558
9602.545011
10251.817450
9786.492385
9533.348362
9789.376806
9611.618173
10080.417809
10227.138119
9901.951938
9855.553085
9755.218856
9807.362338
10656.717359
10656.717359
10503.976686
10766.463348
10174.922599
10093.857382
10655.935421
10305.841201
10199.839864
9994.702122
9413.576075
8939.148080
8976.836030
8942.026355
8994.416505
8506.950332
9459.647908
9887.374414
9706.337885
9599.329900
10101.909533
8893.431054
8218.454459
8439.979159
8207.686516
8010.973108
8310.312902
8052.715879
8482.576799
8850.117030
8600.219028
8553.410706
8524.978129
7935.036488
8899.759782
9721.222174
9564.968104
10726.924150
10776.758863
10216.288437
10397.116845
10150.800602
9960.210480
10210.025122
9674.020516
9118.165841
8774.579348
8080.848091
8068.381609
7628.547070
7583.417734
8702.024513
8502.697397
8299.401094
8817.149653
8791.606205
8944.614151
10237.670646
10687.253582
10706.285015
11264.296460
11261.971087
10899.991230
10915.119089
11233.832220
10733.998349
10259.408916
10184.170817
9590.981018
9235.389254
9239.026904
8673.090245
9001.256188
9563.594790
9431.882179
9891.172685
10521.721754
10125.157111
9694.167337
9969.724743
9251.618523
8539.495192
9373.547946
9651.047441
9188.849236
9897.689234
10749.802684
9659.589116
10290.370371
10743.631625
10909.361516
10153.244755
10196.913887
9812.884123
9282.850747
8698.869778
9373.646658
9005.071813
8536.652200
9366.624742
9635.135746
9491.417991
9844.483530
9104.372521
8611.221539
8580.230476
7992.907213
7751.809184
9526.009489
9982.662866
9607.756752
10666.712402
11450.223451
10229.443238
10416.312630
11156.226513
10959.610859
10959.610859
11041.094837
10468.445001
10842.453712
11083.219656
10636.321126
11089.628189
11257.756109
10386.487737
9918.397069
9674.542672
9646.301346
10054.103079
9672.650464
9379.385651
9869.584339
9163.909363
9488.443844
10372.502241
10603.490109
10562.612928
10600.093762
9650.464335
9560.014713
9141.591621
8863.575457
10053.920755
9823.629931
9552.221758
9961.056470
9533.400447
8952.050233
10214.397322
10233.129561
10342.625470
11326.038105
10967.595139
10158.404516
9821.276360
9602.782011
9221.716686
9577.579546
9105.887763
9512.079470
9808.627693
9683.776440
10005.196356
10167.651331
9914.571259
10055.200874
9715.028521
9452.791188
10699.511200
10390.171880
10340.440526
10683.781012
10286.835168
9815.235167
10586.454167
10133.639669
10362.004593
10924.158625
10378.628044
9738.478285
10034.875625
9388.794018
8523.641025
8750.354792
8906.170037
8824.917236
9846.158623
10177.429513
10450.034662
10659.296257
10559.520998
10871.781282
10893.515746
10859.638022
11603.270364
11631.176510
10744.601435
10419.173127
9623.188564
8882.956935
8736.127292
7993.010472
8617.387908
9147.147024
8753.904724
9262.781797
9947.099320
9303.785493
8871.868374
8968.584139
8422.038641
8824.607857
9202.288484
9760.211279
9913.195761
10147.364623
9685.078398
9741.483562
9726.235108
9694.869517
9663.636294
10125.706018
10144.658748
9881.206894
9646.912241
8897.414942
8366.749071
8300.811566
8043.564216
8983.918008
9686.091996
9495.638891
10064.615016
10257.097699
9242.281158
9470.341174
10147.927906
9413.735198
9521.191705
10464.185172
10145.707732
10008.263468
10008.263468
9821.610908
9390.821432
8950.214826
8594.500670
9712.498079
10009.488734
9716.084222
10615.516349
10409.583606
10118.979409
9552.345049
9408.549855
9699.151598
9742.984568
9061.717116
9794.004962
9899.954873
9253.646231
9959.652090
9859.686387
9296.156724
9311.780688
9714.704751
9246.130913
8936.987677
9105.332185
9214.866884
8861.667590
8851.945303
9442.654359
9068.896855
9187.803918
9153.201222
8809.440279
8625.280169
8557.966047
8120.579932
7677.003728
7602.306022
7714.728320
8137.759508
7932.352308
8165.588338
9143.002735
9770.921815
10003.822327
10206.994942
11110.068889
10194.231823
9528.959646
9547.077771
9603.603000
8782.063440
9447.262191
9459.849432
8691.018517
9000.072664
8834.585516
8044.035700
8759.982326
9360.318573
8976.398396
9800.300769
10584.331849
9947.429145
10608.526063
11343.160498
10824.440944
11208.830960
11386.978294
10559.647945
10487.513629
10516.108083
10022.370856
9985.002724
9663.325888
9310.305927
9357.125325
8866.865456
8326.124221
8801.352372
8432.977375
8273.400901
8682.530479
8476.142732
8080.924204
8652.900854
8311.891582
8705.893540
9133.819079
9253.260302
9434.268227
9874.667468
8878.564534
8971.982197
9765.353124
9247.146844
10015.705177
10740.117740
10377.684370
10166.535547
10394.391618
9326.383544
9544.968866
9641.655485
9255.871960
10192.748594
10277.112210
10098.796954
10661.100705
10823.498707
10327.227648
10364.805881
10511.183481
10270.509192
10178.901773
9978.860091
11256.227081
10525.012676
10578.772199
11283.374129
11189.292958
10477.140195
10652.351449
10746.120743
10127.101209
9774.138412
9043.061538
9502.848234
8896.690454
8819.946011
10166.317473
10466.268668
10181.945495
11006.382795
11153.330995
10085.156882
10385.353672
10147.587556
9638.488571
9657.250331
9188.642680
9516.431016
10056.563323
10003.770709
10153.754840
10463.026083
9588.353189
9235.233187
9619.625055
8976.716371
8951.023684
9167.209396
9091.914552
8829.796330
8697.976495
8607.159367
8117.397520
8310.226422
8404.602492
8401.367437
8723.006132
9345.244508
8836.492544
8951.593371
9555.580215
9177.912455
8852.543796
9424.264781
8699.781583
8785.458566
8745.228445
9294.700822
9257.225158
9291.539002
8822.916420
9266.604812
8629.581762
9060.588445
9834.957783
9592.765810
9530.559965
9499.132608
8421.791268
9196.124834
9931.449595
10184.109936
11212.054968
12189.486708
11543.086472
11543.086472
11149.159421
10796.429044
9934.327428
9778.493509
9913.081001
9569.371992
9379.190115
9669.654869
9200.985876
9014.137970
9086.250950
8580.464040
9242.206350
10450.637763
10450.637763
10594.370802
11209.927488
10504.067708
9304.732983
9583.210631
9930.339299
9533.399410
10801.447455
11519.486635
10980.693255
10714.766784
11099.417834
9803.503765
9475.058673
9619.272938
10131.382821
9672.176902
9797.181996
9949.969095
9484.987270
8825.410939
9587.782570
10150.086465
9881.317205
10506.254370
10671.143377
10153.241442
9535.086498
9113.168834
9048.757374
8605.589613
8555.317381
8936.754571
8643.655341
8832.711289
9954.101243
10163.321734
10306.767510
11783.881698
11731.899052
11507.058948
11551.186032
10898.780440
10332.781951
10137.008793
9749.416048
10049.556673
10386.625540
9861.920357
9586.614758
8968.084265
8455.577656
8699.375816
8649.394006
9926.418014
11331.366801
11622.870560
11837.878974
12278.453399
11298.363438
10580.113367
10042.890924
9352.346268
9421.559224
9041.454631
9431.869858
9763.000175
10041.047987
9978.314841
10376.603687
9577.108678
9536.645178
8993.214228
8683.481992
8867.515418
8761.506393
8614.762415
8892.884198
8786.038646
9151.018029
10231.379965
11102.823386
12065.241577
12142.937646
11193.695158
10662.483017
9316.335355
8970.029900
10022.230494
9976.469353
9714.152248
10344.575094
10048.020167
9192.425030
9725.582029
9369.134439
9616.141507
9328.604183
8966.375823
9116.609218
9488.199811
9085.499963
8910.498147
9060.587757
8949.997815
8949.997815
8915.869410
10430.354893
11142.570866
10937.101981
11377.391864
11767.844751
10868.234675
10112.521200
9218.115251
9002.517240
8936.956782
8608.370424
9545.386097
10513.336420
10644.075424
11503.588375
12253.824778
11934.213627
11753.984659
11794.243641
11098.038998
10982.013610
10700.939323
10891.213818
10687.766186
10428.862997
9735.571277
9488.754231
10144.294132
10331.749320
9916.142903
9647.681355
9141.649400
8431.183801
7968.719271
8124.834364
8577.448450
8999.392046
8595.190116
8722.876592
8323.466695
7942.775424
8301.293891
7905.697597
8490.733905
9633.686808
9880.345240
10023.859893
10315.419248
9166.020134
8390.680919
8119.238236
7479.536530
8615.517658
9558.720450
9571.023369
10201.900168
10707.768756
9746.136764
9811.825671
10080.665725
9402.605491
9414.978190
9164.243480
8751.968026
8586.370494
9444.980065
10260.143216
10606.602982
10880.536011
11737.696334
11387.299011
10321.726933
10490.660915
10150.303745
9010.230264
8872.733420
8660.604269
8076.041227
8965.567422
9658.794883
9487.104658
10455.426643
11068.232017
9915.215192
9815.472085
9853.291061
9060.072886
9074.679843
9234.172434
8622.042727
9193.639503
9206.118345
8471.221395
8936.625233
9464.151516
9017.717127
9745.233022
10376.212985
10044.800307
10076.396903
9704.844059
8774.115837
8997.753290
9281.706903
8832.102779
9503.797912
9481.688802
8881.479823
9006.151083
9231.367393
8153.849745
9128.106691
10334.637981
9854.486163
10025.649102
11469.116329
10878.411014
10458.640390
10855.733486
11645.312922
11426.582196
11635.746919
11739.975751
11234.376121
10288.028780
9797.658091
9132.506838
8504.532896
9516.482887
9763.234183
9566.418133
10469.087341
10683.705482
9574.937678
9853.018473
10330.861512
9762.174361
9563.030160
9921.968777
9444.383714
9403.814491
9872.104212
10095.880950
10114.542315
10261.145731
9558.665932
9118.278563
9188.834794
8976.668370
8817.378965
9729.008369
9460.304304
9723.974618
9895.623083
9367.616767
9074.082988
9239.815680
8375.905688
8778.901611
9000.395993
8397.554751
9134.768683
9998.578629
9423.942271
9939.595886
10520.229776
9195.955516
8663.058701
9796.867556
9518.985273
9628.561099
10774.743089
10634.219277
9990.276871
10405.992787
9931.335443
9643.868821
10005.174255
9318.216840
9183.876991
10243.023331
9920.799676
10144.637333
10428.888779
9635.464059
8911.068370
9363.831524
8625.451682
9072.426233
9525.108717
9350.110852
9693.628664
10471.359112
10065.827592
10396.522512
10425.149128
9803.723443
9647.161631
9478.519644
9247.371403
9275.506473
8803.995326
8705.824439
8784.297233
8224.368702
8396.627435
8459.595618
7744.685282
8660.756377
8997.956929
8791.522622
9588.112337
9738.310942
9082.167374
9900.349643
10684.416935
10628.574478
11112.218766
10781.432603
10213.109139
9738.212977
9438.433364
9343.268757
9543.565621
8715.621368
8750.006650
8718.799050
8256.773242
8762.061098
9733.285235
9299.126542
9408.566908
10695.317782
10345.065085
10988.992085
11922.490979
12156.799188
11495.102318
11713.854757
10811.030049
10532.999780
10380.103846
10064.938710
9958.724488
10077.105411
9452.826753
9408.727238
9537.459528
8971.915685
9078.333611
9381.274495
9025.127552
9215.383706
10167.682058
9855.704416
9855.704416
10439.563623
10543.789173
10290.615284
10568.551168
10499.748730
9899.972682
9575.664284
8760.565436
8407.184429
8344.231203
8291.773168
8108.988027
9213.994866
9407.475940
9457.448946
10438.004385
10343.051925
9774.477262
9977.547012
9399.911871
8899.995101
9344.319665
8607.075963
8025.814195
8607.075963
7857.623667
7262.884906
7997.548467
8153.759656
7722.794662
8550.068753
9275.978544
8870.329986
9307.414424
10041.418931
9860.225567
9706.966754
10278.530879
10347.114085
9997.421947
9941.397706
9505.843786
9109.654866
8822.280795
8816.331883
8732.006327
9304.660319
9666.929162
9229.898950
9198.482426
9079.747139
8252.413649
8521.458223
9155.187328
9604.872477
10176.300847
10583.765581
10327.907725
10586.781825
10037.267739
9525.154780
9641.494261
8863.853922
8326.314443
8885.543286
9073.217666
8865.079819
9861.032340
9892.435680
9252.070927
9754.916288
10070.047598
9754.875808
10104.899373
10185.376070
9635.928016
9991.148193
9429.457731
8873.040659
9410.261042
9017.079046
8860.924387
9982.008719
9997.430223
10341.351280
11196.715399
10792.195625
10033.603233
10611.518603
9561.871646
9764.754238
10751.089751
11072.950273
11284.832208
12078.688853
11072.950985
10316.801687
10535.029680
10034.962185
9688.482298
10025.756521
9845.077697
9816.947078
9954.483240
9695.241042
9995.016861
9768.551693
9428.064438
10015.428352
10033.881354
9643.462667
9937.576021
9634.567927
8697.737531
8666.295560
8938.076890
9088.372303
9753.587413
9656.952434
9981.626504
10199.928260
9688.408902
9045.060213
9070.151895
9076.108228
9088.944024
9018.479209
9286.958421
9280.818229
9059.488993
9115.323212
9498.129952
9357.525647
9648.119813
9538.568453
9448.061098
9362.468259
9637.153918
9880.866181
9524.872601
9487.367787
10032.803117
9430.114531
9482.996132
10254.283306
9473.321946
9525.499900
9709.672117
9166.748829
9472.454065
9822.187477
9454.629903
10242.231573
10469.515553
9735.949950
9976.456214
9755.659057
9296.817567
9658.878002
9815.101015
10090.129464
9878.691487
9616.352186
9407.105986
8970.009726
8738.384299
9908.712021
10280.366175
10283.266871
11226.714542
10840.180909
9632.798975
9785.693383
9673.004195
9142.103487
9679.294465
9844.770920
9457.655730
9342.084581
9323.246949
9263.635557
9652.661345
9234.306794
9443.766769
9284.615333
9053.307916
9120.676845
9523.730914
9635.893195
10544.801461
10947.277659
10491.308921
10910.015588
10647.416855
10069.448712
10166.614359
10105.480451
9568.012873
9696.103679
9455.468143
9633.766573
10010.296876
10213.527087
10378.851380
10135.181915
9423.300626
9190.354975
9271.390436
9546.226220
9677.698932
9615.048193
9786.862032
9821.152257
9196.349763
8737.115406
9437.118990
9473.474909
9223.788235
10691.424121
11744.399313
11204.224253
11542.016932
11871.736257
10957.333073
10732.066391
10894.100870
10783.800735
10749.680015
10840.921469
10406.211182
9925.224804
9885.373696
9413.669591
8664.209472
9079.997651
9751.505472
9328.711693
9990.722480
10284.413838
10212.976900
10168.819178
10395.489213
9545.921718
9393.198087
9262.006230
8705.877025
8727.244081
9199.239693
8505.437712
8571.455199
8593.230792
8394.226729
8665.581018
9427.832446
8718.924912
8968.861881
9281.096618
8809.321894
8893.880610
9231.354564
9156.255412
9174.373772
8821.594148
8566.066746
8508.868570
7978.573393
7892.333799
7836.119493
7739.747102
8489.503268
8539.148971
8428.485301
9493.849494
9637.453154
9465.989682
10124.757601
10727.921009
10544.081081
10727.922239
10281.493864
9138.595488
8838.340756
8613.554332
8110.471559
8882.082065
10053.632601
9400.682545
9547.313497
9356.983056
8916.854535
8497.885563
8847.361298
8822.358502
9112.692179
9256.582494
9038.217712
8584.188062
8493.776304
8800.152417
8328.695108
9424.450572
10009.591430
9950.073560
10200.103962
10793.456938
9637.984775
9362.474461
9103.356938
8672.003721
8977.847034
9271.572901
9633.473260
9889.436350
9726.890464
9564.426068
10254.685435
9969.710927
9526.209794
10244.471916
9370.215167
8986.415535
9335.234865
9213.751218
9275.848532
9494.508769
9247.746600
9361.357466
9489.274351
8949.175151
8911.529107
8936.703140
8884.321415
9115.584341
9727.470980
9871.248877
9830.763200
9377.309470
9011.912607
7790.949315
8696.693597
9255.665642
9623.180542
10957.210960
11172.259246
10291.373913
10182.268530
10261.629228
9021.817901
9559.089009
9537.267703
8874.970122
8749.452417
9683.517106
9505.054956
9442.962862
9486.708990
8892.632432
8486.311582
8287.018112
7892.413144
8374.211568
9041.590821
8672.779035
8913.586574
9304.207948
8713.770083
8422.899847
8548.016009
8631.582170
8813.050418
8807.236043
8549.461147
8558.640690
8587.422316
8055.885255
8699.424363
8867.778555
8664.729954
8861.694054
9286.534774
8571.454338
9370.751266
9567.526534
9267.812191
9661.363881
9782.783552
9329.534619
9482.794976
9435.843455
9351.336522
9766.680620
9472.761732
9572.896985
9588.274870
9185.285172
8982.647334
8296.800713
8043.380116
8989.430223
9020.632273
9264.233361
10195.601612
10395.366839
9836.398689
9961.145368
9611.764038
9366.555822
9578.962764
9025.941976
9407.263411
9625.650764
9362.406779
8996.990189
9047.093808
8297.711510
8887.419560
9380.856562
10523.352982
11044.953437
11329.321605
10917.411842
10708.719067
9868.980053
9444.251310
9337.546195
9406.877420
9397.698742
8919.466763
9447.351645
9200.782959
8779.159398
8451.741565
8210.904792
8276.475497
8704.650149
9082.066240
8941.390780
9287.853569
9297.529886
9372.485334
8875.709458
9375.055024
9690.622951
8906.379896
9259.507257
9765.210979
9787.019028
9845.984450
9968.347511
9277.648301
9471.518607
9471.518607
9231.182005
9833.821460
10355.326509
10143.026269
10234.885395
10372.478084
10181.914867
10038.185224
9444.659584
8942.084751
8986.347801
8808.184734
9048.387071
9473.111724
9834.813199
9656.995868
9306.906572
9453.806144
9663.063788
9644.483400
9450.961411
9700.752269
9079.308117
8464.008565
8060.107291
8259.253223
8899.668156
8778.006566
9052.841311
9065.029135
8977.464033
8918.275945
8915.335677
8565.959353
9671.111300
9877.363542
9515.118237
10136.528022
10139.740032
9845.424283
10367.068428
9983.014312
9511.610109
9826.722610
9318.325541
8584.036123
8649.867171
8396.854877
9174.482030
9306.407079
8678.875282
9334.613103
9812.386237
9193.949884
9405.497584
9461.300795
9036.888187
9442.879100
9036.888581
8938.763460
10056.715027
9541.493721
9245.024376
9925.568239
9469.417093
9285.301679
9984.670545
9769.318029
9616.189712
10578.135446
10015.918268
10093.880348
10156.232465
9697.173323
9056.917551
9606.583334
9247.421399
8888.210448
9269.403532
9095.024195
8389.117409
8354.081493
7979.914637
7510.923984
8077.982389
8505.591998
8833.552161
10111.020773
10330.051630
9867.421628
10388.851514
10332.478433
9811.089682
9976.677545
9538.403941
9176.259505
8667.137820
8492.302077
8770.242700
9046.097888
8508.526454
8933.627845
9020.878829
8239.995385
9125.676309
9712.764099
9431.650381
9953.220181
10783.703749
10190.018314
10417.495284
10917.479265
10336.196156
10124.246751
9560.390416
8814.029325
8936.267490
8679.961094
8308.312391
9526.974744
9495.785760
8799.698247
9558.520133
9655.608637
9140.758289
10696.057848
11005.515492
11101.978397
11849.215524
12007.941545
11042.498475
10970.681883
9902.835953
9253.032524
9412.299444
8956.652564
8928.328049
9668.732842
9290.603615
8901.428588
9067.258468
8986.229656
8680.016178
9141.986335
8682.495993
9385.121077
9538.238603
9169.683586
9856.772010
10588.755408
10180.063106
10089.372911
10382.824308
9736.590220
9552.634791
9321.256533
9821.248268
9868.143362
9521.352218
9469.415204
9138.337510
8523.185739
8735.490628
8475.766780
8448.319955
8554.516770
8338.725962
8352.272325
9135.519877
8832.330356
9253.998745
9841.351833
9744.445980
9494.438419
9776.189676
9192.336274
8764.129282
8939.374088
8292.381139
8042.066490
8538.408050
8278.971735
7981.541134
9056.555061
9317.029547
9073.451006
9851.295919
9607.443419
9095.493408
9281.954502
8963.769005
9029.231473
9569.285826
9384.993822
9468.048755
10339.642313
10298.749537
10716.936558
10913.935907
10441.910495
10033.257057
9524.183170
9042.698024
9152.382425
8941.099029
9097.105066
9578.103493
9066.033692
9222.264616
10003.395708
9700.241667
9637.669226
10190.869541
9762.740333
9266.637241
9038.834639
8994.837464
9285.472440
9341.652842
10208.524410
10789.488512
10845.333794
10117.768185
10170.779467
8896.590080
8674.324074
8311.909351
8206.217748
8500.259241
9023.739809
8301.801483
8354.709255
9261.265262
8929.818906
8721.623075
9558.743590
9171.106535
8912.214083
9618.350452
9581.502245
10399.251700
11230.410460
10908.933418
10502.858926
10655.790281
9209.829861
9375.268924
9303.702246
8732.162936
8765.416133
9630.640983
8612.749096
8508.958604
8959.032611
8882.695727
7880.806585
8704.911818
9135.516248
8717.302068
8892.156678
9856.861473
8972.876515
8605.160583
9095.624894
8721.718999
8824.679248
9215.483236
9302.965619
9209.199151
9157.037314
8575.962410
8413.600567
7898.548794
7960.588745
8781.511805
8928.487059
9309.465409
10068.421970
9590.564101
9081.959872
8941.563598
8417.151441
7935.739175
7688.984627
7480.003146
8524.009777
9379.978021
9314.105213
10029.409695
9959.161157
8603.883172
8824.990333
9540.214548
9178.393739
9659.018973
10161.952816
9187.686435
9465.638343
9453.204917
9412.932443
9537.971814
9934.537708
9375.595246
9894.065473
10136.050770
9592.561669
9670.735404
9758.411082
9258.362586
9141.980003
9332.865695
8945.110116
8861.164503
8661.286256
7925.193226
7560.527167
7129.525936
7023.337426
7479.589872
7255.715187
8117.883677
8358.798866
8124.024605
8517.454714
8820.608673
8638.907470
10060.568226
10369.460349
10088.666643
10483.890953
10165.477071
9247.103226
9184.535556
8853.306459
8874.869996
8850.079263
8509.021871
9134.161903
9868.301955
10064.584639
10395.196908
10323.418010
9486.580862
8474.484055
8085.608558
8213.497200
8491.698437
8850.585279
8916.491266
8974.554068
8958.722436
8671.476437
8415.438135
9261.940159
8784.288539
8678.020095
9714.885808
9352.141777
8868.107723
9903.901034
9544.661081
8754.321386
9634.988920
9578.882573
9489.986865
10280.172623
10627.097771
10555.274732
10670.448778
10232.327331
9901.226590
9382.668462
9264.150726
9707.780705
9864.112353
9439.303814
9570.271135
9233.200890
8517.913032
8526.751298
8661.632005
8667.739647
8901.840041
9367.177458
9061.070310
9288.866289
9092.200268
9167.435836
8776.665368
8335.469017
8344.255150
8629.550173
8279.311043
8551.277298
9255.820652
8909.025791
9161.755455
9305.677750
9346.539996
9536.347089
9492.388501
9773.507738
10064.378688
10023.387013
10060.045141
10281.789031
9441.717600
9541.714433
9247.989109
9061.272521
9801.465433
10197.986458
10307.248102
11231.843406
11449.384201
11099.669409
11389.827311
10771.521977
9884.655740
9060.831151
8832.455504
8735.722941
8841.642846
8650.976115
8902.189983
8464.973981
7924.288225
7802.658360
8196.132433
8334.167303
8615.358480
8956.088164
8837.309332
8455.781308
8731.990186
8356.775736
8353.590336
9060.081650
9334.597889
9181.360867
9812.251647
9559.219894
9209.563350
9262.478554
8818.532951
8353.104195
8384.224327
8515.737682
8193.960750
7899.152868
8093.868875
8172.246744
7212.585136
7549.890365
7672.551496
7294.509133
8481.405792
9343.250159
9258.930656
10260.504643
10753.969308
10276.478824
10541.621544
10819.688857
10151.774502
10008.108587
9255.693510
8993.356998
8865.461133
8589.540843
8580.563470
8473.934693
8154.955902
8137.025918
8400.011839
8203.253058
8690.580042
8459.791752
8065.906348
8152.114544
8185.928991
7708.687932
8747.757834
9197.966553
9139.813881
9105.391867
9158.554919
9030.480638
8846.102814
9127.935003
9187.481779
9365.431150
9109.273559
9024.791317
8776.659487
9001.459676
8923.759035
9223.443257
9145.381780
9087.333286
9061.850627
8606.159249
8181.147832
8671.623823
8638.128641
8822.262604
9609.146988
9262.566576
9121.968859
9051.547998
8314.533618
8798.862562
9716.814040
9804.584945
10380.147543
10539.605135
9774.194737
9155.959442
8999.657867
9085.780887
9210.439454
9582.190064
9913.153666
9735.245682
9594.093189
9778.707887
9278.948370
9038.700903
9378.875032
8836.849332
9076.892170
8483.629559
8774.178648
9351.689920
9504.854135
9552.024470
10860.096756
9964.246929
9252.057225
9815.709336
9556.458597
9424.980267
10440.342118
10458.917149
10376.337505
10698.418489
10110.796254
9373.947056
9683.226827
9287.720346
8894.361990
9697.031253
9897.080873
9503.611820
9699.501504
9652.278427
9252.720781
9715.207543
9555.719190
9861.880454
10155.711451
9777.842772
9624.618825
9759.170605
9155.566281
9836.387338
10098.559445
9549.124650
9764.479951
9825.713210
8882.683690
9579.218729
9863.272438
9678.994177
10509.138334
10999.488096
10556.306910
10993.308901
11183.864751
10770.176337
10348.637538
9968.380424
9684.086741
9743.749048
9327.137699
9651.556803
10026.680131
9642.505443
9627.002256
9890.502656
9290.692373
8850.295352
8856.533862
9025.099818
9049.476297
8803.075313
8965.515472
9580.917348
8674.505158
8549.251608
10117.299140
10419.830791
10154.812854
11035.168114
10930.974824
10116.268778
10106.786264
9819.442499
9557.083942
10151.235110
9626.652035
9301.863028
9661.085768
8977.092026
8265.711474
8994.174003
8819.147807
8644.676468
10065.448339
10264.560399
9620.955146
9558.609031
9146.263080
8852.358911
9125.483832
9590.665866
9965.499403
9678.161908
9094.419069
9109.472936
8360.350120
8438.014698
9259.326483
9171.586881
9058.981716
9455.075323
9561.302848
10301.562405
10901.223860
10613.547841
10741.259122
10004.292385
8861.319364
8754.970246
8807.416877
8906.832548
9822.051539
9547.003857
9203.249102
9268.168399
8734.254460
8646.650086
9958.514535
9883.332891
10128.596632
10788.095503
10012.887747
9313.316874
9381.740762
9081.651143
9662.845429
10177.981529
9956.221198
10206.221920
10117.357758
8999.134427
9071.116345
8561.577287
8424.561076
9132.100666
9085.440387
9200.804574
9831.666335
9700.493520
9976.378804
10766.633908
10550.377120
10166.787827
9963.746549
9657.605409
9169.948289
9086.076361
9719.814143
9660.498595
8806.141727
8918.300294
8424.848805
8505.800140
9233.741344
8988.635647
8779.467069
9400.855774
8514.618292
8360.916174
8940.023896
8537.250136
8299.826389
8615.115186
7675.180273
7889.483139
8352.215413
8161.104982
8460.902335
8779.521639
8152.029196
8732.704687
9047.943117
8698.179010
9263.190478
9223.619455
8755.080770
9239.385235
9738.880879
9226.410160
9744.470945
9603.856806
9044.600390
10341.266879
11153.044278
11058.294748
11535.680076
12363.866355
11305.253813
11354.926808
11819.734359
11726.699593
11145.890905
10561.594124
10640.029130
10137.455435
9887.367214
9525.228503
9528.208361
8538.483328
8516.913543
8245.055212
8329.599640
8651.037133
8657.698081
8917.726745
9576.438777
9413.499830
9678.911950
9544.632779
9464.769903
8920.982570
8696.569260
8662.144059
9096.228037
8937.010334
9464.772101
9886.162058
9280.541509
9314.597228
8803.294905
8493.823778
9274.916126
9671.387895
9708.819881
10591.222812
10278.785345
9700.998694
9657.539170
9179.688628
9289.694426
9748.534755
9358.471083
9071.230898
9433.166515
8480.901198
8718.246929
9148.891286
9014.864771
9270.754481
9687.213518
9119.113424
9375.172776
9266.011816
8947.463232
9504.653898
9223.695803
8677.329720
9507.619346
9261.391224
9068.256777
10092.730524
9924.105060
9608.385517
10133.143983
9756.451306
8732.286550
9141.208457
8466.150258
8366.862304
9291.640421
9810.195300
9338.154811
9879.000273
9322.893225
8790.032894
9608.121881
9430.482805
9908.018004
10683.088344
10146.378974
9824.668078
10537.225963
9409.352017
9181.492293
9408.156181
8517.993504
8899.016793
10042.237855
10107.694707
10190.769031
10243.598895
9868.820033
9515.897717
9119.237674
9247.739012
9154.072625
8638.555760
9088.687757
9004.394796
8899.949343
10099.203058
10255.345226
9765.012390
10952.181749
10749.782277
9794.157043
10341.089430
10000.391277
9581.919821
9808.489690
9524.412651
9280.728522
9798.919558
8865.552632
9079.759282
9844.827377
9470.210065
9670.068773
10391.589727
9968.893750
9484.914520
9881.248614
8928.667305
8903.773479
8977.223163
9142.608304
9573.997199
10410.551645
10644.639985
11080.381820
10468.305970
10021.069690
9643.283847
8996.874686
8457.849784
8470.495240
8323.451150
8604.762347
8663.639606
9055.778930
9430.884580
8962.192673
9012.125755
9005.845485
8877.276221
9511.511829
9988.812107
9573.998787
10244.907122
10260.427417
9729.680743
9742.232043
9326.794744
9102.007345
9555.158440
9333.716902
9077.197660
9683.411556
8936.965534
8777.494748
9545.671216
9826.796427
9960.986440
10570.495003
9945.537261
9317.597827
9311.465164
8861.602289
9120.839832
9353.400707
9485.088805
9540.837633
9619.168689
9119.427067
9122.228256
8216.524280
7969.323616
8394.594252
8234.234479
8054.482008
8807.233634
8416.738840
8488.647791
8460.404717
8351.007738
8949.691119
9243.368808
8871.761742
9521.118167
9478.310253
9946.929049
11040.419952
10730.871400
11068.367345
12232.537285
11232.527513
10607.687616
11519.551258
10907.961933
10800.758908
11041.197579
10684.663964
10157.005849
9938.655872
9328.823675
9203.557280
8654.355726
8460.728143
8138.758314
7866.277923
7694.599552
8003.879180
7944.345737
8375.564764
8019.603483
8229.744865
8310.208752
8035.364568
8154.292863
8705.751278
8278.101272
8405.754090
9018.227068
8777.633674
8912.393718
9034.113986
9052.991249
9431.032922
9614.981636
9223.170963
9560.231926
9441.611901
8998.260521
9629.048740
9809.832268
9859.842825
10144.057884
9731.644550
9422.688169
9400.951758
8917.127486
8763.706274
8832.550952
8398.303915
8839.527229
8652.179851
9126.949653
10032.914106
9726.602179
9619.407710
10694.082844
10521.803178
10312.758930
10968.762735
10435.590882
9779.987015
9423.692998
9323.888023
8967.724895
9261.910909
9421.312884
9539.514197
9037.059970
9430.689410
9206.923969
8813.231928
8470.068686
8029.976271
7536.363594
8454.737240
8735.980640
9129.544799
9819.761155
10300.835985
9461.148151
9561.223236
9080.423280
8924.403596
8871.390877
8855.601027
8852.281676
9520.990699
9211.800359
9033.770422
9150.141604
8594.434570
8837.993960
9465.859007
9074.934838
9801.117147
10857.063400
9979.181373
9782.320798
10375.861175
9677.535928
9349.491554
9643.106998
9899.170337
10145.808560
9852.162062
9024.243882
9636.325980
9702.035337
9098.859765
10214.134543
11110.921277
10469.902070
10457.825902
10264.310840
9437.317770
9240.286551
9640.068860
9449.490982
9671.286603
9107.794425
8770.394455
8705.072601
7957.964709
8317.607358
9107.919082
8779.882306
8936.425801
9398.549535
8810.891767
8725.295969
9090.677387
8953.230869
9677.984387
10208.965480
10095.650074
10507.899253
10004.868819
9923.917595
9845.538343
9793.580946
10343.198664
11136.270918
11092.745646
10942.568465
11086.678504
9849.695854
9562.577459
9200.400959
9031.805444
8575.237221
9134.172868
8409.466180
9106.156105
9565.115226
9752.211049
9823.727923
10354.993615
9461.415525
9464.902383
10129.671213
9795.295403
9979.601167
10223.020150
9986.092645
9933.572083
10055.433717
9471.575830
9218.386212
9003.083458
8130.618449
8220.761582
8061.771252
8024.183961
8464.265809
8329.576166
8435.964331
9281.843707
9416.315017
9709.724483
10077.424427
10052.988349
9503.103422
9724.770721
8893.811514
8548.004404
8279.019494
8257.632461
7989.374230
8522.926116
8642.531130
8754.556831
8629.881945
8367.328303
8223.678784
8103.625810
7866.431086
8372.941568
8254.265055
7688.973000
8414.590461
8505.109687
8208.686415
9033.229499
9257.905898
9616.571639
10213.157130
10084.834613
9765.998645
10184.504914
9492.466735
9399.045645
9988.803307
9879.930194
9751.809364
9629.187239
9432.356214
10097.526167
10172.818737
10022.767058
10577.456317
10446.363958
10021.130311
10243.235764
10217.915284
10503.113897
10768.361354
10031.453441
10068.697247
10699.882001
9970.187249
9886.153368
10960.310463
10664.260052
10251.840400
10607.114248
9882.426125
9348.418287
9723.169807
9486.012871
9577.674249
10411.240633
9964.990832
10070.723514
10365.074913
9825.479991
10503.571623
10921.918972
10294.449478
10097.198166
9843.270316
9352.502332
9690.198671
10017.949659
10264.874412
11140.714089
11605.861942
11518.920077
11452.972637
11350.075717
10905.795248
9731.534682
9269.404390
8532.244693
8173.614935
8427.036267
8124.364358
8361.303368
9151.984319
8780.186605
9248.756792
10282.498704
9923.631144
10620.080667
11350.555281
10726.169066
10591.821985
10376.126712
9611.101980
9870.206753
9423.092630
8919.897612
9429.575882
9095.288312
9210.565163
9651.350108
9554.859001
9208.405291
9333.428649
8571.271392
9459.414784
9912.227412
9878.004621
10086.850537
10230.664037
9581.610987
9971.223576
10253.043368
10015.770402
10230.869411
10038.432152
10260.335815
9992.281682
10130.165802
9649.523779
9407.811292
9007.736968
8892.691752
8558.132443
8820.462706
8461.959263
8752.808381
9277.117695
8971.352882
9870.749511
10835.594896
10245.044944
10217.196189
11041.702656
10201.451490
10042.433025
9883.082677
9495.586318
9836.221141
9954.896904
9679.146459
10163.325603
10082.030358
9366.869342
9416.919416
8807.629209
7870.689760
8701.063654
8907.079248
8822.919813
9827.587107
10070.809724
10302.174409
10995.981717
11007.975609
10860.636642
11463.976778
10517.623936
10267.745192
10267.745192
9636.694587
9936.550070
10427.046660
9964.734683
10701.387020
10928.484967
10269.398085
10272.488514
10306.702619
9601.490041
9830.880092
9952.571406
9202.604465
9686.850104
9705.857221
9172.707057
9223.028341
9613.142849
8907.267166
9366.577595
10212.313039
9927.440194
10558.812632
11317.862861
10521.066641
10456.983696
10827.745278
10566.201047
10447.840858
10678.693972
10029.223112
10182.322105
9698.207189
9363.983442
9485.982152
9795.142700
9430.073924
9335.823952
8770.648955
8768.119117
8593.108960
8071.373059
7738.215393
8127.770074
8361.377493
8315.976351
8943.294301
9193.579324
8965.663319
8962.498261
9189.171790
9338.798935
10251.130757
11153.568691
11028.340348
10795.717069
10496.089265
10411.381914
9890.309428
9668.644276
9754.260083
9335.530594
9092.034383
9232.668017
9051.328416
9431.384168
9774.668873
9150.159338
9415.603333
9727.842603
9280.830435
9743.212358
9808.629262
9536.964893
9046.778342
8795.630054
8714.160104
8770.356878
8117.825219
8892.490032
9893.817022
9222.531675
10290.483143
11942.696332
12579.777474
12693.114117
13436.434935
12489.610026
11983.618431
11340.573148
10872.145353
10931.159088
10772.065701
9904.194015
9697.825302
9473.910099
9099.049280
9299.097324
8924.693149
8603.214756
9028.669145
8647.653066
8694.344700
9490.733658
9278.463469
9244.937760
9601.200099
9504.064119
9760.098917
10450.181116
10162.413382
10215.317867
9987.568592
10331.284077
10281.013413
10005.063412
9926.444053
10351.573947
9670.206065
9663.557770
9976.138835
9391.934105
9535.688785
9697.937030
9129.540626
8936.745825
9526.529174
8705.462659
8624.152754
9617.688042
9733.633999
9961.521497
10733.122124
10580.222830
10223.890786
10401.939321
9789.537467
9427.186175
9289.890988
9386.629810
9496.828613
9544.145893
9537.573543
9303.604201
8762.887624
8934.905940
8891.183298
9309.319663
9981.042436
9781.101337
9591.019456
11161.821982
10959.235952
11205.417099
12049.227392
11996.889629
10822.620060
10719.751906
10373.114565
10229.334641
10137.373931
10275.085972
10458.832885
10183.942167
9956.138523
9900.720975
9835.520393
9719.859250
9307.676432
9313.830261
9316.921285
9082.440623
9045.148850
9248.063827
9145.232303
9007.041486
8978.593313
9438.443038
9722.460409
9491.287325
10667.657302
10833.623213
10751.945059
11357.144712
11738.877091
11215.132525
11127.137426
10896.408697
10305.951506
9444.318571
9499.336560
10211.742072
10295.887667
10417.418226
10723.562246
9924.357330
9840.058862
9293.240664
9221.637743
9880.545177
9684.406746
9391.023535
10677.819239
10640.335673
10449.635355
10483.390028
9905.621043
9349.547616
9009.066528
8496.499679
9014.664958
9604.827309
9098.633182
9847.923824
10276.600659
10493.819633
10497.138212
10684.307222
10599.914412
10593.823092
10670.342847
10155.207758
10276.989566
9836.461816
9314.771099
9014.797448
10382.630007
10204.658674
10439.035529
10844.812882
9981.343971
9072.497419
9415.795555
8660.206822
8959.581171
9912.480583
9940.821966
10456.113863
11198.950554
10686.559809
10138.873821
10007.431221
8917.662562
8711.491790
8839.408312
8986.797340
9502.079930
9420.892232
9226.764883
9467.671720
9277.377404
8683.723210
8465.415599
8503.431414
8274.709150
8413.028371
9081.239806
9612.314946
9321.527599
9846.148525
9996.480145
8860.193364
8834.556008
8809.469324
8409.741509
8710.032930
8816.616463
9028.776743
10393.632997
10443.113147
9999.247555
10989.471452
10642.489004
9664.975830
10514.892391
10821.245999
10974.370468
12364.247993
12789.530994
12524.759976
12996.185651
12484.467381
11719.181236
11293.751098
10535.188736
10513.730459
10142.012649
10179.618512
10698.262356
10817.011564
10736.982123
11133.482981
10143.669708
9909.336336
10405.962658
10421.024098
10714.475230
10818.003815
10555.814380
10320.884418
9485.334570
8429.078949
8919.543315
8460.695769
8216.956051
8449.808998
8543.390202
8418.555116
9018.340533
8668.618168
8708.098519
8558.218216
8589.627982
8655.326234
8620.867838
8568.434963
9817.910305
9374.593083
8818.711612
9487.046757
9085.952470
9029.554597
10581.750548
11577.767223
11765.911004
12337.884789
11613.673274
10379.887943
9692.800868
8818.519757
9381.784943
9513.337602
9294.503414
9260.326497
9182.072016
8150.176986
8552.875331
9543.059841
9520.879741
10332.735823
10801.581254
9964.624165
9327.460727
9633.682703
9158.909515
9768.504090
10752.180027
10665.069245
10723.990825
10586.455196
10167.041643
10213.857524
9986.118528
10170.025997
10928.999044
10175.352654
9335.291335
10363.391669
10347.140455
9725.950458
10485.407250
9942.055377
9280.106712
9248.476448
8745.856558
8938.792268
9719.567687
9338.173489
9707.051532
10725.475392
10271.690466
10146.830873
10468.871879
9841.091888
9547.066924
9317.615256
8677.549097
8780.310594
8412.122031
7702.948104
8174.644215
8849.391959
8205.741060
8861.704134
10007.803267
9315.530112
9293.741533
9725.058557
9137.755783
9112.508324
10163.326198
9960.250499
10363.708269
10822.362405
10306.770919
10120.173007
10251.436346
9695.389168
10057.578907
10407.578494
10248.387249
10607.333513
11009.734708
10257.448135
9904.878903
9962.790110
9597.235198
9272.435857
9288.062744
8982.409271
8292.482517
8271.455155
7903.152318
7858.074837
8452.744349
8421.732048
8215.401159
8987.126138
8911.973984
8830.818077
8907.143124
9010.419069
8857.590778
9485.390936
9257.122023
9633.977599
9593.171440
8659.579955
8300.364558
8903.134075
8507.833447
8804.696782
10381.707898
10172.719669
10088.044215
10715.807208
7758.702460
4039.301935
