10947.264199
15143.367395
19160.301295
18794.116289
18642.006555
17898.064426
17423.687872
17211.221246
17156.928183
17022.576616
17310.613235
17731.280256
17987.211048
18262.682811
18600.940681
18828.475743
18718.178616
18718.178616
18614.323194
18599.128963
18338.897309
18695.900850
18420.320387
18077.835312
17769.863567
17624.479489
17185.076159
17326.097824
17926.895811
18031.234279
18390.977471
18442.752065
18659.396918
18403.711143
18642.178893
18739.925130
18828.799614
18792.412930
18820.596596
18657.972532
18759.571937
18820.982236
18881.588288
18818.339713
18872.790181
18777.336320
18709.362343
18913.275507
18598.766825
18479.440517
18451.037849
18453.859482
17687.928803
18043.729120
18111.039390
18353.834486
18163.511243
18495.712502
18848.729031
18670.873113
18159.306846
18424.939721
18357.326338
18224.957112
18526.786200
18869.288546
18770.382586
18985.338849
18492.733521
18293.508795
17974.587773
18080.067956
18123.457215
18338.494014
18470.848085
18604.963994
18370.113118
17992.832311
17853.978352
17710.792007
17793.425424
17847.230920
17656.523349
17333.333190
16635.069779
16097.228092
15751.800449
15999.020983
16144.112107
16667.072799
16910.199009
16846.440901
16493.314634
16358.346463
16380.237434
16220.126492
16210.579058
16418.668272
16427.154543
16307.884925
16325.211245
16435.667832
16533.274718
16700.234718
17019.017264
17251.072014
17620.005894
18177.614486
18966.749027
19339.636278
19934.121302
20338.568609
20528.818297
20641.817673
20568.228621
20657.250229
20647.850980
20682.438554
20161.857277
20311.469747
19972.948738
20417.136219
20226.349096
20458.415285
20671.010874
20807.293392
20246.077551
20374.040394
20516.726057
20567.291666
20586.980278
20823.612659
20786.362495
20630.841427
20476.645259
20258.097364
20036.925117
19898.019480
19562.104112
18939.599013
18997.997325
19160.458630
19062.719552
19671.868409
20062.366822
20088.529148
19933.523282
20124.302894
19588.906801
19471.260702
19257.103623
19061.819625
18721.245548
18224.445194
17719.465658
17732.056549
17760.493417
17602.326562
17563.025176
17747.349496
17218.584145
16534.545271
16541.073325
16506.390706
16087.486505
16530.208645
16943.768488
16891.919261
17069.546057
17305.751739
16882.760935
16466.891076
16031.455267
15655.987930
15690.525066
15777.415920
15946.410950
16330.630987
17072.136127
17373.609014
17575.255702
18016.909061
18283.832476
18160.357369
17678.899141
17407.779212
17421.517892
17480.355930
17668.867973
17994.272134
18174.001046
17918.571611
18347.749308
18516.565299
18367.292840
18629.471169
18979.486178
18517.576548
18266.217472
18647.869246
18673.944451
18506.985496
18236.100402
18290.137433
18244.666671
18301.066487
18709.894661
19436.290136
19457.782912
19792.082447
20067.691512
19635.254412
19351.138517
19388.016633
19548.519533
19377.203404
19705.822201
19753.682593
19870.835885
19539.045403
19595.269836
19447.466675
19193.570291
19000.654697
18508.421604
18076.558635
18128.344128
18152.331554
17987.336643
18475.223303
18963.397658
18514.729466
18618.715534
18768.576800
18586.292070
18321.659670
18413.191422
18486.879868
18523.604763
18669.257150
18836.141845
19345.953866
19250.692757
19276.583902
18775.632102
18467.757338
17981.303761
17803.696563
17246.272283
17248.275603
16894.491048
16229.710787
15789.751135
15776.210481
15574.872610
15930.729352
16844.614746
17104.909685
17250.098978
17468.990448
17486.551131
17446.688275
17535.332096
17815.228371
17845.496763
17746.030094
17675.283820
18276.208881
18239.161183
18289.238541
18575.209626
18897.371466
18465.631177
18940.598658
19369.922726
19435.303022
19390.462027
19596.340700
19307.817370
19585.326968
19934.766074
19525.926180
19337.645005
19185.443301
19207.372065
19092.237102
19303.835447
19618.420462
19526.967415
18952.329215
19216.916795
19344.026751
18810.316332
19345.953866
19425.977110
19048.931002
19030.390057
19286.096803
18945.272194
19123.274723
18852.239554
18711.341218
18431.448454
18357.645985
18132.469545
18028.084515
18166.761419
18418.415073
18422.378753
17923.961982
17524.671135
16730.449580
16173.038286
15852.353733
16080.097436
16271.032013
16416.589183
16256.208334
16227.906525
15945.760629
15383.977427
15151.269013
15422.693120
15809.274862
16144.532999
16554.775662
16643.982617
16498.816219
16045.565223
15902.296046
15908.780532
15927.293405
15914.702338
16148.706027
16191.802481
16406.797847
16874.594335
16926.706166
16475.390892
16308.357440
15939.601485
15620.442307
15409.638921
16042.929881
16635.217011
17468.118206
17691.354607
18446.123179
18298.438267
17932.129634
17454.821461
17520.683095
17158.493660
17542.660111
18006.447116
18047.744890
17798.640230
18028.358990
17690.407493
17768.298646
18462.203728
19009.517283
19148.503659
19358.784425
19326.317435
18497.751587
18173.382026
17713.814572
17327.847236
16874.594335
17230.142729
17335.986933
17498.318612
17943.253246
17917.073605
17843.641871
17709.621192
17529.653066
17195.816442
17188.951682
17082.553997
17026.254224
16924.382944
16820.380125
16681.428659
16616.123446
16895.848702
17533.659898
17501.246291
17657.018736
17045.693169
16340.412581
15909.205998
15698.974970
15558.110993
16054.734267
16254.417588
16180.905529
16436.481707
16243.659252
16232.551476
16126.948733
16643.000171
16512.970204
16862.017278
17022.692270
17342.003671
17127.412634
17103.671141
17357.042552
17430.853140
17783.452883
17607.704994
17954.780701
17564.063523
17447.346588
17007.925349
16988.655351
16836.511764
16901.702949
16828.164564
16950.317734
17385.953107
17349.170968
17876.122060
18485.543966
18586.634767
18653.758497
19031.219095
19243.730820
19179.008475
19669.616214
20012.273023
20734.634396
20713.246022
20903.678361
21040.222849
20959.601428
20543.243563
20593.045669
20735.765508
20597.620699
20328.742177
19964.496728
19478.595127
19226.751279
19165.901254
19294.156862
18964.356906
19001.196303
18485.070014
18033.692438
17324.660758
17621.967876
17448.382445
17617.536734
17415.388048
17515.142720
17211.811732
17137.520619
16819.135797
16609.871771
16494.860160
16314.705894
16239.027286
16299.765378
16438.280780
16724.758742
17242.896389
17314.641493
17603.039558
17696.954359
17423.878904
16762.473386
16341.188669
16029.329366
15801.275689
15603.567564
15781.877914
16083.183420
15547.594443
15552.345699
15524.104505
15591.549269
15611.008410
16363.689205
16892.233243
17746.586225
18147.930472
18295.390791
18323.473918
18403.348358
18321.112191
18687.318616
19181.645419
19318.504520
19583.999970
19933.379391
19738.032672
19505.692055
19475.607487
19001.008263
18324.312943
18122.592021
18205.382488
18359.056059
18563.361536
19174.921003
19389.845026
19127.358890
19251.039137
19448.416510
19040.648275
19170.758305
19625.894642
19435.469553
19165.138474
19648.791860
19702.889247
19648.791860
19759.409578
19799.018721
19317.917988
19012.208843
19170.380829
19202.740460
18965.658235
18967.581528
19097.744339
18835.471121
18692.503130
18870.711331
18781.851305
18421.741758
18239.684012
17751.699921
17309.984409
17000.160717
16670.198654
15932.779815
15629.140112
15633.805817
15851.015946
15876.992601
16321.692947
16433.993005
16575.288962
16575.288962
16403.715510
16171.899289
16547.253332
16549.177651
16239.173753
16391.040826
16738.189019
16744.541695
16599.061734
16919.990739
16978.456029
16841.719708
16850.424934
16862.189049
16640.960457
16665.145687
16753.703055
16729.774047
16971.903576
17399.144483
17720.126627
17880.562828
18169.004571
18357.011568
18246.509232
17888.333405
17689.342630
17170.658686
17140.204120
17538.845253
17875.402615
18222.574805
18452.209083
17928.255466
17479.512923
17505.493742
17704.808169
18279.676249
19278.141141
19865.653425
20521.215942
20219.780147
20141.159630
20136.891890
19572.914623
18902.564142
19017.297622
18577.327002
18076.740573
18330.718244
18467.371171
18547.539278
18890.235096
19336.801975
19032.770579
19590.535880
19536.467759
19388.811839
18909.110834
18673.066359
17846.456123
17837.951589
17762.156408
17484.788829
17549.645704
17231.053800
16739.004872
16426.501128
16541.447359
16699.899409
16968.759244
17068.722198
17263.864152
17322.625002
17497.968309
17513.547691
17719.607455
17506.740717
17323.623917
16903.035435
16634.154353
16306.620042
16623.116784
16569.063667
16191.407964
16076.759406
15892.258459
15428.627616
15574.074793
16337.354589
16599.834519
17016.207741
17549.499453
17763.322933
17746.304121
17965.097501
18223.337938
18385.755475
18928.956761
18833.132091
18776.816323
18798.480449
18876.846508
18402.038596
18718.525092
19161.167923
18814.210641
18757.702383
19495.377795
19725.429526
19573.532091
20085.680865
20423.798606
20120.752585
19966.337171
20181.210405
20575.735852
20382.738636
20197.556333
19917.526175
19600.985495
19143.366302
19236.561120
19189.540050
19033.365770
18781.851285
18718.908477
18426.527150
18294.983455
18164.542914
17845.640472
17249.357886
17002.094967
17227.569936
17234.069181
17461.951823
17631.056717
17385.953128
16995.834157
17457.819691
17739.977307
17850.572073
18006.543855
18027.827237
17713.345150
17741.501030
17568.005192
17483.441184
17521.136729
17434.432002
17197.956085
16911.788949
16866.049256
16266.913304
15969.698063
15880.713601
15861.539557
15698.857993
15832.834141
15806.023360
15748.348154
16134.092525
16060.096716
15841.407388
15839.579841
15895.938215
15729.435282
16108.473621
16479.737344
16826.738142
17501.402075
18128.019760
18199.768388
18488.385260
18818.068618
18612.360991
18571.330797
18532.048256
18621.139664
19072.284730
19495.210127
19347.647013
19818.640170
19983.057407
19306.225389
18733.704891
19071.968342
19406.161437
19375.359328
19694.259987
19770.027639
19937.034931
19529.499103
19663.166738
19676.391832
19719.704400
18984.580209
18678.686434
18300.610263
18399.979618
18560.892430
19200.779088
19493.531026
20087.966720
20339.305276
20627.438427
20580.141902
20568.917253
20339.109814
19529.824376
18979.178734
18430.566259
17855.860979
17681.714477
18033.002558
18223.958211
18605.475562
18929.090997
18757.392563
18516.397077
18061.101806
17696.745334
17529.934492
17179.758815
16292.834566
16073.383063
16049.966990
16049.966990
16710.018367
17434.578713
17835.778082
17670.632774
17646.690398
17498.717926
17817.537621
17587.631297
17659.219282
17865.488870
17557.880851
17243.041776
17451.167639
17498.938198
17523.028097
18084.431720
18810.915419
19270.982892
19853.947956
20160.118701
19706.230023
18958.318624
19095.031660
18949.676083
18539.675715
18532.674254
18873.145478
18239.858602
18151.058741
18447.970610
18814.602657
19042.264388
19313.426306
19341.532488
19152.850080
19016.466182
18688.949283
18656.783322
18675.979421
18943.088373
19091.088445
19086.634433
19559.672919
19422.599694
19299.491981
19454.568733
19497.458354
19046.198239
18625.706696
18300.610263
17795.241872
17628.152002
17522.269940
17764.781256
17840.879929
17225.210609
17019.157337
16494.361319
16351.238573
16160.565149
16252.054040
16176.035366
16484.591008
16490.222669
16358.197599
16562.912381
16599.679809
16337.170402
16247.928072
16139.892949
16067.013486
15900.059088
15771.951439
15821.792068
15902.140657
15914.078694
16111.503248
16228.361043
16145.718733
16427.875490
16646.432424
16770.053577
16943.590306
16978.283310
16867.905517
16764.154778
16972.447556
17196.163055
17822.503670
18223.800320
18898.201753
19006.655633
19071.632815
18932.770373
19039.408810
18785.343835
18342.954327
17961.274657
17809.350277
17831.161218
17788.824522
18398.608270
18873.145478
19031.468557
19224.661051
19165.754962
19096.540285
19170.206215
18838.634551
18324.312962
18846.134853
19136.527111
19524.992540
20042.946695
20496.271825
19927.846818
19524.672820
18728.506397
18121.292156
18075.712595
18160.357351
18112.335879
17906.580373
17878.188857
17446.865292
17300.952990
17220.664213
17598.081424
18016.630334
18129.272191
18169.353756
17967.832206
17581.594426
17046.005702
16820.537214
16865.136743
17008.279967
17314.296587
17233.782975
16876.196511
16464.892201
16466.747974
16321.834156
16401.930451
16779.358230
17032.925611
17091.867491
16844.443256
16900.817902
16969.972953
16669.245371
16591.430493
17191.779197
17450.146340
17311.073643
17933.809777
18270.127152
18042.572786
18159.695313
18177.259264
17876.122083
17546.707911
17463.968692
17375.176595
17759.151612
18170.057644
18287.229271
18671.047389
19068.025674
18693.008648
18516.397077
18826.819410
18755.308591
18477.749709
18549.343563
18624.608679
18377.096595
18054.014333
18162.365181
18279.512190
18528.593926
18869.126386
19697.767044
19914.494700
19979.485622
19338.283567
18659.131886
18108.433005
17874.353038
17674.657039
17503.038061
17442.358763
17164.991721
16741.752847
16843.953071
17196.496879
17419.672610
17751.311808
17792.658476
17907.576155
17830.120852
17348.703462
16893.080615
16986.189578
16825.575839
17046.580370
17534.527045
17857.793088
17974.930830
17983.339307
17649.881700
17725.966475
17549.963289
17166.447085
16903.958681
17237.560389
17114.032915
16846.999424
16662.859915
16565.097910
15999.021003
15686.908803
16083.455216
16517.126412
16693.047466
17118.429292
17309.231263
17033.762692
17029.406103
16962.398004
16863.463699
16824.368148
16670.380400
16514.453494
16536.212886
16420.955397
16553.187511
16444.688805
16295.099232
15974.258799
15999.815103
15602.996498
15993.448272
16466.177241
17130.082122
17336.622969
17878.775580
17651.294184
17397.453580
17189.132361
17666.160676
18379.622862
19113.038727
19915.228162
20550.409696
21147.276492
20720.338644
21255.905762
21336.029395
20867.647722
20299.201572
20799.642616
20630.841427
20184.137317
20140.406042
19508.738940
18734.381482
18480.581016
18667.422178
18868.961070
19209.715715
19038.186847
18478.712896
18053.706724
17884.552296
17715.151986
17880.077852
18094.776141
18125.339254
17997.083976
17748.001744
17784.771290
17886.851773
17980.225817
18223.186367
18918.619467
18727.870681
18526.293717
18345.863578
17870.831678
16952.195887
16410.212479
15688.035329
15033.549289
14891.990732
14899.482239
15280.923262
15612.656805
16065.969951
16063.821551
16059.036117
15883.196091
15610.296654
15128.646089
15203.849155
14934.606611
14867.255998
15038.483827
15335.779921
15003.749565
15327.821867
15692.244788
15915.427005
16080.750374
16564.230535
17252.421915
17371.860385
17720.894391
17814.264183
17946.593283
17610.546437
17599.777256
17205.168794
17022.924074
17014.220666
17000.355329
17102.040833
17247.465517
17412.299136
17384.179336
17746.030111
17680.663608
17767.646461
17860.482462
17700.324757
17366.588126
17271.264352
17340.549474
17353.810235
18065.116291
17987.336643
18354.002323
18694.513216
18785.551575
18171.958464
18054.312196
17685.706569
17126.368226
17032.739593
17069.686512
16959.306709
17219.708925
17332.234548
16994.027797
16829.454168
16746.736400
16130.995348
15994.168006
15838.501967
15475.742733
15534.891202
15586.969449
15005.559495
15179.301723
15259.238454
14829.888206
14699.775824
14803.531459
14744.982221
15217.360615
15548.937951
15462.323019
15709.342914
15785.244537
15514.507742
15394.698955
15680.507262
15982.319221
15797.427129
15678.481813
15737.091158
15585.301861
15446.342610
15617.929955
15637.332660
15543.507449
15315.542701
15200.833598
15358.389628
15356.722350
15446.079932
15732.384682
16014.519035
15921.550189
16029.837478
16187.086016
16386.545425
16501.401996
16226.177167
16221.486210
16005.692741
15712.815238
15224.836313
15513.639396
15840.612163
16538.289592
17373.409333
18045.671397
18065.405159
18093.797620
18154.576278
17799.009568
17436.764144
17748.905339
17636.408050
17502.348446
17977.536831
18348.344338
18354.675218
18764.527044
19116.798859
18761.421146
18919.498018
19242.951442
19145.260603
18832.597797
18830.626124
18255.867187
18001.961265
18058.455155
18502.298338
18496.422592
18550.194090
18600.098772
18573.978613
18259.152644
18233.445560
18591.219286
18567.062282
18189.833351
17710.465705
17448.191102
16944.984162
16474.246786
16456.927479
16771.818094
16698.119882
16687.118700
16671.948499
16414.112852
15751.579953
15915.901917
16022.337905
16130.995348
16365.122815
16962.236641
16747.026606
17115.881219
17285.316130
16951.199788
16796.165956
16754.607795
16297.231994
16375.376146
17043.342459
17454.489063
17606.351524
17653.863541
17602.154546
17152.990471
16795.972934
17349.017060
17544.123537
17656.776105
18177.614486
18187.083248
17844.341463
18009.018803
18099.860870
18000.260878
17894.347659
17981.303761
17530.209672
17310.917243
17248.275603
17729.993765
17712.637180
17825.379383
17983.339351
18439.261894
17915.091210
17856.706665
17936.880485
17631.056717
17006.373674
17372.840348
17713.504852
17769.863585
17904.363292
18496.701915
18500.915619
18273.502698
18778.766440
19123.465858
18642.006555
18505.933733
18509.898906
18419.122515
18258.515349
18646.843030
18627.823570
18307.042696
18148.676854
18098.862541
17753.956396
18066.197258
18691.188393
18504.825050
18361.346365
18166.172930
17780.959247
17498.717900
17447.031601
17210.577176
17371.081461
17129.147103
16686.627898
16361.237071
16432.799455
15955.547947
15755.839716
15602.241281
15543.507463
15481.175488
15406.636615
15063.798488
14758.417721
14380.328058
13853.721212
13803.839160
14153.958314
14626.867973
15325.548911
15550.582838
15440.114240
15421.078918
14976.514535
14592.343848
14714.055395
14997.901545
15418.744836
15572.580431
15445.285950
15305.873694
15076.135379
14895.300899
15191.932808
15654.475227
15992.662021
16574.109683
16780.533696
16828.571245
16990.857364
16993.042997
16815.394028
16617.901348
16639.712248
16834.507938
16932.019367
17248.980146
18000.758939
18471.490438
18441.043301
19054.897118
19069.976582
18506.204956
18328.382184
18675.164035
18640.576116
18427.926701
18085.080251
18128.344128
18236.961952
18457.845456
18566.543990
19121.226179
19331.399373
18895.538024
18581.063412
18717.563854
18705.651923
18759.961678
18827.309482
18844.492562
18408.933734
18124.299151
17681.874421
17630.030581
17206.837909
17215.410181
17246.459241
17463.194014
17109.630099
17155.039463
17408.915145
17401.723257
17028.940068
16868.437061
16714.395285
16304.623866
15855.579634
15311.543489
15190.018626
15231.368983
15625.635559
16330.773826
16868.563347
17219.948854
17415.089021
17467.329642
17326.097824
17230.661438
17514.884208
17343.513343
17271.898682
17206.065656
17384.179316
17041.485908
16887.373875
16739.948281
16746.736384
16877.032715
16957.409160
17245.869424
17347.869965
17356.808858
16903.812632
16854.083768
16229.169423
15773.825217
15343.367006
15436.683032
15538.907592
15964.798860
16172.336751
16409.757899
16671.948499
16604.673289
16771.818078
16919.552142
17156.728151
17197.956085
17470.992700
17566.729864
17974.227877
17896.905689
18120.184657
18094.225834
18080.743865
18289.387854
18550.074277
18266.090320
18615.149553
18912.485837
18530.544751
18281.545094
18301.066487
17648.021276
17483.441184
17604.731046
17837.331014
18132.621661
18614.005004
18563.739198
18210.547763
17841.658823
17663.766901
17496.790321
17288.592137
17845.789417
18456.852405
18678.003786
18682.662038
18584.639397
18170.434902
17496.359248
16856.245179
16889.072692
16850.026702
16487.522053
16391.334031
16235.460788
15814.577274
15862.395598
15849.230524
16177.916377
16668.213094
16844.114868
16739.948281
17403.667308
17443.437548
17350.058809
17168.191499
17519.289490
17250.435858
17111.842327
17124.926896
17541.467116
17573.850010
17621.606173
17992.676964
18413.359839
18415.563140
18532.674254
18771.069590
18928.956761
18930.608801
19449.239588
19781.003625
19470.776156
19433.378371
18982.216665
18492.126675
18210.179567
18761.003739
19266.188136
19758.346024
20055.639795
20333.347299
19899.219634
19375.359350
19410.059286
19273.059980
19069.648149
19579.167494
19717.814194
19407.793374
19444.799090
19381.997252
18787.724046
18801.529405
18825.578928
18684.365881
18506.641964
18467.757315
18061.101783
18193.681702
18017.488215
17933.221592
18200.005692
18075.590625
17678.744076
17494.335557
17552.901001
17437.816149
17379.054605
17676.162060
17693.393588
17441.996619
17708.981828
17971.911216
17704.956200
17537.824708
17956.656225
17568.494796
17375.852876
17434.578713
17308.797116
16415.038940
16389.280944
16212.960872
16152.077336
16323.153347
16661.791556
16267.049222
16182.076311
16141.102427
16364.713013
16525.608074
16570.761619
16714.073633
16824.513926
16830.769044
17080.611554
17733.197598
18266.600015
18242.791498
18232.225281
18004.385331
17488.346449
16964.043355
17135.786717
17018.477321
17152.835979
17560.634020
17785.956458
17966.079647
18141.707856
18538.499955
19173.988968
19613.558658
19700.309537
19843.676206
19606.855235
19368.689840
19363.669162
19563.250402
19960.280420
20469.894335
20443.778016
20210.867658
20111.469006
20399.946448
20499.630571
20469.337155
20758.573539
20524.139647
20174.904235
19754.012651
20103.283766
19839.971570
19881.273190
19901.051783
19939.861479
19083.084779
19062.221916
19372.200638
19240.085587
19005.895789
19333.209927
19649.946805
19520.167799
19668.074224
19752.412558
20079.789540
19513.595859
19290.193681
18734.923637
18496.701899
17941.052573
18279.512210
18286.002207
18446.632227
18592.051675
18413.869817
17955.829001
17756.152946
17689.342630
17645.653106
17608.871855
17674.657057
17746.304121
17863.570363
17956.485050
18396.937631
18526.293717
18588.807390
18419.715589
18508.773864
18749.243563
19080.933674
19091.565944
18907.045283
18491.031818
18341.114958
18686.426280
18781.851305
18886.188852
19415.060305
19222.165332
18738.170273
18757.702364
19505.692055
19803.070275
20321.496684
20548.989226
20937.762888
21000.472269
20874.624622
20885.392329
20874.110163
20288.089710
19866.958365
19613.680044
19314.355763
19267.255241
19460.722849
19544.892214
19295.216154
19386.701758
19283.242800
19450.165540
19311.330423
19218.038992
18949.329518
18972.916323
18460.984868
18328.738106
17992.519613
17621.789186
17407.963256
17624.663664
17592.250295
18099.580960
18162.557703
17847.634718
17691.657552
17663.481189
17500.919390
17678.744057
17676.162037
17674.211449
17721.707597
18010.517907
17986.672311
18550.194090
18576.175234
18818.884125
18717.269935
18804.207199
18468.125492
18173.023708
17242.613042
16592.140464
16251.618373
16068.141857
16237.366440
16612.649264
17287.150059
17421.330692
17790.484137
18044.225227
18000.758939
17573.670999
17675.448720
18060.722304
18381.986921
18522.795443
18730.965574
19362.060708
19122.446621
18773.412173
19161.469590
19410.646168
19521.388984
19467.441150
19560.643583
19766.851476
19744.926320
19012.208828
18758.179192
18992.840051
19001.196303
19189.715258
19554.243390
19850.406684
19682.912153
19876.363839
20222.953181
20269.312178
20412.014012
20789.650983
20813.185923
20559.689654
20566.232009
20693.217509
20855.224163
20820.837767
20977.082733
20900.988635
20630.971344
20108.214287
19809.107672
19520.530278
19166.799589
18765.140527
18620.052670
18557.036910
18366.349280
18457.248186
18697.150951
18683.885058
18367.466506
18473.335762
18582.125109
18389.511455
18276.721386
18313.421063
18601.998641
18684.200273
18944.888406
19504.747703
19248.867643
18606.621425
18596.072811
18283.514767
18006.127703
18296.492374
18643.393432
18541.586396
18534.367486
18289.534729
18592.990045
18523.449957
18426.430317
18529.455441
18568.132614
18486.051806
18466.580669
18308.280173
18254.352153
18410.492329
18032.849379
17920.149751
18076.237719
18101.949831
17896.323685
18099.860852
18284.349421
18217.243249
18367.638284
18699.119134
19137.488267
19527.825994
20152.530382
20274.865386
20562.854187
20675.812481
20587.248096
20172.660630
20003.904522
19322.502425
18804.423583
18775.983982
18839.110654
19127.923122
19943.194542
20366.225090
20435.735700
20568.105654
20610.398975
20263.237626
19712.227030
19475.973998
19740.418677
19597.259181
19540.717582
19839.971552
19670.816354
18977.238966
19061.603449
19198.155039
19013.724372
19074.408764
19126.593283
18600.255666
18064.805996
18090.612889
17997.276882
18114.752843
18142.439391
17951.795593
17561.735532
17509.566732
17142.853378
17191.905824
17309.374390
17626.068105
17552.379179
17647.451733
17339.818528
17055.784146
16639.522285
16567.946033
16691.511401
16505.802882
16893.836196
17282.095674
17247.625681
16868.182480
16856.052051
16235.982873
15752.132627
15626.213441
16010.369795
16736.549771
17371.860385
17584.431763
17712.438389
17627.699335
17592.632497
17594.733404
17766.306846
18236.808016
18644.417741
18385.755475
18687.318596
19114.662998
18939.065174
18624.756586
19031.094631
19067.837231
18952.826394
18720.908000
18586.466734
18133.033186
17449.845459
16937.903296
16929.533787
17044.264299
17105.333673
17682.032115
18337.117926
18616.867308
18608.345597
18664.692294
18352.433696
18105.204713
18031.562572
18360.976979
18457.248186
18563.479760
18609.292821
18635.207944
18364.080134
18584.844793
18632.872449
18851.648075
18439.638203
18231.714055
18078.866393
17755.525844
17334.953894
17731.587455
18076.391492
18137.713069
18588.659765
18840.194315
18924.824687
18818.339695
18858.900659
18839.252532
18971.335420
18956.381140
19229.666150
19339.636242
19140.319265
18674.102312
18450.508860
18064.805996
17914.417118
17708.439313
17549.645668
17508.861846
17944.396822
17925.831258
18203.429823
18259.670927
18183.749968
17682.701427
17781.637503
17608.103279
17646.874514
17829.275880
17679.646381
17334.339240
17397.317725
17512.024717
17199.983949
17212.912151
17120.929755
17353.422681
17329.462124
17615.695664
17721.918483
17944.824704
17552.735956
17363.947640
17647.834369
17892.959654
17841.458126
17589.919141
17461.951823
16904.401990
16494.520722
16353.537051
16575.006404
16780.860354
16815.651597
17362.024708
17378.562007
17705.790687
18445.774003
18944.262248
18881.588288
18930.608801
19108.812759
18544.717974
18219.334974
17961.425515
18191.397877
18167.819566
18510.206944
18733.871873
18874.771941
18994.420916
19294.156862
19354.737231
19677.847208
20530.287209
20652.113824
20641.541337
21040.518009
20871.270115
20765.411830
20769.881159
20733.165532
20333.908313
20270.778530
19756.774810
19439.690819
19235.923136
19387.820339
19693.798440
19437.308696
20250.631816
20270.260105
20213.648817
19537.270618
19487.200347
18848.298473
18546.707953
17796.055051
17783.312414
17609.687041
17149.323045
16850.026685
16851.987712
16990.857382
16880.285096
17488.834883
17760.007700
17853.029942
17580.149844
17981.133197
17647.257778
17725.674679
17745.412635
17961.890859
17582.283902
17455.512702
17574.794358
17815.606174
17679.049679
17891.773481
18253.365808
18118.878723
18006.242015
18344.466233
18489.807610
18052.816701
17660.257055
17534.210975
17545.028305
17348.044840
17484.118780
17785.343683
17846.107433
17529.795874
17442.915082
17250.270500
17076.717660
16913.973263
17109.334226
17675.283820
17968.983916
18473.932415
18914.630737
18970.993582
19081.852586
19206.236978
19184.436581
19576.993762
19769.852682
19694.156163
19743.277367
19888.768722
19825.699868
19769.374626
19636.904095
19904.953967
19829.093622
19653.528168
19876.712720
20037.302639
20016.372294
19849.426708
19547.892411
19066.398770
18704.140197
18605.128033
18817.831306
19043.595262
19178.100022
19486.139696
19140.471333
19019.015205
18799.737317
18878.098159
18993.243960
19012.079431
18897.034957
18332.906174
17742.891301
17359.391269
17401.331397
17449.345078
17932.944124
18056.370884
17646.348047
17780.672468
17986.780420
18587.298540
19417.853353
20339.484983
20329.926427
20115.617389
19310.903730
18634.374203
17636.709646
17150.395027
16588.493824
16621.174292
16569.063687
16762.325918
17243.511624
17710.039615
17953.029225
18334.507569
18807.508224
18952.987954
19499.495153
19970.437347
20514.901612
20974.327614
21193.235671
20947.875248
20710.878544
20056.523370
19641.900092
19240.480944
19060.423784
19023.656957
19092.987044
18958.485598
18972.716845
19265.660360
19798.746816
20690.271607
21711.534653
22660.941863
22880.364643
22572.093800
21668.315687
20906.106208
20387.042087
20222.242955
20259.063726
20192.098566
19833.988868
19758.978755
19591.699617
19216.794385
19457.216503
19164.796838
18457.383452
18527.092200
18418.605026
18908.528095
19231.762868
19304.629834
18764.527044
18990.146574
18374.346683
18434.828554
18787.560509
19116.798859
19260.084678
19453.490872
19487.660463
19330.386401
19191.743566
18816.622490
18491.384130
18295.989637
18542.491406
18377.800073
17902.813148
17792.300329
17852.861967
17925.831258
18294.838614
18919.052165
18928.122188
18541.723587
18048.525357
18037.357263
17837.951564
17846.456101
18308.661451
18616.370861
18438.834412
18694.513256
18817.947918
19245.142122
19109.016448
19145.964742
18987.320419
18785.977526
18306.714620
18501.408143
18560.261557
18722.894294
19074.021147
19276.092364
19334.305637
19726.813551
19946.200165
20475.540466
20781.241998
21056.026824
21034.253376
21138.733305
20720.178843
20596.414683
20385.015671
20326.288288
20116.065601
20642.668329
20864.025067
21242.524627
21518.270083
22051.639475
21780.450744
21127.353969
20734.986212
20140.574852
19629.190416
19375.182131
19544.382441
19838.040472
19959.813409
19744.764098
19415.060305
19441.026460
19051.222898
18860.283506
18684.536387
18554.527779
18686.800616
18771.248701
18752.148803
19003.553016
19318.075147
19224.807049
19104.832086
19239.686371
18922.889023
18729.698222
18580.275155
18384.902033
17940.329957
18211.484394
18521.914911
18718.908477
18860.028882
18974.705528
18332.906174
17758.338168
17274.623400
16654.448714
16714.951834
17120.502692
17257.555278
17461.306912
17710.176823
17851.250028
18404.277129
18915.991395
19085.438027
19369.470969
19614.425114
19731.327065
19850.952054
20133.059508
20161.177551
20633.774727
20772.466015
20536.463105
20642.365454
21046.264991
20797.257756
20704.027581
21343.777142
21699.101144
21917.649455
22329.725937
22498.559960
22446.993415
21898.405517
21343.904688
20404.532190
19619.829224
18732.825826
18353.324732
18129.767260
18314.399788
18919.344439
19105.685778
19259.890850
19334.905872
19619.475110
19406.766268
19738.470503
20005.052497
20393.173885
20475.540466
20382.023220
20327.875471
20154.154599
20222.386078
19886.354653
20046.841065
19890.463103
20020.817126
20121.625037
20588.181489
20668.704424
21188.934789
21486.089581
21474.236352
21639.346799
21749.588235
21643.149055
21756.140559
22010.129061
22300.159241
22543.453401
22678.517657
22731.713060
22427.040867
22042.646232
22014.895003
21916.952827
21748.280162
21928.956612
21644.136677
21971.942026
21863.491105
21962.968478
22100.006593
22351.378068
21800.144506
22153.936676
21961.408560
21904.219851
21971.809805
21941.117869
21356.020151
20766.130823
20533.187350
20507.630524
20333.908313
20437.739421
20633.105267
20348.849517
19999.494655
19711.544252
19906.438665
20288.089729
20452.619963
21146.696791
21827.312749
22154.486106
22779.456556
23068.369262
22671.685425
22762.328799
23064.240073
22940.839856
22971.707360
23324.703097
22962.355023
21915.669973
21275.643281
20946.834962
20126.704388
19610.380639
19653.869102
19013.924319
18459.574602
18470.485740
18752.494189
18719.751051
19266.324225
19712.509109
19625.773454
19549.943620
19662.813228
19682.377994
19494.425905
19702.561379
20175.551697
19923.987317
19559.672919
19902.705033
20011.061577
19716.219026
19889.304480
20106.195966
19697.767063
19333.209927
19044.852227
18682.796484
18693.510236
18822.610384
19202.302248
19492.997053
19594.735344
19319.125656
19305.160233
19070.887136
19357.343056
19983.865135
20378.821219
20531.620963
20477.004598
20381.774771
20214.795370
20364.809731
20775.359980
21027.364368
21164.044460
21360.652857
21363.587787
20651.085644
20085.680849
19462.450414
18990.146554
18367.809075
18346.421484
18327.144410
18582.998574
18422.225872
18782.340911
18876.640487
19180.270228
18867.910588
19088.787126
19232.026428
19518.818657
20171.564952
20830.888485
21399.608476
22129.966795
22565.112743
22423.604805
21842.624845
21549.774736
20981.497678
20382.147601
20037.476174
19987.468837
19768.580142
19775.393120
20026.241621
20253.998191
20471.134417
20440.882147
20434.154206
20436.651259
20534.089101
20805.515622
20955.113780
21368.897458
21606.580481
21815.488285
22332.920004
22665.023466
22380.687978
22053.942769
22243.079240
22024.240957
21798.147165
21770.517869
22145.700326
21917.803977
21692.242128
21698.831233
21716.194675
21704.634503
21685.059751
21608.799017
21448.304257
21134.202689
20487.773002
20035.073330
19668.674519
19956.801356
20119.730428
20652.764297
21129.964304
21491.739444
21119.454518
21186.434095
21278.063056
20891.933967
20924.519094
21033.038934
21306.549472
21379.248317
21623.798754
21596.214149
21795.548926
21689.408337
21278.063094
21080.543688
20863.694865
20477.564036
19818.640189
19999.310342
20110.149362
20623.634300
21816.901190
22868.754335
23397.291716
24080.431045
24230.072777
23750.774751
23514.111755
23368.708053
22835.150715
22690.213536
22134.736701
21922.154018
21398.913632
21101.399334
20656.805311
20699.882910
20292.253631
20257.232069
20040.025944
19972.594180
19755.788099
19753.682593
19245.890025
19016.213237
18983.810800
19057.497650
18769.127911
18930.947605
19267.255220
19271.607576
19356.288699
19525.515186
19725.255346
19800.937309
19885.782246
19495.210106
19803.244201
20137.024873
19859.282562
19527.379860
19637.866576
19451.347481
19209.715695
18960.126360
18925.230109
19214.018039
19302.987347
19209.002752
19445.236730
19462.225318
19455.976634
19354.276163
19086.350366
19335.596356
19921.353733
20057.854648
20272.471838
20524.139711
20558.670505
20328.742177
20038.106084
19730.322948
19688.023721
19577.309431
19045.801306
19078.585906
18807.508244
18774.588799
19023.892870
19358.042528
19082.481854
19283.904607
19512.258300
19013.184584
18488.177719
18089.311919
17952.839571
17529.934492
17800.906884
18663.993114
19422.987661
19861.233262
20213.648794
20482.387645
20467.500408
20432.720302
20474.042629
20252.918638
20030.069302
19871.230944
20422.513546
20337.953666
20445.793109
20706.139138
21148.169466
21050.834580
20957.487767
21084.845240
21101.845597
20780.999699
20351.407376
20525.227381
20198.295768
19933.815577
19781.782721
19762.402620
19513.124028
19620.731763
19549.403464
19603.756166
19445.384233
19252.058417
19576.665841
19338.283567
19305.528205
19780.501857
20110.335891
20173.542681
20674.737038
20900.121588
20783.227174
21184.151968
21400.245605
21222.311752
21302.487027
21506.828971
21454.830851
21005.702968
20715.029324
20437.490943
20057.999600
19366.014203
19594.321610
20121.108942
20114.429367
20110.512345
20663.406112
20747.941544
20259.603760
19958.607513
19624.885407
19351.298807
18947.330189
19003.553016
19365.488639
20046.711699
20051.039244
19935.720842
19697.599252
19421.756149
18990.315804
18968.471063
18625.563443
18695.008453
18395.768507
18274.271465
18311.122870
18870.222259
18907.045283
19276.092349
19414.545093
19377.850458
19220.407432
19127.165965
18817.178574
18671.614775
18626.010450
18849.089143
19194.042617
19222.381634
19443.830113
19862.328626
19784.902796
19876.003905
20314.007255
20554.265517
20658.521088
20912.548347
21554.282311
21797.161027
21337.870158
21144.753302
20714.704705
19575.965566
18821.311332
18793.224256
18398.608270
18195.982616
18603.980346
18608.345623
18445.773982
18402.248889
18717.120770
18556.479273
18764.668823
18986.047565
19157.110255
18783.585786
18274.119793
18011.750467
17768.842817
17738.419422
17860.314026
18459.122077
18747.746221
18875.554482
18975.006932
19229.335662
19181.157719
19233.145836
19389.686277
19400.344762
19019.697738
18759.384882
18737.760976
18707.489789
18247.541690
18463.856270
18717.563836
18613.685500
18218.667247
18279.512230
18166.761442
17637.428383
17258.308588
17331.637997
17390.071786
17350.205104
17805.759130
18087.686526
18183.244489
18050.774268
18098.005741
17681.380956
17609.846121
17677.206228
17486.322367
17399.318907
17857.019724
17874.492315
17845.944802
18373.349188
18394.331954
18223.035196
18633.045308
18867.207842
18919.052165
19219.921317
19352.117668
19343.638920
19555.918362
19961.411954
20473.781918
21187.349761
21653.527657
22056.560785
22443.327777
23130.997107
23229.427221
23485.138712
23263.513354
23511.059174
23163.306273
23276.163748
23137.318745
23193.754411
23097.905469
22940.839852
22972.928515
22968.883022
23148.864260
23471.830290
23817.464402
23390.127107
23949.346041
23921.565334
23260.118009
22997.226943
23372.117370
22547.615462
22345.636950
22153.547126
21658.385090
20976.522461
20941.598242
20575.110011
20228.307421
20058.864323
19686.322251
18842.483031
18332.756267
17894.540621
17692.592062
18282.702410
18712.005272
18733.704891
18948.521739
19063.381863
18890.069160
18965.977527
19649.029397
19870.485605
20105.214906
20324.696584
20580.233820
20710.129515
20992.423410
20818.628197
20365.270803
20552.098395
20671.010888
20961.473839
21440.912753
21961.578286
21774.766469
21711.668632
21371.501412
20988.445556
20615.612723
20565.684233
20314.155461
20567.972327
20513.998142
20597.931401
20561.487924
20327.114593
19771.950103
19607.442362
19067.480041
18509.898941
18011.444020
17625.249042
17559.426173
17854.408777
18054.014369
18411.812117
18474.274744
18610.846900
18532.825395
18505.011836
18472.083766
18550.194076
18804.207199
18918.909356
18769.265060
19068.603647
19333.209912
19121.871416
19611.866207
19871.890445
19468.497368
19748.599750
19981.177631
19818.640189
20150.093665
20388.762864
20462.394561
20314.517704
20288.395737
20351.407376
20633.270131
20412.014047
20445.188901
20035.193102
19623.123315
19191.555694
19007.060306
18939.065174
18899.751338
18761.213524
19030.390037
18904.515414
18491.031796
18529.806432
18245.870453
17744.999695
17516.926336
17716.637025
17974.761054
18382.595934
18853.185725
19568.923327
19658.187757
19311.040249
19449.855887
19610.380639
19480.419441
19285.190951
19524.038650
19801.343384
19881.547795
19870.835885
19723.086722
19343.441539
18562.788044
18169.878466
17914.271515
18129.960528
18492.371441
18715.923277
18642.006577
18635.563786
18828.039453
18654.537822
18472.392393
18567.558505
18704.672158
18814.900750
18943.088373
18923.620232
18699.917913
18472.236532
18190.225083
18329.273984
18431.151743
18797.643908
18839.110636
19005.895789
18886.521317
19515.478572
19365.488639
19688.646885
19552.366007
19483.218779
19277.005130
19537.583806
19574.221249
20112.251058
20684.764773
20879.584914
21092.820684
21239.710197
21498.717208
21650.332583
21599.805955
21698.137524
21535.545869
21124.309231
21067.959381
21232.697563
21347.434901
21861.428794
22148.542917
21987.225779
21554.170382
20951.031780
20326.438909
19945.987247
19666.415862
19726.562893
19739.694283
19934.927949
19921.026130
20163.663201
20280.759332
20404.302019
19951.378379
19909.076461
19768.062527
20175.932713
20251.713219
20811.415866
20951.876670
20884.963720
21015.007438
21891.643440
22193.131477
22511.831242
22865.858214
22678.829402
22333.767974
22484.357413
22587.500529
23066.751098
23075.384015
22576.757245
22309.889486
22161.542149
21350.456835
21070.831533
21109.606782
20728.169440
20171.383096
20134.525843
19772.200498
19230.318439
18991.786046
18836.507868
18595.876284
18771.248723
18997.044504
19235.614947
19423.403582
19423.403582
19176.114877
19221.754860
18768.721186
18636.989095
18957.996132
19452.479425
19532.703654
19859.985372
20102.230435
20054.468894
20112.841070
20249.738060
20501.078061
20482.276539
20345.602438
20350.387033
20510.772734
20350.387009
20589.415827
21227.485903
21127.458898
21327.419049
21505.942659
21477.049892
21468.101023
22469.773845
22790.884872
22908.210644
22934.400674
22315.729688
21292.402455
20812.849784
20531.347421
19974.249968
19770.214458
19490.631870
19215.470046
19015.691699
18832.308836
18682.927499
18472.236532
18383.344675
18105.736260
18223.337938
18537.822783
18698.225492
18639.813916
18670.063946
18905.224824
19189.077511
19277.929702
19230.489754
19490.631870
19509.338350
19140.621557
19034.349191
18778.557397
18498.640906
18214.582417
18177.724461
18062.739304
17986.884260
17813.284327
17749.688041
17307.401497
17430.853140
17654.190186
17864.937954
18027.111796
18601.552224
18323.999454
18731.690224
18718.525092
18998.172070
19284.263471
19920.007187
19785.566484
20154.060570
19876.846554
19519.162580
19762.047168
19881.273173
19660.296162
19716.584120
19807.786633
19152.514060
19007.200995
19098.216636
19422.416029
19730.529314
20142.955593
20101.656130
20136.432203
19960.132052
19499.991062
19454.850099
19625.773468
19927.531017
19692.832253
20072.128920
20271.183145
20518.558260
20815.729955
21163.906499
21402.309433
21719.297037
21825.206302
21334.611628
21939.001643
21903.918604
21790.885024
22292.439855
22498.236134
21962.345926
22062.045941
21947.679647
20861.003068
21021.506763
21709.880249
21809.217564
21675.201637
21948.036816
21774.766455
21142.617951
20418.255572
20338.568609
20694.058419
21196.423156
21364.130801
22268.459199
22752.325028
23163.425578
23337.443486
23886.817438
24084.581177
23780.956538
23462.147716
23130.739309
22488.556350
21780.025090
21688.956017
21096.612414
20398.560108
19829.512768
19716.820789
19031.468557
18717.120770
18675.637937
19094.065413
19117.616569
19250.312557
19512.799721
20024.589119
20257.437965
19977.231688
20185.366602
20133.554327
19819.101208
19912.894911
19986.711105
20411.743860
20767.447934
21095.151401
21015.007451
21290.601434
20975.921600
20891.571428
20883.208101
20746.562245
20648.950083
20974.195644
21136.987680
20668.704405
20402.950941
20131.773888
19442.151899
19003.976833
19021.519090
18908.528077
18988.711214
19355.342927
19741.362250
20021.088012
20784.880164
21658.892741
22428.883281
22808.180522
22930.092313
22243.830382
21126.892322
20092.339362
19675.861417
19229.335662
19261.764554
19730.427556
20235.835105
20136.249910
20326.761324
20493.796629
20170.467535
19628.568877
19129.361090
18971.162603
18522.534762
18459.574575
18613.685461
18741.374699
18112.335854
18147.930453
18067.252855
17787.853822
17436.413404
17375.687393
17011.523824
16519.373635
16423.719327
16321.966918
16399.985998
16369.161928
16839.924788
16787.996111
17249.920870
17711.801172
18245.300902
18377.467094
18754.867749
19086.634433
19294.793780
19339.347199
19209.544391
19250.692757
19009.753561
18613.176297
18277.026185
18047.066774
18148.980886
18044.885246
18059.946455
18499.404448
19126.224821
19451.347481
19761.727602
19961.123006
20285.561342
20229.130051
19634.999264
19370.088828
19530.403388
19286.435275
19271.247668
19414.243734
19596.340700
20036.723616
20344.529129
20507.451553
20615.735881
20611.226407
20021.214329
20004.810468
20659.668320
20939.535813
21221.732127
21575.145922
21697.608634
21233.016530
21087.646655
21009.975191
21239.474398
21284.374380
21102.036652
21340.598407
21418.745203
21570.172173
21806.020325
22395.379050
22209.157111
22324.235777
22048.803428
21606.837398
21112.389218
21183.938967
21070.899832
20993.051121
20861.537539
20993.667485
20941.467006
20770.411062
20579.880641
20403.305753
20169.179651
19776.756501
19377.542495
19251.602917
18911.083960
18935.039184
19275.672530
19902.389079
20184.137297
21102.332259
21825.039092
22332.553164
22396.842723
22603.967779
22345.048432
21738.142228
21670.360666
21696.947987
21338.754352
21078.347550
20925.793621
20242.939828
20025.967000
20327.491983
20536.749840
20653.828943
21055.070472
21077.174298
21029.119459
21459.130607
21851.689224
22246.263111
22736.726257
22779.456549
22246.361237
21250.993944
20446.176112
19812.937663
19322.799371
19318.223002
19576.323136
19866.363651
19743.103102
20170.467513
20285.737247
20411.484971
20183.796077
20185.643178
20049.213904
19910.405601
20220.829801
20734.752567
21359.567918
21444.056874
21620.327531
21721.949538
21715.876089
21269.579257
21535.728028
21709.618420
21763.283602
21893.877194
22618.232710
22481.557274
22185.371907
21981.570489
21944.749168
21526.479143
21318.175251
21259.723177
21137.904831
20790.631916
20194.006311
20252.761444
19881.547811
19487.084752
19023.157734
19148.713775
18654.062123
18647.164567
18323.999434
18419.426837
18258.830605
18592.868999
18745.612962
19177.162128
19662.941323
19996.893146
19971.123913
20398.906920
20181.561556
19669.761773
19394.439169
19025.344787
18262.195724
18433.250050
18659.000829
18515.768154
18695.900850
19029.879909
19133.655737
19007.652885
19040.525224
19211.447931
19460.995289
19682.154992
19519.325214
19599.590331
19404.569219
18781.688549
18111.559634
18154.969221
18187.940547
18382.742888
18742.059218
18878.668954
18735.664083
18592.625049
18134.692371
17986.988130
18043.404014
18340.481181
18637.565303
19257.796675
19603.171879
19716.219026
19995.676616
20256.050161
20299.473596
20597.620685
20951.163381
20745.379890
20437.234173
20669.576942
20749.005815
20735.658882
20846.672384
21171.997757
20998.898764
20427.803832
20282.287493
20360.157988
20982.901650
21030.250638
21261.005848
21640.309541
21952.950377
21777.071066
22195.143817
22446.884249
22345.048445
22420.793270
22436.662870
22485.863427
22899.684045
23281.111162
23306.975082
23654.453291
23487.050400
23245.439592
22987.404644
22516.156807
22024.546651
21816.441553
21522.175178
21706.901502
22060.553198
21745.700245
21392.052546
21230.156429
20401.784776
19649.029397
19124.260656
18655.661819
18207.108439
18300.452972
18562.908922
18599.630060
18840.194333
18917.964986
18928.956778
18861.172149
18957.058297
19585.457834
20433.969088
20883.325740
21045.331579
21490.426037
21355.888891
21346.388634
21702.102712
22218.005251
22565.251319
22571.873985
22299.426600
22123.655428
21748.583712
21661.356297
22056.254820
22386.964455
22577.737933
22703.985910
22699.236066
22088.487610
21567.122678
21111.063658
20896.603144
20412.731342
20731.469402
21124.193656
21392.616470
21819.812932
22171.372011
22295.219786
21994.327714
21471.959206
20617.329836
20376.418018
19975.459964
20130.185748
20499.223809
20859.509067
20527.171299
20323.623369
20069.640886
19655.415962
19104.584654
19187.177466
19796.464436
20073.567748
20312.059988
21064.332389
21532.884170
21420.172968
21514.897732
22392.503839
23091.434114
23861.020544
24635.543977
24773.891721
23735.051199
23455.279941
22988.620173
22474.474686
22912.343092
23278.480843
22889.965021
22794.678042
22380.687978
21691.835817
21579.234042
21163.573634
20495.182537
20217.435139
19738.173681
19170.035436
18881.588288
18952.987973
18569.326927
18310.776843
18497.332490
18499.404448
18284.727029
18332.464982
18640.262745
18227.975303
18217.395496
18562.517672
19223.848554
19221.205923
19307.817417
19644.603018
19505.274423
19240.783700
19130.267615
19364.584485
19470.776116
19349.488989
19139.107632
19225.784962
19184.778777
18889.898259
18597.110095
18683.735830
18333.578280
18279.512230
18433.250069
19031.883424
18956.381162
19461.381182
19788.777459
20066.354189
19983.865135
19881.814443
19470.776116
18961.175290
18473.028958
17768.476695
17740.354629
18151.443370
18227.301985
18127.546274
18478.892113
18199.390297
18506.807150
19306.984020
19508.886633
19350.641815
19582.661106
19246.224920
19033.951571
19211.589402
19912.376532
20511.069365
20903.301525
20671.243628
20120.619030
19350.641795
18962.275480
18471.338671
18375.686288
18714.118912
18870.222259
18920.007332
18880.379757
18669.905757
19355.183837
19281.753807
18821.767513
18974.301826
19000.482134
18388.966449
18471.338652
18722.894244
18725.061288
19161.167906
19096.214276
19200.268341
19210.915764
18724.635336
18162.944370
18490.654823
19130.063869
19602.976291
19870.835885
20070.373654
20046.580620
19619.475110
19751.801728
20325.175892
20615.612709
20613.491690
21044.955208
21344.029676
21141.891973
21417.868179
21827.209661
21771.000620
21636.354926
21627.462809
21690.069758
21541.168228
21178.306194
21030.415612
20617.329861
20038.106065
19652.165089
19992.719156
19491.698229
19736.329506
19948.362963
19616.681351
18851.016714
18651.676873
18148.826813
18133.560910
18406.698183
18743.004442
18430.866141
18599.943535
18456.852405
18582.661749
19020.603154
20109.525813
20668.862056
21134.738989
21579.234042
21328.019333
21330.066657
21386.404551
21184.558781
21156.681608
21264.887772
20733.970020
20285.035924
20139.372907
19916.221714
19914.087042
20512.559717
20999.150922
21385.203467
21309.153972
21339.386544
21172.180838
21073.834168
20642.087459
20353.810587
20386.315217
20307.988420
20019.323596
20648.318914
20892.972058
20277.138565
19865.178332
19517.308667
18832.176589
18790.719812
18589.095876
18528.593947
18796.312582
18727.110311
18436.502927
19223.848554
19397.037927
19300.770734
19625.894642
19673.719056
19098.884016
19242.383737
19538.408292
19115.320457
18905.224788
18898.534999
18532.048256
18190.995992
18290.908950
18440.622009
18527.568062
18783.211716
18842.097643
18770.382586
18839.919438
18583.928511
18371.277658
18183.504575
17873.755383
17745.744219
17775.663273
17780.396600
17502.859763
17494.335533
17359.843239
17895.401168
17927.909949
18275.811949
18900.077072
19114.987467
18689.810710
18802.615477
19084.842152
18644.417741
19071.632836
18896.115321
18666.429859
18499.219835
19011.451126
18906.850557
19542.440870
20065.077584
20347.155302
20301.453331
19891.423666
19538.241985
19432.075627
19271.834963
19413.181844
19755.623153
20121.982076
20217.638991
20433.784951
20370.548726
20431.860887
20637.636760
21179.575079
21849.054666
22597.689502
23113.745718
23432.931915
23196.120219
22759.272411
22661.241319
22783.289411
22930.259177
23523.062603
23893.913538
23837.436301
24056.893932
24308.148487
24275.616949
24637.167217
24691.659199
24299.111935
23726.556830
22908.370085
22507.231759
22479.135295
22899.714318
22496.629747
22574.006530
22386.329189
21688.468948
20978.705918
20854.943697
20477.746312
20064.574956
20205.597140
19838.836738
19724.014174
19504.879278
19098.216655
19078.870445
19573.378717
19694.557145
19901.051728
20812.391926
21133.305587
21135.559791
21579.546566
22170.371610
21854.884086
21379.929526
21204.658961
20846.672384
20844.938595
21293.041789
21519.063148
21354.785190
21059.167798
20285.035924
19660.166167
19386.701735
19351.945546
19690.005924
19965.586738
20360.157988
20351.635096
20237.142473
20182.593921
20098.060760
19421.341279
18885.817322
18449.534997
18054.915339
18009.775750
18289.238541
18987.179094
19805.081070
20137.024873
19915.728950
19737.324587
19372.807843
18643.999610
18652.814552
18828.181514
19046.509851
19075.011093
19302.987371
19090.339083
19415.451587
19605.772815
20286.996392
21418.877351
22223.472950
22204.565318
22048.989666
22295.801493
21979.577068
22150.928236
22447.443644
22596.223649
22007.933263
21616.020804
21132.092096
20960.845966
20620.145570
20204.114270
20075.468726
20140.574852
19826.262462
19979.132444
20794.676372
21270.084096
20818.628177
20568.792664
20622.806178
20369.235199
19796.897849
19667.079193
20050.471262
20095.221106
19555.236516
19513.934223
19503.574131
19240.626838
18853.000590
18642.513122
18336.733666
18334.507569
18445.410716
18497.081291
18525.175278
18622.512424
18397.409204
18028.358973
18028.358973
18902.394808
19180.270228
19500.913321
19282.300483
19120.001183
18291.194521
18027.111776
18167.819545
18395.604218
18533.989349
19069.811046
19106.528981
18477.897395
18566.690881
18667.896223
18368.494823
18539.675715
18854.201515
18826.112424
18753.207498
18577.511627
18124.058378
18447.406844
18577.511627
18091.162133
17876.490585
17820.162662
17603.168585
18013.053417
18760.164285
19475.973998
20052.889550
20343.707942
20042.111052
19692.224759
19785.316863
20179.975266
20255.815981
20548.429224
20988.180498
21041.739934
21040.222849
21270.260487
21128.467446
21218.282493
21771.065544
22386.727465
23321.989873
24237.121299
24927.874337
25820.994015
26049.128082
25660.918355
25248.852186
25394.521208
24780.382977
24409.899912
23932.497913
23848.654878
23429.792200
23030.881157
22957.186217
23247.801243
23583.515182
23252.605584
23230.710756
23183.278282
23493.238293
23575.827399
23773.274626
23582.275709
23222.317972
22831.539045
22653.654016
22456.748261
22153.449213
21968.960184
21587.246273
21402.823394
21567.345849
21476.073855
21330.699329
21276.667891
20706.308507
20250.444912
20209.342871
20260.761055
20031.223601
19805.716497
19410.811868
19179.404236
19066.398770
18974.851303
18981.632233
19299.237780
19240.343887
19173.085884
19513.595879
20030.069302
20290.403662
20487.494497
20960.674227
20806.579754
20823.773867
20525.819364
20486.659974
20404.063803
20974.466893
21028.984201
21338.899698
21928.956612
21887.363760
21486.414441
21280.148196
21235.566998
21079.755103
21168.379883
21275.304691
21639.346799
21744.988503
21729.780708
21855.052955
21587.111965
21460.865872
21981.980090
22604.228753
22556.674865
22813.205570
22917.053633
22555.613757
21689.945045
21414.434277
21372.869150
20891.814251
20675.699654
20885.869321
20740.692129
21189.425522
21623.505204
21884.469928
21554.341081
21318.308512
20660.632991
20179.620244
19716.700129
19543.123805
19669.081617
19605.940710
20009.681253
19563.112844
19675.861417
19808.335121
20064.298424
19999.099109
20369.931661
20740.909795
20756.206670
20400.667028
20441.928052
20423.171989
20106.195966
20230.027393
20748.227754
20714.120355
20823.773886
20553.226091
20583.170154
20153.865054
19839.361575
19494.132736
19656.541010
19456.885828
19144.913062
19082.111018
18842.296364
18688.098830
18456.410071
18894.454109
18963.775238
19215.470046
19271.491242
19336.801947
19349.700458
19373.560997
19420.731983
19338.283567
18915.141011
18153.805561
17999.955401
18263.010517
18462.590734
18983.077050
19779.012100
19785.566469
19809.107672
19832.704080
19761.431558
19616.024230
19859.010653
19699.204760
19588.906801
19577.618313
19235.119960
18898.857346
19164.430048
19688.917039
19945.586133
19999.310330
20426.640090
20295.050276
19659.884440
19570.553130
19865.419619
19945.987259
20173.716487
20883.325740
21210.730440
21722.073842
21915.762585
22265.856001
22595.348267
22692.609138
22699.034821
22822.449253
22766.317287
22861.765953
23080.629903
23148.430504
23657.611520
23624.795232
23171.532624
22772.265784
23145.609864
22640.015499
22294.975408
21999.806288
22018.980110
21052.025125
20702.947499
20695.557429
20279.554745
20058.140138
19841.126045
19776.587733
19790.426889
20399.946467
20432.410440
20896.603144
20924.656074
20774.280649
20470.803133
19971.865090
18995.984857
18405.896298
17755.194955
17345.284930
17473.265941
17850.746085
17642.521105
17910.339010
18424.306592
18591.456434
18660.362037
19369.764351
19560.161516
19460.722866
19551.423153
19480.075942
19074.213665
19375.014075
19719.832447
19570.268336
19956.267580
20568.105669
20645.341023
20619.509476
21040.320086
20903.486781
20879.414749
20778.707574
20540.102539
19930.680731
19646.509702
19197.691220
18598.578785
18140.858365
17993.313556
17824.042192
17808.991158
18168.486384
18456.985996
18697.823374
18970.993602
19012.335539
18913.602829
18720.551985
18800.560099
18590.205107
18575.027811
19153.019903
19641.060478
20074.685753
20764.863155
20831.626482
20636.992771
20697.517704
20701.919729
20500.053421
20831.768751
20751.715178
20901.558172
20925.371585
20758.774678
20437.490943
20626.071136
20022.289206
19452.225817
19875.524310
19896.952439
19464.568060
20017.928839
20429.735701
20553.455790
20878.789790
21148.420003
21102.703924
20875.130529
20751.630545
20691.075139
20780.773695
20811.136006
20923.917853
20489.433808
19975.979821
19604.662472
19257.678901
18886.830603
18678.525666
18596.258665
18473.631124
17819.105881
17523.980884
16925.487747
16320.582855
15873.835474
15611.663265
15463.832600
16138.709743
16691.689723
16816.043954
17017.993028
17631.433263
17909.103677
18128.181935
18332.610140
18410.804328
18447.548983
18464.902740
19041.662140
19702.086424
20404.415986
20495.784757
20554.139550
20480.792700
20252.610110
20300.240256
20333.195800
20326.438909
20263.584672
20630.292574
20912.366839
20905.514529
20907.239641
20656.489074
20620.800652
20659.668341
20935.613041
20794.560721
20774.806580
20333.347281
19945.464538
19725.907138
19776.090860
19912.376490
20615.252630
20951.031797
20905.514544
20595.609691
20510.925136
19916.386048
20035.596091
20994.047195
21937.901163
21932.917838
22010.965405
21713.247645
20900.371905
21006.437353
21767.581890
22341.586483
23013.573680
22994.159713
22488.513235
21894.119442
21217.971310
20619.345845
20948.751096
21044.635458
21154.738621
21338.365189
21270.621574
21112.680888
21127.566441
20546.736782
20344.529112
19795.803321
19303.678405
18674.559840
18720.166110
18541.586413
18470.103656
18240.036065
18227.132096
18470.103632
18667.577353
19003.553016
19077.415173
18951.455800
18877.834251
18779.167155
18898.369075
19483.812005
19885.404352
20069.480386
20079.005294
19664.050487
19523.788455
19675.531990
19380.633067
19265.660360
19620.731763
19922.533910
20024.589160
20401.947989
20916.064931
21211.454708
20907.239641
20745.246983
20604.269096
20602.262950
20564.992142
20918.317198
21000.787757
20946.959235
21035.849907
21207.073297
21096.612395
20953.569916
20697.517672
20615.493982
20509.071246
20322.486480
20964.613225
21723.180110
21683.891338
21368.897458
21468.655940
20841.592556
20636.337359
20710.713030
21284.043051
21392.052546
21374.632314
21357.475472
21127.248184
20591.332893
20517.408832
20940.659234
20597.831371
20457.372919
20539.492433
20457.372919
19589.998791
19704.585428
19629.443168
19434.342695
19349.700433
19926.514252
20112.841052
20336.014021
20232.419425
19963.034890
19724.709851
19575.010010
19323.480407
19384.202636
19454.096535
19277.929702
19295.108993
19231.895666
19173.344468
19331.848498
19225.369686
19225.369686
19244.185473
19148.925537
19306.984020
19669.343768
19647.735337
19694.457006
19764.029689
19562.481585
19390.912354
19011.796048
18673.256759
18439.130356
17894.347635
17675.448700
17567.211725
17625.865274
17692.908951
17940.169220
17955.494326
17886.097922
17622.975243
17256.589322
17109.016385
16842.160595
16638.251282
16673.547891
16677.881298
16508.629596
17191.649835
18070.089595
18314.593694
18809.054729
19023.774037
18399.238183
17857.019705
17534.901065
17337.750335
17519.826793
17487.683494
17337.750335
17342.373062
17594.067372
17465.965777
17997.276858
18426.826560
18541.863249
18344.627108
18153.628430
18173.140508
17841.458102
18165.588474
18495.712502
18859.771095
18881.441650
19605.610307
19847.415444
20047.111850
20073.255156
20162.192919
19984.138244
20325.319132
20246.976990
20240.421543
20522.133366
20169.029047
19807.130996
20043.243814
20286.459572
20012.793901
20811.415882
20994.160357
20565.176071
20402.432585
20157.756056
19636.571941
19610.820929
19853.725574
20051.237324
20183.615168
20387.206091
20364.539750
19782.495875
19431.618274
19600.470497
19270.982892
18932.345045
19687.456050
19971.435204
19646.090234
19479.020119
19178.566439
18536.499794
18603.707574
18508.226378
18414.775170
18950.576343
19104.584654
18792.412957
18853.000612
18972.303863
18528.247896
18573.638916
18669.257130
18838.634530
18716.968236
19330.033900
19679.224590
19655.415981
19549.088366
19839.674101
19938.636253
19654.389563
19437.131194
19411.187162
19257.565966
18700.580631
18299.532892
18126.188315
18132.621643
18383.838021
18299.532892
18522.795458
19043.382075
19062.860898
18685.260863
18748.820785
18848.620963
18740.252957
18625.290897
18733.704891
18686.615979
18530.544728
18354.847290
18385.073879
18571.843979
18688.949260
18506.985496
18511.180584
18775.983961
19006.071708
19109.110722
19215.820710
19195.841243
19096.381306
18952.987973
18896.860923
19258.708300
19198.155039
18866.529855
18558.519950
18929.606936
18992.840090
19306.835958
19755.788139
20450.141005
20499.361360
20586.556463
20358.055876
19933.379391
19328.328538
19036.829884
18898.034292
19036.829884
19433.748113
19698.376037
19736.146127
19848.746514
19497.110199
19286.832533
19091.725406
18861.172127
18460.347636
18538.218444
18328.029920
17924.627673
17680.132044
17741.023320
18098.862541
18267.737473
18497.751606
18500.093657
18383.038634
17856.214867
17370.408850
17213.940764
17157.833331
17274.826304
17795.241872
18111.825809
18461.142009
18707.928733
18926.853160
18779.538725
19204.124290
18883.301629
18848.408062
18447.111181
18377.637340
18243.116471
17998.171094
17932.486672
17852.060661
17982.096585
17901.911321
18405.159897
18419.277807
18733.704891
18436.675458
18499.404448
18401.817619
18549.949949
18647.505125
18580.430168
18419.715606
18695.175713
18742.059218
18698.632779
19432.075627
19752.890885
19826.456972
19810.085221
19482.739755
18873.145478
18909.833935
18714.888448
18541.152815
18818.339713
19328.480592
19267.429362
19304.463591
19567.753938
20159.735935
19940.460717
20292.042555
20441.786857
20941.724810
20874.716340
21733.778121
22056.486057
22159.176035
21932.828692
22033.245831
21735.160726
21522.704534
21807.685949
22153.240878
22545.058186
22061.579129
21961.872025
21907.986331
21954.267914
21462.336421
21826.753627
22061.080022
22210.425843
21867.530891
21971.748111
22507.250761
22520.390451
21867.530898
21825.379693
21623.574257
20623.430184
20118.393587
20020.817126
19506.015901
19115.828146
19332.951821
19493.531026
19723.401813
19755.949821
19814.440339
19862.518598
19499.991062
19686.930788
20248.370618
20378.395556
20252.463024
20515.168538
20258.941118
19784.740162
19762.785444
19630.201719
19079.524224
18706.354747
18997.829234
18722.491693
18763.830982
19436.039964
20149.432518
20158.970936
20247.983418
20471.290159
20521.334980
20369.235199
20355.323914
20452.751404
20134.013312
19420.731983
18995.310983
18950.754004
18710.080981
18731.690247
18944.118680
19139.479364
19156.007995
19437.499615
19496.245759
19791.332342
19613.558658
19526.410266
19730.427556
19724.014154
19609.131400
20428.762066
21098.294837
21215.805209
21388.995609
21478.247287
20929.531541
20626.524335
20804.348490
21521.874144
22194.116318
22809.749700
22525.551410
22618.454948
22339.802565
21456.405844
20875.011903
20729.716135
20042.249993
19929.133589
20270.152440
20411.051190
20467.362401
20734.260711
20128.915993
19682.269207
19363.279925
18982.733028
18336.338854
18310.437337
18312.504528
18095.609863
17971.245272
17886.541195
17726.104719
17817.008324
17799.960015
18006.543867
18119.451040
18179.956664
18201.379102
18284.170100
18098.704496
18055.073229
18170.057644
18209.182700
18055.073249
17921.123088
17988.383585
18094.776158
17990.659749
18194.710969
18570.944390
18388.444630
17811.554391
17815.784027
17436.236022
17184.724623
17566.729844
18022.102351
17770.291503
17657.272198
17871.175012
17693.393588
17391.995087
17281.499531
17719.741481
17750.066417
17880.238968
18099.303120
18448.266742
18173.023722
18276.560735
18295.989617
18471.638971
18495.916359
18521.731775
17910.658107
17533.370953
17372.663153
17442.175845
17821.688294
18629.822008
19434.744861
19545.056938
19668.949230
19345.665053
19216.548147
18897.701766
18660.976883
18615.673973
18995.075735
18903.581133
19265.925114
19257.342997
19135.425364
19517.103658
19716.950010
19851.459085
20326.438928
20527.976099
20226.616697
20332.674128
20210.682293
20120.134563
20432.266739
20579.968054
20605.397585
20351.635096
20742.123433
20774.646202
20946.576132
21420.343610
21847.820282
22097.217044
22261.942064
22472.812757
21828.085530
21694.437363
21783.121822
22267.258735
21817.919286
22165.558009
22417.444150
22328.641833
21608.124688
21939.992289
21832.052271
21536.516360
21265.676187
21148.420003
21203.230121
21085.896138
21061.829128
20961.812079
20870.589542
20462.698966
20270.463327
20086.269162
19812.791156
19669.616214
19372.607535
19447.865027
19133.452240
19063.666975
18399.979618
18411.127388
18058.602016
18234.318665
17919.907695
18000.105760
17386.298799
17245.426997
17219.586485
17726.670480
18093.637475
18542.160946
18899.309250
19020.815067
18951.455822
19320.201872
19933.966514
20107.645614
20088.402012
19912.548173
19682.586762
19299.237780
19742.768733
19961.718053
19948.688642
19838.243514
20042.249993
19734.582458
19532.703669
19467.576122
19662.813244
19283.242786
19193.885540
18890.399028
18547.717530
18276.721367
18320.222691
18028.509647
18100.005782
18289.083528
18306.354358
18787.881544
18959.198591
18941.994115
19117.274458
19454.096535
18833.338107
18598.578808
18826.291847
18668.061258
18177.834541
17553.217479
17329.922098
17043.706689
17102.220729
16753.126311
17280.410581
17695.793793
17537.392816
17511.466429
18023.337114
18209.985912
18075.962222
18164.875715
18487.807612
18854.499457
18470.848085
18447.261270
18954.692221
18757.392563
18375.512921
18731.324542
18536.499819
18666.787309
18477.897414
18219.513609
18219.513609
18097.622379
17455.512724
17653.128713
17668.228878
17524.850213
18044.225227
17814.264205
17389.179762
17809.896169
17779.954337
17509.566750
17587.356886
17630.921243
17093.152939
16873.982367
16688.048313
16966.032961
17208.806062
17607.902727
17709.903071
17371.555833
17104.909719
17291.089750
17325.915157
17740.354629
18567.062282
19001.008263
18781.851285
18679.951307
18415.363891
18211.045391
17645.142041
17449.845459
17530.071556
17506.126171
17308.945813
17690.735055
18013.585476
18042.024879
18369.347937
18153.133953
18127.247559
18099.014341
18122.728756
17901.587774
18155.339706
18211.621266
18188.293169
17623.955293
17281.362508
17168.731763
17209.756281
17220.498027
18070.595830
18838.803891
19268.396611
19892.960332
19738.968202
19871.230944
20198.842016
20389.089926
19894.755480
20180.893444
19985.767848
19931.842810
19816.500910
19710.810574
19682.155007
19510.617991
18972.916323
18850.352587
19171.852002
19457.580826
19533.538478
19865.419605
20093.708980
20035.073315
19846.064098
19573.074709
19028.965659
18669.257130
18398.449567
17823.119253
17558.795981
17244.067061
17157.487270
16905.480935
17200.729491
17463.194014
17684.545371
17926.368119
18340.639879
18253.956795
18167.133479
18082.689711
17603.168585
17241.242948
17531.596300
17646.348047
18145.555380
18500.093657
18138.049195
18096.817579
18092.641161
17901.587793
18054.312214
18277.665880
18314.593670
18086.938272
18099.719793
17735.666788
17583.852495
17152.363923
17095.785585
16859.496681
16509.200023
16351.077413
16140.582693
15906.616842
15768.373290
15770.052545
16318.816120
16602.879383
16904.252871
16850.161069
16643.370705
15965.099360
15641.074664
15597.304205
15881.870061
16596.108831
17062.434795
17225.210628
17385.782453
17795.541696
17842.877176
17612.747877
17595.431856
17439.235411
17168.377682
17111.842303
17385.126125
17643.299518
17532.668329
17413.395574
17469.428538
17389.336412
17404.650853
17807.898245
17543.582273
17331.839858
17492.457835
17820.006273
17882.749368
18071.409923
17972.744840
18011.905663
17816.561416
17812.499508
18207.108457
18164.708362
18190.505187
18245.094085
18099.580960
17748.172617
17703.703756
17272.057378
16710.430451
16604.021923
16665.145666
16951.488663
17272.391131
17496.050759
17717.031256
17793.035846
17715.337664
18001.626907
18147.274035
18032.138673
17841.261225
17638.933449
17314.168505
16968.928240
16686.987618
16521.987118
16531.785473
16488.047643
16817.907683
17062.682462
17563.714575
17533.519040
17676.561789
17602.909684
17314.528887
16906.377363
16718.882507
16486.600222
16471.631753
16764.154778
16970.158629
17369.892291
17638.347094
17504.189448
17070.224137
17061.826718
17040.729484
16940.927034
17307.401467
17472.292526
17441.821193
17145.733141
17095.785612
16816.043970
16794.267937
16846.440901
17309.374390
17376.538973
17530.499279
17517.558210
17658.067030
17745.744219
17699.973088
17615.408234
17760.664613
17606.667008
17533.796220
18049.980956
18717.862304
19357.881759
19799.910671
19757.728655
19693.190303
19512.964634
19911.827349
19907.709717
19907.709717
20120.312013
20232.865609
19601.667638
19725.429505
20348.040195
20458.596706
20453.778090
20280.596966
20124.535001
19555.918347
18840.194315
18213.233330
18050.774268
17695.036780
17622.482881
17572.541038
17548.655139
17704.660186
17815.420427
17900.123663
18190.362077
18734.923660
18490.033731
17804.682863
17693.907209
17533.659898
16798.570835
16611.990790
17141.354494
16952.721652
16396.041954
16417.675428
16929.533787
17076.717660
17039.092133
17336.298270
17468.558935
17585.849942
17485.892724
17878.188834
18049.671359
17871.610274
17286.359639
17164.991721
17007.337000
17026.776746
17670.843045
17933.360712
18217.548743
18215.473894
18421.021731
18249.797380
18080.368942
17653.474683
17326.859630
17131.539623
17229.304842
17580.758776
17973.100864
18508.931658
18662.614151
18669.422655
18682.662038
18517.351544
18327.325202
18223.186367
18331.665763
18259.855184
18234.026353
18372.696890
18370.257780
18155.680070
18344.466233
18413.698402
18087.230304
18039.485516
17900.827509
18104.768275
18321.524067
18025.459226
17817.008343
18199.243564
17689.533432
17433.630295
18164.042423
18543.416578
18426.622626
18400.133216
18487.032639
18294.838614
18227.301985
17639.383156
17472.642654
17136.483805
16692.367716
16516.457134
16729.181786
16984.928416
17210.793230
17250.596550
16825.231193
16589.116576
16055.636882
15732.384665
15514.346643
15665.840368
15672.080394
15752.255309
15691.805580
16128.406397
16458.331947
16840.082617
17106.916380
17243.347642
17473.747107
17343.699067
17120.215975
17502.024122
17825.150157
17627.699318
17875.076695
17862.048159
17467.501162
17252.421935
17241.062822
17050.245243
16826.479883
16592.454570
16711.804762
17040.729484
17003.555713
17320.581493
17669.313688
17775.663273
17310.459345
17338.818151
17444.943875
17462.473577
16972.268235
17089.631230
17056.979626
16771.071124
16733.824275
16963.879536
17109.630099
17281.097827
17562.901921
17591.215802
17760.328257
17901.282137
18016.192453
18246.204081
18458.435074
18979.178734
19462.569074
19625.662506
19439.173113
19265.925114
19289.763232
18810.316313
18836.320555
19014.132836
19406.766268
19018.412890
19559.277585
19647.953169
19695.095226
19396.370676
19598.089556
19381.997252
19516.191698
19414.243752
19687.755562
19936.814632
20331.748962
20641.817673
21496.454241
22012.341533
22383.783804
21758.629130
21070.831533
20285.915167
19765.294798
19028.165931
18872.790181
18788.329535
19089.664394
18818.339713
19003.164854
19512.964654
19556.045559
19306.688128
19584.330063
19031.342818
18420.320347
17958.581479
17596.300588
17195.430264
17336.142111
17075.524965
17199.075879
17511.109263
17667.627097
17849.630208
18246.655098
18216.474681
17919.438033
18174.970530
17830.318178
17503.599265
17640.314446
17805.153844
17258.839619
17251.921240
17435.357790
17626.265251
17866.481498
18166.172906
18385.073879
18277.177566
18333.398452
18342.157711
18431.151743
19116.324883
19147.024218
19051.612479
19023.539589
18971.335463
18054.014369
17779.402945
17668.482681
17614.399964
17590.535980
17935.094086
18092.863483
18582.832762
18487.182699
18842.977904
18600.098791
18914.972291
18463.856291
18335.749238
17962.774733
18105.886963
17976.853920
17760.007681
17723.050705
17807.527254
17670.843045
17391.130590
17643.098386
17983.166622
17870.556005
17979.216874
18193.073588
18132.469525
17999.955401
17924.130890
17882.749388
17805.305889
17920.149766
17731.434183
17497.212837
17447.503115
17182.164466
16741.596774
16808.798949
16735.089057
16863.075385
17304.878235
17461.148609
17415.388048
17859.837002
17745.412613
17834.433613
18046.837051
17877.666710
17756.152946
18153.133934
18139.055360
17996.009820
17911.205926
17629.344785
16838.006870
15994.168006
15614.664277
15640.842237
15701.853936
15926.914622
16420.614783
17138.020368
17066.962643
17025.545674
17047.003558
17110.623064
16958.915583
17360.165871
18206.190093
19142.751006
19788.966210
20177.083819
20339.577283
19466.351433
18843.278260
19005.702019
18471.933990
18357.011548
18868.961050
18905.753944
18762.620174
19094.245529
19283.005350
19627.891581
19495.377774
19046.347085
18849.089127
18489.329729
17775.663273
17856.214847
18177.946872
18420.660002
18692.154957
19069.319963
19292.821465
19006.232043
19207.888786
19203.123444
19390.001266
19797.837684
19745.645955
19431.771362
19461.757113
19570.268318
19160.606754
19581.214301
19945.693525
20031.896430
19966.726697
19771.805710
19711.220848
19743.103102
19506.628832
18984.194762
18732.637917
18650.287461
18255.717037
18286.002226
18246.942040
18329.451586
17920.426534
17840.333682
17569.168499
17287.319548
17089.822197
17146.492762
16710.430476
16432.799470
16426.341713
16294.068008
15774.651240
15960.727222
16844.114868
17236.617497
17371.081461
17509.712774
17280.073078
16576.803244
16484.256499
16364.579478
16117.521268
16228.361062
16312.851213
16536.578706
16937.505481
17750.426010
17750.426010
17739.775747
17119.460429
16930.750758
16413.962124
16309.893561
16246.899485
16595.771666
17114.373003
17845.081631
18484.916541
18916.359995
19243.879861
18977.522779
18899.454580
19183.673428
19537.425912
19456.727838
19641.171832
19544.892214
19044.183221
18473.335762
18430.403045
18308.850414
18240.597777
18691.974613
19054.161069
19446.424230
19574.413814
19628.747972
19481.058538
19535.403398
19630.347099
19448.589222
19786.628682
19999.310342
19630.347099
19461.507819
20044.793253
20160.118701
19954.196241
20220.829782
20012.405170
19583.143531
19308.018191
19466.827681
19301.738658
19234.525954
19115.153010
18403.348336
18390.386308
18522.667568
18511.637337
18496.831566
18670.380514
18538.086122
18178.063407
17874.632634
17722.696906
18075.337406
17528.794387
17686.608087
17652.584139
17674.064445
17241.740226
17200.437715
16835.760974
16838.351015
16577.705913
17052.504714
17239.016902
17636.097814
18056.587103
18117.268771
17609.846101
17828.869823
17473.265960
17104.766689
17176.002137
17303.069385
17456.963859
17732.221973
18257.274694
18348.517556
18867.731886
19002.265551
19104.172890
18865.564694
18993.460278
19019.194074
18919.344439
19333.568112
19700.309537
20040.916174
20078.464486
19800.528750
19251.835053
18620.858896
18247.704563
18266.599999
18242.791478
18234.169488
18767.887957
19231.762852
19128.437698
19108.918509
19466.943343
19145.786259
18839.919454
18391.117101
18566.823800
18339.283447
18638.598811
18811.675122
19368.951419
19681.448217
19711.647732
19436.039980
19216.916795
19059.696124
18914.285280
19343.834033
19779.571168
19987.632667
20069.987560
19798.746816
19857.689513
19887.963541
20072.295115
20403.476825
21040.850746
20884.963737
20761.457463
20785.129177
20571.463304
20749.005837
20432.561429
20321.966011
20079.162141
19968.754769
19229.335662
19276.715375
19161.801868
18860.283490
18773.599557
18333.062264
17949.456369
17593.733615
17727.999578
17359.391251
17493.756433
17727.781360
17901.433333
17604.093616
17738.266128
17625.453234
17130.980903
16733.824275
16749.546786
16721.221504
16846.707564
17035.463189
17135.615936
16634.475287
15875.301975
15619.724789
15936.282845
16094.340262
16541.200582
16905.164152
16616.729668
15751.691782
15434.971857
15434.971857
15472.637446
15941.035851
16316.289688
16318.466651
16205.183224
16045.799068
16108.692065
16507.925657
16983.006086
17366.588141
17667.627139
17875.575477
18066.197242
17927.572394
17591.541982
17730.160810
17591.377748
17270.396464
17411.329993
17797.311478
17741.023300
17599.961234
17380.725871
17105.485006
16836.511764
16982.558275
17506.908403
18675.805210
19211.447931
19304.978793
19185.106938
18929.349567
18254.913945
18118.067978
18471.638989
18412.853450
18180.816027
17950.827379
17794.809219
17239.641731
17093.889577
17726.996360
18212.616048
18553.553533
18872.237907
19687.755562
19483.660825
19529.378260
19587.897974
19594.467209
19113.038709
19056.025984
18559.732907
18138.889449
18099.719793
18053.013473
17536.722601
17677.845412
17775.342836
17345.860314
17409.198319
17827.901131
17454.821481
17604.293728
18172.779728
18116.202539
17762.772397
17940.496933
17534.901090
16834.399584
16844.114887
17169.367532
16900.484561
16666.253592
16969.614018
16558.616448
16317.927443
16527.995962
16632.389400
16758.124129
16788.664177
16526.330781
16186.102784
16380.994748
16430.639441
16651.729405
16549.514839
16595.194731
16246.236703
16033.663640
15768.552931
15915.303034
16442.768975
16605.041931
16471.005276
16950.317773
17316.371456
17414.300147
17442.358785
17463.968692
17487.874259
17674.211467
17122.953449
17045.183658
17188.247962
16861.666487
16670.730497
16998.273425
16961.720718
16532.150721
16602.495084
16407.099137
16617.676415
17331.048902
18248.421013
18509.355177
18958.318644
19188.414213
19290.193696
19615.460318
19563.642424
19166.642246
19147.367945
18919.498018
18234.318665
18257.844110
18659.000845
18173.140522
18296.830792
18514.006436
18549.155831
18759.202498
18794.276770
18418.959194
18550.859129
18866.170119
18762.029657
19154.485097
19425.531146
19085.253471
19150.790446
19016.213237
18979.376690
18842.821813
19003.427307
18265.819345
18031.562572
17807.898267
17523.816063
17009.736200
17282.257804
17316.940910
16783.580035
16421.448117
16456.321987
16049.855809
15535.545382
15726.826190
15624.785986
15537.904551
15622.435744
15741.382385
15310.662366
15561.615305
15941.270813
15814.464130
15838.501967
16100.751806
16098.359432
15621.525945
15851.701896
15879.885121
15864.333024
15808.550115
16218.121676
16063.293969
16186.804602
16379.731163
16657.191823
16405.843195
16697.162660
16749.358294
16779.527063
16714.395285
16900.986371
16952.329524
16733.359300
16911.617404
17156.521287
16930.875659
16780.533696
17197.153448
17548.370398
17225.054973
17632.585655
18022.838043
18075.200047
17999.193338
18777.524220
18968.285181
18832.176589
18793.413246
18636.989095
18125.339254
17734.833614
17574.942771
17822.193062
17987.095899
18147.773167
18576.956942
18537.235676
18496.268287
18586.963177
18313.616465
18261.657493
18249.797356
17980.957721
17566.895387
17269.715148
16879.223942
16320.146375
16025.057626
16159.769053
16701.521644
16985.636123
17389.777474
17500.742306
17053.719075
16962.856030
16528.794607
16171.899289
16160.904698
16056.828735
15416.935161
15415.021255
15428.974140
14960.468668
14925.930965
15405.422733
15392.423907
15925.624680
16020.903408
15982.127096
16068.421515
16220.658665
15705.910934
15801.275700
16091.852387
15987.588529
15909.799931
16240.805722
16271.695336
16238.877918
15917.973243
16050.203121
16019.805841
15917.800176
15722.533164
16212.846060
16225.802315
16140.910401
16516.168332
16893.525112
16694.170247
16950.317773
17379.874342
17097.992757
16804.969502
16631.885616
16284.693576
15685.843629
15928.132195
16349.581522
16678.972463
16778.849406
16811.493186
16750.923719
16445.032761
16445.032761
16545.053625
16845.702154
17450.576175
17940.672171
17858.283077
18237.906035
18437.851047
18433.095998
18541.723570
19166.192736
18897.536740
18960.827168
18828.326225
18967.241507
18954.253264
19539.810519
19495.210127
19475.789810
19219.921317
18495.916359
18059.391027
18301.543264
18286.320775
18448.765110
18639.963527
18427.213045
18302.778085
18266.090304
17853.772297
17578.342452
17300.806157
16783.935963
16311.370806
16497.799657
17367.148135
17482.346292
17661.114253
17791.076164
17608.871855
16637.033761
16355.384536
16244.785552
15876.140362
15932.476980
15934.890709
15878.431234
15882.803269
16086.738101
15544.472704
15288.532896
15306.007903
14892.452230
14840.268045
14838.033327
15047.003142
15085.929571
15452.070544
15894.682059
16289.483619
16757.841251
16903.202905
17332.968691
17326.472195
17250.596550
17291.639164
17569.345693
17447.346588
17325.734595
17306.087497
16911.788928
17171.838872
17322.282885
17205.168794
17137.520619
17330.693470
16999.135376
16554.962221
16422.633108
16639.712248
16619.972934
16661.196698
16804.427850
17182.164466
17663.481207
17925.831258
18142.439391
18396.499542
18394.331928
17934.329929
17897.635844
17845.496763
18087.529916
18206.956875
18079.029036
17805.606947
17543.437770
17115.551750
16991.877070
17092.063423
17365.416753
17423.687872
17172.234093
16675.561618
16246.236680
15521.436652
15202.923053
15266.003114
15281.280553
15327.149826
15671.794429
15451.052760
15361.185825
15311.711233
14920.738394
14337.773590
14109.726916
13858.501807
13624.755136
13967.406003
14819.734439
15773.628446
16358.499024
16814.557798
16987.714307
16807.632148
16460.623129
16152.642837
15678.080338
15229.089984
15124.614464
14857.695839
14656.081079
15016.356666
15180.709992
14963.939013
15111.377429
15261.473881
15197.015416
15223.255602
15303.337923
15327.031089
15310.863286
15501.019501
15761.710990
15839.579821
16037.068097
16460.040164
16516.168332
16833.377658
17329.619319
17474.902706
17536.003005
17832.914903
17924.297241
17845.944782
18167.133479
18150.659467
18055.073229
18033.329318
18302.426942
18100.476399
18227.601626
18201.223255
18270.861045
18153.805561
18004.385301
18192.110729
18628.018348
18764.668823
18870.886616
19204.766607
19024.015048
19078.440335
18908.963506
18950.397025
18436.502927
18447.970610
18164.042443
18178.940550
17908.010250
18040.466035
17488.477526
17054.520432
16963.430264
16878.838601
16367.021915
16359.725347
16199.389664
15867.644114
15418.744836
15420.906094
15350.211769
15543.507449
15538.907573
15497.569120
15662.831837
15627.242132
15562.101204
15583.817406
15894.351920
16020.096029
16026.878413
16040.093532
16165.784431
16009.801528
15864.196147
15824.665858
15329.700920
15049.675699
15119.456682
15139.357277
15310.975073
16180.775969
16737.771283
17186.685338
17653.128685
18005.702098
17903.397155
17892.523305
17697.395991
17430.508527
17310.613253
17621.027472
17304.409501
17160.876644
17252.092983
17296.881782
16787.318646
16624.401876
16273.145857
16314.135644
16335.884080
16433.040211
16511.365649
17062.079328
17096.899763
16944.116034
16853.090884
17162.995249
17239.016902
17334.548599
17292.034459
17309.520772
17133.936879
17185.856357
16990.712379
17000.355352
17290.605719
17611.718969
17156.308772
17121.228320
17060.732531
16611.683739
16262.036987
16342.622521
16138.892504
16112.822223
16034.952700
15995.789768
15841.407388
15863.483888
15884.743011
16103.668623
16053.990702
16032.167767
16014.714815
15647.972785
15496.387158
15752.132627
15951.804970
15741.236304
15544.003555
15066.989486
14502.745734
14101.751257
14320.962439
14830.959271
15056.402796
15143.050696
15305.723540
15197.592675
14722.931127
14564.171355
14436.580259
14501.815849
14701.074822
14993.012771
15165.754137
15619.367178
15404.796395
15067.883131
15131.980243
15515.732679
15285.858777
15771.462316
16461.066310
16611.683739
16411.834754
16550.726218
16466.177276
16106.062287
15944.416516
16078.330602
16438.400802
16445.032761
16514.620323
16780.034577
16868.824521
16897.159216
17150.947494
17519.460000
18151.629366
18802.039717
19068.974037
19007.980240
18956.381162
18740.090754
18317.130572
17954.963073
17796.452228
17664.221647
17603.168585
17622.812831
17768.126146
18011.139937
17854.847770
17645.653076
17656.523317
17435.357790
17190.213066
17018.883502
16772.079415
16266.913304
16177.716224
16275.599045
17088.733762
17333.149118
17437.285715
17105.485025
16708.481600
15923.384555
15848.621216
15954.666986
16132.627422
16266.913304
16403.304877
16460.040184
16331.654328
16229.896687
15965.630976
15620.812571
15284.563611
15139.495664
15281.921329
15458.049086
16006.758784
16140.582675
16277.305697
15828.158525
15696.042631
15314.357022
15133.598485
15463.192264
15857.973203
15966.180128
15974.860759
16092.189921
15795.200387
16094.508831
16554.390510
16647.770923
16859.194416
16752.969758
16850.424950
16759.177930
16822.218273
16669.436073
16641.261680
16357.354947
16537.348215
16728.240812
16624.537782
16692.033468
16839.459728
16800.221064
16700.554929
16893.225787
16682.530243
16771.818078
16424.882747
16351.077432
16635.365566
17034.566955
16457.353432
16737.386596
16956.603913
16827.250810
16940.043096
17300.097609
16751.282781
16221.761895
15909.607046
15638.610193
15579.871211
15987.462127
16408.304925
16821.848166
17403.278336
17878.007602
17956.154706
18049.514802
17814.449068
16994.753232
16272.617566
15899.652511
15328.880763
14823.616225
14687.043514
14546.955516
13967.454589
13618.101782
13507.677118
13570.194935
13525.027266
13835.161283
14041.167947
14226.804885
14329.168823
14380.397804
14588.912487
14960.204007
15058.579246
15136.364537
15277.570663
14946.202716
14576.995738
14410.826809
14281.972593
14351.431021
14724.519585
14837.637121
15372.937807
15431.902065
15596.558233
16121.492366
16553.043942
16696.455953
16921.691763
16850.292633
16579.261482
16153.739242
15686.738444
15406.636615
15198.814835
15330.259785
15786.249311
15944.099000
16297.231994
16536.018724
16526.995255
16395.147412
16782.455772
17285.877097
17899.474865
18242.139550
18788.614902
18995.310954
19088.405250
19101.790574
19062.719552
18609.456819
18639.963527
18537.955176
18312.333173
18199.768388
18269.015117
18139.736262
17820.975691
17324.306590
17137.520619
17692.908971
17692.908971
17562.901906
17586.832012
17077.004195
16107.536826
15625.760209
15704.001144
16207.007970
16619.304661
16812.350428
16685.956633
16622.624871
16336.406460
16371.039518
16266.913287
16220.275287
16161.098997
15979.317768
15905.707661
16217.644724
16377.456347
16127.867017
15822.057721
15404.198905
15100.325681
15158.575874
15384.107664
15686.031406
15922.525918
15698.974984
15165.708819
14833.716572
14735.708905
14970.887954
15425.503798
16018.296228
16616.123446
16781.189999
16603.398913
16651.226495
17123.171782
17082.045108
17644.118253
18209.985864
18585.058753
18427.543749
18742.059196
18586.108276
18330.162114
18139.221907
17890.562934
17547.796506
17606.186182
17359.080933
17309.089367
17783.587061
17939.703451
17631.561624
17282.425198
17128.735610
16780.860374
16657.191823
16481.337748
17347.108719
17653.007700
17594.067392
17680.663608
18014.744003
17713.345150
18047.297756
18061.291382
18182.953279
17766.708626
17686.063625
16571.420441
16418.823776
15982.972888
16089.502428
15689.633792
15857.010441
15514.346663
15169.483743
14735.223391
14377.571821
13945.948770
13626.091347
13457.253247
13858.442483
14515.223385
14919.423934
15266.214724
15596.486577
15771.951459
15832.950390
16338.160721
16624.537782
16668.054277
16670.198609
16698.455173
16405.843176
16165.913836
16140.032416
15769.253600
15556.543715
15829.569197
16102.265261
16514.620323
17135.030868
17746.443483
17772.194959
18026.334842
18045.512163
17950.187092
17724.784324
17618.477709
17247.304773
17151.859447
17457.476683
17793.810363
17921.534073
18469.166362
18844.096942
18814.071664
18592.748236
18844.096965
18900.450248
18887.599025
18750.988799
18822.610384
18844.096965
19248.522595
19220.250158
19341.532461
19549.755162
19352.487453
18852.045259
18871.453058
18810.773272
18399.007255
18399.007255
17839.631965
17397.317725
17169.517168
16915.461755
16612.144938
17262.889943
17577.260599
17685.827069
18058.749567
17945.822642
17396.625086
16997.033849
16582.613760
16166.431296
16010.369777
15986.999762
16143.297063
16181.840759
16294.911755
16757.011803
16716.662603
16458.805077
16552.271567
16354.697559
16087.683603
15900.059071
16038.656316
16398.806475
16362.132633
16236.114119
16278.442131
16039.898223
15477.578181
15582.415755
15814.464130
16246.753015
16357.354947
16303.081287
16253.222765
15914.832805
15151.098204
15025.504517
15199.092130
15587.233063
16075.305087
16972.625785
17052.821333
16920.548947
16465.229617
16437.118940
16310.371174
16561.552976
16951.919659
17099.427015
16865.301232
16726.863560
16854.690391
16995.532659
17227.569936
17414.300147
17808.810648
18093.277690
17921.534073
18604.657413
18756.771699
18780.214224
18559.077358
18936.307947
18352.976852
18240.036065
18240.036065
18300.914631
17775.770711
17609.045729
18409.518257
18136.874920
17809.170908
17624.853374
17594.564097
16814.232745
16828.164615
17055.620204
17109.777731
16847.164355
16456.927463
16168.272368
15936.128625
16083.316430
16091.952497
15990.395005
15938.280918
15871.634035
16091.015874
16198.927211
16001.156662
15646.493248
15791.922387
15473.029513
15592.027932
15959.036507
16055.348834
15543.507435
15190.018611
14749.308501
14321.928159
14035.676026
14147.894712
14393.569738
14569.656868
15063.798488
15841.172582
15984.492413
15951.992622
16190.672300
16578.822798
16818.540319
17323.791260
17970.135625
18345.233990
18512.345950
18627.243936
18471.338671
18289.238523
18334.507547
17864.285878
17549.078136
17772.440707
17629.344785
18162.944393
18848.408076
19170.206215
19187.795885
19792.636018
19384.720897
19482.563794
19050.148304
18993.675435
18579.780710
18403.898003
17731.434145
17919.679504
18032.277126
17991.041851
17600.734693
17668.094193
17644.679343
17241.242926
16952.329524
17182.581009
17071.703534
16399.985998
15942.602358
15827.084521
15348.541914
14923.039740
14993.414662
15000.030159
14909.122112
15150.008227
15409.638921
15457.048809
15614.969861
15688.712598
15248.323669
15010.125008
15252.763347
15316.844638
15338.783051
15416.716775
15265.498521
14966.618036
14843.392642
15172.177067
15697.856365
15853.673109
16041.541877
16330.303578
16045.908891
15603.339508
15562.101172
15437.133153
15431.440468
15511.587943
16169.053256
16077.466583
16298.563338
16391.648748
16691.136680
16248.261433
16619.464102
17009.387245
17113.689758
17050.974753
17321.937813
17196.330598
16951.633458
17081.720358
16943.034378
16648.117443
17207.381544
17336.795352
17191.374332
17167.805085
17497.212854
17282.425198
17404.807760
17174.712104
17378.727832
17276.726595
16968.759265
17060.732510
17418.531125
17509.566732
17589.688429
17923.789141
17559.426152
17633.053535
17349.170968
17639.618416
17576.764577
17506.276747
17103.012728
17322.110444
17363.001584
17443.437568
18087.230322
17937.646903
17694.460012
17254.003703
17092.063423
16732.324193
16910.376176
16808.047992
16792.796965
16528.187292
15901.059298
15527.972572
15245.830516
14875.407603
14573.679620
14752.939651
14724.228015
14741.337131
14895.624977
15064.341182
14604.571886
14515.124826
14814.640346
15126.775015
15495.942967
16541.073341
17009.387245
17026.776768
16768.717937
16822.981027
17043.891569
17158.817928
17148.166873
17404.014647
17703.183083
17554.999717
17880.399535
17964.920566
18490.033704
18654.537802
18906.021879
19088.054175
19543.657811
19083.913761
18975.175691
18834.603337
18635.034313
19101.437368
19832.236476
19849.799871
20018.867748
19905.827859
19580.793098
19433.202447
19246.224898
19190.099035
19363.669162
19238.009175
18697.962551
18717.417141
18137.216279
17798.823047
17408.468948
17282.425177
17152.523836
17596.471360
17522.876777
17028.400473
16447.043950
16284.402401
15720.549821
15547.042300
15397.108150
15280.590856
14935.273967
14794.486080
14985.760019
15751.205840
16290.731418
16243.525215
16175.042664
15832.714669
15123.313111
15021.268721
15383.485663
15785.244516
16563.943162
17266.343967
17455.161984
17784.595421
17871.610303
17505.322978
17349.170986
17529.344609
17485.692636
17015.856417
17419.378995
17623.136785
17449.686399
17449.686399
17618.799527
17089.447690
16707.705556
16892.378386
16976.733625
17486.785909
17484.451250
17753.447057
17595.079602
17794.660074
17665.318464
17884.552323
17762.911280
17936.480008
17912.554040
17701.234144
17714.123926
18219.334974
17939.703451
17703.358036
18119.263682
18385.755475
18368.667657
18668.061258
18839.389624
18928.815975
18748.527205
18529.455441
18527.405679
18327.854670
18088.017965
18199.078170
18073.006842
17827.901131
18036.282503
17700.147068
17060.558135
16821.669153
16639.712270
15848.368031
15591.832444
16062.793901
16533.118316
16615.382754
16496.287565
16569.063708
16122.271972
15959.536442
16035.535957
16347.917510
16326.903005
16545.950747
16597.932182
16736.714431
16792.796946
16635.515997
16288.804689
15377.567203
14911.326213
14974.086465
15396.974698
15568.641213
15872.317738
15572.786187
14976.514535
14344.585903
14281.889452
14164.452793
14734.854931
15053.846632
15429.269578
15355.770178
15299.403345
14924.609090
14876.439881
14542.926079
14679.834953
14941.878271
15213.165025
15516.404460
16301.038990
16665.941470
16895.420631
17093.152939
17587.356870
17601.775777
17933.360695
18044.058703
18130.660025
18377.958348
18436.850606
18501.574834
18597.280843
18805.720547
18770.553884
18496.268307
18006.001560
18242.139550
18333.062264
18205.547130
18233.597869
18315.972384
18471.933972
18040.466012
18131.694303
18840.844681
18921.235432
18990.670440
19072.927862
18617.541519
18375.512921
18217.395496
17280.700917
17054.909145
16855.235305
16345.552515
16490.457237
16696.994117
17130.703953
17419.225418
17762.156388
17865.973840
17920.282790
17276.351723
17317.313052
16741.752847
16238.723176
15789.966132
16071.931832
15432.106710
14976.351561
14557.128133
14466.647447
14008.669660
13945.948770
14190.207518
14604.637863
15317.771661
15797.216698
16358.817922
16537.608798
16693.786324
16368.359090
16273.006029
16149.362927
16321.196180
16396.786930
16581.005319
16806.698059
16913.006379
17373.409309
18271.174564
19036.957735
19293.047084
19496.593419
19701.240553
19165.455369
18870.380329
18705.508367
18848.729031
19006.380369
19036.700169
19040.898553
19513.760961
19377.203382
19299.742944
19310.494397
19741.923638
19406.012627
19390.613538
19202.626891
19202.626891
18773.412173
18901.082026
18983.621791
18884.942010
18817.714846
18789.298012
18956.730550
19056.025984
18788.473339
18571.708074
18263.565766
17433.234333
17055.620204
16517.329451
16311.623623
16255.337842
16331.031802
15712.954743
15691.805580
15336.104146
15010.708561
14900.219610
15655.087782
15854.387118
16221.118643
16505.246933
17120.929773
16821.848188
16753.703038
16502.084480
16610.756051
16278.838057
16181.324391
16012.130524
15961.743057
15526.359323
15508.820149
15597.178807
15975.871685
16091.419099
16186.664257
15958.900040
15850.392805
15801.117378
16091.673374
16460.343676
17169.517168
17518.640278
17645.529450
17446.075800
16994.918329
16329.037329
16051.301009
16497.953309
16825.078881
16829.854070
17571.441174
18115.719256
18134.313864
17958.971896
18225.512937
18078.286245
17921.966927
17548.512794
17969.164134
18196.610406
18301.066487
18693.677864
19353.924943
19798.383461
20364.809719
21238.725752
21474.708631
21531.705519
21333.970978
21108.238485
20114.898683
19770.027616
19798.383446
19631.044024
19180.387483
19193.250658
19390.613538
18805.881645
18868.620548
18859.900982
18886.008804
18352.433696
18357.011548
18018.376930
18122.728756
17689.342606
18081.465116
18027.697925
18641.277207
18539.219484
18879.923103
18864.715889
18648.615991
17547.132551
17327.847236
17078.295447
16703.233671
16681.817237
17150.577978
17334.953894
17503.991221
17406.371030
17528.794412
17161.670204
17038.423040
16840.927559
16576.332757
16426.179968
16396.041971
16382.796285
16581.844990
16844.792314
17136.229303
17643.710066
17725.966475
17953.724876
18289.830767
18383.668483
18303.402726
18301.379476
17982.397858
18006.447116
17907.719546
17923.036126
18345.697449
18454.538340
18267.545148
18394.740298
18041.235588
17609.530231
17711.372028
17637.570147
17722.322882
18295.120522
18522.667568
18934.853822
19615.659371
19528.915468
19173.085884
19268.396585
19216.548132
19086.350349
19255.885521
19179.888046
18943.244422
18121.292156
17318.794688
16754.607774
16915.148818
17080.274095
17292.605251
17416.186168
17604.093616
17248.618226
16897.358851
17105.485006
17276.726609
17204.089565
17852.378578
18116.897527
17824.042217
17585.849942
17877.014280
17935.483815
17903.005692
17708.051501
17636.408050
16978.456029
16421.121045
16651.060728
17047.478270
17340.549451
17624.853374
17473.113542
17260.430668
16889.644014
16559.894021
16618.830857
16616.308767
16367.221029
16525.863828
16423.535665
16111.363108
15918.127254
15957.091559
16009.327954
16403.715484
16782.076840
17014.220644
17252.577128
17233.370996
17114.032915
17172.805866
17183.511253
16790.972705
17075.333949
17443.754861
17777.027042
18013.769610
18551.425518
18462.782211
18356.504623
17914.819748
18318.001980
18248.613094
18530.738019
18602.447012
19044.183221
18866.353686
18967.927840
19436.414390
19547.298178
19199.318802
19011.021903
19229.986770
18704.969657
18581.403982
19413.181844
19972.435268
20087.800104
20042.111035
20597.244695
20709.912567
20417.136199
20393.427413
20998.781867
21221.850745
20293.937412
20144.216417
19851.273565
19443.830135
18745.203602
18562.362679
18748.527186
19088.787101
18447.111163
18236.807997
18619.691179
18441.881204
17685.137881
17637.145372
17042.989454
16507.396728
16040.931124
16546.521041
16711.258730
17435.528101
17581.161964
17750.248367
17167.012913
16950.317754
16635.515997
16673.139062
16475.697591
16373.746415
16681.691182
17035.318059
17121.914173
16944.459927
17042.159019
17001.077948
17206.673600
17463.017119
18133.164195
18360.808229
18328.382184
17929.148433
17774.533833
17550.546527
17511.648443
18032.277143
18370.404535
18335.203175
19245.890025
19597.698001
19421.756131
19283.125040
19144.555281
18439.638203
18522.245856
18448.115914
18593.381674
19408.930175
19571.454114
19350.467700
19348.015069
19031.468541
18601.552197
18430.403025
18486.560857
18486.560857
18733.871833
18771.248678
19133.655712
19832.109326
19545.569862
19409.111930
19454.096535
19466.943343
18740.252937
18714.118912
18306.540726
18362.991008
18031.234257
17920.282790
18104.925983
18583.928511
18080.964941
18040.090846
17999.016827
17927.236780
17747.191710
18094.925744
17960.648031
18049.514802
18133.840017
17964.748367
17690.239110
17770.152574
17939.389077
17798.460010
17850.572094
18054.761250
18044.058723
17751.127787
17772.958075
17723.050705
17532.862267
17519.638449
17296.417702
17346.271914
17314.025911
17393.602578
17380.376867
17536.722619
17424.063728
17612.574627
17292.941962
17225.699374
17457.819691
17891.897285
17759.513223
17728.875111
17904.546201
17826.672129
17633.302933
17449.161931
17730.968278
18054.163820
18175.850364
18093.464591
18828.181514
18952.826394
18597.280843
18864.010982
19410.344211
19668.813879
20237.397444
20339.211130
20111.469025
19864.275017
19482.563794
19287.208440
19543.298775
19313.426258
19174.554715
19103.264158
18943.395872
18652.814552
19175.263500
19090.918494
19201.795501
19344.922376
19563.642409
19455.404680
19711.544252
19858.865898
20385.203827
20447.661755
20334.932598
20408.979118
19688.646901
18972.303863
18892.017689
18540.805442
18260.850894
18519.038285
18237.112694
18005.326625
18212.799410
17861.793392
17781.637526
17908.327792
17604.731073
17116.776364
17045.358645
17153.621375
17153.621375
17355.370649
17453.013177
17544.123537
17188.419718
17023.784886
16993.636844
17169.367514
17420.674413
17494.739040
17844.800567
17935.680098
17935.680098
17686.185773
17979.216874
17840.513097
17760.328217
17580.474177
17716.830635
17215.584476
16927.058567
16729.475943
17196.163055
17596.987736
17848.628910
17804.196146
18055.404759
17836.482728
17552.562929
17994.915238
18842.977866
19081.852586
19218.038966
19020.815040
18905.885002
18720.363094
18466.580669
18329.982888
18349.408524
18334.140450
18402.447983
18766.800420
18612.989973
18806.041358
18729.880535
18328.205608
17896.727079
18471.338671
18755.520491
19180.504451
18929.221228
19224.195102
19007.060323
18645.037835
18798.781600
18836.507868
18456.985996
17992.832311
18055.580751
17804.359187
17771.013643
17617.327070
17574.022446
17708.624985
17522.108289
17432.786235
17625.659463
18174.001069
17816.416155
17924.961642
18253.956819
18468.647428
18145.555380
18054.312196
17451.167620
16878.047726
16565.606436
16585.713056
16782.646729
16993.042997
17474.701337
17574.498717
17006.205892
16581.005350
16652.896784
16427.154543
16013.263213
16132.435540
15672.235644
15067.311460
14734.015770
14890.471284
15228.449903
15952.610015
16522.794742
16767.359384
17005.890694
17400.469553
17441.821193
17261.679766
17310.917243
17022.807060
16541.200613
16508.629596
16788.497620
17234.762742
17933.221626
18501.243393
18657.797991
18924.410003
18987.472475
18985.703586
19248.119277
19425.757645
19358.637495
19436.166196
19188.939730
18974.171335
19308.018191
19115.153010
18621.556738
18897.371466
18990.488647
18845.163420
19244.185473
20092.536941
19983.865135
19996.893120
20246.421368
20124.769815
19283.612475
19244.664742
18897.867507
18533.295263
18743.774733
19129.052962
19224.661051
19569.480646
19844.905706
19864.444488
19625.016106
19368.951419
19052.223213
18514.452336
17839.805691
17686.779300
17702.304918
17522.425283
17084.122111
17151.501742
17661.479907
17414.128440
17164.823833
17346.903250
16943.408253
16304.442720
15918.268798
15885.762633
15569.185638
15742.390882
15582.774852
15958.244564
16155.024196
16456.801030
16548.018498
16449.442539
16327.852669
16323.153347
16275.779639
16173.545560
16592.140483
16850.161101
16732.940118
17094.989327
16973.667365
16705.878589
16233.184101
16358.655913
16057.430846
16521.322413
16594.430641
16963.145217
17429.308322
17689.894015
17624.479489
17955.829021
18153.133953
17832.042631
18066.197242
18226.948782
18027.423803
17955.663453
17987.981000
17892.661942
18022.838024
18457.383452
18882.492207
19049.641615
18863.162698
18678.686434
18652.981653
18743.957131
18856.747193
18943.543915
19134.122644
19012.335539
18888.512197
18652.274643
18697.823374
18148.980886
18022.248554
17664.221647
17573.298396
17510.284473
17642.708990
17325.376594
17238.617583
17488.346433
17488.346433
17787.460683
18510.755752
18665.152456
17983.734847
17649.881700
17645.653091
17116.977513
17071.266744
17514.147583
17713.504814
17210.363808
16839.150321
16702.304975
16379.389346
16554.962199
16989.075809
17425.761057
17440.948514
17644.998665
17510.284473
17371.555814
17157.833331
17157.833331
17077.324077
16893.080633
17040.729508
17496.505797
17639.383184
18027.827253
18426.826587
18129.427526
17819.678489
17600.533417
17247.142768
16830.389852
16568.276730
16666.905476
16612.649220
16688.225530
16955.094940
17143.593845
16941.942782
17097.992740
17076.446616
17089.268431
17293.098769
17800.760455
18284.349443
18820.134837
18574.848848
18631.552423
18563.247837
18381.296568
18183.627978
18667.577372
18834.408505
19193.728321
19369.470986
19044.361810
19347.647013
19584.167187
19760.638415
20231.350369
20588.659109
20452.331397
20129.071829
19515.932192
19067.000408
19550.530792
19681.078283
19682.690992
19779.194333
19570.867351
19225.925993
19371.395104
19384.377357
19711.440426
20116.819523
20216.375285
19880.434011
19962.419788
19396.498111
19071.079649
18904.294296
18593.694175
18581.063412
19147.195746
19067.000408
18724.350552
18433.407453
18325.154837
17822.350373
17657.272198
17815.953248
18022.102369
17887.333181
17854.628568
17501.246272
17039.092111
17110.623041
17204.089539
16686.987602
17133.936826
17248.796695
17259.727406
17248.796717
18043.078549
18224.957134
18196.610430
18086.479703
17866.796110
17503.038061
17372.840326
17518.305649
17205.918739
17288.406804
17551.505032
17414.938023
17577.417142
18249.797356
18464.548009
18445.949745
18506.488348
18632.523599
18528.247875
18463.154291
18512.581604
18558.100434
18412.682942
18065.674741
18167.653119
17761.219217
17904.363270
17874.212649
18127.700959
17876.122083
17749.099744
17591.053605
17113.861991
16599.834519
16758.124095
17087.021445
16872.315384
17284.434541
17290.761950
17295.307967
17300.097627
17226.046137
17237.097982
17807.339752
18013.404914
17961.731890
17972.573045
17714.446247
17389.179743
16896.953048
16880.449882
16767.697331
16464.231804
16442.619614
16440.179399
16376.789978
16290.042665
16706.333421
17328.960514
17424.423089
17562.901906
17736.527860
17801.389267
17324.306569
17024.956261
16931.001526
16998.273373
17111.022753
17106.730785
17293.098750
17011.339608
17087.176203
16830.935758
16631.885634
16447.401299
17001.960632
16982.715303
17017.191909
17416.013796
17852.060661
17652.738481
18057.990792
18105.596143
17817.008304
17632.585601
17325.018763
16867.750232
16984.422384
16945.510651
16839.305343
16848.733734
16985.103263
17347.689327
17627.271484
18319.020217
18737.197550
19006.380369
18893.499336
19123.274723
18899.751357
18848.408076
18813.744437
19062.994363
19158.361708
19446.837817
20290.212336
21142.419140
21214.107634
21532.796669
21275.417062
20586.980278
20315.135892
20482.276513
20475.908649
20853.539006
21339.561288
21127.138178
20925.228904
20864.569297
20841.102405
20765.847906
20305.924609
20479.197652
19885.404335
19863.573764
19384.023931
19006.789220
18735.664105
18967.581528
18221.890533
18383.668483
18700.357635
18264.693991
18216.938868
18379.406621
18247.704563
17864.285899
18150.253698
18091.752669
18421.205894
18722.109568
18832.597797
18318.565368
17995.688248
17615.997167
16934.593835
16997.429855
17385.782453
17448.776133
17450.719053
17443.754861
17502.348446
17845.081631
17968.642258
18669.257150
19073.099711
19407.259369
19006.232043
19266.324225
18834.788867
18508.226402
18527.734258
18273.971618
17775.229773
17371.708482
17635.098866
17296.569642
17502.515262
17714.968751
17812.823747
17770.291503
17716.079682
17729.277767
17529.795891
17737.980107
17904.725238
18011.139974
18082.689711
18074.098602
18288.743398
17973.662513
18127.700940
18151.629366
18346.629880
18409.861998
18797.275648
18806.201303
18541.448279
18432.784793
18287.674383
17982.096604
17615.695682
17728.443318
17865.225624
17804.521567
17938.370937
17981.630996
17955.663453
17823.119233
17500.347722
17467.501142
17361.045175
17432.786206
17419.672610
17677.845437
17534.210975
17376.019168
17181.061342
17334.953870
16924.890278
16593.680639
16782.265440
16563.474179
16290.042681
16571.950323
17069.954695
16920.407184
17067.959449
17338.979568
17056.826019
16862.017278
16846.707580
16599.679809
16139.892949
16050.775884
15827.416957
15925.428607
16081.725926
15927.162541
16226.911342
16165.671227
16332.285109
16386.863252
16699.178742
16599.526203
16792.020948
16540.627362
16384.040034
16573.309990
16740.096565
17136.971136
17366.845932
17636.097814
17527.425426
17581.594407
17160.876644
16950.913296
16905.009622
17015.856417
16785.978741
16527.302013
16707.336937
16675.058761
16509.998550
16592.610641
16844.114868
16787.660185
16928.722100
17312.379012
17316.563773
17565.944776
17645.908894
17704.510293
17505.146193
17624.300449
17574.942771
17562.246253
17292.941962
16963.430264
16789.849340
17328.040515
17748.528780
18082.877886
18776.651784
19073.643014
18594.280365
17989.411831
17722.696928
17527.425454
17440.762762
17433.974892
17891.644396
18116.718692
18010.834045
17784.771290
17686.185789
17352.328920
17029.254578
17011.876526
17124.701710
17143.199007
17106.544548
17117.397498
16744.329383
16566.452383
16176.322048
15892.258441
15953.250937
16220.275287
16124.680990
16133.960601
16428.780987
16598.152711
16357.354931
16246.753015
16331.153236
16526.453070
16418.205660
16797.710647
17415.538653
17836.205923
17769.026185
17749.296273
17426.197786
17242.042967
16915.148818
16854.690375
16654.989606
16739.802944
16190.922087
15882.996873
15891.876263
16288.989752
16533.772373
17086.869192
17425.290728
17579.310615
17409.826182
17099.856639
16919.990739
16877.498232
16879.772253
16892.797750
16834.210760
16873.242203
16816.663487
16673.750601
16604.177621
16834.210760
17048.815226
17281.499548
17047.003541
17413.951281
17513.761601
16732.797970
16472.071836
16682.071354
16439.210244
16142.558276
16448.179453
16553.827128
16510.475748
16525.981283
16562.699368
16449.922927
16506.190802
16421.611626
16731.738110
16853.307177
17204.670435
17070.367273
17051.297480
16585.176713
16445.936056
16467.351768
16204.336266
16057.027275
15857.583508
15768.865834
15820.959860
16046.022085
15974.599476
15974.599476
16037.559595
16297.789092
16372.928134
16980.353680
17366.353712
17414.128419
16791.519290
16634.318275
16356.780122
15864.059188
15714.381130
16059.328297
16379.021437
16233.797889
16391.817162
16621.957465
16574.431666
16268.415075
16281.721229
16535.611505
16190.672285
16116.867293
16382.505374
16963.575080
17093.739867
17492.826163
17655.487560
17780.255926
17827.764342
17857.952571
17812.664362
17691.202827
17738.121010
17375.852876
17614.596546
18227.975303
18848.514774
19245.294755
19560.029126
19583.829471
19358.345532
18913.770635
18450.688758
18531.129373
18589.402598
18880.379784
19387.820339
20299.473596
20676.488089
20832.658586
20559.689708
20067.487536
19104.172908
18290.607154
17746.443517
17835.448363
18364.378945
18766.128994
19416.809548
20117.419178
19787.620434
19401.410548
19239.826138
18738.592262
18779.884382
19037.742847
19013.924319
19448.757299
19162.345068
19008.151172
18973.763111
19051.813165
18426.826587
18799.556722
18043.078549
17741.501049
17309.826379
17481.432992
17177.819933
17444.382278
16930.624527
17349.170968
16959.109701
17130.558665
16943.943388
17557.880831
17310.302670
17277.245475
17292.605229
17303.684710
16789.500333
16537.863702
16622.624871
16499.012570
16622.624890
16871.924991
17236.441402
17321.086025
17108.469778
17004.210404
17290.451793
17095.170194
16811.088714
16904.252889
17086.566211
16860.916703
16757.011803
17038.741469
17067.110445
16880.449882
16865.301232
17142.853378
16975.880856
16973.830932
17008.605034
16984.586933
16635.515997
16450.059432
16614.842903
16799.183203
17024.548421
17107.101961
17623.955272
17725.966475
17630.613473
17252.871932
17248.796695
17018.617459
17278.901198
17027.155464
17137.520600
17143.909672
17047.660760
16475.390892
16833.710414
17171.638961
17460.302072
17622.314340
17747.834708
17620.005894
17017.191884
16351.238573
16231.353806
15856.230099
15424.941207
15370.487000
15183.853278
15259.120142
15397.536922
14919.301269
14896.862915
15025.313611
14719.711589
14905.769383
15617.260712
16181.324391
16636.487371
16547.579572
16280.544173
16235.312790
16269.556323
16083.183420
16299.455563
16871.924967
16882.613975
16631.463919
17119.301093
17377.674866
17023.963642
16952.329540
16941.773753
16833.710414
16917.932881
16703.233700
16814.232745
16651.226495
16317.212052
16220.889090
16660.990835
16541.575060
16797.894999
17296.569642
17092.411402
16899.258389
16864.451540
16797.327760
16408.987853
16277.305718
16305.748952
16535.611505
16708.869088
16654.718245
17009.387225
17083.102322
17078.928650
17169.973316
17553.841180
17603.168601
17568.494817
17653.244778
17525.029982
17789.675929
18238.439750
18685.073847
18722.109568
19156.008011
19012.729868
19374.540416
19357.343080
19801.750640
19712.662634
19778.036619
19322.213888
18970.825502
18543.416578
18242.139529
17929.690663
17831.161200
17972.074768
18074.314876
18206.501107
18334.140450
18317.692328
18497.751606
18345.863599
18083.614020
17931.934012
17945.586534
17548.938057
17414.627642
17509.994549
17238.814962
16877.032698
16853.307177
17297.828053
17707.846443
18492.608886
18713.606697
18811.055848
18468.647449
18121.652813
18017.191013
17951.586194
17927.740480
18218.341456
18057.990812
17762.911296
17828.681970
17696.351932
16846.307306
16792.020987
16555.651058
16268.759921
15974.258812
16153.739242
16117.121025
16156.390581
15851.015946
15881.010244
16033.026620
16117.379995
15810.096652
15880.170492
15886.316387
15739.238498
15786.637266
16058.021692
16013.664319
16119.485641
16475.224600
16733.217958
17201.686202
17674.211467
17858.283077
17929.874805
17691.505879
17168.898972
17016.030633
16673.343779
16116.107945
16026.878413
16237.366413
16465.396455
16834.123040
16974.779738
17026.961999
17011.876526
16856.659277
16856.659277
17214.410152
17132.037093
17095.170194
17093.152957
17131.860229
16936.838047
17335.986914
17349.017041
17367.514658
17309.231263
17450.146340
17259.451083
17254.674024
16778.130741
16352.845480
16188.036736
15923.384555
15945.242413
16480.613072
17081.561229
17376.538973
17268.115032
17007.925349
16599.218741
16540.627383
16481.775248
16804.820462
16943.943409
17420.674449
17152.032158
16930.750743
16824.368148
16965.435622
16645.793259
16860.530321
16982.391406
16990.712362
16697.958906
16613.434792
16353.019875
16091.234299
15678.626743
15132.287844
15005.229912
14645.764245
14554.119149
14276.132842
14597.702618
14481.891356
15232.752459
15428.399149
15805.292552
15868.054606
16181.020413
15946.227453
16200.065739
16590.643694
16816.043954
17170.847316
17539.221883
17747.670730
17771.353601
18160.042424
18672.028075
18669.905757
18680.946149
18899.600904
18848.060820
18368.494823
18399.007255
18331.665763
18411.812096
18769.555966
18734.381482
18543.416601
18242.139550
17725.966492
17574.187711
17581.161981
17746.166976
18136.500516
19060.270606
19109.700131
19271.949040
19384.895341
19547.892411
19315.535853
18877.695797
18172.779728
17595.783232
17012.400152
16509.042541
16600.308858
16579.261456
16520.606865
16624.537766
16787.490562
16611.838415
17001.825340
16663.460555
15999.662340
15199.501635
14885.420657
14798.191143
15335.992273
15817.728319
16422.456736
16465.876983
16258.788342
16057.430821
15885.995433
15408.955108
15179.301723
14960.468660
14617.632057
14400.910230
14680.497837
15288.216404
15579.387843
15841.407388
16091.504896
16321.375531
16227.906525
16084.292532
16305.930481
16377.284271
15993.448272
15947.908246
15928.834578
15645.287018
15555.936517
15770.768193
16037.559595
16481.337748
16757.200304
16928.516243
16950.317754
16450.929333
15891.994950
15625.295968
15675.180258
15610.296654
15772.636313
15937.132234
15570.882602
15425.293646
15414.908573
15312.733776
15406.531309
16475.697591
16968.080271
16957.409143
17202.216283
17019.017264
16472.505377
15670.453577
15240.422258
14720.017746
14701.307099
14800.957227
15335.272192
15688.178223
15944.416497
16037.993637
15782.226087
15723.077266
15784.409127
15712.815238
15517.152572
15463.454411
15131.980261
15203.177485
15268.355581
15288.954537
15714.381130
16217.644752
16571.259136
17176.192663
17594.564117
17559.785521
17679.197738
17392.856126
17076.310453
17057.144072
16753.703038
16838.515951
17040.106793
17055.276039
17062.198959
17374.617975
16793.116338
16307.581864
16153.281242
15840.913190
15652.929745
15554.584083
15821.575456
16151.517316
16614.206261
16969.614039
17338.486808
17581.300170
17444.556347
17496.505797
17761.028334
17988.594829
18149.140766
18147.274056
18295.254961
18360.185119
18700.580604
18657.420465
18763.679550
18566.198306
18206.346590
17885.332636
17874.492315
17982.547482
18377.467116
18603.238943
18811.055830
19156.140778
19067.153607
19377.378081
19669.915983
20357.167577
20411.743860
21119.191924
21243.340358
21115.330521
20232.760745
19831.640267
19839.971552
19330.207712
19516.592432
19714.006451
19740.056815
19358.491854
19520.530278
19269.066532
19232.026428
19436.039964
19166.799589
18687.637238
18332.166045
18295.390791
18251.943768
18234.477280
18199.523655
18268.582197
18483.500035
18275.177491
18357.483843
18381.296568
18435.308489
18244.451862
18632.872449
18584.844793
18610.674259
18181.438451
17758.551021
17350.507989
17140.441921
17361.219942
17374.219203
17272.220991
17179.121367
17528.361821
17549.217674
18225.916940
18681.857660
18941.786652
19073.830845
18740.412929
18206.956875
17805.606965
17679.802818
17135.786717
16966.393351
16931.402916
17172.428098
17320.053997
17775.342836
18094.776141
18396.300064
18431.009013
17836.629743
17333.522886
17401.522301
17423.488699
17260.584782
17321.593969
17314.876255
17171.638986
17536.003031
18021.951947
18314.593670
18811.055830
19285.896428
19140.471333
19019.015205
19567.903920
19466.351433
18993.565796
19058.814909
19080.441831
18919.658919
18941.577386
19435.125997
19599.764696
19816.703299
19688.520210
19591.000284
19231.625540
18993.243974
19220.718705
19218.478890
19225.091310
19351.945546
19104.709130
18349.865045
17907.576119
18037.497335
18108.246860
18207.897637
18485.543946
18986.508694
18823.999168
18212.616048
17692.434121
17362.642546
16660.006678
16035.535957
16148.232556
16367.409603
16206.601255
16721.024988
17406.175475
17476.584829
17595.957014
17554.652907
17327.056969
17630.774528
17891.773466
18043.403994
18288.553135
18236.477419
17522.876795
17137.232532
16762.473404
16332.476877
16113.803524
16137.892632
16692.201201
16865.650173
17123.606990
17596.471380
17722.322905
17449.845459
17679.646400
18280.357646
18083.199001
18232.942676
18166.950176
18056.160591
17791.786634
17804.842367
17739.775747
17558.795999
17476.260936
17584.832294
18003.221239
18172.645291
18402.818859
18764.817071
18702.158875
18717.269935
19261.454241
19672.494161
19557.914501
19449.395099
19182.413803
18395.441016
18200.251040
17981.303740
18037.497335
18330.529363
19317.373082
19371.198849
19635.800744
19570.704235
19197.852705
18989.605987
18768.859031
18599.630040
18764.389253
18755.917307
17909.963891
17959.361849
17681.550297
17204.670435
17082.914080
17375.852876
17265.601098
17234.968133
17553.841161
18388.966449
18473.184142
18353.665799
18763.679513
18711.505261
18043.566194
18119.450995
17907.863107
17354.964583
17029.558327
16665.475758
16355.151539
16766.264398
17148.166873
17328.040515
17499.170542
17420.987037
17233.371014
17213.639766
17311.073662
16886.403100
16927.570652
17270.572214
17637.002169
17771.178012
18317.842328
18100.824316
17920.149751
17783.587061
17703.358036
17675.122633
18013.404936
17708.248568
17202.594273
16942.472270
16688.408301
16478.505421
16732.142316
17296.100260
17664.559390
17905.430686
18083.341104
18351.006641
17930.255191
17780.813152
17685.445799
17570.293172
17008.760419
17076.170413
17080.445232
17397.184890
17444.556347
17794.809219
18374.048523
18748.962945
18864.011001
19262.915009
19457.782937
19175.934000
19455.831697
19527.379886
19286.709158
19354.883747
19278.987952
19125.003047
19391.501609
20089.647991
19921.026130
19925.204550
19645.724825
19823.526064
19428.624250
19504.100025
19610.109875
19681.903773
19029.151495
19020.036717
19142.155751
18849.228979
18704.329130
18231.714076
17426.665559
16545.950770
15825.785249
14971.309084
14563.837848
14531.038276
14733.414150
14702.340266
14787.771607
14817.887660
14719.923647
14363.453342
14634.407909
15118.076834
15213.165025
15082.266317
15545.669331
16003.397754
16294.068008
17328.602965
18174.001046
18136.874920
18277.665859
18004.634180
17755.021797
17601.151611
18177.121781
18050.774268
18135.365903
18267.545126
18549.817453
18502.504188
18884.256652
19402.625290
19140.319265
19194.360346
19081.985659
19257.565953
19552.201794
20007.967004
19999.209826
19867.187336
19561.899951
19045.548181
18967.410693
19116.954950
19462.225304
19759.840911
19980.980931
20286.820823
20253.998191
20688.992102
20936.318037
20868.471698
20970.585311
20940.272561
20815.729935
21301.828620
21455.705702
21358.149130
21427.226360
21464.915885
20885.869342
21261.211471
21636.199637
21616.727810
21447.702776
21252.474973
20677.806850
19578.086297
19079.339457
18534.175760
18217.703513
17953.210705
17961.731890
17883.674687
17777.818759
17877.666690
17919.302286
18194.549327
18606.224864
18947.330213
18717.269953
18780.214224
18708.686304
18624.265920
18755.723630
18410.804309
18187.748065
17853.203816
17406.571792
16967.232955
17017.191909
16941.270656
16732.940101
16847.764080
16659.829058
16503.800688
16558.128618
16594.908731
16397.369713
16458.566493
16495.424025
16328.460680
16367.587149
16402.205582
16381.199420
16752.071021
17114.203065
17569.527586
17849.430072
18150.052861
18227.975303
18204.668974
18039.485516
18241.198191
18297.497242
18497.205578
18638.186582
18932.983403
19364.584485
19820.360303
20208.975701
20666.138381
21251.893701
21568.000871
21704.634524
22025.112028
21758.874443
21227.641690
20884.963720
20689.966486
19928.518456
19566.729135
19232.294085
18512.581575
18054.312178
18123.457194
18049.980956
17733.197571
17488.477526
17253.015446
16511.735272
16008.487598
16099.728630
16027.755979
15851.861055
15754.183177
16212.178550
16406.797847
16196.820184
16311.753244
16613.231740
16296.544786
16112.195027
16446.123569
16465.061097
16393.416665
16790.214413
16877.032715
17033.122589
17369.332811
17954.780701
18254.155415
18807.184049
18880.966580
18777.336342
18413.022808
18011.905663
17415.388048
17549.645668
17961.123015
18169.179199
18468.647428
18329.805413
18006.543867
17564.710220
17386.992809
17449.998265
17562.779014
17547.796488
17631.844119
17859.676018
17606.186161
18332.610122
18937.636140
19041.031202
19264.846066
19444.648807
19030.546154
18952.157500
19671.007252
19777.579008
19619.342958
19605.940710
19508.586420
18674.409000
18110.738241
17464.103301
17037.034212
16976.088048
17042.159019
17326.097824
18139.390137
18716.478407
18863.852775
18917.964964
18696.740656
18974.171319
19364.584485
19581.749052
19604.986104
20064.823020
20081.839165
20158.225571
20010.732586
20137.403898
19935.561842
19714.506690
19384.720897
19347.828630
19129.361090
19270.687096
19545.757004
19628.568877
19704.207707
20373.916430
20597.244695
20209.227802
19486.962401
18996.724889
18583.159297
18034.325043
17978.305925
18318.361527
18394.541881
17924.627653
18260.644697
18468.990891
18356.137300
18412.511038
18851.848459
18823.805696
18958.155724
19086.209680
19333.329499
19619.944529
19342.408193
18973.763129
19281.945627
19391.977295
19303.172693
19734.775062
20025.222294
20076.951192
20094.768750
19711.753122
19353.924921
18798.480449
18041.831567
17742.277582
17728.221357
17916.847646
18352.976852
19133.655737
19333.209927
19760.978639
20211.673568
20591.200140
20325.026104
20348.496012
19977.231728
19753.845361
20074.685773
20484.946460
21196.057404
21823.790884
21515.274971
21029.590928
20532.793603
19668.074224
19195.231374
19239.179635
19208.626679
19154.247290
18868.089846
18668.400888
18653.143453
18195.452231
18035.042258
18536.076718
18331.665785
18301.220905
18355.383986
18171.070466
17570.293125
17603.168569
17290.761931
17241.242926
17720.259994
18199.768388
18596.775199
18657.614122
18596.775199
18490.654847
18390.691612
17892.523321
18076.740597
17970.711302
17747.191691
17330.693449
17164.244793
16723.701258
16671.585528
16617.441079
16784.457468
16882.903811
16939.687757
16950.623458
16957.117033
16820.380125
16803.936500
16764.667097
16585.176737
16751.872346
16912.422373
17410.214039
17575.095587
17748.528780
17813.751295
17720.401115
17464.236071
17679.197756
18034.799301
18101.759577
18256.019651
18462.782234
18180.816027
17901.132336
17877.179532
17827.488698
17247.142768
17112.611270
16776.498007
16602.879383
17025.730266
17714.123907
18156.463889
18789.580327
19284.074390
19629.319019
19429.711027
19761.431575
19902.548682
19546.616051
19076.037529
19503.973182
19529.609996
19451.347481
19772.317053
19761.727602
19493.987057
19604.492400
20133.707097
20287.643560
20819.107763
21122.145406
21256.264401
21178.401172
20902.938592
20811.963278
20603.073476
19943.484288
19657.092372
19682.912153
19310.346953
19113.179538
19358.042509
19509.670011
19516.191698
19496.593419
20098.190628
20479.851375
20230.651745
20072.295095
20681.930664
20515.039130
19990.030750
20111.469044
20402.108382
20106.922053
20163.321270
20568.792664
20482.171887
20532.073138
20241.830230
19788.014730
19378.147772
19425.757619
19436.541594
19449.702475
19548.519516
19539.651935
19448.757278
19218.706507
19500.498821
19545.222736
19400.100782
19265.794245
19413.181822
18966.283697
18736.017075
19045.928605
19067.837231
19082.914728
19169.863510
18690.517854
18287.023228
18473.335762
18065.804701
17946.593283
18531.699452
18974.039459
18455.890136
18362.606448
18399.351147
17896.727101
17824.921643
18343.361160
18336.733666
17959.556098
18330.718244
18031.562572
17892.523305
18003.018943
18616.867308
18604.963974
18563.739215
18683.318446
19008.326686
19194.864099
19179.008475
19026.651121
18937.837244
18892.380478
18853.367394
19024.552034
19768.746259
19933.668187
19941.952288
19744.764098
19634.735018
19194.042617
18745.203578
18409.333765
18439.511536
18592.360501
18448.765110
18945.488709
19407.610975
19516.064023
19328.328538
19371.395104
19104.709145
18514.869398
17616.908523
17184.553216
16854.960115
16501.401996
16364.846543
16429.733296
16204.215076
16015.198654
16082.925859
16084.911326
16334.781196
16548.294064
16769.440266
16561.130384
16608.981099
16671.764548
16791.691489
16626.821674
16542.023988
16201.828494
15999.966913
15899.396303
15994.324763
16508.498945
16920.548947
16781.709374
16744.118309
16600.968745
16128.000277
16060.912667
16336.541783
16423.353394
16488.225250
16536.399757
16575.288962
16677.221176
17093.152939
17524.494036
18006.242001
18116.543518
18426.826573
18243.460986
18271.540867
18133.033170
18807.508224
18857.498543
19125.177666
19405.178324
19940.460736
19168.387100
19007.814091
19113.891058
18907.647800
18643.022798
19055.158198
19126.782097
19324.095800
19898.657724
20221.946648
20356.226566
20453.629517
20442.346377
20110.680505
19917.363859
20722.199170
20984.210313
20068.409288
19339.347182
19469.470618
18532.674254
18111.825809
18598.388152
19494.132753
19338.139473
19997.118938
20292.253631
20672.407005
20766.130858
20993.667502
20334.327989
20087.434026
19838.040448
19387.076230
19016.090504
18894.811896
18749.243563
18695.346683
18847.624974
18936.161180
18947.130054
19003.427291
19414.391325
19425.403503
19473.021085
19498.951007
19516.319412
18954.918766
18905.224806
18779.356642
18237.112712
17712.231418
17559.426152
17028.199502
16715.480756
17151.859469
17806.593274
18466.975304
18647.002301
18664.225562
18586.292091
18644.832938
18190.995992
18189.316806
18243.285517
18165.221672
18032.849379
17715.710481
17447.031601
17084.757593
17065.392754
16715.629361
16760.675202
17077.159114
16986.001025
16973.155665
16854.083768
16992.453986
17051.297480
17189.854972
16912.422355
16860.158343
16658.229112
16456.559238
16515.108332
16742.539803
17055.095502
17444.943875
17976.401682
18327.854692
18538.086122
18882.810359
18925.092322
19094.431550
19562.968553
20150.389917
20393.558764
20938.647559
21365.531779
21255.573329
21003.882771
21066.618415
20768.153723
20343.433043
20262.831946
20440.882147
20338.998091
20390.236965
20373.328531
20459.889199
20281.889097
19893.719716
19837.295440
19557.633163
19188.939730
18709.712440
18692.503109
18208.239149
17789.675905
18049.980937
17976.188216
17698.834493
17421.154182
17679.494329
17102.600172
16840.082617
16736.195868
16867.905517
16396.915096
16525.460891
16668.054297
17303.684734
17674.809544
17800.613612
17698.834493
18080.067939
17505.658774
17205.009548
17601.970620
18037.497352
17694.843717
18024.654368
18074.314902
17963.346938
17627.271466
18095.609863
18002.295084
17939.062249
17804.682844
17661.657447
17093.297588
16785.178627
16580.747692
16569.999147
16726.335610
17174.879957
17363.682440
17836.068637
17836.068637
17996.444741
17656.073932
17328.602965
17069.954662
17078.718720
16842.386689
16712.295949
16866.269787
17075.524965
16884.162625
17045.004467
17489.339623
18094.633319
18378.799366
18997.044504
19461.253757
19424.298406
19378.607879
19458.495983
19382.667373
19165.754962
19933.668187
20137.403913
20337.197407
20784.161406
21082.983778
20860.119978
20649.410522
20820.837767
20647.688444
20320.052061
20642.833670
21248.440454
21095.658288
21257.895110
21323.095172
20893.490235
20679.016315
20660.011657
20623.092776
20636.690488
20684.114410
21006.931863
21136.616108
20924.140873
20932.577898
20852.678041
20242.939828
20104.429197
20295.195918
20442.650751
20128.321620
19846.064113
19865.048549
19611.183632
19472.393971
19509.338350
19853.947956
19226.558847
19233.145862
19315.716721
19634.869788
19164.046802
19093.537123
18722.691204
18492.608871
17980.957721
18137.216259
17883.276629
18015.700103
18134.692371
18299.932997
18286.651578
18777.720411
18537.235676
18326.770557
18194.549308
18012.221608
17965.097479
18101.570088
18115.020852
18258.021224
18650.469415
19082.758946
19577.309431
20124.026810
20572.719414
20627.038028
20575.110031
20260.399246
19994.396404
19829.228388
20096.017752
20110.335869
20704.412454
20938.647542
21328.916375
21346.388597
21487.060619
21445.983426
21592.095826
21359.567900
21252.924823
21280.633733
21031.684208
21270.463369
21007.620253
20554.398138
20197.697853
19798.503338
18718.347458
18668.746568
18668.746568
18497.205578
18445.220215
18948.362922
19045.675223
19178.334902
19316.737874
19243.119604
18993.565783
18698.491056
18739.925151
18547.205297
18466.975304
18095.999622
17668.735378
17250.270500
17052.821333
17285.106780
17883.470161
18542.668505
18913.770635
19188.676855
18941.369585
18132.621661
17614.191920
17199.983949
17134.157295
17299.091957
17741.341880
17802.003103
17888.526162
17879.374684
17753.616873
17447.831171
17150.762218
17022.807060
16329.698351
16503.041561
16624.401876
16904.252889
16993.240781
17653.474669
17636.253956
18006.740910
18776.816323
19663.478477
20380.679626
21319.609777
21549.693435
21606.265805
21107.096225
20472.462648
19949.784092
19897.869737
19396.888086
19216.916795
18935.217124
18650.854449
18887.284083
19381.997235
19716.075087
19929.318201
19932.049503
19736.850316
19023.293154
19107.809833
19356.719950
19870.717379
20299.966208
21384.896605
21313.073778
21190.171139
20767.797274
20423.171989
19845.938510
19650.523219
19690.744480
19879.861600
20191.957916
20144.216403
19859.828620
19768.410185
19790.072222
19438.570051
19662.158323
20323.864011
20476.174234
20588.784519
20790.631897
20747.477931
20571.827037
20665.675569
20279.713426
20279.713426
20457.632969
20861.003047
21445.785588
21658.749541
21456.565472
21289.915104
20708.565672
20059.869856
20049.213881
19727.946677
19543.840433
19630.347099
19853.725574
19786.446848
20205.480261
20209.565234
20561.024102
20640.931971
20950.892288
21098.294837
20968.481928
20547.541595
20902.170329
20759.028017
20334.046339
20184.459849
20431.860903
20039.156196
19763.867370
20075.771606
20095.676400
19891.616512
19581.907647
19551.259298
19520.888366
19984.858523
20193.081768
20019.484691
20433.601395
20346.931912
20052.024795
19971.725440
19726.949727
18998.543007
18449.736185
18252.629651
18445.774003
19408.930197
20395.532766
20948.589270
21341.087474
21245.724800
20820.556426
20293.767802
19785.965596
19660.424757
19024.552034
18660.362013
18278.996538
18291.620874
17827.901114
17944.673733
17933.221592
17775.110418
17549.217674
17855.274236
17781.451560
17631.056701
18147.445196
18526.939226
18246.942040
17869.836121
17876.670023
17677.206174
17701.052312
17685.827055
17852.698399
18064.476231
18064.476231
18018.376930
17743.065792
17441.821193
16903.812614
16830.076171
16660.785185
17205.323434
17645.529450
17803.135933
17332.234524
17187.065860
16749.149242
16920.267769
16901.515565
16821.162251
16574.275578
16634.775996
16391.648728
16682.731023
17064.851659
17576.581257
17570.098042
17342.373085
17286.203962
17710.973566
17746.030111
17882.410741
17958.385534
17838.557507
17749.493061
17919.150944
17775.557630
18139.915800
18330.344040
17779.786973
17581.921484
17723.050705
17805.456452
17793.810386
18066.652690
18179.527943
18309.929307
18114.889119
18164.042423
18361.346341
18604.243271
18769.127911
19098.541555
19117.274458
19416.809527
19425.531161
19295.108993
19217.176264
20046.711714
20453.941681
19961.880730
19849.620477
19846.772953
19133.234740
18451.773044
19100.366278
19386.701735
19794.318350
19904.794075
20191.414267
20236.993537
20475.411463
20197.697853
19990.775658
19812.937680
19339.951453
19118.853907
18958.485598
18873.862532
18672.240441
18468.476043
18212.157226
18177.834541
18200.927122
18264.227617
18348.833410
18550.313163
18288.130741
18468.990934
18232.763227
18516.397077
18538.218428
18646.843049
19121.564793
19301.328050
19177.863766
19197.336744
19780.674543
19571.454140
19946.594607
20126.949018
20438.615101
20751.356540
20714.265869
20809.266856
20553.455790
20095.676400
19618.849646
19540.918964
19128.902352
19207.202063
19400.100797
19428.176869
19468.009022
19400.753030
19568.057124
19613.558658
19199.118791
18957.373271
18640.576116
18445.594804
18237.263306
18584.090977
18570.624340
19123.091515
19090.737982
18808.684872
18522.534762
18099.442617
17854.408723
18036.713597
18385.580975
18559.408897
18930.298202
19446.628520
19741.553169
19960.704111
19882.225326
20258.589844
20297.508507
20252.024784
20058.706289
20046.130252
19740.418699
19057.269648
19063.666975
18929.477724
18848.960714
18649.457517
19204.325663
18564.619150
18634.374203
19013.724348
19082.110988
18411.812096
18615.673994
18457.248186
18079.811058
18065.804701
18109.408317
17859.676038
18050.607823
18061.483412
18164.875715
18232.401980
17761.607016
17258.668988
16740.096565
16319.532738
15859.834084
16055.054124
16022.185908
16126.681926
15957.339498
16350.046815
16269.339970
16005.191977
16035.381815
16486.460714
16243.784602
16421.448117
17089.268431
17685.827069
17380.207743
17382.640614
17497.356201
17304.572109
16951.056419
17242.331363
17990.477388
17971.071742
17999.357476
17797.519406
17468.558952
16750.758621
16783.213463
16681.289993
17138.609382
17355.104020
17537.131158
17585.037453
17914.687759
18148.826813
18189.047510
18548.954942
18514.310537
18451.037849
18093.637475
17989.953094
17805.606947
17940.012626
17755.684308
17694.843717
17843.265587
17767.348392
17591.541982
17387.526213
17025.354632
16682.071338
16322.339494
15958.244564
15641.074673
15706.392564
16481.548393
16876.625165
17607.328833
18054.163838
18188.907467
17720.894391
17729.823257
17458.590263
18098.539735
18738.170248
18740.571792
19109.110711
19365.047110
18844.492536
18853.367372
19471.097242
19675.197697
19924.636722
20173.894073
19976.608654
19802.718302
19551.088288
19401.233653
19880.851212
20191.281582
20517.046740
20785.951460
20938.367595
20478.274857
20209.565234
20176.674763
19591.000269
19368.008373
19137.840334
18575.975648
17810.085751
17519.460000
17166.098519
17495.886055
18003.018943
18137.216279
18343.158455
18436.502927
18364.707249
17857.327758
17608.303363
17473.747107
17469.279164
17530.209672
17887.818201
17737.838707
18045.512163
17937.270434
17913.539356
17858.987222
17971.911216
17611.898799
17536.002979
17273.508102
17256.378030
17791.956720
18368.840335
18609.614258
18939.250472
18887.132060
18734.381482
18487.032639
18237.737141
17374.617999
16949.802323
16662.859937
16307.271195
16062.377477
16296.376306
16363.853123
16313.970125
16687.118700
17498.138200
17468.118188
17424.776666
17960.479291
17860.314006
17420.238370
17500.742306
17895.172474
17493.569091
17413.395574
17925.131450
18150.659467
17983.339307
18091.752644
18343.361135
17851.084290
17770.568522
17527.894363
17276.485345
17237.404228
17070.224137
16968.420656
17369.892270
17752.719375
17514.317584
17720.126627
18101.570111
18414.043677
18252.115262
18301.887121
18083.046236
17579.965503
17022.576630
16784.991459
16489.667158
16418.668272
16401.316897
16466.177241
16564.798117
16729.623584
17016.030655
17152.680838
17451.690662
17733.873782
18102.340045
17870.433832
18141.553862
18028.672782
18218.995798
18316.837696
18626.687554
18971.701230
18698.356279
18447.111181
18019.754028
18048.154474
17692.276670
17716.079682
17506.908424
17428.970860
17114.543044
16680.842954
16615.515918
16486.460697
16369.161928
15985.621006
15671.096352
15612.490163
15821.575443
16268.089897
16762.900332
17042.650141
17522.108269
17348.214819
17185.260276
17484.619052
17755.684308
17473.747107
17515.906760
17236.441380
16618.309737
16275.599023
16347.014166
16265.559631
16427.507185
16713.900682
17130.406991
16830.626951
16725.390158
16399.985998
16768.546502
16573.739037
16846.573074
17443.437568
18226.338888
18107.047384
18592.868999
18828.979511
18537.955160
18316.837659
18442.591361
18509.621416
18644.208512
19271.491242
20019.823374
20012.927818
20182.376776
19984.858523
19660.842843
19079.524248
19121.042876
19101.437368
19702.086424
19678.467938
19522.184750
19385.667935
19082.232945
18975.567895
18795.007657
18964.161118
18961.900899
18944.408466
18501.920883
18163.869797
17767.199280
17705.994912
17205.323434
17142.502448
17560.634020
17408.771215
17187.583343
17263.459767
17005.417425
16730.265224
17001.687304
16910.728433
16849.885672
16747.623228
16439.919552
16285.908257
16429.110392
16355.615792
16574.724657
16936.415978
16855.869212
16728.240812
16840.748316
16630.899682
16456.678884
16426.341733
16515.267879
16753.703055
16870.699228
17115.220273
17366.712871
17397.317725
17158.655924
17108.843710
16558.927863
16101.327394
15782.589543
15387.944279
15208.488367
15510.902110
15998.852450
16493.554028
17059.642115
17488.834869
17691.049535
17786.167002
17372.013184
17400.143843
17205.168794
17285.106780
17621.225471
17794.660056
17742.426772
17792.477047
17404.807741
16574.431666
16728.240772
17120.502674
17552.379155
18280.542803
18768.721203
18848.729045
18645.037835
18374.048504
17927.404836
17758.338168
17699.803554
17619.447212
17341.821925
17532.250073
17495.531172
17308.945778
17100.648226
16803.664122
16441.987371
16567.572704
16513.358005
16729.929535
17437.111505
17399.489072
17085.168074
17301.807112
17204.487261
16989.904636
17104.909702
17174.103307
17035.318059
17000.907347
17510.284455
17663.189388
17856.214826
17914.687759
17717.239828
17008.106825
16575.726231
16042.032766
16068.141822
15959.656141
15853.527870
16109.896418
16881.616654
16606.351622
16807.907424
16829.854070
16930.750743
16614.206240
16921.890183
16865.650151
16362.763968
15906.730395
15382.213286
14987.224906
15064.805106
15703.067701
16059.769373
16369.979638
16769.068445
16695.498059
16695.498059
16878.641323
17227.767418
17522.876814
17691.964471
18001.961285
18434.139261
18731.506254
18581.942573
18848.620976
18811.502687
18405.315387
18266.469789
18422.378735
18160.357332
18206.031689
18428.990165
18956.195676
19105.362683
19643.631846
19730.322935
19725.596723
19421.756149
19271.949012
18944.559574
18905.753960
19096.214297
19120.001156
19386.701758
19373.735029
19219.745205
19236.077571
19192.763766
18795.769900
18674.409000
18771.846944
18083.614020
17454.654564
17322.454600
17209.564633
16845.346222
16859.344877
17035.036739
16861.485230
16687.711643
16368.984133
16368.984133
16551.432336
16451.196263
16271.882496
16742.058347
16615.251138
16251.228109
16257.324579
16383.191562
16261.422085
16583.664819
16932.525536
17050.245268
17184.382053
17412.299114
17447.503115
17408.468929
17514.753684
17718.778898
17699.160723
17560.407212
17425.908022
17469.133836
17456.240965
17558.353043
17750.774295
17828.869823
17457.998697
17067.774171
16952.460810
16673.139062
16564.654260
16948.794632
17148.324384
17313.215644
17554.823912
17329.462105
17225.210609
17322.961380
17010.535486
16820.380145
17516.291310
17718.357875
17783.312431
17574.942789
17502.184818
17281.097827
17278.901231
17159.467572
17372.013203
17590.716729
18000.421624
18089.311919
18303.830022
18499.219835
18645.037835
18389.145274
18016.035730
17801.216849
17812.327671
17636.097834
17219.708925
17512.222573
17527.425454
17451.330654
17656.073953
18133.164179
18094.225851
18321.800391
18491.211226
18516.565320
18128.504935
18109.205621
17738.266128
17315.140782
16805.132726
16692.702415
16239.319659
16165.671214
16061.651567
15939.245228
15631.525359
15915.303019
16203.966811
16256.208334
16662.504636
16879.410864
16927.228849
16838.351015
16935.953238
16665.787288
16851.987738
16641.593470
16921.327196
16893.225787
16930.875659
16640.378035
16618.666236
16000.275505
16031.169374
16148.232556
16243.906458
16668.704608
16889.998696
16920.407184
17073.069796
17031.905055
16535.400387
16311.888931
16467.713688
16294.224429
16203.208343
16441.987371
16901.515542
16944.808085
16857.979194
17137.372636
17222.401498
17022.807060
17100.829342
17276.843637
16995.077460
16688.991693
16912.714918
17149.149373
17623.622973
17877.341928
18805.881645
19029.335691
18894.634117
18716.116183
19060.767803
18609.766471
18948.202342
19570.409397
19948.527226
19981.373784
20406.118822
20043.916298
19577.772602
19169.083023
19303.678425
18954.253264
18854.499439
18357.816232
18031.562572
17586.832012
17714.615095
17643.299543
17675.618058
17461.951802
17511.648443
17212.620924
16930.624512
17054.118308
17155.039463
16951.343905
16840.575055
17174.551933
16964.217222
16914.829790
17142.739805
17122.953476
16728.567438
16190.672300
15768.373290
15158.385627
14789.111885
14863.617879
14995.292302
14943.588252
15063.494005
14935.140852
14694.438383
14737.524350
15064.216537
14660.905679
14548.072242
14971.309095
15029.477798
15048.106084
15532.018229
15553.718742
15265.622842
15388.747180
15288.216404
15135.990432
15500.695420
15377.051107
15563.129086
15913.711953
16076.369159
16152.077336
16401.639213
16035.094719
16020.903408
15966.456642
16159.950926
16508.761202
16385.061865
16065.778339
16332.108659
16026.538204
15655.833116
16373.571839
16888.421774
17261.094476
17447.831192
17846.641681
17898.801977
17670.843071
17115.716194
16746.873752
16348.154483
16272.352864
16401.482554
16334.253636
16765.642801
16869.578486
16791.691468
16655.276069
16679.388924
16850.561235
16946.022209
16913.468103
17153.145402
17191.905809
17107.673035
16990.573271
17127.260438
16800.372265
16893.679252
16249.785285
15811.228652
15326.299153
15053.726423
14617.544776
14741.147886
14934.416216
14946.740570
15003.459460
15142.272313
15643.071699
15732.105546
15797.097123
15658.663938
15628.040273
15003.600543
14563.771882
14147.148088
14311.380444
14456.851819
14647.313460
14764.218963
15100.522903
15584.626194
15682.482299
15775.313026
15758.109393
15516.997659
15017.059701
14778.238653
14609.090936
15327.271451
16190.541258
16846.022821
17101.865286
17062.555782
16507.759636
15967.320557
15481.561382
15730.744498
16251.360306
16463.907063
16652.484664
16576.967239
16204.092753
15922.525903
15696.636012
15659.563771
16216.390501
16648.287554
17261.886096
17741.341861
17862.984176
17679.494310
17434.578696
17046.154412
17031.001428
17132.843959
17038.912051
17329.619300
17533.519058
17869.836138
17949.891233
18541.863284
18448.424582
18492.126660
18578.978020
18728.506378
18181.024865
18094.360443
17862.298795
17398.065922
16968.590170
16684.843758
16460.910090
16278.838057
15992.662021
16077.027872
16526.096584
16599.679790
16289.630898
16402.205582
16024.878597
15810.949389
16034.647778
16619.972934
16418.515726
16589.713476
16537.863702
16201.828494
15978.316682
15926.411817
16045.686406
16428.608033
16309.392084
16552.445061
17207.010255
17183.341049
16800.221082
16750.602473
16251.753570
15861.539580
15763.531769
15472.527156
15739.238498
16146.864862
16461.235555
16663.049053
16953.849240
17305.598667
17323.127469
17025.908933
17071.266744
17489.489030
17236.054896
17029.877040
17454.990509
17723.972673
17653.474669
18072.026296
18160.961413
17768.476695
17621.027447
17419.065381
16746.484385
16859.344859
16928.929638
16651.226475
16613.636653
17049.579360
17279.664422
16980.155532
16728.567418
16726.335610
16914.664479
16880.117649
17407.187726
17899.474865
17869.121057
17649.680497
17276.726609
16836.511794
16792.954310
16973.991029
17023.784886
17657.018721
18277.495067
18368.667657
17877.503510
17886.243375
17439.416330
16947.103630
16520.034849
17191.649819
17094.191088
16859.982297
16899.258389
17439.057722
16856.245155
16390.330670
16810.976785
16633.199272
16082.382776
16032.833287
16006.758820
15414.960572
15926.542938
16375.572312
16991.009350
17431.217230
17795.541677
17680.663608
17403.278362
16804.062566
16383.191562
15910.548693
15277.421358
15008.149190
14676.537396
14440.848156
14312.100501
14182.851791
13861.400826
13711.179989
13917.213023
14351.096031
14721.755318
15366.641654
16721.757653
16958.014007
16465.720835
16176.968891
15654.789029
14296.279293
13856.632962
13806.300100
14023.285530
13917.209742
14175.477353
14411.843418
14754.395299
15008.149168
15385.327641
15291.799291
15244.274370
14940.901093
14530.905265
14389.176983
14363.689721
14330.538926
14507.152172
14564.708810
14643.861145
14885.475542
15327.671664
15835.398680
16325.435451
16889.348208
17542.823259
17501.402093
17685.706584
18032.557366
18329.805413
18339.283470
18857.733394
19180.623543
19575.402347
19582.060485
19584.167187
19538.733732
19499.495174
19198.155039
18811.866838
18894.454109
18662.131004
18349.865065
17918.787227
17970.523710
17702.656475
17915.091176
17908.503205
17923.961982
17635.615927
17381.510822
16991.168867
16603.060338
16544.695151
16757.200282
16648.986799
16314.705842
16433.992979
16280.209847
16423.353372
16371.766232
16575.578414
16456.440683
16662.331465
16221.761895
15973.483606
15723.077266
15400.651710
14946.774754
14490.159626
14442.273006
14576.995738
14745.832311
15078.256234
15357.423832
15527.019704
15863.178879
16277.305739
16116.867309
16155.820136
16423.719327
16514.947226
16638.467682
17066.043665
17699.160743
17952.839571
17800.906884
17911.348436
17668.607759
17386.645745
17257.744046
17350.507989
17339.818507
17394.139568
17259.727389
17409.826160
17557.706349
17522.876795
17260.282764
17709.471918
17845.496780
18075.590640
18123.001083
18650.112439
18669.746592
18956.559125
19181.645419
19067.000389
18986.648001
19244.664742
19498.377757
19069.150004
19173.211492
19223.257676
18741.540792
17994.486048
17935.877943
17727.569780
17691.049535
17738.583896
17724.582071
17544.388741
17548.796991
17516.093480
17566.367424
17411.108495
17653.863541
17695.036780
17602.154568
17274.428247
17436.589449
16950.913313
16818.540344
16428.061918
16391.185407
16313.502898
16227.088420
15745.163517
15710.944055
15680.349082
15671.096352
15948.683545
16031.314040
15760.070629
16037.559595
16258.082913
16214.896163
16457.698888
16913.309429
16622.786374
16359.341583
16500.627224
16676.280107
16815.262809
16582.613760
16451.060092
15794.515914
15384.107664
14920.079176
14970.808739
14899.896770
15270.556854
15496.195326
16064.239482
16450.313083
16699.363397
16952.721668
16886.106330
16851.018948
17001.077948
17031.382513
17129.147103
17844.800585
17885.952924
17567.211744
17522.576812
17526.594954
16900.147909
16843.788565
17155.875066
16915.958777
16432.672374
16719.013613
16942.291319
17551.743515
18557.237959
19407.432897
19906.228824
20131.773888
19910.405557
19678.002441
19541.324745
19625.773468
19281.352520
19122.752613
19336.801975
19490.631870
18983.077050
18887.599005
18898.534999
18628.212173
18593.381674
18699.705263
19270.523922
19059.984256
18942.579007
18653.909713
18178.767063
17834.210729
17669.155988
17112.611315
17290.298230
17878.007624
17641.809909
17585.450395
17987.095913
17562.246253
17143.199021
17212.912168
17175.810466
16912.859957
17097.267974
16773.996215
16548.432079
16248.938440
16127.078653
15740.821025
16012.130524
15751.800449
15515.598489
15395.852025
15274.026669
14985.926388
15137.374236
15523.665181
15923.005394
16443.535284
16946.538667
17516.926336
17874.923515
17996.906704
17886.390800
18012.221627
18133.560910
18283.358402
18278.620178
18300.452972
18156.972991
18107.260824
18493.016850
18702.476637
19333.447683
19880.296028
19760.978620
19259.693320
19078.870445
18775.274977
18337.117949
18447.689098
18545.315505
18310.437316
18525.175278
18863.528134
19244.985695
19086.780196
19394.666536
19307.630284
19303.678405
18963.024423
19186.469220
19355.511058
19279.776230
19016.918553
18960.827126
18991.302794
18345.084667
17750.774273
17351.637203
17195.992636
16722.840314
17098.619156
17359.239446
17370.066182
17289.659199
17417.670655
17400.973081
17704.660168
17730.809811
17776.000942
17435.879393
17106.916380
16614.696210
16525.981283
16404.170416
16553.827128
16455.689565
16485.762253
16383.451102
15950.054775
15974.036980
16182.350954
16143.769765
16256.658720
16323.493708
16037.559595
15976.237742
15948.301856
16024.066304
16143.549049
16527.145524
16423.905086
16632.209560
16636.315042
16840.243059
17061.690871
17353.006467
17073.069796
16877.856666
16465.877001
16171.062870
16380.065675
16774.874623
17173.808874
17848.233457
18286.320775
18295.830193
18484.603445
18612.582031
18647.164547
18768.721186
18646.523771
18704.969657
18874.043847
18973.904125
19058.607659
19829.093638
20299.719361
20247.782785
19857.514590
19764.029689
19510.222390
19165.455369
19148.098704
19338.944135
19156.656716
18766.800420
18690.972287
18957.683441
19133.452227
19306.688128
19529.824362
19477.892377
19053.048297
19068.025674
18957.528514
18677.811593
18114.266180
17879.741925
17515.277117
17131.393084
16755.418878
17000.907347
17154.475071
17111.229045
16913.800781
17139.268812
17226.046115
16833.940039
16426.013756
16816.183879
17018.477303
16549.693840
16530.403789
17103.012755
16998.921798
16900.317149
17405.455477
18012.713025
18038.590587
17915.091193
17999.808126
17735.152454
17995.511234
18246.942040
18886.830603
19048.931002
19487.084738
19105.084480
19044.695760
18628.018348
18451.773044
18228.206790
17983.166642
17892.390845
18367.466506
18383.668463
18190.505169
18502.954753
18739.578494
18481.223581
18598.950557
19132.818360
19243.119604
19193.089123
19323.120442
19537.270580
19231.330712
19150.940927
18942.926274
19142.155751
18827.462474
18870.711310
19345.807901
19608.283698
19278.569153
19276.336601
19421.472715
19113.744170
18948.838567
18677.610177
18388.791017
18215.473871
17419.378995
16800.876122
16707.705556
16571.586552
16384.831001
16677.881298
16966.393351
16675.733005
16764.848422
16819.328151
16916.536738
16532.963472
16671.585549
16880.775648
16861.299410
16776.840750
16824.368130
16848.241625
16874.178980
16876.489187
16668.054277
17182.305810
17641.982728
17136.725872
16741.905880
17022.187109
16995.682480
16752.969758
16877.333518
17374.015648
17690.893820
17508.645647
17495.712984
17838.557530
18031.713453
17836.342687
17853.574402
17784.124004
17908.691547
17620.412420
17563.714575
17926.189183
18735.109934
18859.771079
18798.781582
18965.977527
18714.299630
18022.537649
18158.881652
18785.551601
18789.580345
18683.591995
19158.603145
19210.351441
19216.794385
19375.014075
19863.226007
19607.048007
19280.743810
19330.386379
19603.756166
19820.509989
20176.403274
20627.227731
20751.113598
20605.526463
20117.708996
19928.804924
20009.100030
19805.081070
20015.405101
20516.160655
20867.772539
20813.557124
20709.657745
20418.740037
20221.635356
20095.841660
19844.591836
19800.937334
19508.424437
19451.757312
18892.380456
18657.614122
18546.878058
18598.950557
17880.907357
17911.205926
17944.131380
17824.921615
17781.637503
17887.655924
17503.991221
17365.740521
17359.080933
16929.720203
17131.116325
17662.712415
17679.049679
17741.817652
17798.280279
18060.529911
17869.966172
17916.634960
17738.950886
18105.463454
17736.972722
17450.433972
17112.233556
17120.644328
16849.885654
16843.438167
17086.253788
17248.275583
17280.967365
17742.576404
18321.800373
18573.300739
18592.360518
18932.557598
18527.247255
17891.897300
17544.529051
17838.361490
17567.367876
17923.036151
18111.559649
18399.838252
18357.646005
18600.582840
18531.323751
18585.495592
18899.751338
19005.895767
18771.248701
18593.381674
18550.194076
18233.743802
18381.824037
18251.589438
18464.027958
18839.389608
18780.702213
18527.092200
18622.065667
18600.582819
18134.145569
18032.416331
18084.064721
18138.387608
18058.152359
18051.527424
18381.479420
18369.510030
18599.468321
18419.426855
18408.717367
17983.166642
18063.571362
17881.090932
18069.802917
18065.541985
18132.900507
17961.274657
17416.767755
16954.553286
16666.574933
16599.372958
16267.777736
16725.783133
16734.000989
17206.837909
17341.461319
17973.472811
17746.030094
18216.630852
18291.952906
18190.225066
17607.704970
17420.987017
17373.409309
17609.846101
17711.801198
17869.528044
17975.436404
17960.479333
17114.543085
16787.143175
16949.415982
17202.794114
17267.879808
17734.295992
17788.520651
17807.151452
17948.526147
17510.137217
17173.957141
17182.721221
17076.857748
16595.334256
16946.719963
17070.224154
17586.691524
17713.504833
18016.909061
18097.424882
18240.404981
18064.963730
17848.628861
18200.005692
18876.846508
19382.136603
19702.889267
20104.756687
20269.914200
19887.963541
19983.351717
20252.172703
20186.027150
20303.447195
20273.204822
20222.953217
20132.240428
19960.704128
19362.060708
19460.039089
19455.404680
19113.038709
18929.477724
19191.924084
19172.572153
19165.754945
19304.629814
19607.645552
19989.477541
20065.216973
20004.592257
20082.301427
20348.188384
19597.899952
18968.663329
18773.775773
18326.959844
17788.824522
17979.694947
18077.148854
17821.331060
17587.097213
17354.667783
16894.491048
16560.569449
16727.903072
17263.459767
17709.903055
18215.473871
18640.262763
18410.492329
18290.908950
18389.876761
18550.194090
18654.216914
19183.467474
19339.489011
19640.618532
19371.395104
19228.511021
19050.493273
19251.946201
18824.719431
18787.881544
18882.971523
18666.613448
18134.692371
17805.914763
17814.640030
17975.098590
17944.532316
18085.944948
18410.182331
18548.954942
18570.944373
18936.917758
19114.824130
19131.472335
19239.957848
18986.047565
18639.167191
17940.496912
17621.225471
17525.560372
17597.163371
17710.039598
18377.958367
19094.624776
19291.868331
19651.932667
20124.649098
20190.439561
19722.512054
19891.230988
19976.142795
19685.413471
19674.629878
20200.700627
19946.916749
19172.963711
18684.711386
18277.177566
17426.501305
17001.687304
16992.845890
17075.524987
17088.191574
17504.189472
17315.288697
17480.355930
17753.616893
17812.327693
17640.735991
17968.158012
18111.307163
18189.447614
18380.280196
18387.246374
18667.267821
18300.610244
17771.013624
17437.285693
17383.475052
16921.158921
17120.644345
17491.716300
17810.484401
17514.617933
17224.031741
17113.339140
16733.505772
16319.532738
16547.579572
16822.789867
17130.844146
17011.523846
16970.158629
16793.845819
16748.667969
16618.493497
17106.357913
17418.897298
17740.698836
18143.847637
18148.382142
17996.444741
18109.408292
18076.237719
17705.262376
17436.589449
17505.973956
17160.876663
17118.970206
17079.915856
17300.952990
17179.587004
17589.449297
17702.304897
17986.672311
18456.985980
18704.329130
18431.009013
18369.819625
18307.042696
18141.999101
18348.344338
18658.447978
18587.826979
18370.717067
18110.893717
18151.988814
18225.512937
18815.266166
19032.040906
19082.232945
19399.053492
18893.499336
18724.350552
18683.186838
18763.520645
18433.407453
18709.193063
18497.603374
18886.008781
19209.187367
19163.469086
19454.421032
19517.308667
19042.484665
18387.688461
18053.706743
17450.576192
17194.706128
17252.871950
17188.079299
17127.412634
17224.902494
17220.204468
17417.670683
17467.662811
17306.922603
17396.286832
17536.866021
17385.126144
17515.142720
17636.709646
17497.652052
17340.364600
17242.753918
17308.085319
17882.581162
17665.730099
17447.346607
17707.631710
17713.968375
17052.504695
17497.071281
18042.395597
17794.954426
17714.615074
18042.395619
17875.236294
17532.250073
17857.481633
18130.660056
17742.426772
17905.252065
17900.667043
17792.127347
17683.570741
17933.083711
18015.520588
17923.961982
17609.372853
17205.918739
16839.459728
16427.328410
16486.183869
16522.794742
16456.080014
16566.224202
16575.147079
16612.649242
17121.914196
17601.775801
17853.029942
18052.816701
18532.048256
18009.545861
18052.816701
18523.173990
18577.511650
18535.192634
18728.349925
18515.613808
18099.303137
18348.833392
17977.748272
18090.246380
18480.581016
18446.123179
18317.842328
18383.668483
18058.455155
17761.413218
17225.532504
16592.454551
16158.088025
16311.753228
16072.957970
16489.209809
16697.800782
16719.013613
16428.247282
16549.514818
16323.881541
15873.005247
15910.733115
15966.774678
15674.431520
15433.608333
15702.792438
15665.019523
15632.233225
15762.323420
15888.074794
15862.395579
15665.019501
15213.644029
14654.526601
14398.537154
14292.152989
14099.558339
14463.889010
14927.643714
15229.427775
15732.384665
16173.948522
16727.385080
16870.112118
16963.575098
16555.816840
16224.623973
15717.438146
15784.409147
15959.775765
16194.118054
16285.714245
16420.438202
16322.588574
16068.706025
15880.305582
15744.225851
15344.634932
14971.690396
15041.385049
15190.755541
15500.943080
15950.232020
16322.855448
16466.177241
16750.453586
16839.614042
17006.550874
17067.425977
16948.153766
16727.037590
17189.674965
18000.758918
18330.529363
19031.094631
19251.946201
19496.420072
19305.710142
19548.660229
19338.421017
19086.634433
18642.513142
18377.958367
18579.953215
18625.290897
19191.359873
19670.436139
19436.290151
19152.165732
19340.684702
18961.352610
18592.625064
18416.876792
18338.897309
17985.650169
17807.339752
17690.239089
17401.331374
16707.336937
16169.912377
16308.357440
16435.277975
16623.958496
17161.499181
17847.030656
17836.342687
17575.425223
17349.913578
17024.548446
16170.390795
15510.902131
15210.086386
15190.501864
14804.154661
14943.069803
15316.177910
15419.761366
15684.431174
15747.485526
15853.527870
15864.196147
15803.326621
15781.708007
15835.949051
15985.621006
16043.998673
16302.340159
16113.803498
16172.336751
15996.862731
16005.528503
15894.976915
16092.063862
16196.556980
16421.942678
16148.535210
15810.576771
15484.962806
15686.908824
15578.702271
15740.821042
16076.891745
16135.401392
15805.570427
15666.677128
15751.691795
15812.370583
16014.519035
16014.519035
15955.697894
15866.985714
15815.161519
15637.332660
15509.367278
15552.842557
15854.089557
15722.627254
15655.530552
15779.295957
15959.166892
15937.271317
16101.774379
16318.816120
16351.238593
16153.588627
16091.419110
16189.930972
16185.809931
16189.930972
16182.703804
15903.119380
15501.182597
15265.560067
15224.214888
15354.523167
15645.165863
15705.910934
15838.501967
15775.044923
15608.680138
15381.085351
15591.901997
15579.134947
15683.182047
15596.486568
15433.766803
15273.939341
15371.004739
15436.360400
15646.839497
15907.089459
15864.618239
15422.464125
15075.874814
15120.718190
14966.841839
14971.590082
15398.924541
15735.248720
15786.870509
16175.420391
16471.631753
16601.505441
16933.055106
17013.678802
17182.866342
17396.916837
17858.454733
18079.689835
18025.674912
17385.782432
17052.201448
16553.335505
15801.040583
15906.963256
16072.071449
15853.375519
15695.123698
16558.296940
16725.390133
16623.286441
17053.159815
17170.301648
16816.663465
16693.226132
16955.651448
16734.618082
17068.904088
17595.783210
18224.612433
18639.167170
18787.209921
18652.641357
18515.768135
17724.377333
17303.684734
17479.844283
17453.813495
17032.925634
17349.621436
17657.272198
17676.358087
17667.950566
17654.586853
17192.301892
17108.272209
17004.861990
16957.265063
17041.829679
17457.998675
17282.257784
17118.031935
17202.402042
17046.299087
16634.475287
16499.972823
16335.742198
16279.028405
16350.624125
17242.042967
17820.975691
18135.844414
18070.595830
18428.556384
17524.148707
16845.527691
16636.147368
16371.766253
16113.593344
16191.407964
16300.050114
15900.696315
15707.509862
15115.965505
14928.786178
14926.857313
15158.932466
15337.110585
15461.454105
15666.677128
15571.580217
15554.969919
15542.537328
15624.785986
15722.326319
15906.616856
16040.453095
16418.040594
16452.053786
16656.121350
16558.772212
16441.616328
16187.525513
16586.766727
16757.983905
17159.142364
17668.867957
18345.538419
18165.588474
17521.755809
17296.100239
17032.739571
16356.444398
16343.302550
16878.838578
16848.489467
16615.653470
16752.633902
16609.300347
16370.840791
16761.400468
17118.429292
17152.990490
17610.546460
17747.191710
17673.764713
17918.083892
17991.635287
17989.411808
18195.452214
18379.842047
18281.134778
18285.490973
18178.940528
18114.446558
17975.266307
18163.325525
18017.646514
18006.848069
17805.456452
17545.028305
17157.662321
17314.025911
17305.024000
17116.220209
16947.103630
16996.313330
16350.336218
15678.080322
15445.864224
15191.731840
14694.266673
14849.660502
14690.074438
14622.835028
15025.636738
15244.479206
15506.987310
16125.102769
16015.877006
15428.805959
15781.204847
15794.408516
15615.988267
16414.407676
16798.410492
16535.186155
16316.079173
16259.308646
15613.328070
15340.416841
15058.428661
15047.328619
15025.567799
15350.433884
16161.515408
16512.246153
16859.194416
17327.651565
17481.614272
17026.082941
16913.309448
16711.804782
16633.799609
16516.311561
16529.415663
16553.043942
16589.900638
16305.930481
15965.533287
15993.448272
16352.845501
16563.474159
17094.497574
18211.484378
18742.808930
18515.012232
18625.563409
18747.246417
18458.435047
18582.306798
19505.408666
19924.331700
19646.509702
19447.049076
19169.497610
18638.598811
17894.347635
17716.637025
17701.594834
17942.332610
18007.644933
18400.301050
18443.974434
18118.680337
17817.008324
17612.747899
17549.645704
17370.066203
17346.063875
16983.818644
16854.690391
16681.146044
16611.838415
17050.036675
17077.882556
16829.297906
16620.755053
16594.757680
16165.475187
15937.415708
15780.357671
15717.551218
15764.503512
15552.520509
15582.774852
15838.998978
16025.394504
16172.748562
16294.385823
16210.121811
16247.288005
16257.916343
16290.584451
16696.455930
17067.264359
17214.901664
17627.271466
18132.764197
18069.666591
18347.301973
18748.962928
18629.643847
18176.968456
18050.607803
17434.877236
16567.946054
16368.212619
16105.714029
15945.368777
16218.876755
16695.690002
17142.502448
17226.788565
17435.192394
17725.823979
18254.545196
18332.465000
18894.270484
19032.770579
19466.943343
19375.014075
19108.561644
18704.969640
18648.615969
18069.529802
17606.667008
17903.790451
18508.931658
18263.775598
18556.479294
18807.994032
18541.305174
18391.397703
18938.044238
19077.027589
18902.929281
18701.439080
18608.131694
18243.643952
18042.213025
18218.179587
18276.875353
17949.456386
17743.065792
17092.865005
16498.273019
16548.156798
16257.324579
15958.430108
15984.115019
15998.339787
15703.451550
15839.919577
16139.427502
16473.116880
16397.949827
16302.593701
16339.475255
16280.903176
16133.678038
16098.158030
15863.920236
15794.713700
15679.677977
15462.911819
15717.010360
16111.503265
16137.602386
16429.893760
16950.769470
16760.189054
16788.497600
16823.170761
16901.334030
16719.145790
17301.617261
17581.443754
18206.346590
18266.735752
18145.555380
18161.803407
18016.488453
17348.703462
17350.507989
17981.788827
17869.339129
18267.939134
18868.961050
18528.421014
18443.774714
18471.933990
18133.560910
17246.810760
17595.783232
17992.676945
18368.667636
18210.367143
19003.976833
19466.479553
18960.654320
18551.646821
19040.127535
19226.070965
18649.457517
18506.343654
18480.430893
17955.663473
17380.725871
17534.706144
17682.190228
17506.126171
17833.541794
17330.371652
16840.243059
16322.093770
16338.553308
16205.760602
16598.899720
16852.424968
16724.541116
16834.630048
16659.183247
16537.735615
16305.930503
16392.373606
15903.438979
15645.755244
15565.655327
15596.282274
16267.932374
16256.515490
16668.373228
17002.368657
17204.293587
16479.737328
16554.962199
16398.806475
16084.103209
16097.370043
16656.743758
17103.451115
16786.776836
16691.327390
16511.365649
15834.710302
15329.235926
15327.271466
15425.034754
15370.566649
15425.034754
15704.331707
15960.019279
16296.544786
16983.961480
17537.000864
17619.277770
17435.032274
17265.852520
16775.811064
16870.903225
16791.159320
16851.776479
16903.958698
16899.801627
16283.831411
16241.244638
16479.872347
16510.234750
16742.213108
17054.717172
17259.307629
17397.900400
17274.239980
16868.691929
16363.689205
16168.673561
15862.712138
16200.867999
16580.476383
16940.575223
17013.315053
16948.368333
16750.923740
16473.116860
16692.367756
17101.179209
17051.452556
17120.502709
17339.642937
17699.803554
17319.246931
17629.117120
17726.670480
18032.557366
17963.156788
17707.171922
17709.471900
17468.558935
16722.537161
16165.382535
15993.592585
15718.064892
15516.300487
15885.324108
15755.268636
15804.663496
15771.789480
15659.106505
15321.011507
15214.246605
15090.672190
15133.444399
15065.907334
14831.639426
15109.358504
15316.021583
15123.313121
15170.994778
14941.300188
14570.219794
14929.179961
15303.084630
15777.651872
16530.208645
16944.459906
16512.246133
16731.073044
16579.466771
16479.603439
16371.230074
16470.102809
16181.422804
16404.876032
16756.129844
17274.428224
17582.098536
17365.740503
17029.254578
17046.440669
17380.376867
17443.908116
17318.115807
17638.933449
17506.740717
17101.350638
17030.804902
17831.161200
17880.907379
17757.252686
17937.460261
18132.621661
18156.151456
18000.105760
18013.053438
17611.898799
17668.357361
17369.124691
17563.881587
17848.233409
17971.911216
17737.176714
17689.533432
17542.126182
17548.370398
17771.353601
17682.190228
17571.807565
17615.262471
17424.423111
17244.067086
17507.280104
17663.623728
17624.479489
17826.476064
17850.210093
17549.217691
17729.466621
17887.494548
17772.696675
17618.799546
17456.607361
17270.222920
17276.608847
17536.866021
17703.872933
18028.084515
17637.570147
17358.062910
17130.406991
16739.948281
16563.793807
16537.608798
16557.155625
16402.945116
16802.264128
16929.338312
17423.687872
17688.191839
17893.979118
17566.895407
17585.653183
17433.974912
17060.904825
16579.261482
16293.048172
16172.890184
16103.668648
16094.843311
16424.681588
16931.857181
16927.570673
16952.993557
16834.210749
16992.453962
16819.135774
16779.189584
16818.123228
17071.703534
17002.368657
17351.419827
17586.691506
17681.874421
17803.696563
17992.188922
18217.703532
18266.878728
18568.132614
19104.319278
18898.201753
18121.826063
17863.570363
17496.790355
16943.768509
16846.168827
17143.080918
16859.042677
16471.005235
16514.283064
16126.237022
15744.366208
15788.733080
16049.512642
15663.151493
16231.172309
16556.536338
16686.188493
16898.501389
17158.655904
16950.623440
16906.786782
16651.060708
16475.224621
16295.289510
15965.730151
15879.012178
16170.390795
16137.892632
15983.648535
16211.801672
16258.788363
16059.328297
15794.816021
15821.117953
15253.015791
14890.690833
14784.572639
14695.306933
14821.767261
15313.864224
15606.752433
15792.304027
15902.715226
15803.057039
16119.686341
16111.363125
16359.927183
16706.986591
16450.929349
15791.922407
15203.688101
14694.373543
14295.623325
14459.679016
14843.567213
15717.959957
16025.717384
16240.254487
16587.461603
16426.985675
16058.388238
16169.053256
15973.918320
16055.938749
16487.354819
17053.526008
17152.363942
17488.600500
17354.172463
17111.022778
16885.739016
16786.962873
17153.301752
17353.006493
17478.827540
17706.214053
17957.791952
17461.306931
17990.300160
18218.019052
18423.999671
18694.347353
19106.071333
18971.895899
19420.973704
19215.092626
19160.887290
19744.029063
19772.200498
19999.681279
20459.889199
20318.915713
19915.563995
19785.442001
19006.789220
18648.966362
18557.237984
18307.903220
18331.840803
18752.646669
18628.775627
18840.194333
18848.841478
18324.157861
17653.863559
17109.630099
16592.770666
16358.346482
16382.505393
16538.289592
16876.893635
16942.657372
16853.906190
16860.158386
16478.697024
16378.825942
16632.580976
16901.515565
17200.729473
17745.412613
17543.582273
17228.555087
17187.415986
17176.382520
17187.415986
17413.020569
17682.895626
17576.764599
17442.358785
17273.130493
17316.371456
17615.111120
17818.888295
17691.049535
17686.314909
17606.351543
17030.608281
16980.972917
17084.964975
16961.537028
16718.597573
16939.323826
16767.866391
16726.863539
16696.455930
17023.616503
16720.819805
16380.237455
16178.353890
16447.401277
16204.336251
16338.553308
16770.053551
16924.074972
16820.052484
16778.849427
16997.033849
16905.817132
16927.929369
16732.649813
16700.069277
16542.410571
16533.952937
16607.955984
16629.669866
16811.493186
16757.693860
16456.321973
16345.552484
16243.784587
15967.919392
15958.900023
15854.387098
15971.750181
15969.522348
15923.881950
15848.965688
16406.268954
16425.841502
16588.296072
16634.154374
16600.968745
16343.078457
16134.635463
15818.090414
15818.090414
15620.997270
15341.284674
14867.668596
14553.956450
14466.773493
14234.398919
14030.355979
13926.430332
14047.881412
14184.187984
14675.384203
14963.939008
15094.253131
15326.554117
15382.811830
15016.356666
14993.905060
15150.669554
15280.828118
15395.852010
15823.062839
16247.928054
16467.037760
16571.420441
16363.518172
16581.398660
16590.453815
17192.812712
17614.191920
17813.592317
17721.918483
17960.648031
17485.501017
17060.732531
17294.587611
17372.168547
16843.247567
17038.270369
17070.520265
17213.789230
16981.616963
17356.220132
17291.264711
17612.406611
17534.210993
18034.799301
18385.938028
18399.238183
18201.379102
18453.654559
18648.432832
18739.578494
18713.437638
19133.991452
18986.648017
19144.177338
19239.826155
19853.395676
19820.661975
19768.746239
19021.765836
18099.719793
17245.426997
16395.545860
16078.330579
15965.832908
16061.151625
16048.624218
16228.209738
16121.968969
15853.950707
16346.271531
16383.191562
16825.395628
16630.899663
16914.664479
16608.981081
16754.127975
16172.890167
16238.202638
15939.601485
15521.065732
14970.887954
14788.247939
14824.423395
14627.243388
14213.492828
14395.485236
14507.974356
14300.042849
14814.666710
15298.797548
15404.941667
15515.456005
16124.893024
16028.144780
16162.244993
16375.376146
16501.087951
16143.429307
16176.035366
16245.613100
16577.137730
16616.123446
16913.468123
17169.666637
17243.191629
16655.428301
16668.536505
16729.329190
16611.990790
16351.578617
16770.267610
16965.435596
16547.078725
16185.472406
16384.215269
16532.150699
16601.320653
16783.580057
17018.617476
17003.164850
16541.323925
15955.697913
15645.755259
15817.620309
15945.242413
16324.532781
16615.251154
17094.497593
16880.775668
16876.625148
16904.552420
16686.075625
16336.541766
16677.221176
17035.036739
16655.276087
16618.666257
16822.407548
16293.913851
15447.771237
14964.038498
14784.415413
14777.737312
14725.459378
14925.783734
15374.960766
16094.508831
16105.392952
16112.493762
15795.763721
15585.536835
14729.395301
14156.151196
14295.462821
14490.372002
14474.694055
14874.687340
14971.493564
14795.211122
14537.952521
14147.148088
13771.724801
14138.207102
14255.721842
14286.242579
14420.596525
14572.118646
14030.345821
13896.661617
13952.636326
14085.257141
13816.000750
14317.161671
14371.027971
14570.373950
14748.534714
15145.128376
15327.397850
15451.938558
15688.316105
16035.381815
16247.654682
16282.803194
16430.432697
16563.112550
16450.188581
16593.295774
16704.121792
17303.069385
17398.418108
17355.104053
17545.956766
17862.768556
17820.318231
17815.953228
18156.306292
18178.063407
18208.417414
18191.862869
17847.030656
17643.503974
17478.640979
17287.671542
17022.456653
17347.689327
17332.234548
17260.584802
17321.593969
17109.929597
17224.902494
17129.727972
17062.198959
17073.069774
17618.307477
18193.073588
18273.323505
18715.723116
18553.002831
18153.458384
17409.493665
17774.355670
17526.594976
17134.378348
16896.953048
16688.408301
16049.380967
15821.367346
16311.497316
16386.545446
16833.710414
17438.352720
17820.162662
17390.388657
17366.990112
16705.732019
16209.447064
15575.504776
15081.283811
14674.925185
14646.794175
14419.438467
14588.611986
15225.508931
15794.515914
15838.091054
16165.382547
16397.053369
16058.883996
15680.507242
15853.950690
16075.536905
15717.656682
15825.920807
15875.109236
15903.119380
15790.888088
16053.153792
16128.549315
16345.297327
16225.990269
16223.514058
16330.115990
16477.351380
16463.566910
16966.565025
17380.549043
17762.479826
17792.844930
17872.929659
17855.477698
17783.718176
17696.954333
18143.615711
18432.623204
18684.200293
18766.800448
18825.404742
18907.647775
18769.127927
18055.404759
17469.749417
17040.729484
16396.548011
16396.548011
16444.185051
16311.888931
16331.273626
16685.520226
16339.475239
16534.756204
17022.807060
17320.054019
17178.966334
17432.786235
17653.723498
17907.576155
18013.769610
17922.830764
17563.150699
17506.740737
16884.162625
16405.307494
16172.890184
16361.011218
15970.497474
15730.145592
15410.403156
15472.236415
15081.610796
14936.241827
15265.914029
15613.158715
15444.808149
15824.854560
16072.071433
15722.627243
15529.844714
15397.108133
15232.867454
15193.804730
15408.545984
15436.473172
15532.018229
15541.998904
15370.402180
15254.825866
15258.015493
15625.896318
15551.059486
15711.697175
16212.731173
16559.403719
16728.725776
16784.991459
16771.947930
16492.705039
16427.154543
15980.607142
16259.647966
16615.515935
16821.669153
16828.571245
17344.409707
18044.558459
18315.777576
18725.382971
19133.452240
19328.627103
18839.786952
19202.190205
19399.586353
19516.319412
19824.465580
19810.258124
19211.447965
18741.049565
18455.005991
17995.123276
17964.410949
17374.617975
17387.526213
17170.658664
16650.350943
16511.735272
16871.521242
16368.359072
15683.182047
15861.161903
15682.482323
15571.722563
15771.294233
16397.949775
16261.067204
16505.802882
16570.933248
16700.868126
16742.058329
16753.126274
16727.385058
16618.830837
16454.351499
16712.134080
16998.273373
16909.225775
17325.376594
17624.663687
17611.718969
17848.035189
18198.427708
18269.795559
18436.850606
18638.598811
18605.657188
18753.837647
18543.416578
18419.860186
18406.698161
18274.599570
17686.970753
17242.613042
17069.242850
16553.043925
16234.406178
16680.684039
17556.891675
18311.473216
18793.224256
19185.443322
19436.674447
19378.297823
18454.691612
18599.787941
18801.354493
18825.061344
19122.159270
19740.056815
19508.248599
19360.605300
19087.885784
18771.248723
18797.461871
18626.010430
18450.323392
18173.140508
17813.284308
17177.819907
16637.622667
16486.044668
16732.649832
16313.811857
16244.607526
17062.198945
17344.236170
16698.119862
16873.792059
17040.927754
16234.204166
15631.220703
15953.040296
16356.618275
16399.792888
16722.840314
17423.488723
17597.163371
17302.212571
17165.772750
17042.159039
16350.336235
16486.460714
16473.284060
16380.237434
16449.776231
16718.746079
16225.228479
16339.850138
16608.981099
16771.686098
16982.391406
17087.664807
17681.874421
18009.775750
18016.035730
17887.818201
17711.801198
17097.992757
16586.481792
16536.578685
16642.589337
16687.118700
16357.629210
16229.526750
15841.172597
15516.088684
15621.994452
15717.551231
15734.671383
16127.208234
16140.167645
15975.505889
16066.843873
16379.209337
16528.588060
16931.857181
17472.642675
17719.870626
17763.047978
18127.546274
18463.684148
18560.075641
18774.754690
19206.455107
18935.387872
18269.424330
18419.715589
18860.028866
18831.916258
18946.917181
19534.387864
18978.209729
18628.403719
18650.112397
18491.995145
18324.794540
18815.935883
19015.537474
18657.797991
18989.401097
19245.142104
19095.031635
19016.603902
19194.523363
19055.703366
18826.112424
18896.681699
19091.725386
18996.376963
19003.017766
18848.729031
18632.872449
17968.983916
17656.652406
17101.521434
17112.423833
16769.250873
16548.156798
16685.329250
16663.049030
16368.064774
16466.606472
16412.553880
16189.335991
16317.212030
16666.412983
16631.329536
16706.817726
16581.005334
16487.694205
16123.596752
16198.927223
16300.452528
16296.376285
16294.224429
16198.927211
16151.844417
16459.870747
16802.511668
17112.611293
17314.415232
17469.133836
17059.642090
16868.563347
16721.221504
16762.473404
16900.986392
17041.995515
17438.706234
18032.849360
18150.052861
18354.505413
18469.530091
18146.540625
17807.898222
17944.396805
18146.916757
18493.377617
18346.038666
18088.017944
17784.271869
17375.687373
17187.065860
17104.766689
17169.666637
17366.845932
17501.086354
17275.461416
17635.615907
17615.843315
17817.347528
17636.709664
17385.126144
17057.323404
16680.349772
16459.041457
16426.179948
16755.651509
16894.322821
17035.463189
16857.767488
16876.625165
16527.145524
16214.896163
16199.699574
16319.165408
15856.230124
15756.140418
16274.829220
16517.548791
16476.308867
16713.900682
16868.048443
16967.569531
16594.598670
16525.608091
16466.322277
16212.846060
15902.442490
15761.710990
15462.470007
15445.864224
15639.069825
15504.507632
15966.180128
16200.465480
16172.336768
16053.153792
16230.814101
16137.892614
16187.525494
16283.976916
16619.972934
16244.785530
16165.059309
16171.236379
16429.423133
16362.559089
16789.500333
16882.613975
16698.455194
16707.705556
17189.313439
17488.718568
18121.992980
18982.903613
19248.522573
19183.257594
19281.148336
18762.811557
18461.141990
18414.043656
18455.524096
18515.922852
19054.161069
19646.090219
19923.387489
19493.987075
19385.264386
18943.088373
18899.454580
18876.206168
19157.897127
19335.837259
19669.761755
19595.931441
19640.845603
19738.319069
19862.129270
19833.500979
19705.685054
19837.295460
20052.210033
19468.497346
19076.238243
18861.172104
18187.542246
17788.204287
17686.063610
17768.658838
17386.819079
17142.623550
16734.618109
16413.962106
15841.047462
15314.191506
15387.215529
15467.208923
15467.208923
15272.277272
15666.573457
15429.269578
15199.652575
15275.592221
15732.983511
15453.159537
15496.024207
15526.172741
15640.921608
15801.365931
15927.037164
15894.523912
15885.762633
16198.511222
16319.532738
16670.730476
16854.249601
17136.229320
17220.498027
17066.818747
16882.135319
16701.185674
16705.732019
16621.174318
16721.024988
17176.192640
17317.126653
17126.684069
16831.134225
16974.460309
16636.147388
16462.533167
16664.360345
16887.581298
16468.904921
16306.452073
16816.043954
16991.691121
16714.238641
17100.266977
17173.957141
16964.801447
16784.809669
17042.989496
16741.435833
16767.528508
17042.484977
17118.429292
17146.724328
17439.235454
17692.908971
17533.370953
17513.962231
17426.840925
17160.110609
16702.528074
16643.840051
16489.511004
16418.515726
16251.488730
16019.533000
15901.802476
15786.637280
15515.858573
15297.390098
15094.983230
14646.585796
14648.073480
14780.885340
14919.659473
14910.950377
14877.612923
14568.168757
14437.129782
14396.355265
14958.940914
15334.955983
15533.772425
15195.223213
15153.495142
14952.941832
14573.872783
14351.000699
14591.811103
14474.660253
14064.538448
13909.566634
13811.850344
13562.438547
14005.300559
14993.581072
15778.721283
16116.867309
16589.713476
16199.257164
15414.820090
15158.330275
15839.131948
16032.167786
16700.069298
17136.229320
17389.632981
16737.040197
17027.565732
16966.899960
16958.181750
17190.738963
17514.147583
17273.130493
17147.686171
17498.511408
17214.251100
17385.782432
17398.784007
17910.658107
18147.274056
18868.445726
19141.416308
19165.455388
19013.534253
18747.068155
18298.034876
18087.686545
17992.357634
17944.396822
17812.499487
17525.560372
17130.980886
17150.577978
16983.544742
16838.351015
17136.605359
17483.614440
17468.413000
17286.359658
17446.865271
17202.216283
17416.984028
17646.690354
17571.067141
17330.219595
17257.744046
16607.024217
16368.212637
16298.937933
16350.921873
16245.182612
16364.579494
16373.085844
16526.995273
16301.214514
16167.839376
15833.704851
15501.276527
15062.049076
14976.784533
15188.729286
15689.127202
15988.452709
16455.546178
16476.485444
16284.119450
16210.579058
16546.710948
16726.688977
17190.566312
17169.517186
17047.660783
16687.711643
16165.475176
15575.238240
15603.339522
15755.534081
15623.142476
15898.990708
16015.198654
15898.668438
15948.108047
16032.651989
15915.303034
16126.237041
16193.894618
16283.184411
16595.194748
16905.164190
17367.148155
17914.819764
18391.689317
18406.890137
18604.376834
18589.095894
18563.361565
18715.307593
19131.984168
19339.636260
19461.381182
19477.736244
19048.299586
18733.871853
18143.847637
17857.636418
17937.646880
18139.221887
18093.947253
18152.331554
18093.947253
18183.103617
18183.103617
18194.042693
18053.013473
17994.272108
17698.475054
17134.598936
16865.470902
17184.209760
16953.849240
16789.849361
16948.368359
16859.344877
16789.849340
16995.834138
17115.716174
16877.178681
16790.402340
16485.039985
16495.424050
16145.070647
15761.710990
15495.623658
15633.374364
15436.110410
15840.273293
16501.732164
17130.844146
17002.661386
16920.407167
16276.638718
15943.005773
15530.556360
15647.514790
15718.867440
16036.477939
16112.341409
16253.432553
16210.267087
16203.544033
16715.342265
17429.139670
17704.510274
17951.795567
17806.414637
17526.785730
16913.155790
16464.394056
16021.727534
16043.328531
15670.336464
15579.022496
15880.305582
15906.500097
15995.085413
16176.035366
16219.962217
16230.268603
16679.388949
17329.922079
18065.405142
18477.604233
18713.774824
18351.642124
17933.083711
17514.884192
17595.079581
17365.588261
17835.927107
17809.711471
17520.911433
16943.943409
16993.833596
16653.495656
16406.135007
16500.145301
16480.299592
16138.040730
16285.170925
16680.172776
16903.362715
17130.980903
17497.356201
17655.894816
17382.640614
17147.849893
16779.020338
16729.032575
16587.931524
16553.335487
16170.553666
15977.095317
15695.437535
15582.656362
15530.556360
15558.847429
15706.239817
15578.702257
15433.137602
15328.696031
15554.216067
15596.214221
15350.284562
15144.427156
14793.211514
14379.810501
14019.534861
14604.858528
14685.492767
14863.617886
15047.003142
15330.166958
15452.070527
15582.415739
16081.352700
16435.862741
16414.260226
16457.353432
16516.025063
16622.463701
16686.188507
17381.954968
17206.213382
17544.529069
17726.670499
17578.818346
17162.049393
16830.389866
16420.786966
16292.834539
16313.657231
16272.744899
16641.261661
16825.395628
16730.092486
17009.736177
17174.551933
17467.662792
17812.499467
17556.436834
17438.881776
17972.404727
18189.447614
17814.086364
18063.763270
18246.798812
17784.595400
16843.788586
16284.119467
16034.805181
15303.923948
15078.532581
15312.733776
15709.544688
15826.473849
16073.088587
16112.341427
16110.545797
16361.912492
16385.535322
16376.292585
16285.004889
16142.060854
16070.518885
15775.175843
15721.756273
15450.733552
15454.574064
15105.634044
15322.431450
15810.949400
16095.021423
16368.359072
16862.889604
16635.217029
15826.770911
15659.679159
15269.990777
14538.420187
14401.625892
14376.416124
14064.356810
13658.406589
13912.028060
14302.708112
14932.767566
15530.680950
15997.204367
15923.249462
15734.671383
15232.049495
14843.508353
15006.122360
15400.880747
15533.335025
15674.431520
15864.774013
15622.286496
15353.952500
15179.765873
15553.278538
15800.958480
16342.852228
16967.400680
17453.230233
17577.577014
17581.921463
17482.346269
16913.973242
16797.132544
16804.062566
16916.536738
16964.401952
17328.960492
17079.535674
16781.024179
16624.672161
17045.693149
17496.790338
18134.145569
18545.523835
19117.800276
19040.268209
19042.052373
18766.800448
18731.506232
18659.680141
18670.704812
18762.029657
18930.774366
19006.380369
18553.002831
18084.431695
17730.968278
17566.367424
17333.522886
17203.436416
17173.164536
16537.608782
16437.927857
16134.635445
16082.796673
15926.542938
15976.237742
15846.547502
15543.389466
15354.735659
15328.327996
15322.197756
15370.080041
15602.503215
15712.954743
15997.204367
16332.912004
15823.552922
15783.722117
15655.680788
15429.708566
15202.495769
15566.750574
15805.886014
16246.753015
16769.250873
16688.791056
16472.216019
16300.452528
16309.392084
16296.376264
16665.314266
16569.605075
16527.145505
16555.485178
16360.134969
16312.510645
16839.614042
17133.278966
16892.658610
16434.865013
16090.885821
16654.164942
17295.530410
17501.556156
17978.773249
18332.166045
18000.260878
17332.968691
17137.520619
17005.580422
17055.450877
17061.955806
17456.607339
17907.719546
17840.513119
17797.097524
17801.389267
17568.826325
17467.144426
17818.190760
17911.348436
17788.034255
17379.054565
16930.358686
16429.110392
16129.463656
15954.352598
16381.997315
16739.802926
16945.682814
16975.880831
16971.716637
17173.808838
17069.686512
17052.351955
17056.535469
16930.875674
16143.769778
15900.874929
15779.659359
15500.004664
15326.554117
15528.159412
15278.543168
15237.649531
15161.358479
15424.571031
15302.388710
15436.239855
15150.415529
14954.471595
14420.989315
14531.290557
14386.793968
14388.889598
14690.193294
15134.579666
15096.732243
15027.727159
15015.551770
14608.994941
14392.802895
14719.558424
14863.877186
15096.134059
15252.926351
15187.653025
14919.659473
14997.481208
14960.536195
15253.563603
15500.784313
15672.080394
16049.855809
16266.650961
16461.620938
17062.316703
17229.304842
17385.448562
17374.617975
17185.856307
16704.674633
16723.159833
16577.705888
16695.118183
16868.563331
16881.443391
16968.420635
16912.271603
17172.428098
17558.501049
17729.823257
17661.834502
18056.160566
18123.293656
18036.842742
18127.859040
18658.868328
18370.257798
18220.801020
18973.456173
19170.758305
18794.866566
18796.893042
19031.219080
18526.105442
18334.858051
18114.446558
18257.274718
18317.842328
18129.120913
18276.875371
18399.124371
18520.490761
17874.353038
17642.158411
17414.466409
17632.585628
17079.915856
16899.976253
16377.117175
16001.756690
15495.458353
15611.663284
15872.062469
15782.967195
15466.389514
15094.983212
14694.218200
14431.392802
14854.458645
15212.537479
15684.431174
15903.119380
15755.839704
15860.201692
15933.766276
15966.456660
16233.594630
16649.961120
16608.690688
16764.667076
16478.297520
16091.952485
16339.344911
16471.780433
16488.739680
16474.858517
16620.157023
16143.297080
16034.805181
16435.862765
16914.990948
17314.415232
17797.912459
18173.023708
18121.107690
18222.248844
17831.597890
17515.012759
17586.691506
17614.951171
17490.022642
17524.850192
17418.897298
17416.368632
17022.187109
17082.731496
17104.766689
17365.222264
17371.400956
17757.252661
17741.023281
18050.948246
18287.447553
18005.860559
17775.557617
18151.629366
18472.392393
18364.080134
18320.961820
18520.287826
18750.263881
18262.522815
18221.486149
18466.386270
18023.890750
17241.740226
17390.930912
17107.101983
16501.905382
16315.389397
16266.399562
16272.744883
16235.855899
16719.434750
17005.736895
17087.836768
16799.482950
17200.729491
17200.729491
17083.496333
16872.121916
16882.760935
16379.897822
15969.865869
16212.960872
16382.177253
16559.729454
16815.780009
16694.361813
16377.635113
16152.077351
15872.446108
15520.978837
15846.547502
15935.465125
16005.854471
16253.011760
16868.824538
16951.343905
16671.410857
16930.214631
17057.737300
16656.527220
16014.714827
15659.106505
15123.392167
14700.749343
14861.346950
15322.870732
16235.982857
16933.435988
16990.306621
17241.893864
17456.424859
17044.451015
16485.474921
16576.179377
16515.580128
16647.945707
17233.509798
17822.960207
17836.205923
17949.161722
18321.949514
17897.069847
17640.930474
17807.713440
17807.713440
17515.012790
18235.031271
18242.139550
18426.622626
18883.843490
19007.496960
18354.847290
18801.170644
19241.534134
18588.659765
18306.880450
18363.334407
18099.860852
17616.331428
17701.052334
17815.953228
17920.025506
17760.328237
17775.451480
17547.942342
17396.286810
17504.387264
17356.057807
17143.453526
17440.948514
17575.255722
17271.742490
17342.187275
17719.741497
17387.711149
17286.043926
17199.272087
17248.444664
16699.724814
16647.770901
16287.765854
16072.832605
15797.650370
15687.574285
15613.670648
15715.841823
15889.405675
15827.774140
15867.173684
15838.998962
15342.071716
15186.307088
15104.705559
15151.269013
15303.564763
15821.679950
16327.252570
17093.152957
17578.818346
18147.274077
18591.873030
18589.244629
18166.568013
18045.044470
17780.672468
17709.152012
17754.484410
17766.517329
17618.799508
17516.710793
16660.006678
16172.196095
16066.504221
16190.257745
15923.249462
16116.439588
15953.838011
16073.228614
16121.314286
16702.305028
17457.137114
17609.045750
17444.382278
17509.712791
17050.036727
16852.425022
17448.971599
17289.139308
16649.365757
16291.240290
15920.882734
15350.134653
15681.419121
15772.455615
16115.380932
16275.779617
16247.408939
16193.173350
16677.221198
16754.986320
16740.096565
16957.117033
17252.726639
17326.664411
17588.966259
17851.577530
18172.645291
18233.743802
17845.356826
17520.026241
17394.332207
17125.595562
16888.222888
17124.478771
17330.371652
17488.834869
17525.560372
17857.019705
18138.889449
17982.547464
17700.869849
17763.465385
17554.485687
17213.940764
17372.327875
17674.064445
17866.481516
18207.573071
18257.469373
18133.698128
18153.294150
18617.366231
18882.810359
18986.913461
18965.489611
19164.970964
18967.410693
18575.027811
18761.828953
19015.537455
18544.717974
18150.052885
17795.241872
17335.669421
16971.135464
17005.890713
17016.777740
17575.794472
18194.215305
18460.829590
18543.038642
19113.744170
18878.511882
18499.029858
19134.267163
19461.878482
19138.919958
19183.467474
19892.581957
19918.546481
20037.952501
19940.304680
19952.204381
19516.191713
18869.913190
18581.580663
18702.970200
18747.746221
18940.598658
19231.330731
19036.253952
18847.783511
18727.698458
18239.510548
17873.383842
18161.450275
18241.782870
18345.084686
18522.920764
18583.619990
18702.970200
18705.106356
18122.451551
17909.963891
17740.862526
17003.164827
16905.480935
17117.185318
16987.015491
17208.200228
17485.892749
17184.382053
16869.414177
16913.006397
16331.521893
16004.460062
15761.594990
15829.273077
15911.993485
16289.483600
17336.795331
17673.270775
18304.728236
18298.438267
18324.468485
17641.467340
17645.653122
17305.024018
17627.994323
18231.353839
18662.453810
18807.994032
18979.376703
18708.509911
18244.240165
18177.384822
18177.384822
17735.314125
17496.790338
17420.674431
17273.320437
17023.784886
17005.244607
17454.157942
17710.039615
17688.449265
18195.718869
18560.075641
18382.297912
18399.465505
18882.971523
18514.591121
18507.380679
18609.456819
18579.194806
18218.830920
18375.048447
18384.369301
18382.447995
18414.775193
18380.280196
18553.720339
18588.807390
18480.430893
18265.958658
18371.966870
18037.807968
17727.781360
17621.789208
17317.902752
16756.365775
16894.841478
16831.369742
16493.554014
16463.189665
16352.305745
16244.029510
16255.873870
16127.601283
15880.439383
16014.806086
15867.499174
16055.492375
16558.616448
17287.319527
17831.597890
18195.849860
18360.492917
18674.860467
18468.990891
18221.890510
18063.571362
18039.897206
18269.795559
18553.882536
18341.276757
18254.732909
17974.930851
17300.523549
16725.971489
16545.950770
16762.757672
16927.228829
16968.250669
17022.692242
16907.431157
16306.949928
16201.064129
16136.170327
15901.802454
16079.638257
16409.399528
16552.756688
16995.077460
18183.504575
19042.264362
19617.041023
20079.958613
20184.137317
20014.641146
20450.954096
21120.691688
21419.161475
21994.188034
22269.096067
21836.249891
21848.457510
21966.071392
21867.855139
21749.334572
22038.114296
21734.189318
21929.053520
21987.225779
22042.384437
21977.457014
22042.384437
21799.935933
21368.503313
21216.731999
21039.232893
20394.456383
20020.956410
19886.530807
19828.110716
19726.050139
19584.927819
19698.074150
20127.559070
20150.863588
20137.945661
20543.658968
20223.847875
19538.891304
19345.807919
19144.177338
18875.150528
18642.513142
18724.915119
18759.571937
18616.538609
18375.686288
18208.984317
17849.027724
17512.867688
17421.517845
17222.401498
17555.773399
18284.535568
18601.134475
18351.848227
18705.239304
18695.900850
18574.322673
18418.415050
18528.938431
18403.171645
18034.101925
17795.541677
17685.299263
17572.355607
17492.091371
17717.679565
17726.241446
17899.917553
18099.303120
18637.175031
19055.288015
19024.699052
18931.514176
19055.288031
18949.162390
18573.131254
18705.372084
18792.412957
19347.291136
19397.205695
19796.897849
20089.225127
20479.851375
20030.939962
20152.530351
19933.966495
19738.629161
19378.607879
19012.335554
18567.293208
18532.369558
18228.328916
18146.540649
18558.519925
19076.831468
18963.967066
19055.028583
19300.144435
19230.836197
18516.933046
18554.696161
18797.643886
18650.112418
18906.021879
19838.644768
20252.172703
20232.760758
20399.791180
20679.344387
20258.705509
20154.791016
19853.725574
19621.390734
19513.436663
19131.984168
18473.484246
18564.619150
18339.468196
17597.522444
17465.017719
17838.930234
17635.277222
17231.709429
17300.952990
17179.587024
16796.742522
16601.320653
16931.001541
16974.304262
17076.446616
17325.376594
17460.110665
17531.386975
17251.573739
17247.465517
17019.308319
17045.528612
16854.690375
16834.768900
17323.127449
17463.968675
17450.864011
17739.568199
18116.718692
17695.978664
17543.582290
17495.886055
17428.443140
17287.493553
17523.816024
17766.076336
18058.601998
18284.170100
18115.152058
17811.554365
17426.052723
17063.519653
16970.542329
17029.254578
17230.852065
18036.842726
18553.002831
18509.488160
18832.597797
19216.672475
19042.709990
18847.928190
18869.288546
19103.659215
19127.358890
19822.922027
20703.297373
21334.249126
21971.872784
22283.607264
22025.165232
21668.534505
21292.741614
21023.951168
21323.095163
21261.833746
21411.414929
21532.884170
21507.156601
20861.003068
20515.534295
20137.945679
20259.322972
19927.846854
20454.332137
20649.698024
20419.565159
19979.660373
19639.359330
19012.462917
18777.336320
19228.746220
19358.637495
19456.123036
19569.111609
19435.303043
18806.362552
18966.591297
19656.206517
19062.221893
18864.715864
19198.602517
18764.817052
18131.918720
18505.011836
18814.744718
18767.251639
18884.044377
18732.447657
18810.475035
18744.653374
18658.138509
18647.164567
18955.145630
19210.915764
18985.523168
19542.781321
19660.166167
19421.341279
19069.976582
19368.689840
18997.508601
19105.685756
19249.196978
19162.345045
19326.943784
19521.856311
19515.641911
19133.760613
19114.347326
19069.648169
18653.300998
18492.608871
18876.846508
18796.312582
18789.162368
18826.291847
18713.437638
18514.162858
18368.667657
18312.163041
18509.488176
18702.635500
18685.073847
19156.008011
19071.269690
19220.876639
19199.118791
19511.653135
19522.184771
20098.060776
20499.361344
21306.417499
21698.482262
21986.885555
21711.793240
21254.832624
21005.181938
20759.689619
20447.449407
19930.925373
19859.282578
19293.465030
18583.928511
18120.002013
18138.723152
18221.265891
18342.548953
18668.061238
18366.551805
18075.337406
17621.967897
17366.123856
17209.756305
17949.456386
18571.987006
18697.823374
18550.194076
18589.095876
18456.985996
18506.343672
18580.275155
18827.309482
18881.588288
18675.318590
18586.292070
18627.243936
18499.404448
18360.647878
18562.658586
18129.767260
17767.960122
17844.002774
17919.793438
17919.793438
17933.652882
18217.860287
18391.256684
18003.018919
17476.107795
17584.236769
17068.149717
16170.390795
16313.185405
16485.040003
15998.339787
16137.450400
16540.627383
16555.651058
16423.353394
16820.537214
16995.989084
16906.998685
17271.586126
17273.692733
17247.947205
17213.200731
17573.298419
17876.844677
18369.181584
18815.476432
19164.796816
18915.308752
18075.962190
17839.631944
17745.890468
18006.127703
18656.557254
19767.024447
20682.311698
21483.689333
21670.010415
21923.544041
22080.132881
22148.883390
21763.388544
21623.277152
21466.794179
20887.427042
20369.235199
20052.210033
19706.827707
19195.231397
19180.387497
19034.994497
19361.565997
19821.164611
20185.506984
20406.936337
20587.248079
20006.400296
19898.019480
19705.096961
19857.162943
19896.108232
20043.733256
19740.237272
19903.172730
19779.381215
19384.549283
19224.950203
19261.608464
18962.463389
18682.927499
18951.631669
19085.770043
19347.828630
19488.698432
19662.515143
19629.809063
19710.437870
19904.953967
20295.339430
20800.552949
21256.085366
21599.125945
21169.821088
20981.231442
20180.743068
19697.413178
19436.290151
19373.560997
19661.962699
20165.097580
19999.785843
19793.516681
19927.988392
19815.107475
19993.204261
20062.366796
20161.177551
19764.192268
19182.832829
18614.811635
18640.742054
18812.080302
19226.222494
19580.084871
19738.319087
20059.035429
20176.807672
20148.598948
20376.240666
20374.163035
20445.793093
21157.643040
21771.136798
21652.259264
21893.227076
22295.801503
22065.480540
22048.850115
22060.036630
21907.986331
21289.752833
21016.690959
20312.059988
20027.968682
19598.763640
19440.162400
19172.711517
19024.699052
18888.312764
18847.624994
18454.846453
17888.153739
17366.004372
17140.204091
16903.812614
16753.983291
16751.872346
17155.039463
16983.818627
17152.990471
17370.066182
17447.503115
17451.504359
17865.854751
18265.326008
18503.696909
18573.978634
18695.523428
18975.006952
18947.330213
18964.553535
19086.634451
19329.532732
19078.129933
19097.437602
19244.826116
18965.489590
18807.184029
18672.663070
18282.339004
18052.396229
18181.644209
17899.700194
17680.482664
17897.501152
18036.436434
18285.306121
18172.645291
18541.305156
18575.778335
18369.819625
18141.855463
18404.465157
18673.439220
18877.392275
19011.943326
18859.213837
18911.084021
18603.238943
18459.985480
18720.166085
19356.934338
19543.298753
19389.523778
19140.001815
19157.110275
19147.906704
19369.204372
20249.738039
21349.616889
21680.953068
21734.760407
21750.029790
21583.246606
21078.347534
21036.824072
20947.604216
21053.643007
20930.106769
21001.498984
21014.802822
21045.136025
20854.320881
20984.210313
20670.324936
20429.309554
20433.969066
20375.261631
20026.105824
20683.381332
20685.344593
20548.989226
20562.232992
20941.598257
20644.580926
20642.365419
20583.777450
20811.687770
20709.657745
20252.024766
20212.875739
20304.406981
20404.185865
20302.624969
21030.788197
21107.096225
21144.967885
20955.945306
20984.007583
20407.387988
20417.931584
20542.540120
20655.758304
20529.494869
20414.720845
20193.220655
20458.968777
20068.724866
20372.200398
20862.474696
21005.441934
21005.441934
21220.312872
20831.768769
20727.851259
20675.812468
20539.492406
20366.048467
19951.893111
19439.850075
19370.441175
19017.962222
18979.178746
19399.980805
19746.573316
19688.273702
19563.642409
19702.561399
19511.859628
19442.390803
19678.636210
20329.325866
21145.361857
21891.549419
22193.046842
22385.907240
21946.173306
21701.086229
21642.659917
21455.978960
21126.590713
21309.458606
20660.775468
20424.694175
20769.694889
21244.717493
21129.179940
21355.393615
21767.032359
21238.389857
20509.252413
20232.285779
19719.959453
19106.071385
18867.910610
19260.273993
19551.581360
19532.263876
19389.181972
19864.101370
19653.698690
19702.889247
19694.259987
19733.464584
19548.941907
19754.915609
19616.354906
20017.928839
20035.073330
19846.064113
19815.924791
19602.024828
19346.104623
19202.860283
18999.143873
18461.303341
18484.916541
18391.397685
18332.906155
18473.631106
18604.111839
18439.638187
18526.630075
18480.732482
18200.784806
18291.778319
18531.877582
18388.791017
18212.616048
18399.465491
18399.465491
17894.161049
17801.057453
18122.152878
18022.392831
17783.718176
18013.957687
18137.713069
17788.520632
17725.674679
17877.341928
17583.660444
17401.331397
18156.151475
18227.733990
18145.555380
18565.997675
18789.162368
18659.131870
19116.642646
19396.623391
19706.369678
20472.150615
20487.249746
20352.794294
20795.364469
20603.073458
20222.953199
20537.506691
20971.325691
21301.395320
21942.548993
22100.885085
21753.689769
22313.117337
21858.083492
21376.718666
21387.015866
21465.082060
20999.150922
21404.607615
21444.476901
21509.434403
21721.949538
21453.434225
21438.410712
21658.892741
21567.573618
21561.595045
21389.993786
20867.374420
20685.961324
20436.957343
19749.507940
19768.908136
19727.270246
19504.616298
19326.724570
19721.237207
19624.184458
19454.850116
19315.905598
19066.703737
18869.288565
18856.018378
18801.867464
19283.483481
19311.655518
19166.339955
19487.424300
19578.415337
19216.794385
19824.181316
20411.743860
20093.122350
20105.849367
20145.809986
19362.904419
18822.999744
18629.822008
18128.818162
17668.482681
18069.666608
17750.774273
17592.632497
17893.800530
18547.205297
18970.106560
19668.674536
19824.604274
19826.654496
19251.195981
18986.508694
18739.395151
19173.085869
19452.999942
19819.419104
19661.003537
19431.462327
18966.910080
18702.476637
18195.021746
17732.773966
18097.424882
18572.294071
18947.698874
19295.005011
20221.313011
20446.578246
20147.805321
20073.723897
20376.762142
19990.775658
19745.503428
19457.048166
19109.885464
18995.075763
19084.148154
18888.925962
19294.563317
19283.483451
19203.421425
19296.859226
19466.598617
19537.908844
19824.181316
20214.036512
20066.585532
20229.312655
20220.674020
20339.577283
20250.631793
20220.373939
19903.658529
19957.743784
19693.513076
19333.568097
19188.546855
18741.540792
18127.859040
17830.849803
17252.577147
16552.445041
16729.929516
16654.309659
16537.210099
16804.682452
17223.735333
16834.927020
16891.919281
17043.523443
16879.033069
17213.056342
17575.095606
17852.698419
18048.154498
18240.597801
18008.436494
17800.462425
17587.631280
17247.465498
17247.465498
17392.649859
17631.184632
17223.735352
17431.620987
17215.238781
16820.846646
16493.554014
16879.410841
16705.878571
16905.320840
17369.892291
17916.057089
17822.806191
17703.703777
17896.532930
17553.684148
17484.284762
18089.311942
17976.624585
17699.477425
17681.874440
17942.332610
17335.145471
17916.057067
18155.840583
18212.021112
18027.955150
18366.349280
18366.349280
18593.873090
18782.677644
18878.230125
19108.408595
19064.668155
19071.803848
19113.318778
19203.754344
19563.911746
20640.012964
21462.185419
22145.508120
22570.666985
22650.686828
21635.672543
20625.867252
19996.300289
19864.275038
19304.629834
19389.356138
19591.119945
19777.885570
19211.447948
19216.282463
18986.209025
18997.829234
19015.368778
19173.487704
19180.270228
19336.323910
19183.467449
18890.732490
18838.961819
18634.864388
18604.376817
18992.474923
19529.824362
19857.689513
20401.947970
20219.934544
19949.188576
19255.885548
18884.479189
18749.866242
18984.387680
18646.188241
19283.483466
19528.915468
19116.484983
19324.931044
20055.639750
19832.236476
19712.662634
19851.662316
19660.842843
19101.790594
18752.646669
18899.751338
18867.554740
18706.792485
18918.467946
19063.519072
18968.104547
19070.146941
19378.147790
19312.213073
19613.804797
19605.142139
19585.327000
19283.904627
19434.744909
19410.491417
19341.099186
18981.182134
18677.610152
18233.743784
17843.455323
18144.744066
18624.265896
19341.752278
20088.878711
20698.679446
20492.802869
20657.394561
20811.415866
20855.374081
21092.552031
21680.055224
21515.123882
21055.385150
20794.676372
20373.916430
19760.256568
19751.653074
20183.022520
20186.998933
19955.606391
19567.604003
19328.916539
18814.744718
18239.161183
17877.014280
17679.646381
17046.299087
16402.205582
15868.661917
15795.054758
15804.078442
16198.829090
16387.176176
16952.993557
17111.842327
17289.659220
17597.522444
17803.866355
17932.944106
18195.313525
18193.287754
17757.046980
18065.263414
17947.978924
17615.843315
17656.897292
17869.836138
17450.864029
16767.359405
16298.937933
16105.714049
16066.843873
16424.681588
17599.410118
18189.447614
18201.905778
18256.514567
18249.998248
18179.322340
18355.201376
18732.637917
19014.564569
19424.518806
18820.798309
18469.345912
18636.278423
18508.421627
18006.966279
18439.638203
19029.879909
18662.779237
18487.182681
18847.783511
19000.128478
19054.475398
19598.763640
19880.711072
19520.530255
19560.467169
19311.040232
18936.013591
18753.664934
19068.218032
19357.343080
19856.121776
20562.854166
21684.391228
22139.374587
21916.550951
21781.924208
21526.479143
20927.403917
20671.489611
21155.573647
21368.421745
21532.796669
21841.382271
21793.719748
21459.757239
21279.562627
21212.212501
20850.202743
20946.270478
20731.666612
20527.820737
20415.153981
20467.362401
20139.559097
20137.403913
20495.337622
20707.789933
21118.128364
21661.703637
22343.313924
21743.007452
21263.120903
20658.236391
20181.048478
19645.724825
19794.992594
20046.711699
20510.925118
20515.292696
20411.743860
20795.541726
20899.894374
21170.966985
21456.934136
21350.793607
20772.145059
20360.071017
19477.580232
19260.637383
19230.318460
19355.879518
19208.626702
19078.440371
19071.803848
18742.808953
18128.970362
17831.890613
17563.025161
17181.681564
17181.681564
17786.380801
17730.160810
17623.787855
17612.929497
18033.329318
17879.562608
18334.858051
18816.622490
18979.178734
18788.754330
18784.353682
18838.961837
18654.216914
18773.775773
18768.993570
18578.099114
18141.999101
18127.102535
18128.970343
18446.464809
18843.128978
19478.595103
19671.546067
19506.628832
19288.144021
19340.121332
19322.955867
19468.164440
19999.494666
20248.907310
20303.090127
20137.945642
20335.263798
20431.260492
20656.805292
20745.519451
20834.485163
20682.571670
20127.559070
19426.753493
19036.829884
18659.263257
18618.108243
18733.189993
18704.969657
19004.150542
18765.506871
18392.349687
18256.019651
18086.938290
17490.228326
17369.124718
16614.378692
15868.054589
15525.139138
14941.747092
14650.802422
14902.495476
15218.689098
15388.431193
15874.193470
16353.537030
16570.581562
16247.288020
16151.397890
16228.997983
16203.208387
16251.086569
16565.097929
16459.686257
16285.908281
16019.533000
16064.764016
15986.875965
15925.805915
16158.088025
17055.620184
17261.477566
17391.553345
17831.161200
17935.094086
17109.016385
16842.160595
17245.652691
17602.776067
17925.831258
18348.833392
18745.612962
18396.499517
18079.316019
17523.980864
17415.538634
17953.556241
18371.966840
18773.943488
19190.099035
19305.160255
19001.604797
19060.125543
18933.196709
19065.643361
19104.584669
18854.934496
18655.453431
19137.307640
19508.248599
20098.060776
20655.758304
21464.340128
21739.508524
21854.183776
22023.994875
21986.593607
22400.684770
22699.034821
23603.479199
24345.198313
25290.781754
24954.798345
24519.964977
23775.988112
22587.501782
21836.865721
21468.386682
21005.571370
20821.123105
20433.059689
19873.471006
19619.829210
19645.846792
19372.404645
19752.101951
20018.867748
20322.300815
21029.477052
21302.487027
21447.937908
21766.953436
21790.519772
20693.748878
20200.927520
20160.118701
19782.495875
19470.263597
19874.633062
19963.250625
20088.991218
20160.835035
20273.658764
20853.953074
21120.407332
21187.908528
21256.731779
21216.275202
20727.394348
20810.037866
20553.789195
20501.637507
20415.003814
20515.902239
20448.853752
20960.674227
20984.210313
20806.579770
20766.757684
20940.078545
20541.133446
20334.932617
20797.110392
21045.713020
20685.796350
20553.789195
20434.531220
20525.819364
20128.613217
20276.098747
20232.760732
20191.682453
19790.249865
19905.284146
19712.227030
19532.427413
19387.076252
19283.005365
19264.414189
19099.066205
19053.992538
19365.821819
19648.156977
19685.651933
19844.145756
20270.898874
20431.860870
20661.058305
20814.163480
21040.123023
21148.035348
21354.917407
21337.375617
21853.990669
22060.301606
21270.463362
20548.149394
19938.992713
18836.914401
18001.794892
17668.094193
17453.230258
16930.624512
16667.406911
16732.492762
17005.736895
17526.069243
17986.423562
18265.819328
18283.039842
18328.559729
18156.972991
18343.755115
18764.253097
18952.826414
19003.017785
18835.801440
18297.847792
17750.426010
17603.039542
17732.980561
18006.447104
18791.467878
18822.083220
18776.487938
18980.072271
18936.917758
18583.468457
18491.995145
18836.705530
18975.175691
18925.374893
18660.766367
19006.520400
18377.467116
18063.167152
17939.389077
18115.152058
17960.124031
18515.158508
18686.426257
18955.588159
19066.233450
19145.964742
18744.653374
18339.283470
17762.322582
17645.276658
17755.525863
18048.525357
18303.980618
18807.508264
19015.691717
18881.733908
19241.746148
19794.641794
19955.307975
20317.480116
20850.771669
20473.274599
20343.572880
20531.960505
20573.010038
20295.772690
20415.153981
20386.887987
20798.603147
21059.330568
21045.136036
21648.430402
21808.612026
22064.232493
21952.396477
22311.081330
22187.745663
22920.661820
22269.326616
21960.886548
21795.548926
21997.339679
21338.125148
20980.103153
21004.086152
21189.312184
21124.434770
21152.797528
21642.765145
21276.327022
20954.678429
20659.148827
20587.926758
20437.865182
21032.399965
21495.268750
21642.765121
21384.987817
21326.200766
21399.961063
21131.944961
21127.458911
21357.475472
21567.662817
21487.316526
21587.916721
21434.703342
21140.031702
20866.683392
20665.094978
20423.015570
20431.724331
20485.907666
20515.902239
20603.073458
20630.971344
20767.622259
21238.617183
21392.052546
21440.337875
21923.882454
21986.794049
21908.721562
21670.203603
21598.847247
21307.390204
20854.078826
20452.751389
20368.300298
20511.347414
20130.521151
20094.087015
19785.825653
19705.545163
19237.108026
19044.695780
18996.887106
19140.001836
19274.533744
19124.824911
19265.925114
19534.637964
19539.045385
19420.152782
19693.356198
20050.115005
19733.660344
19585.592419
19553.330407
19336.801975
19454.421032
19590.769924
19788.014753
19440.834573
19393.148219
19224.356322
19655.732363
19952.914171
20416.972214
20399.791161
20021.214314
19726.315295
19724.350910
19912.894911
20758.859921
21094.977976
21051.347537
21040.517996
21301.105387
21044.955208
21014.600630
20947.339351
20339.577283
19914.875093
19433.378349
19517.756402
19680.871609
20322.486504
20101.507540
20113.998458
19717.091269
19756.110089
19413.668833
19341.972341
19045.002282
18929.738219
18446.294940
18263.997262
18268.148743
18370.113118
17982.397876
17939.227435
17466.481409
17082.380829
16911.441850
17061.690871
17154.657625
17349.913578
17805.456452
18104.926001
18257.469396
18255.412625
18439.638203
18092.863483
17435.528122
16991.336017
16633.799609
16537.996380
16472.956824
16557.765415
16656.121374
16729.929535
16639.115491
16823.357943
16829.968243
16815.779993
16891.919281
16729.032575
16661.791556
16800.372284
17070.520265
17131.393102
17363.434414
16908.098276
16970.937216
17053.159815
17133.497914
17276.608832
17615.111101
17816.561398
18006.740910
18403.898003
18809.430717
19425.403503
19527.169247
19461.507819
19099.066205
18817.467562
18698.095417
18756.771699
19043.382075
19832.585573
20164.450721
20032.098212
20409.745287
20097.240443
19147.195725
19166.489417
19407.432919
19147.195725
19593.792793
19932.245995
19964.496705
20500.053421
21172.180849
21296.965976
21836.779572
22275.109690
22279.634151
22220.500644
22817.642846
23698.167532
23628.931138
23400.966037
22807.272338
22033.456658
20704.412454
19986.548930
19836.859884
20194.400324
20452.998115
20969.551355
21515.488374
21302.700766
21047.263838
20493.218615
20011.544357
19694.557145
20041.968173
20438.278089
20878.361512
20841.244410
21086.409304
20841.244418
20229.664815
19952.365287
20373.328531
20169.327739
20622.379572
21019.127910
21165.471093
20929.015717
21251.893682
20889.835933
20856.728214
20702.096125
20528.289528
20248.907310
20038.262174
19704.399578
20019.323596
20249.242066
20242.715241
20457.501690
20691.456700
20640.012964
20424.996832
19924.331700
19666.415862
19399.586353
19241.961299
19096.693350
19137.840355
19202.740460
19814.228159
19699.383063
19849.216954
20237.397430
20326.143317
19456.271086
19257.103623
19046.059884
18959.572922
18801.170668
19150.503011
19300.770713
19160.132152
19275.077396
19309.624217
19737.013773
20176.257882
20859.673314
21062.902050
21208.583085
20941.467006
20748.829665
20709.912567
20690.424197
21709.880264
22328.398320
22410.439786
22577.100503
22438.077954
21454.002379
21295.133801
21758.536735
21936.615204
21608.386105
21205.017411
21018.424278
20203.512096
19348.832957
19550.530769
19602.588302
18824.186839
18619.691202
18981.839061
18949.329518
19309.404976
19929.318248
20138.431778
20255.816009
20331.748993
20605.012071
20409.943023
20510.925118
20306.761039
20471.726082
19899.021769
20139.738863
19909.629395
19428.176869
18840.341003
18920.597139
18645.440093
18443.234151
18456.410071
18460.673583
18085.528882
17660.492750
17594.564097
17729.080649
17952.435324
18106.228359
18218.995778
18221.694548
18204.460019
17846.107412
17950.339502
18119.635913
18267.363071
18211.197339
18460.673564
18616.703711
18432.285792
18526.630075
18957.996151
19474.173195
19775.926169
20089.647991
20249.908032
20486.386152
20399.643506
20355.966242
20666.138358
20616.913687
20295.772708
20020.511016
19599.764696
19174.554738
19165.299688
19282.610959
19573.074728
19952.535556
20414.578788
20952.270058
20956.823461
21221.606322
21321.278879
21483.939774
21230.156429
21734.957116
22411.776954
22736.920631
23149.037357
23654.483820
24209.505034
24188.139903
24669.810927
25272.527944
26639.937019
26299.440221
25410.244783
24872.389974
23998.375926
22138.025045
21808.148945
22473.722989
23024.610846
23024.610846
23433.075566
23390.125892
23310.194963
22418.031839
22386.072495
22282.731403
22395.313652
22089.425399
22569.304507
22593.031681
23020.264702
23493.228559
23886.009020
24035.245024
24004.882242
23514.039210
22901.965383
22817.642835
22984.827294
22831.106084
22713.123282
22618.135820
21978.289879
21142.830603
20821.769789
20887.593227
20894.024877
21219.614421
21419.015622
21464.621682
21746.720245
21766.548808
21909.064290
21978.799848
22761.528644
23193.927755
23471.785313
23410.820181
23364.830197
22935.486959
22417.223482
22282.588775
21962.843811
22022.640584
21798.567952
21739.768455
21386.246537
21126.216258
20848.615237
20883.445714
20725.758542
20684.452965
20502.194642
20168.534236
20026.984386
19754.730257
19650.316697
19559.789152
19763.531754
19548.800057
19443.269339
19310.769389
19386.701758
19408.360773
19731.149537
20036.925093
20112.696484
20924.140873
21670.112680
21607.142264
21292.402455
21561.595045
21177.813571
20259.603778
20208.310103
20381.774786
20314.517718
20355.713322
20722.339511
20843.613878
20740.519365
20452.004395
19836.266611
19193.885540
18409.139178
17957.791928
17634.912133
17845.081614
18127.102518
18923.079662
19263.668100
19454.710913
19398.086304
19189.715258
18705.973494
18635.743608
18422.854667
17852.698439
17720.401132
17267.001045
16828.164615
16686.862654
17094.497593
17534.706144
17734.487727
17865.854751
18297.497242
18354.002344
17692.434140
17900.827509
18111.975982
17923.610944
18111.975982
18732.447633
18730.245654
19125.003047
19359.089813
19214.018098
18654.216914
19001.395097
18749.694023
19023.419335
18951.631669
19509.033605
19823.704791
19645.319940
19113.744170
19519.162560
19573.378735
19380.393316
19779.762246
20460.826420
20588.539217
20740.602482
20525.953142
20234.012577
20173.716466
20303.699437
20349.493220
20241.163945
20936.686497
20726.154290
20565.684253
20179.620244
20047.111833
19107.566143
18510.755777
18140.099857
18159.873733
18094.633336
18592.748250
19254.083307
19536.467781
20650.561536
21464.189391
21819.016996
21727.993854
21816.901190
21400.245605
22615.012710
23699.945414
24288.360106
24669.853524
24289.983381
22678.749398
21471.356650
21371.501429
21289.262255
21280.148196
21452.100111
21120.283293
20415.485868
19981.961539
20364.356117
19981.961515
20000.043464
20182.810236
20186.520285
19907.505825
19850.952090
20031.710227
20120.876503
20300.568438
20148.912331
20580.438180
20759.028006
20928.549586
20973.942324
21153.835462
21218.869472
21139.342104
21292.841886
21273.925135
21006.437334
21078.615889
21710.276850
21853.772771
21989.778180
22460.712628
22595.457801
22000.363869
21562.388020
21194.351331
21239.365297
21239.365297
21140.877214
21333.970989
22053.783409
21683.491039
21616.020804
21418.492701
21349.445498
20494.676173
20177.745458
19369.077367
19404.355320
19460.861925
19512.799762
19395.751730
19456.123036
19150.790464
18775.632102
18825.578928
19232.944797
19683.910325
20030.069286
20619.670792
21201.016007
21229.113769
21098.879099
21094.428374
20807.621943
20254.770641
19925.204567
19697.767063
19641.060491
19534.894602
19819.101227
20571.652613
20966.076052
21245.724785
21399.961063
21733.919847
21770.874526
21669.136702
21323.168061
21623.182755
21464.340128
21554.834013
21417.130519
21743.519554
21148.543469
20756.394297
20071.204947
19840.933350
19343.241641
19163.091855
18707.714081
18263.010538
18078.866434
17815.606196
17594.397241
17839.458587
18290.451313
18843.428961
19301.738710
19896.108232
20147.805321
20073.723878
19711.753122
19641.060478
19391.501591
19166.046825
19120.850148
19406.926097
19355.183837
19138.368633
19268.396611
19522.016236
19569.977170
19511.235422
19504.747719
19324.732600
18784.547592
18240.217872
17631.561624
17523.336558
17362.642546
17230.481066
16990.042014
17020.355344
16807.771380
16834.034404
16801.071614
17302.212545
17939.062249
18266.469789
18182.050700
18294.983455
18212.021129
17803.696563
17601.970597
17983.166642
18183.103617
18582.125109
19249.367277
20101.799023
20481.400596
20830.391116
21211.951351
21484.483552
21608.124688
21467.328439
21565.177204
21206.860180
21183.743916
21653.858113
22154.486106
22692.653530
23540.946335
23468.144018
23400.961213
22698.615007
22101.194464
21080.319214
21009.975191
20588.784503
20923.614769
21318.044561
21721.380726
21763.183957
21627.191187
21661.356312
21507.456658
22006.700293
22525.503912
22820.659342
23575.744131
23518.906568
22944.151544
22206.241901
21961.578286
20924.656091
20902.938592
21063.147389
21154.926051
21005.441934
21222.193023
20999.150938
20569.207152
20609.733560
20416.439894
20219.437112
20329.468284
20238.414956
20315.922072
20626.640949
20626.640949
20649.975318
21140.468702
20834.957492
20797.749507
21218.717483
21205.451604
20906.106208
21101.639651
20786.362495
20394.294270
20134.173778
19995.400980
19617.041047
19428.404135
18966.436525
18905.753960
19330.764693
19678.467938
20147.315500
20778.009396
20918.761186
20521.999317
20019.484691
19672.175804
18943.689465
18653.143473
18210.720991
18370.257798
18029.949436
18353.151819
18613.521808
19192.435185
19603.562643
20226.070014
20336.452883
20137.152759
19974.469154
19793.516681
19853.947941
19945.693525
20326.934210
20244.488893
19654.915565
19331.848498
19240.626856
19171.408113
19175.428787
19974.469181
20232.653436
20184.771632
20167.529514
20605.397585
20751.244066
20794.676372
20515.039130
19903.332355
19529.940483
19306.835940
19085.921846
19448.054892
20118.026318
20226.481990
19928.123133
19982.538857
19652.803375
18978.663614
18399.238183
18359.272567
17723.777296
17615.408234
18138.049174
18398.608251
18454.846453
18823.404991
19129.052962
18784.160568
18832.047194
18836.705554
18810.627039
18532.978339
18769.407252
18871.258504
18617.541497
18688.949260
18615.497567
18346.421508
18018.809313
18120.184679
18206.956893
18497.464336
18874.771941
19210.915764
19288.394828
18807.184029
18364.538272
18295.390775
18221.694548
18151.058741
18320.431541
18953.314846
18817.011063
18619.503979
18906.021879
18962.463366
18862.737112
18912.801892
19088.054196
18907.245406
19102.665450
19245.443871
19555.793498
19638.095167
19605.296809
19422.987661
18952.497942
18596.942092
18505.933717
18508.226378
18607.912893
18943.976090
19406.161437
19863.749356
20486.386170
20806.998225
20620.630301
20297.508507
20399.643506
20965.642958
21420.820963
21544.737909
22097.448466
22494.996504
22283.045877
21873.789537
22543.453413
22888.870644
22894.909752
22814.851796
23296.417604
22944.510293
22760.819728
22967.034611
22713.116488
22645.911993
22683.056161
22194.555848
21418.369184
21408.877943
21166.267590
21350.290588
21727.855437
21634.516217
21124.574651
21144.290168
20595.609674
20068.569609
19723.702139
19371.004951
18822.426480
18835.471121
18575.027811
18462.397215
18283.832456
18246.942040
18286.002226
18600.416302
18793.776269
18901.501364
18702.158875
18506.807150
18465.631177
18756.447578
19439.850075
20116.819543
20504.756865
20825.630772
21183.840776
21387.872026
21734.760407
22038.282955
22116.333341
22030.130026
22011.246939
21551.157979
21232.697563
20988.000073
20627.328722
20735.330369
20668.704424
20503.523815
20004.699786
19915.893251
19667.259483
19753.523109
19586.064625
19818.793387
19950.961570
19669.081633
19326.317458
19198.301792
19241.746148
19252.175637
19048.064660
19232.294102
19258.359221
18965.820430
18532.048256
18738.801458
18725.563844
18767.027016
19023.157734
19551.889140
20357.582152
20908.369774
21385.925882
22309.889486
22778.619532
23097.811601
23113.398218
23145.609864
22697.188531
22729.518234
22195.239317
21753.221185
21690.317039
21710.007870
21360.445385
21146.975744
20874.110178
21123.586926
21001.498984
20836.736953
20705.407946
20841.509909
20481.960034
19931.165965
20046.130231
19662.941308
19424.518806
19096.990538
19294.437041
18682.927499
18497.205578
18776.816323
18989.401097
18672.868110
18982.903634
19081.852603
18780.214224
18795.295586
19086.067555
19226.558824
19741.362250
19689.064717
19439.850056
19825.883053
19492.133894
18639.339455
18827.755737
18472.083803
17880.077872
17858.283077
18168.486384
17979.866663
18231.714076
18251.015216
18329.095677
18235.031271
18289.387872
18200.251040
18122.305558
17844.800585
18053.862495
18799.556722
19172.963726
19398.592825
19903.823762
19924.919812
19506.015901
19655.888768
20035.451036
19998.833786
20214.795347
20171.383073
20310.504487
20143.553677
20069.480386
20379.760080
20451.293125
19941.283682
19733.464584
19542.440850
18898.698108
18855.085749
19291.036752
19401.595639
20004.699786
20965.642958
21527.329937
21711.534653
22015.601824
22329.628541
22569.771969
22389.339657
22446.250260
22671.646143
22597.689502
22120.920688
22097.084701
22086.062246
22573.653953
22597.757482
22962.320451
23178.944437
23139.779784
22231.409765
22061.809775
21599.125956
21146.162612
21427.414457
21497.428552
21102.229576
21323.168052
21221.606338
21015.233031
21290.984892
21219.209427
20629.676164
20670.892060
20722.753917
20418.900258
20469.149197
20734.634396
21109.457080
21238.264933
21140.328076
21059.807561
21090.025089
20838.851433
20123.206834
19890.845662
19929.956755
19960.704128
19977.961578
20307.386189
20611.226372
20868.880104
21494.563030
21542.077159
21613.680371
21925.476540
22134.555343
22016.531416
22161.577878
22233.586807
22468.198984
21940.494763
21080.647686
20584.207198
20350.178959
19857.865222
20135.382806
20471.290178
20976.522485
21287.143710
21427.326488
21748.847991
21739.508524
21483.689333
21322.928617
21101.745598
20991.221077
21350.374973
21508.861240
21454.830851
21578.481038
21341.619244
20925.652729
20620.145570
20603.073458
20194.846577
20366.407067
20326.438909
20233.077189
19836.503140
20209.454438
20209.454438
20150.389917
20658.097207
21384.987829
21600.746644
21759.399278
22082.003182
21752.038441
21195.105097
21298.947009
21333.777969
21338.365189
21561.717895
21789.553625
21500.717240
21039.437968
21184.407703
21464.340110
22069.906818
22355.712001
22175.607185
21384.661777
20728.913119
19805.081070
19071.968342
18618.715559
18066.337732
17259.863561
16574.724657
16275.224705
16231.730400
16532.650878
17146.492762
17293.568221
17705.601664
18269.795580
18321.524067
18505.933733
19253.792528
19069.648129
18787.881525
19147.195704
19249.196978
19082.232945
19180.023485
19409.614915
18906.663993
18403.711166
18514.452336
18533.631885
18037.095520
18384.726875
18519.380655
17996.590544
17656.237007
17458.806607
17221.469463
17180.366682
17340.734015
17236.784000
17679.197738
17620.412445
17197.631210
16868.048460
16739.948299
16377.635113
16396.548026
16916.751250
17675.973777
17990.477366
18129.120895
18420.486767
18555.045651
18364.227032
18713.437638
18848.183503
18861.791863
18619.117116
18727.698458
18682.374150
18759.961678
18537.067118
18530.354739
18188.121663
18304.514164
18330.909926
18586.963177
19163.853216
19582.508566
19654.040731
19886.045522
20581.126970
21201.826006
21947.866751
23045.195954
24071.026383
25046.072270
25820.736220
25950.449077
24809.676404
23949.088262
22890.766754
21598.949206
20822.140546
21097.754241
21707.386027
21390.156498
21307.772727
21270.571529
20874.227332
20095.368994
19865.048565
19346.591448
19060.423784
19097.287074
19149.536180
19379.497435
19487.791575
19741.740810
20199.444924
20294.901525
20177.232735
20658.669383
20812.692389
20489.232906
20281.298758
20368.468906
20071.405277
19817.768540
20019.323596
20275.375096
20359.744398
21045.045698
21474.390899
21635.090422
21979.757567
22172.132148
22003.611232
21932.057106
21832.052263
21845.185368
21986.242088
21745.269962
21886.332568
21649.794808
21157.495260
20546.736800
20900.121588
20522.451734
21060.563681
21190.171139
21249.514401
20755.210050
20891.694632
20026.105824
19824.604241
20012.405154
20055.999419
19669.761736
19843.676185
19986.548930
20012.273007
20075.007202
20606.215741
20841.102415
20969.080994
20689.334100
20841.176955
20635.027572
21087.921223
21404.953917
21698.482249
21522.479102
21462.185419
21314.520752
21182.976790
21370.371369
21422.058589
21734.549532
21969.095935
21838.230712
21876.043846
22006.783340
21921.991403
21698.482262
21800.144506
21688.114067
21570.172153
21106.666871
20937.596540
20722.614931
20325.729460
20221.475083
20306.084508
20024.227221
20138.798242
20355.323914
19910.405557
19391.977295
19114.662998
18286.161875
17370.066182
16816.663465
16628.074470
16198.927223
15968.745426
16100.604045
16579.844111
17228.162563
17692.276670
18123.637429
18532.674254
18602.224579
18682.662038
18665.152484
18610.674279
18117.268794
18208.417414
18260.440834
18694.347373
18646.684383
19161.167923
19334.305615
18935.710211
18449.535021
18629.643847
18697.962551
18140.478301
18248.808007
18160.202946
17980.044107
17813.284345
18099.442651
17702.656496
17693.731668
17503.038061
17371.555795
17132.843959
17158.980028
17093.889559
17568.826325
17897.772143
18494.111181
18878.098175
19164.430048
19153.381318
19409.614915
19446.424230
20008.338101
20339.676271
20435.533102
20050.115005
19514.508489
19210.780360
19358.345532
19321.610115
19361.389712
19960.132033
19955.606372
19671.373957
19927.531017
19988.396428
19908.453955
20001.225658
20374.420342
20526.369598
20740.438227
20937.762848
21171.784619
20883.573556
20805.515605
20972.055028
20980.933928
20926.090241
20956.823461
20714.393387
20756.206691
20957.777968
21016.130785
21027.542268
21278.869231
21638.748522
21604.166700
21653.527657
21567.201629
22052.829160
21699.841271
21981.884131
21676.168541
21613.607378
21270.571535
21101.745598
20270.778544
20153.865079
20259.752392
19822.006862
19382.667373
19294.001313
19209.368187
19354.589137
19456.271086
19649.029397
19620.586068
19573.227770
19577.464263
19646.864377
19477.736244
19781.316527
20104.596409
19590.654396
19345.523210
19883.230353
20210.682315
20306.366419
20529.753973
21000.472249
21228.326325
21070.394801
21041.397840
21417.455637
21521.379465
21211.188552
21328.155661
21425.785596
21536.213609
21724.629596
21845.085851
21795.268686
21506.739720
21712.025716
21280.461117
21356.155252
21115.330521
21466.794179
21154.255137
21325.663140
21252.764809
21400.245605
21075.125371
20649.837163
20524.393835
20056.697659
19904.794075
19779.012100
20112.841034
19720.231956
19765.092698
19671.710411
19524.672841
19378.938903
19671.710430
19847.943025
19908.930676
19787.217432
19555.391496
19279.967218
19373.903745
19749.116732
20514.901630
20583.986046
20807.143059
21040.222861
20974.774861
21068.381723
21640.705503
21749.213299
21478.733733
21333.878036
20930.207927
20639.801473
20325.457896
20264.037025
20270.564072
20344.388562
20185.775041
20257.954480
20210.343393
19928.518456
19983.057407
19832.968416
19516.451536
19079.524248
18782.340951
17897.635861
17151.682500
17021.848348
17094.191088
16701.521644
16745.177109
17556.209843
18027.111776
18141.855463
18291.333816
18697.339303
18645.240404
18285.115372
18097.224542
18038.375158
17346.903275
16648.457797
16654.852808
16443.535303
16486.742116
17362.814579
18044.058703
18126.668774
18831.469459
19525.388247
19642.100159
20199.827290
20707.281851
20552.680563
20404.415986
20042.524363
19172.963711
18615.497545
18639.167170
18588.951565
18454.846453
18383.038634
18114.446579
17853.203838
17699.477425
18233.117492
18883.301650
19610.109875
19809.746683
20150.093647
19941.784777
19820.509989
19438.780425
19445.862603
18877.834251
19107.809833
18916.756193
19029.879909
19518.212692
20333.770890
20862.951432
21441.555613
21845.375975
21478.678904
21795.548902
21884.532944
22374.703663
22515.864291
22052.829142
21497.617113
20818.788687
20176.674763
20482.276526
21224.739838
21293.687518
21062.290436
20973.535985
20270.564097
20343.707959
20549.141551
20896.603162
20672.781302
20619.011762
20513.276333
20341.906351
20328.742140
20831.768751
21080.962455
20987.893100
20887.427023
20661.534065
19922.533886
19521.227641
19544.725956
19299.872102
19215.470068
18937.443114
18659.680141
18246.509232
18953.314846
19096.693331
19515.301952
20174.474017
20435.328613
19635.126560
19396.498111
19476.722719
19264.414161
19508.586401
19911.827373
20033.566959
20402.108363
20638.261187
20166.228959
20031.537504
20124.769815
19634.999248
19329.064417
19462.450414
19135.205118
19113.891040
19352.297893
19519.325214
19166.642227
19166.642227
19362.060708
19460.039114
19346.763514
19781.470438
20418.900258
20715.549025
20521.334966
20670.892045
20818.947490
20545.868261
20129.071791
20153.184415
20025.067990
19888.768705
19591.382664
19294.563317
19309.828366
19196.936338
19516.319412
20128.177692
20606.865946
20942.917637
21279.562607
20901.169684
20268.582160
20074.847556
19563.250402
19376.818056
19726.562893
19937.034903
20169.327739
20568.344201
21166.817648
20889.835907
21048.066842
20978.363816
20820.261064
20102.384560
20334.774998
20113.447748
20237.514125
20055.262469
19784.361378
18957.216869
18733.704891
17870.433832
17770.568522
17801.057453
17897.501152
17851.900652
18248.613094
18385.243091
18283.514786
18363.492732
18554.202138
18901.082026
18918.619467
19066.233430
19500.498821
19320.875940
18650.469392
18587.648739
18722.109568
18729.164048
18661.782227
18445.220239
18100.005800
17753.274219
17243.191629
17286.824812
17486.322367
17440.762785
17813.751295
17865.488870
18090.977309
18329.628565
18453.432232
17978.468741
18311.821075
18006.242001
18012.546720
18366.139666
18442.072011
18049.671359
18043.241740
17930.255191
17429.308301
17832.539587
18091.162133
17993.487017
17885.332616
18186.828727
18227.733990
18199.768403
18470.848085
19251.476917
19598.602507
19615.847301
19836.735656
20487.134309
20205.597140
20179.427291
20532.620320
20309.894179
20057.999582
19836.859884
19932.608549
19192.763746
18795.604257
18206.031689
17715.524247
17260.139798
17405.455457
18025.894952
18621.877799
19450.482609
19881.947233
20385.550569
20862.474696
20877.808517
21029.362722
20910.192839
20823.098105
20647.335566
20573.162196
20328.243829
20278.365948
19955.307975
19511.235422
19437.131173
19466.207500
19485.198933
20064.442533
20505.996647
20829.277906
20785.481894
20978.528323
20672.588569
20482.387631
20094.608534
19843.074065
19311.330423
19484.959461
19767.024447
20476.037493
20877.577203
20970.440249
20793.209384
20715.029315
20370.073614
20233.424046
20472.150615
20695.411544
20749.638434
21033.842803
21062.150017
21379.010063
21406.821323
20770.238974
20277.712737
20245.362426
20173.716487
20043.399427
20386.598433
20403.933030
20243.317526
20150.093647
19532.263855
19396.090239
19046.347085
18673.782096
18127.247559
18463.334123
18392.539482
17963.346938
18134.495574
18169.353756
18288.919498
18375.512921
18908.963524
19306.059843
19974.025732
20117.276352
20441.638154
20519.644284
20161.687773
19836.503140
19599.941053
19620.731782
19460.861925
19230.836197
19195.841217
19245.590868
18902.740886
19427.450389
19716.348420
19831.228240
20078.464436
20075.619135
19809.262320
20085.141883
20011.061577
19592.095680
20379.579694
20238.266036
20158.350519
20355.586445
20687.220286
20437.994987
20197.697853
19822.471406
19156.523661
18839.919438
18048.344143
17957.015774
18280.179402
18577.327002
18603.561499
18791.214943
19207.888786
19060.270588
19136.096983
19252.790918
19511.859628
19646.219006
19832.585573
20121.108942
20177.391831
20086.104089
19348.409122
19235.769587
18934.462138
18747.906322
18444.817744
18849.928090
18730.965595
18431.606125
18349.265631
18445.773982
18439.261863
18031.562553
18059.391005
18059.391005
17942.122721
17464.663330
17514.884192
17746.882799
17762.156388
17940.496912
18502.104495
19083.471287
19189.715258
19643.088188
19663.720931
19490.795031
18915.991395
18471.490419
18037.497352
17842.877176
18068.236548
18480.279187
18651.676873
18677.610177
18717.563836
18496.701899
18201.073023
18418.415050
18316.516722
18532.522995
18756.101815
18289.681750
17710.465705
17428.624823
16886.106330
16406.528634
16586.766744
16690.732730
17066.219226
17265.730724
17322.110444
17445.615285
17703.703798
17664.559390
17387.345355
17391.553372
17350.354168
16910.552122
16823.541357
17399.144461
18422.531726
18936.758535
19561.470822
19503.422772
19207.028720
18421.568009
18350.032555
18599.630040
19120.222983
19625.352713
20169.627574
20317.087343
20321.496665
19955.019747
20445.923285
20428.597707
20547.854681
20654.250679
20714.875168
20395.150454
20577.595873
20815.892166
21013.932126
21659.500692
21250.993968
20515.655129
19954.196241
19303.516897
18999.750451
19192.435185
19834.269597
20040.479901
19808.496847
19114.347307
18764.253080
18523.307522
18571.453370
19241.329373
19926.735436
20264.718149
20121.625037
19967.894427
19351.945546
19271.607604
19563.112861
19487.200333
19435.303043
19454.850116
18758.342787
17973.662537
17852.219810
17646.046069
17808.810648
18311.992686
18763.353952
18958.318624
19210.043255
19255.885548
19313.998916
18940.424465
18597.818559
18604.243287
18378.615722
18500.093657
18565.997675
18817.594776
19173.211508
19156.007995
18793.949380
18849.731881
18737.197550
18375.048430
18472.550902
18405.464853
18097.816274
18258.191289
18407.777697
18312.333173
18616.026390
18472.550902
18010.987611
17262.501286
17425.290748
16921.890208
16651.906782
16658.404302
17280.967365
17447.831171
17950.827358
18895.538001
19396.498127
19793.346683
19923.597147
19897.421346
20167.739542
20571.031791
20759.355663
21011.228115
20955.113780
20835.105074
20566.232033
19995.676616
19505.408683
19451.160759
18993.354488
18212.157209
17906.767876
17587.631280
17483.784608
17530.655267
17723.777296
17777.818829
18155.339706
18064.476252
17749.296297
17875.236294
17764.324531
17276.608832
17302.639593
17387.167839
17378.562007
17775.451493
18194.215326
18478.206300
18684.711408
18834.603360
18528.766429
18387.892688
18205.871582
18126.003403
17962.965368
18108.433005
18006.447116
17720.126627
17607.328833
17663.766936
17631.184632
17661.834502
17679.049679
17692.908971
17619.277790
17827.627833
17814.449068
17769.026185
17665.521849
17366.353712
16722.234975
16259.819160
16051.887036
15939.061454
16076.085855
16041.082530
16394.934190
16674.528932
16671.948499
16407.267580
16457.201350
16507.396752
16505.065702
16545.229035
17009.067836
17518.802190
17696.544991
17828.869823
18016.770062
18006.242015
17511.466407
17520.236731
17411.935529
17167.607280
17082.731496
17384.499758
17950.339520
18217.243230
18884.256678
19235.769568
19431.301543
19331.179366
19509.033605
19694.457006
19926.735463
20351.635110
19933.379409
20176.257882
19621.211561
18801.698908
18541.586396
18780.214205
18582.832741
18770.553843
19369.334928
19251.946201
19286.832518
19662.158277
19800.528700
19655.415942
19805.081050
19648.914168
19097.900276
19161.469590
19191.924106
19122.446639
19081.545292
19231.006625
19216.794385
19566.023208
19023.774008
18639.963527
18314.593647
18079.568949
17409.342907
17676.162060
17916.847672
17815.032388
17380.207764
17419.527645
17588.306672
17475.800161
17428.055537
17698.475101
18069.237605
17997.485418
18216.785519
18663.137450
18982.903634
19303.990352
19659.884421
19841.558668
19794.004080
19589.998791
19472.393971
19613.558658
19548.519516
19338.283550
19450.645247
18969.277933
17839.458565
17434.132690
17425.290769
17110.256660
17305.451900
17934.329951
18196.610430
18402.996052
19028.165931
19211.904428
18993.354488
19151.438851
19008.151172
18660.361990
18107.672843
18107.672843
17793.230001
17502.515262
17129.147103
17287.319527
17399.981914
17439.057722
17310.917243
17536.722619
17705.601642
17753.616873
17652.014069
17816.416137
17703.703756
17298.261615
16695.307438
16571.586552
16266.156566
16216.206645
16450.556479
16910.728433
17075.524965
18057.819397
18337.307729
18595.447336
18708.325965
19009.517255
18480.430912
18482.868354
18385.073899
18341.788351
18278.996538
17979.694927
17761.219217
17661.657425
17891.644380
17644.314609
18405.315369
18447.548966
18222.248844
18044.225207
18087.529897
17339.304607
17362.642526
17924.627653
17820.475764
17811.958714
18310.606413
18545.523835
18564.841302
18901.082052
18571.708090
18705.806025
18649.617620
18222.574824
17767.199244
18111.688757
17366.004387
16818.334198
16608.112743
16803.347113
16603.558674
16920.267753
16936.694615
16941.100050
16467.919873
16420.614804
16346.621066
16720.393121
16576.967280
16590.268027
17041.485930
16889.490856
16288.195406
16546.329878
16869.106266
16433.164649
16964.597204
17495.886034
17367.514658
17443.598753
17072.718061
16357.217268
16117.247864
16115.380954
16097.807734
16709.436733
17119.460429
17479.006199
17949.601349
18036.436434
18563.247823
19482.906948
19908.279705
19799.339317
20053.375157
19580.793126
18719.537373
18576.175234
19057.725248
18840.664386
18897.371466
18853.884282
18795.149948
18383.038634
18029.475959
18178.940528
18634.698215
18620.555660
18713.774824
19487.791575
19583.484172
19307.817394
19138.919958
18874.225161
18984.962552
19188.806941
19661.560007
19891.616512
20295.195918
19987.162512
19705.252284
19529.610022
19961.718092
19859.828638
19879.861619
20094.441629
20467.362401
20300.240256
20324.696562
20196.518435
20469.708828
20343.975660
20052.560323
20154.154587
20154.154587
19089.434367
18775.098250
18937.084186
18571.080360
18588.004168
19210.498611
19243.119604
18768.576800
18757.546983
18866.170119
18519.038285
18167.653139
18223.958211
18289.238541
17959.556098
18156.626405
18069.942731
17987.628534
17764.124102
18006.966263
18044.225186
18063.948927
18075.590610
18162.174699
18173.023708
18224.957112
18038.375158
18249.998248
18252.285460
17853.029942
17547.645838
17928.968557
17837.331014
17902.438213
18344.934893
18407.777726
18271.012901
17829.488705
17525.731688
17257.177999
17187.583343
17022.807060
17248.275603
17506.276766
17488.952319
17627.699335
17933.503696
17992.357634
18369.667272
18608.345623
18712.359579
18419.571958
18219.701463
17564.710191
16994.581431
16938.112120
17441.304458
17702.128507
18246.509232
18523.775410
18482.868354
18309.402886
18443.234151
18189.576842
18274.119811
17949.010039
17699.477406
17720.401115
18115.285858
17978.773249
18373.540792
18867.910588
18764.389269
18549.817470
18736.187697
18614.811655
18556.126281
18657.420465
18325.348894
18208.239170
17820.162662
17221.469436
17186.275884
17125.806271
16876.347417
17136.483820
17240.680434
16913.800802
17224.175168
17056.826001
16946.363121
16881.272510
16646.432424
16160.687769
16327.710024
16101.931424
16021.727553
16174.390266
16037.849004
15801.365931
15597.068714
15149.236249
14897.209081
15034.034791
15678.213113
16237.583881
16604.021942
16846.168845
16802.965197
16457.698888
16175.892363
16364.713030
16548.018498
16725.971489
16749.875520
17003.164850
17007.735562
16711.804782
16839.614042
16746.358447
16397.053369
16345.297311
16803.512577
16775.266102
16952.590942
17412.836439
17668.607744
17645.276626
18006.966263
18398.080044
18892.200048
18814.210625
18828.039436
18687.151935
18715.517176
17915.091176
17607.153084
17379.217319
17290.298192
17136.483805
17791.440664
18342.157711
18612.582058
18788.183311
18798.781600
18484.603464
18707.928733
19121.564813
19468.164459
19717.609294
20389.843950
20632.935857
20961.812101
21172.090408
21180.820361
20762.365124
20923.516847
21193.423581
21592.390223
21720.635446
22145.473891
21847.960742
21300.962645
20621.711199
20654.464616
20448.119729
20142.713114
19876.846554
19629.686421
19286.953432
18905.497523
18794.866584
18616.200054
19028.582186
18629.129139
19039.408810
19483.660807
19803.244201
19712.098212
20061.328674
19794.477716
19948.362942
19824.181316
19318.646323
19156.140778
19234.067354
18921.875680
18498.836085
18537.955192
18759.024251
18357.816232
17887.171848
17842.877176
17925.131470
18144.079642
18426.430317
18688.255321
18855.085768
18825.061344
18235.031271
17950.827358
17820.803821
17440.180573
17205.918739
17448.971576
17971.582285
17958.581479
18522.534762
18769.555947
18405.315350
17835.070885
17973.662513
18335.379693
18432.941815
18665.378913
18769.265060
18602.446985
17996.158116
17961.425478
18468.990891
18774.754670
18670.541069
19015.965105
19185.106958
18894.634096
18521.731798
18916.172339
19038.433222
19088.054196
19786.446848
20192.240512
20103.283742
19708.451588
19660.842843
19098.884038
19012.462933
18901.697665
18958.155744
18934.462138
18461.470564
18366.139666
18088.373404
18257.659852
18160.202908
18216.630833
18283.672047
18480.888334
18417.622235
18085.944948
17960.124031
18049.034122
18335.030099
18297.497221
18349.554706
18512.345950
18380.061923
18301.887121
18184.131720
17985.094979
18067.033762
17741.973504
17451.167620
17435.032255
17573.850010
17523.816043
17662.877590
18024.848386
17891.356933
18439.638218
18266.217487
17949.601349
17355.238900
17519.638472
17176.966320
17497.806882
17658.067007
17920.750539
17768.298603
17596.814217
17097.992740
16579.844089
16312.851192
16343.745922
16274.008475
16681.691182
17158.980048
17013.678802
17298.043772
17618.956564
17670.843071
17714.282817
18020.222755
17895.635347
17607.153126
17398.965866
17253.308688
17314.528887
16858.724917
16836.994411
16724.109493
16865.136723
17120.786215
17518.129942
17897.635828
18227.301965
18563.361551
18188.612770
18201.905754
17933.360695
17755.525844
17480.182664
17174.249594
16983.961480
16792.954310
16936.415978
17289.824431
17903.594173
18528.593947
18867.038053
19322.357955
19565.012229
19832.109342
19862.701125
20311.469747
20265.572338
20457.101521
20627.703601
20849.115735
20590.706680
20705.965050
20274.487940
20224.079472
19871.711398
19798.259974
19845.809026
20088.765629
20210.049498
20905.636193
21328.583761
21055.385131
20816.683041
21014.493124
20252.761407
20365.714025
20500.053421
20994.271792
20988.265778
21053.870149
20748.085705
20630.971360
19889.168593
19045.548196
18754.220416
18633.045308
18574.150037
18671.818731
18652.461502
18753.351873
18645.037810
18497.464319
18406.192951
18616.703731
18583.772455
18536.291832
18646.843049
18872.237907
19243.279303
19146.851907
18944.888427
18439.771436
17969.164156
17355.370633
17404.807741
17686.454473
18289.681732
18538.826641
18756.101793
18457.383435
18303.402708
17626.968947
17566.367424
17416.368609
17489.202003
17678.233616
18025.046227
17912.075531
18133.426952
18220.334062
17966.711255
17702.128529
18079.445353
18049.196493
17943.413525
18138.555891
18311.992666
18125.800988
18188.762817
18317.548949
18122.451569
17886.097940
17961.890839
17925.131450
18413.698402
18290.137433
18428.990165
18381.479420
18194.868613
17670.632774
17657.408843
18089.311942
18431.940034
18533.808089
18562.517672
19160.887307
19104.455689
18401.588295
18045.837153
18238.621891
17720.260011
17724.784348
18249.399614
18759.024229
19109.110711
19590.769910
19853.266467
19649.141732
19803.244201
19711.753122
19700.873894
19266.922638
19466.827681
19538.241965
19312.412632
19117.112828
19243.279303
18882.971523
18256.341601
17929.690663
17517.756565
17420.097124
17827.901114
17938.547493
17950.187092
17943.715567
17739.977307
17299.792585
17035.036739
17023.174536
17090.464004
16593.875692
16424.681564
16353.019854
16388.370738
16464.394056
16859.042696
17158.330781
17138.403697
16856.659277
16609.477182
16568.432671
16140.910401
16045.686406
15932.779775
15848.621202
16100.116776
16121.659197
15991.677579
16271.268836
16307.884962
15687.733116
15457.774766
15731.093533
15754.693470
15561.488103
15899.918427
16272.873331
16631.050812
16595.334256
17072.533833
17076.857731
17228.748462
16966.393351
17154.123146
17219.586485
17574.942771
17943.715567
18385.938005
18797.275648
18723.688052
18432.784774
17971.071742
17675.973800
17161.180303
17246.272283
17603.738455
18243.643952
18205.042387
18366.934333
18349.408524
18509.757508
18453.859482
18852.623199
19433.031619
20259.063726
20367.757430
20513.029076
20936.138806
21158.918171
21022.420276
21050.674604
20805.782920
21167.523662
21146.696775
20899.670340
20587.383725
20739.448259
20157.995593
19767.712505
19730.632526
19663.270360
19765.500717
19886.923214
19945.889377
20424.842199
20722.199170
20678.719054
19904.476100
19551.889140
18391.541456
18140.099857
17905.994790
17981.788846
17951.189347
18263.565816
18563.024072
18415.363891
18537.067118
18045.671397
17909.103677
17592.632497
17328.040515
17286.824773
17474.701312
17426.840881
17001.960599
17001.960599
17047.152607
17169.666637
16842.160595
16729.329190
17260.584802
16749.149269
16668.878672
16762.473404
16905.164171
16358.655932
16714.543862
16775.811064
17087.836768
17523.816024
17703.872912
17627.844193
17085.365895
17061.547468
16456.440683
16107.000699
15874.921707
16065.374645
15679.309306
15848.735565
16080.750399
15900.524935
15982.972888
16034.952683
15835.398680
15590.418392
16203.966811
16760.923647
16877.856666
16934.093898
16910.728455
16788.996517
16565.606481
16652.689733
17159.951893
17255.429122
17034.384229
16921.327196
16897.744014
16728.567418
17251.072014
17446.498009
17197.472439
16967.400700
16765.642826
16173.363996
15713.678037
15622.286478
15674.431520
15500.784313
15689.127183
16006.168673
15839.272465
15794.145171
15956.204055
15583.161351
15349.479901
15548.937951
15587.654251
15496.611566
15559.587895
15511.988681
15735.248720
15640.115176
15908.561070
16067.013465
16541.711157
16187.228557
16364.982304
15862.067877
15376.384878
14979.076751
15086.977220
14690.223751
14831.296675
15119.552486
15416.716748
15675.319108
15774.916323
15586.636524
15805.387517
15727.609596
15475.742733
15924.994932
16336.997315
16399.986022
16297.981917
16354.277135
16321.966933
16078.736854
15730.010716
15736.302071
15748.348154
15691.632378
15886.431248
16040.777344
16504.885449
16890.203761
16933.241288
17029.100331
17263.267742
17191.515383
16710.018367
16497.644832
16662.331487
16590.838153
16313.020141
16750.309568
17136.359192
17422.374685
18120.922200
18782.176590
18963.210800
19299.616768
19221.205902
18967.410693
18520.911996
18617.030950
18667.267821
19059.696124
18933.836985
19150.645420
19138.919958
19590.282757
19436.039964
19813.220209
19572.742872
19245.738344
18734.208682
18647.505125
18135.606078
17873.578853
18274.973913
17782.827639
17097.428924
16978.110594
16975.679876
16318.108690
16235.729158
16322.339494
16394.059930
16667.240290
16603.714453
16486.600222
16382.654796
16170.230655
15987.588513
16093.328176
16015.088636
16052.300852
16093.328176
15603.226833
15233.890125
15292.891008
15303.923931
15453.340425
15870.011914
16100.450857
15935.639354
15844.251135
15987.343971
16297.599280
16544.506127
16520.467220
16771.947930
16455.825124
15811.037249
15425.641867
15406.425341
15116.053564
15109.208473
15659.803501
16304.085212
16863.463723
17256.156065
17509.854150
17622.648914
17679.049679
17626.968967
17490.022666
17394.976471
17397.184874
17138.207081
17108.272185
17242.613042
16951.919642
16932.185398
17068.904088
16958.181750
17031.905035
17734.666133
17637.002187
17350.205122
17057.323404
16933.641867
16283.524203
16480.452980
16893.995725
17136.971136
17512.222598
17904.901347
17547.317411
17354.509403
17714.282797
17558.353025
17271.898682
16846.707564
16532.150721
16223.970983
15805.387517
15677.789227
16055.054124
16778.675674
16934.593835
17223.411629
17201.350507
16999.962100
16255.155045
16105.239255
16012.130496
16064.090751
15614.969861
15645.755244
15678.345233
15609.081398
15699.727348
16432.920269
16467.919873
16203.694519
16058.388238
15817.825159
15498.764841
15336.478556
15326.299153
15496.878957
15538.353092
15304.063979
15421.563319
15445.672465
15145.999896
15185.307119
15627.455717
15505.555910
15303.796439
15151.425596
14963.720205
14637.872699
14597.763081
15035.677103
15602.373478
15997.038089
16151.263920
16101.473433
15683.017396
15270.785818
15091.244360
15017.059701
15277.732619
15520.900122
15653.474820
15913.519998
15707.159663
15547.594443
15248.243746
14900.897086
14561.078562
14885.600198
14776.239620
14953.495617
15441.144757
15584.413291
15456.888311
15971.034932
16257.324579
16055.784957
15825.920824
15750.401678
15383.485663
15119.073875
15002.208512
15140.491439
15505.022595
15596.558224
15774.355031
16082.526877
16221.118629
16346.812007
16765.036947
17062.198959
17359.540304
17580.758776
17469.749438
17159.791520
17242.331363
17235.844961
17370.408829
17626.265251
18225.136181
18140.669248
18281.749296
18609.292801
18721.927842
18736.017054
19438.570025
19447.466650
19371.395104
19334.305615
19019.697758
18286.651578
17850.916566
17323.791281
17300.097627
17097.855445
17230.142729
17670.227452
18212.299204
18316.837677
18340.320697
18004.136720
17286.359639
16644.124488
16600.799707
16666.739263
16870.302635
17228.359478
17464.511557
16948.794657
16694.929749
16152.489404
15810.353454
15575.504758
15862.233659
16426.013777
16627.563347
16571.259116
16328.295984
15942.602358
15670.216386
15574.435548
15739.238498
15997.364933
16077.314780
15703.853063
15912.174990
16107.182997
16266.037294
16608.407528
16709.248257
16572.839386
16401.482554
16587.765739
16399.212488
16739.948281
17136.725872
17188.772139
16759.177909
16537.996364
16592.299030
17036.815898
17325.197794
17539.642430
17628.692176
17478.640979
16808.201047
16348.831928
16422.282795
16502.458821
16128.549315
16035.701747
16022.493556
15751.691809
16311.370806
16546.329878
16784.632142
17264.078253
17663.189406
17415.691941
17349.913578
17267.419788
16834.034415
16597.456018
16350.336235
16697.958925
16780.368909
16867.391500
16923.583992
17220.498027
17206.362927
17197.956065
17438.530035
17644.844748
17429.821319
17028.199477
17080.274095
16911.263719
16316.859081
16086.738101
16732.940101
16791.519290
16724.323754
17014.961390
17006.205892
16301.038990
16181.840773
16307.884944
15943.931121
15843.539577
15773.222530
15434.971857
15254.564606
15281.011370
15209.450421
15171.742349
15169.760573
15215.003625
15382.515013
15312.895975
15301.111116
15151.186534
14893.082807
14848.339656
14760.776135
14763.647948
15203.403388
15958.599487
16214.186223
16641.422733
16719.145774
16686.627898
16684.843724
16690.938490
16352.488256
16540.627362
16345.424822
15582.145673
15182.703558
15072.291610
14799.760601
14920.738394
14988.011466
15231.545751
15580.499234
15770.768193
15415.093299
15596.877705
15902.846748
16128.268751
16022.655701
16339.475239
16222.074779
15708.304840
15817.350448
16082.526894
16336.275888
16438.049121
16752.633923
16450.802562
16244.295229
15498.002538
15223.255602
14941.202876
15227.162169
15814.577274
16799.183221
17399.819541
18234.832836
18744.480552
18427.213063
18581.404004
19012.873079
18917.581867
18459.985480
18497.464319
18399.706894
18195.849860
17783.849430
18089.687951
18033.162079
18065.804701
17803.696563
17879.374707
17857.636437
18129.960553
17898.064445
17919.907709
18303.544996
17987.095913
17963.534257
17644.998665
17414.938005
16772.693141
16768.546502
16730.855018
16963.145200
17030.227297
17162.262259
17062.555766
16936.119524
16369.762379
16127.078669
15849.385859
15541.807411
15041.201730
14795.550698
14570.297611
14238.549051
13941.432981
13544.365487
13613.767958
13759.076996
14116.920592
14363.983493
14829.888206
15091.807977
15017.693580
14863.818771
15063.700639
14927.166953
14849.257959
14913.829639
15020.693079
14870.853665
14877.612923
15383.359681
15596.282282
15810.677304
15955.697913
16049.967004
15661.527903
16019.667722
16158.528976
16210.579058
16823.541357
17183.511232
17314.025911
17248.618226
17526.069264
17803.696563
18089.687997
17799.199772
17885.952942
17998.825864
17726.104736
17780.534523
18118.680337
18363.791249
17873.917277
17469.279164
17022.807060
16771.242941
16564.945432
16749.717818
16963.287567
17160.422051
17004.433916
17249.548414
17776.129423
17929.148411
17827.488698
18195.849877
18028.850354
17506.276784
17222.169248
17200.437715
16883.345465
16814.707872
16816.332339
16779.020317
16889.490838
16666.253592
16002.358066
16009.141517
16055.938769
15259.756548
14912.995308
15053.999380
14724.329721
14741.098533
14946.700958
15011.340558
15376.520989
15193.970209
14610.863154
14329.443053
14199.333817
13917.216276
13935.157248
14078.063443
14383.881846
14754.436390
14685.394375
15253.563603
15370.723642
15392.835585
15463.965499
15548.937951
15134.436465
14993.494532
15312.569381
15455.731487
15786.993551
15874.013680
16160.800268
16317.036342
16648.805854
16822.218250
16783.213463
16823.170738
16471.926883
16037.993637
16185.959266
16701.521644
16666.574933
16638.251256
16820.537195
16932.874953
16785.773411
16773.996215
17201.188689
17689.533432
17136.359207
16997.229135
16992.649520
16680.519902
16526.453085
17289.824451
17966.502289
18577.327002
19525.261484
19347.114405
19063.123333
18794.431138
18648.615991
18110.893736
18383.838021
18794.116269
18984.771969
18780.376750
18675.979399
18561.580822
18233.885632
17860.482462
18074.889555
18250.200872
18302.246346
18549.673701
18979.083905
19133.871572
19147.024218
18732.825826
18036.713629
17509.712791
16640.378071
16067.684379
15946.059046
15983.245963
15918.127290
16254.229228
16377.635113
16438.280780
16299.613953
16312.510624
16371.413581
16280.209866
15896.328971
15516.510000
15464.442078
15215.634082
15240.044204
15367.479287
15291.799309
14788.420366
14649.999167
14480.673635
14588.991438
14987.945040
15396.087602
15739.071543
15881.870038
15951.461375
16300.452511
16919.035033
17151.501742
17767.496495
17661.299817
17359.690074
17118.970186
17104.909685
16911.955356
17115.551750
17319.668994
17709.903055
18111.559634
18526.105466
18966.131316
19477.892396
19159.318683
18783.029621
18555.407276
18395.105437
18271.174564
18390.691594
18231.149271
18072.609643
18258.989952
18183.244489
18126.958879
18789.162368
19368.689840
19171.183343
19420.731983
19730.529314
19794.004080
19282.461281
19345.233389
19134.426392
18776.816344
18156.463908
18132.900507
18219.334974
18065.542002
18024.271568
18592.869014
18560.459786
18315.379777
18343.560556
18341.276777
17911.205943
17803.135958
17950.339520
17748.528780
17564.063523
17430.337729
17259.307629
16907.650924
16608.549432
16081.725904
15357.423799
15034.472567
14837.579589
14564.029023
14904.798052
15243.339253
15299.295584
15672.080394
16253.638961
16266.650961
16492.489937
17053.719099
16810.976785
16741.435833
16715.210078
16950.623476
16917.932881
17043.706689
17026.254203
17115.220253
17143.199007
17323.458031
17241.242926
17674.809544
17978.623628
18258.021203
18509.488176
19084.384637
19444.494461
19576.665841
19680.177731
19396.090239
19333.085234
18565.074178
18480.581016
18393.647101
18122.592038
18122.592038
18586.799243
18409.139203
18340.797692
18928.815957
19180.270243
19682.912167
19956.443586
20351.292987
20678.719073
20451.120750
20054.080655
20041.313017
19629.809048
19117.800253
19510.617966
19616.854849
19226.222494
18770.553864
18256.696010
17580.318494
17185.260276
17148.645146
17376.361031
17870.687370
18017.989910
17899.020300
17990.126214
17813.915595
17534.068300
17169.818035
16762.325918
16532.323324
16515.731693
16199.137758
15854.089557
15604.277541
15520.651599
15463.705437
15587.450755
15644.308242
15801.892490
15743.886474
15675.467814
15254.442813
15406.531296
15860.016556
15968.125140
15965.941130
16460.484476
16675.226834
16501.564574
16484.744660
16519.722471
16128.700698
16044.698468
16050.942679
16389.676464
16694.929726
17518.962930
17701.234144
17898.403677
17701.234144
17668.357361
17553.372891
18177.946872
18342.750593
18563.739215
18888.121422
18940.256048
18426.527150
18721.245528
19167.710190
18923.789350
18548.529207
18474.274744
18238.258662
18032.277160
17954.780724
18210.720991
18225.711694
17800.760437
17811.760620
18161.624226
17999.193297
18066.063552
18443.584735
18374.346665
18155.680070
18016.770062
17858.454754
17774.355670
17602.776084
17403.066127
17743.258237
17680.482664
17409.342924
17045.183658
17141.749759
16727.385080
16590.643694
16350.046797
16364.982304
15991.677559
15783.349467
15913.520022
16041.233637
15987.116608
15837.112024
15722.076464
15240.299192
14659.145346
14006.025471
13935.415051
13820.883310
13727.626497
14037.365804
14584.533368
14349.907722
14375.908448
14570.373950
14446.933135
14347.345463
14514.633997
14758.775596
15236.017174
15717.758075
15914.955105
16339.978547
16550.500032
16036.682372
16056.100051
16381.609189
16628.074470
16500.310906
16706.178809
16834.210749
17029.406103
17182.305793
17414.300126
17594.232027
17559.426131
17429.308301
16931.130390
16256.796196
15794.816008
15602.106297
15523.818444
15963.212281
16804.427850
17986.780420
18513.838882
18539.441275
18518.470193
18841.456376
18436.148161
18297.163573
18262.522834
18055.580773
17871.175035
18671.614800
19040.525239
19211.447948
19350.467700
19380.869235
18665.152456
18591.456406
19270.348775
19859.683544
19935.561862
19983.485417
19968.343946
19445.536268
19210.641484
18692.503130
18273.822473
17883.276652
17800.906884
17716.263536
17911.348436
18358.190993
18466.777238
18676.972719
18522.245875
18428.772676
17995.123276
18120.922223
17481.070678
17173.334928
17014.961390
16869.414177
16288.609547
16349.411017
16586.625660
16824.794614
16835.525312
16933.055106
16927.058567
16776.668507
16548.716288
16518.514801
16227.906506
15657.424153
15079.520333
14890.900585
14491.125726
14365.880199
14623.803792
15028.183046
15175.759577
15546.475915
15659.228185
16021.406230
15852.353754
15385.786307
15181.975492
15201.844411
15277.570672
15662.992282
16526.212434
17157.307229
17621.418378
17656.073953
17531.386950
17724.582046
17455.512702
17360.165871
17301.437210
17384.012983
16739.802962
16759.009876
16846.022839
17073.614439
17437.816127
17869.691909
17834.866079
18194.868594
18654.375119
18919.828442
19249.729723
19822.238861
20024.021762
19751.006279
19339.347182
19420.152761
19354.737213
19079.171615
18959.944546
18764.817071
18036.436452
17747.670730
17650.092050
17669.481017
18294.983472
18646.188241
18249.004521
18399.007269
18626.338012
18083.754514
17747.509115
18168.317435
18127.247559
18027.564359
18015.700103
18362.803889
18449.138613
18204.668974
17803.334093
17751.311808
17426.052740
17428.253488
17723.226436
17738.419422
17677.423903
17937.646880
17759.847122
17716.263536
17907.277367
17756.662333
17648.205282
17763.184486
17420.525972
17160.267344
17050.245243
16889.490856
16846.168845
16614.206240
16100.289405
16015.088649
16323.153347
15707.330366
15471.895786
15388.534562
15861.161903
15841.172582
16654.718245
17179.587004
17756.315195
17836.342687
17944.532333
17923.234818
18497.751606
18914.285280
18702.799054
18529.282458
18487.807591
18015.333804
17559.785498
17395.669811
17126.684051
16792.335111
16868.437061
17115.551729
17223.885808
17266.813820
17857.019705
17908.892424
18189.047510
18482.437555
19191.743566
19286.953432
19159.318655
19094.065413
19498.000546
19352.893609
19398.592825
19719.426139
20053.375137
19858.553920
19776.255008
19786.628659
19541.718467
18834.788867
19034.349167
18991.076369
18611.444026
18444.607372
18576.767032
18045.671397
18585.913882
19060.767803
19782.932139
19830.752022
20004.592257
19225.784979
18965.820469
18774.924600
19139.294809
19362.385191
19559.906377
19301.738684
19403.709007
19059.013298
18823.999168
19177.393240
19238.258712
19062.567415
19609.131400
19266.055663
18675.805231
18431.009013
18515.460141
17645.778699
17791.615211
17732.773966
17286.359639
16190.922087
16147.628675
16213.343612
15951.004751
16111.640721
16575.578414
16575.578414
16143.429322
16104.263482
16115.195737
16073.557307
15987.116581
16499.410340
16846.307289
16909.436819
17280.410599
17288.776536
16485.474939
15977.450881
16010.223162
15984.115019
16615.251154
17487.253851
18239.510527
18918.467965
19280.743810
19070.146962
19016.090519
18662.453810
18189.833351
18237.574064
18523.604763
18357.011568
18473.779200
18597.818582
18454.846472
18153.133953
18266.090320
18669.422655
19087.720328
19024.699070
19450.010027
19811.934786
19653.698711
19493.364662
19295.330975
19050.670042
18984.962575
19345.081256
19713.362470
19870.098296
20199.444900
19839.823675
19302.166390
18670.873113
18441.043275
18241.593608
18382.595916
18365.078757
17968.317979
18189.576827
17859.676018
17303.069359
17051.604633
16886.684940
16500.627224
16134.092525
16068.141839
15905.910147
15825.504767
15482.645678
15378.218618
15587.552116
16032.321080
16123.380997
16296.882606
16544.306276
16849.734225
16805.964603
17240.064299
17450.291139
17891.004736
17622.812871
17319.246957
17269.369645
17084.964975
16557.951882
17086.566211
17283.763525
17420.381004
17630.921243
17544.123521
16869.578486
16453.453883
15937.132234
15553.278521
15683.511354
15791.615760
16038.656362
16221.003188
16485.762270
16390.330688
16329.037329
16335.884080
16415.759342
16158.088025
16652.284697
16402.945116
16186.523949
16339.978531
16778.498109
16485.762235
16901.515542
17094.343300
16999.135350
16983.818627
17035.784703
17176.767236
17426.197804
17780.109540
18367.638263
18857.956653
19097.287074
19422.416051
19474.710561
19359.600745
19604.826738
20079.469222
20476.174217
21473.923998
22503.770528
22908.070553
23311.540301
23671.614695
23849.350329
23621.508988
24780.232297
25313.192351
25913.941457
25425.968357
25063.783874
23630.073106
22913.242449
22312.824068
22183.070715
21694.989645
21256.361755
20930.106769
20169.029065
19533.220615
19420.854113
19457.216503
19318.794533
19000.128478
18948.202342
18976.054950
18841.673363
18465.816973
18960.304941
19138.190677
19066.703701
18899.454562
18873.681665
18852.045259
18637.366993
18225.136204
17888.965218
17828.041091
17251.072014
17361.716305
17400.634648
17533.213136
17347.689305
17193.029250
16690.300866
16651.391509
16525.863843
16405.843214
16644.124505
16752.805861
17010.743978
17457.476703
18101.006726
18530.737995
19433.031599
19836.503126
20200.580705
20217.061571
19956.801334
19529.609996
19141.246329
18544.911870
18256.019632
18271.012882
18518.470218
18878.366812
19275.672569
19496.070826
19669.616214
19381.505552
19114.504063
19435.625502
19552.720271
19939.150867
20303.331044
20303.331044
20030.314567
20462.282466
20230.430923
19688.150068
20056.871916
20217.243530
20226.616697
20615.252630
21057.306631
20721.407564
20295.924000
19537.425912
18580.900031
18034.101952
17826.269750
17630.921243
17400.469573
17335.669421
17149.149373
16676.280131
16628.464398
16771.818094
17023.311807
17047.003558
17437.637942
17606.824269
17623.298123
17699.318881
17968.158012
17831.453866
17530.071556
17471.226974
17416.984081
17468.990448
17544.844805
17757.465296
17938.547514
18129.120913
17914.687775
18083.754514
18051.131329
17534.210993
16736.378235
16771.071146
16723.159873
16606.120268
16869.106266
17077.324056
16849.885654
16472.360198
16626.137536
17066.043642
17512.429022
17816.114166
18115.424379
18026.747995
18080.210966
18301.712602
18817.831320
19594.467209
19895.930608
20004.152598
20502.571573
20556.875275
20296.425399
20424.549205
20161.517844
19482.739755
19257.343011
19114.040609
19432.865069
19730.860983
20780.999671
21270.621568
21255.905750
20674.737010
20536.140939
20525.390960
20351.520219
20462.160938
20648.791696
20639.352462
19845.530610
20183.969673
20814.933160
21146.833664
21069.750655
21260.564999
21487.462200
21222.883787
21099.795967
21386.246537
21154.111846
20178.145539
19976.608673
19790.072222
19301.328050
19472.603604
19468.164459
19190.732141
19522.366180
20105.214906
20359.034649
20641.093146
20526.087853
20556.127963
20370.378715
20067.272983
19533.371564
19518.428175
19203.583531
19257.921790
18908.676538
19262.095726
19676.580810
19429.489816
19072.127895
19354.276143
19150.360033
18441.043301
18809.800099
18736.853192
18270.572061
17865.225608
17895.401196
17394.535928
16903.516357
16779.865622
17059.837115
17317.502808
17300.383689
17457.646561
17750.426010
17865.488870
18058.455155
18392.171193
19102.127627
19195.043968
19345.081256
19208.438231
19338.553980
19491.127400
19777.578989
19647.284952
19371.794305
19077.027613
18905.497523
19267.429384
19339.075730
19879.521430
20098.190643
20238.915404
19948.362963
20538.144863
20963.696506
21378.256732
21292.940905
21256.173375
20991.972964
20846.367219
20601.932195
20758.859921
21261.687963
21233.317047
20682.865891
20854.200874
21225.319203
20462.028540
20180.138829
20130.025011
19811.354740
18859.900966
18549.817470
18222.414867
18042.395619
17914.417100
17740.530209
17645.142007
17577.577014
17547.645819
17369.714024
17559.785498
17726.670480
17822.193081
17770.152574
17900.497645
17763.771643
17575.255702
17699.160743
17907.277367
17503.794022
17492.091349
17613.536906
17305.451864
16700.396291
16576.643810
16450.059416
16330.773826
16788.330685
17341.281053
17785.749090
18011.596745
18364.887277
18560.261557
18885.613673
19139.294764
19425.757619
19473.617469
19475.789810
19798.746816
20243.317544
20534.979520
20775.359980
21096.612414
20521.764676
19925.355855
19481.411076
18878.366812
18049.980956
17822.193062
17858.987222
17643.098386
17766.883376
18367.466506
18905.365117
19122.159270
19739.876082
20510.049297
20588.056228
20840.010400
20863.389706
20708.361865
20675.812454
20795.055875
20699.741989
20381.035506
20595.070944
20336.452883
19726.813551
19416.977479
19701.240574
19332.468785
18974.301826
19241.135039
19093.713671
18848.620963
18724.199129
18919.196477
18613.685500
18416.147556
18429.207869
18579.780732
18332.317844
18659.535152
18789.580327
18779.167131
18443.070350
18126.668755
17514.884208
17308.945813
17447.663798
17851.739646
18309.402886
18753.837669
19300.442056
19239.957848
19486.683947
19579.608921
19625.352713
19822.700199
20258.589844
20347.888498
20367.371206
20671.010888
20226.349096
19443.650666
18872.426110
18750.988768
18276.208881
18098.368172
18325.964817
18368.322466
18207.733502
18094.925726
18390.053333
18537.544288
18464.548009
18655.253897
19199.767612
19490.463787
19954.720161
20321.166807
20299.473596
20128.177710
19754.915587
19160.887273
19115.996078
19057.497650
18571.843996
18669.422655
19109.306104
19156.523661
19455.831679
20043.399427
19913.464137
19820.210133
19888.479491
19704.011833
20057.547201
20417.454257
20209.454424
20136.750778
20247.174439
19893.525842
19780.841598
19958.829668
19970.615774
19948.527226
19693.190303
19823.134428
19781.625078
19979.132444
20087.800125
20276.235314
20469.337201
20484.488424
20068.724866
19480.894496
18808.505509
18272.914573
18036.579166
17669.657246
17698.277675
17866.796131
17628.499308
17611.337784
17691.354589
17615.408217
17556.891648
17496.208016
17155.446714
17019.157319
17305.451882
17418.531125
17726.241446
18021.456715
17903.790475
17819.310196
17528.794412
17031.905035
16565.426306
16516.168332
16126.237022
16143.429322
16240.610790
16462.064280
16337.548758
16587.042968
16504.526078
16415.570517
16380.994773
16763.826987
16555.651058
16503.614977
16882.903828
17058.979526
17500.742306
17953.893872
18534.977618
18658.732814
18747.746221
18524.175360
18457.116855
18498.259699
18702.319002
19060.125525
19053.248456
19250.505751
19237.313317
18924.958128
19287.077004
19658.673644
19953.562369
20042.387206
20294.104876
20150.538622
20414.086377
20613.739731
21255.698088
21623.798743
21732.892702
21859.066773
22123.742289
21832.853013
21887.363752
21364.812643
21040.622886
20942.555626
21632.959767
22007.606852
22868.793410
22392.162367
21749.871537
21296.835533
20854.320881
20605.012071
20837.372004
20785.365947
20169.627592
19816.114706
19204.124338
19105.517453
19207.888808
19645.967408
20094.923187
20081.575526
20001.896710
19885.092733
19437.702677
18986.782172
18859.213819
19018.625426
19363.473854
19270.523922
18981.839036
19259.292359
19539.045385
19420.152782
19742.768753
19881.547811
19660.556223
19223.661259
19119.314528
19316.737927
19570.409415
19765.707491
19537.908864
19435.909177
19045.418509
19023.774037
18730.965595
18787.560509
18757.084221
18739.754817
18540.156568
18874.043825
18958.657160
18887.132041
19025.526734
18915.308772
18405.610063
18410.492329
18640.262763
18668.573595
18874.406528
19178.334930
19600.985495
19832.830290
20123.858931
20121.346431
20221.313011
20439.537748
20283.693593
20419.943919
20535.393884
20437.490943
20176.807656
20237.629264
20016.592755
20053.211675
19916.550204
19740.237272
19525.645663
19315.192384
19011.943309
19202.517618
19430.770815
19104.956307
18313.421039
18307.042696
18747.417689
18704.969640
18941.369559
19661.363936
19876.250742
19496.420072
19181.473809
19522.016236
19532.953446
19776.255008
19862.878484
20325.729477
20026.105841
20186.269823
19785.566469
19865.535979
19311.181690
19224.661051
19094.431550
19031.468557
18348.517556
18104.186333
18461.825518
18444.607372
18316.681331
18527.092200
18541.152815
18200.378917
18040.090823
17725.674660
17497.652052
17183.017812
16467.037742
16107.183019
16402.205599
16454.836308
16849.186142
17105.049228
16983.544742
17089.631230
17029.100350
16923.398465
17491.520428
17755.995460
17328.960514
17183.511253
17092.243980
16488.739680
16063.952550
16712.459721
17046.299087
17368.187720
17752.109302
18485.224640
18196.429231
18261.844709
18607.036628
19040.898553
19016.753816
19090.918515
19153.579059
19346.261127
19003.682748
18457.116839
18619.874172
18836.705530
18319.997956
18181.024890
18636.454400
18406.351194
18302.426942
17947.978924
17880.399535
18266.469789
18899.600904
19433.378349
20328.417619
21486.557963
21762.289130
21894.070357
21146.298989
21195.680054
20950.387610
21088.589275
20783.633148
21100.283067
20618.491880
20032.800119
19375.547409
19175.934000
19753.049936
20307.212012
20964.776985
21528.432905
21483.560651
20914.619914
20557.697164
19798.503338
19134.600810
19052.638219
18935.551968
18763.976037
18746.684813
18679.169737
18547.042738
18225.916965
18228.090438
18020.222727
17942.122747
18017.646514
18200.126815
17951.004030
17788.520651
17519.460021
17063.750464
16834.210760
16592.299030
16709.248280
16689.631333
16915.148837
16605.041931
16833.560777
16830.626951
16837.633911
16212.960886
16516.311543
16521.027816
16451.339888
16631.885616
17141.749736
17262.889943
17044.451015
17304.728024
17193.829554
17133.278993
16704.121792
16649.961096
16300.452528
16191.802481
16348.615057
16719.284650
17238.425552
17756.662355
18032.277143
18314.205303
19045.146307
19150.790464
19096.693350
19105.084496
19196.279552
18493.377642
18054.312196
17663.913069
17672.888222
17204.293587
17119.616644
17450.719053
17686.970778
17594.067392
18121.107713
18370.257798
18614.811655
18417.429126
18820.982236
18478.206300
18154.969221
17865.854751
18002.466315
17464.511557
17024.347361
16729.475961
16675.561638
16846.707564
16738.611652
16875.250588
17168.000238
16632.209539
16230.814101
16497.799675
16655.756194
16658.229156
16759.009896
16438.165159
16112.822223
15857.010441
15898.668438
15891.394381
16094.843311
15925.973407
15863.024097
15462.035372
15473.355936
15415.021255
15273.939341
15209.105076
15341.413571
15313.056980
15770.588060
15989.680027
16091.673374
15993.875883
15686.391913
15354.625737
15625.407033
15461.105584
15881.169594
15954.352578
15507.595393
15244.872003
15507.595393
15147.614312
15314.191486
15784.902340
16038.473214
16283.831393
16313.811857
16527.634817
16864.066460
17198.126267
17356.057826
17902.813125
17968.642238
17864.783898
17747.349477
17819.105881
18079.316035
18504.825026
18903.581161
18597.818559
18096.817579
17617.536759
17382.640614
17150.577978
17679.646400
18692.672989
18993.793499
19487.312436
19621.390756
20064.442533
19996.893120
20546.015770
20820.556409
21425.785596
21124.309231
20729.522021
20260.575909
20242.474177
19936.226164
19858.553920
19951.732654
20166.398536
19792.817215
19461.125396
19827.481432
19981.569666
19853.512017
19567.117892
19660.296162
19252.058417
19672.850565
19976.760388
19946.200165
20161.006859
20237.142490
19493.187165
18811.675166
18959.944568
18337.498202
17804.196146
17567.683398
17788.824504
17798.280279
17693.907188
17910.936897
18060.529911
17902.257270
17782.641384
18324.628040
18148.980886
18120.922223
18461.303341
18317.842328
17658.267273
17630.613493
17689.342654
17287.852720
17482.901748
18155.158155
18330.909926
18131.449848
18322.109776
18319.997956
17810.085751
17731.896979
17463.193993
16886.403100
16376.460879
16432.799455
16575.875861
16814.852318
17254.436737
17562.654378
18063.763247
17931.299963
18163.325525
17822.654833
17970.893918
17691.202846
18354.675197
18651.881275
19519.325214
20296.817852
20622.224999
20136.750796
19887.133625
19960.842957
19188.128691
19072.761253
18940.598658
18827.755737
18127.395236
17737.535015
17153.785437
17199.645736
17130.248252
17280.073078
17281.938815
17212.767367
16876.625165
16989.607488
16863.463723
16799.926428
16862.889626
17212.317571
16908.554337
16476.678224
16697.800801
17038.270350
17088.012692
17374.420551
17608.689737
17606.351543
17428.443140
16623.796212
16539.068912
16394.059930
15980.607122
15366.915461
15703.067701
15487.953908
15739.722125
15631.669390
16063.434183
15944.260781
15523.305352
15106.475646
15459.080317
15299.000810
15628.217946
16218.370852
16868.824538
16901.895557
17120.644328
17242.331346
17181.855829
16912.714901
17004.210377
17142.966391
16640.062398
16670.198631
16741.752865
16810.290706
17120.069749
17760.007700
18241.398107
18540.805442
18571.453385
19037.381447
19594.864885
20065.368740
20075.929745
20567.664047
20007.967027
19559.277585
18715.307568
18435.537664
17991.438409
17893.624786
17379.708977
17360.335977
17685.706584
18061.483388
17987.628553
18282.874118
17762.322562
17200.583121
16472.216001
16335.884063
16276.969565
16714.951834
16650.158257
16551.432336
16473.116860
16213.079858
16119.686341
16592.610641
17233.923016
17615.695664
18006.242015
18303.104255
18478.892135
18593.694175
18698.095401
18726.194436
18858.900679
18416.147533
17969.739307
18158.435532
18158.435532
17616.159365
17338.654636
17437.285693
16641.261661
16144.380835
16019.268105
16255.519344
16396.430277
17044.822006
17493.756433
17845.081631
17461.306931
16772.520517
16067.843067
15866.057927
15950.858690
16555.816840
17298.478104
17738.583896
18115.875618
17742.729817
17641.115681
17269.883398
17397.743460
17078.928624
17538.316628
17580.149865
17805.456470
17567.055054
17996.301937
18024.462566
18308.661451
18536.698936
18447.548966
18375.870698
18967.927840
19122.159270
18821.464740
18743.200578
18784.353682
17897.501152
17361.716305
17530.821229
17598.081424
17710.791986
17847.432788
18003.658614
18086.134791
18027.564359
17745.744201
17834.433613
17526.239286
17265.730724
17436.937903
17426.052723
17365.740521
17226.410083
16991.510385
17069.686496
16902.859637
16939.687757
16969.791579
16850.161085
16722.234994
16503.041538
16345.030455
16878.243797
17165.152126
17002.230327
17167.209696
17171.438529
17232.360074
17197.153428
17225.054954
17276.965366
17188.247941
16559.243194
16653.495656
16655.276087
15948.492673
15636.274325
15393.315658
15233.178809
14730.331418
14568.012042
14584.685771
14754.294775
14490.804510
14972.025966
15571.171559
15670.958447
16215.060654
16734.191943
16680.349793
16678.043964
16682.071354
16500.310926
15961.743057
15873.160245
15750.032119
16020.735248
16204.719162
16632.782230
16699.899430
16931.699864
17174.712084
17131.393084
17070.224137
17866.093894
18057.237495
17986.095006
18267.363114
18323.999473
17495.712984
17488.952319
17478.240144
16977.161673
17148.810017
17649.486284
17760.328237
18156.972969
18382.742870
18115.020836
17683.105646
17715.710435
17481.614227
17368.903390
17772.958011
17885.806311
17560.407212
17332.608657
17779.786973
17828.681948
17926.368119
18136.874942
18390.542104
18420.660023
18021.630462
18190.362077
18340.320716
18368.494844
18164.542914
18545.111107
18621.001409
18634.213989
18621.001392
18584.090977
19002.674496
18683.591977
18260.644672
17933.221592
17859.340021
17375.520725
17462.295505
17813.592317
18011.139974
18095.425606
17616.159385
17351.419853
16924.382925
16624.809145
16213.079858
16375.172967
16390.476063
16223.059740
15988.921261
15811.037238
15390.645079
15520.900122
15818.002296
16256.208315
16514.283064
16983.961462
16951.488646
16919.219298
16606.806618
16576.179377
16331.654328
16153.739242
16077.961346
15945.760629
15904.650027
16228.831857
16773.085128
17202.594249
17747.035958
18057.237469
17817.347505
17531.187091
17207.991837
16752.805861
16427.328410
16115.009404
16336.275872
16886.999957
17327.255520
17283.763499
17603.299891
17753.096195
17314.876225
16785.773386
16844.443277
16785.570408
16286.715480
16124.251467
16419.152936
16783.398100
16896.071654
17299.792585
17596.642340
17800.613630
17735.484241
17972.744861
17961.890859
18053.200173
18152.818063
18102.760277
17856.382953
17678.582529
17506.908446
17266.212652
17021.643702
16873.242203
16814.992487
16411.067091
15994.674715
16300.452544
16601.320675
16198.511237
16330.474959
16577.316660
16464.892221
16349.897623
16627.215923
16746.484400
16740.096565
17002.368657
16777.015896
16484.591008
16401.787959
16364.846559
15952.825600
15899.132629
16254.603548
16497.484513
16608.112780
16635.984112
16777.194755
16855.095777
17056.679191
17397.453580
17104.766689
17142.374252
17077.004195
16461.066310
15732.384682
15730.428774
15448.112376
15498.002510
15465.641872
16077.168686
16072.832605
16383.062666
16222.248236
16548.018498
16174.833485
16443.856630
16173.363975
16104.263482
16127.867017
16251.753570
16247.288020
16311.099975
16462.762604
16328.142031
16161.003416
16284.693594
16991.877093
17135.432331
16935.769592
16818.540344
16794.488996
16479.737344
16024.282666
16594.757680
17232.557737
17056.535451
17514.884192
18360.647858
18458.026785
18720.733222
19512.447113
19347.647034
19629.686436
19827.060322
19649.141746
19770.623329
19937.504851
20112.986068
20104.596429
20540.456619
20264.718149
19950.011326
19043.800143
18770.211168
18299.932997
18045.837132
18151.811196
17928.255466
17462.121424
17047.478249
16917.690288
16504.165752
17121.914173
17621.225471
17449.845459
17354.509403
17704.357181
17595.957014
17704.357181
18099.160831
18296.492395
18139.055381
18043.729120
17587.941637
17271.586107
17148.166873
17051.754731
16689.198849
16574.724657
16791.341797
16795.776710
16715.480756
17171.238805
17656.897292
17390.071804
17529.344609
18123.293656
17709.471900
17325.376573
17336.298251
17149.853976
16766.837569
16990.306637
17087.664807
17046.440652
16677.881259
16257.191379
15929.840263
15736.768861
16053.578462
16656.121374
17182.721221
17892.018706
18197.585255
18382.144556
18373.540792
18115.020852
17865.488870
17934.707302
17603.039558
17462.121445
17577.102332
17577.102332
17555.370420
17911.070391
18373.349188
18744.308512
18536.291832
18286.651578
18148.083898
17573.298396
16924.711458
16881.272489
16940.043118
16816.183897
16345.683089
16176.322048
16172.196095
16386.863252
16553.827106
17349.768063
17718.970938
17627.557211
17202.402065
16862.017278
16636.315042
16852.647572
17147.849893
17188.772139
17102.040833
17136.725872
16445.936056
15858.362114
15932.065805
16022.827091
15381.608980
15496.287917
15945.242398
15713.093319
15823.794985
16493.927764
16888.774339
17146.941949
17767.199244
18352.618510
19100.825862
19363.863259
19489.660308
19667.916202
19418.062062
18550.435375
18506.069252
18300.116301
17907.429720
17928.968579
18184.592921
17987.475233
18195.718853
18215.655860
18148.234132
18109.205596
18172.645291
17714.789447
17673.916134
17721.286515
17652.413035
17597.892611
17563.150683
17723.777296
17719.607455
17713.007540
17637.570164
17748.172638
17702.832068
17965.097479
18342.548928
18868.961029
19389.523778
19790.604226
19994.706246
20367.565937
20463.209964
20478.809729
20470.448297
20771.686081
20604.878107
20036.115987
19470.076079
19504.879294
19339.790073
19455.126086
19924.919829
20868.122462
21350.005657
21139.705659
20896.603144
21323.501104
21391.268235
21544.881659
21785.712477
21820.183547
21642.408323
21826.613291
21247.511454
20930.539031
20867.892118
20442.650791
19757.139691
19445.091466
19102.478531
18764.116077
18178.767022
17831.890594
17810.281633
17936.077500
17786.380827
18324.468504
18307.205392
17977.748297
17782.444811
17732.221973
17652.878661
17344.581987
17522.576812
17457.307593
17349.017060
17182.305810
17934.516637
17941.052573
18012.713025
17826.476064
17628.692176
17277.245494
17321.086005
17381.510796
17743.708304
18115.152058
17978.623628
17930.658061
18013.053417
18316.837659
18370.556500
18494.395516
18730.786725
19082.232945
19133.991452
19152.850059
19068.411586
19096.693350
18979.376690
18786.618840
18586.799243
18799.076994
18671.228742
18465.264062
18289.681750
18258.989952
17875.236274
17619.277770
17439.235454
17721.084977
17914.114154
18050.447009
18154.576278
18184.592921
17865.973840
17544.254731
17366.469203
17546.707883
17362.024708
17268.993469
17437.995099
17665.730048
17752.520363
18133.988410
18505.350977
19016.918574
19357.881739
19624.885390
19314.355742
18709.362322
18464.902718
18297.847792
17723.226414
17760.167146
18054.915320
17260.746214
16486.600222
16276.302572
16182.514365
15695.123698
15960.146035
16151.628190
16311.888931
16364.160280
16876.033753
17399.655617
17920.149735
17692.434121
17809.530014
17978.920347
17816.561398
17727.569780
17964.071009
18395.768487
18064.129268
17763.047961
17322.961360
17537.392816
16930.494643
17086.566229
17100.648293
17018.328003
16421.776243
16419.696227
16059.472395
16146.417026
16382.931572
16530.403766
16272.487968
16500.145301
15851.701896
15447.941378
15111.642407
15158.178806
15281.097602
15880.305599
16004.049367
16175.238713
16134.092541
15910.733137
15762.475655
15825.647246
16161.292649
16252.802891
16235.598634
16716.936324
17415.388084
17610.546460
18207.108457
18497.603391
18323.834226
17922.619685
18161.119043
17957.204182
18532.048256
18874.958721
19462.337146
19714.250469
20365.141424
20180.594912
19621.043376
19217.836020
18938.254332
18107.672843
17830.120827
17618.640882
17117.611179
16974.304243
17224.031723
16898.691970
17173.498824
17461.951802
17025.908933
16659.337007
16924.074990
17095.362933
17477.153607
17568.330933
17470.534216
17073.813624
16925.912505
16611.522463
17019.017264
17283.551737
17626.454829
17497.071298
17135.236705
16644.585371
16367.221029
16139.591625
16264.788666
16552.605748
16654.448714
16886.542541
17244.067086
17434.726529
17568.995651
17837.951589
17892.263610
17580.149844
17577.417142
17878.978388
17783.587061
17768.476695
17996.158134
18158.210934
17795.873097
17690.067999
17906.767899
18071.409948
18412.163114
18514.310555
18642.006555
18592.360518
18390.542104
17953.556262
17856.041231
18100.647165
18037.807968
18105.334373
18281.545069
18390.053311
18066.488382
17925.831258
18110.396017
18016.192453
17931.728670
18315.579298
18894.634096
19000.828831
19156.007995
19394.439141
19652.601277
19556.875537
19880.434027
20253.617852
20225.740944
19705.096942
19941.283682
19785.442001
19578.415337
19776.255008
19880.296045
19129.523052
18943.244441
18682.662054
18485.070033
18528.421035
18437.424819
18261.657493
17911.348454
17677.423903
17384.656375
17842.272934
17731.434183
18102.545115
18332.610157
18592.869029
18714.299652
18677.401302
18148.826813
18049.196493
17591.541982
17153.301733
17140.441921
17514.147583
17405.455457
17789.309916
17776.000942
17572.541038
17180.148497
17355.632431
17143.080961
17375.351010
17741.817672
17957.990547
17645.653106
17877.666710
17704.200005
17901.587774
18265.958658
18797.085795
19094.245552
19454.568750
19636.254004
19333.329499
19109.546572
18361.756667
17648.021276
16648.457776
16296.031215
16319.933522
16781.709374
17094.039994
17276.351740
17685.299282
17821.688294
18051.527399
18385.411264
18736.853171
18899.012040
18563.024058
18083.614003
17489.202003
17493.756410
17300.952972
17248.980124
17498.138200
17903.984820
18031.999605
18757.859286
19382.531387
19532.263855
19616.681351
19909.492139
19738.032689
19681.903789
19755.278785
20115.380803
19854.809656
19303.172671
18830.116346
18552.578380
18116.543540
18090.612889
18266.735752
18713.606677
19268.837629
20212.084328
20637.382815
20933.443448
21410.335191
21080.647686
20308.686879
20011.699573
19602.781566
18986.782188
18975.798593
18698.356279
18303.544979
18315.579298
17797.097551
17354.819424
17593.384740
18087.686545
18282.874118
19074.213665
19508.248599
19623.123351
19477.736263
19903.172749
19536.804058
19480.253083
19440.834595
19625.455397
19634.999264
19725.907156
19578.248223
19331.179392
19268.187859
18626.687554
18798.161422
19609.501632
20162.357981
20381.506197
20893.318054
20470.803112
19607.442313
18913.602829
18303.830004
18066.488382
18277.177566
18476.981142
18947.519096
19211.589367
19355.183837
19780.323536
19778.188426
19752.255877
19925.517314
19657.721338
19152.342188
19291.036794
19210.915780
18939.928614
18789.298029
18768.079264
18757.084221
18973.904125
19086.634433
19613.156094
20011.996252
20462.698979
20905.514544
21651.667539
21978.411637
22789.661520
23630.314351
23980.066409
24110.067565
23964.398018
22908.210640
22053.638910
21153.697658
20222.953199
19694.457006
19716.468462
19145.964742
18486.560877
18228.206790
17598.847073
16915.461755
16646.835885
16995.834138
16989.760566
17085.919771
17250.596530
17135.945017
17278.901198
17916.241624
18431.009013
19188.128672
20011.996235
20374.163020
20371.933206
20531.850464
20345.105940
20089.105689
20197.839091
20432.128887
20215.861106
20166.057934
20103.088381
19632.411307
19289.920723
19414.243734
19405.860715
19215.092602
18922.084833
18377.637340
18152.162250
18022.102369
18349.408524
19004.345116
19622.274454
19737.755642
19859.148943
19568.556169
19375.359328
19108.812745
19108.812745
19115.153010
19251.721551
18902.564142
18783.211738
18454.691630
18382.890070
18534.564910
18729.880558
18673.614068
18882.492207
18882.492207
18715.723141
18891.269541
19461.633334
19564.786143
19476.160163
19855.593887
20586.980262
20588.539217
20442.991356
20890.046326
20937.762868
20831.197610
20681.930664
21344.029676
21302.562423
20830.222611
20299.046671
19810.791570
19310.494397
18924.410021
18980.481465
19407.979735
20102.083055
20874.809293
21408.585373
21441.006425
20682.187660
20543.057654
19765.500717
19763.354364
19535.872940
19355.511079
18980.072271
19144.913041
18782.507622
18732.825826
18761.003713
18550.435375
18414.220583
18236.647539
18438.478489
18681.432744
19036.829868
19460.039063
19388.216454
18980.072271
19379.301040
19676.580810
19298.793817
19751.801728
20506.441202
20694.881642
20777.185091
21167.197752
21390.778759
21592.520358
21696.947964
21289.094889
20931.378076
20804.159057
20595.752420
20096.825232
19918.732876
19575.965566
19122.596177
18786.618815
18673.782076
18649.778911
18868.445704
18896.681676
19085.438027
19065.857937
19295.216141
19939.442091
20334.046322
20414.429043
20611.531964
20748.227719
20616.711097
20619.011762
20719.177356
20874.716340
20772.637023
20408.797282
19677.847208
19328.771442
18944.559574
18684.365881
18442.591381
18763.679531
18925.889930
19301.328025
19682.798456
20481.960020
21232.420413
21529.392422
21893.877184
22438.030319
22776.880243
22757.197571
22540.416605
21954.167258
21566.930869
20875.130529
21151.076554
21567.417541
22447.369423
23064.115682
23587.660920
23306.227760
23364.421476
22882.808824
22498.499455
21909.064277
21313.073790
20558.180252
20257.010495
19792.636018
19865.301284
19581.582124
19180.270214
18965.489590
18809.242696
18369.819625
18586.799243
19172.572171
18888.121422
18621.276033
18821.311313
18740.889454
18597.818537
19044.695741
19244.031106
18809.430717
18562.517654
18744.308491
18362.803912
18037.224101
18500.093657
18912.485818
18840.496972
19326.514812
20003.617301
20085.680849
20291.406496
20516.576995
20445.511688
20417.136199
20562.689288
20209.454438
19890.275952
19328.916539
18422.070048
18095.609863
17794.343112
16846.440901
16356.618275
16560.059624
16212.731173
16321.196180
16752.633923
16960.951068
17350.839022
17644.998665
17848.628886
17820.475764
18338.897309
18644.626099
18778.557371
19040.898537
19366.014178
19114.662978
18960.654299
19059.541835
19128.750939
19306.538344
19668.949230
19829.228388
19880.992142
19753.049917
20264.582824
20730.978470
21000.127849
21599.125945
21985.677709
21420.972248
20920.065628
20952.751948
20699.333117
20508.430845
21017.675510
21551.157979
21564.606799
21211.951351
21355.513568
21159.494787
20958.059308
20648.318914
20939.372730
20501.264481
20574.945017
20421.130091
20536.306638
20484.488453
20631.783034
20588.421423
20460.635666
20330.099785
20509.071268
20828.220013
20597.728585
20675.925923
20862.641796
20515.039130
19963.897087
19820.661975
19723.401813
19284.942090
19240.480927
19706.369678
20034.559251
20370.073614
20424.549205
20436.485135
20521.215927
20380.124220
20180.446443
19998.492625
19685.882303
19436.290151
19720.231956
19590.535894
20286.641387
20462.499348
20285.035946
20191.819185
20317.480116
20052.889570
20250.261424
20471.439912
20694.751421
20957.170373
21189.194279
21485.287459
21522.076755
21270.519312
21296.697312
21320.444336
21153.697658
20934.868056
20785.006635
20233.692487
19870.098332
19583.143551
19656.717403
19474.710582
19487.539185
19307.455569
19234.935576
19134.789936
19351.945546
19983.209622
20345.105958
20700.032213
21380.274317
22024.932802
21808.390821
21491.335893
21265.815438
21012.484549
20762.775513
20626.640935
20515.655114
20865.817206
20258.589844
19850.809752
19761.883242
19933.379391
19312.820222
18998.353912
18512.813843
18464.902740
17979.216893
17612.574627
17742.576423
17844.800585
17361.045196
17265.730740
17789.488301
17808.991158
17637.570147
17431.620961
17390.226431
17012.223719
17153.145421
17209.564610
17385.285988
17398.239047
17076.446600
16738.188994
16586.481792
17158.817928
17729.277719
18412.853409
18647.164567
19349.904350
19423.403582
19399.857773
19188.414196
19272.323025
19058.174121
19103.843056
19261.764573
19550.909510
20108.214287
20618.126417
21157.948752
21290.420738
21440.815457
21276.025137
20963.696530
20280.295077
19399.980805
18765.318211
18242.791498
17774.696593
17460.110617
17691.964434
17696.544943
17928.609652
18360.339959
18839.655424
19199.535228
19382.810527
19374.227859
19393.571478
19610.518843
19703.814604
19872.858399
20081.156324
19853.512003
19435.125974
18851.443004
18848.960699
18862.025457
19124.642181
19133.452240
19519.325234
19503.422791
19735.170743
19595.931441
19418.287568
19917.039757
20057.999582
20398.906900
20797.515457
21690.847379
21751.845573
21984.914795
21010.792633
20795.938792
19772.200483
19256.664938
18866.353664
19039.974139
18682.215773
18538.499973
18113.833447
18083.199001
18443.070389
18957.216869
19648.914168
20468.764711
21049.350096
21309.261207
21536.516360
21695.538716
21360.769217
21062.783607
20806.856851
20553.455803
20544.901606
20715.340570
21249.365883
21744.006445
21685.059751
21472.755023
21648.559084
21364.262883
20865.166717
20867.515711
20863.098233
20975.717563
21036.984298
21223.062861
20982.695242
20852.868530
20368.941539
20091.703444
20021.902851
20057.045404
19657.950430
19987.468837
20043.733256
19766.493875
20137.278310
20282.485965
20117.708996
19513.934245
19333.694093
19188.676855
19516.064038
19286.275904
19192.268422
18927.901026
18164.211430
17689.533432
17251.072014
16929.533787
16892.519409
16913.973242
16972.625764
17172.234093
17731.280256
17848.431027
18310.437316
18655.063204
18926.100362
19149.721804
19448.921339
19505.142235
19125.694662
19095.449874
19086.067572
19335.128673
19513.280393
20020.668699
20172.477811
20764.863155
21066.014705
20970.440266
21015.792451
21371.765177
21171.997757
20745.117532
20475.908664
19970.790072
19309.173699
18468.125492
17908.327771
17808.629337
17865.225591
17134.378321
16936.838047
17283.763499
17342.373062
16971.526147
17626.635445
17572.541016
17184.209739
17355.501070
17561.920516
17264.734059
17355.907884
17375.687413
17013.497673
17273.692733
17377.861256
17420.097124
17170.658664
16999.554753
16654.584205
16539.547882
16798.244934
17097.428924
17533.370953
17741.501030
18223.035178
18582.486111
18634.535173
18532.522995
18580.430168
17901.433333
17506.581505
17647.451733
17500.347748
17430.679694
17975.098590
18320.799854
18211.887958
18025.674938
17912.809234
17223.411650
16725.184813
16499.604747
16838.006870
16659.829080
17316.940910
17986.884260
18110.572322
18079.811058
18125.800988
18182.050700
17735.484220
18351.431853
18581.403982
19127.923100
19136.527111
19242.383762
18964.749328
18476.981142
17943.253246
17769.710195
17281.097811
16960.121272
17465.017695
18200.378917
18515.012232
19290.319893
19602.588302
20075.163961
19691.765332
19641.419068
19312.615720
19161.026097
18362.991030
18529.806454
18935.551949
19196.058357
19673.048978
20102.718623
20048.396536
20042.111035
20836.064619
20948.751096
20745.246999
21027.195835
21105.296771
20087.966720
19619.475095
19918.366519
20270.152440
20190.269301
20457.632969
20745.999157
20622.224999
20112.550609
19791.707282
19390.001247
19190.305036
19109.700090
19092.797588
19431.462327
19719.959437
19971.725440
19889.168593
19941.116076
19819.901321
20144.216417
20172.294385
20354.697727
19961.718053
19805.716478
19542.611621
19243.432772
19243.432772
19330.033921
19232.294102
19185.443322
19133.554000
18476.580965
18923.265232
18734.381504
18776.651784
18969.700846
19305.887854
18683.453128
18711.669186
18643.393455
18437.635129
18283.514767
18428.772650
18556.659079
18695.346662
18771.069569
19473.991263
19751.801728
20050.844946
20276.372867
20527.820756
20495.487798
20180.893444
19890.094068
19794.004099
19867.431219
19885.404352
19945.987259
19934.927949
19895.170249
19810.433270
19806.061916
19877.577461
19910.068117
19527.169247
19132.974068
18963.397681
19162.904866
19570.553130
19873.687230
19767.539010
19570.125477
19489.885139
19142.751031
18642.347180
19327.993887
19280.158328
19202.190205
19310.494397
19794.318350
19863.925588
19850.809752
19588.681437
19212.993978
18809.054706
18366.746695
18297.163573
18646.523791
18596.607321
18523.449957
18037.646841
17992.357634
18061.679766
17827.627833
17874.632634
18091.351540
17967.832206
17293.098769
17568.659712
17319.865884
17367.148155
17512.644514
17928.968579
18024.462542
18296.997760
18303.402726
18468.476043
18769.711685
18860.687312
19203.583531
19585.327000
19433.942038
18978.780968
18620.555680
18169.353777
17503.599265
17614.399964
18325.550267
18956.896513
18930.608781
19609.824014
19245.142122
18555.589262
17996.158134
17892.661959
17305.024000
17919.150944
17843.072866
17725.823979
17460.484137
17206.362927
16384.215269
16037.559595
15636.405782
15556.333485
15784.243831
16352.305700
16946.538667
17666.825380
18190.362060
18359.854968
18175.560001
17876.122037
17800.303921
18056.160541
17978.468741
17845.789417
18193.073615
18001.961265
18154.774454
18447.548983
18447.548983
18775.098272
19458.002186
19601.494431
19887.963541
20647.139735
20835.564441
21050.375165
21489.920300
21613.549324
21292.402471
21359.704569
21342.028640
21010.933280
20522.641663
20437.994955
20041.661443
19742.100931
19356.934338
19122.596177
19009.753561
18881.880473
18480.580998
18259.670905
18749.694003
18587.298519
18238.080239
18535.192608
18199.523639
17301.267025
17244.959459
17416.186168
17377.292775
17720.259994
18088.933954
18179.956664
18381.986941
18414.220605
18374.488623
18506.641984
18376.478662
18350.396670
18010.351133
18078.286218
18256.019632
18190.656776
17822.193081
17954.598282
18344.627147
17969.350786
18133.988410
18572.294071
18617.723563
18359.479294
18485.224640
18754.022858
18899.309250
18630.417149
18350.797029
18470.296206
18711.003609
18587.298519
19062.402036
19165.606735
19345.665053
19354.436369
19772.565199
19736.329506
19865.178332
20399.064680
20288.089710
19852.337407
19509.500340
19645.967393
19214.476748
18724.199129
18624.608679
19055.703366
19377.850458
19267.086345
19494.885503
19258.359221
19403.924267
19164.239663
19266.188104
19174.921025
19391.653839
19112.568567
18764.389269
18534.367510
19087.396226
18970.480018
19050.670042
19454.988087
19487.312436
19359.251747
19550.137797
19299.102479
19455.976598
19718.478812
19798.623188
19731.149537
19835.987344
19685.166574
19377.378101
18878.366812
19403.277850
19925.879616
19949.188576
19977.579616
20472.006502
19947.093083
19244.503187
18892.200071
18679.530171
18128.663089
18016.035710
18258.830624
18571.578392
18747.246459
18840.194333
18959.572922
18983.436056
18443.070369
18533.989349
18854.934478
18553.720359
17900.981692
17644.998665
17460.658222
17414.938023
17538.147317
17820.475764
17956.656246
17926.368119
17870.086947
18041.435059
18156.151456
18182.248169
17989.015239
17702.832089
17321.254287
17416.368632
17691.505897
17841.068534
18246.655098
18736.686411
18675.805231
18711.341218
19329.372414
19092.987067
19104.014463
19118.853934
19088.226802
18351.006667
18606.826491
18626.338012
18711.174636
18563.136155
18771.069590
18463.334145
18461.142009
18593.243598
18983.436056
19011.943309
19044.361810
19044.361810
19041.851062
18865.977447
19221.380402
19217.043005
19141.082922
18950.397047
18872.790181
18742.615659
18798.928844
18950.930168
19360.811410
19729.943998
20033.566989
20688.408007
21379.841543
21340.923398
21789.941735
21907.510318
21750.583698
21544.737916
21809.084711
21706.110823
21867.174253
22061.579129
22135.035698
21961.872025
21759.399278
21499.591549
20989.670102
20627.438427
20710.024068
21080.962469
21124.732514
21508.673121
21686.462237
21755.683329
21356.439033
21212.993753
20684.114410
20560.690567
20268.195083
19901.482083
19461.125380
19575.965566
19634.735018
19619.475110
20037.476174
20178.358926
20106.739615
19382.531387
19063.519089
18556.126281
18961.715640
18927.127338
18788.329535
18766.574058
18658.593042
17732.221994
17669.313708
17860.152929
17541.923946
17290.143278
17491.905926
17276.965397
17409.342924
18298.653422
18803.984121
19530.071493
19584.487831
19361.205125
19009.753561
19141.246329
18781.360751
18924.552053
19486.521555
19236.733956
19257.921775
19034.556817
18811.055813
18273.502677
18357.816211
18291.778299
18331.294738
18548.105960
19135.649624
19636.571961
19850.674161
20253.806742
20353.810618
20095.676419
19689.786386
19370.441175
19420.731983
19853.947941
20138.098568
20637.257522
21318.596055
21405.262093
21346.662781
21563.377725
21340.092005
21126.590693
21284.593634
21278.219965
21059.167798
21085.604634
20641.248093
20229.130051
19975.459942
19645.846792
18858.732302
18573.978613
18038.171783
17953.893872
17775.770698
17988.383559
18322.109776
18411.127368
18152.975896
18228.462043
18244.034024
18079.568964
18068.892653
18320.623702
18530.738019
18997.044504
19342.408167
19481.230449
19522.184771
19492.133894
19381.684684
19090.121354
19278.780524
19187.969556
18682.662038
18730.063278
18652.641379
18485.543946
18461.644587
18841.038025
18646.188220
18530.933443
18895.351431
18973.456193
19040.648290
18978.209774
19050.493294
19007.060323
18985.523168
18967.927819
19518.994974
20162.681471
20071.781721
20112.696484
20394.622841
20553.342672
20275.961531
20403.791792
20898.725818
20527.337988
19468.864790
18959.198569
19130.484808
18970.106560
18993.793499
19648.914182
20297.266507
19995.820438
19529.610009
19774.957783
19846.064128
19650.972289
19588.681437
20102.384541
20332.468818
21169.459550
21785.185032
22417.943743
22889.062975
23698.079809
23575.910849
23581.549835
24066.876227
24526.651977
24671.515598
24832.448457
24378.994947
23311.647243
22070.815000
20969.813001
20037.118838
19736.681688
19677.847227
19281.148361
19144.369182
19150.790464
19350.641815
19582.661087
19617.242966
19261.454222
19257.454980
19649.373130
20144.216403
20751.356528
21468.920029
21785.618384
21752.903634
21920.091809
22199.325988
22212.586064
22217.000893
21998.753458
21703.665998
21749.213284
21827.105707
21740.131236
22024.793483
21573.973182
20901.169684
20508.900456
19994.992227
19504.100025
19484.138820
19434.545037
19109.016448
19104.709145
18710.080981
18215.828466
17938.012580
17332.789420
17083.296456
17280.967397
17497.502243
18096.201762
19351.945546
19861.698290
20124.649084
20462.698966
20159.540683
19957.743759
20118.202723
20209.794666
20088.529133
20205.717818
20004.152598
19936.410797
19910.592015
19769.687477
19461.757113
19322.955867
19724.350910
19505.546990
19637.866576
20047.782013
20251.872166
19631.249646
20010.049264
20242.186606
20515.292711
20981.497662
21131.206147
20863.243383
20854.440510
20368.788917
19906.868034
20167.122391
20303.331044
20222.808326
20258.097364
20548.290688
20416.053397
20054.272413
20446.578246
20472.637917
19928.385002
19416.635867
19783.170454
19091.408750
18787.881544
18433.935501
18405.896298
18208.601055
18521.124770
18911.558647
20030.554571
20640.012964
21124.083213
20872.517241
20537.961063
19594.864854
19189.222311
18611.231352
18255.717037
18266.469789
18251.403978
18411.812096
18075.835496
18589.574549
18635.384794
18375.048430
17832.722536
18173.382042
17794.173221
17455.691960
17776.270960
17993.487017
17674.211467
17611.139235
17823.460241
17530.821250
17468.118206
17635.098866
17587.097213
17628.152002
18185.456564
18237.737120
18893.304626
19552.366007
20012.273007
20255.167684
20769.309125
20553.342686
20622.379591
20752.011598
21377.710433
21461.892566
21520.850952
21019.314685
20733.612128
20199.827312
19937.266040
19909.217596
20386.315217
20325.729460
19648.914168
19503.973182
18993.675435
19325.629833
19364.584464
19841.558640
20589.617700
21288.091907
21270.463362
21441.418824
21478.617705
21571.355576
21639.987321
21754.714940
21902.567431
22090.657491
22206.089840
22446.159758
22446.159758
22796.764451
23115.475117
22703.973512
22736.783346
22341.931739
22268.459186
22083.531805
22244.551687
22648.651023
23255.634924
23617.988301
24183.989771
24208.168790
23930.874638
23982.527353
23381.903245
23095.867351
23163.251684
22894.917192
22292.314852
22261.917899
21819.284765
21561.595051
21213.182763
21263.120903
21415.202697
21740.131250
22189.159706
22572.303091
22572.303091
22488.131888
22268.749761
21431.658377
20562.232974
20030.939946
19469.061268
19130.959144
19391.059677
19835.620723
19698.693175
19572.914623
19414.391343
18978.887974
19025.172849
19064.430943
19112.738214
19190.305036
19370.261933
19081.707264
19825.189967
20098.445682
20105.063682
19890.094046
20193.220655
20089.105689
20208.975701
20388.580038
20568.565126
20594.916784
20694.346316
20969.813001
20963.280495
21186.627444
21050.375130
20923.197021
21078.761078
21499.314266
22175.641629
21993.264569
21971.410873
21851.881045
21903.709821
21596.109160
22493.841367
22723.547095
22683.672122
22524.100966
22024.793492
21458.782025
21230.835793
21592.741004
21393.107430
21506.654816
21501.294536
21532.276542
21169.821067
21230.480776
21302.089801
21316.392332
21402.974577
21810.047006
22250.852251
22502.815371
22744.550385
23037.245521
23030.828917
22855.072495
23000.401038
23052.069705
22850.374535
22246.809196
22377.292157
22219.021376
21981.787765
21425.007885
21309.458594
20686.978975
20396.608063
20173.370010
20537.506707
20386.022627
20128.032543
19739.511370
19354.436369
18773.211530
18404.465157
18369.667272
18651.676873
19036.957750
19390.462045
19756.774832
19919.557939
19581.582145
19299.616784
19149.896044
19190.946196
19436.039980
19455.545736
19859.546561
20234.415489
20234.415489
20024.589139
20414.860819
20318.545571
19952.048639
19956.267559
19969.513906
19574.611113
19769.529162
20192.525035
20240.178708
20017.203903
20370.073614
20180.138849
19785.442001
19965.310749
20069.480367
19841.558668
19787.620459
20071.958375
20191.414267
21002.010343
21368.676175
21643.253717
21745.549483
21678.489841
21379.248330
21444.205453
21484.049159
21707.551374
22175.641633
21892.036526
21818.120467
21357.475446
20938.926606
20329.325849
21014.903532
21819.401246
22395.244517
23080.620117
24474.963011
24555.207479
23563.904005
23195.046456
22884.565183
21709.751975
20701.148907
21037.319565
21244.110707
21261.318786
21105.530825
21280.461117
21011.986831
20852.479034
20401.253969
20021.338626
19635.518905
19457.393064
19175.593571
19093.357534
19455.545736
19796.022295
19882.379546
20244.488864
20569.575071
20528.454143
20736.104333
20977.591673
20630.116106
20207.160893
19909.769519
19719.093794
19632.165964
19946.916749
20233.187454
20606.070323
20721.580504
20627.703582
20588.181489
20436.485156
20475.540466
20820.261046
21052.183703
21390.621677
22006.783330
22308.641548
22631.147602
22468.475734
22161.188634
21606.067157
21249.836176
20555.422558
20365.141409
20487.020052
20452.480415
20355.035115
20101.348921
20107.464373
19729.583799
19772.436283
20191.547662
20564.354214
20637.920714
20572.291312
20411.743876
20318.545571
20812.849784
20762.947413
20967.524818
21342.703795
21108.404076
20193.081768
20368.941539
20185.506984
19988.188819
19942.490763
20443.778016
20561.024102
21087.077732
21544.737909
22234.014557
23008.694441
23505.342391
23716.797389
23959.700073
23850.844927
22972.817628
21932.176514
21292.741614
20273.658738
19325.792790
19122.016625
19488.097296
19650.124325
20143.176868
20431.581175
20472.301483
20181.752460
19885.909646
19306.688146
19122.446621
18936.013591
19046.198222
19373.195516
19570.409380
19585.326968
19860.997752
19965.165559
19436.414390
19399.857773
19829.093622
19514.712037
19180.623528
19276.855134
18929.872304
18301.066487
18010.678065
17769.710214
17729.823278
17968.317999
18205.042408
18632.160615
18720.908000
18661.961224
18828.799657
18594.740516
18614.484006
19097.900276
19408.169262
19397.205695
19217.176248
18523.173990
17892.263595
17605.624267
17384.499739
17525.209024
17794.343112
17807.151429
17656.776090
17839.108987
18151.443347
18283.672047
18274.973889
18321.949495
18057.442408
17634.715112
17708.439313
17940.169239
17719.607455
17795.241872
18044.723119
17977.748272
17908.010250
17938.721924
17650.092024
17515.569818
17539.221883
17580.893646
17813.437165
17971.747347
18045.356285
18140.858388
18446.796330
18658.296722
18912.150122
19343.638896
19965.723182
20243.317544
20645.143579
21150.519096
21141.733577
20727.699357
20461.016726
20496.099657
20170.833180
19806.458141
20140.242178
20615.612723
20685.640090
21373.019372
21898.371864
21628.554499
21364.705486
21026.724932
20310.973510
19865.775192
19788.014753
19401.788745
19660.556207
19744.926339
19916.386028
20157.613038
20215.687607
19578.771606
19212.085066
19041.031218
18654.880874
18778.766440
18783.211716
18685.644849
18555.589240
18416.876792
18442.910699
18649.617601
18955.588159
18944.408448
18966.283697
18870.711331
19129.205128
19272.066223
19704.011833
19781.945964
19767.024447
19785.693407
19612.359282
19072.127914
19100.366307
19096.214297
19271.949026
19435.126019
19519.486747
19694.785512
19959.977058
19257.455007
18897.371466
19140.163294
19014.347471
18749.535397
19087.885763
19777.885552
20360.539842
20430.877252
20569.054070
20818.628157
20707.789912
20432.410440
20725.139340
20948.437115
21134.028881
21127.458911
21277.396374
21413.987199
21587.348256
21427.326488
21130.656665
20768.337543
20467.119992
20245.733758
20699.333134
21300.354573
21898.405517
22369.351447
22660.312463
22666.426133
22547.363737
22216.142621
21920.860855
21606.468612
21119.934577
20607.740930
20220.082681
20191.819185
19699.383106
19516.064038
19745.645955
20019.323596
19505.142219
19711.544252
19379.925504
18768.576800
18417.057295
18412.682942
18679.343613
19261.925812
19368.689840
19624.740312
19995.265600
20170.833202
19844.440531
20130.350236
20069.809436
19917.854217
19818.483884
20314.155461
20606.366281
20537.253590
20550.141813
20376.762121
20104.429176
20102.230435
20531.738830
20692.116655
21323.095172
21365.183079
21007.268371
21159.186241
21057.490215
20113.802128
19832.236476
20250.820337
19462.847919
19179.740976
19244.343048
18875.554482
18200.784806
18207.573071
18148.980886
18370.113101
18814.341311
19343.638920
19716.584134
19935.404376
20213.068988
20175.749239
19876.363853
19791.707282
19845.809042
19850.406700
20211.879879
20305.334955
20326.934231
20780.653290
20511.347414
20379.941219
20811.551906
21175.666694
20865.595531
20891.694632
20466.798704
20123.858909
19863.573764
19774.705060
20073.723897
20623.251881
20679.983650
20560.861096
20491.510175
20172.477811
20010.566176
20417.931564
20574.030096
20955.945306
21116.353769
21332.988361
21071.622258
20890.444302
20770.906553
20837.895011
20730.076225
20814.564332
21203.026398
21829.146143
22324.281099
22744.553864
23363.262524
24167.359229
24264.953845
24319.173069
24662.200080
24913.777314
24954.808075
25596.939668
25575.251983
24731.781444
24056.971508
23628.367953
22498.071809
21843.174361
21732.892702
21702.272907
21123.586926
20684.912893
20641.681085
20442.065991
19904.153107
19771.805710
20008.338101
20402.950962
20532.073152
20425.737022
20330.099763
20267.990002
20055.066998
20233.302614
20591.200123
21233.112688
21721.492324
21806.215099
21587.348256
21409.495186
20973.814215
20498.930742
20633.105287
21519.063165
21721.031247
21609.161059
21532.276542
21466.983476
20851.404422
20855.224181
21063.417778
21196.057404
20905.514544
20914.737703
20648.318933
20366.225090
20164.450747
19789.341932
19401.410593
19172.058054
18638.394769
18332.465000
18770.382586
18953.662391
19053.816559
19743.103102
19808.496827
19209.881985
19362.385171
19325.629853
18833.132115
18501.243393
18683.592012
18161.987167
18509.079530
19042.484693
19628.367371
20181.048478
20343.572880
20011.544357
19909.492122
20436.651220
20221.792769
20170.114404
20701.547272
20805.782920
20081.156342
19909.769501
20186.520269
20076.098069
20133.059530
20410.711309
20644.580949
20546.297876
20797.515457
21210.006435
21227.166830
21086.283348
21288.417830
20965.084890
20821.595740
20626.848080
20637.507957
20672.407005
20627.131796
20206.499137
20533.858342
20803.254424
21042.165711
21315.916038
21658.749541
21300.962628
21131.514080
20649.698007
20369.792944
20144.436174
20400.473437
20276.658253
20088.765629
19817.964858
19470.612127
19114.987487
19230.150647
19154.949769
19102.860311
19213.254047
19504.227286
19510.418092
19564.215677
19670.624761
19939.720751
20171.746564
19998.492601
19859.546561
19853.266484
19859.546561
19594.995452
19569.111609
19963.684118
20232.760745
20018.258899
19469.061268
19037.551894
18859.360453
18609.766453
18390.691576
18869.913152
19039.408783
19128.437679
19711.862335
20343.284025
20837.213053
21518.686541
22016.410254
21608.500721
21387.330766
20682.713624
20125.054985
19784.902777
19584.927819
18925.530462
18901.883059
18780.539183
19022.845704
19438.780425
20082.730913
20553.677718
20709.791468
20404.185850
20516.726038
21132.932283
21762.289112
22692.578748
23587.656075
23563.894270
23260.118011
23028.187496
22637.822563
22148.812244
21944.972238
21344.159509
20561.487906
19880.572074
19497.283367
19853.266484
19991.790873
20568.676471
20820.411388
21093.110016
20730.690794
21409.495206
21645.665165
22385.907240
22604.076046
23250.382842
23621.430072
23302.408336
23263.475417
23232.391376
23057.129912
22497.864686
22718.530985
22042.432532
21847.103738
21500.042584
21185.564664
21174.692410
22038.138661
21939.474303
21937.422175
22324.868110
22056.339556
21689.945060
22216.399169
22498.158143
22392.094929
22290.376222
22055.886413
21426.059410
21209.416014
20604.269117
20207.401389
19899.021769
19836.135100
19529.824376
20035.317753
20310.973494
20397.741701
20723.891882
20864.961532
20726.347275
20938.786457
21224.931777
21302.403527
21549.859596
21592.837403
21501.594153
21623.574248
21599.575657
21395.836755
21014.702797
20884.509604
20392.463737
19797.837684
19543.840455
19409.454716
19506.867901
19830.052433
20333.195800
20762.365124
21170.181449
21406.395348
22139.333324
22609.459390
22565.584491
22653.040058
23196.665898
22882.760166
22597.895431
23229.621265
23834.723077
23255.616083
22943.625811
22231.462417
20793.941048
19598.602488
19206.004378
18366.746695
18326.770580
18725.563867
18619.504002
18122.728756
18166.172930
18142.439391
18032.138673
18396.499542
18615.497588
19051.415609
19138.368633
19138.368633
18940.969178
18904.294296
18695.900850
18942.756877
18827.610939
18619.504002
18817.011085
18892.741310
18516.565320
18839.919454
18922.494342
18377.958367
18072.222711
18215.828446
18027.111776
18573.300739
19258.528343
19959.453419
20217.638991
20314.989376
19725.429526
19738.319069
19781.625078
20042.524380
20010.225594
20328.742158
20111.940892
19682.483205
19409.915679
19563.774332
19600.815599
19449.081852
19358.042509
19202.740460
19543.298775
19582.508566
19667.429878
19406.766268
18864.010982
17558.501067
16990.306637
17185.260298
17386.992809
17725.516572
18076.558656
18345.538438
18224.118232
18180.816002
17967.113546
17943.253246
18014.744003
18114.752826
18554.696161
19271.371599
19737.755642
19844.145774
20119.507966
20554.851262
20731.291732
21002.441071
21961.491601
22097.448477
21716.084478
22139.156719
22042.883710
21052.340167
20822.333733
20965.642958
20249.242066
20376.936994
20657.104318
20789.345181
20632.935857
21290.984892
21178.216633
20867.892104
20414.720845
20013.067946
19257.226906
18955.588159
19152.682561
19237.313291
19907.709741
20293.054008
20579.686888
20685.201060
21004.448225
20730.833579
20467.816162
20098.893422
19593.987820
19444.335607
19079.728458
18830.865838
19116.798840
19188.676855
19208.251651
19357.881759
19338.944151
19150.360033
19740.056793
19536.640284
19338.944135
19935.561842
19976.913289
19491.127379
19400.100782
19525.782091
19345.081256
19420.973704
19520.530278
19837.138066
20034.831852
19811.354740
20147.805321
20958.360703
21242.853054
21151.939691
21057.675462
20806.175271
19921.353733
19569.977170
19175.094954
19003.682748
18678.359769
18559.245658
18834.603337
19337.986430
19403.493720
19672.175785
19769.852682
19539.975774
19882.379566
20340.443850
20429.964945
20989.070487
20935.435152
20598.360339
20251.373539
20485.731276
20012.534799
19702.561399
19192.926767
19070.695140
18730.245632
18936.307929
19352.686511
19805.883809
20477.746312
21156.866084
21431.982692
21716.138826
21360.347185
21276.170830
20772.637002
20293.767781
20046.443096
20588.421408
20208.310079
20138.260589
20214.420547
20225.331857
20270.668079
20287.331239
20527.820737
20770.906573
20734.260711
20571.463304
20106.020285
19323.120462
18633.725902
18683.453144
18497.081306
18513.658487
18767.251666
19201.245340
19033.756921
18968.663305
19145.087305
19277.166768
19133.991437
18930.151645
18681.195593
18596.435984
18281.950649
18045.356285
18047.744864
18106.050630
17882.918960
17844.175296
17748.348143
17453.630089
17425.453160
17493.569091
17571.625017
18013.957687
17855.860979
17599.777256
18015.700103
18019.990674
17631.561608
17957.015774
18349.554724
17928.968579
18044.058723
18195.718869
18575.209626
18883.134826
19085.609577
19115.658872
18970.479996
18506.343654
18120.367860
17814.835296
17619.624858
17491.716323
17437.461094
17086.253808
17269.544855
17336.622969
17562.390522
17737.980090
18017.336925
18022.392848
18078.866413
18076.391492
18078.866393
18120.001991
18578.099089
19031.342833
19345.807901
19382.667356
19642.820043
19053.443792
18539.014159
18168.317435
17966.711255
17595.783232
17816.561398
17881.671547
17961.890859
18510.377380
18807.830708
19056.605278
19889.445987
20212.681385
20195.330072
20591.858380
21529.803359
21624.677622
21562.102037
21707.726635
21824.876902
21070.685369
20684.452965
21196.132298
21532.555603
21894.166041
22246.677958
22882.713381
22793.936537
22329.437595
22004.299992
21823.640645
21777.653338
21081.080188
20929.899569
20868.597454
20868.597454
19836.735656
19975.638655
19780.323514
19979.837244
20043.093265
20515.902239
20622.225018
20817.656786
20414.266377
20289.453141
20278.802359
20486.904424
20723.196413
20554.018970
20356.504538
20309.178472
19881.681839
19736.850296
19467.576106
19493.688505
19410.811847
19614.825703
19794.812825
20304.406981
20182.376776
20329.613899
20275.821995
19779.012100
19815.924768
19870.238186
19798.383461
20087.036592
20420.618068
19857.162921
19800.322310
19483.812005
19180.387497
19236.561140
19700.873916
19900.588804
20282.088596
20035.073344
20085.291835
19777.093596
19231.762852
18572.456410
18728.664959
18290.451275
18149.482706
18029.709817
18116.371498
18441.881228
18248.613094
18053.706743
18105.334389
18094.495479
17569.527586
17617.327045
17805.914744
18104.593436
17913.750223
18099.860835
18297.329392
18447.111181
18097.021926
18307.371528
18036.436434
17862.984201
17778.107552
17717.031256
18012.062610
18673.614068
19270.160820
19753.523109
20598.651514
21052.497700
21204.539396
21452.100096
21655.260675
21371.358762
21108.722924
20841.592556
20581.481416
19538.733713
19425.757619
19243.730802
18842.483031
17909.963915
18195.982616
18012.881926
17891.773481
17921.748906
18420.486767
18728.664959
18648.793948
18303.686174
18896.115298
18908.820304
19023.892855
19319.967434
19757.932408
19129.052962
19176.716664
18662.614131
18359.854968
17724.377333
18030.188945
17841.458126
17700.505170
17622.975263
17783.452883
17533.931239
17371.400975
17776.428722
18089.311896
18210.886738
18065.541969
18273.822455
18067.488840
18049.034122
18228.462043
18421.741758
18621.276033
18827.462474
18867.554740
19391.977274
19839.020385
20008.338079
20105.683749
20237.514125
19792.817215
19610.518843
19755.788119
19827.481406
19825.035021
19766.675157
19575.781401
19374.067744
18979.275294
19486.962370
19990.030710
20399.946448
20334.621982
20682.062264
20320.052061
20356.504538
20580.233797
20992.423392
21200.734957
21431.194805
21062.150017
20466.255962
20450.633583
20216.204899
20197.556316
20657.394561
21346.789932
21785.185032
21810.276116
21898.313337
21659.197050
21080.319229
20696.073314
20650.561536
20352.189379
20723.196413
20781.898397
20552.509070
21029.244610
21270.671354
20887.106045
21166.933863
21323.095181
21379.561417
21196.132307
21350.290588
21049.173498
21380.100078
21029.362722
20999.020816
20695.011018
21033.554379
20775.226792
20981.497662
21291.774166
21673.099264
21356.589276
21174.277678
20558.499064
19769.066088
18908.029342
18862.504630
18762.998472
19086.067555
18966.131297
19265.660360
19332.806234
19040.127553
18653.758515
19222.381661
19537.116569
19734.394432
20341.269540
20751.356540
20845.574950
20563.221528
20450.792388
20175.342261
20355.323930
20860.544259
21159.300536
21320.103971
21521.874144
21924.960111
21455.425254
21542.077176
21758.874453
21800.020802
21459.757219
21478.547311
21109.457062
20352.571092
20144.550383
20086.269162
19503.845151
19412.343568
19644.806129
19236.561140
19230.318439
19155.165492
19070.323533
19152.682561
19506.015901
19159.541903
19983.865135
20751.545373
20782.105466
20866.876787
20899.551337
20568.105654
19947.463739
20121.108928
19828.488274
19917.201884
19785.693391
19740.056793
19282.750395
19445.236730
19865.653425
19461.757128
19338.421001
19180.149891
19045.418493
18670.221829
18944.888406
18741.211135
18784.547568
18790.963624
18183.749983
18137.048235
18325.550292
18681.653918
18262.682791
18410.337778
19159.949523
19183.467449
18899.309232
19680.418822
19788.588379
18527.092200
18132.469545
18229.488885
17603.039542
17811.341606
18269.424330
18679.169717
18464.548009
18308.471020
17798.823047
17474.499169
17485.316145
17891.356914
18194.710950
18532.825395
18781.851285
18987.638734
19217.648239
19449.855887
19432.702076
19636.735870
19396.370676
18721.751920
18552.578380
18363.935728
17860.857176
17518.475318
17371.081461
17275.667227
17119.460410
16971.332148
17155.659023
17485.316123
17038.579129
17197.153448
17405.986144
17208.608718
16893.995744
17160.726099
17470.992671
17731.741233
18024.654368
18126.814991
18020.448662
17525.731688
17504.775623
17411.542109
17949.456386
18738.801458
19510.821272
19889.035901
20311.886967
19947.463739
19906.438665
19921.660566
20048.396536
20130.701180
20581.674605
20393.427413
20104.911705
20107.103546
20402.268996
20154.474590
20172.294385
20434.725044
20314.739406
19911.419243
20112.986051
20215.158816
20039.363193
20018.569330
20260.761008
20488.457168
20126.948990
20658.097190
20937.922417
21544.791371
21575.272796
21857.529084
21462.495952
21037.319522
20217.435115
20039.578373
19846.317716
20013.216915
20258.229634
20294.901544
20192.805585
20368.631601
20108.214287
19741.740810
19700.686736
19314.527245
19104.319278
19106.071359
19505.546990
19529.610009
19304.145353
19163.091855
18820.596622
18310.606413
18091.547872
18509.898924
19008.692236
19203.754344
19063.123333
18822.426480
18835.471121
18308.470997
18104.768255
18593.113993
19040.268193
18829.387490
19245.738344
19449.855887
19033.951523
18960.304962
19391.653839
19276.855152
19040.648275
19183.874135
18756.771699
18262.195724
18016.909061
18153.628451
18160.808052
18030.856547
17898.226937
17366.845915
16965.841546
16467.351747
16686.743033
16680.349793
16784.284118
17005.580441
16932.354345
16572.839415
16442.768956
16861.109498
16932.354303
17064.004802
17311.239577
17680.132024
17730.160810
17586.966526
17732.395505
17569.904547
17337.943897
17348.861238
17190.390611
17042.484957
17109.630081
17424.244535
16985.816984
17035.784703
17141.925927
17200.290948
16870.302659
17044.077634
17224.175185
17693.731689
17993.148026
17804.682863
17407.779212
17149.675779
16409.585354
15980.287487
15878.245502
16234.001029
16212.482277
16521.987096
16834.399572
16940.927055
17268.347493
17623.955293
17537.000864
17543.722684
17510.934470
17265.970667
17142.502448
17201.031337
17055.784146
16951.633440
16608.981081
16593.875692
16795.972934
16800.073155
16960.951043
17387.899928
16847.764080
16298.176231
16202.829477
16226.730886
15764.234389
16046.286129
16521.027834
16686.298144
16918.172037
16994.027797
17213.056342
16703.233700
16362.962639
16143.661059
16159.021417
16254.417611
16670.012144
16531.397193
16763.348849
16889.210713
17090.945473
17020.355376
17478.026609
17684.068295
17729.648036
17323.960660
17518.962930
17763.771643
17440.948491
17451.504337
17408.468948
16938.533379
16500.471033
16138.359059
15810.771795
15630.877878
15740.960135
15864.472592
16085.937372
15699.727329
15734.671334
15582.145637
15094.087271
15640.659469
16447.222129
16603.398913
17179.121367
17636.709664
17209.375958
17378.562028
17762.479845
17574.498736
17637.287196
17884.764589
17702.480808
17420.380986
17178.630151
16963.724124
16757.841233
16681.691197
17221.933605
17948.170120
18001.961265
17698.660250
17509.854150
17119.460429
16536.911366
16799.183221
17233.075977
17673.444284
17740.530209
17886.097922
18291.333816
18141.855445
17827.627816
18133.295051
18633.890718
18247.541671
18356.137300
19360.189021
19716.219010
20442.065991
20949.315668
20812.692389
20237.992499
20005.710467
19409.287029
19335.359545
20150.694619
20103.283766
20261.165040
20416.624885
20939.217949
20900.242874
21394.592527
20948.012315
20311.348694
19699.748031
19630.064868
19462.698962
19619.597662
19629.054686
19362.060708
19275.672550
18780.866114
18208.239149
18243.460986
18072.222688
17785.749039
17870.433818
18484.439226
18585.277262
18858.900659
18717.563819
18348.980491
17704.660150
17711.801172
17993.669611
17930.868291
18390.691594
19086.780178
19202.190205
18753.067802
18772.538163
18588.177773
18572.961360
18084.240435
18157.988562
18288.348357
18479.074482
17936.880485
18312.678705
18583.772455
18330.162114
18128.344128
18190.995992
17956.318370
17568.167732
17726.379476
17219.317758
16763.505711
16657.844002
16553.654077
16460.484459
17069.821876
17562.390539
17458.806607
17129.346680
16669.245394
16257.191395
16014.519023
16190.672285
16739.507783
17047.003523
17142.739777
17205.623963
16895.219005
16351.077413
16550.500032
16487.522053
16722.080371
17323.458031
17444.743122
17160.574818
17746.443483
17820.162643
17361.872209
17635.449007
18062.521166
17986.780407
17529.174412
17919.302286
17702.128507
17350.507989
17051.604633
17116.397857
16705.442015
16837.824816
16952.329540
17076.310453
16963.430264
17073.813624
16945.853093
16930.750728
16674.887314
16814.052213
16916.751223
16658.880887
16643.692791
16880.117628
17099.004647
16894.491048
16949.212841
16697.486260
16204.719145
15640.997762
15476.194198
15652.929730
15346.873538
15025.567791
15305.374180
15225.371328
15273.544361
15700.300530
16014.806086
15624.785968
15786.516615
15821.473213
15786.516615
16014.519023
16161.398023
15868.054589
15091.807977
14857.576259
14946.598423
14647.096177
14524.633374
15318.401265
15579.134947
15244.872016
15858.928863
16357.077064
16298.370576
16443.694973
16881.616654
16974.779738
17080.773853
17484.118780
17605.624267
17742.126812
18111.039390
18268.148717
18242.307870
18209.787479
18359.479294
18363.791231
18805.720527
18920.195644
19065.857962
19245.443871
19325.959025
18881.880491
18810.316332
18916.554782
18769.127911
18918.765855
19085.770024
19055.158182
19046.198239
18866.701033
18610.512152
18575.209626
18687.944951
18764.116094
18631.968186
18814.071682
18922.084858
19045.548196
18961.000420
19359.985578
18906.663971
18803.522695
18779.714238
19235.119960
19360.811385
20004.810455
20434.922990
20745.246983
20445.793093
20118.202746
20026.810921
19548.063996
19194.200516
19248.699839
19244.185473
19276.715375
19260.273970
18683.453111
18269.223843
17985.383189
17577.260580
17565.709449
17927.740439
17448.578554
17246.978460
17161.852680
17251.402509
17297.049193
17698.475077
18177.724448
18303.256490
18448.765110
18600.757095
19114.824130
19420.854098
19400.904861
19248.522595
19458.765424
19289.763253
18998.939634
19226.383828
19240.783700
18640.112391
18160.808052
18058.749567
17701.052334
17435.528122
17461.624526
17671.987261
17236.054896
16990.857364
16850.026685
17034.384229
16813.405537
17114.543044
17405.126009
17646.874537
17851.084290
18330.344040
18321.659686
18258.673066
17981.469542
17552.182029
17131.252859
16886.403117
16456.801045
16290.042665
16201.064129
16257.324563
16335.884080
16611.166257
16961.347276
16945.853135
16629.417298
16512.246174
16590.268027
16634.923120
17142.502463
17309.374390
17699.803534
17599.961212
17092.718980
16357.354914
16600.149029
16528.385051
16374.537839
16614.378692
16742.058366
16854.960132
16586.334945
16729.181804
16903.202905
17206.515820
16792.335130
16990.042014
17306.274762
17396.095497
17143.745301
17040.106793
17285.316130
17016.207763
16701.185674
16701.185674
16564.654278
16295.852077
16063.821567
16091.852387
16221.761895
16686.406783
16640.671934
16744.754784
16857.548465
16868.437077
16990.042014
17013.678802
17063.129741
17011.876526
17007.538651
16508.629596
16242.026315
16094.340304
15894.831409
15496.024207
15688.581580
15923.005423
16042.032807
16215.860554
16406.797864
16313.502879
16187.854372
15959.896360
15818.912861
15665.365309
15496.195315
15270.556841
15780.357651
16153.436443
16214.369675
16114.820418
15832.950375
15216.805509
14782.107600
14556.631435
14834.100916
15558.721559
16371.938324
16388.370766
16598.899740
17023.616483
17052.052301
16878.442406
17341.281031
17616.706927
17467.329642
17523.494078
17367.148135
17069.077971
17335.830140
17782.641384
18155.513541
18467.943906
19133.111712
19161.026114
19147.906727
18870.222278
18634.053222
18547.042738
18661.782227
18139.221887
18265.325985
18538.218428
18552.349882
18463.510447
18602.446985
18723.868565
18591.674827
18610.208523
18755.723605
18918.309353
18789.897546
19104.709130
19128.272753
18978.887962
19032.576253
18915.644992
18614.323174
18374.627985
18253.174801
18509.079512
18892.925195
18964.553512
19582.508566
20013.550772
19836.387570
19582.508566
19391.353034
18651.469690
17959.748669
17859.676038
17237.404228
16899.258389
16328.142031
16339.061323
16007.058528
15625.407033
15377.940272
15871.929603
15930.302846
16116.733383
16494.064703
16686.987618
16447.401277
16558.128639
16167.839348
16534.142213
17304.239627
17496.790338
17475.099507
17910.936897
17655.035370
17229.979222
17062.818037
17148.009397
17269.369645
17434.284153
17208.406485
17471.682986
16834.123030
16595.334239
16829.854070
16595.334256
16621.381007
17308.945813
17120.069749
17039.895236
17493.197142
17075.130230
16714.820624
17096.691764
16760.428473
16829.968256
17647.257778
18280.734779
18055.073249
18334.858072
18805.881645
18749.103250
18662.294055
18886.008781
19154.949715
18879.235686
18395.440996
18178.316170
18347.749308
17972.404727
17981.133176
18009.545861
17987.475215
17907.429701
18321.659670
18258.673066
18613.685480
18637.366993
18466.004556
17986.884260
17600.734718
17086.253808
17305.166854
17233.646188
17366.123842
17296.569624
17531.386925
17401.148896
17570.488687
17514.317584
17783.162696
17703.183083
17314.876240
16829.454149
16870.112095
16549.177651
16354.277111
16284.846083
16339.207704
15892.258459
15981.516505
15805.191034
15852.875957
15987.230061
16121.816948
16000.119673
16286.921266
16568.899347
16321.834156
16311.099958
16009.498130
16004.839238
15482.005650
14978.780013
14657.986285
14319.862026
14093.967819
14582.311854
14822.492960
14547.470122
14900.534047
14660.905672
13962.760082
13785.007918
14216.859901
14108.390671
14351.715349
14608.578942
14792.812452
14821.232836
15287.652580
15472.756830
15552.991855
16071.623534
16324.985453
16574.724657
16834.927020
17067.425957
17037.034212
17158.493660
16984.755944
16651.391488
16371.591746
16170.071824
16007.058528
15879.388877
16018.296228
16360.348042
16375.761296
16722.687716
16978.631223
17150.213480
17234.569851
17314.876240
16859.496699
17069.821876
17126.531031
17484.118780
17822.350373
18431.770371
18765.705805
19921.816588
19542.267447
19431.923359
19056.206309
18572.791527
17719.997913
18153.628451
18789.027404
18776.155112
18711.174615
18859.360453
18694.347353
18442.752065
18908.820304
19162.718108
18953.484897
18595.876309
18075.466610
17494.138800
17051.754749
16931.548281
17239.853195
17532.668329
17844.942711
18209.182676
18023.517153
17437.995121
17097.577823
16696.455930
16464.394076
16396.308876
16658.569752
16257.191395
16283.524222
16474.040037
16358.817922
16239.616440
16643.191621
16868.691929
16753.703038
16715.792385
16545.053646
16696.820127
16922.099530
17056.535469
17066.380231
17337.163343
17363.001584
17270.052110
17510.597591
17473.113580
17785.146932
17583.660467
17403.845277
16844.277336
16750.309586
16322.718961
16416.158665
16479.187399
16513.927825
16645.149492
16526.212406
16289.772025
15973.483606
15884.065674
16185.270324
16406.135007
16941.773753
17770.152574
18344.934911
18636.278444
19007.060323
18883.301650
19013.534253
19096.214297
19133.655737
19140.163294
19426.097150
19188.128672
19096.842761
18936.917758
18848.298446
18880.786033
18622.276909
18184.131703
17935.288619
17943.996669
17844.500906
18286.651578
18978.887974
19225.230993
19173.211508
19379.115350
19210.199710
18843.428942
18869.447763
18860.547043
18303.256472
18001.794892
17915.091176
17823.285380
17804.196126
18170.434902
18400.133216
18372.212452
18571.987006
18591.674827
18068.892653
17906.190672
17925.653585
17645.908894
17581.027226
17750.066417
17832.365878
17806.414659
17691.505897
17045.183680
16416.158690
15481.660443
15025.715619
14696.669589
14702.956052
14614.775089
14831.403488
14907.444671
15022.535915
15213.395739
15527.797887
15350.050445
15105.332789
14745.421991
14554.381135
14972.616473
15545.669280
15736.614864
16103.035155
16307.111744
16066.331378
16191.664226
16463.384123
16465.560493
16526.330781
16495.842661
16127.208202
16151.397875
16311.099958
16170.071824
16282.803194
16443.222518
16712.134080
16848.241625
17553.217460
17885.155529
18479.258014
18357.646005
18087.529935
17790.484137
17538.489605
17359.080913
16952.855028
17159.951874
17212.317551
17023.311790
16585.713056
16635.217011
16717.503380
16676.280107
17311.421023
18021.080455
18558.901368
18589.095876
18723.868565
18624.265896
18363.791231
18216.474681
18289.238541
18375.686310
18237.112712
18334.507591
18727.319505
19091.408750
19162.904866
19559.906363
19572.914623
19221.380381
18838.803891
18925.092305
18847.624994
18780.050527
19059.842455
19163.091832
18957.216850
18473.184142
18098.368172
17495.531195
16889.210696
16290.444385
16265.298139
16158.528994
16240.428050
16341.419889
16623.628509
16758.124129
16942.472292
16834.123051
16615.382754
16472.360233
16533.118316
16548.294047
16361.912492
16810.748630
17001.544780
16730.092486
16654.448714
17259.590472
17830.505483
18010.678065
17858.454733
17986.780420
17850.021357
16929.136024
16408.304953
16529.817025
16406.268954
15872.714403
15583.466792
15635.999390
15722.533188
15514.668484
15596.632671
16057.228736
16191.407964
16137.748005
16373.746415
16336.997295
16513.358005
17081.403632
17068.534106
17243.870102
17786.167028
17643.098410
17495.712984
17801.216869
17905.430708
17946.593315
18566.823815
18649.296790
18748.962945
18864.011001
18987.320437
18703.340601
18631.968186
18206.805656
17996.301902
17981.133176
18030.646319
18260.240655
19069.319983
19156.140778
19041.031218
19111.906634
18970.655279
18797.085795
18812.080302
19367.782562
19738.629161
20072.780095
20129.071810
20725.555685
21148.169466
20767.797295
20586.209747
20707.120015
21145.541872
20397.064619
20068.242601
20220.082663
20210.867658
19176.506134
19124.642203
19528.915490
19383.296047
19641.290234
19908.453955
19745.364340
19787.819061
19696.961810
19128.596657
18553.882536
18441.043301
18123.637429
18015.520588
17781.276807
18227.857587
18260.440810
18150.052885
18137.216279
18607.691639
18390.836180
18364.707249
18383.504032
18155.840583
17509.712774
17303.684734
17234.069144
17154.123125
17015.506893
16983.143498
16705.442015
16445.032783
16365.122815
16243.906458
15872.856697
16168.060642
16265.918867
15983.511122
15935.970164
16352.121804
16280.544173
16653.850781
17302.006074
18189.316806
18416.876814
18659.535169
19015.537474
18925.889955
18752.790691
18848.298446
19149.721804
19032.209433
19220.407432
19240.085587
19350.641815
19257.455007
19185.623146
19430.367168
19703.240898
20091.469142
20718.797205
21360.150671
21900.596019
21894.015577
21898.405512
21944.321228
22241.672602
22024.865366
22404.501207
22740.637743
22495.822862
22545.238515
22674.620844
22754.816203
22770.338905
23041.225742
23193.577208
23428.315941
23152.477594
22716.865771
21944.648411
20879.414739
20005.344334
19788.777459
20311.469732
21211.580342
20974.945437
21005.571370
21226.994553
20637.128578
19999.310330
19916.877163
19611.394242
18849.928065
18388.444609
18273.502698
18236.647559
18421.909060
18471.933990
18118.478309
17843.265587
17754.129370
17735.314125
17978.468761
18603.059368
18562.003527
18878.230125
19153.019903
19040.525224
18582.832762
18688.761680
18333.226226
17287.852720
16697.958925
16437.796877
16225.228479
16101.473433
16122.599054
16125.102795
16274.417271
16213.653234
16538.846952
17225.054973
17702.304897
18129.272191
18589.095876
19075.011069
19460.722832
19807.578095
19872.268084
20173.894073
20219.780128
19829.366194
19838.040472
20436.808454
20220.082681
20163.321270
20290.212336
20643.591121
20710.572241
20841.244410
20994.648587
21260.902784
20748.667456
20291.198476
19833.299215
19300.144435
19393.998388
19810.433291
19598.089578
20328.742158
20714.875158
20508.279081
20201.785578
20620.800631
20755.502109
20536.463105
20714.875168
20773.212615
20610.815935
20153.355473
20487.020052
20209.794681
20472.150615
20209.794681
19771.805710
18986.648001
18982.033202
18309.756648
18368.322445
18541.723553
18543.790552
18088.017965
18263.775571
17847.230920
17680.304994
17493.945952
17491.520428
17003.354572
16828.164589
16470.301170
16270.530057
16042.379832
16470.102809
16530.600071
16549.880973
16678.043944
16915.148818
16880.612970
17142.966391
17668.094193
18262.195724
18400.484481
18520.092433
18854.045650
18912.801873
18890.906167
19229.504148
18843.128978
18398.884188
18730.427087
19012.462917
18878.366812
19023.774023
19349.052128
19125.694662
18871.848910
19217.176264
20004.592270
20765.988016
20828.989964
20616.165000
19979.485622
19417.660237
18931.716454
18951.455800
19266.055663
19682.033703
20258.705495
20306.366403
20347.727883
20482.068107
20618.491836
20503.336960
20516.160639
20722.477427
20885.105974
21049.814705
20826.107621
20726.536403
20475.118199
20071.597642
20134.932061
20384.366962
20280.151326
20555.216522
21127.803712
21059.977236
20977.591673
21569.248197
21261.554714
20873.980616
20366.048467
19915.054511
19257.796675
18915.141011
18771.846944
19180.746942
19313.024469
19096.381306
19373.903765
19846.317732
19752.731123
19863.399380
20232.285762
20233.692452
19882.379546
19575.010010
19486.340401
19461.996937
19737.755642
19798.383461
19706.369678
19743.457810
20019.167979
20299.046671
20407.387988
20966.239356
21101.259232
20580.331974
20211.467025
20105.367550
20128.916031
20190.269323
20892.187674
21297.711458
21554.108795
21758.536747
22129.565526
22294.154306
22511.176841
22758.052453
22997.417717
23092.931028
22731.014443
22012.869336
21858.770831
21292.741627
20785.248673
20453.238890
21050.094572
20735.216972
21055.070472
21152.797528
21439.293727
21334.473935
21313.174050
21148.296786
20914.357010
21330.699347
21263.313641
21235.040625
21113.073600
21434.343741
21260.902784
20631.595199
20410.711309
20149.606885
19546.847303
19078.440371
19136.930632
19106.291327
18913.940721
18828.979557
18580.117105
18458.223659
18178.455617
18270.280566
18593.243614
18699.500132
18936.161198
19487.084738
19306.059843
19633.869051
20258.354116
20012.793884
19562.104112
19655.888768
19462.450400
18738.592262
18563.024058
18441.472940
18352.244038
17916.057067
17705.601642
18059.219961
18529.985740
19140.772143
19737.472283
20409.745287
20275.375076
20129.707270
19829.093622
19542.781321
19202.410315
19328.328519
19562.481564
19717.247236
19747.823542
19494.132736
19541.718467
19173.085884
18698.356279
18410.182331
18279.840488
18056.370884
18115.152058
18474.095775
18532.978320
18849.382063
19105.362647
19615.252005
19180.623528
19362.725381
19389.000529
19109.016448
18594.979364
19045.928605
19583.999950
20162.999132
20939.372730
21403.635356
21836.333867
21724.948189
21916.297881
21568.654754
21567.274878
21423.990688
21468.920029
20879.236980
20829.576591
20894.224056
20565.684233
20466.424856
20535.393859
20604.738082
20153.638478
20038.262154
19663.058156
19513.595859
19361.735180
19626.030779
19969.513929
20461.729151
20404.792678
20351.173484
20064.823020
19977.766767
19526.588220
19595.931418
19485.686679
19290.319893
18728.826988
18924.110736
19186.469249
19125.694641
19414.100139
19825.189967
19378.450767
19007.496979
18897.204678
18979.376678
18979.376678
19072.599372
18920.807053
19239.957848
19413.354915
19645.967393
20259.322939
21222.311737
21523.316026
21567.417532
21270.723431
20939.372730
20230.430897
19824.743900
19315.026155
18948.679908
18326.172213
17905.430708
17610.359533
17640.930451
17831.161200
18362.606423
18369.011986
17963.346938
17673.085860
17712.826875
17380.725871
17215.763065
17805.914763
17964.242123
17783.452866
17731.280256
18048.154450
17863.933600
18126.358564
18405.610046
18505.654158
18789.298012
19004.150542
19082.355411
19016.337182
19415.451562
19365.488657
19087.885784
18777.924096
18860.155938
18554.363442
18890.563986
19270.348775
19673.261379
19737.171845
19983.996950
19663.058156
19912.548152
20541.483879
20917.586200
20863.243383
20941.178402
21028.313279
20162.681471
19709.680347
19798.259974
19939.299518
19932.934703
20128.032560
20416.802238
20471.134436
20345.105976
20165.306738
20171.746586
19652.601302
19617.937567
19780.501835
19810.791570
19619.944529
19521.227661
19339.075730
19120.223036
19150.503028
19263.157596
19737.894056
19525.388247
19377.850458
18789.732946
18889.898280
18751.244819
18605.657211
18506.204956
18629.643847
17998.825840
17397.317725
16781.189999
16746.484400
16902.859659
16880.939135
16690.732756
17161.027586
17174.249612
16820.846646
16640.815776
16699.545868
16267.777755
16226.911342
16215.696556
16072.709381
16126.948749
16139.892949
15608.811554
15645.517357
16198.730271
16520.326035
16789.163031
17094.818473
17276.965397
16919.552161
16566.919377
16733.659964
16757.841233
16580.016339
16983.411161
17598.847050
17637.713936
17633.555839
17737.838689
17718.357821
17572.541016
17583.270419
17648.205282
17372.840326
17355.501086
17320.581514
17266.089405
17422.147021
17658.267248
17561.320916
17361.390429
17259.590489
16962.554764
16602.295144
17012.223740
17522.269959
17743.065814
17996.906725
18875.348835
18758.179212
18683.186838
19060.423765
19377.203360
19333.568097
19012.729868
18735.481745
18295.390791
18069.666608
17867.712027
18410.337778
19035.221196
19601.154504
19902.860091
19995.820438
20058.558185
19640.735325
19477.892396
19603.756166
19785.825637
19675.367187
20124.173166
20427.803852
20063.539455
19959.453443
20162.999152
19853.120226
19694.457006
20145.560630
20167.529514
20456.042370
20853.222193
21239.046336
20933.238924
21408.273108
21405.857677
21029.829256
20452.998115
20277.318662
19481.599753
18822.250858
18460.513905
18564.219924
18950.576386
19093.713693
19167.134043
19045.284835
18514.162858
17984.796963
17713.660706
17403.667330
17805.305889
17965.667646
17792.300350
17993.861901
18245.690065
18428.772676
18075.466595
17758.758323
17366.239407
16893.225805
16214.186245
16402.782465
16487.354839
16704.674653
17250.912356
17641.115703
17396.286832
17799.392435
17753.786000
17443.598772
17258.308611
17719.997913
17982.247762
18374.906077
18550.435375
18740.889473
19294.156862
19283.125055
18947.130079
19020.603179
19145.260624
19075.834667
19142.954426
19629.054703
20166.746474
20498.215900
20580.331974
20938.367595
21057.490193
20723.357153
20683.565876
20913.460678
20958.712868
20382.023205
20596.937810
20923.813669
20671.622679
20715.029315
21263.698257
21075.285283
20269.780235
19635.948200
18564.411399
17788.365563
17215.410160
17481.251785
17791.440664
17999.661463
18476.981120
18535.192608
18020.878289
17845.081631
17907.863142
17888.153760
18146.730901
18247.385028
17737.980090
17724.981002
17408.308011
17336.622969
17463.528010
18183.504575
18267.939134
18400.133196
18029.475931
18116.371477
17548.370381
16787.143131
16194.907954
16181.731148
15709.745491
15496.878921
15863.632690
15959.166877
15839.746394
15907.722511
15986.252510
15860.389892
15614.969861
15550.263007
15325.156251
15062.633291
15092.412887
15611.008410
15818.712092
16317.212052
16876.758830
17210.793230
17121.386743
17481.795913
17644.118253
18196.610430
18708.857383
19229.504148
19270.687115
19272.323042
19318.364823
19567.903938
19687.291453
19693.798440
20059.869856
20348.496012
20588.919304
20849.556186
21360.769202
21478.678904
21001.498966
20789.345161
21260.289048
21808.502234
22365.133679
22753.554332
23200.201541
23239.306666
23002.742099
23033.185446
23523.219398
22844.771384
22175.189995
21567.417532
20620.465161
20080.489694
20408.108544
20531.738816
21141.013115
21867.363308
21596.214136
21359.704569
21628.096589
21658.892751
21662.924740
21661.229519
21494.563047
20930.311491
20579.686888
20243.056153
20466.904801
20637.773138
21034.561854
21015.116668
20721.746089
20689.166478
20517.221705
19711.333630
19223.043546
19225.230993
19140.621557
19090.918515
19420.731998
19223.257727
19194.690917
19433.560139
19470.263597
19231.762868
19242.773048
19261.299176
18639.167191
18693.342832
19302.792732
20220.228120
20537.131554
21280.548696
21911.867888
22183.214708
21858.083492
22198.961909
22374.648844
22114.517326
21753.849107
21909.614802
21788.249943
21554.108795
21597.330434
21957.059672
22429.539566
22371.081819
22375.193452
21948.036816
21509.795870
20930.817041
20395.338058
20521.445868
21041.397859
20992.125924
20627.328710
20498.598951
19648.342852
18808.868289
18316.681331
18429.424277
18610.208541
18827.151323
18642.679290
19093.888975
19330.207734
19097.590052
19025.721097
19184.436581
19355.689739
18963.210823
19425.865701
19384.720897
19794.641794
19827.269276
20109.301830
19803.785991
20330.495747
19877.359738
19281.352520
18647.869269
18347.073615
17479.678238
17377.674843
17590.343607
17913.539329
18040.279390
18515.158508
18651.881250
18567.062268
18563.024044
18494.968954
18319.020188
18332.166026
18143.170979
18152.162250
18438.988999
18547.205297
18642.513122
19225.784962
19419.292548
18979.486164
19055.420473
19389.686277
18745.403898
19491.495516
20532.192256
20745.117532
20727.548036
21287.477228
20549.304669
19917.526175
19802.718324
19909.076461
19839.520665
19650.523219
19620.185115
19921.816588
20158.350503
20754.825857
21021.506763
20845.432853
20808.008838
20912.548347
20507.069945
20706.474192
21221.153987
21159.580707
20947.739179
20609.532698
20205.985962
20184.771613
20752.302003
20401.784756
20325.865207
20091.469142
20006.897062
19156.656733
19304.302504
19501.720818
19243.582457
18541.152815
18426.430304
18068.236548
17866.216830
18712.359579
19219.921317
19185.106978
19015.965120
19185.106978
18729.698244
18659.131902
18344.782923
18270.861045
17986.988130
17672.677703
17202.402042
16990.175200
17150.577978
17165.772750
17352.095411
17796.055028
18301.543244
18678.844989
19162.531386
19450.811618
19460.722849
19726.813551
19725.075903
19382.399888
19592.572781
19780.674522
19640.016140
19056.025984
18846.134853
18676.552588
19167.506292
19369.470986
20048.186112
20238.915404
19972.285706
18731.876838
18222.414867
17549.645686
17595.431878
17597.522422
17973.472788
18322.665297
18928.122137
19257.565953
19133.760600
18891.832587
18529.629881
17748.714652
17282.425177
17568.826325
18285.490973
18582.661749
18916.554782
19244.031125
19480.578878
19292.587188
19359.600745
19407.432919
19242.773048
18899.751338
19287.353155
19560.835254
19881.681839
20111.783558
20389.238330
20147.660120
19574.810605
19396.888086
18950.216336
18364.538292
17939.389077
17844.175296
17852.537747
17826.856860
18063.167127
18624.756586
18780.702213
18700.357635
18795.769900
18496.831551
18223.958192
18477.897395
18696.950300
18698.783743
18794.580041
18618.108219
18325.348894
18141.043213
18360.185138
18520.699664
18045.837153
18295.530943
18299.932997
18006.740910
17722.875110
17762.772362
17212.157312
17081.720339
16860.530297
17107.870973
17502.515262
17886.390782
17680.304972
17741.182722
17574.187691
17627.994285
17574.022426
17831.890594
17836.342687
17881.865053
17574.187730
17751.902918
17791.076187
17693.229862
17942.910890
18339.991626
18051.324397
17511.286773
17537.260751
17639.153611
17138.609433
16945.853114
17088.912905
17132.225333
16952.195887
17488.346433
17815.606152
17954.417431
17975.985615
17893.452003
17684.761635
17563.025161
17496.050759
17742.891281
17736.754688
17891.897285
18086.938272
18210.547784
18177.946872
18218.995778
18066.197242
17843.265564
18062.090187
18010.351133
18001.283397
18036.713597
17795.702388
17331.638021
17069.398653
17047.309859
17198.126267
17401.723257
17653.474654
18117.462148
18234.648114
17976.188216
18388.444588
18774.426314
19078.129913
19539.810519
19723.401813
19584.330083
19174.365065
18523.604763
18022.838024
17975.793763
17830.682473
18123.142943
18778.345373
19075.423326
19087.081855
19468.676621
19991.404950
19737.894056
19707.002183
20238.266019
20251.547052
19657.092348
19379.497411
18902.394808
18263.368938
18122.451551
18202.340051
18311.122870
18302.426942
18304.514164
18356.848733
18096.612163
18116.037022
18669.257150
18915.816175
18744.480552
19048.064660
19271.491242
19156.523661
18851.016714
18721.078097
18597.455532
18573.469852
18727.698436
19359.421738
20073.097728
20758.681227
21148.420003
20929.899556
20384.814424
19935.561862
19460.995305
18866.701033
18916.360018
19198.301810
19271.834977
19085.770043
19547.707740
19365.192459
18881.441632
18375.870698
18183.103617
17612.574647
17892.390860
18056.806205
18180.390630
18247.541690
18117.462148
17753.274197
17694.271775
17599.036806
17345.284953
17865.735106
17907.116951
18303.830022
18674.860504
19316.954842
19351.617880
19789.711547
19785.187684
19733.029496
19164.796838
19314.355763
19210.351441
18921.235432
18483.292643
18654.375119
18255.566416
18320.799854
18799.556722
19925.355836
20038.106046
20166.228959
20369.792944
20450.140962
19844.905706
20178.796511
20185.222381
19619.475110
19532.427413
20121.982101
20178.577169
20209.227802
20525.819381
20511.488799
20459.523951
20791.156503
20858.926161
20815.103044
20693.217533
20144.326122
19825.352482
20139.738842
20348.188365
20702.947478
20642.087459
20446.728292
20364.911416
20212.681409
19282.610959
18892.017689
18258.673066
17464.663310
17142.087872
17412.119638
17288.406782
17010.744003
16615.798485
16050.081980
15342.419729
15175.828190
15058.651972
14822.238748
14650.732537
14730.659596
14498.931423
14394.647611
14854.497506
15474.740217
15580.499234
16059.618514
16686.627898
16654.164942
16313.346148
16508.498945
16291.440192
15951.152097
15879.730071
16018.847239
15550.896771
15797.650370
15991.350914
15947.700510
15950.054775
16299.910408
16267.331101
16538.289572
16850.704321
16906.998685
16721.757653
16598.152711
16851.572511
16795.368348
16550.077208
16855.534222
17020.622835
16527.995962
16430.432722
16204.719145
16019.667722
15919.636469
15965.533299
16115.009427
16340.113251
16704.839275
16821.669153
17136.359207
17379.054585
18183.627978
18374.200521
18640.742054
18614.811655
19046.059884
19258.708300
19390.462045
19598.763660
19620.185131
19450.982878
19561.899976
19796.897849
20106.739615
20477.564014
20970.056699
21102.131833
21245.606274
20924.656074
20484.488424
20375.863266
20317.480116
20148.321851
20345.425245
20984.847994
21204.539411
20803.608404
20798.125398
21473.087162
21577.473094
20720.682229
20572.863017
20413.195291
19682.378007
19172.840498
19361.389712
19669.343784
19777.579008
19694.664647
19753.523090
19862.129245
19484.517806
19538.733713
20339.109801
20314.858602
20276.098764
20805.515605
20828.989946
20327.684360
20208.832961
20325.729460
19995.820420
19824.465563
19145.609356
19347.114383
19260.458330
18993.675435
18542.491385
18701.021446
18746.684788
18653.300998
18492.608871
18262.522815
18123.457194
17577.102332
17056.535451
16959.109701
17591.215782
17662.877570
17441.477043
17584.630199
17875.236294
17482.901725
17426.346320
17864.783898
18168.150492
18161.624248
18410.804309
18464.902718
18317.409268
18458.223634
18825.061344
19196.058357
19389.356117
20111.469006
20497.553089
20521.445854
20702.268027
21218.428343
21472.283690
21402.823394
21331.018656
21107.901222
20819.606953
20444.412601
19945.792890
19990.921209
20101.656112
20034.559232
19799.710817
20283.693593
19940.783616
19259.493277
19174.921025
19272.189588
18491.995145
18125.579418
18045.356285
17746.304105
17253.464744
17022.187109
16967.569573
16497.799675
16063.952550
15769.115814
15899.396319
15639.069825
15544.653721
15230.610396
15551.407016
15419.072272
15768.649774
16289.908739
17024.956286
17207.010255
17250.596569
17224.605924
17278.621435
17460.988794
17202.594249
17070.224137
17270.052090
17044.451015
16575.875861
16655.933708
16816.491620
16927.398637
17131.539587
17409.198301
17283.347360
17469.749396
17411.542109
17850.916546
18069.802917
18390.836197
18373.720298
18115.424379
17864.285920
17558.353043
16915.958798
17081.090510
17348.044840
17343.134055
17779.402919
18487.985546
18529.455441
18896.115321
19109.417609
19133.655737
19255.426643
19699.748054
20200.580735
21004.448246
21509.434403
21359.942183
21405.408127
20914.972150
20886.941724
20898.250113
21359.942183
21340.264538
21151.939668
20512.559717
20007.362027
19595.129664
19749.305797
19946.451322
19716.468462
19202.410328
19096.214297
18480.123442
17983.166642
17816.561398
18334.858051
18727.698436
19170.035436
19738.173681
20074.038936
20061.158300
19736.146127
19328.328538
19167.314600
18942.196760
18514.869398
18460.673583
19224.195082
19300.005523
19718.031111
19613.938138
19401.233653
18642.347160
18681.857684
18752.148826
18979.486178
19148.925537
19098.709783
18543.604438
18581.403982
18774.426334
18780.866134
18887.132060
19283.751721
19023.419335
18801.867443
18997.199241
19112.568567
19142.351420
19069.648149
19633.869051
20186.148922
20548.566534
20735.102074
20904.504462
20392.917338
19644.806105
19113.318795
19082.615455
19113.458535
19462.112398
19436.290151
19609.970364
19432.229139
18783.397376
18341.114958
18640.416740
18809.617078
18907.045283
19141.963543
19682.269207
19599.764696
19016.213237
18886.359006
19539.347258
19593.792793
19719.426121
20476.174217
21001.075019
21017.281428
20967.771733
21141.150635
21188.934789
20926.090222
20367.371206
19914.087067
19797.106189
18827.462492
18335.030120
18414.968467
18352.244061
17783.849446
17807.713418
17710.176840
17592.825068
17330.219613
17369.528542
17508.179249
17636.253956
17547.132551
17440.571892
17464.236055
17774.845690
17885.332616
18033.002558
18401.817619
18709.894661
18432.112736
18223.958192
18165.221672
18072.026271
18328.029898
18648.966362
18583.772455
18426.622638
18406.698183
18157.354675
18014.345450
18224.612453
18447.828991
18712.542376
18532.522995
18430.719695
18604.111855
18604.111855
18508.773864
18205.382508
18376.269462
17905.801918
17184.382053
16841.719708
17153.952645
16737.771283
16919.990739
17286.513605
17492.457835
17490.022666
17592.250318
17930.453599
18252.456339
18109.408317
18011.750486
17994.272134
17653.723482
17747.670710
18077.371772
17979.866641
18233.743784
18660.560152
18355.383963
18223.186349
18505.350958
18537.686473
18392.002637
18817.594746
19192.763746
19162.345068
19019.194095
18694.013348
18348.679889
18565.312574
18554.527779
18675.805210
18341.970029
18111.688741
17439.416308
17250.754594
17159.629905
17103.451088
17342.942512
17633.555839
17900.497624
17902.438213
18572.622766
18659.396934
18479.619770
18282.338982
18889.532766
19258.056307
19187.969556
19148.713749
19333.085234
19133.553988
19031.468541
19134.600787
19048.064660
19232.294102
19182.413803
18588.345564
18402.818881
18617.366231
18270.428080
17958.188559
18097.021926
18049.980956
18060.722304
18215.066473
18466.386270
18392.349709
18540.805442
18577.511650
18451.576066
18113.583239
18451.576066
18345.863599
18146.730901
18042.572786
17938.370937
17857.952590
17707.846417
17864.111177
17685.945081
17905.076289
17705.262376
18170.637055
18199.243545
18652.274620
18923.445474
19363.473877
19079.171635
19235.456950
19036.075136
18693.342852
18161.803407
18532.978339
18291.952906
18606.621425
19272.189603
19062.402036
18808.505509
18821.615752
18496.566310
18023.337071
18483.292643
18309.402864
18129.120913
18426.622638
18363.644327
18413.359859
18514.591138
18768.423015
19102.299806
19683.035464
19579.167494
19689.395872
19813.220209
19310.346953
18826.646531
18687.637238
18854.499439
18674.559859
18487.807612
18162.751187
18518.470218
18323.473918
18516.235639
18455.890159
18609.766471
18625.028148
18716.648102
18673.256782
19137.307640
19189.222330
19032.968563
19401.788745
19508.424437
19688.273687
19978.949159
20542.709890
20225.740944
20427.457699
20475.272177
20546.736782
20344.813017
20572.719414
20169.476211
19648.914168
19713.777313
19577.309412
19358.784407
19248.330431
19413.181844
19167.710215
18953.150053
18824.186862
19092.987044
18988.711243
18886.981429
18930.151628
19181.473789
18737.022983
18834.788845
18774.105894
18604.657395
18407.312998
18218.667207
17967.304111
17769.863548
17631.056701
17555.773399
17746.732729
17881.090932
18193.681725
17926.721977
17353.619790
17167.012937
16953.849240
16624.537782
16876.489187
17308.797116
17393.243163
17330.219595
17453.988585
17384.656375
17462.121445
17362.175496
17056.391857
16698.630568
16553.335505
16508.629596
16834.123040
17033.544603
17100.829342
16931.402916
16851.572511
16591.620701
16390.022213
16598.152711
16867.185990
16467.190339
16432.799455
16751.672541
16463.384145
16064.090786
16437.796894
16517.782083
16479.035752
16823.719803
17415.691941
17775.342849
18141.707856
18291.194521
18246.041522
18393.179599
18183.999325
18160.508092
18381.824037
18392.171193
18253.758004
17880.077872
18033.890999
18253.174824
18289.982680
18595.876284
19246.224898
19515.641911
19912.376511
20393.836664
20404.415986
21476.073855
21491.115996
21417.868179
21276.667891
21015.957240
20177.391831
19921.660585
19416.264291
19251.476901
19381.847739
19261.608445
19467.715504
19808.496827
20320.243572
20658.377205
20562.085192
20401.784776
20418.740037
19792.268484
19699.029966
19865.535993
19972.003416
19525.388247
19646.678151
19412.574348
19328.167366
19520.888387
19779.012122
19811.548379
20227.862359
20277.138565
19889.035901
19678.636210
19362.060708
18527.247255
17944.264068
17430.337729
17226.410083
17274.239980
17386.992788
17377.674843
17338.654636
17314.756302
17019.661098
16952.329524
17086.566192
17389.922913
17522.576812
17910.658107
18200.927104
18236.647539
18186.828695
18158.435504
18240.795460
18579.401963
18999.750427
19125.522105
18845.889960
18672.240441
18223.337938
17729.993765
17636.709664
17953.385674
17979.370466
17953.385653
18051.956747
18312.163020
18711.341198
19229.825961
19353.319292
19888.903594
20504.756843
20240.178738
19789.154530
19778.342844
19644.806105
19325.629853
19180.387497
19494.728845
20110.842600
20061.328694
19130.959174
19113.744170
18566.946258
17970.711279
17491.316777
17931.728644
17669.007662
17517.352603
17111.842327
17001.544780
16548.156782
16365.777900
16580.614608
16732.492762
16509.042541
16927.929369
16876.033753
16930.214613
16780.368889
16919.219298
16424.482245
16923.398465
16652.284721
16784.457489
17078.086444
17358.062940
17199.819425
17425.290748
17867.198351
18349.265649
18692.154979
18921.875654
19505.142235
20017.393595
19939.581660
20206.310678
19870.365806
19286.709143
18519.038264
17964.410928
17339.818507
17190.213066
16708.676367
16767.359405
16558.296960
16514.947246
16612.472096
17054.909121
16686.406783
16754.127975
16743.290066
16966.899960
17029.714452
16988.871809
17066.380231
17022.807060
16693.047466
16495.629058
16354.697559
16403.938541
16393.203563
16640.526723
16787.996111
17540.393504
17982.096585
18658.868328
19201.449676
19994.992227
19784.740183
19267.429384
19239.686389
19300.144435
18933.623860
19009.294393
19573.378717
19417.142681
19091.889579
18814.341311
18929.349582
18698.783762
18603.707591
18950.576365
19314.861030
19321.610115
19638.589667
20100.772042
19820.661994
19885.909646
20319.670798
20474.945449
20288.089710
20771.686063
20678.565585
20422.856065
20222.667041
20200.927520
19778.342844
19986.548950
19927.988409
20069.025993
20209.794681
20665.438741
20669.965103
20700.032213
20519.098826
19983.485417
19540.918964
18979.275318
18788.473339
18356.137323
18399.465505
18312.678705
18759.384882
18588.177773
18675.011600
18649.133597
18482.009133
18321.659686
18148.234150
17877.834055
17947.564199
18075.466595
18014.544006
18114.607083
18372.926694
18238.258640
18127.700959
17767.800466
18016.909061
17953.724876
17923.426389
17849.630208
18079.445337
17771.178012
17792.658476
18031.403601
18280.542803
18291.194521
18313.040261
18209.787479
18047.066774
17832.200584
17652.738463
17407.390179
17489.339606
17695.419485
17593.733636
17645.653106
18079.445353
17961.890859
17738.583896
17695.036780
17554.159530
17293.740414
17514.884208
17460.825891
17425.908040
17618.956564
17662.541779
17727.999578
18079.445337
18522.086195
18799.228955
18860.155922
18923.789350
18543.975077
17958.581503
18001.794913
18255.717055
18091.162155
18245.300927
18670.221848
18477.458500
18383.838021
18296.997760
18199.648378
18136.693326
18115.020852
18138.723152
18089.311919
18497.205578
18367.115907
18072.026271
17989.598282
18043.729120
17241.415528
17187.065882
17043.891592
16701.025555
16649.562444
16820.846646
16712.459721
17154.657648
17265.601115
17237.250825
17824.921643
18094.089069
17692.592043
17638.176054
17394.139614
16895.026226
16862.709263
16899.801627
16905.817132
16882.460959
16867.750232
16533.434690
16576.643829
16401.316918
16595.933721
16678.574222
17548.370416
17582.872331
17572.171996
17480.531896
17400.143863
17024.956261
17211.811732
17419.815197
17600.734718
17609.372853
17628.692176
17817.347528
17821.862017
18031.234279
18781.360751
18724.915119
18484.439246
18655.453406
18538.086106
17813.751295
17653.359017
17978.773249
18050.135071
18160.657598
18314.593670
18709.362343
18537.955176
18355.758742
18167.819545
18426.327080
18603.846404
18909.267162
19260.810785
19796.683249
19965.586755
19455.976616
19282.750411
19392.938002
19541.122229
19504.485457
20196.297894
20664.965797
20747.131357
20366.407089
20134.343653
19663.372820
19433.942014
19440.162400
19393.148219
19723.248192
20021.902851
20223.635484
20293.595501
20612.995917
20081.442016
19877.577461
19910.068117
20040.479901
19781.782721
20640.931971
20675.581963
20501.823079
20278.586863
20715.178519
20045.522305
19845.809042
19600.815619
19186.706490
18798.781600
18809.800099
18571.453370
18612.582084
18666.952830
18410.647399
18339.093076
18426.211702
18417.057295
18364.887254
19393.998361
19376.818056
19370.088808
18928.122162
19264.175283
18697.823392
19328.916539
19480.735801
19784.560196
19840.424350
19462.112384
19076.437115
19321.610115
19421.215332
19290.869336
19655.253162
19162.904843
18831.288773
18514.591121
18384.189760
17808.629359
18305.203573
18400.484457
18782.340911
19220.562922
19474.353158
19565.254009
19892.771984
19767.195764
19500.153162
19366.228658
19214.894843
19041.031218
19008.326686
18924.110736
19116.484983
19270.839579
18901.883081
18932.133323
18713.265655
18711.003609
18075.590625
17999.661463
17843.641894
17860.482462
17510.597571
17623.459927
17380.376867
17129.147128
17040.106819
16936.694650
17001.825357
16977.934927
16841.113692
16880.285076
17291.264711
17449.845440
17755.525844
18273.971618
18499.404448
18405.464853
18214.834509
18123.293656
17956.485029
17789.488279
17418.531125
17296.881802
17032.231034
16418.668272
16047.751942
16195.654161
16575.288962
16969.791579
17323.458031
17412.476883
17168.191499
16775.633623
17051.138579
17002.986627
17475.955452
18373.720298
18586.108276
18217.395477
17991.827287
17534.068300
16883.045743
16790.029835
17017.993050
17202.035746
17224.031741
16817.254585
16932.019387
16537.608813
16810.976785
17173.164557
18016.488453
18059.755494
18378.615700
18610.674259
19092.237102
18944.118662
18747.068133
18580.117085
18423.460985
18252.456318
18825.755205
19209.715715
19537.270599
19667.594664
19098.709804
18807.669206
18957.373290
19445.236748
19467.061894
19844.440513
19691.765332
19682.690992
19619.944514
19999.404093
20450.792368
20868.471683
21040.320062
21261.318760
21543.570108
21265.537176
21275.528877
21239.997141
21119.325959
20511.636463
20635.489134
20936.318015
21413.258905
21806.107018
21974.723159
22148.618852
21845.375975
21567.573607
21389.993766
21836.625252
21854.088365
22070.188431
21939.992274
21796.764806
21501.504128
21386.864014
21147.276492
21056.202243
20531.620963
20180.138849
19735.765637
19382.962785
19456.573144
19641.060491
19723.702121
19467.576106
19387.820315
19058.174094
18780.539163
18737.023003
18969.067857
19013.724372
19137.488245
19113.744188
18887.938938
19126.593283
19084.384637
19036.700185
18769.711685
19045.284835
18492.251411
18344.299059
17929.874828
18279.174431
18294.679923
18374.628018
18466.194253
18587.648760
18461.825540
18502.954782
18787.389480
19003.427307
19577.928195
19701.760822
19198.449846
18949.162370
18808.160321
18411.294223
18519.725004
18606.224840
18842.821813
18826.470300
18364.378926
17831.008822
17902.438213
17848.233409
17712.018008
18052.610339
18905.072595
19086.929300
19375.359350
19265.371914
19549.088348
18948.521739
18863.852775
18939.765199
19144.177314
18951.105445
18961.900899
19283.005365
19016.090519
18964.553512
19112.377463
19433.031619
19545.569884
19708.158336
19680.418822
19454.850099
19211.447931
18758.342767
18702.158855
18526.105442
18853.367372
18987.472475
18979.178734
18686.232707
19374.695653
18817.467562
18275.177491
18388.085259
18296.830792
17730.649809
18129.427526
18108.059761
17882.410762
17967.113570
18223.186386
17926.010007
18077.835312
18112.335879
17856.706646
17229.304820
16951.633440
16713.163184
16585.544704
16396.547997
16408.076675
16373.405188
16410.350861
16221.486210
16549.018387
16556.160734
16675.561618
16807.771380
16673.343779
16634.475268
17113.689716
17451.690638
17534.210975
18037.357247
17926.895811
17558.201876
17219.828531
17271.742471
16766.462565
16328.296003
16622.132419
16893.080633
16433.164680
16643.692828
17129.727972
16772.216387
16655.130263
17290.605700
17377.484852
17646.192036
18149.140746
18637.175031
18094.925726
17999.661480
17882.410762
17591.215802
17109.630099
17176.767236
17127.114760
16912.422355
16658.569732
16739.004849
17530.351446
18048.868843
18688.255321
19174.740771
19591.119945
19521.700807
19315.716744
18964.553512
18990.315804
18762.811557
18541.448262
19007.496979
18998.939634
18728.827008
18854.499439
19136.527111
18546.707911
18516.078273
18758.179212
18892.741310
18374.488606
18437.424819
18563.136155
18182.620716
17902.623725
17666.381655
17429.821319
16853.090884
16799.032406
16308.721921
16762.325918
16542.872663
16523.543800
16504.705717
16658.727754
16368.064810
16621.957508
16667.406931
16897.744037
17032.068784
17069.077971
17366.239393
17774.160623
17701.052312
17340.917570
17236.943253
16946.191601
16627.393654
16740.250174
16850.704303
16677.393333
16460.484459
16386.707449
16159.021417
15946.059007
15851.015899
15950.710937
16087.016274
16327.082943
16446.123546
16569.800334
16786.776836
17005.736895
17097.428906
17691.657571
17865.225608
17813.132192
17940.857219
17619.115006
17183.176144
17399.981914
17451.890544
17393.602557
17334.953870
17467.329620
17165.772730
17052.821313
16777.563960
16730.265202
16995.077460
17144.282715
16873.606474
16979.959518
17198.488847
17074.915557
17115.881199
17330.528898
17419.672610
17680.304972
17745.744201
17797.519381
17747.509115
17734.666112
17722.875110
17338.979548
17128.735585
17553.684129
17505.973918
17179.426644
17266.089390
17259.727406
16810.865734
16838.994350
16874.179004
16867.905517
16706.986570
16787.490583
16659.337026
16548.864758
16410.212514
16727.037612
16592.454570
16533.772395
16275.414333
16442.619596
16455.825108
16750.453604
16728.725795
16763.826987
16601.142068
16449.616784
15974.481263
16091.673384
16112.653576
15954.511993
15622.592586
16071.783735
16134.352910
16268.089878
16619.627582
17187.913162
17500.347774
17920.750582
17972.573086
18011.750486
17656.073953
17213.492051
16419.884372
15922.092795
15342.297568
15259.905687
15006.267519
14843.538741
15130.740571
15518.382111
15865.338804
16221.236755
16631.463903
17061.396429
17052.504714
16495.040240
16063.694148
15688.316105
15566.286709
15601.373265
16010.689319
16687.256434
17136.483820
16777.015896
16861.485230
17271.427334
17408.139576
17288.776514
17418.119820
17374.617999
17008.106846
16758.548670
16871.315717
17212.317571
17645.778699
18337.691001
18505.011836
18853.884282
19015.965105
18870.542888
18847.262685
19011.943309
19156.797309
19836.266611
20493.353539
19955.307957
19384.720897
19332.951821
18860.413226
17990.848054
18675.979421
19719.426139
19456.727857
19334.492626
19406.458767
18890.235096
18300.452972
18742.615636
18965.977508
19078.728112
19321.768452
19282.750411
18939.928594
19087.720328
19324.311281
18981.632259
18530.544751
18122.728772
17281.640967
16568.276769
16503.041561
16626.602969
16613.834070
16493.927764
16743.091414
16714.951834
16764.848422
16587.180291
16686.188507
16902.859637
16824.513926
16681.428659
17117.397472
17062.965853
16666.574933
16519.180231
16830.935758
16985.103242
17574.942771
17676.988017
17763.465385
17498.938171
17113.160424
17213.940745
17266.089390
17237.887329
17502.515262
17463.528029
16775.266125
16560.226715
16573.739037
16473.459696
16493.435440
16692.873127
16768.717937
16712.459721
16322.093785
16215.536652
16116.995436
16299.289942
16589.900615
16622.463682
16743.700042
17014.039269
16988.193727
16803.804517
17126.972479
17356.397883
17586.966510
17775.557617
17897.221715
17819.105881
17588.966259
17612.574627
17547.796488
17382.861607
17350.058809
17393.602578
16782.646752
16687.118700
16578.822798
16619.972934
16559.243194
16486.460697
16564.512476
16777.194733
16675.226854
17093.739885
17462.654531
17184.898238
17109.179404
16981.403338
16759.745879
16383.727689
16750.602473
16863.266930
17509.712774
17227.569912
17267.419761
17178.803694
17009.387225
16363.518172
16614.842903
16560.569449
16135.646095
15745.042475
15829.569197
15797.216698
16220.538399
16547.877344
17154.845507
17265.730724
17105.189327
16550.500059
16646.010134
16118.862253
15950.054775
15717.858345
15858.928863
15648.119899
16116.867293
16483.860194
16637.225449
16801.758199
16973.155644
17179.273150
17060.204559
17109.777749
17149.853998
16872.121940
16668.213114
16670.380400
17082.380829
17073.069796
17764.781226
18014.345450
18200.645939
17836.482728
17836.482728
17418.119846
17242.331363
16563.638201
16415.955111
16587.461603
16507.396775
16431.331370
17066.962643
17537.260751
17803.135958
17627.271484
17603.299907
17234.569851
17124.040349
16886.835985
17656.652391
18116.371477
18541.586396
18509.079512
18499.583331
17972.573045
17914.271515
17606.186161
17664.559369
18043.078529
18587.298519
18346.421484
18505.186679
18839.110636
18378.275857
17742.729836
17538.665717
17282.960046
16539.068912
16680.349772
17157.487270
17105.333673
17211.811754
17682.032134
17712.826898
17526.069284
17678.233638
17469.584449
17413.583516
17476.761953
16815.523369
16370.840816
16353.364179
16086.595160
15719.987228
16345.030472
16865.301232
17149.498702
17229.649885
17215.238760
17107.101983
16771.071124
16805.313008
16387.017837
16213.206561
16063.694148
16258.432114
16055.054124
16339.061323
16503.426452
16557.765391
16358.051825
16635.668912
17232.360099
17286.359658
17379.380504
17563.560232
17570.293149
17494.535980
17990.126214
18486.722846
18616.867328
18636.454400
18653.758515
18500.915619
18310.268785
18563.739215
18902.228033
18726.659264
18686.615979
18567.176282
18383.038634
18211.621283
18695.346705
18895.168841
18760.581140
18962.275480
18749.535397
18487.182681
18266.469789
18073.651834
17771.744710
17919.679518
17687.183834
17266.642502
17340.549474
17420.674449
17507.487511
17464.103301
18049.356584
18563.247809
18539.219458
18589.095876
18510.963096
18055.235992
17378.727832
16986.001025
16678.212128
16790.972682
16870.699203
17070.224154
17603.738435
17749.099720
17441.304479
17361.390429
17387.345333
17586.966526
17654.018348
17810.281633
17624.663664
17453.436075
16644.269835
16238.877936
16293.245834
16610.310313
16471.631753
16521.172834
16369.351306
16256.796213
16188.661526
16364.443905
16181.840773
16147.456364
15991.515840
15676.486310
15581.199056
16316.289688
16561.130359
16840.927537
17212.471537
17381.300826
16930.494627
16394.934190
15926.274419
15625.407033
15299.964765
15232.867467
15664.648418
15848.965673
16104.934016
16569.063687
16697.162680
16488.572691
16523.543800
16365.971288
15919.201911
15628.567533
15800.604682
15641.249318
15293.514392
15129.212219
15126.929429
14843.338583
14875.523179
15063.600029
15367.097294
16000.119673
16587.931504
17008.760400
17384.812240
17625.453234
17623.298123
17488.834883
17404.337209
17648.387186
17989.015239
17948.170097
18522.667568
18869.604494
18726.194436
18183.872934
17995.511234
17752.520363
17435.879371
17344.236170
17526.239265
17524.148686
17376.721982
17159.791520
17239.853221
17339.471670
17682.032134
17489.073794
17510.763500
17609.530250
17511.833997
17308.285814
16891.919281
17115.052288
16682.358364
16448.615333
16533.118279
17493.945929
17430.853119
17593.202615
17719.149031
17079.135314
16506.593744
16413.450346
16399.212536
16388.370794
16576.803264
16273.295258
16214.726170
16196.074326
15951.004751
15666.573457
16000.604453
16265.918867
16279.558612
16602.690561
17218.991479
16758.696592
16422.633086
16331.031787
16172.610780
15881.870061
16239.769464
16402.483412
16818.540344
17020.102300
16974.460290
16913.800802
16850.856388
16688.596705
16699.724835
16864.632666
17079.337831
17139.966854
16947.305813
16537.480443
16396.548011
16235.982857
16259.478237
16337.354589
16582.014241
16877.333498
16862.189049
16447.971869
16191.533559
15983.648518
15647.352939
15844.902829
16189.930972
16144.698532
16464.070083
16745.928142
16754.278758
16713.349666
16995.231874
16969.097569
16600.470458
16346.621044
16068.862316
15591.965509
15310.760534
15835.232066
15915.186388
16160.565180
16383.451119
16277.305739
15852.353754
15872.062453
15711.514808
15537.524545
15467.449004
15461.894093
15190.381660
15316.021564
15838.237830
16011.252405
16111.363108
16353.893629
16100.450819
15463.454395
15396.328432
15851.861055
15561.200424
15435.327917
15527.019685
15314.357002
14310.831567
14288.472017
14142.772028
13602.922270
13533.521656
13676.660443
13785.009135
14398.837888
15496.195326
15959.896375
16096.917399
16257.191411
16159.950970
15934.228161
15918.841308
15877.891024
15474.350256
15693.140674
15630.038571
14993.012771
14937.765335
15341.645308
15055.000751
15043.521482
15611.826867
16091.419110
16231.927778
16071.783753
15587.450755
15524.568027
14979.618537
14592.089370
14548.222506
14837.696404
14857.476138
15119.456670
15529.659881
15768.552931
16101.622118
16266.650961
16279.558612
16221.003188
16144.698532
16220.538414
16326.712946
16988.193756
17243.685239
17927.067278
18046.837024
18339.821699
18100.824294
18138.049174
18120.736717
18355.570080
18331.840782
18650.469392
18533.295243
18301.379476
17667.248958
17261.281931
16552.445041
16485.330250
16402.483377
16983.143482
17045.852103
17217.038999
17058.979526
17097.855445
16587.931524
16345.297327
15993.734465
15998.170776
15890.051721
15657.014550
15474.918567
15258.432859
14776.753460
14366.251626
14141.593857
14086.593386
14399.031096
14936.737708
15169.483734
15467.279174
15675.631662
15560.849104
15212.011338
15118.729040
15141.915370
15274.026680
15306.337000
15395.852040
15428.522933
15315.206925
15180.710013
15595.971750
15640.756002
15578.300396
15718.417792
16096.104402
16119.887066
16137.602386
16286.921291
16260.710995
16143.879068
15926.914622
15860.016579
15692.648839
15756.033541
15530.680966
15483.054830
15613.158736
15838.871768
16097.228110
16864.972951
16856.052051
16838.994350
16604.501724
16644.422434
16215.060673
16308.357461
16293.428247
16545.053646
16516.457152
16642.378171
16397.204363
16638.037748
16577.137752
16614.983199
16460.910108
16903.516375
17031.382513
16905.320859
16764.491978
16410.910996
16198.829090
15838.748183
15686.908803
15339.012795
15485.965656
15356.264074
14963.895025
14996.236885
15341.753304
15415.282129
15140.013838
15306.525332
15282.689697
14909.842700
14690.255168
14913.685577
15171.842009
15432.477474
15951.461414
15856.019678
15877.891024
15745.163517
15349.032606
14469.774765
14296.168413
14275.070823
13896.919396
13877.813763
14593.901027
14683.696038
14479.947425
14436.480606
14392.972918
14065.555110
14378.508924
14552.521367
14925.217155
15475.627595
15656.644723
15873.488254
15864.618239
15736.926210
15680.507242
15657.014527
15520.742958
15769.880505
15986.875950
15991.350893
16127.338266
16194.530056
16188.036713
16400.768561
16435.277951
16303.903599
16115.195737
16308.037242
16236.404551
16214.726170
16668.213075
17290.605700
17353.810235
17481.614272
17659.219282
17572.541038
17377.292775
17680.845917
18374.906043
18979.743368
19163.279674
19085.438027
18653.607383
18111.433747
17901.132336
17678.044426
17391.338587
17304.878253
17068.534106
16372.277249
16322.718961
16554.962199
16333.691925
16613.636678
16708.869111
16455.689565
16221.003188
16442.468970
16383.451102
16420.614783
16744.754784
16879.223965
16722.997016
16356.780122
16367.409625
16076.232454
16147.628695
16290.584451
16464.394056
16076.232420
15732.817321
15711.514808
15502.603191
15125.779046
15277.570663
15569.001460
15605.373220
15614.347161
15731.630463
15603.339522
15927.432619
15736.926230
15635.282210
15685.044383
16097.078923
15899.783394
15702.640439
15791.336684
15656.644766
15632.677617
15489.489372
15400.739005
15945.114658
16404.876060
16424.286118
16800.073173
17299.280057
16704.996609
16611.683739
16897.933130
16796.937057
16985.279661
17586.385291
17714.123888
17948.693155
18477.309010
18583.315503
18550.564682
18897.867507
18375.048430
18379.842047
18236.807997
18538.086106
18501.079386
18880.966537
19155.867064
19118.628286
18878.098159
18867.379954
19082.110988
18323.075233
18116.897505
17986.988130
17693.907188
17262.501262
17178.036100
17464.103301
17026.082920
16472.956804
15729.591739
15134.579648
14521.312098
14523.316051
14608.302407
14911.326229
15240.299199
15550.582857
15509.179401
15559.106243
15327.149840
15500.865751
15150.008227
15060.845703
15201.844390
15433.766803
14834.324270
14634.726313
14302.900470
13763.227106
13322.970284
13570.044278
13719.312879
13968.063216
14270.181300
14456.851819
14743.393791
14758.572171
14867.177648
14942.613230
15068.044787
14584.617439
14458.880032
14217.720401
14142.219241
14298.101870
14792.209885
15002.506192
15429.160652
15858.928863
15659.228171
15356.102676
15189.442545
14905.145795
14538.376254
15025.047210
15080.888599
15622.943839
16141.102452
16390.758605
16002.358066
16251.618373
16325.211273
16243.209416
16854.550889
17802.233889
18265.325985
18571.207671
18898.369075
18484.267483
18156.463889
18534.768207
18728.034694
18780.050527
19298.793817
19712.363897
19526.773905
19563.642393
19351.298807
18952.157479
18715.923277
18563.136155
18051.131329
17821.331060
17691.354607
17298.895042
16800.372265
16540.445784
16948.153792
16939.507580
17110.623064
17200.140479
17479.844283
16965.841546
16746.608561
16178.353861
16070.518885
15354.855191
14674.376601
14138.187843
14190.206297
14035.433722
14412.025067
14839.265018
15047.611146
15253.816752
15535.679894
15288.453525
15329.556758
15596.558233
15570.724009
15755.934741
16085.746557
16451.846490
16419.884372
16220.538414
15818.286594
15744.717746
15484.593148
15640.756002
15616.606379
16027.756002
15997.681208
15965.434586
15826.192329
15936.859134
15516.195935
15516.195935
15770.052545
15535.679894
15759.145671
15900.206543
15689.450050
15772.114966
16366.386379
16357.768008
16794.712615
17686.063625
18065.674757
18048.525335
18456.244444
18770.724666
18658.296722
18736.187697
18866.529876
19189.376059
18848.729045
18894.454131
18842.296340
18870.380348
18655.661845
18578.311889
18467.757361
18705.973515
18740.889473
18610.674259
18641.277207
18652.274620
18344.299038
18196.429231
18138.218479
17992.519633
17409.056710
17289.824451
17003.354572
16428.780987
15970.497474
16293.913851
15992.495451
16122.430889
16666.905496
16972.268235
16798.880631
16883.045743
16929.136024
16273.813646
15907.226416
15753.123844
15217.481300
15029.003929
15472.064346
16031.018779
15983.111938
16002.358066
15540.704019
15043.740286
14811.354945
14837.579596
14993.414672
15318.401265
15368.842123
15178.909100
15425.390545
15751.205823
15846.547502
15801.040564
15821.792054
15863.178861
15869.491202
16132.243123
16318.642267
16819.135797
16775.811064
16881.790982
16996.661097
17018.617459
16746.083488
17084.334852
17119.137976
17225.210609
17509.566732
18000.421624
18705.239304
19067.480020
19086.929300
19325.629853
19104.709145
18115.719256
18053.013473
18098.539735
18200.251025
18148.676835
18588.807390
18189.833336
17476.260936
17127.260438
17533.659881
16854.825868
16830.626934
16781.024179
16466.465001
15785.244495
15960.418121
15965.533287
16563.943145
16741.596774
17063.129741
17399.655617
17313.215675
16952.590958
16731.738110
16529.617972
16624.809162
16516.457152
16429.733296
17076.310453
17188.951660
16824.513908
16941.773733
17182.581009
16686.188493
16686.188493
16638.037748
16854.960132
16605.448904
16798.727152
16350.046815
15985.621006
15755.643721
15718.417792
15619.182319
16020.735227
16326.712946
16272.487968
16402.342938
16406.660539
16366.814106
16644.269817
17032.563384
17529.503473
17650.788894
18169.878488
18545.111107
18575.394980
18497.464303
18491.211204
18192.608319
17917.073633
18073.430517
17943.253266
17971.415216
17924.462432
17922.186025
17746.586225
17859.165117
18418.959174
18693.845603
19027.939080
19095.031635
18997.353307
18758.677756
19022.243231
19329.863709
19878.867158
20540.102516
21158.109124
21233.112688
21146.696775
20728.006943
20747.639130
20504.577719
20356.362607
20072.619797
20508.582985
20205.240548
19712.363914
19498.569316
19223.464125
18531.514435
18088.933954
18011.139974
17315.288697
16686.627912
16486.887539
16098.808262
15654.475207
15600.642720
15769.399565
15335.779921
15306.729404
15609.081398
15796.802443
15816.737541
16152.343228
16143.769765
15924.763611
16058.725839
16687.401148
16743.908480
16902.484694
17067.264359
17052.987334
16677.881279
16681.942761
17536.722637
17940.012626
17980.044085
17962.586903
18228.988078
17919.562368
18075.590625
17925.131450
17855.860979
17844.942728
17964.071030
18061.679766
18978.532131
19355.342947
19338.283550
18984.580209
18685.073824
18603.238922
18730.965574
18973.904125
19279.776276
19726.315310
20121.108942
20446.304447
20834.807884
21478.678904
21748.106185
21478.997655
21731.920727
22536.085720
22724.358582
22193.553583
22170.300258
21670.577513
21113.535477
20727.699338
20983.626837
20955.504457
21146.431802
21183.540817
20805.913288
20660.176222
20547.700315
20166.057976
19497.816543
19554.467291
19283.242814
19158.845791
19466.943357
19087.081874
18724.915136
18551.219140
18544.342825
18177.946872
18353.665799
18405.610046
18477.458500
17927.404836
17693.068603
17641.293832
17472.101132
17523.980884
17571.067164
17373.609014
17080.933162
17080.933162
16417.473221
16203.544052
16741.269389
17151.318277
17179.426663
17587.097229
18045.201086
17505.322957
17362.024726
17201.516524
17275.461416
17482.161729
18048.344166
18217.395496
18278.033980
18438.834412
18212.616069
18377.800073
18792.190861
19202.190219
19590.412553
20254.966976
20302.954041
20163.846303
20170.467513
20205.480261
19876.363853
19856.980903
20017.577412
20210.049515
20303.447195
19904.153107
19858.713694
19719.704416
20200.927533
20428.933954
21268.108519
21319.776808
21385.089748
21157.195706
20690.737035
20136.598520
20437.615367
20554.538870
20444.412601
20973.680131
20879.328594
20354.874005
19968.754769
19259.292383
18446.294919
18349.706291
18165.402321
18126.668755
18547.205277
18501.408143
18562.908922
18519.380676
18365.280952
18441.259209
18621.139680
18529.629903
18679.169737
18655.253897
18258.515368
18006.740910
17842.678437
17528.130574
17324.132420
17191.649835
17289.489808
17360.001593
17377.292799
17628.692176
17921.534073
17880.399535
18133.988410
18145.155785
18329.451586
18567.558505
18888.925987
18943.088373
19096.990538
18912.801873
18374.766572
18079.689850
17769.710214
18027.827253
17726.241446
17726.241446
17691.657571
17635.449027
17754.484432
18136.294648
18804.423583
19057.951078
19516.064038
19613.680059
19713.173534
19646.219022
19566.023239
19488.097317
19544.725976
19813.512402
19473.224900
19347.291136
19497.635877
19654.040731
19872.858447
20378.395583
21014.247085
21598.949218
21269.862194
20969.935681
21086.937729
20676.882400
19885.535309
20111.000791
20295.195918
20147.939231
19867.689313
19919.557912
19437.915189
18857.001744
18050.135052
17726.828141
17238.239565
16913.006379
16485.904178
16604.853044
17012.762062
16820.218986
16410.212496
16304.085212
16216.986236
15937.271335
16235.855930
17300.663700
17851.577530
18152.975896
18402.447983
18573.808337
18118.478309
18103.224041
17927.572394
17378.891688
16596.299276
16418.823776
16412.065963
16526.995273
17060.904825
17563.280425
17127.573819
16713.349666
16273.006029
16025.717384
15955.257662
16521.172852
17156.928231
17401.723282
17564.262113
17740.862546
17742.729836
18059.391027
18614.811635
18538.656029
18639.963527
18728.826988
18321.253801
18251.769019
18427.213063
18380.495060
18655.661819
18974.432983
19009.083998
19037.381427
19202.190205
19338.684492
19034.994497
18735.664083
18785.551575
18877.392255
18879.235712
19180.746927
19545.056958
20035.317769
20258.589858
20288.724869
20247.782785
20355.966258
20306.230310
20771.379392
20587.383709
20426.640090
20546.157578
20098.893422
18797.461871
18500.258950
18604.376834
18033.891024
17626.454851
17701.594855
17536.722637
16996.484088
16630.557362
16706.027338
16821.162270
16843.045407
16962.398004
17098.619156
17031.563368
16979.959518
17029.714433
17027.565732
16589.520810
16810.865720
16777.942327
16784.284097
16450.313068
16792.796946
16519.882169
16266.277204
15769.399602
15624.245741
15233.278738
15096.634939
15106.197440
15485.539138
15591.965509
15750.911360
15752.389854
16180.775969
16126.393675
16323.153328
16594.598670
17002.230327
17042.321670
16949.212816
17068.342259
16834.123040
16421.942678
15837.341904
15956.022550
16390.180078
16595.771647
17042.818126
17710.039598
17989.777999
17668.735378
18172.155315
17957.204205
17767.199262
17866.345014
17942.727238
17522.108269
17790.884498
17915.234718
17704.808151
17882.749368
18450.864387
18895.728412
19304.463611
19957.165820
20039.578400
20035.317753
20215.336850
20168.534236
19942.490763
19940.460736
19634.999264
19413.668833
19594.603899
19676.966262
19577.152840
19733.464584
18995.984857
18415.563140
17799.775503
17641.467340
17149.149373
17497.968309
17681.380956
17694.271775
17466.942213
17742.126812
17627.271484
17622.648914
18216.938868
18370.556519
18448.590537
18255.867187
17781.276807
17219.708925
17655.487587
17290.922608
16909.638977
16982.558275
17062.316688
16576.487367
16541.711174
16641.593491
16636.846793
16706.333440
16567.765752
16858.373339
17062.079328
16564.088172
15818.002296
15258.663448
15058.731209
15265.435810
15824.253057
16377.117155
17233.782992
17422.374713
18001.456449
18391.397685
18237.574044
17762.629210
17326.664411
16767.188910
16694.361789
17403.667308
18160.508092
18860.687294
19233.828758
19717.814194
20097.611280
20576.475086
20878.514162
21004.274025
21217.971310
21146.431802
20634.357888
20408.979118
20391.825331
19599.764696
19115.996099
18695.346705
18497.910314
18218.179587
18218.179587
18454.846472
18454.846472
18469.910378
18283.358402
18642.679290
18614.646661
19109.016436
19013.534253
19054.897118
18345.233990
17623.136785
17259.002839
17206.515820
16850.856407
16944.984162
17014.403855
16582.396373
16420.257093
16344.555472
16207.902904
16222.841144
16654.718245
16396.665724
16349.229903
16358.197599
16171.899270
15989.679996
16093.552578
16295.479920
16110.126939
16022.827091
15914.702322
15670.086218
15680.349082
15863.632708
16268.943182
16600.968745
16779.020338
16869.749727
17114.373003
16830.180376
16422.456736
16346.441052
16489.359949
16968.928240
17706.214053
18326.770580
18641.093804
18881.880491
18432.941815
18049.356603
17424.776687
17504.963609
17112.423856
17187.583363
17343.699111
18070.089595
18098.539776
18386.782194
18619.504002
18925.092305
18773.599557
19072.599372
18769.127911
19224.950203
19127.358890
18767.471813
18719.537347
19324.732576
19559.789152
19999.585723
20620.145570
21080.058628
21106.241391
20469.337201
20328.243829
20428.124953
19992.006340
20404.063818
20397.292857
20030.678586
19751.182106
19865.535979
19228.257144
19279.967218
19625.016106
19405.860734
19559.789166
19585.326984
19026.155305
18636.101503
18848.620963
18583.928511
18492.733521
18673.944451
18073.215026
17524.319759
17105.813639
16789.163031
16728.240812
16858.373339
16964.401952
17116.220209
17710.465687
17593.202615
17777.027042
17627.699335
17397.900420
16931.402933
17751.502518
17903.397203
18141.855481
18443.404914
18378.275857
17464.236071
16898.501412
16746.484385
17006.737700
17388.475134
17522.576794
17787.034698
18069.073575
18335.561453
18546.145964
19048.930979
19471.606520
19441.230950
19063.829448
18925.092322
19040.525239
19869.080444
20289.453141
20630.292594
20554.018970
20478.809729
20381.506197
20121.108928
19748.242519
19980.203839
20074.038956
19384.377378
19527.599215
19480.075942
19356.288725
19173.085884
19344.582363
19339.790053
19786.628682
19730.427568
19882.748017
19946.089931
19828.956488
19430.152610
19345.380066
19124.454078
18471.638971
18050.774289
17790.686758
17311.073662
16698.119882
16513.927869
16201.446588
15451.317838
15029.779493
14993.135856
15018.326421
15105.634044
15728.228241
16164.244349
16431.797550
16212.846074
16279.886461
16410.069256
16637.622667
16440.441423
16891.744311
16869.578507
16653.102347
16668.054297
16783.213485
16746.358447
17169.367532
17208.200202
17399.144440
17378.043259
17508.179220
17436.589427
17638.014834
17887.494529
18409.518257
19116.161843
19003.553001
19103.465032
18561.353087
18382.595916
17963.896412
18592.868999
18703.538273
18666.952830
18546.878058
18445.022500
17965.470508
17998.171094
18035.042258
18457.679156
18646.684383
19160.748578
19908.930676
20724.087898
20802.017117
21410.942848
21554.282311
20651.899162
20500.206681
20730.546412
20144.808229
19672.022529
19750.613373
19663.270372
19052.844484
18905.365117
19369.334928
20173.894095
19965.586738
20130.025011
20158.486476
20015.149201
19275.963532
18722.691204
18459.574602
18399.007255
17897.772143
17463.968675
17641.982707
17949.745969
17672.224071
17598.272080
17188.419718
16891.553965
16390.899036
16065.579328
16091.673363
16488.225207
16505.802882
16426.013756
16512.780852
16274.008499
16447.584193
16855.235288
16561.552949
16646.223576
16793.462069
16574.866055
16043.124901
16543.866131
16762.900350
17038.270350
17582.476033
18188.121641
18822.083220
18737.378203
18924.110736
18939.250472
18939.250472
18469.345934
18805.720547
18697.150951
18807.669187
19100.366307
19539.651954
19832.470686
19758.765996
19932.608549
19990.775640
20176.541108
20221.946629
20070.175852
20024.753645
19896.789428
19321.266873
18937.084206
18702.970200
18041.634394
17937.460261
17812.979189
17999.512376
18144.744118
18359.479318
18322.468623
18254.545219
17475.800161
17521.561491
17428.055537
17048.310142
17187.244153
17516.710793
17750.949207
17783.587045
17501.710431
17426.346302
17599.961212
17233.509781
17170.476537
17617.327019
17419.956368
17062.079328
16910.552122
16782.265440
16379.021437
16143.879068
15948.876944
15490.799633
15458.494943
15428.627628
15564.624042
15666.361538
16731.296411
17028.591336
17397.317709
17737.980072
18119.635913
17637.861505
17570.876453
17451.330674
17200.290966
16855.235322
16705.732019
16311.239877
16085.338292
16090.885838
16020.735227
15875.301975
15901.435461
15931.927306
16065.778339
16102.444519
16007.058547
16425.841502
17009.067854
16889.348208
17507.280104
18145.155785
18108.246883
18119.073112
18492.489484
18292.912154
18509.757508
18917.777947
18713.774824
18786.823991
19192.268401
18929.738203
18615.322483
18784.353682
18963.024446
19045.418509
19668.229875
20058.140138
20784.880164
20810.987135
20860.690476
20899.783470
20591.332878
20099.079516
19876.250742
19271.118491
18817.714832
19019.365410
19054.321984
19333.568112
19541.907140
19836.859900
19383.474575
19344.756025
18698.356279
18422.688786
18208.239149
18648.615969
18618.108219
19362.904419
19794.477716
19751.502283
19816.305481
20065.535239
19591.000269
19400.221175
19289.763253
19309.173728
18879.687656
19591.382664
20144.550383
20216.204899
20044.793253
19897.421327
19359.251747
18624.446712
18561.580822
18442.072011
18724.038867
18749.535397
19066.554132
19138.014988
19466.038987
19586.486711
19983.865119
20222.386043
20133.707079
20437.234173
20591.054038
19961.411936
19384.549304
19449.702493
19083.084779
18655.878432
18940.256048
19400.100797
19165.754962
18795.007657
18640.914854
18605.475540
18460.513885
18959.198591
19169.685614
19273.317506
19306.538344
19367.533711
19718.696679
20009.490025
20512.345166
20547.700296
20595.609674
19803.785968
19777.885552
19250.871116
19248.522573
18949.162370
19345.953866
19181.012917
19235.456950
18849.731904
19049.641594
18639.813897
18930.151645
19292.587159
19792.996371
20105.214906
20706.139138
20521.657300
20313.645575
20372.200398
20207.642280
19658.911993
18938.670968
18643.590087
18582.661749
18036.282484
17981.788827
18456.852405
18639.167191
18265.669218
18343.560556
18102.545090
17549.499453
17673.608180
17372.492482
17288.036244
17479.006199
17582.872331
17199.272111
17504.583138
17758.338168
17873.578853
18177.259248
18152.975896
17770.010530
17581.300153
17284.206629
16707.159540
16507.925657
16498.444831
16368.212637
16372.607842
16674.148218
17092.865023
17165.616208
17468.990448
17629.576886
17456.056808
17293.252287
17612.929497
17764.543617
17693.068603
17845.081614
17745.586600
17606.667027
17443.908098
17430.853119
17684.959170
17834.433613
17787.460683
18058.455155
18119.263682
17759.336392
18182.248169
18412.337715
18277.845807
18340.797692
18724.635336
18581.580641
18522.795443
18305.932826
18455.706871
18624.895044
18574.671932
18520.911996
18542.321906
18746.479012
18481.598851
18399.351133
18455.890136
18650.854449
18631.552396
19097.590033
19321.266850
19431.771362
19054.321984
18986.782188
18724.495117
18741.709900
18723.098434
19239.534409
19646.864377
19635.948218
19295.216167
19483.513550
19039.181768
18776.487958
19405.703359
19613.680044
19496.070805
19240.343887
19049.471326
18379.195954
18515.768154
18748.527186
19466.713528
19514.116923
19839.361575
20242.827550
19994.049650
19994.049650
20097.923226
19705.252266
19525.388247
19701.591944
19421.610772
19493.531046
19554.013521
19252.175652
18949.500832
18910.308947
18646.010735
18361.756641
18470.296206
18326.959821
18066.337714
17841.068511
17986.672297
17468.118188
17846.107412
17911.205909
18416.697462
18563.885128
19216.916795
18756.611657
18743.395438
18209.985864
18224.957112
17600.533417
17727.176070
18291.053527
18527.734258
18571.330782
18601.338624
18699.917913
18188.612770
17960.648011
17505.146193
17190.566291
16633.981859
16549.018368
16169.912377
16082.925859
16171.899289
16267.932393
15923.249446
16096.917379
15992.827088
15906.239600
16039.898199
15922.889137
15749.654135
15688.450028
15467.208913
15401.099371
15507.874041
15587.761635
15809.803592
16201.828518
16469.890913
16636.487371
16575.875880
16736.549771
16936.119524
17201.350527
17856.546556
18329.273984
18428.990139
18027.827237
17567.367857
16753.842340
16470.102809
16186.102784
16398.162964
16875.463675
17235.183471
17257.177976
17575.605007
17322.110423
16537.348182
16365.777900
16140.301770
15869.039683
15704.331707
15871.634035
15684.838227
15842.534990
15829.715055
15932.065822
15654.939642
15726.670387
15400.880755
15433.608333
16066.843873
16254.971748
16356.932213
16475.844469
16131.228115
16139.892931
16456.927463
16470.301170
16815.129121
17265.970681
16892.938140
16580.476383
16660.582159
16396.308876
15945.114658
15663.151493
15818.090414
15752.710743
15698.974998
16177.916377
16815.780009
17109.483402
17213.492051
17139.731388
17230.852089
16829.854070
16763.826967
16824.513926
17269.369623
17453.630066
17631.308842
17321.423525
17314.756302
17100.065277
16607.955984
16327.995492
16072.071449
15805.191034
16119.485690
16031.018797
16139.254762
16735.999868
16948.582096
17037.441795
17537.982907
17544.679619
17389.632963
17383.475052
16936.555257
16741.269368
17213.940764
17580.758776
17932.129657
17990.477366
18142.141848
18016.488453
18094.225851
17968.317999
18265.669237
18326.172188
18384.548888
18227.301985
18702.319002
18951.631669
19157.476113
19383.124818
19467.715521
18914.802197
18825.933237
18806.525505
18528.766408
18173.658633
17933.221609
17763.771643
17616.514051
17523.336539
18035.729650
18323.999434
18427.926677
18456.410052
19100.366278
19088.405250
18845.889960
18860.687294
18752.646687
17934.707302
17166.630562
17604.507348
17882.235397
17927.740480
18040.653573
18533.808089
18492.608871
17980.957721
17820.475764
18150.052885
18095.999622
17621.225495
17675.283840
17397.743479
16766.653591
16520.034849
16580.614624
16053.786821
16072.957986
15886.316387
15781.037077
15980.607122
16019.667722
16171.408681
16238.560468
15954.352617
15653.185007
16068.862316
16051.686291
16151.735795
16689.412363
17144.718972
17264.518331
17184.035761
17620.005894
17737.691901
17648.387164
17850.393604
18095.249937
17653.128699
17596.471360
17438.174253
16694.361789
16429.577368
16705.296349
16547.877344
16445.750107
16788.497600
17189.674965
17172.428121
17249.920892
17412.655417
17358.524338
17132.630928
17306.087497
17388.475157
17345.104382
17184.553216
17045.852122
16937.321701
16859.813809
17035.463189
17187.416006
17241.740226
17280.835834
17238.239588
17407.587872
17518.129964
17214.251100
16921.504378
17189.494438
16875.250588
16846.707564
17137.232532
17317.313075
16631.599345
16547.078747
16592.454570
16360.134969
16128.000261
16161.003404
16091.760312
15794.713700
16406.268954
16623.116805
16910.018550
17113.689737
17191.515383
16992.066979
16912.116221
16980.155556
16732.797988
17127.573819
17353.218428
17682.521263
17924.793859
18204.861724
18139.390137
17770.568522
17928.968557
17851.577530
17578.126105
17324.482887
17181.681564
16830.076171
16912.422373
16938.323299
16960.121297
17263.657953
17476.107795
17530.209672
17720.894391
17805.606947
17901.132336
17970.523710
17681.380956
17878.775580
18195.452231
18509.757508
18399.351133
18610.674259
18725.563844
18905.753960
18127.247559
18270.280548
18789.298012
19099.461166
19101.959148
19934.603325
20220.988943
20382.738615
20289.642508
20695.141039
20771.223830
20537.008524
20010.897599
19756.774832
19381.997270
19616.024251
19986.865041
20089.822280
20461.204501
20387.206070
20098.728610
19725.907138
19629.565024
19052.844484
18831.631767
19032.968563
18731.690224
18616.538609
18918.142038
19304.145334
18766.128941
18718.347458
18748.962928
18471.490419
17892.390860
17857.636418
17950.827358
17579.965503
17532.031702
17345.470734
17035.318059
17037.626645
17427.431282
17598.847050
17921.966901
18106.228337
18327.679370
18076.095391
17811.760620
17907.116910
18199.886727
18512.108896
19005.702019
19471.606542
19443.830113
19410.811847
19194.042617
19076.831468
18857.956653
18864.172898
18538.656049
17916.241624
17439.416308
17465.226720
17307.160400
17484.961075
17851.577510
18246.359442
18100.647123
18185.209359
18285.306098
18432.623204
18357.483824
18537.686490
18613.685480
18492.126660
18281.749321
18239.336653
18206.956875
18332.610157
18269.795580
18321.800391
17990.477388
18207.415828
17517.756565
17441.821193
17159.791500
17627.415360
17378.043281
17490.664994
17410.428443
17453.988564
16967.569531
16325.657598
16382.177232
16501.243467
16479.603423
16705.296331
17242.896372
17234.224200
16930.750743
17216.793402
17198.303715
17059.642090
17224.317841
17263.267742
17046.299069
17252.871915
17144.282715
17329.132704
17509.244620
17645.653106
17037.243964
16941.773753
16518.972301
16559.894021
16471.325623
16837.824816
17022.328293
17496.930779
17501.402075
17329.922098
17315.618560
17190.034409
16585.367103
16216.030210
16092.333769
16306.620063
16664.574725
17293.098769
17670.427775
18336.338854
18129.427526
18090.612911
18242.471342
18164.377795
18012.546740
18440.070477
18370.556519
17863.570341
17958.776811
17737.691901
17371.081461
17232.360099
17642.158411
18017.048889
18286.161875
18502.104495
18832.047178
18934.048590
18523.775388
18840.496953
19087.237617
19152.342167
19031.094631
19358.491854
19343.441539
19333.694093
19455.404680
19338.421001
19140.772143
18657.420465
18447.970610
18207.415809
18272.448872
18795.149930
19201.020646
19649.255119
20061.490620
20581.674629
20148.321867
20239.101084
20018.719309
20176.807656
20185.366620
20445.793093
20382.568551
20178.358926
20003.264493
19601.494410
19495.210127
19284.700296
19341.099186
19133.347025
19232.592176
19130.959205
19024.410064
19109.110722
18625.563426
18219.900524
18398.273825
18679.732262
18256.884848
18395.768507
18504.410996
18122.451551
17838.361490
18150.860631
18341.612579
18463.154291
18948.999032
18795.007640
18371.966840
18296.154295
18851.232581
18506.488330
18981.412551
19813.079588
20219.030371
19902.389099
20025.677607
19876.250756
19361.565997
18693.677864
17919.562368
17550.335251
17067.110427
16824.794597
17106.916357
17648.929329
18189.316790
18761.828953
19250.505728
19358.784407
19972.435250
19820.661956
19688.396441
19702.561379
19843.842017
19965.012680
20541.841512
20303.331016
20101.507521
20190.739910
19051.612455
18199.523639
18600.416302
18471.338671
17770.568522
17710.039598
17371.708482
16723.159853
16892.519409
17052.821333
17107.101983
17638.176033
17944.131380
18174.206048
18419.571958
18705.651905
18642.848359
18532.369521
18086.134768
18211.621250
18142.141831
18140.099834
18762.811557
18344.466233
18133.840017
18752.329425
18609.121075
17992.988397
18509.757491
18206.501107
17542.982088
17453.813517
17347.689327
17300.523549
17610.546460
18148.529214
18530.168393
18788.329535
19175.761014
19197.691241
18512.345950
17974.410074
17584.044132
16926.324745
16611.838415
16407.646207
16414.407676
16525.460872
16762.473386
16881.443412
17157.121137
17246.075957
17406.371030
17443.908116
17331.048902
17383.475076
17439.601338
17554.485707
17376.019189
17710.039615
17846.456123
17870.433847
17968.158012
18177.502201
18570.200095
18855.801304
19150.940946
19164.046802
19448.416510
19606.477412
20013.943671
20283.286338
20389.382153
20537.377539
20249.242066
19880.572074
20121.108928
20056.174982
19687.456031
19411.625691
19218.706535
18687.318596
19077.962498
19439.526296
19632.660748
19567.753938
19593.792768
19168.387042
18863.162674
19069.150004
19101.790574
19294.681794
19359.600723
19674.629878
19539.975753
19591.886735
19379.497435
19889.168576
19677.847208
19245.890025
19126.973271
19161.631859
18361.346365
18239.161205
18634.053222
18508.226427
18560.261581
18729.338987
18261.844709
18110.210112
18129.272191
17405.125990
17038.579129
17353.619766
16926.324745
16880.612989
17229.815718
17568.167732
17544.529051
17832.914903
17921.966954
18128.019780
17718.357848
17419.815197
17530.351446
17265.852505
17116.048585
17166.098498
16983.006069
16191.043628
15911.457639
15811.228652
16021.882636
16463.907063
17051.604633
17866.481498
17966.711255
17767.348392
17315.798676
17344.236191
16995.077480
17081.720358
17244.276193
18231.539695
18178.940528
17927.572374
17834.433613
17389.632981
16891.919281
16817.907656
17097.718568
17086.869211
17305.751758
16925.279975
16556.536362
16834.210760
16742.899288
16944.808106
17330.070508
17587.941657
17197.956065
17507.941219
17412.655439
16904.856358
16727.385101
16687.876913
16473.284060
16375.943714
16444.020068
16339.725245
15955.854957
15500.695420
15428.974150
15755.643733
16014.007385
16501.564594
17041.829700
17141.749759
17099.004647
16888.928790
16444.185071
16192.113603
16068.706044
15625.061583
15774.508275
16026.040257
16188.887495
16961.151715
17120.502692
17038.270350
16823.541357
16151.517302
15261.625111
15248.118581
15484.448649
15440.878739
15967.716067
16133.004676
16104.614391
15992.000111
16338.904036
16392.991374
16432.205508
16836.007794
17092.411402
17267.646491
17191.649819
17152.835997
17173.957141
16866.049256
16868.310979
17015.682537
17078.507021
17177.171885
17428.799988
17283.347385
17320.581514
17892.807353
18193.865345
18354.169712
18625.290881
18647.002282
18781.360731
18485.382216
18684.711386
18890.906167
19142.351444
19030.055713
19121.564813
18687.480019
18674.559840
18860.836481
18917.581843
18973.904108
19782.706600
19359.788914
19318.646323
19047.334092
19221.380359
18870.067026
19210.641484
18815.935883
19050.148324
19219.360808
19607.442337
19626.812359
19590.412553
19605.296790
19405.860734
18824.545921
18778.970181
19193.089123
19123.662762
18930.774366
19455.831679
19290.869356
19017.510127
18573.131254
18500.258950
18057.990812
17979.866663
18057.990792
17865.085121
17338.654636
16876.758830
17074.023504
16904.703969
17212.912151
17722.696906
17718.573826
17477.585324
17345.284930
17343.134055
17239.853195
17523.816024
17421.716600
17439.235454
17632.004486
17794.505146
18080.368921
18447.261270
18306.354382
17876.844677
17618.477730
17473.113561
17637.713954
17531.596274
17440.571892
17219.828516
17037.626645
16503.984117
16710.018367
16963.724124
17226.788565
17356.808804
17383.279505
17385.285988
17240.064299
17059.214690
17271.586126
17427.641009
17436.413404
17705.106665
17672.677703
17704.808169
17685.580518
18097.622355
18622.065667
19482.379272
19514.915210
19532.263834
19330.386356
19202.517618
18634.053202
18165.402321
18419.277807
18603.707591
18486.394247
18721.412358
19003.427307
19107.566143
19408.930197
19055.288031
18773.599580
18417.819650
18337.498179
18086.134791
18367.979731
18534.564885
18851.232581
18586.799223
18449.935954
17999.193297
18111.688741
17927.404816
17875.402615
18055.235992
18328.738106
18164.211430
18105.596159
17975.436384
17559.100435
17719.741497
17668.094210
17923.961982
18353.324732
18171.070493
17717.906650
18058.455155
17774.696612
17562.090313
18054.163838
18279.676249
17781.637526
17905.252087
18176.795119
17803.520130
17694.651038
17967.487089
18012.881905
17405.626638
17182.443530
17190.907333
17411.935529
17320.918329
17548.512794
18142.439372
18279.345736
18184.982945
18306.880430
18753.503586
18872.790159
18870.542888
18649.778931
18782.013720
18897.204698
18647.684612
18818.679822
19143.159744
19563.774349
19574.810605
20021.338626
20546.585758
20729.716112
20176.674747
19957.544848
20100.984271
20035.596073
19887.766764
20527.337988
20891.814236
20846.230784
20746.562245
20681.011591
20645.997774
20368.468926
20053.894910
20404.792678
20468.764711
20134.721987
20856.486847
21126.003120
21179.760679
21732.594303
22042.482396
21461.242740
21567.417532
21541.624821
21052.497700
20672.781302
20467.236335
20293.767802
20321.809150
20272.223825
20526.226057
20493.796629
20276.658271
19400.473702
19480.578859
19818.946343
19940.152811
19844.905725
20148.456315
19798.383476
18811.345161
18843.916091
19206.455107
19271.371599
19640.491671
19885.535278
19783.417162
19772.317053
19555.666689
19181.825832
18960.827147
18674.559840
18238.621869
18271.012882
18052.816701
18341.114958
18282.702410
18208.790179
18028.672761
18503.445988
18527.405679
18522.920749
18544.528693
18659.396934
18394.111174
18001.456470
17962.403687
18216.474700
18251.015241
18208.601078
18360.492936
18499.219812
18594.505625
18223.800301
17979.529557
18497.751587
19193.885540
18890.399028
19235.292902
19874.388343
19748.599729
19269.297065
19579.167494
19844.145774
19888.628301
19290.062444
19240.213134
19238.009175
19231.481854
18707.489789
18993.675435
18724.774248
18148.083898
17300.097627
17281.229019
17220.345352
17819.105906
18111.688773
18439.387534
18592.213217
18752.646687
17954.417431
18082.479119
18110.738241
17542.314201
17205.771741
17322.961360
16854.550872
16867.750212
17598.081401
17602.635821
17880.077852
17960.479291
17830.318178
17586.038474
17874.492298
17854.847823
18126.188337
18234.318684
18086.479723
17656.776119
17192.301910
16923.919237
16997.429855
17131.393102
16815.129121
16858.373339
17066.676004
16476.308867
16399.012393
16819.879878
16900.147909
16561.552949
16780.697239
16848.967575
16844.614746
17031.001428
17388.842598
17683.818519
18045.512144
18563.739198
18795.943654
19218.932253
19158.125238
18462.782211
18039.897206
17827.488698
17289.489787
17432.786235
17780.534523
17832.200603
18042.913307
18068.892653
18389.876739
18901.883037
19437.308651
19136.096983
19582.978306
19684.653604
19421.610772
19625.557674
20620.976607
20766.432316
20824.606152
20707.446279
20145.560630
19649.029383
19243.582457
19054.897118
18911.771203
19364.745328
19496.938014
19909.217596
19831.228267
20526.519630
20049.402908
19368.689840
18739.578494
18529.110313
18157.770565
18426.826587
18635.034334
18747.906322
18827.898108
18654.062142
18298.438318
18196.267688
18211.621283
17942.910890
17839.458565
17932.799795
17939.227415
17893.452003
18136.693303
18070.595830
17522.269940
17298.895066
17285.877118
17309.520772
17443.437568
17949.010039
18215.828446
18586.466714
18855.085768
18961.000420
18908.820304
18724.635336
17937.460261
17232.742675
17629.576886
17931.083006
18154.377549
18566.544009
18902.564142
18317.548949
18202.340051
18083.477762
18098.704496
18181.024890
18486.394247
18627.243936
19152.165732
19568.737203
19729.357792
19576.496357
19626.030779
19582.978325
19649.784031
19897.421346
20021.597837
19935.088247
19963.250625
19763.867370
19445.091466
19581.582145
19498.760980
19470.612148
19724.528340
19640.193538
19390.763706
19824.604258
20193.081751
20414.578770
20557.697143
20743.641886
20443.988984
20107.645592
19283.483451
18982.216643
18582.832762
18420.008070
18018.587837
17955.992232
18528.593968
18685.840451
18683.735830
18718.347479
19126.224821
18881.291280
18773.211556
18605.842990
18417.429126
18075.051540
17816.561416
17682.521263
17754.305574
17806.241863
18073.215052
18199.243564
18487.641471
18563.604849
18776.322855
18045.356285
17696.163939
17489.339606
17409.198301
17348.703443
17920.931110
18110.016054
18126.517600
18267.030301
18388.791017
18533.808067
18551.030146
18339.991606
18131.918746
17916.847646
17828.041091
18754.022834
18887.938916
18855.245205
19276.336615
19467.184154
19063.519089
19514.915235
19790.249886
19504.227271
19516.746221
19449.702512
19764.529859
19879.861638
20196.297921
20710.024068
20735.658895
20720.027403
21199.092298
21253.102115
21007.810615
20867.374438
20618.311585
20049.939936
19694.259987
19102.299784
19266.922638
19276.458496
19374.067764
19829.366194
20351.885815
20306.497379
20459.340313
20452.751389
20227.070891
19886.721076
20073.255137
19796.022295
20010.897579
20169.179651
20359.868212
20021.338626
20402.268996
20300.098181
20246.077551
20096.404977
20477.924939
20130.185729
19585.592419
19340.684702
19510.031851
19041.486298
19135.425364
19202.740460
18962.087749
18485.070014
18402.637168
17810.484401
17563.150683
17582.672925
17422.147021
17246.810739
17208.998774
17404.337190
17599.410095
17840.156202
17885.806347
18482.437555
18449.736185
17857.793107
17623.622973
17389.336412
16592.937383
16521.172834
16768.546481
16857.548438
17054.909098
17336.795331
17217.563343
17360.688644
17280.700883
17271.742452
17488.204030
17572.541016
17372.840304
17518.305628
17355.501070
16925.699858
17270.572214
17892.807353
18430.866159
18944.559593
19391.059695
19668.949246
19781.470438
19742.440271
19726.949727
19745.796864
19726.440248
19726.440248
19546.616051
19460.236865
19539.651935
19287.911182
19188.546855
19669.761755
20259.460588
20750.961203
21509.632752
21980.552621
21617.929297
21277.903983
21141.433921
20657.958483
19716.700115
19382.667356
19311.040232
19181.645397
18908.528077
19132.443223
19368.689840
19227.198153
18621.139664
18768.859047
18640.742054
18603.980346
18727.698458
19237.313317
18948.999032
18740.730419
18617.030950
18220.111662
18041.831591
18167.484150
18356.137323
18247.541690
18518.859187
18744.308491
18583.772437
18518.859187
18928.956761
19006.789203
18604.807095
18626.510245
18581.231405
18683.186838
18581.231405
18536.698936
19091.725406
19683.325347
19124.260679
19241.329398
19682.798469
19604.986104
19418.528584
19711.544252
19539.810499
19518.818635
19150.213150
18824.890793
18755.520491
18774.924579
18105.334389
18100.647165
18434.828554
18580.430187
18667.267859
19251.835067
19267.086345
19225.784962
18878.840974
18996.187166
18864.523199
19066.398770
18970.825543
19300.442056
19081.707283
19407.979735
19202.190205
19353.924921
19713.563129
19954.720122
20030.069286
20719.744880
20836.405464
20747.639130
20743.641913
20707.972456
21082.983778
21187.349739
21137.525643
21670.503326
22114.891740
21845.873132
22542.824828
23101.748232
22889.227805
22783.317958
22531.929738
21965.806250
21816.548754
21826.997299
21962.843841
21867.640117
21861.303805
21596.903183
21874.274386
21660.547801
21953.468838
21832.052271
21730.173099
21368.238271
21663.204519
21078.615889
20954.979648
20941.467022
20588.181489
19742.272816
19955.019765
19744.410370
19410.344211
19640.618532
19945.987259
20088.878711
20403.476805
20724.291409
20626.944129
20314.405796
19716.075124
19130.063917
18589.974779
18195.452248
17805.456470
17666.825407
17631.697479
18095.999622
18037.357247
18011.750467
18178.455599
18352.244061
17675.448720
17653.723498
17695.978664
17674.506880
17852.219790
17960.810986
18077.835283
18340.955657
18562.517654
18178.185948
18223.800320
18158.881652
18137.713069
18200.378932
18566.946273
18762.425551
18881.588288
19116.324883
19483.066106
19671.546088
19790.963776
20034.223462
19820.057438
19406.012627
19232.158166
19809.262339
20117.276352
20814.933160
21313.623277
21506.925895
21548.791034
22341.842323
22042.824395
21350.895435
21277.903983
20972.055028
19809.581763
19720.090768
20201.288250
20245.159539
20284.294332
20184.459849
19571.046012
19306.538344
19443.464204
19399.980805
19425.757632
19594.995452
19462.337146
18829.174954
18354.505434
18324.157880
18716.648102
18736.017096
19128.596657
19184.943455
19082.914728
18484.087333
18193.489878
17965.470508
17690.407473
17404.014647
17730.488340
17929.874805
17691.505860
17886.541176
17775.770698
17700.869849
17622.812851
17555.370444
17286.668057
17713.814591
17716.079682
17648.748214
17930.868291
18160.808052
17974.227877
17894.161072
18006.848069
18122.152878
18573.131233
19063.251249
19213.771355
19287.208440
19135.425392
18992.840090
19023.157751
19354.276183
19553.553122
19555.793498
19660.166167
19675.197718
19221.563095
19091.565944
19089.209561
18913.770655
18308.661451
18374.488606
18326.770580
18636.808092
18567.176282
18675.637957
18838.254737
18794.724660
18950.753982
18890.069140
19295.216141
19532.828882
20194.006267
20439.032340
21153.114672
21311.255669
21710.578434
21632.882365
21697.886583
21368.335618
21578.606522
21556.887615
21556.887615
21387.872026
21338.365174
21435.390963
21762.555004
21627.845376
21549.859586
21616.839902
21318.044561
20918.317198
21245.724785
21568.470637
21460.670534
21462.667052
21241.913573
20828.035857
20519.905746
20997.223751
20983.768283
21195.557538
21661.356312
21702.782017
21221.470160
21086.800675
20955.372203
20545.710476
19985.767821
19716.820758
19705.822184
19332.645736
19191.555694
19516.592432
19994.228513
20412.334001
20879.584925
21248.935444
21704.154967
21708.751775
21196.273557
20658.521105
20548.004331
20242.474177
20157.995593
20864.569320
21510.005764
21410.795928
21278.700656
20812.391944
20324.867205
19663.720948
19432.384444
19364.898925
19811.742514
20041.819092
20537.253605
21096.921346
21690.847379
21658.817675
21216.422209
21270.402378
21166.384104
20573.843259
20830.055734
21087.785305
20925.652712
21166.707704
21131.944943
20841.308212
20694.058419
20762.119323
20475.785152
20816.065426
20671.010888
20558.180252
20433.601395
20242.827563
19939.299518
19928.254234
20093.318486
20072.128920
20132.873896
19970.255777
19729.583799
19404.139846
18814.341311
18573.469873
18786.193207
18671.047411
18671.047411
18962.463389
18350.797029
17769.710214
17951.795593
17932.486672
17784.124022
18296.154315
18350.209702
18302.604951
18014.149766
17678.412779
17250.912356
17333.333190
17324.660758
17515.418683
17611.898799
17651.039985
17720.259994
17557.880851
17282.095654
17547.942342
17387.167860
17191.779197
17354.819406
17747.191691
18252.456318
18716.648081
18987.320437
19161.167941
19104.709160
18571.578408
18506.343689
18226.549094
18126.958897
18447.689098
18957.683460
19365.192459
20254.383705
20098.317302
20020.345095
19947.276436
19938.992733
19322.799371
19945.693537
19895.562217
20339.395476
20345.794870
20948.751116
20671.243628
21025.037223
20411.615279
20521.999317
21102.864240
21519.968280
21293.687498
22051.020420
22484.623757
21773.095585
22161.458746
22543.269035
22097.019435
22100.960632
22131.002624
21231.447578
21079.755123
21321.758182
20746.946528
21041.397859
21621.102651
21733.778138
21395.102209
21948.036821
22096.684108
21781.303640
22017.332108
22245.893319
22062.988114
21823.153427
22362.931055
22007.034889
21974.009024
22154.034575
22082.604670
21499.314282
21425.659487
20943.363316
19549.241631
18946.453853
18653.607383
17755.684289
17295.307939
17752.911506
18260.240655
18236.647539
19012.873044
19494.575758
19436.039964
19036.957735
19269.066532
18993.565796
19146.323417
19441.026460
19445.536268
19423.845610
19601.667638
19808.652287
19995.129784
20374.420342
20526.369615
20296.248396
19918.021428
19555.918347
18963.967066
18276.560715
18588.659765
18245.870474
18247.704584
18583.928511
19573.074728
19286.709158
19613.434852
19812.791156
20275.043044
20023.028300
20643.195532
20951.163397
21278.700676
20947.210417
21022.744875
21120.283278
21632.882365
21751.845549
21901.650204
21994.466102
22105.382437
21379.461540
21088.317698
20407.939637
19893.719740
19442.849694
19409.768165
18978.663614
18674.559840
18668.229728
18412.163093
18245.500016
18648.793948
18846.376979
18817.831306
18674.710092
18500.751669
17897.913828
17919.793424
17735.314145
17501.246291
17407.187726
17604.293728
17708.805882
17515.418683
17784.271888
17735.152454
17214.410152
17136.605359
17000.160717
16471.005255
16536.749332
16625.109526
16117.675054
16284.846064
16484.893571
16357.629210
16973.500016
17379.054585
17344.409728
17288.036244
17428.970881
16919.552161
16763.195438
16845.702175
16594.067685
16737.386640
16986.586314
17049.814860
17030.047828
17463.829228
17304.239627
17228.162563
17516.497999
17813.751295
18190.819496
18252.285460
18408.490980
18636.101503
19133.111697
19310.634065
19609.131400
19812.791156
19923.597122
19474.532063
19216.548147
19207.202063
18571.708074
18198.889080
17936.077500
17799.585340
17924.130890
18392.171215
18450.864409
18385.755475
18416.334387
18620.710577
18959.014224
19410.059286
20329.468301
20516.029831
20246.077571
20200.452847
19790.604226
19322.213871
19567.450506
19961.718053
20534.543328
20833.881468
20955.372219
20749.005860
20514.590362
20410.336276
20978.207785
21527.053696
21819.611525
21723.180133
21320.103971
21467.646764
21025.458976
20704.218111
20784.319108
20785.830742
19905.638842
19840.424369
20026.810941
19721.766936
19092.797612
19099.066205
18388.085259
17735.152454
17300.523532
17567.367857
17346.063849
17461.148628
17482.717072
18084.064701
17932.486652
17663.481207
17630.921243
17819.678489
17812.664382
18040.279436
18580.430187
18567.062282
18294.295806
17692.434121
17371.555795
16950.913278
17252.092983
17445.158113
17562.778999
17627.699318
18017.813228
17961.731890
18080.743865
18029.252778
18133.426952
17719.465640
17515.277117
17174.712084
17696.351909
17887.171848
18537.955192
18978.663614
19490.093672
19403.060894
19513.760961
19439.850075
19919.128999
20116.819543
20252.761426
20552.680563
20751.545373
20912.453664
20934.050549
21302.487027
20988.353137
20957.777968
20481.012111
20233.302614
20073.723878
20192.943867
20449.096534
20392.917338
19998.071628
19391.501591
19118.196542
18543.604415
18604.376801
18966.591278
19215.983725
19254.924459
19436.674447
19243.879879
19519.325254
19533.220632
19249.367298
18849.928090
18824.368831
18414.220583
18482.437555
18768.859047
18757.859286
18404.465157
18382.742870
18556.479251
18465.446900
18120.736717
18161.803407
17713.007540
17090.237413
16812.886783
16773.529570
16331.153251
16465.720835
16531.593618
16282.163620
16143.429322
16327.710006
16641.967422
16759.355538
17236.783980
17520.911406
17865.613548
17405.803296
17095.568353
16700.868145
16686.188493
16340.582353
16373.405188
16594.430620
16512.076670
16596.299252
16774.450988
17144.959192
17396.916837
18478.892113
18658.868328
18728.349906
18936.455319
19197.336721
18785.140117
19286.275883
19719.832447
19373.004225
19701.925429
19567.604021
19086.067572
18892.925195
19278.987952
18672.868110
19160.887290
18837.821687
18813.918115
19073.830845
19137.488245
18831.779291
19319.518736
19438.780400
19425.757619
19698.532127
19934.766074
20299.342657
20924.026646
21034.253376
20912.453675
20849.409194
20870.819912
20137.801028
19589.677082
19225.091293
18912.958314
18756.771680
18960.480633
19233.591788
19541.524061
19619.714541
19504.747719
19832.236476
19966.337150
19773.849958
19739.146517
20004.152612
19476.906153
19591.532575
20124.903167
20649.837146
20769.309101
20899.670340
20914.494510
20973.535985
21222.437444
21229.305918
21086.283363
20957.918111
21070.831533
20374.562435
19988.612295
20351.045387
20351.045387
20031.223582
20005.052497
20148.456281
19942.122949
20124.534987
20103.482700
20038.262154
19663.058156
19734.971600
19318.364806
19181.825832
18774.426334
18954.253264
18765.506871
18741.709900
18924.958111
19436.674447
19328.627103
19207.202063
19220.088887
19180.270228
19125.868771
19188.806941
19186.706461
19329.696605
19031.342833
18725.382992
18530.354716
18775.453472
19224.511204
19515.792447
19801.953015
20237.866398
20300.568438
19864.910519
19610.993003
19613.434837
19331.399345
18899.600904
18400.683696
18452.695696
18656.557254
18704.329130
18931.716454
19632.411338
20339.484972
20797.257722
21166.267575
21521.765651
21627.845376
21280.020206
21514.897738
21490.678423
21408.273129
21178.306205
21140.741964
20668.218991
20998.134295
21070.969087
20956.283271
20988.915107
20776.344972
20108.630503
20232.540776
20301.708357
20111.469006
20503.884808
20367.371206
19924.919812
19814.028357
19804.912844
19015.537474
19102.299806
19151.985031
19030.833991
19054.321984
19290.446192
19487.660463
19231.895682
18880.786056
18251.015241
17533.213136
17314.296587
17173.164536
17190.390632
17232.915043
17254.003727
16766.462565
16603.714472
16475.697609
16497.132826
17023.784907
17288.592182
17355.632431
17609.530250
17748.001744
17581.161981
17561.920516
17856.706646
17850.210070
17955.829001
17788.824504
17674.064427
17370.408829
17164.453069
16914.990948
16804.427850
17296.881802
17665.521875
17988.594803
18096.817579
18877.695797
18832.047178
18979.376678
19059.842455
19062.221893
18606.421051
18404.997161
18335.379693
18190.092238
18690.748408
18896.860901
19098.216636
19083.084757
19529.824362
19055.288015
18795.149930
18456.852388
18281.134778
18022.997098
18140.478278
18914.802218
19778.036637
20029.934598
19914.688705
19989.858680
19584.167207
19382.531387
19191.743566
19484.320610
19705.252266
19826.654472
19768.237285
19850.674145
19761.727602
19721.766903
19860.344416
19856.362642
20046.973124
20287.793446
20783.819401
20850.771669
20848.795872
21106.806830
21026.724913
20981.778287
21224.543141
21459.130607
21322.562803
21469.375251
21044.755574
20424.257659
19960.280437
19595.576830
19246.224898
19157.110275
19216.137648
18966.436506
18912.485818
18793.224233
18753.067786
18603.561481
18648.966362
18711.835245
18685.644849
18709.362343
18685.260863
18757.084202
18650.658528
18795.943654
18580.117085
18898.698108
19202.410328
19635.948218
19714.006451
20061.811227
20148.598930
19990.344078
19421.909368
19133.655737
18905.753960
18764.668841
18769.127944
19072.599411
19112.158399
18625.425155
18414.968467
18117.862962
18117.862962
17979.216911
18406.519001
18328.738106
18302.604929
17944.532316
17745.586579
17491.520404
17426.346302
17526.069243
17753.956375
17537.000880
17567.683398
17446.293509
17459.254979
17294.131873
17873.755383
18014.345450
18337.498155
18411.294244
18430.866159
18337.498179
18290.451294
17980.410105
17739.775747
17913.309337
17960.968964
18501.079406
19067.313070
19960.842957
20635.489162
21372.435229
21044.118186
20809.794458
19879.521408
19063.519089
18619.117116
18781.195843
19063.123333
19154.247290
19598.924206
19410.059268
19097.590033
18737.565912
19091.250708
18683.453128
18846.376979
18806.362552
18470.103656
18255.412625
18381.296568
18565.312603
18795.604276
19049.471326
18969.067857
19084.148183
18448.424582
17889.481036
17794.173242
17338.654656
16763.826967
16646.835909
16714.820624
16394.059930
16665.314286
16578.137435
16474.040012
16556.343886
16693.047444
16543.375916
16788.497580
16558.616448
16269.339944
16033.231326
16286.921266
16161.003404
16267.331101
16471.926901
16825.078881
16519.722471
16400.377348
16654.164942
16830.180376
16658.880905
16615.382738
17051.604651
16923.583992
17080.933162
17066.043665
17562.525729
17588.116477
18126.517619
18260.045239
18559.570218
18277.495067
18270.861027
18132.469545
17941.906893
18045.837132
18360.492936
17989.598282
17707.846417
17754.664664
17722.124313
17626.806685
18195.021746
18463.856270
18303.830004
18340.955657
18189.316790
17653.474654
17625.248992
17691.202827
17755.995441
18005.860559
18508.773864
18537.067097
18480.430893
18482.653336
18007.255043
17933.809797
18050.948268
18189.705185
18211.343410
18874.958721
19551.581341
20280.295059
20541.133446
20951.031797
21000.934056
20734.390494
19957.743784
20056.523370
19763.702223
20104.253789
20279.863727
20258.354116
20227.440528
20364.715332
19548.800040
19525.131054
20435.933973
20744.049599
20854.200888
21216.573354
20793.941084
20335.621276
20020.956427
19539.498215
19754.185246
19791.146954
19503.253726
19436.674447
19133.452240
18387.246374
18012.062610
18003.221239
17634.715112
17747.191691
18098.704516
18278.620178
18007.100275
18258.830624
18972.511505
19089.434367
19115.489351
18924.689898
18570.428071
18036.579166
17964.748367
18177.614472
18470.296182
18871.848861
18661.394050
18759.024208
18381.986921
18370.717067
18115.020852
17889.214560
17455.512724
17242.896389
17414.466409
17774.160648
18036.436434
18339.991606
18613.352839
18333.226206
18140.669271
18257.844110
18190.362060
17915.091176
17806.593252
17310.765086
16883.345445
16181.226148
16224.412013
15998.852429
16013.263213
16429.268175
17299.280057
17591.884652
17884.764589
18211.197358
18454.382748
18621.001392
18783.585786
18877.223205
19405.860734
18943.689447
18514.452336
18310.437337
18171.746863
17969.543046
18286.161894
18028.084515
17919.793424
17806.776656
17386.298799
17338.654636
17496.930779
17434.284153
17655.264504
17270.052090
16556.343908
16365.427897
16311.497316
16009.942518
16258.610435
16410.623970
16187.374331
15896.775823
15974.725408
15636.538981
15649.007298
15911.993507
15877.369398
15818.404826
15849.230506
15718.703154
15567.283019
15588.541525
15330.259785
15133.598466
15188.003738
15248.287007
15500.345714
15692.797021
16024.282640
15907.089475
16176.035383
16022.034915
15896.328971
16190.257745
16587.042968
16363.853143
16665.314306
16966.565046
16872.505591
16879.033069
17351.637203
17224.031741
17136.971136
17118.429292
17181.490768
16829.968256
16962.398004
17042.484977
16927.398658
16736.549751
16873.060461
16478.505397
16421.942657
16299.765360
16523.028569
16247.530134
16091.673374
16039.482589
16171.236379
16140.582693
16281.721229
16830.283811
17233.782975
17384.341147
17184.553216
17587.780694
18177.946872
18253.956819
18653.300998
19043.800167
19312.412632
19041.323287
18848.514774
18735.664083
18959.014202
18572.961339
18290.908950
18590.205107
19097.744339
19193.250658
19416.635845
19915.563995
19720.090768
19297.539508
19102.299784
18872.237907
18859.501687
18813.918115
18430.866159
18439.511567
18274.599612
17866.481516
18189.962050
18176.374340
17828.869799
17774.983006
17505.818545
17043.891569
16921.504378
17067.110445
17032.231034
17338.131882
17617.939763
18183.872934
18079.811073
18481.051372
18299.097387
17798.098607
17182.581026
17230.142709
16924.382925
17138.823085
17152.200245
17328.418648
17276.351740
17371.708482
17571.255363
17649.112061
17910.158610
17927.404836
17808.082012
17710.465705
18152.975915
18355.022540
18376.689177
18439.638203
18548.105960
18736.686411
18757.859286
19239.686389
19523.528647
19219.921338
18814.341327
18473.335780
17822.806191
17463.017119
17183.176144
17109.483384
16923.919218
17368.429987
17366.353739
17409.493684
17581.027242
17708.051525
17530.071540
17996.301920
18653.455276
18826.987886
19151.098839
19181.311277
18747.906303
18548.314757
18231.883416
18086.134791
18363.644309
18658.593025
18558.901390
18810.316332
18584.639397
18170.434902
17593.733636
17259.727406
16713.163207
16581.264088
16401.639213
16668.213075
16520.746097
16609.667682
16640.378035
16807.317243
16640.378053
16987.242374
16995.834157
17186.275910
17515.732215
17685.299282
17826.269776
17988.594803
17908.691571
17702.832089
17730.968297
17379.544383
17056.391857
16847.164376
16587.180291
16580.614624
16552.605748
16411.235447
16526.580212
16391.994100
16107.890129
16083.924995
16060.096737
15658.663958
15484.962792
15535.034200
15649.346332
15632.377413
15891.258704
16489.209827
16606.806618
16413.804034
16736.876517
16670.900824
16250.549563
16018.685832
16091.852387
16020.406823
16255.519322
16279.211882
16741.098087
17200.878488
17419.956385
17645.529450
17693.068583
17652.413013
17376.538951
17315.618539
17137.099102
17473.420671
17571.067164
17631.561608
17928.788837
17905.430686
17226.410083
17026.961999
17061.826734
16486.887539
16432.920269
16739.004872
16745.381036
16903.665701
17742.729817
18341.970052
19584.640123
19723.702139
20010.049286
19467.576122
19488.478518
18729.698222
18753.503605
18690.748408
19133.347012
19241.135039
19625.247024
20232.540776
19904.794075
19503.973182
18930.151645
18331.840782
17679.049661
17505.493742
17199.819404
17288.959102
17568.659672
18015.520566
18201.542684
18536.076665
18040.279390
17571.807543
16912.569624
16743.091414
16828.164589
17281.362508
17643.710092
18094.633319
18235.678064
18053.545490
18184.592921
17848.827690
17512.644487
17436.764123
17174.249594
16493.314634
16291.056695
16187.228557
15959.415637
16265.800576
16634.318295
16966.032984
17026.598502
17121.728928
17265.459667
17606.011288
17833.541768
17961.577327
18091.752644
18323.834205
18516.235619
18583.619990
18811.197739
19140.925298
18776.651784
18473.335780
18336.927042
17844.800585
17502.024141
17634.506214
17890.795704
17623.622953
17424.244557
17389.336412
17615.111101
17758.338168
18244.034024
19447.865027
20221.946648
20263.237648
19939.150867
19557.106583
18761.421146
18032.557366
17627.123350
17175.810443
17305.913852
17618.477730
17934.900160
18397.171697
18721.245548
18929.477740
18528.247896
17859.995109
17359.391251
17399.144461
17223.735333
17583.466599
17780.959229
18004.385301
18093.797602
17781.276807
17542.982088
17590.536003
17182.721204
17022.924074
17341.641370
17237.560389
17226.597775
17554.159530
17683.331545
17488.477510
17154.123125
17035.036739
16779.189584
16438.280765
16290.731418
16581.264104
16822.218250
16609.667706
16483.113672
16428.608033
16281.095065
15997.204347
16365.596703
16304.808318
16181.226160
15827.248096
15706.080224
15703.853063
15814.464130
16181.125873
16755.418906
17102.600172
16957.409160
16959.708960
16614.842903
16497.799657
16105.087173
16322.093770
16291.240267
16653.850760
16679.795208
16820.692039
16608.262635
16951.199770
16727.903030
16515.267821
16207.007921
16410.910978
16227.906506
16076.232437
16199.536959
16789.500333
16596.299252
16798.727133
17577.102313
17919.907681
18238.621869
18763.679531
18650.658528
18256.019632
18101.759554
17817.742638
17982.547464
18478.538281
18923.265210
19981.569642
20198.295748
20003.617301
19681.612349
19494.728845
18993.675435
19243.279303
19722.722418
20119.730402
20364.911416
20408.108564
20193.081751
20100.029962
20497.090742
20761.833758
20644.391401
20637.920714
20043.561814
19637.078028
19305.528183
18748.221123
18520.490736
18659.131886
18464.200055
18086.938290
18189.047510
18169.179221
18069.529819
17562.246253
17388.475157
17577.102332
17158.655944
16950.623476
17307.639678
17910.505050
17552.735936
17925.653585
18116.371498
17959.166927
17375.687393
17293.098769
16989.904636
16698.993818
16814.557798
17449.686399
17480.012194
17388.842598
17360.688644
17088.012671
16276.969565
16643.537285
16890.893835
16962.554745
17084.547143
17459.909259
17483.614440
17503.038061
17372.840326
17107.479042
16704.317170
16092.189905
15825.785249
15730.428774
16094.340283
16118.027311
16322.217207
16287.551308
16571.586573
16618.666277
16777.015918
16939.687779
17061.238243
16941.773753
16706.652720
16750.309568
16598.550763
16704.839255
16815.394028
16840.927537
16641.422733
16938.739688
17215.947793
17441.821193
18059.569834
18413.191442
18380.909120
18291.474521
18168.150513
17992.012204
18330.344040
18542.668505
18712.005272
18798.632758
18982.033202
18921.235432
18621.709771
18459.352162
18255.566434
17665.730099
17594.232047
17511.648443
17854.408750
17986.884260
17857.481633
17291.264733
17037.799337
16365.270586
15912.175012
15602.241281
15797.097123
16100.896470
15976.926278
15862.395598
15921.341385
15714.806850
15337.295463
15558.847444
15660.278816
15862.868493
15954.016742
16062.594198
15758.540266
15723.287897
15590.151470
15913.324925
15995.549212
16210.579058
16548.572403
17119.616644
16967.739335
17434.284153
17384.341147
17273.508102
16930.624512
16607.615446
16097.654430
16373.085825
16201.828494
15922.525903
15763.693342
15902.581496
15756.934446
15954.818424
15877.369398
15955.257644
16126.817045
16415.038920
16781.531897
17112.979458
17783.162677
18065.116273
17962.965344
17724.582046
17865.488855
17850.393604
17550.773826
17824.042217
17863.570363
18271.973077
18332.756267
18599.630060
18371.726072
18659.998325
18869.447744
19036.563673
19064.430887
19060.270570
19181.473809
18895.168819
18500.258930
18476.792471
18797.461871
18712.909524
18670.541069
18362.803912
17870.317186
17564.262113
17217.563376
16574.109683
16940.397806
17289.489787
17291.448104
17653.723498
17686.454490
17185.650916
16908.098276
16753.983274
16331.153222
16838.836930
17114.203065
16804.062566
16665.475777
16758.404874
16711.631598
16993.438907
16928.516243
16915.148837
16587.765758
16068.421532
15582.774852
16031.876212
16148.706005
16051.118028
15600.642747
15277.336523
15123.234529
14934.606611
15107.643132
15749.654158
16145.950300
15821.117953
15738.512393
16007.220864
16277.480269
16364.443888
17053.917200
17622.314361
17489.652181
17365.740538
17163.777351
16903.516375
16719.145790
16901.334008
16844.975114
17222.401498
17443.437548
17809.896146
17905.430686
18152.162250
18657.614145
18711.669186
18327.854670
18162.944370
17970.331517
17584.236746
17260.915925
17072.340192
17118.031935
17585.653158
17626.806685
18121.292156
18490.033704
18524.406098
18474.950151
18316.986897
18334.140450
18416.697484
18353.834486
18222.414867
18701.634073
18649.457517
18688.255302
19109.110711
19055.158182
18526.293717
18211.484394
18519.551056
18399.979618
18242.791498
18479.257992
18411.987631
17893.451982
17460.110617
17274.239958
17046.440652
17272.057378
17081.246986
16983.680094
17072.895492
17060.204559
16780.202530
16786.776836
17168.557993
17252.726639
16830.076171
16541.447359
16311.753244
15867.173706
15890.959352
16430.432722
16994.581453
17205.009548
17475.955433
17663.913069
17518.640278
17175.810443
17152.200265
17035.036756
16962.398023
17116.048606
17471.897829
17996.590562
18348.158674
18094.360459
17964.071030
17740.862526
17237.560389
16864.632644
17127.745538
16873.982367
16581.005319
16372.928115
16041.082512
15740.371580
15931.471109
16102.444519
16236.944702
16560.059624
16449.922927
16256.796213
16289.483619
16697.162660
16872.692842
17119.460429
17418.897298
17637.570147
17492.457835
17743.963678
18087.084239
18405.753066
18670.380494
18984.962552
19108.695123
19204.539590
19387.076252
19582.358797
19445.536287
19525.782108
19885.535309
19568.737226
19525.388247
19792.082447
19483.970265
19150.503011
19083.084757
18443.404871
18102.760250
18064.129290
18010.174561
14017.325899
10351.937019
