5797.177713
7835.378711
9729.907530
9904.559353
9863.045241
9974.239818
9782.676152
9801.940379
9936.283673
9986.758458
10038.483235
10025.134800
9798.957328
9551.428039
9515.616537
9323.929945
9429.510750
9644.543981
9753.379410
9663.083991
9642.053332
9546.341336
9477.398294
9649.808986
9805.989296
9693.024831
9487.618407
9384.097704
9227.080336
9147.897265
9201.803537
9358.471573
9343.188631
9332.065825
9303.408063
9376.679115
9192.354766
9152.170981
8955.025712
8840.234140
8767.812181
8822.466329
8843.952169
8893.671098
8910.666370
8785.939454
8822.365867
8713.177843
8732.473726
8722.886839
8667.568977
8753.853470
8855.391648
8840.088404
8806.547540
9097.781171
9208.689624
9268.590315
9322.112635
9386.017513
9257.401893
9071.517360
9190.331987
9147.988344
9240.418852
9443.468915
9405.232731
9236.431268
9386.105357
9342.568729
9060.559627
9229.769425
9047.571734
8878.310952
8803.254860
8999.167937
8769.469950
8901.263019
8887.786995
8893.449853
8613.737022
8682.360453
8738.480991
8603.761810
8611.708045
8943.221635
9213.557220
9399.515243
9803.948267
9939.477318
9935.923763
9849.385611
9832.157807
9634.832875
9546.273941
9325.795214
9195.282453
9114.993207
9172.365351
9178.106291
9156.966787
9018.592944
8917.243642
8744.597849
8762.157036
8669.204551
8652.360453
8704.219502
8927.941751
9014.766526
9319.618205
9599.819330
9745.457927
9846.986056
9790.656173
9689.261074
9562.565201
9482.264296
9313.185790
9236.185061
9389.290789
9435.654728
9498.924656
9368.472214
9441.588437
9378.547688
9465.019364
9560.618845
10057.119771
10361.891850
10455.925658
10415.539373
10219.997608
9959.160862
9808.762297
9705.071904
9975.487388
10338.037771
10435.801039
10321.193337
10440.110497
10190.725170
9847.391527
9903.011676
9859.764363
9831.015345
9965.565950
10080.426606
9886.676238
9959.827259
9866.148393
9783.454804
9879.188972
10197.778266
10447.862391
10490.062764
10359.615710
10204.466032
9761.411653
9396.911390
9344.898606
9483.170686
9272.197025
9174.091567
9217.479196
9167.353443
8922.530457
8999.022521
9077.259050
8943.802844
8875.252353
8838.588655
8821.462028
8942.421873
8832.726469
8631.503891
8624.011233
8581.880842
8426.445375
8599.637335
8750.599666
8938.670653
9009.861651
9157.232447
9343.296663
9437.736150
9412.676024
9311.185315
9098.199603
8872.493878
8877.976982
8796.030882
8849.136286
8964.607117
8908.129446
8832.071739
8894.336460
9153.645377
9314.612227
9568.235842
9704.589039
9727.565696
9568.235844
9497.460362
9275.860801
9158.423211
9022.727788
8968.894026
8988.082672
9035.076210
8812.605957
8735.551568
8569.462399
8490.286860
8614.136616
8744.771547
8900.610181
9166.792424
9230.275760
9307.141704
9274.635955
9115.524136
8871.892893
8722.764418
8502.273395
8631.041406
8722.864175
8700.537487
8722.864176
8762.612773
8856.008150
8835.159524
9172.734702
9153.600423
9227.064942
9412.820210
9455.077126
9506.960962
9656.503136
9434.242333
9140.917953
9083.628264
8774.549025
8636.928768
9018.420812
9137.702149
9346.546451
9511.387322
9494.121148
9251.667635
9036.965366
8822.121366
8634.425283
8631.927385
8592.801921
8529.728207
8447.225087
8539.069078
8433.419755
8424.193144
8535.058889
8798.240463
8778.799863
8650.668379
8648.615191
8613.949512
8481.971782
8284.175177
8410.288095
8158.653870
8222.078329
8262.624657
8486.448241
8649.769313
8951.085248
8975.412774
8885.588332
8896.748060
8956.053661
8901.686808
8769.736558
8814.936913
8851.796626
8758.137897
8803.222906
8803.222906
8837.846710
8908.331120
8927.247912
9177.956035
9507.652368
9603.635093
9799.082998
10000.224346
10023.074979
9955.768776
9787.179535
9526.211582
9484.163392
9550.042226
9561.477034
9678.504670
9768.711845
9739.763276
9585.750037
9710.328978
9761.825547
9673.737131
9589.456016
9570.682259
9290.737866
9194.972510
9106.455299
9114.515779
9087.926276
9176.267866
9184.015646
9176.267866
9316.119807
9273.015419
9470.347987
9591.113978
9788.610764
9675.523823
9622.982168
9375.518421
9394.506595
9312.432271
9314.095925
9402.755760
9538.683446
9490.652063
9554.031002
9563.588408
9525.948714
9644.988112
9671.664785
9729.434036
9625.743999
9689.820483
9536.264275
9494.091942
9480.759555
9655.233212
9641.834611
9741.706270
9741.706270
9534.602864
9425.349116
9489.398104
9199.796595
8985.264436
9002.344693
9115.405695
8913.960825
9030.955102
9213.252277
9341.954961
9274.596410
9381.962242
9420.002259
9697.994452
9728.947849
9855.391519
9953.319088
10137.282465
10091.011208
10296.421264
10509.166837
10599.595084
10492.231647
10371.178250
10081.662550
9748.331075
9616.617185
9549.630810
9369.187649
9139.205864
9077.411526
9177.619972
9271.377549
9430.400879
9735.504753
9881.017025
9969.629858
10186.185660
10285.940006
10479.498307
10504.372052
10451.894082
10336.798004
10344.317274
10198.668941
10240.937473
10318.001823
10183.754301
9971.103745
9967.054793
9936.578570
9652.636101
9399.366563
9347.508312
9117.274800
8906.694873
8913.947915
9128.730280
9303.107964
9416.534621
9677.340735
9887.700050
9920.582763
9774.679976
9702.251634
9514.047252
9485.557995
9470.381242
9660.025878
9689.222228
9633.358571
9518.763335
9514.668772
9449.614192
9652.968611
9685.542219
9653.446812
9500.503214
9392.773110
9160.894811
9143.503570
9073.486154
8991.448425
9016.343675
9022.458119
9008.947873
9010.449963
9250.607444
9014.368434
9022.437577
8945.301672
8972.195520
9048.415851
9322.756755
9278.339821
9263.159938
9133.199033
8980.297642
8937.814063
8993.359239
8968.732172
8932.415644
8982.268320
8808.184720
8666.498289
8862.062445
8760.251014
8497.359571
8555.446632
8597.316349
8482.312253
8696.677862
8855.647301
9139.574657
9334.993834
9532.677438
9666.428161
10176.134689
10377.472814
10402.463953
10243.206859
10134.116231
9885.197351
9796.987466
9992.390839
10339.321508
10489.821625
10257.851162
10175.416692
10112.010847
10052.474824
10282.180181
10467.930549
10431.674937
10412.356557
10608.089036
10583.731652
10779.320270
10798.594617
10647.012052
10414.905238
10354.943753
10076.778070
10130.485992
10216.700918
10023.118917
9870.633020
9824.725110
9609.881971
9502.204016
9562.006432
9488.720723
9550.042219
9607.635883
9632.451550
9826.137501
9944.512898
9894.718252
10025.077396
10197.673531
10216.916479
10305.176831
10671.406802
10824.779887
10546.782124
10414.552005
10382.637950
10120.026064
10033.541495
10486.173344
10633.695045
10543.514210
10535.872824
10449.478829
10213.753299
10108.189600
10266.244705
10233.536880
10191.401240
10214.472130
10116.544737
10018.702219
10114.783916
10061.184132
9892.343695
9938.066803
9838.721537
9760.412127
9809.946289
10028.404367
10448.267011
10739.805487
10853.119995
10912.350879
10983.246495
10755.236159
10691.156637
10664.453846
10449.652917
10267.595001
10066.145892
10011.838206
10049.980266
10383.756925
10466.143048
10550.402743
10422.693184
10276.880511
10274.845039
10096.712811
9884.182776
10023.030884
10180.055274
9999.808677
10151.326006
10301.106473
10242.721686
9999.140634
9958.865625
9878.233041
9870.633029
9904.519464
9998.532708
9931.427796
9808.629641
9804.592171
9767.253299
9782.590077
9815.137548
9767.253299
9761.411653
9840.413835
9940.121204
9852.003481
10061.126792
10061.126792
9934.975119
9697.211444
9858.410590
9670.341629
9541.886475
9208.811973
9203.408490
9013.819112
9172.589783
9071.180832
9128.972556
9102.468954
9428.405651
9599.382781
9936.632448
10415.946005
10703.775101
10678.898514
10552.111997
10352.557974
10108.269354
10242.611579
10359.424109
10449.565809
10457.380003
10549.462772
10578.170735
10330.773356
10376.838041
10580.258438
10510.447786
10454.898992
10723.376237
10963.041187
11049.413631
11111.375300
10930.993284
10673.951682
10292.820562
10254.167234
10337.079428
10526.780402
10799.124794
10941.083818
10818.148475
10603.906027
10619.269956
10333.656076
10323.954560
10369.824667
10441.569349
10305.246514
10497.021223
10527.762224
10533.433254
10539.080023
10596.669092
10539.080023
10573.636808
10570.005280
10814.253672
10841.052420
10601.335945
10336.879041
10233.248082
9915.606085
9660.230450
9821.605242
9750.614049
9550.984213
9639.581989
9555.150046
9396.331223
9415.275358
9490.018063
9269.713273
9437.067576
9318.081047
9132.357960
9124.424013
9438.335730
9317.747273
9367.513694
9369.258339
9423.150998
9170.984351
9399.181058
9501.039205
9933.896352
9886.251245
9833.503199
9689.848688
9722.485172
9461.317733
9459.667249
9647.550418
9685.968829
9734.025945
9743.335555
9896.821593
9819.820488
9823.675885
9812.051646
9894.605824
9915.758388
10010.009082
9890.887087
9915.809612
9791.144393
9639.691258
9205.222787
9036.810809
8877.031693
8980.980956
8986.452246
9232.748063
9221.388468
9183.280254
9056.871816
8975.787026
9118.858690
9348.995095
9333.690426
9433.305564
9306.922818
9115.200790
9023.077963
9218.910364
9208.834394
9527.132745
9802.020297
9916.776833
9905.455269
10026.113213
9845.941954
9573.423516
9678.800462
9703.886199
9567.658804
9584.946641
9680.694666
9590.570211
9433.253529
9464.349266
9481.514114
9483.402419
9368.241520
9421.616774
9440.916579
9542.569325
9747.857932
10033.297607
10179.110378
10217.498962
10252.006641
10404.246338
10375.589968
10342.835036
10352.326650
10342.835036
10290.054716
10123.507552
9929.791937
9877.983618
9993.080895
9791.876962
9774.490845
9876.335782
9902.944033
9887.529008
10081.298893
10342.108931
10585.479975
10694.759547
10620.012882
10580.674540
10528.890555
10352.354606
10421.457295
10584.522563
10640.829123
10615.999554
10652.443844
10750.249377
10861.364885
10748.658745
10838.760085
10836.709961
10714.033004
10689.243884
10706.021979
10773.039406
11104.832302
11289.191034
11258.584360
11499.083371
11433.963044
11209.572971
11069.580880
10979.508859
10665.424126
10521.693267
10419.780002
10552.147796
10458.174220
10533.433237
10493.219579
10414.624901
10109.803120
9645.646112
9156.891033
8758.137897
8613.988393
8508.994565
8646.660853
8856.696645
9110.384373
9357.645633
9718.178452
9961.731204
10072.874359
10051.640654
9902.169853
9581.949245
9554.968905
9481.961633
9522.072511
9537.158574
9431.948430
9460.526782
9693.912938
9718.494210
9837.509340
9973.736256
9876.091552
9808.287848
10174.548995
9957.955401
9892.643985
9988.345403
10050.594602
9749.499654
9926.071336
9941.317187
9828.197865
9501.135536
9485.376634
9473.977787
9686.679184
9955.378817
10280.745304
10286.397760
10270.990575
10127.240981
9973.849670
9844.306266
10061.006406
10198.816419
10348.460879
10513.188493
10562.176921
10395.163508
10464.495707
10456.869824
10429.890905
10471.334143
10693.752251
10467.333884
10457.867570
10523.126519
10545.587790
10405.397060
10650.923097
10606.813481
10551.315808
10542.135758
10518.936505
10288.716174
10208.472864
10055.162675
9923.172494
10039.961710
10289.320298
10350.982079
10364.207080
10537.269898
10358.999327
10178.859222
9998.567694
10088.747676
10032.209776
10229.635694
10314.118226
10479.015640
10475.124556
10514.564578
10382.377286
10391.995433
10318.972830
10326.675519
10163.003357
9952.076742
9800.643371
10028.831271
10130.596749
10376.872321
10455.540203
10400.024452
10072.075747
10027.902198
9764.504388
9634.361109
9718.414234
10132.583366
10127.012124
10315.042866
10585.276663
10573.944285
10433.932771
10317.122263
10326.303652
10339.760641
10508.567307
10330.205947
10303.493187
10303.493187
10458.535121
10320.739512
10429.928388
10360.747296
10112.470460
9602.938627
9826.942255
9826.942255
10041.802065
10370.663263
10622.063843
10196.420518
10278.845675
10123.573705
9862.149689
9771.986106
9973.349503
9779.712106
9910.123063
10156.235139
10534.045228
10620.219865
10725.777375
10806.332398
10552.438474
10243.624105
10172.864431
10126.847528
9929.342352
9842.986070
9726.117181
9672.197943
9593.493503
9679.735839
9678.054591
9645.356710
9354.265930
9171.742065
8744.356583
8518.294416
8409.705210
8426.445375
8338.024048
8399.735493
8433.391444
8573.238042
8636.821588
8648.342424
8732.526573
8903.750468
9137.903267
9325.620879
9630.423079
9595.764590
9832.892250
9617.899978
9706.324817
9802.324019
10047.483601
9983.633305
9933.628368
9855.203350
9711.466279
9563.705565
9556.515611
9648.192969
9690.398573
9684.806130
10043.434432
9847.616027
9807.593105
9658.063097
9771.122746
9646.308670
9873.984781
10199.909636
10397.376165
10289.813847
10320.779278
10595.201713
10487.843372
10397.692894
10311.452111
10163.510896
9877.983621
9787.843392
9730.303309
9868.450116
9956.517607
10193.560324
10427.553468
10828.234555
10996.899212
11039.042191
10988.435676
10766.150111
10689.322232
10560.712085
10593.402913
10459.773584
10812.779653
10803.063396
10925.853932
10941.185730
11068.982527
10884.912552
11086.339934
11097.711090
10992.300466
10651.880590
10538.799388
10161.248978
9998.132471
9911.570717
9939.974064
9677.413147
9644.853570
9769.447993
9689.016482
9739.559082
9988.767349
9994.597562
9710.897181
9735.874848
9613.414570
9364.407086
9291.315511
9285.856960
9388.945626
9498.288834
9429.208376
9323.645941
9221.904140
9181.743151
9185.663530
9319.684855
9523.319380
9599.859508
9457.817895
9356.456091
9379.250093
9277.574051
9373.762793
9377.496960
9302.313117
9194.992580
9281.050435
9438.403123
9528.475762
9616.864041
9812.297064
9975.266709
9977.298801
9994.597554
10051.098997
9932.154386
9798.014671
9803.585144
10031.823413
10061.837817
10046.620854
9975.531925
9925.960764
9743.449088
9927.926621
10171.277021
10340.167291
10146.582250
10157.976106
10013.301808
9721.975682
9758.393672
9834.928119
9706.465814
9655.791261
9546.341335
9301.107622
9170.690418
9232.036873
9265.662691
9420.868407
9382.661483
9545.907832
9522.881632
9522.881632
9666.619346
9797.078302
9800.643390
9959.692602
10025.566614
9971.921090
9868.524254
9945.168942
9837.728184
9931.855098
10058.346295
10096.790162
9985.596392
9991.357073
9820.104168
9914.266446
10180.506582
10226.781554
10264.900111
10336.434354
10248.243700
10014.347975
10117.700597
10041.000681
10139.088749
10267.489923
10460.996974
10623.944143
10999.968732
11027.924359
10941.778750
10847.998923
10635.020492
10345.352392
10223.235175
10165.839791
10146.582266
10472.514428
10746.457552
10803.098915
10828.062706
10872.087680
10661.343937
10360.035227
10409.160393
10455.104336
10472.378359
10466.629345
10746.324492
10776.413178
10755.575661
10716.978164
10694.150676
10414.246164
10465.042632
10543.633895
10528.326600
10570.620932
10673.798025
10487.810707
10282.669602
10046.785689
9774.490847
9676.853123
9943.728625
10106.733121
10264.033112
10219.884486
10166.371554
9767.599663
9614.272142
9646.684882
9924.707006
10076.361812
10188.959880
10214.082096
10305.930540
10187.223978
10162.345474
10297.649251
10550.687096
10431.838306
10611.953021
10842.261174
10968.264148
10707.521397
11014.297591
11138.761415
11058.154027
11214.414817
11465.555480
11521.307241
11580.582978
11475.181902
11283.342588
11333.197686
11329.191391
11208.663025
11392.736305
11638.971071
11451.032233
11241.969240
11075.183957
11337.884616
11439.338185
11474.028470
11742.379787
11980.451897
11510.308280
10993.376863
11067.994726
10809.196103
10488.932810
10375.950901
10255.456888
9876.008884
9622.892706
9906.479713
9925.884266
9922.133436
10014.074568
10334.352598
10349.551265
10462.553785
10573.636814
10769.129117
10516.080612
10424.180229
10776.594893
11196.267462
11037.151040
11269.013860
11359.202493
11080.975565
10723.852611
10979.024970
11178.414741
11490.847419
11755.475339
12082.673163
12149.709636
12218.544381
12001.921107
12000.226368
11866.808898
11860.945770
11415.947468
10988.578947
11023.144642
11021.130131
10982.766332
11385.353145
11895.551330
11876.491649
11840.529330
12034.177630
11852.255111
11660.386662
11307.437301
11262.385390
11082.188332
11076.268909
11072.622496
11245.266519
11124.720014
11186.222287
11207.143935
11253.196556
11034.711200
10901.185674
10669.316278
10431.444107
10341.289146
10348.961580
10318.793062
10426.190899
10416.555034
10282.478716
10453.033421
10680.731595
10776.341684
10998.883126
11023.804078
10952.917265
10791.140702
10447.923166
10493.939409
10689.673849
10852.665505
10974.762152
11101.545505
11111.038038
11195.349805
10988.317952
10916.727602
10891.704255
10619.500539
10419.974268
10389.481573
10398.745784
10552.183703
10676.820303
10839.898000
10997.013924
11136.055424
11051.806961
11017.425219
10839.132220
10812.286915
10785.823880
10684.318260
10599.958983
10716.680001
10665.155435
10817.314265
10827.134993
10926.768601
10903.769282
10951.545740
10788.121896
10954.880537
10807.285062
10749.701745
10607.743943
10485.592046
10360.747314
10617.892179
10560.377342
11020.468367
11422.985738
11641.386377
11547.717909
11731.438203
11509.030175
11116.088174
10924.490794
10809.358920
10795.917268
10771.020957
10776.462610
10784.390103
10790.021449
10615.674234
10441.318601
10587.988739
10430.636318
10265.713238
10104.655449
10104.655449
10234.406030
10404.888720
10594.889549
10610.257878
10468.157039
10020.751743
9867.358311
9949.695442
10049.484477
10319.851727
10833.162593
11044.192638
11232.249306
11460.273774
11310.660427
11026.721132
10702.650052
10499.383680
10445.744547
10766.182462
10824.278483
11136.771729
11278.811362
11341.965800
11426.355010
11684.192426
11712.426921
11588.177939
11448.119451
11210.265946
10894.538912
10821.514588
10852.348278
10798.728652
11072.805454
11354.914293
11471.687138
11876.527345
11930.148726
11721.100191
11696.465426
11731.005653
11292.062288
11790.519448
12024.239500
12006.001269
11994.052957
12222.418180
11718.219502
11259.816042
11115.107692
11015.225434
10700.707505
10612.472574
10677.866587
10673.857908
10643.327594
10854.204639
11017.356199
11038.274836
11006.405505
11083.248694
11173.343253
11117.538907
11328.419863
11146.231985
10935.193595
10701.136172
10490.390339
10110.872154
10249.898645
10550.870008
10642.916664
11047.367515
11315.960424
11616.722702
11605.506046
11630.420210
11221.840156
11075.950886
10813.008645
10600.091706
10975.776029
11182.955241
11342.085793
11411.733315
11685.821127
11480.819056
11553.634803
11737.486626
11638.165266
11547.978629
11482.731320
11547.978611
11440.391495
11680.900689
11759.781658
11631.197695
11533.497415
11428.012487
11443.055718
11682.611485
11956.886242
12186.970890
12237.138801
12088.421111
11856.385554
11727.977905
11561.155606
11763.978762
11758.940954
11704.997163
11930.990248
12082.709932
11643.321205
11399.132594
11184.318565
10741.467911
10442.303774
10528.666227
10609.624612
10454.108504
10254.647968
9948.142450
9472.465338
9365.321682
9365.321682
9259.689069
9050.519158
9186.899803
9094.944941
8718.406500
8631.002626
8745.158862
8546.152493
8448.487363
8627.024280
8450.417857
8235.833403
8214.730371
8177.414758
8130.954614
8121.765529
8196.305021
8211.660276
8130.942936
8134.610835
8378.154124
8299.513015
8351.057094
8494.290829
8369.291217
8155.140681
8350.296745
8469.413011
8490.224651
8749.067881
8756.541488
8592.064917
8560.989098
8675.783889
8630.345174
8900.298081
9137.942990
9262.477721
9367.782885
9639.952748
9911.892951
10226.816819
10330.169868
10382.981344
10283.083725
10181.567936
10260.019977
10250.577378
10032.400096
9878.719275
9923.019806
9623.939935
9606.886191
9456.249135
9323.830717
9187.550159
9040.480419
8798.354463
8925.024139
9404.046202
9726.325173
10368.427770
10799.782909
10976.530847
11011.322110
11141.534385
11014.960251
11026.480649
11237.028178
11168.018478
10824.779871
10964.693532
10985.918044
10959.465822
11134.180221
11197.219836
11160.808583
11435.239901
11531.034271
11486.978611
11734.309664
11759.349215
11730.463101
11807.599848
11964.895702
11937.786232
11825.207040
11588.959533
11534.442030
11436.560937
11507.704950
11383.078898
11250.492502
11235.489954
11143.576703
10786.921778
10942.157846
11040.009894
10878.436111
10732.628780
10857.394547
10655.872046
10406.531447
10233.536872
10187.590775
9903.716024
9750.431219
9967.022417
9856.100773
9813.994729
9940.457853
9848.386912
9616.536241
9810.259179
9949.968155
9967.284663
10278.026190
10601.925784
10718.639830
10624.634705
10448.170322
10187.526603
10124.198629
10349.908742
10733.395100
11155.033584
11153.314416
11017.211424
10740.712841
10384.109618
10268.974065
10353.184659
10409.102480
10439.079062
10396.895231
10166.887618
10112.920503
9963.482350
9986.198265
9999.495065
10135.707663
10170.130025
10404.154049
10375.984140
10427.794083
10471.843430
10765.338009
10866.733725
10919.381429
10900.305933
11086.339934
11159.346623
11391.230922
11579.196985
11751.518989
11485.131084
11128.657662
10614.864996
10513.050780
10517.076579
10578.380390
10766.432243
11023.267908
10771.147093
10675.288810
10757.658024
10684.917405
10260.962135
10178.557721
9917.486308
9628.106381
9493.948329
9742.984868
9670.048074
9754.049876
9652.722894
9911.291096
10062.672546
10453.949229
10411.816573
10584.463286
10269.805470
10066.573215
9792.287848
9958.953696
9793.874468
9636.724782
9519.753904
9418.382505
9286.098728
9397.394795
9719.037465
9901.656518
10004.899656
10108.506146
10288.620965
10123.889718
10148.750136
10350.030203
10491.988575
10547.505374
10940.665925
11011.659543
11101.900700
11349.226550
11665.407335
11629.284600
11847.525834
11853.194304
11626.883749
11494.760771
11749.795861
11753.549185
11936.063560
12300.153603
12568.679563
12603.102413
12670.394078
12704.400386
12608.322169
12290.310589
11964.484599
11672.685296
11531.501526
11487.632990
11758.133876
12033.954407
12126.093862
12041.200900
11974.081640
11876.630981
11813.299000
12125.873741
12489.031666
12822.619810
12972.954380
13133.200856
13307.545673
13657.227247
13431.274904
13497.530769
13296.791495
12790.414389
12068.093715
12146.860337
11907.283500
11847.728634
12015.011938
12086.056858
11793.043898
11817.908675
11911.600362
11831.221565
11780.498187
11805.343693
11712.908111
11937.560916
12278.940128
12603.552458
12621.589234
12304.865841
11781.678190
11702.914943
11426.637580
11422.853575
11639.334094
11819.429881
11399.699097
11322.657409
11155.778226
10858.656853
10860.570302
11027.294436
11091.205588
11411.628584
11766.047573
11611.053891
11279.412055
11079.909943
10746.108367
10437.487421
10332.054003
10433.725484
10591.681126
10733.599755
10800.726095
10672.309927
10745.169523
10637.899447
10442.273385
10246.675601
10549.731215
10969.648065
11125.622245
11302.071121
11603.129765
11342.397723
10930.233031
10858.656879
10599.890089
10756.994090
11014.074454
11115.583928
11019.680233
11015.731262
10688.066760
10542.454317
10467.364618
10497.498580
10380.637788
10252.208685
10123.734085
9862.784573
9684.286689
9851.214337
10106.066536
10303.646401
10508.725893
10644.039823
10791.758853
10699.716194
10498.348116
10751.579764
10830.467340
10713.404487
10711.724660
10868.910786
10584.962833
10367.104588
10192.491400
10190.546256
10232.695636
10276.842521
10259.809819
10325.013210
10252.275361
10187.081276
10068.024223
10314.507516
10375.917783
10412.160965
10477.515721
10560.070643
10264.604918
10329.840920
10673.105907
10761.445067
10883.951945
11290.266170
11468.529861
10979.682163
10843.381509
10663.164090
10269.977827
10017.027594
10195.385761
9990.335879
9859.764351
9895.478280
9799.611231
9567.719410
9801.691697
10123.796732
10351.375872
10522.127800
10798.324795
10759.657355
10481.691459
10340.636961
10156.406929
10037.773172
10085.581974
10252.475489
10227.985618
10216.482107
10235.671184
10352.439742
10475.317662
10637.090188
10949.705107
11095.325006
10840.265378
10665.896296
10353.522792
10367.238354
10152.286890
10259.657487
10067.804694
10162.120762
9922.390981
9916.407473
9688.450330
9780.286811
9705.003985
9735.981773
9803.018189
9895.000687
9966.118592
10043.270399
10110.298359
10169.734054
10453.296034
10673.711401
10760.564904
10681.648136
10708.621100
10574.407227
10217.828707
10046.648014
10150.148103
10194.214911
10086.994572
10203.894190
10341.147813
10156.919332
10147.328167
10273.999815
10279.851330
10369.896721
10598.197655
10694.093488
10688.421651
10673.046863
10680.628464
10576.969417
10458.062396
10482.983173
10569.481911
10593.850746
10597.631707
10804.535381
10958.005170
11009.844276
10880.052971
10937.644124
10837.809115
10548.446596
10550.264906
10610.488104
10639.228655
10742.730424
10788.840439
10558.838525
10624.477083
10668.724265
10264.062356
10170.057117
10344.460394
10233.574064
10154.992299
10341.005087
10318.001812
10109.007627
10129.895846
10016.536033
9928.305617
9901.617868
10191.041824
10234.283483
10211.102696
10334.127995
10303.431517
10124.910652
10087.511579
10323.238441
10394.109350
10472.777977
10620.256252
10699.426997
10618.962426
10802.955766
10777.947711
10651.377768
10544.235587
10392.945106
10124.325114
10128.171646
10120.665538
10011.704412
9944.275487
9829.291549
9773.557707
9577.950191
9549.990253
9559.572757
9465.724349
9563.350542
9931.536910
10256.910181
10534.809672
10762.904852
10772.459771
10531.095843
10361.717200
10359.743393
10254.266777
10281.304781
10480.564790
10676.271964
10687.812173
10708.768194
10754.842049
10739.452029
10457.510805
10357.723254
10342.327661
10536.085516
10436.303930
10583.031765
10778.723519
11001.039727
10901.284218
11023.925865
11183.751816
11162.580877
11212.659562
11137.975890
10990.066889
10950.704493
10946.943719
11086.848429
11257.745087
11343.814813
11200.925217
11237.206680
10803.867444
10483.612036
10478.066389
10464.867091
10365.088939
10629.743395
10984.344872
11066.899895
11129.052243
10962.225385
10789.510077
10758.677437
10801.117266
10564.156753
10523.775000
10383.967597
10316.900697
10086.744883
10171.099082
10106.103356
10038.775496
9808.866278
10019.823422
10277.508090
10325.314554
10501.910468
10547.864381
10425.003136
10206.831060
10161.141327
9951.784616
10043.988502
9938.311431
9921.819125
9971.470157
10199.629621
10316.704709
10370.114323
10300.823239
10268.143717
10243.094732
10151.059198
10243.094746
10574.163514
10775.674012
10919.204144
10794.380705
10760.246386
10762.057156
10972.891590
11250.827278
11565.296608
11689.987389
11671.602358
11558.141176
11281.819461
11161.026045
11247.536039
11309.642114
11357.464931
11441.855315
11543.496024
11598.966337
11632.628658
11502.554462
11533.166318
11289.856698
11260.953609
11174.415232
11291.435282
11205.051497
11178.387348
11381.531688
11291.285569
10996.045905
10744.893208
10900.151319
10641.168155
10588.794434
10820.724437
11370.712676
11656.670667
11591.322375
11730.578908
11839.784339
11977.996257
11905.438974
12169.618341
12230.294220
12247.200047
11995.879723
11892.496893
11549.046271
11647.040289
11589.382768
11462.828666
11384.222852
11478.148399
11316.556454
11393.263082
11233.958743
11101.871201
10992.460517
11076.974971
11015.584266
11105.808693
11378.025872
11677.277137
11688.595559
11924.288444
12181.557356
12269.600031
12186.938605
12119.180434
11781.862459
11651.416794
11495.954626
11616.812286
11620.634055
11780.144489
11747.280891
11705.074289
11631.996130
11641.508118
11384.559895
11294.385096
11517.029652
11354.017590
11118.909369
11111.321952
10898.499334
10593.648970
10656.669819
10720.813437
10600.059093
10799.362770
10828.199762
10755.351054
10685.638723
10760.692180
10401.945531
10031.862034
9633.018443
9525.833726
9451.134925
9717.686991
10022.501605
10373.424947
10390.156364
10474.605862
10378.645753
10227.414936
9932.056811
9898.283394
9694.906253
9677.770885
9652.861137
9798.558639
9932.023816
10146.734399
10160.341741
10077.661141
10000.866846
9909.030779
9799.516050
9740.091005
9876.455731
9960.453745
9992.651447
9891.026166
9936.990494
9971.524144
9904.399185
9708.964889
9724.042865
9608.992807
9574.419711
9645.513328
9948.437297
10030.777542
10096.237265
9919.669453
9958.061169
10042.824692
10481.650749
10738.636362
10801.862915
10780.691136
10775.366357
10529.581091
10564.237213
10792.384413
10767.443649
10639.548196
10653.010747
10821.629862
11000.152264
11387.335134
11744.675258
11993.836157
11943.982399
11993.836157
12358.271999
12307.203526
12110.024385
12201.940558
12374.405106
11776.225287
11594.047232
11522.910541
11566.787839
11555.714387
11685.896574
11930.426973
12055.220744
11594.878730
11150.167651
11163.398677
11071.145010
10923.781428
11224.644191
11399.165670
11190.244854
10693.785840
10678.546989
10532.642125
10590.172897
10536.509690
10811.053328
10843.579243
10745.794510
10555.954177
10832.091128
11023.895142
11114.314312
11110.414213
11137.161073
11100.957711
10970.852102
11007.263633
11057.229255
11195.313637
10974.727048
10861.868343
10758.180764
10647.258481
10388.361728
10493.730692
10531.481163
10502.648448
10606.036402
10543.037603
10343.399627
10104.655446
9949.271733
9859.211966
9995.266741
9947.543529
10028.236840
9995.583804
9949.562461
9744.428032
9823.102546
9857.042448
9971.921079
9908.881592
9855.010111
9594.291740
9534.159848
9451.666388
9626.133526
9888.689323
10028.720065
10124.623641
10220.544664
10394.844870
10485.192069
10816.864854
10890.264012
10771.275915
10537.385976
10146.404696
10100.300894
10389.802347
10709.917538
11072.437928
11471.251407
11435.007236
11134.092637
10677.588321
10391.995446
10405.131714
10566.342052
10652.936421
10836.876535
10798.780736
10580.230296
10369.029267
10182.920495
10261.438432
10192.608325
10205.860333
10106.248536
10066.602966
10003.647123
10045.894977
10187.590797
10304.499642
10261.084750
10220.984792
10073.450494
10153.913818
10286.209590
10398.969998
10376.084409
10479.531157
10561.966463
10502.614084
10692.391627
10688.747462
10493.117933
10090.257646
9869.990799
9864.236447
9959.966595
10104.054063
10249.720079
10360.747302
10323.309935
10305.930560
10467.062368
10666.519223
10766.401558
10858.382459
11073.251731
11159.653907
10912.105278
10726.005964
10519.201410
10379.146757
10317.907633
10553.758474
10440.792680
10306.989141
10174.840190
10044.403856
10132.415328
10916.795152
11255.185228
11368.442128
11631.054576
11527.626955
10877.723621
10546.549588
10439.251751
10151.558212
10130.596750
10146.091405
10147.582596
10155.367495
10101.741291
10023.249923
10306.786597
10718.775175
11192.299321
11577.857490
11644.725003
11501.158985
11324.236009
11134.463860
10961.983957
11115.314533
11260.990561
11400.054489
11329.054763
11444.444100
11208.482829
11031.865013
10887.137369
10793.233474
10743.403610
10511.484095
10492.300402
10588.322272
10837.261931
10896.748465
11119.210836
11171.197758
11201.138581
10892.354551
10926.948212
11204.850159
11275.848068
11294.481646
11561.267314
11808.484255
11747.224852
11762.726053
11730.578893
11987.436148
11818.618602
11870.584064
11948.899142
11915.463982
11545.235874
11311.318681
11059.946519
10732.330440
10525.303656
10402.704285
10389.326449
10404.541457
10623.096507
10497.157480
10681.258072
10855.576203
11141.459724
11266.080108
11677.901798
11637.909391
11315.442952
10876.379657
10709.467601
10766.246169
10672.143955
10699.013217
10654.999209
10486.173377
10156.842799
10162.747487
10089.839160
10070.719329
10013.262465
9939.825629
9884.602953
9824.876047
9824.876047
9958.983120
10052.862844
10285.228726
10588.201081
10806.592177
10954.336046
10875.211300
10605.034990
10472.614475
10441.950708
10299.992108
10407.440272
10280.745302
10278.808701
10111.870618
10106.176401
10341.253913
10368.147885
10308.686673
10458.146093
10492.778350
9960.336726
9923.925820
10035.427944
10040.908694
9949.021894
10268.713836
10257.278271
10287.856661
10326.143662
10441.446179
10676.397093
10877.843134
10741.535338
10434.713306
10536.413807
10278.808720
10311.350504
10508.820294
10788.840456
10704.586510
10702.481588
10669.998843
10580.051082
10614.496101
10597.143350
10880.960023
11020.973639
10997.792453
11028.664726
10884.873787
10655.549581
10824.212528
11207.569869
11244.174065
11207.569869
11160.634073
10930.570365
10752.287557
10775.497204
10955.481290
11138.042410
11130.212541
11034.427135
11034.427135
10986.491566
10736.207921
10594.509409
10590.561806
10557.915298
10640.362285
10766.585105
10919.893785
10912.178951
10783.808056
10563.198786
10424.151189
10320.577021
10123.115701
10243.624100
10634.981506
10857.080215
11052.389388
11129.242455
10828.130829
10344.785332
10158.723031
9859.554159
9865.469467
9949.628656
9966.958103
9955.650981
9903.874990
9739.072785
9959.404260
10385.096673
10385.096673
10461.742019
10404.366270
10062.875793
9623.939943
9701.333541
9749.025287
9802.799692
9900.472069
10287.784245
9960.414450
9832.157805
9903.011676
10108.229528
9755.381451
9751.604261
9774.642849
9734.492619
9483.431038
9358.268138
9559.887015
9602.230909
9538.724810
9465.986113
9615.761370
9465.230055
9524.591364
9495.482142
9631.897843
9553.308188
9528.780761
9565.044413
9714.796460
9772.234901
9684.082173
9755.449098
9690.294544
9859.094196
9926.313534
10367.338089
10671.841378
10742.730403
10784.939792
10993.991791
10813.771739
10669.051406
10523.241329
10348.723390
10043.858780
10005.380726
9873.922127
10013.900107
9990.936691
9914.316965
10012.029012
10265.795986
10131.436566
10258.107416
10420.947729
10409.602212
10430.277548
10401.551671
10326.675549
10414.939279
10539.429656
10342.072579
10455.265279
10637.410190
10505.008783
10564.593056
10607.743949
10738.225482
10703.775145
10695.837329
10563.680544
10635.175378
10598.687726
10458.567941
10460.633203
10594.889538
10694.431362
10752.117357
10579.740381
10525.705123
10456.908534
10283.706216
10047.789282
10235.839345
10241.760096
10195.595157
10223.730422
10229.453190
10122.171786
10170.057107
10223.730424
10176.677783
10245.789401
10447.170547
10431.772818
10383.938530
10508.042231
10417.887033
10193.527937
10059.347505
9735.350927
9451.317904
9433.740284
9328.656209
9342.132248
9645.015172
9751.958597
9955.405379
10058.943562
10223.762606
10055.286880
10184.824677
10058.264155
10111.898460
9902.910708
10021.796581
10243.588433
10383.849436
10592.724850
10793.851037
10795.917247
10726.343195
10701.322834
10523.212736
10367.926333
10316.113312
10090.228845
10132.415338
10264.823921
10525.559417
10477.793014
10492.812352
10297.240934
10147.470499
9911.570713
9790.991727
9875.715274
9965.944873
10092.238140
10291.752068
10257.245539
10179.986277
10304.678102
10022.942481
9761.887356
9994.148690
9845.505839
9402.796755
9291.315506
9331.715483
8992.115178
8954.897528
9186.671461
9525.977482
9689.261066
10120.599693
10105.387094
10093.887720
9915.682201
9890.717642
9733.549922
9765.324766
9847.767586
9936.283669
9959.012572
10112.276408
10266.755598
10268.581397
10096.268382
10163.003372
10034.640616
10171.880442
10231.353163
10350.314593
10108.661644
10171.880444
10077.818589
9895.633056
9949.367373
9838.256563
9836.202071
9642.438310
9418.329672
9140.117109
9113.676970
8789.433313
8717.935748
8708.830909
8692.829409
8638.844454
8587.671210
8530.572943
8638.428358
8728.951473
9014.271219
9204.152728
9232.299633
9276.591672
9258.954410
9280.165897
9412.597044
9427.711681
9454.477321
9600.062736
9611.415733
9536.825258
9710.013014
9995.512941
10187.395098
10252.576303
10352.161122
10363.523013
10139.315844
9924.295384
9955.218308
9937.636180
9877.770428
9990.936696
10286.118616
10188.212101
10222.850358
10437.140096
10673.076584
10724.701538
10912.556937
11077.561190
11164.145873
11139.051410
11148.697541
11177.745388
11541.786790
11711.071873
11828.208020
11889.443953
11785.829208
11580.678787
11507.525855
11599.205997
11622.353539
11906.394662
11779.978927
11715.843928
11780.911239
11974.377502
11838.348279
11776.902227
11769.825765
11424.364788
10904.759956
10676.606414
10536.638365
10416.190540
10328.094115
10335.761342
10414.402047
10581.049716
10575.432622
10627.437956
10757.592757
10752.013107
10836.287151
11135.141909
11150.724556
11194.829248
11154.348763
11196.663434
10965.227594
10971.074645
10974.936722
11099.723076
10902.039773
10950.970140
10968.336013
10876.136399
10691.965606
10799.460336
10757.983086
10727.460934
10595.138005
10838.717170
10731.317739
10629.777110
10712.252740
10917.292085
10821.457067
10829.182490
10921.380362
10898.370459
10744.999717
10566.503465
10710.294914
10815.685380
11153.207364
11291.248255
11281.501707
11141.682613
10887.743842
10601.997572
10617.434875
10997.013924
10970.215297
11005.995618
10921.598443
10984.835105
10988.720350
11230.301782
11312.943402
11090.450236
10735.844978
10285.476078
9873.156736
9846.657203
9925.464747
10015.485362
10141.988127
10512.130338
10639.921065
10649.515024
10720.574147
10515.271252
10089.667958
9704.221473
9616.182130
9405.118229
9673.437909
9857.704467
10160.503006
10346.336710
10762.363657
10890.845214
10900.493819
10819.674482
10831.043695
10700.570195
10622.137031
10604.964890
10459.986078
10598.060177
10684.425475
10791.720179
10874.233889
11047.071059
10997.214349
11060.441678
11074.244107
11031.705802
10879.569124
10641.710094
10409.776787
10043.624622
9922.727658
9840.038290
9763.171759
9600.150895
9542.711828
9406.609465
9472.465350
9570.376214
9788.785192
9830.976971
9800.239616
9932.023826
10175.514620
10254.035713
10509.071633
10716.163394
10695.329380
10530.668003
10628.641959
10712.724035
10835.560200
10728.425383
10676.547020
10601.669579
10599.924764
10831.809425
10959.616165
11164.925098
11092.035280
11187.943509
10904.176064
10719.992889
10583.806088
10591.342770
10610.554041
10786.963813
11099.179087
11384.654690
11363.656854
11191.216490
11198.754776
11093.495781
10855.576187
10815.453086
10646.872501
10445.431384
10296.896100
10170.204419
10187.590788
10505.898063
10806.940960
11211.048712
11374.220105
11322.419498
11379.953844
11076.893488
11043.133462
11077.599432
11200.524033
10906.958166
10818.741375
10425.654518
10186.105453
10055.783600
10143.912547
10310.727226
10647.437033
10927.231396
10948.516366
11070.955158
11151.538306
10957.862674
10912.005362
10963.683273
10929.289144
10959.731441
11219.111027
11190.677743
11602.891506
11838.589976
11923.011455
11919.301262
11904.088397
11729.617289
11369.001009
11102.466539
11021.634480
11042.638114
10766.708061
10546.038912
10511.668626
10355.612832
10288.301195
10367.171609
10698.823476
10802.256073
10832.264996
11083.607770
11363.460689
11538.043418
11434.579051
11328.950663
11210.146726
11225.488119
10972.409311
11058.566809
10866.910211
10849.698589
10554.427339
10404.714246
10351.237025
10851.368096
10901.218583
10853.399252
10820.790225
11004.767936
10954.087518
10808.382594
10681.592004
10883.048309
10835.169382
10840.665010
11030.544289
11051.584358
10741.051220
10643.192106
10425.003126
10386.811384
10455.848576
10776.023541
10841.135726
10903.313858
10629.156419
10607.959756
10650.016337
10560.156513
10283.507873
10206.746137
10193.495430
9832.998427
9704.482876
10080.697320
10241.879779
10191.857741
10143.912547
10049.940637
10044.321697
9992.575763
10205.381599
10419.974261
10527.520976
10205.829951
10146.557169
10125.340738
10284.646375
10186.819616
10229.926524
10105.349896
9781.324074
9417.177442
9240.698884
9182.253190
9103.468267
9255.338639
9560.086223
9759.936469
9885.628090
10205.620760
10458.601294
10554.666577
10803.835069
11027.558088
10918.265612
10734.309908
10922.130774
11273.141451
11276.769446
11372.702093
11531.759390
11175.040227
10793.574225
10699.651738
10665.232836
10628.882718
10632.615051
10851.119590
10792.872699
10965.266610
10913.422225
10882.981319
10763.955972
10891.858226
10803.705457
10817.123900
11135.265727
11030.110122
11022.635242
11087.669150
11258.614990
11375.425388
11279.597145
11200.588134
11236.814677
11190.936003
10853.497870
10978.039400
10940.522530
10842.677993
10798.702337
10976.753086
11089.831986
11103.003821
10988.226985
10915.280747
10673.518873
10238.449188
10016.465026
9945.560913
9656.112712
9468.015692
9519.724914
9636.377979
9517.717173
9438.958938
9471.504607
9397.028562
9424.965255
9513.440127
9482.827560
9482.827560
9563.098527
9489.782770
9501.309225
9652.806583
9735.233872
9773.325140
9954.242588
10189.844667
10393.223160
10404.541451
10364.242013
10270.122635
10141.818706
10093.887705
10017.166275
9875.375120
9702.637954
9566.374751
9428.168647
9443.436594
9525.862507
9416.961295
9328.773336
9211.919514
9215.398229
9317.391985
9412.909467
9338.346733
9309.508257
9313.276377
9222.734307
9127.370342
9324.701056
9516.522942
9871.080748
10160.996314
10439.122178
10322.192773
10241.800485
9871.324366
9741.198188
9744.934273
9957.919124
10038.270225
10068.978390
10097.586723
9924.659681
9592.967823
9470.281696
9259.194110
8979.804752
8979.804752
9320.666269
9408.994622
9558.432607
9646.648104
9597.882648
9492.485819
9511.540087
9730.157821
9858.704293
10266.755586
10331.782116
10464.256560
10402.826453
10230.145887
10019.570155
9973.616682
9875.925661
9916.021930
10153.838608
10140.732806
10159.963601
10052.275088
9852.873216
9695.804596
9748.560698
9556.911165
9522.361078
9564.231497
9499.396580
9241.478662
9431.431329
9607.881392
9567.638099
9527.055968
9489.752637
9180.892824
8989.337920
8875.940940
8925.825181
9085.868510
9239.531530
9218.263515
8981.893103
8876.443011
8780.886532
8882.123855
9041.647039
9306.459319
9570.843738
9649.744813
9665.545735
9761.134983
9739.905577
9626.800584
9592.935018
9669.959083
9543.043956
9786.788487
9934.104411
10141.191305
10436.408933
10649.266092
10812.328897
10804.431324
10780.050966
10492.573942
10523.241316
10548.177358
10699.587422
10806.810245
10864.214120
10768.327318
10653.424317
10718.594336
10808.884801
10653.580220
10540.192601
10429.236222
10302.837148
9954.932788
10090.634989
10061.975330
10052.339381
9904.910833
10115.524737
9917.897500
9966.118583
10040.512050
9981.448649
9821.528835
9926.966554
9848.230784
9926.966563
9903.835050
9836.104600
9920.707732
9930.218213
9711.604184
9844.068173
10028.137209
9826.799746
9813.349411
9779.190670
9698.131398
9653.212608
9908.376557
10019.399143
10193.914625
10149.846796
9986.290570
9622.205050
9562.565187
9474.230041
9662.071886
9831.406107
9908.254920
9745.166674
9653.129942
9626.272802
9650.638455
9957.649219
9994.015665
10065.035789
9926.900240
9755.613446
9508.319889
9738.522260
9711.638231
9876.690858
9957.481756
10103.143786
10258.413655
10346.689518
10352.243648
10273.326186
10208.309944
9991.595427
9916.570890
9705.669795
9737.831662
9546.136707
9549.964128
9544.121410
9841.245105
10130.903431
10539.256205
10587.300824
10756.040018
10738.805982
10445.397148
10303.585169
10175.083193
9877.879310
9659.189615
9811.606899
10126.040878
10457.782298
11023.418062
11437.484568
11679.942835
11503.633648
11206.490689
11045.491690
10828.812359
10652.004188
10905.066538
11217.645166
11376.844626
11445.849705
11592.529376
11531.149161
11233.891831
10973.155978
10898.467238
10770.578098
10557.543841
10669.051386
10651.588098
10812.857639
10737.452415
10639.685286
10637.794379
10551.463468
10309.863472
10260.807108
10316.744735
10410.607216
10613.886880
10736.412857
10621.871555
10512.501152
10522.316140
10549.042237
10523.938641
10798.754738
10904.110537
10670.148220
10399.895286
10223.370358
10061.629585
10092.280461
10360.594775
10688.710586
11062.668640
11363.431996
11409.385803
11238.912313
11394.067591
11620.364928
11481.257508
11688.365838
12265.557142
12123.276245
11879.900638
11789.928675
11598.027601
11208.916971
11275.848050
11379.384544
11550.222075
11771.114860
11981.710207
11908.981594
11750.074542
11693.582049
11434.868721
11284.968377
11290.917070
11367.658805
11268.095373
11221.872819
11191.284822
11181.648316
11089.499069
11337.780513
11761.665187
11738.395367
11456.728458
11464.507223
11300.916591
11022.884165
11063.089448
11394.639541
11611.543877
11857.608433
11999.621167
12181.995492
11926.568512
11527.923684
11119.873065
10734.457707
10347.302836
10632.886676
11058.356946
11227.828555
11306.302473
11363.794913
10982.337501
10857.822385
11030.659306
11235.796360
11412.281770
11488.954703
11274.155366
11202.820098
11252.553940
11292.852752
11442.408649
11170.342018
10948.408142
10537.949165
10282.890197
10150.553303
10217.797181
10195.134513
10431.058533
10268.075791
10235.467760
10287.142079
10273.999815
10051.611850
10057.233530
10005.485213
9698.457526
9518.390129
9458.934761
9514.375630
9303.217628
9502.659648
9563.163383
9843.235921
9923.428298
10051.949732
10038.509459
10051.753952
9854.186006
9775.565864
9888.689314
10103.651832
10287.820564
10418.335148
10655.988417
10709.538502
10830.467331
10790.944815
11009.537572
11134.295047
11126.567999
11103.345555
11107.138192
10917.392063
10723.789339
10681.536412
10606.694598
10398.000483
10097.050723
9828.704972
9813.209703
9821.007951
9986.468374
10369.788783
10810.939652
10971.968379
10816.696056
10681.286414
10550.870012
10309.294176
10669.877896
10980.428792
11010.641878
11066.086372
10847.638452
10230.035916
10141.885812
10444.734626
10638.330169
10724.520508
10766.895325
10477.317882
10432.106639
10364.998502
10618.224149
10838.674034
11229.729909
11468.668957
11345.711163
11273.078842
11165.661107
10820.657614
10312.681189
10228.378404
10044.362419
9881.224240
9779.785709
9843.890741
9841.728226
9828.425049
9830.194912
10054.854505
10205.100572
10239.510700
10450.585228
10759.002702
10835.896037
10643.963054
10728.549412
10770.643490
10538.631177
10285.637727
10479.207850
10459.986072
10339.131491
10567.237341
10766.895328
10770.610934
10991.051077
11044.768837
11064.005917
11194.351769
11384.222852
11205.938323
11286.432172
11290.363968
11459.076577
11489.061847
11554.442450
11498.778955
11270.440536
10940.842179
10920.173354
10927.586549
10835.729793
10971.783803
10785.787995
10317.655980
10028.037266
9974.210713
9926.542655
10163.855626
10451.995078
10561.093019
10864.097162
10791.257335
10559.513858
10324.207791
10253.264824
10032.769145
10059.733466
10130.624287
10168.288105
10064.772033
9953.585706
9840.287970
9851.888939
10092.487069
10249.755690
10169.412955
10186.506197
10173.042312
10116.544726
10011.482175
10183.715244
10262.461129
10511.703979
10451.552291
10656.459683
10911.792604
10909.652257
10888.541285
10995.852020
11014.960243
10964.966773
11252.658279
11233.535373
11083.248676
10989.068900
10833.797686
10734.127419
10709.102460
10761.936008
10591.192061
10556.532818
10460.802074
10466.629311
10562.500731
10811.788551
10752.354577
10731.240957
10664.143718
10528.731145
10630.316835
10768.293229
10726.156500
10603.406449
10680.697517
10456.355644
10366.350994
10369.824685
10550.196942
10651.713988
10791.720191
10973.884064
11058.120941
11015.970502
10903.313858
10531.370440
10222.596602
10149.709548
10163.003372
10147.942043
10249.720089
10560.377344
10615.933478
10477.950071
10406.276811
10651.797507
10454.271933
10287.485591
10435.142901
10655.335037
10561.127984
10605.412221
10818.032167
10808.669428
10430.636308
10551.352837
10434.382017
10348.234558
10145.006953
10359.262953
10263.566712
10209.817225
10167.575843
10204.021545
10010.652179
9998.807888
10094.734205
10192.491415
10334.461528
10259.130630
10057.677294
9940.814672
9802.831504
9770.257269
10170.507238
10799.562917
11102.556116
11106.332504
11087.229551
10989.322059
10548.522665
10280.076576
10619.385978
11050.805157
11129.857574
11083.835928
11337.003543
11313.676941
11062.797760
11235.604284
11573.246864
11682.262693
11590.253487
11648.288444
11751.280326
11481.102814
11189.545628
10949.977202
10804.062640
10744.041203
10882.066438
10882.066438
11000.970816
10972.115456
10789.674530
10785.859890
10879.858571
10847.320630
10732.292313
10617.516901
10502.511668
10517.853502
10621.315895
10826.634260
11006.989487
11198.707832
11210.205838
11177.891795
11137.562323
10684.281579
10310.291421
10281.641933
10187.622529
10245.131708
10636.325736
10879.794155
10973.731074
11263.196412
11502.894449
11335.781599
11341.268359
11437.142353
11437.142353
11220.599679
11269.295750
11179.151843
11142.954202
11292.446982
11418.943234
11432.095928
11392.006928
11203.932830
10968.228271
10845.215215
10662.971748
10611.185992
10576.694838
10467.333890
10480.797412
10819.415164
11158.940423
11459.779476
11847.092452
12069.014980
12145.025868
12374.486450
12514.453065
12476.249494
12687.207074
12849.055644
12582.554405
12425.462586
12297.130592
11971.120102
11699.938702
11747.900204
11659.948055
11276.289314
11195.884911
11071.549108
10878.221099
11119.638306
11526.118887
11535.610061
11511.277320
11639.573376
11561.212653
11595.608210
11777.599526
12114.891464
12310.316125
12260.251528
12169.865118
12087.700517
12016.230772
11918.353766
11763.060812
11749.604095
11651.739289
11719.493959
11694.616826
11596.734148
11370.410977
11391.751934
11171.720784
11183.111763
11386.405779
11384.357362
11300.256637
11341.391625
11374.045244
11224.465147
11287.751726
11374.045244
11484.867454
11389.027134
11619.371940
11845.405626
11832.170228
11848.820936
11680.039044
11561.371085
11340.754517
11495.954626
11398.405921
11398.405921
11373.396975
11503.750624
11442.443109
11435.108371
11538.532798
11396.550348
11262.349511
11233.599050
10942.095329
10953.749917
11147.207134
10982.406060
10779.291289
11074.561831
10930.597936
10719.848120
10957.394977
11030.345306
10853.624029
11127.763634
11096.986260
10726.945336
10598.490780
10523.327016
10147.328150
10179.986283
10318.128118
10172.426388
9935.667508
9954.840056
9927.789393
9789.687568
9910.580044
10153.115997
10076.541350
9940.269112
10174.281131
10237.578242
10254.300254
10430.870622
10754.882101
10992.663742
11284.088976
11575.489971
11750.163288
11682.779503
11376.188804
11174.693170
10924.724190
10715.737699
10912.950336
11296.740358
11287.049663
11433.923627
11495.052333
11548.808346
11491.309162
11771.264923
12134.208570
12569.094152
12594.427862
12565.615089
12354.879168
11856.385538
11313.531035
10853.624029
10634.981541
10498.769999
10893.854292
10980.075819
11181.310065
11539.804574
11981.003581
11930.205794
12165.874754
12977.307511
12992.478886
12775.883117
12670.427756
12589.778692
11792.382074
11661.629744
11548.726945
11537.549099
11556.618564
11608.331692
11759.834944
12045.446678
12237.501853
12360.172816
12722.738215
12810.659054
12910.309881
12763.446067
12658.775074
12000.581783
11638.348221
11252.693158
11034.645839
11147.566799
11387.396941
11387.396941
11306.739332
11327.529726
11530.887717
11741.741833
11965.977639
12261.332556
12549.384406
12259.716021
12161.817080
12125.467900
12177.270017
12378.820437
12765.844355
12859.348981
12752.176304
12474.486380
12282.242879
11799.523432
11728.333097
11718.694898
11905.022346
11613.079875
11586.592572
11480.979403
11674.266250
11799.486635
12056.561074
12206.267900
12279.185410
12399.735046
12444.043260
12173.229631
11793.728181
11425.546271
10781.261614
10303.863035
10181.647903
10411.659541
10430.908809
10551.609715
10336.959669
10226.080087
10020.785080
10143.522674
10080.318012
10342.870815
10325.875419
10274.181270
10306.706975
10301.222691
10268.481188
10364.277322
10329.840920
10210.832769
10477.555372
10356.696681
10379.190267
10436.757464
10584.463280
10708.978294
10885.481871
11022.884165
10792.690966
10827.307196
10706.333044
10683.300459
10788.742811
11291.063022
11455.850837
11689.814669
11826.313009
12014.285187
12290.334057
12399.320636
12328.328656
12299.699341
12145.592314
11765.743842
11284.528786
10950.970135
11022.027432
10937.321403
11153.915045
11454.917019
11721.584903
11708.470925
11779.917954
11718.341230
11737.303892
11503.369976
11720.164064
12006.155065
12080.742365
12122.948642
12521.817553
12151.539195
11587.715931
11236.597208
11079.499264
10698.071345
10653.822243
10762.742644
10994.805681
10751.392424
10705.329518
10601.669579
10566.016045
10305.211719
10550.650922
10650.249928
10980.235457
11286.693146
11459.314529
11965.430254
12226.275004
12232.018596
11981.659031
12005.470703
11811.263338
11855.464894
11838.029107
11956.496297
11851.397840
11649.728247
11383.423883
11212.659540
11007.534916
10913.466796
10877.346445
11249.274138
11504.185413
11673.261706
11859.531536
11960.848608
11794.211101
11742.452522
11844.148944
11987.701476
11957.106427
11727.325003
11573.700059
11460.873693
11293.935316
11023.684456
10944.973526
11079.394765
11023.017132
10938.618934
11049.830074
11057.409460
11116.717522
11244.834580
11283.027434
11269.497539
11235.039084
10964.660844
11160.438561
11306.075777
11518.784066
11469.182797
11399.945216
10922.282593
10870.512449
10853.465369
10930.173887
11250.154316
11605.764956
11367.949194
11101.605290
11249.105571
11084.191416
10926.290144
11326.951619
11612.567465
11395.885798
11463.072669
11465.004553
11558.797444
11654.642688
11708.760468
11625.904945
11731.153381
11583.625911
11487.953428
11738.830827
12018.632492
12039.600919
11899.487610
11901.409445
11677.277152
11192.093090
11075.380434
10981.554487
10726.492179
10736.042125
10716.776345
10784.660691
11020.468349
11099.179087
11202.703092
11649.422900
11842.984631
11616.722702
11559.184600
11500.010401
11541.989413
11664.370161
11796.463392
12151.179014
12366.231723
12381.256954
12482.944131
12602.659909
12408.154472
12209.190356
11974.682956
11380.630594
11353.745763
11531.933913
11735.518406
11869.632770
12317.340402
12403.667287
12079.500882
11877.867315
11763.037211
11606.595429
11710.520534
11620.338041
11300.293093
11045.105217
10915.384493
10710.039624
10880.735777
11128.221585
11329.325353
11331.410924
11358.146118
11415.618351
11294.715994
11005.463741
10657.243181
10312.277578
9898.323176
9761.887369
10024.824227
10308.755763
10538.831889
11039.202570
11382.574798
11399.664878
11324.489075
11447.179991
11303.432891
11527.776103
11694.616845
11805.523003
11602.445657
11429.629725
11186.256092
11105.670284
10975.847025
11012.356087
11173.526139
11108.148953
11041.082286
11172.845120
10969.546950
10689.673837
10400.190171
10131.470720
9841.984176
9723.172686
9586.945733
9523.915633
9682.883223
9810.898897
10109.927296
10422.473163
10941.969619
10980.363864
11010.554825
10872.401243
10720.904406
10770.771082
11018.052719
11111.970553
11466.619386
11976.950876
12028.478780
11806.125937
11877.582573
12084.768902
11967.699753
12109.841653
12263.015516
12238.249348
11937.560901
12043.118830
11956.708062
12217.395024
12669.087918
12801.611914
12575.079950
12268.331660
11711.918489
11164.889195
11239.687279
11387.272903
11856.975479
12062.059498
12064.145601
11866.692471
11676.941558
11349.038374
11431.253311
11645.641730
11927.503480
12094.732799
12096.401724
11987.083845
11652.256627
11364.439437
11312.824219
11458.700969
11512.429585
11749.176303
11736.058380
11906.618836
11874.049052
11927.503480
12202.018691
12150.296705
12110.128981
12183.117494
12603.001549
12734.989893
13091.100309
13037.178734
12801.982415
12369.988986
12154.064463
11969.928888
11835.676722
11960.328432
12128.880325
11832.012946
11785.829228
11967.876681
12027.612684
12201.920744
12721.114844
12736.461496
12860.060178
12843.276318
12759.249822
12290.615800
12369.666447
12216.234803
12286.924977
12323.712642
12671.448499
12621.785859
12704.386693
12709.710485
12328.233790
12022.038572
12190.346879
12246.241552
12431.728544
12869.377900
13035.033095
13107.939325
13216.577237
12938.730950
12971.591368
12988.744507
12858.257770
12967.127869
13093.586810
12859.568154
12935.227215
12902.670975
12599.065097
12388.485489
12513.860373
12378.505842
12180.531300
12011.539830
11960.121393
12042.564865
12340.798728
12838.358127
12899.428423
12857.667269
12306.757415
12009.854016
12027.295035
12416.484077
12581.146366
13485.949622
14003.685807
13735.269257
13559.971339
13583.793817
13211.299831
13186.718719
13528.687124
13785.137218
14046.214569
13994.142737
13572.717073
13164.442817
13109.247123
13408.137877
13559.631576
13918.560783
14509.395824
14173.776674
13677.161966
13723.536534
13613.756962
13449.683284
13771.343239
14026.516686
13846.191826
13707.004146
13477.092260
13578.494756
13423.213356
13085.368172
13399.938550
13318.957378
13031.363254
13023.918386
13536.097937
13316.099796
13238.850733
13122.275576
12857.951990
12554.533769
12402.695003
12323.752897
12486.902408
12552.066072
12404.230334
12131.567891
12202.235742
12123.590328
12095.581934
12062.355452
12007.854774
11601.748331
11227.735627
11024.279171
10976.384958
11000.970816
11054.650163
11134.994348
11031.440576
10678.970860
10564.116523
10571.678239
10418.448480
10615.867934
10694.374948
10715.234864
10634.626245
10527.233430
10231.979140
10262.819318
9986.260131
9926.834454
9780.952119
9916.991951
10080.243248
10458.090192
10615.451765
10893.498503
10874.267091
10793.574225
10682.530707
10872.619692
11261.780438
11401.632486
11394.067575
11463.825646
11105.091729
10598.935289
10549.149739
10813.740424
10930.347933
10985.878640
11286.871958
11350.085204
11236.992675
11180.514408
11333.829870
11427.942441
11316.874374
11111.560052
11094.681896
10908.638451
10698.000608
10732.368376
10776.272419
10695.329400
10655.397649
10563.234697
10473.067073
10691.528899
10862.912610
11265.350272
11528.105715
11758.576901
11706.188214
11730.862452
11596.663442
11800.145800
11978.392360
11972.503171
11985.913721
12001.073483
11696.068216
11696.068216
11899.300675
12030.886884
12027.415458
11879.505670
11588.210649
11317.814546
11105.256412
11174.300976
11294.859849
11327.628676
11477.402284
11339.926251
11251.712757
11573.841096
11616.164593
11435.869216
11637.355328
11727.386626
11508.534977
11627.322755
11723.206024
11473.043022
11409.897689
11212.483472
11091.600833
11003.415937
11326.951619
11288.747273
11407.449545
11545.487397
11808.198033
11654.040093
11556.266302
11500.721829
11247.536039
10967.650526
11117.934969
11196.599329
11161.852129
11474.709474
11626.007155
11381.643550
11180.142642
11251.145939
11139.872824
11070.895552
11317.453141
11982.333991
12270.161954
12649.993008
13010.281864
13085.331228
12957.142229
12686.922633
12324.240906
12123.045156
12149.374977
12297.276529
12567.545917
12517.200669
12640.821263
12410.901706
12033.340454
11927.648224
11919.952529
11841.227941
11929.942385
12106.283870
12298.017770
12547.231058
12438.035353
12646.508546
12676.951888
12566.062299
12407.084557
12347.476608
12131.258392
11981.535797
11676.994924
11538.791068
11590.398927
11763.408791
11671.856736
11850.093508
12016.757550
12035.610249
11625.804157
11631.468940
11654.540320
11397.712300
11227.209460
11360.536736
11508.263024
11404.826784
11605.996970
11908.845597
11899.424365
11556.392949
11573.613895
11410.621776
11406.847201
11538.468290
11594.149422
11390.882796
11377.382418
11124.225907
11193.818656
11393.330198
11696.100268
11590.589315
11964.826983
12128.202940
12159.059484
11998.069013
12436.941454
12362.320298
12213.946854
12328.430433
12556.937901
12574.257560
12261.495842
12022.861685
11777.103582
11522.278363
11549.019986
11696.609635
11625.293863
11506.475213
11759.595042
11592.735386
11930.234052
12099.198443
12552.066090
12244.977522
11898.156879
11351.446558
11165.454199
10952.574970
11088.715196
11351.237608
11963.285199
12367.489565
12714.580575
12854.215957
12681.842277
12284.901778
11987.674807
11679.068075
11803.839991
12066.236425
12091.567803
12279.354654
12122.497971
12172.376219
12104.963688
12241.301188
12231.800049
12438.717444
12390.688113
12808.387796
12992.795706
13205.760744
13541.049428
13713.111580
13338.191931
13115.679342
12989.208620
12736.357996
12293.351980
12237.702171
12034.294975
11808.630802
11599.471075
11584.266240
11522.986138
11566.861075
11587.955963
11787.167372
11979.171882
12290.200099
12465.811838
12735.300743
12583.279931
12590.922121
12448.849396
12167.419218
11900.161111
11858.009133
11614.752888
11263.624381
11349.970849
11321.904120
11156.942432
11084.116656
11308.462318
11214.478758
11218.105265
11478.736584
11571.173797
11542.163603
11565.181586
11537.147947
11350.847006
11364.266591
11404.895182
11537.147925
11439.126640
11368.333141
11249.468062
11398.999612
11529.399073
11800.289087
11834.735117
11915.406309
11642.771457
11303.597399
11228.324184
11023.267908
10865.765944
10651.086033
10467.092365
9978.030441
10014.657012
10003.343786
9949.367396
9880.326694
9748.798810
9616.563194
9403.753437
9307.569677
9418.852531
9810.259190
10335.524855
10571.340861
10580.855639
10412.097530
10515.566549
10209.007309
10231.865129
10525.118682
10628.912694
10220.653154
10017.372872
9917.566147
9816.009073
10000.028857
10368.708129
10556.500554
10575.726597
10508.725895
10493.389062
10282.763985
10422.908729
10742.927512
11111.184460
11423.597047
11869.423182
11980.730274
12022.861701
11995.848283
11901.718970
11760.732007
11709.302806
11964.509267
12136.799409
12399.267070
12500.696968
12579.743301
12106.038436
11736.093731
11455.850837
11476.737246
11340.392987
11494.043215
11814.235042
11833.325324
11857.573444
12064.792694
12355.846600
12530.352918
13047.117258
13179.564437
13291.230884
12984.678906
12693.275054
12096.675787
11829.698063
11565.013591
11758.971626
11873.887982
11804.824838
11885.162144
12017.823159
11458.083857
11080.197998
11231.937052
11246.855605
11041.532055
11292.785422
11227.704400
11102.883896
10753.147702
10515.380902
10659.209265
10753.147682
10448.234421
10629.003066
10930.051113
10615.515145
10464.076749
10619.299216
10203.678596
10010.362688
9923.562806
9998.567691
9889.176339
9874.204503
9803.229377
9906.705704
9793.540988
9793.540988
9951.436092
9873.067305
9884.804849
9945.891985
9727.223829
9744.074462
9717.475799
9581.323041
9399.116773
9690.425025
9808.938021
9751.420620
9830.014173
9973.849669
9699.185216
9556.936675
9811.771414
9955.566965
10068.698868
10185.671379
10272.201533
10111.237460
9995.976575
9954.125608
10187.809516
9967.691407
9904.519459
9946.753516
9971.607748
10012.029015
10623.000872
10789.810103
10920.438863
10849.443186
10816.730341
10500.874477
10600.495995
10498.844822
10523.743311
10247.698183
10099.116685
10080.047905
10170.057117
10106.767040
10354.268350
10416.119977
10370.041617
10239.758687
10310.766067
10337.674523
10572.575645
10705.061018
10706.929316
10875.552689
10726.005964
10415.707245
10122.464088
10111.044011
9936.578556
9932.528286
10126.315575
10306.398238
10316.156612
10323.774445
10477.199925
10390.494110
10298.407430
10394.371443
10386.879453
10352.216140
10427.634030
10408.629696
10228.114277
10479.303913
10613.504433
10521.531900
10341.147804
10199.234506
9915.606082
9741.004025
9652.751094
9825.250378
9821.412003
9637.119840
9367.077320
9376.313367
9510.608085
9681.215852
9746.397706
9926.704196
9932.249973
9870.801679
9782.704494
10114.482725
10386.742340
10631.096621
10732.844365
10945.507204
10755.829044
10636.945763
10535.399465
10702.069321
11011.057464
11195.019199
11290.845098
11445.247042
11257.239308
11126.763771
11239.857652
11245.694018
11196.695180
11570.757936
11750.936633
11981.029232
12256.655913
12870.138562
12782.124017
12492.253467
11997.892217
11801.948878
11294.193895
11093.043719
11089.128283
11459.280239
11357.596796
11007.737593
10944.419965
10948.552526
10660.917101
10453.609579
10786.548505
10834.544768
11014.784018
10959.031362
10897.884645
10529.143210
10640.327626
10761.381079
11248.289661
11579.986606
11694.689815
11610.219211
11215.240253
10898.926119
11069.661735
11272.762721
11259.335671
11314.719140
11351.076173
11113.703197
11230.092226
11147.503495
11216.654101
11295.095453
11233.891840
11209.602674
11098.314412
11057.926988
10902.727142
11037.027839
11050.171121
11214.968586
11111.454429
11027.042226
10973.385229
10821.134599
10705.985145
10602.381961
10544.966856
10498.918849
10570.589318
10647.223028
10836.842883
10687.466349
10384.390918
10123.153489
9975.223265
10065.610392
10220.799128
10583.291518
10549.428674
10687.505997
10512.850901
10445.816103
10403.722405
10428.220625
10268.909614
10155.734934
10140.547764
10061.784711
10210.377973
10325.381915
10413.616911
10758.601694
10891.062747
10830.897543
10832.756497
10830.897543
10667.946370
10790.590234
11134.740767
11589.223550
12147.025848
12137.594523
11965.091146
11699.783105
11445.118111
11116.868195
11245.551016
10967.539421
10781.261610
10750.627353
10798.702354
10593.402959
11065.067710
11258.933707
11023.017148
10733.395105
10742.927514
10605.034958
10368.021816
10168.728384
10254.684468
10402.463943
10210.614434
10306.512090
10452.392073
10479.207850
10344.858521
10241.594259
10077.755327
9947.583942
9771.158316
9849.652398
10096.997563
10149.674697
10189.927732
10270.274482
10126.678118
10272.374772
10597.730311
10737.673486
10676.366401
10499.856684
10200.862227
10048.407863
9943.038335
10061.811158
10127.077373
10117.369893
9942.684994
10109.477166
10406.584021
10745.906717
11252.166232
11421.439482
11530.827456
11156.864540
11013.038844
10384.165499
10278.882626
10192.608347
10434.103577
10357.453435
10685.266531
10745.510341
10628.732970
10338.914071
10457.895663
10532.642129
10559.195150
10783.474431
10994.249184
11026.819515
10733.497180
10688.421651
10904.962462
10931.646052
11016.141173
11290.463558
11482.295511
11171.720767
11133.498052
11023.895126
10560.099536
10324.843812
10217.601833
10125.422460
10083.294441
10297.967715
10454.028297
10511.738922
10540.192620
10503.932306
10641.983116
10483.952566
10307.652880
10192.685305
10342.145290
10436.127476
10738.936395
11175.871697
11239.448450
11195.313618
10980.494333
10670.208020
10453.432456
10447.770828
10282.858529
10303.990288
10232.522311
10230.520725
10240.136739
10251.798026
10343.644684
10518.607248
10415.074005
10181.145746
10211.678581
10169.760342
10227.953692
10181.984337
10295.060193
10492.608017
10427.432133
10184.753747
10077.380884
10251.972451
10040.773786
9920.262596
9972.824340
10043.797493
9738.941197
9501.267444
9641.145075
9599.819327
9525.061165
9362.258887
9318.051791
9132.332735
9062.351851
9309.637847
9501.411557
9604.887719
9754.382136
9916.134526
9970.143651
10134.768511
10278.660621
10201.873198
10209.562549
10042.897015
10084.809378
10111.648198
10297.649256
10429.301078
10446.545057
10321.948847
10124.357221
9898.243494
9702.864420
9911.402869
10178.224387
10553.954187
10784.064927
11064.271463
10904.996935
10805.194238
10789.914525
10924.296040
10736.075109
10634.546617
10605.748340
10362.314600
10162.826079
10170.255384
10291.134383
10392.945089
10530.928935
10440.940671
10393.760671
10439.855904
10625.599015
10675.620605
10852.066000
10827.634816
10798.884171
10538.029500
10300.284704
10141.157334
10186.265941
10100.002749
10015.595665
10289.580169
10349.211305
10465.878094
10423.814238
10458.090186
10205.100559
10086.161663
9811.634448
9982.396949
9959.160868
10056.902824
10062.557991
10038.297348
9896.282847
9697.081997
9453.532567
9252.067152
9187.970757
8992.491128
9211.614346
9261.266491
9476.004824
9712.668170
9645.646117
9515.071017
9760.935262
9670.533684
9710.223660
10120.599700
10264.242589
10141.555539
10331.302838
10252.442043
10014.657003
9751.811861
9506.602197
9220.713358
9173.714470
9030.089354
9064.397311
9265.710610
9457.446914
9732.039697
10111.759627
10236.405219
10460.735412
10717.512929
10822.878529
10926.641328
11135.330104
10899.714709
10840.234355
10650.181797
10611.853023
10573.636814
10957.064217
10958.924994
11013.626219
10817.847504
10712.517089
10524.514591
10501.739251
10571.222235
10718.908571
10857.117966
10920.308462
11002.621757
10807.114135
10661.450502
10450.504000
10346.985625
10001.779053
10016.747876
10097.216156
10006.879337
9836.399643
9959.160852
9861.629006
9851.946736
10049.337567
10149.077888
9945.855890
9930.840834
9796.800627
9712.156062
9746.797320
9965.565965
10194.651803
10474.605881
10662.537043
10775.832168
10714.342486
10543.308617
10460.735410
10585.243967
11074.501983
11396.403220
11588.343667
11695.618387
11651.487823
11254.593103
11160.658513
11172.058662
11121.986640
11057.012731
11016.676447
10840.234366
10793.233474
10697.582247
10467.212497
10388.762431
10517.228265
10543.514223
10319.046746
10324.843814
10374.919510
10401.615060
10215.370139
10403.388506
10539.342899
10524.006564
10443.523406
10441.777052
10288.235553
10499.171742
10499.171742
10215.403277
10298.075850
10670.178105
10484.072187
10275.094005
10710.338788
10902.192736
10861.950361
11063.365051
11605.946933
11774.815094
11677.021904
11327.829581
11134.323440
10800.644252
10470.909328
10581.582553
10618.305141
10591.342758
10610.554014
10487.810685
10418.335131
10589.052975
10655.988421
10548.711168
10611.786493
10504.622125
10539.168837
10592.918922
10884.330664
11263.850196
11320.556629
11259.188930
11136.191041
10954.301100
10762.425894
10705.985145
10897.884635
10895.740828
10888.150578
10698.537385
10593.077687
10349.551249
10683.066135
10815.453086
11147.122157
11596.592937
11832.619408
11751.678008
11918.809190
11841.780845
11530.010050
11290.298595
11211.484389
11196.301472
11215.378950
11273.690957
11584.236427
11566.824279
11323.580209
11383.198403
11418.754121
11382.404619
11719.809271
11995.879723
12122.676371
12380.094753
12243.798104
12077.176004
12042.749566
11940.956686
12119.461596
12576.070181
12907.566297
12886.465956
12649.222960
12199.133695
12051.693873
11836.872905
12273.872304
12646.271455
12881.121210
12871.545634
12697.376400
12380.693723
12319.246729
12369.988973
12255.454302
11977.205828
11863.939878
11906.394648
11915.696245
11800.521293
11670.321631
11461.117966
11154.252272
11088.540132
11293.634622
11523.827219
11481.662775
11475.905497
11178.731352
10630.350570
10710.927434
10741.569001
10720.574146
10808.915485
11317.099917
11330.160970
11314.953886
11537.623843
11817.878255
11639.276765
11833.129420
12099.365902
11869.563564
11495.135270
11629.724771
11487.714849
11451.116327
11775.280252
11921.873995
11709.239295
11540.220510
11367.784995
11126.119453
11297.202469
11487.179202
11629.196355
11439.024952
11558.070507
11196.913349
11016.764212
10974.549898
11469.378910
11461.437445
11790.597580
12089.342953
12348.597628
12340.626395
12373.878753
12097.042421
11527.687136
10988.834074
10473.035000
9966.862669
9758.300724
10185.710145
10507.940259
11002.552186
11457.010851
12024.661236
11877.247364
11672.282516
11267.751225
11079.664577
10699.716194
10665.309834
10601.853301
10709.198297
10730.440549
10880.772361
11154.878303
11469.640935
11669.018248
11918.197791
11735.986257
11383.119191
11275.567983
11325.485129
11158.816876
11312.765025
11617.537175
11685.075990
11548.699430
11623.596629
11668.698978
11868.006472
11935.312279
11894.725149
11852.684719
11995.591695
11951.457644
12018.361962
12166.106901
12516.915436
12503.794158
12277.736665
12001.549611
11794.396686
11633.070129
11624.211667
11568.460008
11566.265086
11605.050517
11357.497807
11342.511916
11827.708677
12224.554824
12368.336880
12287.472512
12210.138768
11929.004562
11877.083866
11763.638641
11782.965348
11514.005482
11226.677061
11224.583380
11483.480742
11638.833643
11832.619408
11805.612135
11529.578408
11270.615282
11086.652732
11067.756948
11269.044167
11324.713101
11459.008997
11478.099302
11562.556264
11603.038967
11349.884929
11079.632335
11133.498052
10839.928819
10699.877654
11002.862579
11284.616612
11361.374410
11523.102382
11436.809574
11249.036114
10888.435401
10648.876713
10645.110862
10850.163017
11103.156131
11149.407683
11218.218804
11771.264908
11911.088271
12074.357856
12160.530263
12183.667960
11521.666118
11345.090982
11005.787227
11166.750243
11182.220061
11041.082266
10864.545182
10926.175518
10897.344197
10883.841568
11075.532573
11023.864616
10845.399679
10659.606131
10577.158398
10430.516929
10612.472569
10821.572133
10796.744012
10942.344658
11209.573002
11240.088738
11075.183957
10912.252309
10998.413190
11023.113200
10940.665942
10808.382585
11030.630316
11019.117424
11135.535085
11151.091846
11317.940917
11294.681376
11254.593103
11006.405505
10939.400602
10782.143952
10690.152221
10597.993123
10519.011490
10323.452645
10565.108127
10776.000463
10979.328453
11195.529543
11609.548860
11577.089080
11556.043762
11419.732584
11478.074576
11717.950448
11884.391574
11880.624069
11731.064051
11332.735905
10690.287986
10162.851839
10046.119333
10303.045350
10643.192102
10810.007677
10934.694395
11061.203503
11182.101850
11477.437236
11739.912448
11912.460515
11881.993768
11935.676801
11578.346867
11428.609685
11428.609685
11319.316102
11127.689386
11375.952040
11464.233433
11630.887760
11976.044617
11839.823247
11691.385952
11808.284543
11996.142315
11812.224859
12003.695529
12060.540903
12111.667017
12077.580797
12111.667017
12062.059498
12128.020214
12185.429434
12354.503543
12345.485353
12266.185607
12051.647429
11790.797711
11468.891305
11384.357362
11459.246070
11739.317783
11750.989903
11716.403533
11606.770919
11572.734435
11172.129198
11037.764238
11001.429156
11110.847087
11091.423961
11213.863460
10989.289139
10548.484680
10383.660307
10226.448278
10124.658312
10473.600804
10953.089787
11037.423466
11046.921260
11122.110670
11102.943720
11337.086222
11923.607929
11938.898095
11701.979705
11491.202766
11098.113840
10204.690228
9890.233916
9793.995785
9608.228714
9604.424169
9869.069315
10254.300242
10350.395478
10218.045434
10003.467247
9845.976652
9840.287972
10062.032639
10437.913459
10712.252715
11191.587640
11275.882416
11522.278378
11681.172436
11832.997483
11660.358062
11775.428969
11525.187026
11452.535707
11283.710640
11465.773950
11592.367182
11778.579010
12198.360108
12395.827314
12265.708697
12271.049765
12673.592855
12662.353663
12715.657646
12960.892483
12993.640941
12441.288037
12065.143046
12084.495908
12057.205595
11929.347356
12235.746430
12632.390464
12611.399277
12525.091629
12544.539806
12331.855451
12176.749146
12053.991220
12089.957353
12236.145588
12277.453579
12340.487822
12558.605586
12701.440632
12497.730964
12424.627142
12056.279340
11851.496298
11893.274359
11906.870788
11905.331974
12213.974123
12178.780719
11736.390659
11573.310922
11827.204439
12133.976732
12586.435021
13010.196997
13076.598144
12592.155232
12001.492872
11470.473323
11103.959334
11134.768489
11409.349426
11664.485212
11746.967515
11833.227481
11967.318810
12138.408160
12136.698620
12256.966263
12234.375825
12123.064650
11901.137008
11605.972031
11421.939271
11347.086147
11302.987101
11590.589275
11836.097645
11951.249566
11934.149126
11931.602271
11695.114930
11624.317243
11869.667220
12252.943078
12613.674992
12840.546401
12815.956332
12522.910040
12261.934667
11968.412372
11729.965007
11800.667140
11756.504912
11691.557235
11620.498759
11656.376806
11754.174709
12010.989410
12030.196473
12423.217070
12496.794431
12187.756565
11867.682905
11685.595276
11275.162749
10930.934867
10982.766309
11040.358915
10913.604487
10850.445927
10991.543255
10886.086392
10820.981459
10729.021638
10611.786500
10424.002589
10360.412003
10512.099090
10897.520078
11200.556266
11503.089880
11782.998863
11746.815004
11833.063673
11917.301100
12024.274715
12078.276119
12128.051041
12279.437012
12484.514439
12447.105142
12477.332674
12247.772035
11706.872973
11263.882635
11183.173675
11018.213142
11336.779868
11505.271807
11526.424271
11409.749223
11268.095388
11083.903624
11143.348262
11062.861864
10981.901858
10926.400644
10784.423387
10745.934994
10690.512207
10897.344224
11183.018272
11357.464914
11250.026820
11060.093840
10670.928069
10387.248906
10532.922826
10801.443804
10927.789840
11147.768603
11239.971684
10954.405467
10756.791157
10982.988093
10915.419018
10840.524877
10879.048855
10817.474420
10524.110973
10477.239166
10601.743450
10523.269883
10624.822971
10925.976662
10986.077700
10865.038777
10882.565968
10581.297924
10257.475047
10434.172252
10645.199076
10679.760509
10800.436208
10600.945052
10266.364666
10024.768036
9852.142232
9832.963039
10034.236867
9861.448524
9805.571062
10052.820515
10079.925093
10223.633537
10676.820320
10816.831611
10649.919893
10678.970847
10632.820330
10610.257861
10662.024674
10761.784686
11101.330515
11375.391138
11394.035601
11361.415250
11455.302369
11200.556266
10968.480155
10942.032613
10926.799366
10788.742777
11041.667451
11292.920124
11360.603792
11634.868191
11818.728012
11889.791190
12023.885952
12223.503964
11907.042892
11690.315839
11360.536736
11005.891985
10765.338009
10997.070942
11002.896810
10830.326460
10676.884865
10679.006395
10458.231134
10623.128967
10899.323735
11211.779245
11112.039144
10968.480157
10889.782234
10649.984008
10264.640388
10277.914281
10293.386130
10107.147002
10015.192068
10074.507991
9984.265582
10126.277339
10076.506267
10057.082644
9978.459691
9792.554825
9656.394553
9776.978647
9869.178895
10081.794414
10563.379804
10716.617042
10688.102434
10849.242672
10810.710021
10729.941959
10655.238635
10700.954286
10733.703050
11076.811217
10994.184423
11185.983370
11289.636342
11513.685759
11377.645836
11543.117514
11817.518624
11934.540178
11727.417156
11617.795957
11646.031137
11659.656647
12140.656194
12622.026069
12848.892189
12866.984273
12688.503252
12372.677794
12454.974972
12712.201120
12835.795862
12995.061562
12966.591280
12446.777314
11988.154343
11616.190938
11384.117326
11445.587100
11732.963139
11926.534076
12086.485294
12092.269488
11699.380741
11392.590857
11237.099280
11517.307648
11482.948679
11557.654523
11559.413995
11446.321450
11083.575745
11104.430002
11338.453475
11392.298505
11461.147256
11794.035225
11959.214494
11912.916550
11941.558695
12093.032547
11976.652990
11689.037742
11508.644009
11102.287121
10657.141692
10482.542155
10411.563672
10449.956557
10666.583135
10737.496609
10765.982209
11070.584164
11057.229247
11210.453110
11436.773480
11329.456816
11047.636677
11074.732395
11174.329813
11262.493075
11349.164144
11659.769182
11818.645323
11937.617275
12162.046927
12470.656562
12226.850326
12108.133492
11898.998850
11793.673110
11630.187505
11821.564962
12099.578626
12252.997700
12038.577023
11900.990613
11839.667259
11701.560520
11636.798314
11807.181267
11931.015172
12147.728346
12174.449897
12282.028769
12186.222507
11998.386808
11638.007023
11309.930916
11123.902711
11350.056593
11919.887203
12368.703221
12788.588481
12686.962824
12349.382205
11815.304656
11631.197680
11357.134992
11506.769271
11773.039400
12088.866342
11916.529463
11966.324976
11801.278531
11379.673613
11012.958970
10865.109442
10700.335243
10861.438871
11093.495781
11146.268039
11299.709854
11483.595574
11499.045264
11443.339090
11441.497624
11558.437318
11201.785855
10639.954559
10469.357708
10187.327592
9905.420636
9836.267413
10241.025979
10551.536811
10735.812011
10758.677447
11015.693574
11056.217752
11019.641493
10959.355252
10708.353674
10677.588321
10735.122914
10589.486813
10775.755068
11059.183612
10886.738809
10712.341797
10704.784239
10584.342345
10534.375119
10752.979387
10737.673509
10733.842374
10662.369823
10508.945797
10297.994926
10240.546439
10127.374396
10161.462615
10303.306465
10283.962205
10144.018033
10193.849854
10041.541413
9878.383486
9723.285669
9941.960874
10003.406013
10114.191840
10054.962743
10286.665759
10370.920293
10344.139070
10325.348178
10275.510316
10231.473282
10288.844369
10411.691175
10282.041354
10448.653381
10276.205587
10147.582580
10017.304207
10425.312023
10722.698678
11080.975559
11180.805865
11367.102600
11304.983296
11425.660125
11419.808527
11492.607787
11341.186830
11318.605588
11017.683831
10908.300126
10770.372658
10801.041630
10659.960412
10763.343818
10905.317282
10807.735032
10642.666393
10520.533944
10332.540915
10447.614993
10587.673691
10600.911212
10655.609015
10718.864301
10647.948077
10686.129492
10833.797707
11183.550786
11440.518141
11588.276740
11741.605518
11814.596433
11752.064082
11673.476283
11518.292608
11370.650648
11265.220530
10958.748439
10669.457975
10531.370444
10554.322277
10642.443982
10854.698906
11062.208667
11198.011360
11198.011360
11180.847657
11190.405783
11420.371288
11729.279173
11619.968777
11491.377017
11525.152695
11341.065883
10992.182502
11082.335794
11151.277672
10820.485594
10672.793396
10780.017539
10824.212541
10780.017539
10768.686251
10517.685790
10159.077423
10051.669238
10182.122706
10545.005095
10915.140537
10976.348703
10872.993597
11034.087646
10907.887411
10854.178887
11084.426799
11063.329473
10800.602978
10977.295267
10963.923288
11291.844626
11389.582895
11508.454106
11461.349759
11710.767082
11497.910486
11576.543805
11501.841342
11539.283002
11489.346412
11472.054791
11560.531305
11631.256338
11434.080879
11150.271838
11102.257262
11042.721404
10990.972325
11000.497972
11155.609814
10973.538919
10701.136187
10653.385942
10538.665598
10458.062381
10308.581343
10494.477551
10795.459882
10940.486362
10871.192835
10994.088047
11107.031646
10723.694781
10362.705533
10239.868888
10393.420887
10404.714236
10642.556057
11050.673901
11413.014493
11522.338821
11512.847442
11633.169530
11594.182781
11308.418581
11057.229271
10715.892464
10479.975087
10670.028791
10911.764200
10913.251680
10861.668319
10840.559142
11105.774552
11138.430723
11504.570134
11832.619426
11964.919058
11729.863848
11606.680348
11317.554165
11225.361315
11234.927420
10840.111788
10669.593084
10558.257247
10462.220688
10295.561696
10412.066020
10487.017754
10412.066020
10417.971763
10552.076258
10589.772099
10714.386432
11122.763583
11134.351712
11115.196288
11178.946917
11301.779462
11188.621190
11357.366266
11209.775897
11040.506998
10900.567160
10513.084876
10329.091616
10233.212900
10325.314541
10413.530180
10505.641649
10499.818529
10482.639345
10191.148087
9869.069319
9729.178402
9539.241167
9502.479525
9713.183060
9797.868261
10085.365929
10231.071653
10309.678508
10285.442388
10471.334143
10521.249417
10421.327729
10494.223648
10688.066754
10657.043296
10663.009813
11002.447001
11031.058739
10811.166777
10807.452636
10999.072550
11062.501692
10989.355382
11087.265496
10960.733583
10745.878575
10510.018700
10609.928242
10746.909225
10618.759413
10457.665053
10252.475506
10166.302481
10134.028756
10427.634034
10423.878458
10567.346291
10400.851730
10096.298954
9810.514525
9639.728017
9453.726449
9595.535087
9746.035023
9644.632376
9868.815794
10208.268401
10096.945119
10089.456857
10070.275051
10064.611814
9809.455812
10060.877109
10395.163517
10644.622026
10744.438629
10830.609280
10767.378502
10270.771169
10219.066149
10317.050023
10518.257300
10437.627387
10465.992955
10461.917997
10178.450684
9878.884168
9854.143811
9833.577624
9764.431419
9730.107382
9764.431419
9864.192700
10016.571473
10095.435483
10585.883511
11023.298211
11122.935737
11322.288002
11387.427718
10942.500469
10890.845214
10846.697484
10705.673151
10617.516907
10791.992164
10580.964395
10475.619287
10567.613896
10747.986226
10673.220058
10579.501623
10439.338311
10159.117741
9921.570445
9949.968169
10222.411556
10590.489712
10771.020957
10769.044880
10953.260734
10745.991931
10447.058306
10428.331857
10656.281684
10621.911101
10681.286417
10863.524466
10757.983101
10631.581684
10322.914536
10152.211265
9868.524250
9849.652392
9811.409675
9845.770797
9826.629445
9976.188088
10139.883566
10412.003371
10751.542519
11111.812174
11129.316494
10971.186780
10944.216951
10865.562057
10649.139039
10752.650963
11070.471198
11049.484594
10968.914774
11085.961021
11074.471395
10846.697461
10618.688064
10576.328203
10656.730573
10522.858401
10723.884387
10940.701461
10875.347264
10699.076551
10936.731162
10769.344882
10592.997916
10727.179431
10836.449000
10646.802879
10718.042058
10875.313228
11057.498946
11168.686561
11442.867131
11760.570910
12094.682780
12146.075727
12205.716549
12249.486817
12507.365938
12683.677709
12831.329630
12662.535136
12618.638348
12202.465886
11815.463328
11759.942512
11911.369306
12061.181832
12128.605569
12159.511275
12051.860678
12115.251631
12331.933619
12189.085845
11974.118282
11964.872578
11876.664411
11533.249040
11328.208464
11178.731360
10931.237554
10808.762100
10724.243439
10664.182485
10767.671117
10639.228664
10524.075841
10388.074298
10442.492538
10707.274232
10858.656873
10927.554836
10891.188278
10947.827610
10560.404598
10525.741615
10410.833926
10102.105399
9878.208332
10016.358077
9960.573251
9912.502357
10196.671516
10275.510322
10231.473297
10087.811636
10216.099326
10080.087951
10098.730955
9937.540779
10033.576589
9677.082509
9557.962432
9567.617076
9600.020811
9504.319793
9481.382055
9604.007234
9530.603636
9373.575501
9308.026847
9563.226918
9789.372960
9836.333224
9986.102681
10036.067538
10221.876908
10112.371263
10097.393751
9971.130487
9995.797298
9790.730397
9670.111301
9570.376203
9742.695335
9806.127758
9658.570736
9457.016931
9432.746264
9519.021614
9407.503509
9428.860084
9635.976885
9626.517048
9386.948233
9432.887308
9697.455961
9578.285886
9661.163569
9749.538436
9669.392563
9387.270792
9429.310458
9389.702828
9453.106492
9554.647515
9760.326071
9921.172764
10174.910638
10203.591863
10119.318680
10124.910675
10012.001113
9887.596900
9933.555932
9816.742107
9446.850131
9364.441869
9322.995054
9412.909471
9610.560634
9974.626242
10252.883627
10064.962381
9748.531878
9550.774703
9342.108618
9096.944549
9170.184438
9290.709662
9482.725103
9382.636788
9342.393859
9331.258296
9283.037660
9221.674318
9409.992843
9451.939215
9685.208912
9577.741378
9315.016296
9150.186326
9037.092028
8734.208636
8925.863493
9142.497935
9180.952377
9077.259050
9102.226913
8827.924384
8704.575226
8636.152144
8958.315150
9037.125073
9267.068059
9412.842884
9775.234414
9671.710339
9660.265673
9604.853499
9696.981012
9610.660220
9694.974906
9533.354754
9675.134991
9581.323040
9399.116772
9374.132754
9718.178456
9651.209366
9653.102784
9829.457237
9729.916883
9616.920143
9660.835612
9718.387826
9645.646107
9698.915132
9894.966737
9743.298639
9584.459825
9580.651951
9666.784196
9529.568674
9667.354523
9853.371611
9945.636005
10049.116439
10178.986200
10146.430565
10228.689397
10236.405209
10090.469343
9853.566511
9911.178270
9760.236276
9616.210051
9690.618283
10142.057677
10096.329047
10130.651788
10362.668052
10222.669743
9823.991403
9670.482296
9626.447041
9406.017037
9523.121470
9748.648081
9948.142439
10047.557427
10049.595640
10011.567529
9670.736536
9814.774590
9960.222381
10102.328264
10129.342401
10507.268284
10290.340817
10173.526883
10090.815433
10121.742538
9659.100704
9843.397294
10050.305510
10182.581907
10167.283643
10703.254492
10825.918146
10843.156439
10889.128608
11013.916344
10989.256582
10962.593827
10793.655912
10638.478634
10519.628802
10374.989755
10169.760344
10037.483176
9979.955001
10089.198260
10207.604895
10416.480288
10665.930808
10861.364888
11001.429156
10989.985815
10945.944826
10961.456032
11068.683709
10815.607742
10732.949744
10851.821646
10824.844568
10930.432095
11294.481646
11347.398236
11377.962214
11494.944940
11370.262844
11138.402729
11143.948536
10898.595631
10735.544279
10624.314881
10601.262732
10597.631707
10942.594581
11326.317500
11406.812424
11483.451764
11312.335750
11074.676854
10806.035014
10900.112159
10855.903644
10908.563683
10864.392327
10899.030500
10862.668012
10697.928398
10840.559131
10731.356289
10528.145722
10483.874394
10457.277308
10470.410631
10614.248457
10619.762241
10447.349545
10525.814791
10516.545454
10779.320237
10823.244601
10886.530326
10948.083860
11010.021950
11004.206564
11502.738333
11725.027318
11765.297867
11511.620907
11143.480600
10767.606244
10568.118485
10485.826634
10670.088530
10829.219353
10735.230619
11086.247008
11360.303501
11328.243483
11165.384670
11086.782286
10787.743785
10636.216284
10685.043314
11051.234493
11290.989741
11181.690401
11001.465378
10815.223702
10284.141718
9983.137382
10084.740234
10305.176831
10280.856509
10296.113430
10012.394841
9839.848085
9826.367016
9967.317931
10115.094215
10529.143182
10360.306113
10115.094216
10026.565762
9926.999924
9589.493188
9614.618595
9641.269182
9716.623655
9971.496987
10203.462013
10418.335156
10543.037616
10533.433273
10389.658711
10401.270324
10102.068674
9887.200033
9727.372182
9671.801287
9808.075677
10130.284954
10373.729278
10571.133764
10772.284375
10755.197470
10764.803151
10609.555355
10588.925754
10439.208510
10324.135439
10276.205612
10504.303004
10654.999222
10723.820962
10940.630328
11254.895779
11437.067343
11390.163667
11702.506035
11995.975082
11999.841866
12047.785741
12215.167558
11864.169120
11338.893503
11172.164880
10823.014738
10400.149468
10363.554935
10681.705051
10825.604153
10994.380885
11301.048511
11780.420806
11732.138538
11557.886353
11653.853122
12056.120233
11961.717309
12136.799409
12544.912817
12955.894053
12431.092227
12173.587488
11964.942695
11452.997557
10787.625259
10751.871554
10767.183513
10623.228525
10820.918679
10843.747333
10918.951205
10924.828363
10909.416506
11047.367513
11170.423785
10950.276012
10854.230384
10814.089133
10522.795792
10445.925299
10385.738539
10226.781582
10218.877258
10061.680770
9975.266720
10061.837842
9970.143667
10015.925225
10257.541446
10523.938637
10729.168825
11077.948214
11160.487914
11308.061177
11580.358624
11922.619251
12313.417257
12607.262121
12677.400633
12489.886130
12459.934736
12362.417476
12137.892300
12086.056820
11921.214211
11609.129664
11350.142700
11543.968114
11588.113262
11536.165086
11406.564914
11209.147404
11028.758173
10904.176064
10936.693016
10818.109244
10797.311505
10580.548048
10492.368949
10325.381910
10447.709143
10426.611400
10286.596772
10027.798588
10003.115366
10228.480379
10472.097055
10750.100864
10905.317301
10943.508939
10874.200719
11067.756965
11284.413842
11328.455322
11478.099289
11624.898509
11417.885602
11116.570804
11015.047581
10972.854113
10752.847234
10885.181532
11188.151826
11322.353412
11287.839143
11223.991224
11007.161175
10531.792514
10491.554819
10357.223052
10413.573569
10557.246242
10730.072443
11096.226385
11192.093090
11080.939452
10749.489194
10599.958971
10162.720790
10020.818323
9999.997056
10170.570006
10544.656207
10458.289017
10525.413571
10510.403227
10556.340658
10648.601723
11049.377709
11394.328888
11864.388165
11971.998276
11741.808635
11548.284074
11323.802713
11173.490091
11192.508233
11134.908560
11092.871068
11503.089880
11352.690749
11210.686338
11364.049948
11684.744003
11191.688017
11121.946189
11045.413804
10878.713344
10696.396636
10905.353992
11016.318072
10962.729018
10851.492357
10567.535428
10379.798173
10283.831927
10604.137170
10629.125418
10669.423207
10814.961159
10664.609290
10300.284704
10240.849350
10261.873420
10077.755326
10166.371556
10099.074174
10321.608668
10292.970200
10183.441875
9989.846514
10162.437067
9997.446075
10037.804409
10074.082933
10111.731861
9877.879307
9799.206683
9937.170898
10010.488925
10279.104321
10461.124363
10612.509583
10507.341072
10497.568141
10397.875702
10432.429949
10265.671789
10286.700742
10534.045248
10615.099886
10697.622597
10741.501656
10676.366427
10375.426726
10038.535690
9722.485185
9896.648292
10253.402457
10362.779517
10714.386432
11067.187734
11107.284628
10836.978588
10854.230382
10790.318799
10611.953018
10560.377328
10585.116251
10385.827054
10293.808325
9969.822719
9749.128809
9881.282046
9981.297751
9751.634267
9880.058039
9815.018419
9625.176378
9767.104854
10135.671400
10386.879451
10396.333956
10530.668017
10434.713295
10293.840589
10215.108969
10309.059412
10092.364102
10013.864637
10021.251715
9975.095013
9919.779243
9950.213069
9756.553139
9608.142797
9755.677882
9817.066575
9780.572361
10058.746545
10188.374685
10038.721102
9933.280020
9991.114239
9712.789878
9773.001051
9685.030748
9635.281010
9524.088434
9661.810312
9586.727558
9630.846941
9661.328921
9659.459546
9546.386541
9471.155795
9697.455949
9854.647363
9856.663906
9956.221760
9888.481484
9739.105261
9530.086510
9357.427243
9244.347848
9227.309097
9070.587031
9101.056040
9166.102833
9181.300872
9179.662204
9403.979591
9484.376199
9697.274192
9570.736883
9604.554166
9508.677418
9531.709757
9489.629297
9779.306415
9752.455903
9672.197932
9670.298166
9545.850607
9582.147920
9433.331837
9525.569810
9621.721631
9761.360611
9728.852773
10006.820223
10173.963722
10070.413725
10152.813407
10187.395081
10360.202782
10266.483430
10368.085027
10408.572279
10575.028448
10481.036424
10394.616127
10346.985623
10222.261251
10017.027599
9906.059909
10069.096862
10036.702823
9944.392969
9804.271664
9646.460974
9556.653050
9859.331970
10118.095478
10269.544120
10600.619793
10435.763799
10104.123649
9829.800888
9515.140910
9184.579651
9136.707580
9190.239964
9400.896324
9742.322760
9966.290679
9937.278517
9738.065869
9618.902462
9523.474684
9585.452721
9727.167008
9847.920687
9942.072014
10208.630765
10139.055653
10046.813762
9996.938989
9717.213450
9483.345061
9484.874094
9889.627221
10288.333712
10811.911013
10739.032349
10827.505216
11032.511094
11007.534918
11005.752033
11111.240345
10936.246093
10754.074986
10733.088230
10679.483779
10857.792512
11130.298645
10921.407641
10844.496180
10706.583068
10415.140720
10294.813004
10266.083005
10244.926564
10083.927812
10359.871993
10309.193162
10389.716377
10170.931716
10215.239039
10257.475056
10249.934630
10123.473983
10405.038619
10493.423035
10495.295590
10636.435280
10667.013233
10734.163697
10942.981699
10950.837027
11255.345056
11654.273827
11642.653219
11635.295454
11736.823624
11783.628214
11477.142832
11262.206352
10918.910582
10629.542701
10304.154391
10584.185040
10749.065991
11053.837406
11201.497061
11212.875483
10896.276707
10990.273229
10710.338792
10520.691642
10434.069387
10386.213122
10259.595398
10194.355178
10152.211289
10235.038495
10376.872334
10440.318432
10474.605867
10459.169036
10214.879691
10061.502366
9932.864420
10155.367494
10588.925759
10887.705985
11012.387930
11273.172803
11102.496408
10949.244502
11000.006254
11038.132375
10748.773341
10854.101204
10877.259219
10724.738435
10676.852329
10914.723589
10713.217042
10556.019614
10571.192700
10785.859892
10536.638384
10735.976412
10630.554541
10609.994499
10255.072385
10213.052248
10122.999732
10161.427132
9978.725539
10072.910871
9965.667090
9622.419613
9403.721772
9333.928795
9109.754951
9024.946685
9324.264138
9472.056363
9456.916769
9257.557140
9303.285824
9163.735411
9071.670850
9178.860572
9464.771655
9554.539670
9577.681938
9608.286193
9651.739107
9563.380835
9511.619078
9787.704537
9851.135619
9662.735814
9772.203973
9799.082988
9568.679309
9469.330226
9403.595671
9240.585583
9186.760640
9008.722543
9098.446705
9123.671193
9050.035419
8848.568855
8718.188329
8572.989543
8739.949049
8908.503048
9035.525109
9412.953147
9892.513495
10200.933379
10302.692465
10503.797925
10492.403194
10252.677929
9919.888669
9873.858837
10071.254310
10343.469592
10627.437994
10939.588894
11129.425080
11221.400252
11242.324178
11286.508508
11295.888390
11631.345976
11548.967480
11464.773537
11412.860586
11527.657139
11609.967988
11692.643939
11834.420349
11740.420411
11621.811253
11125.264658
11044.842488
10970.047261
11014.261624
10995.362814
11459.383621
11894.453127
11932.736188
11806.313127
11793.420493
11718.546456
11616.722702
11611.228320
11676.599305
11699.099722
11695.045564
11767.868929
11814.040638
11639.305336
11695.780380
11682.225185
11666.675098
11801.068318
11964.603334
12165.490614
11960.353335
11561.470323
11128.221564
11191.487206
10854.578420
10977.497786
10990.932534
11075.238542
11211.321765
11502.894449
11531.595341
11593.154139
11809.587560
11813.684179
11768.722022
11776.030018
11638.257661
11375.492939
11440.518141
11210.973536
10971.411481
10821.776271
11019.362739
10867.999634
11025.861511
11123.701635
11332.846494
11252.093430
11085.501607
10923.705713
11002.233258
11291.770965
11289.950123
11807.599828
12294.141968
12411.340064
12049.320352
12131.567891
11966.643963
11836.795820
11760.138876
11917.454881
11844.637048
11812.108040
11637.427445
11606.289265
11508.589215
11656.411158
11535.404848
11638.943611
11380.109279
11700.080818
11729.201189
11665.607621
11661.845154
12059.006760
11955.453277
11981.902065
12227.309171
12037.943801
11734.892307
11867.159180
11719.416742
11378.057936
11498.549477
11492.607787
10957.719682
10838.970408
11021.012154
10962.797327
11185.217481
11417.252035
11524.554070
11378.729063
11209.661230
11111.696289
10983.213498
10615.293102
10377.375047
10394.253874
10277.434869
10321.574751
10739.452025
10950.440661
10739.731779
10611.252897
10619.058195
10390.646635
10415.673525
10590.598049
10441.252962
10178.522452
10301.260921
10088.390296
9866.411779
9948.837997
10061.837827
9730.231347
9818.364610
10046.149349
10063.049043
10036.596639
10065.282134
9862.006616
9683.248862
9744.558884
9859.587704
9761.707603
9681.386088
9636.174470
9574.592191
9666.827075
9665.242324
9638.077718
9638.077718
9438.713293
9116.440335
9133.435714
9319.651320
9496.350579
9726.788933
9832.157795
9910.766502
9962.486841
9917.215186
9673.806054
9606.925858
9785.141525
9727.466535
9878.009113
10420.471209
10886.530330
10955.582194
11141.608573
10887.668042
10431.410470
10224.187291
10239.580356
10331.594194
10365.604196
10401.945569
10106.631256
9911.034692
9677.267793
9468.422351
9439.633958
9539.398619
9418.541191
9261.528705
9520.681849
9451.836760
9451.836760
9610.925807
9804.409980
9862.815904
10087.395715
10401.744093
10459.086441
10683.578039
10755.080348
10705.239772
10304.429023
10279.588359
10302.729017
10313.845735
10497.818123
10674.051051
10746.950488
10589.935977
10572.942771
10670.714302
10864.332398
11006.337280
11223.068400
11369.690408
11406.200831
11689.848714
11818.344868
11720.620661
11793.922009
11688.558749
11460.311657
11345.181557
11379.754750
11138.932179
11171.753678
11096.808920
11037.423466
10935.774099
10969.681524
10879.569103
10793.233443
10641.710052
10777.778769
10708.383916
10668.075310
10798.649096
11030.459040
11162.580855
11341.350439
11445.183836
11310.696697
11160.997410
10952.090764
10916.450675
10870.358048
10912.477644
10879.987910
10801.443803
10854.022344
10844.327227
10771.509737
10748.658769
10842.611970
10694.005656
10824.374655
10960.472578
11200.357094
11368.925960
11344.502847
11135.265744
10976.240394
10700.137738
10435.612697
10901.929083
10994.055986
11114.959128
11340.986401
11369.825173
11151.607072
11257.292195
11203.489659
10969.580747
10915.875225
10543.543868
10334.637928
10167.733042
10056.410777
10169.734034
10496.813222
10690.542984
10769.003324
10788.371558
10569.890880
10268.779509
10052.006385
9992.728010
10144.162006
10000.191040
9868.779584
9730.520927
9956.933898
9782.501572
10156.201275
10338.674717
10327.251187
10200.754071
10066.371347
9681.086382
9543.742979
9760.732473
9927.305829
10377.764061
10780.452262
11002.447001
10849.213314
10408.357938
9997.737915
9877.101097
9807.488429
9947.420508
10298.075853
10434.276274
10004.765424
9724.533232
9379.328334
9110.897019
9274.016299
9526.906639
9559.142994
9608.813139
9797.048073
9514.784270
9413.108464
9276.294239
9291.348774
9189.922269
9348.866872
9498.590464
9611.184985
9864.412296
9860.670548
9801.166855
9751.294327
10304.187945
10532.374686
10739.418599
10984.835101
11241.718227
10803.607715
10496.848318
10330.024651
10337.776714
10287.820596
10210.644821
10066.757190
10046.057955
10003.795134
9758.440548
9993.396096
10206.015851
10372.943860
10382.637961
10518.679231
10511.244802
10637.724654
10695.028685
10649.234549
10628.385512
10628.385512
10691.275817
10777.453693
10925.359113
11036.669215
11083.639792
10907.098951
10606.006304
10470.069125
10452.713992
10480.876386
10557.455951
10582.486585
10565.349520
10375.589989
10024.014692
9864.676388
9814.867736
9674.784602
9590.432601
9919.669459
10107.402550
10172.686155
10320.367406
10556.052159
10606.773498
10536.051122
10528.361853
10459.127525
10541.876548
10489.008083
10652.045054
10918.448636
11117.934948
10962.729001
10941.969636
10888.258197
10742.535746
10570.222989
10708.166856
10568.990390
10384.731004
10062.484696
10135.598301
10093.382091
10070.821803
10024.852229
10103.498071
9978.679920
10076.678298
10338.005849
10592.997924
10673.438223
10817.250816
10717.430458
10621.749764
10684.980329
10742.458890
10803.802692
10926.673771
11071.212692
11272.794824
11496.924906
11705.738982
12028.109242
12145.050010
12062.143513
12397.965476
12203.995393
11855.346790
11834.577114
11815.304669
11640.696308
11616.083920
11589.125913
11609.711094
11646.146697
11477.634955
11485.086600
11364.170799
10980.730889
10625.848808
10767.865357
10775.755062
11229.969490
11502.676858
11671.764997
11454.688239
11209.450765
10726.081409
10694.150688
10724.738412
10745.850500
11046.891871
11236.742795
11296.987077
11249.105537
11172.422041
11247.177043
11162.580855
10955.855644
10842.807475
10712.400441
10359.520022
10491.988573
10713.687463
11064.734743
11467.066350
11659.138515
11536.297062
11517.450486
11239.600138
11089.831986
11120.633362
11103.218280
10921.124136
11014.931137
10989.866407
10846.046084
11009.071596
11020.433784
10897.846424
10962.970767
11079.909949
10955.280862
11024.708462
11099.767007
11206.905797
11105.374852
11151.341062
11271.870778
11480.884480
11446.161408
11649.481587
11589.915397
11435.869216
11133.143180
10969.914299
10831.809434
10835.729811
10816.864854
10788.230330
10419.843707
10239.686584
10040.045271
10068.494276
9911.206625
10028.236835
9669.982002
9432.068171
9334.066245
9232.433143
9140.343353
9355.361074
9504.792163
9320.387641
9318.639979
9341.868515
9399.181052
9391.718252
9276.848090
9186.640670
9119.257954
9081.035744
8977.725457
9197.628932
9548.670157
9577.498920
9439.241569
9519.667435
9427.743882
9157.143647
9437.440280
9680.694666
9749.774193
9778.169909
9908.496190
9685.909984
9914.316960
9854.606006
9847.059386
9793.407371
9847.059386
9822.276298
10065.795926
10321.574751
10705.061026
10933.120840
10706.929327
10630.182018
10545.552819
10263.802295
10146.734400
10332.748469
10219.575192
10167.015796
10109.477178
9958.095482
9797.078287
9706.872530
9533.848672
9405.383311
9368.875488
9278.606279
9564.265257
9528.738382
9595.688843
9526.590980
9636.089467
9490.311118
9766.848414
9826.269196
10106.176387
10414.905210
10364.998483
10355.730931
10559.065514
10583.914434
10424.636557
10386.373830
10187.044769
9980.035516
9962.593006
9845.636956
9826.497411
10031.443826
10058.305312
10190.654110
10324.809576
10677.633789
10792.384401
11018.526396
10750.212077
10602.416457
10360.786336
10223.633530
10102.906274
10196.880609
10191.077150
10332.998401
10274.602211
10409.017412
10696.492452
10748.293427
10953.510700
11165.900528
11138.961490
10933.957502
11148.555527
11236.814677
11686.160032
12110.102682
12558.416061
13026.677360
13120.632771
12984.910472
12831.783134
12670.690484
12321.729837
12317.965683
12018.600871
11648.982240
11301.779495
11088.888482
10799.362780
10821.836260
10862.244377
10975.318976
11096.157557
11146.120496
11149.909707
11381.795878
11506.475213
11199.777640
11044.335833
10978.582796
10675.575050
10397.506627
10506.934809
10449.220168
10473.636224
10536.975585
10575.259908
10644.321722
10943.290753
11078.976522
11243.835634
11481.590554
11558.277072
11399.099496
11177.376808
11142.761847
11249.995437
11349.769418
11317.279857
11339.728785
11174.720956
10894.954319
10728.173284
10766.585121
10700.502464
10756.247026
10762.026837
10673.627662
10608.681675
10616.099811
10669.877875
10602.555138
10443.480950
10539.314028
10699.299153
10881.358814
11017.589511
11151.677545
11276.323094
11317.814530
11375.425388
11252.519190
11526.851524
11643.426216
11803.643619
12008.762378
12338.721482
12593.601439
12936.397752
13113.455705
13234.526572
13538.954832
13612.525140
13504.146584
13641.824494
13569.301287
13354.513130
13310.020485
13346.674503
12935.042889
12610.659333
12391.832176
12346.548301
11949.041991
11970.075078
11971.998261
12422.317462
12593.215189
12788.641338
12852.602581
12839.197493
12507.459760
11972.533129
11619.906656
11663.025089
11710.949469
11551.752397
11622.768234
11751.186962
11440.927636
11070.780171
11013.371378
10681.536412
10340.327087
10338.415899
10476.508965
10509.040103
10756.451743
10763.998609
10788.643764
10776.744452
10571.807788
10382.080232
10451.234352
10377.666964
10385.343984
10523.471224
10623.096507
10590.561805
10594.442389
10600.155894
10460.109406
10720.904404
10868.621882
10819.758368
10741.051222
11017.211421
10927.034360
11076.435072
11281.442099
11431.033070
11237.389708
11245.230946
10992.028207
10756.926527
10628.702812
10566.994333
10252.712012
10279.588388
10412.901548
10619.980143
10614.535310
10827.340717
11022.917987
10994.551608
10959.969111
11245.837999
11431.662783
11291.807827
11165.763819
10927.863303
10864.576322
10536.837116
10617.394114
10638.076404
10530.756081
10398.269275
10314.080556
10183.637016
10035.161182
10272.820341
10341.855842
10549.042237
10533.578802
10770.610951
10778.280663
10793.492118
10830.010700
10831.880426
10929.886592
10831.880426
10864.392343
11115.675532
11238.484005
11001.501712
11101.424060
10936.246104
10639.081422
10533.578828
10616.339621
10451.586910
10384.333708
10348.039263
10340.247534
10285.821018
10369.932865
10452.553912
10258.912496
10128.525751
10186.857833
9985.555976
9874.268780
9991.322709
10064.132186
9844.239389
9892.053499
9930.403679
9918.872312
10214.189764
10315.645941
10361.629507
10446.036815
10471.049876
10162.376342
10197.988955
10222.957112
10088.818540
10088.818540
10163.257042
10325.147228
10401.911205
10524.514591
10444.114363
10317.624220
10204.797358
10179.724024
10028.270124
10312.007862
10507.767771
10487.052341
10454.313329
10590.489716
10344.969344
10393.155200
10451.447721
10414.905231
10322.878307
10384.221272
10378.305513
10384.137568
10554.767799
10863.524449
10899.914200
10888.329302
10956.030944
11147.631930
11435.525779
11696.100268
11744.242615
11883.342580
11787.331053
11357.865258
11049.341461
10878.713327
10694.235168
10588.989791
10813.290711
11244.685938
11516.917820
11614.752911
11673.733137
11281.007433
10912.668065
10717.084636
10751.202374
10843.156456
11034.918655
10965.807390
10921.740209
10780.691147
10529.474482
10489.236273
10826.914659
11035.855856
11069.701432
11203.806526
11106.008572
10630.486164
10498.155413
10616.660936
10666.551129
11111.401741
11830.475228
12242.899134
12416.052699
12676.477113
12597.602371
12488.937430
12459.786873
12367.685544
12181.876920
12074.405823
11861.404804
11679.201239
11564.647661
11430.256710
11280.830061
11211.651403
10958.572044
11041.336808
11166.003233
11351.916308
11353.938952
11516.973905
11424.761962
11438.154642
11288.832984
11146.781164
11240.580168
11267.269768
11188.420424
11238.304987
11326.560935
11291.990318
11605.996958
11826.676422
12016.439026
12185.003326
12292.472076
12081.859558
11999.373762
11893.710848
11820.977690
11924.600195
11871.737571
11856.601416
11789.684877
11946.969258
11775.998257
11678.261367
11672.606519
11787.463023
11891.318742
11975.386738
12597.647167
12906.807048
12879.635090
12816.284063
12900.755578
12523.020063
12442.420381
12752.605819
12766.146183
12959.790793
12969.874325
12802.717594
12704.689884
12407.738998
12246.706146
12197.789643
12310.843849
12101.842649
12316.959386
11992.848284
11868.484891
11515.789319
11412.124102
11078.479046
10996.083581
10918.790924
10865.003935
10997.362047
11145.138914
11114.683459
11171.096008
11627.099172
11721.248115
12332.579812
12558.567200
12440.667477
12183.887187
12078.317161
11658.324574
11673.392475
11999.038034
12173.350435
12050.968181
11787.965301
11500.611795
11337.003529
11053.068044
11233.345624
11455.648020
11586.349544
11691.514531
11697.110348
11513.158673
11731.505600
11871.544464
11839.628185
11925.954507
12159.978775
11680.333052
11525.187043
11401.077791
11253.423914
11042.513443
11333.829887
11268.807323
11456.931100
11577.819306
11642.712701
11454.883744
11594.943271
11491.506421
11322.762896
11042.804620
11083.248694
11088.819374
11218.419448
11370.049935
11454.433722
11289.731572
10911.954156
10501.977611
10254.401805
10168.376927
10024.567139
10219.997637
10408.390177
10354.564591
10287.218274
10409.996200
10421.413953
10242.854859
10304.187926
10426.942806
10424.907330
10375.294957
10328.128631
10111.506355
10000.092983
9902.472359
9871.532590
9928.166815
10198.523454
10534.045239
10764.085642
11180.101773
11340.057162
11508.727813
11263.330462
11048.739028
10693.975642
10338.479534
10175.547135
10311.650129
10609.002993
10566.600227
10895.677132
11033.989327
10882.418575
10882.418575
10961.037901
10906.416167
11090.342746
11429.813807
11479.714543
11715.753303
11698.951504
11418.723645
11035.264901
10809.007860
10531.054756
10568.573181
10367.404362
10202.268256
10048.927824
9922.474772
9832.157795
10098.559411
10466.819337
10716.043739
10762.117942
10684.980345
10409.017415
10366.900985
10566.081664
10771.211114
10827.764488
10906.266192
10749.137175
10369.297382
10267.871098
10237.811257
10538.766513
10632.753073
10968.335976
11183.018255
11356.104489
11237.063691
11390.605986
11192.971824
11116.221484
11144.447231
11550.765789
11596.986938
11648.982226
11616.268902
11277.656713
10660.370761
10211.476709
10155.933846
10301.936039
10683.486505
10950.110661
11511.916369
11741.907691
11787.812007
11960.756549
12031.724649
11905.707007
11769.549374
11775.092514
11594.502758
11448.660009
11418.156479
11349.132829
11118.872209
11156.513019
11204.364039
11344.467965
11568.881129
11595.571147
11471.440070
11343.071035
11118.650590
10863.712878
10756.315423
10901.119666
10922.094607
10741.910096
10674.654626
10623.000854
10482.084930
10580.051082
11020.786756
11705.243925
12248.021748
12428.253669
12497.497445
12409.374073
12198.334787
12123.350474
12300.242520
12616.939364
12655.160731
12739.599649
12921.796684
12748.611069
12807.808659
13112.942990
13212.116559
13177.891284
13365.747073
13178.033056
13015.271138
12650.611248
12530.050167
12447.424193
12418.482577
12178.696637
12127.292693
12022.002585
11892.237769
11884.221291
12273.424625
12668.906104
12706.762204
12924.983294
13061.268267
12715.748504
12426.603816
12762.062408
13109.854967
13075.620815
13470.625321
13788.775935
13613.835293
13253.594533
13354.585973
13116.937526
13007.583434
13082.491593
12971.640503
12957.838261
12902.634894
12589.920054
12325.407583
12331.323969
12197.004253
12087.700540
12311.731189
12256.163554
12154.763178
12145.322742
12380.896548
12557.475452
12576.344611
12818.798650
13103.199596
13063.165491
13316.074101
13723.735670
13948.157902
13639.396881
13650.832316
13280.767942
13063.797908
12651.415051
12709.588479
12659.926529
12537.402324
12673.177347
12972.053916
13164.192430
13145.532899
13063.864798
12941.645364
12723.522524
12278.700431
12054.530568
11893.159503
11695.715856
11524.620939
11373.103805
11030.048231
10621.537295
10213.174533
10043.890261
9951.665436
10082.045341
10327.670313
10448.333274
10375.261736
10480.488662
10808.544037
10817.883551
10990.523526
11193.657526
11205.133482
11030.659306
11228.198189
11151.438202
11053.685980
11126.607639
11349.132845
11442.904101
11626.883786
11852.713096
11879.471089
11816.081947
11846.968191
12086.526527
12110.885889
12130.221700
12178.089761
12155.188032
11877.166020
11863.906014
11942.695686
12001.852794
12174.260251
12140.030453
12155.147740
12354.754878
12398.676862
12404.292956
12542.326125
12523.724468
12312.511697
12237.875461
12006.135856
11781.603214
11533.331815
11362.824188
11239.971684
11285.941822
11389.540431
11494.865881
11665.433004
11654.065795
11564.034010
11561.801524
11488.711056
11639.901905
11578.804150
11191.487197
10836.644244
10842.441453
10485.787741
10294.067669
10568.074385
10648.775095
10686.250785
10609.727082
10508.075989
10381.423427
10461.811393
10208.226485
10261.725524
10317.495659
10210.058159
9886.093053
9709.331752
9450.337331
9542.329534
9467.428409
9469.577026
9568.970317
9839.651370
9822.343251
9868.375286
9747.748781
9835.844725
9623.132982
9525.353873
9617.209417
9783.972000
9753.882658
9857.744269
9869.142282
9715.827823
9744.384021
9906.127619
9808.409594
9923.298439
10038.404224
9994.406261
9663.150636
9490.717701
9302.859735
9335.338383
9540.877993
9670.409720
10100.002751
10130.679304
9898.750583
9624.381403
9609.269429
9484.653662
9595.789865
9839.583842
10094.550293
10130.372685
9936.685222
9698.457522
9411.267380
9234.785312
9300.826060
9229.838232
9400.144357
9689.958151
9920.035691
9870.912191
10177.938467
10254.401800
10432.816229
10411.722682
10376.084414
10345.234811
10450.938050
10232.237898
10287.784240
10317.939006
10348.624061
10160.885966
10013.104270
9999.558271
10131.173932
10323.022965
10555.004020
10739.095905
10499.348413
10504.968456
10248.128836
10169.652647
10378.341759
10719.957266
10586.118915
10703.298251
10797.359957
10781.901673
10783.872608
10983.019861
10831.593715
10781.821603
10824.002545
11025.187767
11126.878568
11171.130187
11362.787833
11418.369291
11038.534471
10856.291427
10906.037634
10622.344794
10488.041715
10612.547063
10580.725462
10283.469876
10273.926120
10028.472537
9731.057666
9562.128918
9566.020857
9345.633411
9132.759708
9106.044567
9254.323774
9415.438685
9384.843617
9595.535088
9599.651846
9356.907225
9266.438298
9280.080949
9364.643766
9539.006229
9493.919987
9484.254275
9474.718425
9474.718425
9302.210692
9473.175292
9544.209799
9687.936610
9534.602860
9484.653663
9351.206858
9332.101373
9201.852780
9330.514593
9418.382511
9577.995763
9514.725755
9708.709561
9470.755374
9449.683080
9476.180330
9531.674086
9447.610878
9715.864427
9736.872762
9573.318687
9563.588402
9483.316289
9534.823164
9573.318704
9614.855584
9649.078784
9593.417952
9357.536252
9196.425090
9217.254734
8996.814587
9184.802158
9222.574587
9355.423384
9530.230633
9748.829934
9792.986550
9904.076099
9831.209237
9661.886752
9579.379548
9524.156296
9617.703634
9851.917980
10002.496241
10117.193786
9983.137366
9835.446626
9714.703404
9710.968928
9657.376095
9787.601869
10013.935395
10218.952006
10260.232938
10616.998455
10854.549749
10824.144726
10582.440645
10533.578796
10462.553771
10245.989792
10146.430569
10125.140639
10038.561919
9862.317764
9858.609191
9946.713158
10010.276687
10196.196438
10242.310108
10130.903432
9983.291009
10157.688943
10076.972319
10065.514541
10333.973659
10209.361297
10059.777477
9982.663875
9913.447465
9802.431445
10051.582777
10078.285873
9997.572281
9930.513430
10020.582363
9922.756190
9932.343895
10056.410774
10175.383855
10137.003539
10110.298338
10000.699885
9923.597251
9942.974277
9923.597265
9831.724701
9799.145018
9806.790387
9791.340691
9628.329235
9712.578156
9685.850576
9559.920591
9437.380517
9333.555411
9239.968708
9477.463433
9932.467187
10049.447663
10158.761853
10087.957959
9692.982772
9410.862409
9357.090394
9437.736142
9441.272114
9596.389196
9512.220154
9585.103040
9535.057001
9772.767577
9759.936486
9545.315108
9386.075891
9255.755910
9084.840091
9096.837644
9645.481176
9911.772088
10195.882477
10558.207943
10880.283775
10940.630291
11205.051497
11454.370199
11268.466839
11068.982520
10837.566058
10477.239160
10387.113968
10461.707814
10580.725462
10573.191081
10680.697503
10646.238759
10458.118059
10187.809514
10249.898647
10221.098126
10098.264990
10407.284140
10723.505024
10700.777103
10779.570251
10689.518396
10543.695073
10576.204924
10721.060659
10630.908509
10759.318401
10768.921426
10665.573822
10505.641647
10599.671778
10653.309836
10626.247748
10639.820420
10581.365474
10409.102508
10393.700859
10681.258078
10959.174149
11130.356282
11186.086599
10821.629839
10658.608169
10616.516247
10736.780986
10865.145249
11296.838244
11147.150406
11214.382871
10990.481856
10921.543520
10814.154354
10681.705036
10403.895236
10461.954328
10406.427852
10425.575780
10665.461915
10927.901270
11003.240410
10905.428005
10776.712864
10734.829564
10458.567933
10417.323923
10229.379938
10260.019977
10286.917042
10455.771627
10746.992370
11285.898962
11527.626939
11581.177030
11539.051420
11179.705020
11109.017741
11091.645030
11109.017741
10922.979665
10663.438758
10651.921933
10419.811730
10337.569448
10258.912475
10386.811377
10077.946962
10080.047909
10003.467258
10235.328864
10342.437114
10472.842541
10461.251207
10457.604482
10049.079142
9834.748833
9850.087795
9942.215357
10085.883409
10287.180140
10355.155942
10441.382989
10266.831967
9965.915361
10113.179090
10410.492225
10368.303769
10517.886885
10755.648961
10839.990083
10700.672923
10612.435972
10532.116642
10672.101497
10631.791955
10682.330419
10555.921269
10471.697205
10130.457986
10039.920177
10013.970448
10230.482537
10274.602220
10573.792661
10654.452768
10716.282768
10750.933986
10921.543520
10936.846624
10925.399648
10788.194443
10632.820348
10314.507502
9934.820586
9921.644197
10004.186670
10144.125505
10337.843356
10468.004325
10255.239589
10138.920335
10077.380887
9983.414068
9943.166728
10152.135413
10174.804636
9984.903673
9902.472368
9896.563831
9950.248401
9907.109006
9966.615020
10070.168814
10229.196505
10049.003928
10065.973862
10204.063537
10297.912661
10064.085928
9966.348494
9889.085650
9768.484803
9760.884984
9944.716843
10178.794354
10280.300642
10537.119814
10494.920285
10161.533472
10025.163776
10185.038650
9977.826149
9895.447449
9976.017973
10016.322344
9865.979510
9798.828558
9862.121428
10017.304219
9982.919800
9966.089900
10184.504519
10245.856703
10355.346098
10343.574589
10351.272222
10253.368176
10015.632423
9996.344017
10151.713289
10392.611897
10361.761040
10785.504439
11023.358380
11115.373850
10771.147081
10834.503734
10793.969632
10826.952605
10966.836047
11179.121321
11284.616628
11508.904139
11453.544623
11255.785597
11423.336712
11494.424547
11559.334136
11685.947415
11762.863749
11614.178290
11564.431913
11376.437465
11247.982348
11332.551415
11375.657942
11366.173380
11269.942333
11454.178079
11224.144894
11261.674415
11092.974874
11018.115960
10814.887326
11248.328262
11174.776898
11240.059076
11268.836315
11115.493332
10705.210005
10684.528891
10958.572062
11142.800802
11292.309123
11319.034621
11302.171935
11052.921761
10882.342743
10801.792972
10849.727534
10924.935773
10788.840439
10572.011574
10409.219418
10161.952419
10203.082037
10180.055267
10441.117685
10615.483443
10809.069961
10666.198286
10683.347196
10554.936372
10608.722743
10462.821650
10487.388069
10512.285045
10491.287007
10209.463010
10286.058750
10216.438511
10433.092607
10507.974399
10503.999244
10816.591511
11012.201564
10929.886587
10680.558213
10726.417673
10287.332962
10163.103434
10080.854893
10228.412210
10289.618498
10414.477742
10384.333708
10493.627568
10466.819330
10449.522307
10367.271643
10318.191787
9984.510201
10153.306279
10101.561048
10132.070741
10053.086736
10152.926575
10018.588402
10154.853570
10087.885025
10142.237008
10274.532980
10222.850348
10322.551372
10368.520775
10479.465598
10751.835684
10801.653699
10688.564917
10945.316269
10921.124136
10602.555157
10656.281676
10531.825595
10269.006115
10058.427628
10020.106228
10038.975666
10428.615460
10447.678028
10739.159487
11059.183612
11272.324209
11045.989847
11235.680874
11047.555826
10859.830832
10600.877689
10574.127662
10493.559188
10565.108127
10578.511349
10791.257355
10927.345097
11027.073651
10998.883126
10782.348279
10860.839938
10874.333581
10766.990535
10740.594854
10963.041168
10821.164602
10688.896958
10821.164602
10875.587292
11007.839428
11222.715576
11339.661918
11452.928456
11840.130145
11838.208594
11828.798283
11757.994511
11318.572355
10666.165586
10551.018230
10238.582309
10111.898483
10238.582323
10512.983343
10426.819196
10560.926111
10668.466924
11120.858365
11218.478757
11260.879507
11301.242546
11433.564944
11197.440813
11148.602561
11336.808446
11411.482828
11392.335051
11345.970439
11395.007417
11059.366291
10773.828521
10532.277265
10365.509879
10329.692347
10379.540302
10247.215922
10120.826217
10084.322355
10172.686150
10205.289874
10481.363112
10719.253415
10510.018696
10449.999600
10538.187729
10419.263664
10288.748046
10509.295776
10266.907699
10126.847528
10027.113437
10011.946082
9931.317851
10004.567576
10102.403572
10048.653095
9835.812025
9649.776799
9510.767838
9278.560872
9358.772947
9495.212188
9635.509513
9767.031409
9761.259793
9615.825954
9626.981335
9686.316228
9758.027285
10089.638631
10179.692437
10225.860203
10250.738681
10107.710484
9977.329624
10012.028991
10038.588182
9962.006286
9869.955045
9582.400874
9455.716350
9449.939310
9463.667037
9587.440114
9804.010895
10005.415543
9930.804411
9902.075459
10106.903251
10250.820271
10122.337887
10264.181451
10304.429034
10163.205004
9889.176346
9839.480496
9922.012573
9816.280462
9673.405435
9715.754754
9683.046996
9466.328436
9472.094841
9566.325194
9874.839381
10014.832365
10154.783720
10181.687184
10285.228714
10160.620738
10480.564794
10647.545272
11069.329082
11326.951619
11470.769122
11386.405779
11338.374084
11135.023335
10907.558939
10963.255132
10869.340468
10965.002700
11114.868822
11317.846315
11218.018782
11428.933024
11361.927023
11453.982106
11352.332985
11350.318628
11162.373391
11193.193274
11360.066395
11792.821832
12028.299681
12352.517898
12540.285889
12404.209440
12035.425403
11972.384125
11736.656249
11412.475085
11322.386371
11130.473397
11180.265935
11032.786998
11070.985576
11036.737294
11318.605606
11238.170889
11236.182707
11161.239994
10935.193628
10688.934882
10502.892297
10594.920381
10522.241758
10878.815126
11072.345369
11204.580886
11306.245062
11749.130208
11699.451546
11759.621852
11755.656973
11596.522525
11306.880106
11103.581675
11092.549518
11033.155497
11059.728829
10931.269473
10883.486733
10716.103656
10742.967105
10687.466353
10954.014502
10890.652806
10830.432036
10795.877046
10903.393670
10690.542986
10807.575539
10658.785835
10705.000911
10444.155320
10492.162673
10461.282985
10487.713160
10457.170672
10637.304309
10556.565225
10457.170657
10475.841588
10385.694124
10335.866623
10368.458740
10410.683356
10709.502853
10813.324274
10980.075803
11215.770775
11370.942387
11277.021365
11355.858015
11491.808491
11415.188101
11305.934947
11341.598053
11105.774536
10915.983243
10891.000677
11173.000485
11204.771523
11444.787076
11605.710324
11703.291786
11860.648429
11638.778352
11466.046500
11339.594214
11142.133340
10808.575653
11141.346371
11170.258974
11074.408901
11333.124177
11630.420210
11427.165685
11358.074390
11323.617581
10995.812255
10543.337969
10671.041454
10801.549131
10859.025411
11227.313585
11486.067938
11559.220776
11584.176777
11697.403993
11480.884480
11507.739508
11466.106125
11441.312982
11362.787814
11483.480742
11744.338360
11881.588534
12013.978846
12218.726860
12115.314179
11628.478557
11408.341236
11216.613958
11232.181635
11233.858647
11415.911769
11389.751428
11612.207836
11370.440544
11412.714417
11291.990337
11145.272097
10926.768617
10884.485295
10951.545740
10918.910563
11112.618473
11243.016703
11369.656000
11191.386397
11206.618137
11171.130204
11123.019959
11007.839446
11000.396222
11138.402729
11093.215840
11051.001661
10991.580258
10895.614708
10667.493558
10648.809177
10650.498692
10779.261865
10809.743853
10738.904144
10547.021003
10301.785549
10123.405689
10037.182709
9929.670910
9779.414049
9658.510761
9603.067620
9468.594462
9546.917422
9782.345785
9741.973707
9682.621589
9747.961313
9663.117092
9514.640800
9748.768024
9750.685695
9758.535133
9794.502088
9822.957815
9845.907390
10083.778079
10212.104268
10288.748046
10324.601150
10341.855846
10182.714416
10242.342378
10616.066242
10729.058931
10661.871690
10830.502712
10748.075831
10383.879490
10242.775358
10309.788646
10457.573637
10484.235267
10560.926070
10848.966834
10996.437562
10957.969574
10848.966842
10888.938233
10742.270210
10742.270210
10692.346823
10719.459912
10822.702089
10775.929953
10797.022081
10912.055650
11281.853655
11184.157865
11120.323865
10915.211034
10702.232716
10600.651145
10673.465080
10601.997554
10513.778336
10368.210421
10034.516238
10002.077593
10176.757588
10176.757588
10236.257086
10585.116251
10801.933230
11119.716769
11367.246521
11447.594716
11522.369395
11395.772758
11294.129913
11309.707303
11555.217834
11476.526461
11547.520567
11605.764984
11722.656831
11874.268371
11998.814606
12359.374686
12494.783944
12676.657611
12619.155278
12887.564754
12752.955200
12738.445339
12558.101935
12431.487638
12130.613722
11752.607673
11322.255541
10944.338864
10921.516266
10787.340545
11024.902677
11192.368643
11489.440565
11627.519376
11673.392475
11449.248512
11507.773587
11601.788348
11457.857720
11691.810022
11841.108639
11938.898095
12030.913286
11892.991660
11833.622568
11860.485821
11851.332055
11833.793243
11964.533391
11739.755883
11620.803027
11856.100966
11800.427994
11553.165299
11524.313348
11512.879891
11266.555026
11138.106707
11291.397791
11540.577719
11649.859758
11397.949528
11445.876428
11597.292954
11233.092861
11161.852129
11259.885082
11233.092861
11033.778455
11146.781148
11037.453758
10911.675828
10767.638659
10779.291274
10794.233048
10631.498243
10554.461946
10451.013578
10226.710090
9973.488406
9852.533110
9815.048216
9717.380223
9859.152941
9943.459487
10000.866872
10123.370950
10205.650462
10060.174405
10102.179235
10345.595903
10298.437059
10323.595382
10549.863630
10799.124794
10933.334115
11053.648707
11182.220081
11172.651082
10932.812545
10702.777770
10785.504421
10720.452726
10584.280361
10605.383080
10662.785195
10561.163551
10616.846349
10436.618161
10279.476051
10210.348945
9928.270715
9782.618966
9842.027490
9924.339216
9692.530837
9632.324200
9477.058757
9735.946341
9637.991857
9881.369163
10073.450496
10215.239037
9985.215712
9845.219572
9609.228179
9466.380003
9456.752179
9583.604229
9761.596074
9815.350102
9909.571830
9840.382205
9644.934242
9524.223662
9524.223662
9697.081997
9599.537063
9670.255848
9796.956990
9685.574037
9388.336201
9426.960217
9407.340538
9610.813190
9886.887744
9819.251959
9888.093888
9976.471676
9629.355791
9546.735226
9821.605222
9995.904640
9946.180062
10179.986292
10138.011202
9989.331222
9893.394329
9916.344411
9879.870586
9766.958215
9783.666072
9644.129013
9434.722235
9352.330544
9494.270143
9505.476778
9695.371593
9772.110956
9797.199672
9862.261844
9880.954896
9716.276164
9902.200748
9888.563448
9948.276411
10006.267933
10104.293452
10104.293452
10146.506899
9958.570177
9847.466016
9916.439499
9916.439499
10121.742532
10181.189098
10138.054627
9871.198740
9748.737586
9493.779073
9374.720543
9478.122493
9779.465589
9909.781609
10059.264818
10283.469870
10263.060033
10210.931121
10263.060053
10352.751466
10542.974710
10779.739114
10835.421305
10846.829588
10760.773889
10559.476195
10324.171627
10191.896947
10092.109319
10126.712538
10146.091412
10245.546909
10383.725221
10471.843457
10162.978368
9963.601559
9961.731223
9812.110564
9704.727387
9750.895757
9814.245213
9825.508716
9986.497450
9865.804564
10241.677995
10461.846542
10467.521439
10187.716678
10429.333737
10379.409112
10329.580118
10248.771845
10427.106729
10256.501908
10055.286893
10108.777301
10187.747746
10066.757172
10139.883582
10135.992537
9980.816397
10164.853733
10366.506233
10460.228891
10632.853593
10695.973386
10566.277227
10539.371754
10336.237874
10374.775736
10560.569587
10517.409741
10532.642109
10929.743755
10965.937708
10862.499696
11007.195358
11116.428139
10880.627790
10602.555146
10328.475191
10099.031511
9805.617355
9686.615690
9599.027034
9592.836895
9485.484504
9679.272397
9790.544434
9888.168739
9922.813684
10133.247306
10047.079356
9943.592627
9884.573653
9886.219977
9844.847812
9668.416532
9564.628492
9547.290266
9595.455548
9578.256113
9570.870321
9710.933041
9546.089021
9448.491440
9461.157673
9892.771362
10015.485368
10224.360901
10210.897982
10081.240547
9770.793158
9718.631593
9678.670793
9554.000887
9527.495919
9677.340736
9717.598367
9884.660951
10139.444921
10150.553289
9955.163567
9748.153178
9792.167181
9895.509108
9844.909653
9879.030051
9833.319975
9632.065796
9616.698622
9971.991830
10211.596775
10259.657495
10319.046771
10437.913483
10451.306214
10591.116847
10783.034461
10828.923431
10784.799485
10799.782911
10780.610513
11052.921780
11311.837818
11388.344244
11514.342637
11514.342637
11211.402507
10787.898155
10542.566042
10213.333902
9958.356173
9911.924116
10178.859217
10259.303560
10170.669862
10021.285996
10186.265960
10134.379672
10184.323419
10287.710814
10759.318426
10654.072870
10721.060659
10619.443324
10828.234533
10531.095860
10619.240522
10864.483493
11016.012459
10803.574965
10786.309272
10981.939621
10776.513863
10696.159265
10634.149996
10793.293263
10618.929680
10643.670939
10524.779880
10434.563325
10237.170220
10106.699204
10066.371358
10254.266789
10412.225161
10560.128165
10538.895799
10513.856036
10605.918047
10523.298431
10262.645163
10264.368798
10130.343747
9955.650976
10096.815865
10179.232779
10108.229518
9960.414432
9786.343921
9560.449154
9491.308916
9531.709765
9550.709619
9686.777863
9816.704754
9998.942254
10017.985966
10240.504107
10355.671670
10464.696913
10581.400085
10742.613203
10882.673021
10853.886782
10957.248761
10811.589078
10663.949324
10495.144600
10452.969167
10234.924634
9995.128127
9950.926874
9974.014622
9723.027864
9673.947186
9723.775586
9574.206539
9466.767660
9516.856102
9524.491026
9681.634560
9915.606097
9829.193757
9769.841454
9670.193709
9340.371836
8959.016379
8855.320396
9165.798022
9387.810633
9704.168104
9962.871194
9947.741959
9698.104100
9551.516458
9553.634859
9858.576891
10264.861819
10504.513121
10664.492635
10821.600942
10704.847416
10547.505390
10568.573205
10600.526745
10368.520772
10312.839441
10395.163521
10151.829168
9986.409846
9963.293916
9794.379995
9781.182892
9982.663870
10046.539807
10115.524739
10190.323952
10063.706067
9973.647295
10046.899503
9903.080648
9772.671160
9590.570208
9412.390054
9303.042511
9358.442326
9604.295045
9985.934234
10148.792008
10259.718844
10570.557483
10612.399780
10639.408222
11089.865302
11191.587640
11080.254947
10888.541299
10595.201704
10278.919583
10267.664526
10210.087561
10141.088775
10154.464766
10095.205819
9944.512900
9898.674376
9892.802966
9959.725858
9804.374827
9689.984806
9852.713419
10111.704041
10357.146671
10585.179504
10859.904945
10967.350775
10978.867052
10813.897389
10808.248414
10738.601292
10546.742849
10514.092219
10596.669092
10707.967838
10679.760505
10675.877199
10869.515731
11162.664933
11122.500053
11261.709767
11424.682144
11580.056944
11426.637598
11422.853593
11276.052794
11249.307030
10911.928107
10748.884953
10633.731513
10637.550310
10700.672923
10641.283202
10652.899191
10666.327608
10632.507754
10592.163767
10605.609851
10622.815218
10465.684186
10602.768436
10426.485757
10581.620883
10641.168161
11199.278167
11178.574595
11203.489659
10931.052639
10885.181546
10471.085139
10273.513755
10143.180797
10158.490723
10146.922544
10229.379967
10359.197859
10543.367313
10560.541787
10472.378334
10525.925274
10479.047776
10319.851707
10542.492003
10620.779540
10523.184090
10647.329618
10754.599943
10522.763957
10403.792633
10388.443621
10151.364578
10155.232064
10249.253088
10312.383240
10237.811233
10284.866805
10392.210749
10428.649592
10572.228006
10727.667304
11005.995618
11029.037202
11299.446814
11326.281349
11253.233979
11147.804233
11119.210836
10701.099439
10499.856709
10574.672854
10296.382206
9872.582559
9746.073378
9606.164675
9278.015211
9208.613592
9402.449855
9774.212392
9962.158185
10190.399213
10402.908165
10333.973661
10061.578670
9875.672910
9679.880363
9666.805486
9781.987541
10163.230886
10261.043238
10301.673356
10243.122279
10335.296950
9999.621140
10231.710366
10434.906259
10547.824845
10612.823892
10703.123508
10534.300277
10427.024893
10451.552296
10303.831703
10205.890940
9998.942242
9826.367017
9632.644405
9536.734364
9456.214421
9544.531134
9653.641056
9849.309904
10192.608343
10384.277253
10580.082316
10798.649096
10915.104911
10656.134542
10527.762238
10447.243409
10226.851789
9957.919110
10023.074961
9963.443736
9750.721212
9742.854056
9493.124067
9220.539475
9299.448755
9466.121053
9538.927075
9997.819251
10384.980562
10350.674722
10482.859160
10814.562822
10927.345075
10860.331978
10844.798852
10735.645697
10396.199822
10416.905653
10533.902048
10664.376241
10804.194645
10861.787411
10884.369196
10832.543687
10888.186580
10732.984531
10830.680781
10890.876485
11153.579396
11214.901870
11262.814730
11297.280940
10956.952591
10815.072915
10807.575539
10792.109712
10770.989715
10791.681601
10678.748072
10862.709585
11284.413842
11587.628353
11615.819682
11698.328021
11648.543494
11571.691797
11496.588055
11679.101538
11604.484262
11520.030632
11381.992190
11249.655509
11108.634937
11047.133224
10895.677164
10934.171705
10912.818436
11031.367931
11046.804068
11273.141448
11129.425043
11209.860781
11268.269155
11294.751106
11039.970078
11160.707745
11007.297703
11016.807510
10708.166846
10712.002930
10493.321225
10376.390131
10056.568540
10150.553280
10018.192630
9949.240117
9903.186641
9814.928517
9694.163377
9721.020746
9684.570683
9510.155096
9583.570401
9587.137763
9445.152990
9345.831255
9376.277035
9227.458646
9258.178690
9467.182974
9536.408461
9632.324195
9697.939295
9887.769731
9790.124196
9936.113602
10114.235030
10469.660276
10484.945570
10655.667943
10885.700522
11098.551944
11075.767081
11101.167897
11214.094296
10809.392338
10596.627610
10431.167437
10793.436647
10944.857519
11117.458876
11046.595979
11206.426062
10976.276445
10682.835839
10750.137817
10867.083356
10902.812277
10672.793388
10831.809415
10879.794155
10814.562831
10761.996521
11018.793977
10932.457760
10692.898339
10694.665998
10581.821318
10419.051720
10570.652304
11044.120803
11051.694483
11061.107142
10955.683887
10925.046716
10650.686738
10844.361132
11096.465117
11224.870015
10879.826348
10628.822910
10402.385786
10020.650732
9955.458666
10083.964574
10070.516066
9919.085648
9841.898036
9746.035007
9786.511008
9889.924500
9608.027780
9577.822057
9541.558269
9380.089679
9456.983354
9878.658187
9893.927840
9817.205447
9882.315515
9880.493020
9926.671847
10182.354290
10368.334809
10529.305092
10573.477203
10479.498295
10289.392995
10153.458841
10036.702801
10097.689565
10197.569178
10255.860243
10489.742188
10575.961387
10365.134738
10370.736664
10690.633787
10606.097779
10571.646526
10552.475571
10414.515032
10141.785434
10155.198031
10112.839136
10111.237460
10072.910850
10042.965927
9887.264437
9837.423153
9979.477784
10205.620767
10299.545888
10495.219935
10570.257931
10485.748802
10238.415606
10293.078338
10179.692438
10024.567128
10030.222663
10264.121448
10296.075735
10363.231072
10501.372049
10443.693859
10217.568004
9973.037858
9722.013673
9553.203672
9658.630188
9813.906538
9902.292139
10207.006531
10444.914089
10433.362359
10433.362359
10461.443076
10198.853636
10097.187862
10061.037290
9828.870356
9723.481769
9761.707621
9671.664794
9696.730857
9823.213637
9928.482998
10149.037916
10150.873672
10103.064473
10120.430012
10037.646084
9862.911943
9822.782157
9847.616040
9916.570874
9886.646236
9859.727769
9623.905087
9407.100771
9156.474306
9266.851482
9506.847147
9782.817146
10210.377973
10536.413797
10589.177641
10504.585446
10527.722497
10249.684467
10188.212095
10051.099005
10083.662435
9974.181969
9886.219986
9809.412979
9841.322486
9768.674763
9991.079042
10165.521956
9994.759176
9836.675011
9994.115807
10005.450365
10212.628862
10406.131849
10590.561806
10431.477554
10580.909369
10523.471224
10538.831885
10717.271661
10828.701750
10861.220305
10964.693532
10982.088264
10854.127189
10863.803533
10539.576779
10305.724855
10242.639540
10146.657768
9830.194915
9851.508658
9782.409584
9818.739602
9779.465597
9838.802812
9972.953747
10331.410946
10515.491717
10692.172067
10736.309299
10770.927382
10851.492342
10642.443990
10540.818048
10709.502872
11022.322575
11062.602896
11208.203174
11189.346202
11043.680467
10974.621118
10905.540397
10865.109445
11286.546085
11704.669910
11478.221923
11232.965628
11328.632964
11039.082141
10966.286323
11060.056727
11131.049022
10966.286345
10996.437597
10848.966867
10609.194388
10447.953573
10639.719203
10523.212722
10321.880263
10156.767391
10201.073571
9825.287548
10050.951366
10250.304074
10560.831866
10595.366066
10839.011449
10660.328831
10830.897524
10800.226571
10619.884514
10504.888927
10369.435225
10026.233332
10130.099179
10467.272944
10726.156504
10996.956743
11367.246521
11436.092002
11422.751230
11432.219598
11398.442518
11206.618137
11012.998710
10821.283060
10562.421782
10492.880369
10638.553668
10575.192790
10506.352750
10596.375536
10692.129641
10634.784967
10947.443785
11229.081185
11413.217219
11424.483113
11478.148386
11368.925940
11390.041243
11393.845443
11465.331327
11304.341423
11653.385210
11639.604624
11411.698810
11419.076149
11697.064098
11401.721947
11386.598438
11883.219743
12033.687281
12162.079123
12135.153077
12185.003326
11744.176509
11488.445061
11250.422180
11340.569838
11189.153756
11265.846025
11354.298758
11337.113883
11281.325071
11482.842178
11624.743983
11720.583345
11851.232942
11937.234629
11752.944709
11601.866353
11590.218091
11609.487579
11530.976225
11515.745312
11665.161925
11625.607582
11200.178139
10906.600288
10772.284373
10597.926876
10379.798182
10527.439314
10646.453263
10655.901125
10535.103740
10428.029900
10387.641242
10757.592757
10922.530834
11039.526111
11141.112476
11146.867915
10690.573511
10452.745877
10308.959055
10299.354067
10320.739527
10314.873141
10552.588316
10828.775430
10832.438769
10817.123916
11070.324659
10911.375524
10650.215735
10526.149884
10541.694224
10274.986124
10131.173932
9876.415911
9742.601720
9583.768629
9543.233555
9782.930292
10197.189896
10103.183437
9878.543005
9932.436528
9761.679190
9748.503186
10188.341547
10656.222692
10840.328207
11049.484613
11062.893949
11153.095649
11181.857430
11116.498977
11013.079368
10909.493562
10565.451025
10682.146374
10908.563693
10925.976693
11027.391174
11053.799174
10800.766610
10609.118762
10610.885539
10656.730573
10916.450693
10975.811519
10818.564867
10634.586449
10339.206592
10030.878932
9511.277033
9319.395581
9282.985526
9257.984583
9504.569742
9851.707050
10117.973732
10240.849370
10420.906517
10475.581976
10419.843701
10368.241589
10243.419600
9999.933914
9636.970055
9654.299013
9525.862508
9525.862508
9525.862508
9640.690033
9828.602700
9830.377705
9922.530583
9957.028028
9817.732461
9741.159838
9971.313162
10120.889324
10508.176435
10824.074821
10837.335874
10597.795736
10724.243438
10586.118949
10706.625816
10629.945918
10814.024625
10858.157151
11053.648688
10927.554820
11180.680799
11336.368135
11232.676561
11100.521070
11088.922918
10962.493393
10968.264163
11100.767569
11144.483900
11123.902694
11192.863185
11175.413414
11183.297445
11139.082073
11355.606692
11367.189255
11399.529660
11274.931822
11000.834522
10765.947099
10704.517396
10558.744456
10604.779053
11099.423742
11355.192692
11426.067621
11700.022403
11841.814753
11757.994536
11624.385998
11821.564962
11770.162261
11538.043401
11566.436443
11654.998065
11699.332665
11539.952327
11638.070962
11636.193922
11671.945313
11451.116327
11449.141497
11410.919811
11384.064323
11303.147588
11416.137039
11471.778796
11316.677994
11138.346120
11130.626285
10799.069484
11140.213861
11512.429585
11654.194359
11712.248828
11836.991621
11572.663201
11248.558755
11135.172322
10996.265849
10973.155987
10750.818807
11040.321171
11082.572750
11093.747940
11160.783006
11366.269736
11128.339474
11270.021989
11215.555086
11133.430164
11384.302908
11468.803818
11457.285047
11636.155558
11958.044528
12023.232957
12216.768329
12051.811718
11805.582366
11521.920728
11117.140074
11007.839428
11178.626858
11500.314582
11862.538610
12184.717277
12349.509082
12395.588528
12399.267070
12136.799409
11981.322044
11511.663592
11260.430504
10987.935633
10943.435053
11066.359653
11871.544464
12214.951358
12408.518385
12227.735499
11844.852894
11106.559662
10809.426019
10444.698020
10690.186709
10977.662650
11305.671141
11644.854903
12184.689275
12318.828569
11958.565536
11638.378026
11321.904120
11282.147988
11215.171622
11493.268006
11502.800250
11813.566674
11839.706305
11705.387089
11690.166886
11941.274332
11575.040325
11458.666032
11916.814885
12200.895567
12198.535365
12781.976315
12958.002588
12613.462608
12363.816228
12584.183194
12304.373355
12011.139137
11847.977275
11710.262165
11328.455341
11094.644171
10951.650579
10945.903644
11014.989324
11356.383811
11517.307648
11998.845968
12201.960243
12290.349752
12188.641968
12317.313804
12439.101904
12385.834092
12270.365770
12182.505594
11932.956539
11397.117636
11358.758376
11445.307936
11309.078382
11146.082176
11140.213839
10693.647706
10474.967199
10455.887103
10825.872484
10950.077406
11417.991828
11609.518009
11737.882162
11494.626609
11596.055094
11743.849059
11620.861864
11350.472289
11266.365042
11196.695196
11081.508228
11071.978478
11273.394435
11327.110719
11278.234472
11435.525779
11782.442965
11809.161717
11895.680253
11728.333097
11503.829400
11486.708260
11534.615074
11632.132531
11955.809153
12034.324964
11829.339937
11733.342924
11658.647278
11543.968114
11574.411428
11612.864476
11580.358624
11478.511351
11467.182934
11455.850837
11400.241460
11377.348332
11233.503633
11037.861326
11103.003821
11200.985640
11266.127385
11302.489162
11639.108659
11708.539690
11920.929576
12269.926936
12614.647564
12523.092290
12551.890274
12541.953958
12319.469333
12486.726441
12505.663449
12175.416300
11943.600367
12049.162020
11834.266283
11870.047243
11940.902396
11906.563055
11762.782911
11858.363472
11892.468883
11800.358695
11382.362392
11330.276270
11154.035631
10804.227990
10927.062715
11203.222676
10863.803530
10698.981563
10708.353662
10447.550803
10096.738642
10376.596825
10384.249230
10297.740569
9992.922832
10194.146565
10015.888764
9718.467391
9654.743895
10172.464658
10249.179955
10226.289245
10555.854994
10709.998488
10667.946325
10850.063811
11009.154568
10850.063811
10833.086920
10650.882941
10438.098950
10236.880249
10503.385805
10757.195784
10791.758849
10768.648609
10910.834088
10691.887112
10962.900925
11396.146024
11693.442701
11620.498745
11513.188431
11005.463726
10700.435213
10775.558550
11026.516086
10953.749927
11036.528370
11057.469119
10681.564177
10474.524905
10465.042656
10209.395458
10036.876430
10027.072176
9990.791547
9994.501750
10018.819024
9808.106166
9606.846138
9769.768117
9905.792844
10071.292636
10473.855283
10765.642771
10644.578240
10776.623227
11002.587005
11150.339509
11376.510465
11637.534227
11738.710090
11558.342362
11464.507240
11290.012514
11255.248993
11583.207465
11746.967515
11695.114912
11733.385225
11741.129312
11336.750989
11178.600748
11046.308247
10858.382459
10733.737668
10898.660182
10789.510077
10745.480938
10785.681108
10714.852355
10532.607982
10684.948901
10775.331811
10705.985142
10552.588314
10422.340047
10488.041714
10492.023633
10606.813504
10681.619985
10610.785782
10482.890159
10429.268577
10346.902632
10335.329210
10419.563571
10357.607601
10246.323297
10271.254728
10004.732116
9809.165948
9801.775969
9845.737072
10127.582875
10467.002250
10643.361457
10600.218987
10715.306340
10523.471209
10322.192759
10143.842650
10138.351990
9998.281715
10049.980260
10389.420520
11185.132702
11431.363754
11912.661321
12215.626760
12040.980599
11456.353760
11426.319427
11113.965875
10854.637404
10749.489192
10795.328667
10720.359477
10666.551148
10691.336974
11120.921071
11306.808683
11425.469733
11528.913413
11404.505730
11009.280586
10733.293132
10408.257235
10223.794794
10130.099175
10388.838889
10490.390360
10932.115132
11055.104056
11426.989214
11465.363651
11553.634784
11429.335312
11450.434391
11072.850801
11045.989847
11304.944869
11327.334679
11452.105312
11605.536676
11578.605581
11465.428005
11574.311887
11421.041996
11685.721113
11743.246790
11745.117723
11553.417257
11457.515594
11273.362425
11248.520589
11012.587723
10869.720862
11013.541434
10871.473047
10848.833646
10898.499334
11114.868822
11193.268544
11371.439489
11264.080155
11224.084514
10996.503409
10714.645446
10731.904109
11013.793709
11182.519136
11364.633345
11524.020639
11314.875169
11002.482176
11092.622884
11276.769461
11476.357364
11685.440485
11831.068993
11587.686675
11341.065883
11095.732908
11061.155166
11097.591770
11130.212541
11596.557757
11892.115102
11751.650258
11587.302508
11561.887548
10982.829822
10656.730573
10754.721336
10539.762767
10639.651256
10564.515318
10738.968520
10698.791845
10752.387879
10593.239319
10882.846168
11051.476673
11260.542883
11500.352108
11622.994336
11622.994336
11314.058497
10997.650661
11007.365695
10963.362890
11012.262534
11177.287631
11541.412965
11491.568555
11524.206018
11181.980764
11197.158229
10921.269538
10911.764220
11143.608265
11517.661013
11571.655423
11755.553236
11874.566591
11930.148726
11866.115556
11975.299948
11965.725305
12147.766415
11534.442050
11305.133550
10971.299144
10632.000670
10208.351185
10397.937574
10411.230090
10495.524683
10589.580713
10654.889511
10886.668733
11232.837651
11305.701512
11136.870546
11046.715872
10868.513259
10501.842651
10375.328056
10580.445826
10622.538337
10595.612333
10631.374634
10683.066159
10763.560308
10991.877067
11338.932916
11197.711587
10885.370345
10653.385960
10317.844946
9815.381410
10038.945938
10232.867300
10482.196302
10763.872566
10681.481130
10363.714034
10267.939493
10162.496436
9907.406150
10104.888426
10383.379462
10454.068239
10408.452838
10525.006523
10594.232157
10742.652180
10815.530288
10740.790162
10614.374950
10769.520293
10803.375392
10757.295924
10584.756083
10437.105355
10377.634644
10315.645934
10401.945555
10482.509192
10716.312674
10643.463365
10694.263133
10493.016201
10680.960132
10701.867914
10813.324279
10591.267371
10911.705834
11175.917681
11181.898751
11022.849933
11034.119592
10924.724190
10698.601388
10815.376234
10738.772745
10966.242949
11121.430512
11110.219345
11198.091532
11263.363600
11041.466121
11047.164958
11292.718114
11492.021666
11699.356819
11940.003518
11911.047185
11596.663423
11370.351863
11453.031964
11428.397600
11386.325264
11598.992787
11727.721078
11901.838059
11951.017744
12175.062543
12397.822389
12455.063589
12420.915689
12731.228805
12921.140458
12852.129781
12686.962834
12602.909136
12521.742887
11909.810800
11689.517143
11775.782258
11961.322069
12172.677987
12646.200031
12795.650537
12910.444275
12644.454502
12365.912410
12306.214384
12310.424880
12311.908561
12448.072360
12254.749708
12279.382195
12444.348305
12454.637806
12271.572080
12237.875471
12101.811758
11831.534283
11484.240528
11409.567028
11332.735901
11334.234031
11555.105686
11642.917223
11693.075242
11676.427807
11561.126034
10955.147603
10692.302404
10529.371727
10320.818685
10297.710572
10403.231641
10338.005851
10190.361737
10259.839950
9964.820649
10146.760380
10169.862278
10319.275833
10486.806093
10682.077200
10549.996092
10858.692528
10822.089941
10545.795756
10432.659251
10227.605596
9926.607249
9790.355921
10111.870622
10188.510785
10495.371561
10470.591591
10619.915962
10473.294378
10799.300399
11138.678389
11550.677274
11735.185882
11981.322057
11762.915153
11435.074905
11337.197489
11273.794045
11166.602810
11358.330272
11707.535675
11830.142171
11920.118772
11959.896374
11977.023896
11896.530817
11896.530817
12007.371400
11924.952212
11736.989414
11736.989414
11829.099518
11846.314538
12096.454288
12386.050075
12454.985294
12397.517325
12318.770154
12258.680515
12061.270828
12126.375256
12619.062417
13221.634059
13497.352492
13482.176635
13259.761639
12805.358178
12172.847210
11729.003071
12029.914120
12323.496816
12304.044153
12310.228092
12302.405039
11828.831641
11531.440681
11613.963402
11669.625311
11930.815956
12319.853819
12297.355871
12189.676948
12096.100095
11966.015131
11828.208020
11879.738689
12023.550857
12054.530587
11915.348474
12028.189150
12277.606084
12286.829806
12379.464956
12646.289010
12364.156485
12141.359434
11969.226332
11951.929313
11692.711975
11648.741356
11485.486448
11236.182707
11173.077755
11076.974992
11215.069568
11284.150660
11541.048562
11500.940655
11613.588064
11594.533880
11619.564607
11502.462311
11534.997712
11693.075242
11311.440309
11048.826865
10784.193658
10337.461306
9876.843588
10035.986333
10104.821072
10304.221730
10394.253884
10480.797424
10689.974467
10743.562551
10751.278645
10774.328523
10753.463920
10441.186026
10283.706218
10086.284609
10161.248976
10059.602491
10136.203055
10253.160951
10592.535261
10803.442571
10944.338876
10973.232188
10886.917119
10534.117302
10285.074108
10243.387668
10013.533852
9936.813747
9957.991157
10021.083254
9977.729679
10069.949688
10125.463582
10292.500687
10232.867290
10389.058216
10574.899109
10670.748802
10438.780486
10237.578256
10007.682216
9877.770431
9693.753154
9509.673996
9546.089025
9466.798598
9277.134627
9135.529511
9388.310419
9459.409638
9628.547937
9649.586040
9737.909705
9483.111176
9379.197404
9157.196420
9021.940027
8645.674860
8401.448551
8108.500628
7948.738608
7942.986396
8046.526240
8314.962575
8722.953194
9069.922424
9477.773411
9801.940368
9878.357979
9826.730723
9702.930632
9604.819517
9579.907672
9683.460653
9999.746262
10246.155487
10397.631649
10458.850639
10487.778124
10395.552924
10518.020560
10504.477424
10761.632221
10690.603768
10522.011510
10457.895661
10448.202217
10528.827161
10797.456503
10920.081187
11057.289659
11106.961943
10926.919056
11036.304216
11018.833652
10857.394547
10607.916605
10707.753153
10512.099086
10444.984442
10537.046970
10851.575006
10828.555458
11026.024849
11325.150517
11133.564713
11008.554885
11137.254580
11010.770371
10784.390120
10662.147682
10660.245529
10554.767834
10451.341843
10437.697996
10571.311087
10690.287981
10684.494805
10465.916560
10243.295041
10388.279498
10305.690863
10338.352736
10673.739898
11199.372271
11276.323111
11356.967684
11372.178813
11201.602363
10962.054072
11101.361997
10963.076596
10803.835085
10702.191711
10786.630263
10521.653021
10698.106230
10857.261242
11056.578986
11269.167738
11538.273930
11722.323557
11852.684719
11806.558544
11819.832365
11915.999378
11709.115938
11518.953514
11914.314781
11977.388904
11998.200227
12273.809932
12337.707334
12115.123666
11771.677790
11166.175726
10951.408027
10888.150556
10734.792466
10679.348589
11083.607753
11025.984472
10935.846585
11277.058456
11486.221707
11619.842634
11638.888710
11671.795993
11523.827199
11357.034874
11089.831986
11183.821748
11297.042805
11408.195725
11722.719304
11993.552770
11844.037961
11786.405177
11558.277072
11439.230886
11309.707286
11041.145987
10698.175037
10843.612642
10582.942732
10430.636318
10597.464020
10925.318894
10850.445946
10911.979877
10921.352966
10988.464625
10886.703691
10940.558595
11018.994834
11160.257937
11050.805155
10997.042415
10671.080233
10364.277337
9935.841802
10021.835571
10269.165152
10746.457536
11149.407692
11638.437071
11665.132614
11657.411665
11387.114754
11222.149733
10883.661642
10666.978717
10467.489576
10534.687194
10609.624603
10754.275653
10953.827066
11041.808475
10999.853717
11114.929165
11522.800460
11858.282413
11994.435914
12251.725251
12310.895546
12282.615585
12190.471509
12252.227454
12273.045460
12226.980232
11943.281473
12267.139374
12528.180208
12631.774403
12602.961233
12849.055639
12617.285810
12243.267244
12035.885848
11986.460956
11689.165906
11242.252557
10943.048699
10920.395985
10945.050212
11112.391610
11342.662454
11659.056588
11559.149223
11578.540871
11403.576961
11372.850560
11558.797444
11677.761718
11562.511460
11692.609557
11594.720621
11306.916637
10948.661311
10770.263548
10431.707562
10331.936226
10297.520928
10634.981520
10847.954525
10930.542825
11014.901972
10857.792530
10543.308618
10449.177629
10353.140245
10129.166289
10140.585030
10010.488917
9782.065034
9723.595936
9771.666973
9675.721152
9830.976961
10055.523368
10288.462261
10303.926249
10342.218182
10209.998971
10137.081657
10045.079623
10280.856520
10321.157357
10330.597559
10257.780488
10077.256168
9778.369195
10081.065205
10240.176271
10155.768100
10201.038769
10210.495011
9798.417247
9318.941109
9666.334437
9670.026439
9771.502127
9752.047313
10193.296909
9961.111034
10015.779124
10144.236285
10422.340050
10581.232708
10598.647556
10549.797475
10392.687955
10519.087051
10434.675399
10561.163531
10888.435403
11049.658573
11015.018414
11032.200177
10974.762140
10773.454024
10681.453518
10798.675861
10955.683888
10886.633946
10997.454300
11250.600799
11231.752398
11432.943602
11578.670883
11601.304116
11275.200629
11173.701962
11123.769667
11031.552139
10905.654097
10993.959615
10790.590213
10449.305839
10535.721938
10657.609815
10887.931093
11091.077529
11457.515594
11581.969603
11454.210321
11321.967653
11206.776670
10950.010683
10788.904897
10783.369007
10792.837165
10880.921855
10973.004451
11120.666211
11438.431302
11547.942599
11576.581456
11639.636227
11762.726068
11677.901798
12226.311026
12435.323971
12512.338445
12303.158219
12263.408350
11855.183825
11951.017744
11930.002455
12299.853252
12595.175268
12612.684171
12676.041658
12712.406572
12391.502606
12134.294716
12088.368902
12027.167203
11950.166563
11961.264967
11765.960651
11574.248300
11206.259914
11024.019156
10905.172645
11014.402521
11340.189366
11877.166034
12124.262363
12350.680588
12215.326794
11988.734052
11505.893733
11496.106762
11408.053640
11530.468844
11426.813288
11311.799199
10843.815224
10745.991935
10907.776787
11494.653916
11686.160048
11734.309643
11808.882384
11820.131145
11298.716630
11153.095649
11406.237576
11549.663571
11737.847638
11755.342739
11900.876671
11812.894572
11517.421548
11102.019044
10889.013445
10624.436908
10467.182407
10538.226639
10728.215533
10870.015421
10954.474361
11102.108133
10998.322924
10814.187264
10979.216722
11491.051534
11699.885272
12077.803843
12327.922210
12193.727396
11765.901101
11723.625837
11589.600913
11305.790817
10972.041962
10993.263871
10910.924848
11006.576569
11363.794913
11981.274588
12261.234952
12462.726866
12574.044268
12855.782038
13235.303448
13559.615425
13496.526690
13105.221254
12516.489222
12056.253238
11814.849201
11812.930906
12234.672167
12952.949799
13041.074578
12818.612703
12839.537867
12918.531187
12662.588601
12413.262252
12421.278392
12649.592710
12524.726130
12269.241113
12424.360412
12579.764133
12332.119323
12096.454274
11968.274847
11782.475458
11759.595028
11993.504422
12256.062092
12489.382201
12909.393785
13133.268123
12790.155123
12686.902203
12557.140543
12271.087771
12118.164663
12237.070550
12232.871314
12298.894144
12298.894144
12082.180417
11907.576219
11631.406933
11501.910498
11538.306423
11578.573158
11844.980741
12192.095356
12428.622339
12529.153782
12407.945997
12514.872410
12490.053225
12497.758606
12294.219088
12499.856992
12417.356919
12526.082937
12255.921268
12186.774411
12319.026601
12516.589522
12645.594886
12970.731479
13176.016738
12957.032310
12788.536210
12497.002831
12256.062103
12323.476345
12349.929782
12565.011890
12595.496256
12540.808075
12475.928835
12573.889681
12209.452310
12136.521821
12328.141195
12470.427737
12650.217230
12943.846631
13074.695504
12989.322329
12868.630100
12839.537878
12956.944926
13305.834306
13794.809780
14260.686758
14352.722184
14126.658229
14128.160408
14015.687632
13599.847736
13484.556401
13365.658196
12949.134494
12836.571350
13160.442031
13116.574287
13082.191968
13490.371977
13426.526175
13334.518407
13455.301658
13949.800997
13974.413649
13991.938364
13813.368515
13426.435002
12799.435111
12459.821972
12418.331372
12290.302676
12238.031916
12464.351830
12361.178336
11971.815917
11755.144645
11764.282354
11450.057970
11356.279289
11401.252038
11382.195401
11454.917019
11501.158985
11593.154139
11751.066305
11967.609029
11967.609029
12145.980887
12097.883274
11947.727884
11922.719970
12062.455564
12080.012594
12269.783798
12587.719772
12739.144581
12737.033987
12464.737063
12079.601881
11528.369193
11371.012525
11051.001661
11160.413609
11110.638355
11420.702991
11570.458392
11744.802047
11738.911830
12011.249061
11884.947786
11480.884497
11461.437460
11446.161424
11160.561123
11089.025876
11196.468859
11044.991673
11092.940368
11459.178065
11776.801013
12047.330026
12187.165307
12509.381702
12603.134305
12665.520858
12636.409448
12655.431601
12339.716165
12159.344736
11960.039447
11850.927215
12122.909694
12374.192906
12606.506064
12839.197483
13063.655877
13145.833557
13036.880436
12795.397280
12597.540502
12549.748515
12609.212505
12496.327031
12647.307580
12918.466839
12722.954511
12626.741296
12833.900305
12575.288644
12298.756555
12193.339580
12122.552027
12066.492999
12091.758794
12055.897284
12299.384742
12086.444526
11917.805437
11908.116281
12214.830523
12306.634321
12450.228409
12500.372036
12442.809455
12410.950083
12416.762348
12394.062976
12675.936636
12899.789214
13176.202341
13306.884121
13452.495603
13542.511671
13490.456655
13155.793158
13012.378386
13052.064928
12858.853109
13140.735973
13238.492301
13284.510047
13099.855601
12970.432919
12761.128266
12578.977545
12417.578816
12262.186268
12260.448666
12153.234267
12051.481224
12110.730069
12252.742820
12373.878738
12513.932452
12624.328451
12660.743799
12737.481022
12576.330355
12434.919148
12425.388801
12297.084397
12102.939900
12187.369570
12264.110482
12140.030453
12084.526639
12309.325841
12153.721923
12051.764023
12111.667017
12255.921258
12085.143360
12196.570381
12232.723955
12212.496712
11980.418805
11753.989549
11506.643516
11333.797569
11192.899252
11263.753264
11398.143267
11773.952628
11984.828442
12475.873458
12387.432169
12387.432169
12134.352867
12366.531485
12189.514410
12297.201802
12438.791945
12549.958247
12172.624789
12281.292362
12390.617003
12095.789279
11899.685038
12576.386905
12854.701044
12713.077626
12937.033030
13090.795646
12492.497195
12300.576398
12629.045527
12697.737393
12806.933412
13000.367121
12858.026324
12549.360783
12619.654491
12476.122871
12257.216982
12139.027311
12018.163689
11788.129158
12135.237750
12196.792608
12138.268397
12525.389080
12631.529549
12245.732766
12317.017520
12410.776200
12320.182431
12380.038876
12659.965185
12976.871697
13026.984048
12873.621574
12992.619142
13056.137995
12716.007901
12669.557664
12970.791505
12803.544728
12464.163366
12479.557499
12569.360085
12238.012818
12192.214528
12403.430038
12401.126773
12395.541627
12554.533785
12817.239172
12930.658940
12999.892420
12984.686855
13041.766150
13122.583812
13206.967810
12932.779549
13124.247153
13013.438369
12965.959870
12815.682626
13172.773457
12914.848805
12966.727541
12859.118986
12642.258159
12692.991901
12715.021520
12634.431543
12662.728957
12879.695795
12552.133943
12399.480604
12346.414266
12154.297658
11948.831484
11899.149348
11884.075071
11747.900204
11685.045397
11579.348418
11592.776950
11583.286309
11522.040983
11466.224967
11548.808346
11516.402624
11660.877007
11860.485821
11925.676061
11701.099152
11591.968460
11398.332015
11350.229843
11235.225965
11337.058639
11448.154350
11305.381491
11345.387220
11147.804233
11285.984468
11324.379893
11555.848332
11421.480502
11814.695145
11856.724862
11770.610578
11809.832372
11898.226328
11756.087073
11763.666384
11808.079226
11508.873767
11369.075902
11463.024189
11466.619403
11606.541342
11943.518312
12231.435152
12133.397543
12110.235692
11955.146556
11859.007920
11604.023398
11552.300305
11450.549784
11830.327529
12093.504586
12340.597240
12693.651095
12889.622957
13051.952082
12967.280467
12884.982844
12641.554521
12455.178453
12135.457564
12097.690005
11965.492798
12030.682272
12249.113354
12410.552298
12416.320154
12490.462541
12395.182548
12206.786877
11814.119112
11735.143944
11965.117143
11980.641281
11815.409245
11896.160564
11837.685959
11763.037211
11944.993004
12061.978109
12234.672167
12243.881519
12117.634438
12046.665428
12278.627791
12374.366865
12476.035350
12502.485133
12493.060569
12155.877594
11597.824685
11283.821346
11210.756070
11239.715911
11465.865743
11770.898514
12193.917537
12353.007234
12529.688743
12262.866886
12318.557209
12115.314179
12006.252686
11446.192303
11195.167631
11085.961028
11019.978929
10960.515819
11376.658360
11925.077606
12195.215620
12144.929320
12373.033859
12374.440950
12579.913248
12442.004900
12556.623310
12525.473870
12594.876325
12299.543054
12355.218219
12799.263067
13234.492296
13895.716183
14515.037846
15038.252778
15036.845242
14906.225227
14823.776828
14737.493607
14541.890694
14220.595042
14206.495154
13710.154899
13742.913887
13932.433397
14376.081396
14537.663914
14340.111553
13883.485507
13432.934959
13094.309887
12421.612418
12379.681743
12596.267756
12795.650537
13013.700263
13496.963635
13889.963979
14375.573677
14296.453730
14121.735643
13737.880112
13590.443054
13026.756585
13222.568496
13455.370598
13817.543865
13794.827565
13723.683862
13549.431486
13109.515548
13040.577829
12940.839493
12779.624699
12363.459699
12021.505172
11729.964990
11459.488736
11679.815039
11879.328441
12172.892505
12303.293218
12709.518806
12705.382355
12684.815384
12759.840968
12834.604532
12535.956886
12450.714104
12646.594456
12564.369301
12468.104581
12736.660413
12866.909484
13068.501419
13241.383268
13211.069665
13270.040060
13277.553666
12792.661650
12802.299134
13099.118665
12997.342240
13005.602499
13300.369140
13283.910234
13103.393806
13186.388417
13005.791396
12649.349026
12434.895613
12472.766953
12501.271604
12777.551493
13048.339490
13145.826857
13109.601875
12897.306281
12767.975450
13303.403629
13562.970987
13775.804853
14026.543937
13988.383233
13443.702082
13289.965684
13005.937356
12580.161117
12284.882021
12139.103461
12222.112402
12402.480479
12745.085385
13096.062256
13303.489937
13092.716570
13026.082623
13399.835386
13378.207742
13244.318095
13563.516352
13805.487537
13619.499302
13916.331030
14397.961869
14538.503749
14437.092653
14013.867071
13449.972943
12830.670433
12434.159290
12086.696075
12403.461406
12995.537576
13538.492131
13908.832458
14315.182487
14270.961820
13974.199772
13791.830343
13695.917857
13666.693386
13962.507056
13797.336664
13571.508951
13298.507082
12859.261289
12224.811769
12138.408160
12169.307142
12067.488778
12029.127320
12165.432032
12209.564555
12428.017759
12583.912387
12804.568583
13145.826853
13450.620603
13193.792119
13291.397921
13269.012447
13048.339476
13013.674679
13049.991872
12782.779869
12520.656594
12610.403471
12395.688023
12676.041645
12899.482212
13338.488282
13058.610052
12901.358756
12696.306540
12576.000605
12340.174490
12629.691285
13082.191968
13176.117343
13351.152048
13656.106275
13558.578394
13400.430590
13211.141006
12991.001177
12686.372617
12739.871185
12741.659489
12812.779706
12925.264551
12954.403970
12712.690395
12521.026790
12398.242332
12140.433239
12098.112026
12054.454518
12238.070060
12660.066480
13107.977621
13274.544410
13211.223600
13090.385744
12892.525215
12603.134305
12446.213911
12618.782080
12622.248788
12328.918423
12238.415220
12346.592794
12486.479021
12507.380256
12547.788043
12419.496813
12182.145488
12088.160714
11811.989765
11372.776883
11404.929194
11433.685346
11427.766883
11391.494217
11625.293879
11510.474538
11324.562775
11086.848429
11130.790862
11094.493333
11233.631060
11318.034640
11692.053935
12123.165391
12387.779622
12483.574474
12662.305176
12290.341874
11762.989307
11511.790803
11393.330180
11224.494363
11107.398149
11333.644806
11293.464321
11393.296747
11395.045266
11836.067990
11916.635064
11989.205065
12023.365940
12002.009758
11870.047243
11835.514817
11981.202684
12079.136737
12002.009758
12067.356710
11852.741562
12080.891902
12116.265670
12475.595186
12549.881472
12818.362257
12538.372759
12538.372759
12597.632314
12622.402691
12866.612654
12871.921410
12742.247805
12725.067471
12619.385271
12445.190277
12584.840401
12521.266699
12233.479243
12225.899107
12126.248247
12007.040665
12061.793174
12092.404378
11864.232389
12081.007114
12167.326930
12107.079875
12346.916437
12830.326402
12609.513970
12632.340540
12815.011030
12908.942208
12803.288630
12944.916904
13083.153901
13305.145356
13533.731332
13537.635227
13723.543551
13855.896799
13646.786125
13228.962558
12890.972655
12607.612999
12446.572494
12728.927612
13075.692519
13186.677001
13261.019017
13470.628995
13395.122304
13286.305201
13347.015970
13346.033530
13542.848684
13463.585330
13538.785701
13791.851138
13964.323917
13761.236954
13881.985417
14169.204492
14226.726528
14575.694195
14587.198623
14463.083546
14146.439298
14206.397271
13846.075242
13943.466925
13915.750087
13657.910495
13303.640830
13318.850162
13173.034298
13237.214698
13271.369755
13307.951973
13075.922260
12748.388054
12544.930606
12462.812395
12635.308539
12903.644315
13214.262010
13458.654985
13384.366569
13121.458123
12906.762383
12405.955998
11822.612466
11769.765328
11775.310406
11451.158790
11801.903873
12001.403948
12072.767060
12056.717261
12081.968550
11677.399058
11763.611422
11453.339900
11173.417190
11121.397030
11274.892833
11201.566855
11422.145719
11598.502333
11627.099172
11561.858242
11464.405871
11467.997176
11631.026469
11694.394856
11736.656249
11849.399133
11766.590089
11383.596276
11318.221279
11465.835273
11554.402770
11836.067974
12263.619061
12476.307061
12688.893464
12554.009024
12423.652884
12400.322493
12170.273904
11988.064026
12039.212547
11983.264527
11839.628185
12338.415998
12338.415998
12564.253796
12918.574152
13277.413482
13470.634549
13541.940066
13409.940750
12978.239964
12708.543090
12273.045444
12217.362643
12073.106426
12442.697720
12482.993726
12509.707354
12532.761401
12668.743454
12766.030721
12758.507688
12770.324764
13017.421961
13258.546050
13553.236877
14031.146331
14497.109886
14546.453726
14527.648478
14280.303300
14211.276588
14268.922036
14635.023115
15201.063049
15342.950971
15594.130970
15906.667913
15638.231281
15356.151575
15490.369891
15150.989288
14853.791595
15072.375552
14983.990744
14659.949392
14782.663280
14890.037918
14761.571825
14972.191330
15068.061699
14895.495135
14375.860885
14047.798986
13732.107491
13703.314457
13749.137234
14023.563404
14107.884361
14245.163163
14498.095451
14498.095451
14482.992434
14615.222247
14485.394486
14236.202989
14345.495047
14280.303300
14537.548630
14768.540855
15052.316738
15088.747424
14937.272456
14521.195678
14221.943687
14016.681333
14095.642477
14199.182331
14095.642477
13932.339692
13585.058739
13245.421910
13299.371192
13399.649510
14068.781280
14841.180964
14624.514268
14394.429396
14509.396704
14031.401133
13538.884326
13757.628991
13817.396576
14008.806017
14311.574524
14123.531180
14069.642824
14144.630971
13974.239625
13533.949881
13612.781712
13463.125979
13612.781722
13317.121543
13155.731063
12906.668640
12758.781492
12662.636513
12981.091622
13308.088762
13713.031216
14157.809952
14081.114425
13828.017043
13673.594635
13299.840922
13092.794552
12751.834015
12925.527422
13236.199259
13571.870587
13666.184336
13600.245078
13155.753967
12688.913474
12524.565431
12290.437083
12242.899134
12135.237750
12020.752290
12001.403932
12194.851767
12544.322169
12741.538842
12671.788766
12311.328732
11837.803482
11268.466839
11051.657496
11094.984612
11077.676119
11265.527066
11793.144972
11971.432157
12428.084532
13116.549589
13384.797610
13083.852390
13124.156279
12932.509642
12629.591457
12544.912817
12489.481812
12800.284987
12802.247594
12610.194342
12460.382780
12514.259465
12057.709997
11751.373640
11764.674396
12184.829674
12359.467247
12752.268372
12837.026315
12760.292747
12263.619061
12088.929053
11657.777593
11574.910515
11653.824661
11442.722494
11339.239103
11310.450043
11210.652019
10836.809456
10971.074665
10802.402935
11095.769199
11203.008587
11402.118448
11197.096970
11220.190352
10832.792462
10607.101765
10367.667604
10308.135650
10315.770500
10076.209924
10126.880728
10251.616244
10334.089716
10447.133510
10928.233996
11135.052574
11334.451762
11407.482334
11576.241800
11954.256243
12121.611961
12033.307803
12033.307803
11800.912203
11327.464349
10949.635749
10679.314896
10581.200936
10700.170485
10464.495733
10475.693649
10857.458413
11081.418441
11307.790243
11409.422113
11632.911007
11506.811017
11535.372174
11426.212118
11548.861808
11366.757177
11422.145719
11370.232953
11151.642062
10770.226114
10805.786693
10869.233903
10800.101987
10690.838915
10671.666009
10524.893511
10542.454307
10505.855601
10877.959609
11221.102962
11420.297303
11080.767640
11030.993924
10540.038699
10231.552870
9902.472371
9773.883084
9691.351169
9750.998117
9768.367278
9745.670094
9651.917679
9461.671605
9459.980753
9299.095802
9174.691597
9156.069729
9269.012084
9449.074376
9533.433385
9742.070610
10037.516051
10346.069639
10480.227578
10783.404481
10721.158373
10798.186827
10828.591850
10817.027945
10937.924711
11263.128383
11314.836046
11203.743693
11151.900580
11178.784075
11152.478944
11002.930975
10876.338059
11010.770371
10924.393279
10736.174506
10676.788746
10671.003159
10485.110428
10224.221310
10322.157505
10557.867384
10421.807409
10101.633068
10088.318565
9832.460045
9404.925760
9268.988126
9385.872331
9481.782739
9656.539883
10053.230289
10444.548854
10684.244400
10724.345556
10925.729781
11013.956526
10898.824547
10825.964035
11036.965138
11089.432164
11053.068082
11474.982333
11699.380753
11662.823317
11463.620861
11518.995981
11534.477454
11622.630672
11549.511895
11461.291935
11380.882645
11041.401114
10914.995776
10863.252524
11165.900545
11037.453790
10749.881462
10680.896623
10874.500429
11143.447988
11544.187537
12280.172109
12167.326930
11874.087291
11418.815889
11041.082270
10571.340844
10364.172517
10316.414655
10233.536886
10373.642749
10212.454549
10400.572971
10632.471144
10859.978165
10927.062687
11111.212557
11306.574444
11427.484332
11416.058884
11414.426336
11621.183005
11625.232724
11527.503245
11596.950133
11777.070040
11829.099518
11679.365175
11474.370894
11312.555845
10892.656117
10861.950386
11130.356282
11544.607145
11760.690248
11841.198246
11599.503692
11417.772807
11139.412226
10921.489111
11160.969242
11396.924934
11280.158383
11153.483085
11057.528828
10733.531304
10748.921610
10930.905998
11289.731572
11438.083120
11443.975132
11384.357348
11363.373950
11305.877854
11465.649842
11517.364230
11268.297612
11086.153348
10888.470695
10638.404114
10630.693264
10609.760904
10669.242805
10910.879731
11025.313422
10998.413193
11086.782286
11230.605527
10981.282522
11229.457942
11679.942802
11751.090993
11578.573158
11651.309692
11205.666552
10695.450315
10906.527115
11364.592669
11380.185768
11445.958108
11524.587565
11428.645274
10872.747358
10749.990621
10928.562806
10909.378459
10412.672316
10404.977966
10230.597625
10037.148947
10155.768093
10479.834968
10567.987238
10989.788481
11114.278044
10849.527834
10816.831606
11002.828370
11052.659602
11289.794322
11766.737580
11916.599675
11747.774710
11508.263024
11164.106634
10874.567532
10600.373473
10462.142285
10565.851219
10526.264475
10666.359672
10827.505223
10976.866244
10766.246174
10775.645971
10597.180443
10840.559144
11030.459026
11195.421934
11453.100617
11637.355328
11322.588300
11324.489056
11525.783373
11589.694079
11687.498100
11860.218895
11883.219711
11733.554487
11521.229709
11459.742311
11534.547040
11478.667472
11576.733445
11318.958659
11065.933808
10854.763297
10716.809079
10550.163156
10837.809072
10893.619053
10814.850597
10724.664864
10667.190742
10426.527741
10246.255746
10184.931354
10121.669952
9964.576664
10043.542357
9955.299013
9899.667994
9844.205614
9750.088852
9819.646377
10015.228592
10182.088661
10477.357388
10653.781263
10576.573876
10494.116274
10438.490637
10141.391624
9886.405163
9534.665038
9400.273974
9504.096238
9666.893987
9927.754992
10224.782624
10282.446394
10313.003351
10457.022900
10518.257293
10766.615721
11079.095639
11030.962001
10883.418050
10791.373353
10761.476738
10745.878575
10688.528921
10968.480174
11150.630945
11190.081028
11281.888422
11621.253580
11594.658228
11878.235478
11921.628716
11979.380552
12001.943461
12054.126304
11965.656740
11960.200802
11756.735994
11542.023733
11808.542177
11877.553217
12035.389337
12265.852356
12386.565365
11978.192980
11895.722411
11983.854894
12110.488708
12106.757962
12179.215649
12317.772525
12475.854520
12481.382593
12404.464945
12352.866865
12115.193366
12085.015257
11941.152330
12088.747007
12290.349752
12290.349752
11835.198057
11748.694727
11883.158181
12118.893125
12157.152636
12025.618354
12006.419339
11925.900924
11674.611446
11632.301766
11871.325804
12064.983399
11972.902916
12022.981502
12097.496126
11990.330851
11992.680657
12170.479665
12011.399846
11800.568889
11746.233236
11594.658244
11458.560178
11650.140341
11782.475475
11816.217854
11628.527900
11576.733445
11291.026311
11053.212634
10987.611092
11294.065533
11535.682504
11898.260817
12055.538560
12151.179014
12011.275256
11875.287844
11907.714714
12043.783547
12145.564188
12162.669522
12241.635023
12172.624775
12413.704287
12387.543121
12636.536293
12514.175351
12387.543121
12119.071053
12194.251414
12163.550439
12411.021585
12694.321677
12842.418683
12947.910646
13080.697421
12922.728382
12650.371208
12788.618309
12795.907761
12660.004631
12676.932280
12613.971174
12589.198540
12763.809644
12687.163973
12633.375354
12603.011539
12267.328522
11853.541430
11736.768254
11598.628888
11648.741356
12018.333292
12266.774561
12340.835318
12688.296934
12914.863891
13118.009677
13401.667290
13503.919100
13400.099297
13216.208044
12792.507548
12617.660210
12557.970236
12408.378475
12615.043946
13160.343368
13088.920005
13154.274139
13063.693408
12607.432513
12187.299692
12097.074364
12120.034120
12467.043041
12792.901910
12757.341116
12815.107261
13223.545262
13338.457326
13330.821447
13365.629895
13545.798290
13049.263674
12852.113043
12878.668334
12537.519361
12129.105468
12231.326712
11833.969892
11483.148766
11682.300323
11594.215826
11400.356074
11565.238674
11578.804150
11488.711056
11656.118319
11429.666525
11355.074704
11539.018673
11709.848644
11771.677805
12076.616667
12396.802063
12465.687095
12411.863882
12250.518288
12056.561087
11916.778583
12081.748150
12023.976827
12443.397842
12853.748041
12821.642063
13043.586267
13386.655561
13176.189934
13018.768817
12890.551265
12269.529986
12104.432190
12576.301300
12967.280479
13513.775507
13980.008238
14206.410015
13785.132925
13777.102089
13428.094432
13302.025828
12810.898611
12882.562712
12514.230520
12529.787225
12608.249375
12673.311133
12632.096690
12544.205533
12367.554503
12060.903195
11955.347333
11902.275689
11846.999861
11879.505670
12055.982449
12265.050569
12223.707749
12290.469068
12530.143098
12472.672634
12331.245499
12293.416029
12266.558732
12157.120956
12241.882135
12281.750932
12221.923575
12231.561072
11945.535868
11353.071731
11171.130187
11176.557489
11157.457824
11274.306992
11625.263233
11587.207761
11656.575919
11504.976700
11449.320577
11259.615893
11380.410807
11232.008397
11379.426202
11377.548825
11582.610792
11504.027491
11470.339737
11293.735905
11232.611757
11226.876626
11364.552945
11321.648028
11099.179087
11168.090929
11164.338285
11235.151074
11338.653869
11578.444129
11484.240510
11398.143267
11102.764667
11018.148005
11058.322602
11200.524049
11121.604039
11326.951619
11217.807545
10982.014472
10776.567275
10772.851265
10776.567261
11006.269110
10822.023974
10730.204316
10962.259163
10841.349642
10672.186047
10821.600942
10907.887411
10821.600942
10794.580320
10729.168837
10894.043707
10907.274718
10813.487851
10932.073765
10785.539693
10843.092963
10877.763812
10868.111206
10831.557388
11179.311484
11279.374302
11281.094454
11476.820626
11710.675513
11678.620162
11780.420806
12088.786403
12169.524541
12131.154779
12369.850596
12272.052232
12097.560898
11901.897641
11906.223229
11806.198887
11704.767652
11716.215396
11886.691553
11810.038792
11656.038099
11862.967531
11935.962666
11780.634561
11642.403440
11631.139898
11453.031982
11174.748861
11174.748861
11155.609814
11161.145335
11261.064110
11383.872198
11329.846854
11489.143798
11556.926568
11393.940281
11244.494773
11246.384387
11090.830787
11103.959355
11075.294258
11207.612204
11330.160989
11355.459385
11150.471409
11138.789350
11006.542288
10705.513060
10569.567011
10789.381436
10779.797836
10728.130962
10699.331072
10837.225472
10963.362890
11032.287438
11055.499238
11078.395485
11260.542862
11380.918439
11359.818721
11741.392163
12169.147680
12279.931158
12099.450590
12086.094261
11879.060596
11760.138876
11789.121861
11730.692772
12006.657459
11993.480300
11836.097660
11673.063222
11678.795304
11588.754989
11630.887760
11738.095534
11815.018646
11908.879939
11772.678966
11722.956469
11711.415776
11606.021745
11419.808566
11544.538092
11414.234986
11580.873159
11534.904981
11561.293846
11492.085656
11580.423170
11214.255079
11041.532055
11282.147968
11481.774772
11801.770220
12056.690720
12298.650693
12102.798888
12201.063528
12189.268128
12340.536258
12290.532896
12565.500424
12676.597897
12806.965317
12922.139680
13339.483457
13199.164140
12972.317425
12918.840575
12447.392497
11954.942012
11774.186528
11542.023733
11494.329735
11923.572319
11925.646063
12055.476235
12355.933460
12255.039464
12059.359128
12390.734874
12236.927476
11893.333009
11928.034090
11952.711490
11772.493000
11898.690479
11902.208545
11595.682609
11536.208680
11474.982316
11174.092416
11216.143259
11064.802437
10890.301672
10873.112024
10940.807184
10936.846606
11510.018233
11926.142023
12188.985635
12476.367677
12743.058890
12614.368512
12269.668850
12156.503917
11863.040152
11596.522506
11400.931660
11326.317500
11103.581675
11118.798149
11191.721490
11074.813783
11063.294224
11203.257094
11436.355531
11505.384469
11695.251983
11875.566118
11898.529413
11909.571450
12053.648175
12059.544430
12172.703594
12040.030952
11908.415035
11594.182781
11292.987613
10963.255113
10884.601795
10707.967838
10673.302976
10947.677239
11144.964625
11269.497557
11489.506398
11527.983399
11347.971602
11161.550034
11253.773286
11255.541482
11401.351799
11736.989399
11796.282004
11882.844211
11893.779626
11970.896393
12183.705417
12310.359628
12296.992825
12161.328504
12096.224051
11852.599890
11889.158148
11411.628568
11492.255531
11352.373552
11465.555463
11582.417824
11874.124813
12005.961808
12139.766268
11919.334688
11852.343083
11915.608490
11832.863144
11671.974279
11493.415864
11251.712757
11178.837420
11146.924904
11139.113148
11359.782241
11457.629988
11292.650696
11057.558774
11126.647010
11115.196303
11475.600056
12146.564084
12581.020281
12556.272630
12479.415288
12327.998248
11911.824170
11864.703956
12083.555241
12242.870625
12177.535782
11922.445396
11732.299499
11544.607163
11400.704147
11465.896133
11504.263705
11445.985959
11350.056593
11325.233452
11020.330281
11047.071075
11299.260388
11509.935789
11740.146284
11947.451736
12246.476576
11998.325514
11858.047217
11712.219225
11608.966152
11413.343497
11531.692546
11508.699632
11351.404328
11224.939141
11194.392565
11077.714594
11104.474670
11445.903403
11599.125055
11386.522827
11305.701512
11064.082558
10672.923868
10830.080936
11031.261631
10971.186776
11233.858665
11302.907898
10930.877311
10890.718069
10837.977475
10496.742433
10698.276229
10861.010407
10941.617204
11197.219848
11498.433314
11448.492982
11531.005316
11602.120211
11673.186471
11632.786006
11625.417521
11751.706355
11780.782946
11978.312289
12363.517584
12340.471101
12566.876962
12436.390167
12348.007868
12044.956213
11980.210781
11429.556107
11510.018254
11141.608611
11087.891007
11206.713094
11450.207482
11486.784300
11815.638059
11907.750094
11831.221565
11804.422286
12071.058867
12110.290209
12033.714029
12138.989544
12232.909287
11915.017751
11818.672455
12167.973509
12049.081444
12002.410860
11947.480263
11569.483612
11103.218269
10808.248418
10528.219007
10297.994933
10555.653214
10549.962920
10580.649197
10595.919709
10699.523183
10577.269395
10584.873402
10864.703256
10943.290753
11355.857996
11626.425363
11739.598033
11766.246699
11940.956700
11546.007214
11267.913111
11350.056593
11304.217572
11079.820204
11273.426584
11408.791507
11065.605912
10737.761506
10739.624100
10561.236240
10647.948060
10804.931123
11046.656341
11134.796306
11305.640461
11288.790410
11409.349445
11583.833310
11712.130076
11877.247379
11948.521744
12165.402368
12173.070012
11979.628844
12023.444970
11989.328627
11897.692656
11782.507883
12104.679120
11841.714646
11740.420411
11844.075647
11909.048354
11859.360325
11818.844765
11834.115987
11787.965321
11926.061088
11922.337103
12280.650606
12269.668862
12140.846609
12100.878508
11981.710207
11859.273008
12097.883290
12337.990718
12520.263001
12558.150806
12312.614083
12028.680937
11662.611353
11261.886545
11030.016642
10935.918999
10984.795047
11191.923265
11297.280954
11324.200168
11213.125145
11013.752180
10758.455770
10471.120451
10390.352135
10656.822545
10816.864854
11148.462668
11409.312969
11687.254868
11549.178232
11599.838317
11467.614499
11582.768235
11448.593075
11584.576814
11436.189539
11280.919394
11060.206669
11361.374431
11447.713449
11819.832386
12030.835109
12284.400318
12030.835109
12216.870410
12265.989400
12235.199932
11999.339284
11981.789730
11874.793102
11771.294570
11865.022038
11930.426973
11853.616185
11491.343353
11404.963081
11374.176115
11410.579302
11692.574858
12160.340494
12250.663573
12260.251511
12098.833915
11792.477056
11616.028450
11388.199499
11194.751740
11499.662017
11722.035110
11465.103105
11658.769614
12097.657776
12134.265893
12122.849947
12352.802239
12277.670353
12009.254053
12114.994388
12332.844137
12576.401036
12744.010329
12751.956377
12416.437358
12243.589463
12130.537521
12177.621150
12377.048672
12681.819237
12762.260820
12568.654086
12495.633883
12418.457507
12614.095851
12988.518594
13440.989227
13698.169300
13968.614060
13811.548319
13489.813032
13710.013683
13835.760410
13906.910851
14000.708113
14004.116252
13735.838004
13434.962781
12884.794693
12717.752395
12742.880185
13110.680788
13223.764419
13458.321864
13607.700326
13545.866964
13070.550763
13068.585712
13028.380779
12907.498110
12859.411487
13296.837957
13503.925916
13822.006366
14065.541951
14454.750206
14379.965579
14472.117461
14435.977092
14153.828980
14038.784051
13543.825918
13043.665216
12804.050298
12852.284639
12683.317123
12775.784583
12705.454426
12523.794958
12445.151989
12364.393827
12324.115795
12448.218411
12532.712856
12385.512462
12137.758717
12068.366135
12157.059145
12159.206061
12132.198111
12293.374103
12431.374550
12333.070213
12590.282331
12944.863277
13418.798807
13458.730555
13253.994104
13098.935437
13010.330773
12866.809242
12682.516820
12910.248534
12921.881526
12904.297797
12649.690829
12935.208990
13116.013401
13050.355341
13169.407203
13402.900503
13255.413788
12748.221605
12347.205222
12132.448650
11982.530034
11630.276630
11690.203651
11888.076380
11908.741047
11653.935411
11889.634175
12109.841667
12157.507373
11795.095366
11609.250851
11133.913000
11050.968816
11106.494421
11426.813275
11802.579282
12172.847198
11958.424602
11636.459282
11710.949484
11605.625518
11766.275556
11906.017240
12379.561722
12325.638434
12302.772448
12128.112166
12017.238211
11850.707299
11854.142188
11775.604402
11875.365392
12050.393432
11929.591852
11789.607342
12034.670643
11929.591835
12166.215007
12193.303140
12352.412735
12126.155360
12227.329192
11885.037035
11829.882232
11649.571705
11549.601768
11457.933344
11324.307812
11115.373865
11032.926095
11032.926095
11146.120516
11454.401995
11701.640316
11726.959582
11814.963788
11626.848308
11203.838012
10956.467114
10906.636660
10605.637567
10525.006523
10686.841672
10723.310635
10694.403087
10976.276426
11156.591620
11192.299317
11414.834360
11612.266267
11554.876049
11414.834360
11329.880106
11284.120022
10994.551608
10835.491157
10869.951336
10912.950336
10813.583381
10980.331646
11160.561111
11242.893910
11344.571977
11463.534850
11526.768608
11716.507385
11835.447301
11799.937293
11836.038388
11952.908294
11926.114871
11918.584547
12066.990845
12184.221109
12251.414113
12218.332003
11900.122263
11836.248611
11623.678165
11441.387409
11144.106296
10981.167808
10537.346999
10458.601314
10338.005851
10510.492584
10681.200753
10873.112042
10898.031985
10907.451678
10907.451678
10802.075330
10941.286759
10860.671371
10764.903047
10611.353204
11017.898326
11168.309402
11580.582978
11703.204462
12057.709997
12232.419954
12499.590484
12545.170174
12858.284675
12898.636157
12753.987636
12538.260895
12488.887122
12252.647066
12197.143128
12080.105540
12173.791930
12181.965891
12256.292195
12369.642150
12511.649235
12340.382602
12115.680331
11885.556741
11598.401340
11287.751726
11167.354224
11073.635415
11021.721861
10964.120481
10981.398657
11011.659559
11139.791194
11105.451394
11230.051050
11272.394786
11246.019248
10971.709690
11050.407910
10685.972254
10409.959000
10466.428879
10527.762246
10368.551843
10458.535130
10531.657521
10224.951446
10075.478195
10230.714235
10152.135419
10127.208089
10089.638635
10210.377988
10198.891008
10419.383209
10523.068451
10673.357368
10732.914734
10790.280725
10594.827779
10554.564781
10539.371754
10514.486861
10470.555783
10451.412590
10520.376549
10431.904218
10424.323357
10393.640221
10679.416048
10869.162463
11143.670779
11268.382448
11308.634523
10988.435674
10602.804999
10318.900108
10610.455147
10970.852126
11665.041907
11960.328445
12063.694183
11350.288825
10752.253876
10182.714433
10111.759636
10343.048472
10705.481937
10960.472578
10835.896035
10810.939650
10604.137179
10822.493622
10975.989496
11248.405393
11348.257744
11462.682130
11184.699648
11177.196041
11278.811406
11313.065244
11281.180910
11304.341444
11064.631604
10673.357375
10464.495733
10424.845209
10321.472613
10369.195622
10432.543437
10325.147243
9956.562433
9987.156188
10146.532067
10290.095337
10263.566721
10417.627911
10335.232556
10135.779664
10045.860541
10158.761861
10299.693624
10340.045947
10355.554155
10468.398446
10658.157772
10733.599737
10779.625630
10816.034598
10883.148492
10735.475845
10756.212686
10679.620746
10694.665992
10625.659906
10690.953936
10694.605559
10602.590139
10537.504588
10516.460542
10520.337225
10518.395346
10970.852121
11128.182552
11354.421554
11247.070136
11348.749377
11198.992260
11045.647395
10811.708064
11034.213473
11154.316294
11164.067098
11062.569546
11169.916768
10870.574927
10643.089810
10681.425874
10938.506086
10953.865141
11093.711496
10875.518233
10584.217144
10463.373733
10311.812385
10281.267235
10595.201698
10974.867063
10779.405041
10566.406703
10395.635323
10014.143327
9676.695566
9885.763212
10161.883760
10096.660830
10132.105855
10209.115826
10178.414153
9944.275495
9980.926012
9907.449152
9855.650321
9788.506773
10011.332123
10149.037923
10258.107410
10315.605147
10423.198086
10238.942829
10202.404677
10264.501219
10093.887730
9902.231398
9800.436630
9577.950195
9518.076110
9466.199544
9490.960031
9815.137535
10150.622966
10210.737465
10389.261874
10673.016751
10768.724334
10753.427796
10691.306250
10752.781678
10612.662442
10618.688064
10746.828200
10921.860844
11103.879603
11136.623358
10896.977884
10619.058203
10622.723606
10693.752279
10678.504910
10933.375743
11510.391353
11886.357900
11921.050464
12064.903026
12080.295265
11829.167427
11501.978823
11448.188973
11628.478557
11342.774340
11319.709222
11587.073810
11663.483242
11648.452537
11868.691140
11878.044441
11878.044441
12119.606944
11889.663950
11712.943822
11473.557477
11426.637598
11300.256637
11449.539401
11528.168868
11909.604822
11889.251448
11547.978611
11484.384108
11547.978629
11304.423755
11097.396363
11063.023519
10631.498255
10435.947915
10464.764500
10513.475685
10323.774445
10413.875096
10457.979197
10389.058220
10006.908949
10143.373837
10528.763300
10732.060618
10844.934729
11005.006161
10981.977151
10912.726491
10767.248382
10734.606427
10749.701751
10973.997969
10738.225462
10732.481133
10511.972191
10461.060819
10213.864002
9895.416592
9578.797474
9636.530538
9596.840235
9535.749907
9913.447462
10241.551825
10182.019485
10381.282321
10703.516600
10726.380427
10647.911214
10801.264895
10938.581398
10629.810829
10729.615810
10902.002480
10859.904928
10681.229511
10794.096350
10708.166839
10305.350170
10274.671367
10284.141708
10226.781571
10144.162042
10326.223132
10339.679393
10416.746755
10457.242201
10482.084950
10476.284906
10294.199209
9942.554459
9808.287848
9639.545824
9572.394564
9723.775591
9751.929199
9466.354188
9491.187250
9429.871868
9339.920708
9424.502716
9604.685627
9441.551360
9301.853520
9142.409103
9023.982487
9187.004718
9418.977599
9451.734607
9459.475563
9525.290169
9368.077913
9354.831804
9557.672101
9653.574240
9636.625967
9707.851530
9535.056994
9433.331837
9205.282599
9226.585262
9136.237986
9322.074539
9333.353670
9657.618310
9665.242336
9827.997091
9793.380581
9914.463285
9983.260308
10090.257640
10245.755483
10351.307076
10322.478935
10097.946207
10073.695464
9954.962886
9958.659566
9874.268800
9987.221374
9846.259300
9620.057583
9342.178207
9409.303541
9493.665691
9794.159598
10152.964383
10371.401451
10551.754366
10561.273395
10416.480288
10282.413869
10456.985070
10445.362941
10662.055285
10775.107868
10978.123548
10870.606398
10849.669823
10515.957465
10358.067614
10061.037280
10081.760755
10028.203609
10565.177897
10941.286754
11439.602160
11620.087863
11690.916631
11522.218687
11349.288652
11224.523815
11197.539513
11203.489676
11025.023188
10908.488642
10594.195734
10511.738915
10705.329504
10820.485596
11213.512105
11679.234224
11572.088657
11573.813025
11763.482068
11508.030586
11394.711319
11473.271572
11415.743255
11410.088994
11775.092498
11907.221813
12185.189403
12085.480353
12074.284029
12098.280974
12412.734278
12631.816665
12838.863181
12665.911397
12498.544315
12111.164024
11839.016746
11863.973455
12274.045527
12109.163988
11968.680549
11884.363567
11435.900694
10831.844983
11078.230061
11206.649785
10863.556669
11139.412204
11197.035858
10890.619650
10729.648776
11013.329064
10923.249898
11024.670684
11060.361675
10784.456792
10696.159255
10793.822415
10972.299051
11043.829540
11076.227910
10978.705669
10859.755892
10583.731634
10455.810104
10591.867589
10890.969690
11107.515166
11138.402715
10984.017441
10836.448990
10401.332738
10098.142707
9893.089299
10133.644056
10288.975177
10356.270849
10291.006452
10302.765345
10097.456247
10109.123266
10469.617744
10715.087021
11017.928928
11110.258730
11501.377063
11518.331845
11771.559329
11665.857026
11835.447301
11461.378804
11386.779626
11168.090929
11187.346204
11125.150461
11088.784719
11021.765625
10849.300734
10791.604496
10607.228534
10607.228534
10668.808146
10825.918193
10833.513685
10844.697828
10833.277702
10672.390154
10585.845259
10722.162905
10853.830696
11120.323865
11122.110670
11037.796328
10961.250488
10953.749917
10692.852229
10485.865450
10370.589914
10455.144857
10541.740490
10612.399783
10967.388899
11130.241259
11153.314430
11115.644894
11019.794580
10776.204492
10864.362311
10757.061498
10680.121902
10700.954304
10532.374698
10286.880305
10110.690073
9958.324711
9779.886157
9716.777113
9779.886158
9833.577620
9717.144093
9529.140545
9694.069729
9795.680854
9745.741138
9785.333966
10036.632225
10111.299165
10051.725850
10206.962005
10237.211680
10325.280991
10574.607424
10731.904103
10609.268797
10699.427004
10624.595827
10227.763531
9811.661921
9685.173930
9547.610333
9517.250556
9563.195302
9547.610343
9553.634856
9717.314654
9905.098523
9970.545837
10162.153711
10288.462258
10132.313417
10247.497689
10320.451994
10038.430635
9846.693655
9728.237949
9413.467936
9432.994734
9574.654354
9657.538605
9849.158461
9822.376662
9569.022502
9574.719675
9644.280928
9574.285460
9704.699040
9804.305669
10191.857713
10235.941042
10211.322109
10153.988657
10295.852762
10004.406354
9776.082979
9840.194355
9799.808212
9920.876914
10198.705609
10451.927817
10707.715686
10874.433546
10949.316686
10874.433546
11014.470082
11179.667047
11467.223133
11281.383308
11116.463464
10784.869505
10363.618614
10076.130882
10125.877831
10409.671026
10618.759408
10686.291801
10506.190269
10337.461312
10301.106490
10322.087438
10043.767649
9767.679241
9591.152186
9138.885185
8881.793416
9098.077828
9426.083688
9460.365082
9514.148576
9586.945724
9541.856283
9349.975744
9543.702597
9666.598843
9704.699042
9772.451460
9908.806024
9839.717858
9937.278515
10121.495696
10232.452164
10401.270316
10431.838307
10412.528083
10255.369041
10127.512004
9933.702513
9840.006897
9673.146847
9862.847551
9953.364232
10248.546592
10712.517060
10975.179790
10680.048603
10790.826611
10741.051225
10672.058739
10606.655766
10744.964597
10635.850560
10760.607955
10902.271530
11251.186604
11414.389097
11630.614420
11486.784300
11250.750361
11001.647907
10813.771715
10721.512487
10759.955011
10598.851751
10355.495401
10589.362847
10781.058541
10669.938638
10842.510702
11312.236100
11249.000974
10951.721388
11143.576703
11160.732605
10829.108582
10664.221231
10589.115537
10324.352015
10309.025986
10625.325523
10861.184771
10974.073358
11008.441788
10791.914106
10605.860654
10394.811209
10246.391670
10240.718266
10572.302997
10810.123908
11197.344801
11340.324187
11210.002357
10814.998280
10575.259915
10259.022934
10336.085617
10497.123509
10715.768987
10612.053581
10589.301128
10228.114272
10026.735491
9773.557720
9650.965059
9558.972140
9743.052016
9862.177840
10103.801908
10188.024561
10099.926519
10176.922953
10230.597623
10037.182716
9937.197412
9958.479597
9603.219828
9557.058996
9631.828624
9717.993294
9885.072110
10012.752877
9870.746116
9928.305640
9932.186468
9815.197397
10106.665242
10409.671014
10415.373014
10553.474081
10593.810812
10670.748788
10857.041663
11299.914427
11472.117371
11715.930676
11702.506035
11570.495482
11297.861300
11326.887777
11576.125407
11762.503368
11723.655917
11553.381329
11252.202325
10955.080996
10893.041975
10695.290067
10687.922490
10691.495899
10605.441090
10467.930540
10803.607707
10983.742889
11101.134113
11164.145873
10996.752457
10605.609865
10540.192599
10390.686475
10246.978526
10478.439952
10618.424231
10453.329741
10639.408229
10656.519417
10519.394404
10596.041304
10461.707818
10337.312301
10145.730868
9829.524652
9444.043825
9555.393385
9428.824875
9616.753330
9970.545848
10211.719984
10115.963099
10302.163992
10482.268539
10629.033425
10868.658056
11279.061014
11292.343788
11067.925631
10906.228372
10712.575554
10565.037546
10517.115094
10764.313683
10724.775547
10745.878575
10857.394547
10955.014273
10809.228162
10673.683193
10892.397411
11065.034799
11107.031624
11381.385070
11561.747038
11594.564999
11504.341341
11746.106252
11951.186242
12220.001499
12463.480615
12576.386912
12365.912431
12185.429453
12084.100617
11721.660313
11353.444427
11295.888390
11094.606406
11120.889765
11149.831575
11456.479760
11504.379925
11305.170191
11229.729911
11156.942454
10992.028209
10805.951539
10961.456032
10884.215625
10918.636165
10817.092035
10788.475133
10723.243964
10817.155682
10924.622748
11263.817810
11666.227850
12092.243757
12270.689559
12318.828569
12374.379920
12514.289756
12581.566991
12414.004060
12554.142643
12178.222813
11894.409171
11430.479040
11492.483055
11195.493732
11235.604284
11247.248366
11590.253468
11804.894143
12138.338062
12418.252972
12761.636561
13018.608178
13059.804097
13164.756654
13010.164409
12497.904954
12225.821986
12161.916600
12064.145622
12248.165230
12655.004467
12959.238521
13265.894098
13574.430846
13846.474513
13921.767366
13747.494065
13259.964919
13018.662649
12618.117106
12491.106144
12389.789100
12269.553553
12074.099812
12198.360108
12349.795141
12459.540253
12805.164468
13106.450794
13230.739159
13453.162378
13672.121479
13938.931593
13925.507851
13883.357173
13716.487414
13689.668957
13281.196147
12922.861184
12771.254457
12553.111726
12355.421689
12255.900690
12462.975328
12472.386563
12248.165215
12163.632861
12361.480546
12431.750889
12507.245771
12744.609569
13040.409752
13081.771798
13238.551560
13207.567187
13259.690802
12992.977946
12947.999206
12853.944490
13007.368280
12915.094233
13049.620950
12765.881491
12704.456160
12387.805822
12196.370710
11835.769747
11649.571705
11396.439926
11421.398649
11310.217828
10988.226985
11147.733595
11155.483690
11259.247013
11514.005518
11999.270947
12115.525744
11960.499356
11732.178476
11602.188239
11527.305338
11621.048558
11515.958736
11617.219621
11210.756083
10835.169363
10532.342057
10791.140686
10720.359479
10946.503847
11044.300058
11074.532111
10924.828345
10980.428774
11162.373391
11488.625890
11404.011149
11394.262454
11344.502865
11283.073397
11173.902765
11268.035805
11398.257176
11622.538452
11678.152817
11747.224852
11961.158618
11946.422336
11875.365371
11967.284496
12028.510640
12096.454274
12165.432032
12023.471347
12121.611937
12096.454288
12011.539830
12147.690631
12270.396438
12427.844073
12704.303464
12956.341179
12833.224372
12723.953661
12369.304223
12111.834808
12027.746196
12284.712777
12332.335651
12374.452509
12529.963675
12603.134300
12313.481223
12277.483177
12371.181199
12051.272349
11729.724761
11921.255471
12368.105154
12509.755559
12807.059856
12685.064905
12514.216434
12101.994250
11709.177065
11306.245062
11392.915925
11281.471814
11068.725656
10955.616011
11101.575459
10973.462017
11138.430710
11377.993963
11537.314042
11738.356980
12028.082983
11960.802583
11874.826067
11986.185959
11742.379787
11794.947081
12149.746498
12395.363382
12805.512425
13375.459983
13480.212773
13380.499347
13639.420664
13351.414293
12771.023299
12714.616367
12385.179477
12189.149055
11959.291988
11986.111565
11782.702213
11748.097901
11516.435827
11612.178672
11815.304683
11862.360729
11877.612335
12011.655123
12010.066604
11860.518429
11719.416742
11903.400741
12106.757962
12361.960946
12731.439327
12972.174657
12978.044781
12884.425222
12612.213059
12285.818402
11800.771176
11438.464896
11003.240374
10815.337936
10663.910336
10927.147155
11088.219406
11437.142373
11830.327548
11782.311852
11818.151920
11804.754222
11442.236845
11148.841544
11070.324659
11226.467178
11188.048705
11335.876353
11469.997725
11837.955302
11676.599305
12017.586056
12192.095377
12146.012351
12124.986340
12314.617261
12159.675410
12010.066604
12080.968466
12050.506521
12040.666515
11883.650067
11983.089313
12284.615309
12336.727053
12340.101774
12541.065677
12597.040258
12309.814206
12201.880601
12121.222277
11831.573972
11806.474369
11896.784136
11932.956568
11737.424656
11547.869305
11219.703951
10859.372297
10604.450309
10540.192607
10609.555368
10757.027803
10898.960579
11174.890952
11572.016768
12118.484913
12374.629176
12355.761845
12394.808149
12136.897261
11905.182104
11780.345477
12108.133492
12088.727274
12536.766266
13088.933557
13190.295411
13195.604000
13234.539038
13176.126509
12606.900274
12495.671641
12280.402110
12156.103633
11793.271739
11722.181301
11750.963539
11754.890331
11804.682354
11862.823463
12178.869110
12411.140504
12436.079273
12331.047088
12074.861800
11919.628879
11572.734435
11624.519790
11453.781925
11558.919190
11332.924979
11589.631941
11718.311342
12126.611873
12261.899696
12532.448734
12243.009568
11841.780845
11546.853451
11497.910486
11250.422198
11254.343858
11317.718269
11352.085167
11408.527173
11494.865867
11494.865867
11556.297920
11377.867468
11453.237433
11345.591212
11520.277206
11577.895166
11547.190592
11201.107681
11212.615741
10896.047947
10489.663227
10744.820357
11171.720775
11023.895134
10799.562923
11083.511752
10993.376865
10605.832316
10868.658056
11309.674791
11393.940281
11349.827371
11626.180116
11633.587316
11405.870422
11438.329248
11423.082438
11423.082438
11551.370870
11821.667883
11469.182797
11409.567009
11272.464115
10904.241022
10804.362845
11055.805421
11216.694268
11088.819374
11280.677666
11213.620877
11188.553941
11265.093331
11818.201069
11944.527282
12074.942896
12372.451094
12404.582691
12132.157915
12030.548967
11835.047472
11465.004553
11478.246611
11700.051330
11815.253349
11870.930271
12022.570461
11878.437959
11442.271194
11615.017517
11930.990261
11856.478264
11919.693302
12145.481420
11855.969077
11631.376346
11614.309204
11508.699632
11420.371269
11412.714417
11378.155498
11366.983748
11263.128401
10727.219096
10368.645376
10236.367683
10121.362729
10056.136569
10498.003528
10779.889061
10707.146229
10714.811750
10735.778949
10463.144493
10541.920963
10879.310785
10936.731174
11074.867058
11484.616496
11502.112626
11308.418581
11241.150214
11175.871697
10927.685196
10776.249666
10738.061935
10762.839634
10718.908571
10669.998843
10736.940007
11032.243651
11406.310907
11743.809349
12134.767043
12387.779609
12608.433451
12558.343654
12470.631711
12231.732562
11984.062260
11616.164593
11292.062288
11037.089757
10771.753127
10470.909310
10104.622632
9970.652184
9870.633022
9861.448522
10098.988761
10484.359652
10668.596473
10804.500503
10964.405942
11056.648634
10943.185459
11073.992190
11020.086253
10995.691436
10765.800518
10592.997916
10330.277841
10376.355864
10318.033296
10356.374224
10448.299981
10597.959933
10584.551976
10763.070227
10943.220294
11244.572007
11760.138861
11906.223214
12024.204818
11955.480631
11650.479280
11205.706402
11420.408170
11522.070673
11798.211313
11892.267543
11934.499101
11736.823624
11834.577114
11857.435576
12030.158971
12127.926199
12286.766447
12258.968703
12162.854002
12260.810220
12276.477182
12237.769869
12043.876402
12017.271014
11838.800020
11773.668341
11564.762984
11676.037172
11892.468883
12062.757570
12191.406287
12369.713889
12123.208152
11812.894553
11726.770808
11523.221484
11605.791776
11491.012013
11222.544093
10817.847490
10576.328186
10181.444713
10106.176402
10169.624609
10215.436636
10215.436636
10301.936047
10392.125878
10407.638944
10443.779042
10411.230099
10535.909394
10592.237676
10741.772117
10902.897428
11115.675532
10912.375807
10767.638676
10656.340832
10585.343084
10455.144840
10435.947904
10509.198815
10564.966045
10509.198832
10706.798663
10886.953324
10853.297194
10617.313228
10598.128279
10536.769819
10642.215476
10739.996022
10803.307483
10588.760766
10429.432802
10364.138282
10478.983332
10503.831597
10638.076404
10423.540623
10191.328003
10005.069751
10110.764139
10219.884492
10256.421586
10045.639390
9782.245668
9550.145818
9252.675719
9406.337166
9602.070558
9795.680840
9897.178401
10154.173973
10173.335530
10367.171598
10506.231188
10720.904406
10960.559234
11160.175027
11372.776883
11508.263024
11525.399257
11329.683537
11326.170569
11249.404291
11133.027840
11174.805084
11337.884616
11366.953078
11362.964696
11887.773996
12154.150059
12303.685537
12459.409973
12267.139374
12184.519987
12332.012675
12412.328461
12399.130161
12606.675214
12563.695646
12411.340064
12214.277881
12273.343147
12731.423349
12712.921144
13092.607095
13441.283287
13495.830127
13109.769552
13098.858119
12681.024913
12588.750879
12693.810079
12853.020767
12832.533823
12583.069740
12406.871604
11931.015172
11758.971626
11651.452300
11897.037391
11960.278033
12619.511019
12871.007718
13141.355352
13223.836574
13316.214284
13243.579722
13395.014524
13609.034829
13856.221415
13871.932990
13653.376044
13513.681798
13201.059337
13110.647765
13241.463312
13375.732985
13400.343041
13519.093691
13304.186238
13307.986351
13478.967511
13585.804111
13766.733900
13841.512980
13626.763475
13195.205922
13051.443650
12830.203315
12814.655278
13070.897284
13245.476420
13529.117522
13431.648539
13780.664202
13631.114238
13280.586024
12971.591381
12873.649219
12538.179025
12519.196855
12996.222195
13010.115528
13124.265017
12725.472885
12744.783710
12874.959052
12923.021770
13015.368157
13351.159097
13118.764947
12835.041422
12743.022959
12989.346556
13183.176389
13359.543489
13376.541291
13286.617955
12991.675197
12830.528831
12782.403959
12514.121853
12381.500345
12189.733184
12030.682272
11802.535312
11948.212594
12009.715072
12177.207793
12426.357481
12614.075322
12572.371744
12658.835457
12406.226187
11784.944882
11712.009933
11817.847005
11817.847005
11864.512342
12033.550297
11968.024338
11900.990613
11744.001198
11851.364994
12136.864930
12448.911221
12416.762348
12489.522378
12395.541615
12282.280453
12048.577713
12033.340471
12100.187979
12006.292888
12088.626380
12015.964214
12044.357025
11843.185865
11880.752002
11737.045154
11888.855497
11756.054547
11955.653530
12102.232008
12255.837561
12269.381042
12290.349752
12243.999156
12114.910312
12031.879666
11983.896208
12298.614909
12407.857938
12823.296361
13023.213473
13030.481659
12704.530794
12472.414508
12404.558159
12163.077340
11973.264809
12310.869534
12500.550418
12277.121451
12491.472223
12834.773332
12720.020428
12729.690115
12783.319767
12933.723475
12803.079932
12956.744191
13089.007451
13118.735106
12806.350802
12839.062982
12687.299110
12509.189624
12381.161249
12435.127541
12183.991542
12101.416330
12300.544849
12331.163763
12390.329297
12482.470525
12631.996579
12382.237541
12463.420062
12243.140941
12140.997627
11740.617950
11640.736413
11343.851932
11322.692331
11520.235895
11702.226966
11980.610806
12260.645927
12231.893918
11980.815822
11854.015363
11775.516745
11711.447454
11949.041991
12221.838399
12303.989785
11918.660185
11580.160006
11250.219470
11123.803261
11399.803149
11980.977653
12507.410245
12904.136990
12877.942508
12680.504688
12516.850669
12567.882488
12589.027306
12592.812204
12788.536207
12538.846863
12386.742792
12256.163554
12431.115589
12409.838465
12582.290464
12435.544872
12725.094089
13124.019690
13031.489136
12865.793700
13000.315074
12762.549471
12133.916440
12137.627107
12269.902485
12025.412529
11925.791336
12002.119628
11737.712316
11396.513496
11204.656083
11080.083988
10878.915868
10828.960434
11057.168296
11087.193774
10784.291263
10617.434866
10686.416354
10488.895342
10285.939999
10548.636110
10671.199456
10454.564188
10260.733011
10392.725519
10314.003950
10018.551119
9765.533179
9738.806073
9590.160959
9406.147567
9712.728699
9893.089304
10050.388252
10112.245613
10074.022556
9922.614561
9939.825627
9895.633070
9877.136697
10116.544735
10229.672090
10388.986856
10432.974417
10818.393365
11000.733306
10906.672845
10620.911329
10411.941044
9868.597758
9595.996940
9730.398768
10046.813770
10374.919521
10895.553282
11054.858426
10889.906531
10460.381943
10383.819034
10250.190920
9995.093795
10146.657768
10346.025457
10269.259819
10182.816195
10351.637890
10297.856644
10391.906528
10368.771284
10338.674716
10163.935090
10175.741381
10380.942537
10511.406492
10597.828400
10802.991807
10741.602684
10647.764093
10712.784949
10677.056699
10594.734459
10646.593772
10667.493578
10437.383063
10294.570021
10342.437129
10307.978177
10179.476012
10135.411586
10368.551835
10433.760437
10715.674423
11030.170538
11333.099681
11293.464321
11260.953609
11243.705469
11100.079692
11234.026422
11480.606718
11461.205358
11513.098503
11486.259497
11118.012630
10865.892402
10921.654226
10898.692680
10889.013445
11000.396222
11359.479878
11367.303743
11188.792235
11279.101360
11512.943817
11339.827933
11489.286398
11642.653234
11471.992909
11192.195865
10816.111447
10509.230966
10513.050792
10384.601088
10313.764346
10466.143055
10471.879895
10149.709530
10257.146907
10496.742432
10239.106829
10108.738815
10056.833484
9901.768778
9594.932986
9803.525835
10162.282773
10188.880673
10229.196515
10394.109350
10371.438952
10197.155590
10615.229208
11006.269128
11159.899073
11197.158255
11124.354885
11034.366253
11166.530026
11410.050121
11712.547973
12171.104694
12243.825493
12052.019701
11931.141166
11860.078462
11593.603414
11499.623178
11597.253548
11255.822458
11188.320363
11002.340686
11075.130273
10894.984867
11201.711279
11271.368109
11489.720637
11455.265686
11587.834428
11417.059138
11319.152294
11175.200762
10972.152171
10801.584029
10694.150676
10455.384035
10351.820943
10451.621391
10368.963858
10486.096801
10651.419783
10812.700175
10659.127164
10526.821197
10559.693074
10668.639317
10768.159165
11180.348557
11657.892177
11663.710124
11630.064087
11681.371970
11507.258623
11599.019198
11549.151683
11669.701532
11642.653219
11471.992893
11125.002405
11395.390119
11384.170045
11407.219298
11865.265291
12173.853812
12028.299681
12017.205189
11875.326391
11731.276497
11693.173830
11710.457323
12065.552422
12340.126623
12311.116227
12312.878605
12355.310517
12127.796361
12006.765145
11830.622617
11709.918948
11763.337786
11710.827871
11751.091006
11818.225302
12007.807753
11860.420277
11534.997696
11445.151292
11387.366054
10986.747076
10934.870814
11085.501607
10839.928835
10945.240382
11344.218808
11449.539401
11475.985351
11598.659199
11685.194000
11516.402624
11544.988727
11388.775554
11358.146099
11469.567276
11601.941716
11507.905530
11701.312425
11916.224176
11595.981133
11563.445160
11415.648888
11498.587946
11605.921674
11872.164438
11734.434208
11832.286085
11877.274444
11760.198256
11606.623176
11505.271787
11488.212034
11386.560858
11281.036526
11116.055396
11275.275779
11311.760270
11244.090962
11372.428918
11570.129946
11907.378235
12310.381368
12613.150109
12833.353411
12964.075138
12635.870118
12248.462830
11877.936429
11423.630610
11109.303004
11134.237890
11346.879135
11759.061941
12297.693667
12698.019547
12702.415277
12650.261429
12752.049815
12556.511791
12693.042001
13089.360812
13029.982368
12986.872895
13259.313962
13057.897833
12883.305416
13028.909555
13048.008410
12758.352140
12681.621091
12500.917147
12311.297274
11897.801275
11623.678165
11575.534898
11608.072348
12056.612480
12284.615309
12394.062976
12708.321943
12898.296967
12579.826853
12303.389090
12385.885885
11971.691305
11423.178020
11244.944122
11393.462185
11264.728774
11397.195806
11730.805805
11880.273857
11810.817177
11643.736023
11024.559574
10409.279716
10148.366616
9828.804815
9807.793316
10348.428484
10501.876656
10154.713513
10352.105943
10499.743374
10492.231645
10741.400222
11259.217862
11221.525440
11395.923275
11574.156450
11576.241780
11449.576177
11414.031713
11154.916587
10706.373828
10599.061567
10619.980114
10753.573817
10853.465369
11181.183375
11302.005045
11242.469670
11340.290156
11465.070279
11244.610238
11090.952446
11160.284738
10966.458608
11031.477390
11114.314312
11117.856699
10895.432654
10679.382312
10272.716415
10209.595260
10197.953748
10529.581104
10768.396328
11246.019285
11324.525828
11389.751449
11368.663829
11334.691015
11101.167879
11319.400817
11407.646639
11311.837798
11552.594754
11623.596586
11445.337612
11533.290409
11464.439798
11057.990792
11065.748857
11134.740760
11106.008581
11094.531007
11207.253038
11053.953763
10720.452726
10348.428487
10066.399699
9810.934296
9615.519285
9563.410927
9824.226536
10106.029491
10397.506639
10633.346241
10844.156971
10917.093861
10892.142870
10993.829549
11026.372017
11022.672178
11064.768676
11337.086222
11566.162843
11581.640572
11840.529348
11775.458302
11691.043337
11728.762555
11997.198408
11786.141477
11943.490408
11906.984905
11673.476268
11322.870463
11223.285307
11178.975047
11457.168402
11667.585882
11640.696308
11680.900689
11755.817423
11600.516939
11501.086231
11537.511089
11619.968777
11301.590233
11044.623155
10807.812752
10945.623554
10989.674523
11156.630770
11175.569562
11392.189027
11378.538744
11321.280873
11259.781955
11223.451535
10984.427501
10825.272561
10616.339603
10664.337488
10643.158101
10543.573693
10787.090002
11032.420770
11138.074846
11525.187040
11459.453503
11150.786310
10748.075831
10318.518274
9812.233031
9943.939560
10074.302805
10342.799214
10446.385326
10542.454307
10628.912686
10527.109378
10730.406293
11006.473844
11015.970524
11134.547187
11370.292614
11420.185754
11699.993997
12169.813049
11865.100055
11658.205132
11470.406728
10994.768209
10565.349504
10860.536526
10891.156627
10877.959609
10941.151867
10785.716652
10405.656635
10177.809294
9928.411406
9755.773968
10052.906016
10222.374167
10329.692349
10243.295055
10249.216577
10036.560789
10169.911694
9987.530491
10208.351181
10250.419652
10150.622984
9986.967666
10359.066089
10389.716368
10243.851348
10338.005839
10456.554324
10220.580754
10441.285953
10768.881131
11025.902772
10933.809897
11023.834255
10644.158117
10594.476058
10368.179174
10381.282328
10431.203037
10572.984153
10454.068260
10553.915661
10649.700341
10603.721079
10720.753486
10674.475562
10605.665220
10427.065848
10227.668802
10055.256349
9968.684597
10066.428148
10147.260123
10170.281379
10124.357221
10176.101123
9911.402859
9933.936752
10051.169759
10191.077145
10031.900746
10208.472869
10172.613616
10314.507492
10573.314520
10880.085607
10914.682221
11151.504564
11080.486863
11034.645853
11136.055447
11316.556475
11233.695388
11478.928862
11676.862675
11931.299590
11981.416587
12216.523586
12252.916671
12097.560898
12051.647429
12161.068309
11993.626073
12140.933747
12148.827224
11857.367806
11483.566966
11489.143812
11502.646257
11542.863760
11688.738026
11943.680976
11928.799861
11612.266282
11508.616547
11625.607565
11658.244824
11972.324899
12056.484539
12146.662756
12271.164839
12284.843449
12160.800213
12095.870754
12049.705863
11853.850900
11587.628353
11378.575982
11426.637580
11399.699097
11345.869200
11374.987172
11457.668022
11440.264066
11363.601407
11252.379627
11240.802318
11218.218818
11296.987106
11036.342666
11057.319714
10901.929087
10665.116602
10193.397030
10341.005090
10352.354593
10634.347501
10880.627788
11193.193255
11375.526286
11425.276238
11467.182913
11441.123275
11370.111791
11280.192175
11377.804509
11567.430122
11622.078196
11733.342924
11821.482206
11896.494420
11821.482206
11921.214211
12162.761378
12251.290611
12333.045662
12379.705919
12217.622750
11987.595112
11945.487806
12043.308227
12006.710288
11993.701602
12409.969389
12725.657451
12636.013771
12823.470929
13264.099100
13193.445832
13139.800919
13296.758735
13311.646859
13406.073775
13712.985847
13916.008222
13909.913840
14144.469791
14031.298668
13596.091074
13193.561061
12936.156809
12273.012640
12115.179259
11723.686357
11630.217501
11616.528188
11967.419062
12034.970704
12572.413758
13149.146841
13392.887323
13286.829441
13369.977098
13462.470357
13018.776176
12802.558179
12681.707832
12404.834849
12333.550453
12386.138073
12323.155884
12255.793914
12063.836390
11781.970061
11546.122593
11601.941716
11693.797774
11714.385545
11524.620956
11545.706986
11208.297043
11091.162595
11138.374533
11178.600748
11186.289868
11675.365286
11920.506321
11986.618772
12174.015535
12222.359479
12162.730701
12038.411265
12109.815151
11883.434736
11770.448841
11819.916645
11818.249369
11784.214421
11928.269228
11908.879939
11496.588055
11232.316282
11124.859059
11071.112026
11065.501490
10891.000672
10987.045309
11186.289863
11281.923704
11332.213899
11280.325592
11149.947965
10918.374981
10882.106873
10903.232644
11173.632529
11213.897032
11108.459266
10880.250448
10801.723304
10694.263134
10734.569210
10875.552707
10829.620091
10549.697971
10676.271959
10656.822524
10515.957444
10617.641127
10669.526306
10481.486672
10364.423003
10321.369381
10290.464359
10296.343283
10198.523435
10235.038471
9971.665689
9873.984781
9971.665689
10316.976183
10297.680120
10543.986781
10659.001603
10814.354856
10697.622572
10898.758163
10938.315732
11325.610984
11377.348314
11467.182913
11346.444745
11433.237923
10913.293133
10729.582733
10750.589219
10752.487119
10737.364438
10846.653578
11073.075369
11115.225834
11335.876353
11457.971080
11630.559486
11475.181902
11003.415926
10769.520312
10652.973576
10388.402727
10338.447640
10470.874215
10388.402723
10450.503991
10371.628276
10435.024171
10962.426600
11240.273963
11116.154402
11177.819899
11267.944258
11066.398986
11027.924400
11325.191889
11712.248843
11620.445247
11390.446150
11348.406883
11329.225124
11078.189120
11057.168296
11003.380492
10796.317647
10600.714530
10727.298938
10827.170122
10959.210068
11214.382838
11306.390269
11296.929391
11294.751088
11408.053658
11406.274260
11146.722210
10736.241493
10473.565678
10226.486882
9904.156910
9823.326801
9796.735169
9717.884720
9863.445150
9971.130493
10260.390805
10603.767126
10649.731383
10513.549980
10490.721288
10355.436249
10345.595892
10414.731956
10435.801039
10514.329829
10343.224527
10182.256184
10076.843479
10038.351072
9747.118519
9867.319953
10064.962400
10218.200020
10335.232568
10647.800827
10734.200063
10646.165866
10709.166071
10703.646638
10688.279801
10739.000496
10756.247008
10528.108640
10472.480685
10436.020206
10349.512481
10170.972422
10019.697634
9828.037970
9509.831414
9466.380011
9589.150117
9702.606156
9899.789888
10130.066623
10002.126229
9955.862769
10030.743805
10046.236968
10036.702814
10215.141464
10228.514735
10318.619654
10314.839780
10347.597264
10236.481332
10324.671198
10184.718277
10110.051703
9993.041282
10297.649252
10301.636084
10403.151713
10378.027545
10640.755339
10484.736975
10413.789605
10335.264750
10457.923598
10450.338876
10166.439013
10083.890821
10214.296509
9878.461641
9567.918706
9645.181057
9700.768828
9610.660229
10011.650287
10266.483442
10548.560608
10648.278839
10604.137174
10502.511668
10488.970414
10246.391693
10334.774712
10545.552850
10455.501372
10476.546587
10540.273957
10427.432154
10425.312040
10705.389925
10666.978708
10595.504249
10687.699581
10783.610705
10564.966045
10534.153491
10688.493028
10600.250174
10444.949336
10487.154869
10580.936711
10569.967585
10558.257272
10564.036088
10458.408712
10343.434604
10140.472981
10050.305519
10080.976207
10129.030757
10341.712861
10684.050617
10785.574980
10741.501642
10768.259389
10639.853978
10312.566543
10090.115969
9954.356407
10078.625149
9992.501077
10210.524609
10446.464991
10649.638480
10643.850891
10619.089374
10538.187735
10329.128999
10175.741380
9899.698465
9782.704494
9886.219977
9915.164284
10139.348044
10240.893367
10334.908130
10033.861852
9972.516935
9721.541914
9677.376999
9510.544637
9373.428636
9236.912984
9055.042655
8945.498988
9016.490545
9057.818969
9159.837895
9429.805886
9554.437295
9640.874052
9902.261832
10199.391202
10172.576910
10383.627107
10327.885221
10260.050073
10210.291013
10269.608258
10404.027170
10854.386112
11016.229051
11200.524066
11154.220661
11043.133504
10876.256120
10885.736376
10895.284079
11094.719701
11178.975047
11167.541927
11293.498461
11368.369280
11266.925633
11218.570597
11065.399237
10879.310809
10687.584372
10547.545630
10386.526643
10532.212842
10522.919741
10363.618609
10398.032464
10447.953587
10517.115072
10614.967363
10787.463826
11138.346105
11257.292168
11005.995611
11045.491696
10920.999431
10821.164611
10884.369188
10978.416989
11002.794062
11338.295404
11258.134376
11165.763801
11183.049542
11045.801617
10813.803061
10694.696790
10690.982670
10834.904294
10964.500574
10955.047628
11298.018153
11284.676568
11399.768239
11535.182330
11607.965445
11381.873572
11197.607099
11021.376639
10757.950491
10547.182212
10514.525779
10650.572843
10715.922919
10732.914753
10869.054821
10527.722480
10111.620099
9588.068877
9276.183659
9024.526665
9028.784578
9109.308336
9216.382742
9355.766398
9445.683929
9610.723250
9886.796665
10091.889203
10150.248051
10246.122289
10357.376493
10372.641431
10330.491570
10245.890111
10163.230888
10052.092968
9973.647292
10286.179072
10489.198006
10529.439829
10772.888117
11307.970763
11340.498181
11428.896774
11361.883495
11254.452258
10863.425615
10602.451018
10540.315743
10874.200702
10983.313268
11098.512622
11213.656453
11183.391111
10867.083369
10441.538925
10301.598770
10328.266645
10373.468633
10478.918395
10670.548043
10367.765263
10124.136307
9864.632481
9680.479736
9333.454496
9312.553538
9279.811382
9270.084867
9304.694122
9611.442451
9726.842369
9697.856093
9825.934998
10013.864639
9981.335420
10142.200473
10132.482725
10309.396410
10315.148110
10405.100355
10378.305528
10731.279271
10806.461869
10727.919294
10862.075285
10808.512233
10775.905971
10595.233934
10578.010796
10499.348422
10539.517339
10468.609402
10602.139058
10663.596490
10886.017474
11196.631474
11221.587561
11308.061177
11409.639595
11484.311180
11164.300273
11446.071676
11438.531573
11398.369055
11227.766706
11505.693594
11156.747786
11183.080718
11323.016888
11250.090155
10987.686203
10906.922852
10510.059618
10266.755582
10157.236225
10132.279189
10255.031632
10411.264581
10434.206749
10464.971631
10595.266457
10302.125840
10066.694297
9877.241443
9639.330357
9340.251318
9411.195818
9535.163454
9819.022157
10070.239887
10304.121103
10581.991219
10708.230280
10489.506635
10491.592111
10464.696935
10449.220197
10494.368257
10521.410744
10454.068270
10335.329231
10176.067796
9926.177476
9987.221358
9908.919129
9881.681227
9552.120631
9683.762120
9559.184528
9628.143757
9806.576343
10191.896937
10453.196183
11041.808438
11396.587275
11384.976341
11375.657908
11304.176166
11137.390447
10985.800398
11096.950358
11070.232320
11026.883923
10789.159386
10869.720845
10942.438035
11040.358935
11110.060641
11177.149397
10931.400854
10789.641266
10851.037235
10856.920411
10768.396328
10874.034597
10964.055580
11086.815245
11218.275498
11400.510644
11254.796828
11252.869066
11195.493736
10890.782122
10585.732352
10641.437705
10457.542424
10449.783409
10528.763315
10812.659948
11084.930719
11245.946600
11002.376257
10938.506088
10950.010701
10731.356303
10384.277253
10347.973330
10201.211205
9971.209470
10043.955095
10515.566537
10676.666229
10834.706869
10978.541545
11101.424060
10836.513883
10614.291232
10619.702869
10591.004307
10529.581079
10857.702862
11102.883880
11259.188915
11017.525027
11005.995610
10988.720357
11203.489667
11414.195204
11856.943773
11979.987276
12098.350452
12039.243246
11730.721070
11558.210039
11310.807617
11029.037226
10869.853777
10777.453747
10516.998440
10401.877185
10185.183339
10066.258665
9866.986897
9939.825635
9748.272839
9525.688580
9357.000551
9436.178087
9595.134945
9901.977674
10329.429764
10496.261261
10594.158866
10641.944162
10599.890087
10419.503135
10490.555800
10674.608746
10739.957298
10672.955299
10901.086541
10929.986986
10826.506256
10646.310919
10736.174506
10617.394114
10590.525681
10592.423078
10598.162814
10715.234883
10609.794603
10565.618639
10458.289005
10600.312047
10452.650109
10751.835686
10870.543614
10853.773380
10619.702868
10604.577879
10249.755703
10144.274145
10132.785176
10200.147604
10201.970935
10253.739569
10248.051724
10434.172249
10591.418145
10384.333706
10234.847261
10177.272535
10111.506355
9988.639146
10351.237010
10644.448512
10701.907963
10608.002910
10650.048961
10784.423404
10805.348363
11037.484194
11272.665300
11445.337642
11241.790706
11078.976543
11140.126890
11008.479231
10719.211233
10843.646153
10999.025438
10927.939970
11018.279763
11217.743875
11277.095779
11729.863848
11480.606738
11531.206507
11939.647131
12125.773059
11659.805893
11851.692284
11791.115031
11639.604608
11404.056172
11618.765129
11854.534597
12006.683621
11868.894401
12129.469436
12327.215281
12403.923326
12554.169048
12532.856167
12390.947231
12197.657977
11950.166588
11581.531886
11748.272529
11573.897205
11612.324993
11742.643932
11776.426843
11531.120505
11584.610437
11663.445614
11709.603595
11797.823909
11701.832627
11517.724192
11182.409920
10869.820830
10781.422511
10699.044874
10706.625782
10633.731513
10501.597114
10478.950945
10714.811771
10856.834653
11080.767640
11180.555991
11177.006308
11205.666572
11171.330383
11121.202527
11065.676821
11086.463872
10986.789846
11143.886676
11224.436070
11193.737783
11466.284445
11660.178418
11343.777688
11134.685421
11328.278660
11151.538341
11115.255377
11356.832230
11527.503245
11533.125016
11474.948952
11268.005582
11336.975960
11367.597404
11561.240243
11668.452272
11710.613942
11578.346884
11444.165170
11438.225205
11821.692537
12082.673163
12178.353801
12304.831600
12169.147651
11807.954011
11672.031557
11554.953292
11564.495826
11508.671703
11651.630470
12257.217006
12641.207690
12832.873007
13003.839309
13296.825860
12852.213623
12740.929503
12445.571552
12614.095840
12418.457494
12493.243528
12267.139392
12194.198383
11954.942026
11787.200143
11555.436089
11654.871767
11700.760468
11363.517415
11124.618256
10729.812025
10779.597861
11003.856583
11289.762993
11494.653919
11682.300342
11464.054183
11178.331636
11138.074833
11109.861164
11264.847316
11431.777854
11696.328712
11627.284697
11549.998412
11542.577378
11672.964614
11531.149175
11680.468257
11609.250866
11662.945506
11490.267320
11638.227065
11808.571449
11966.564146
11800.044790
11598.502350
11615.912310
11237.994852
11305.790832
11508.814289
11882.971593
12007.217005
12088.160697
11693.173830
11465.004536
11146.692316
10592.497749
10389.326434
10417.453757
10216.099312
10077.979554
10242.960406
10409.812655
10575.192773
10659.645210
11037.393205
11052.697582
10964.437438
10934.450455
11034.244298
10957.394977
11045.686178
11218.105280
11316.003997
11528.747045
11636.496989
11684.423196
11455.892094
11348.943135
11174.300976
10972.929141
10758.048503
10735.194885
10881.902136
11345.711147
11491.599163
11660.386662
11765.676754
11579.692685
11345.561818
11537.586711
11632.974005
11558.529342
11799.594676
11835.708026
11561.470323
11423.432917
11668.984836
11520.360266
10991.090156
10672.892015
10709.134159
10653.700011
10664.999671
10877.921101
11194.146606
11034.991957
11065.641219
11007.297703
11051.406244
10936.393117
10829.071609
10478.256310
10308.925494
10101.849875
10048.033299
10188.055430
10331.858751
10275.432013
10309.977710
10120.359852
10024.477612
10116.305624
10167.180851
10318.551851
10462.260612
10372.180767
10253.402432
10386.980275
10283.323211
10477.082662
10956.356271
11247.906491
11134.908560
11018.021480
10655.726480
10162.851831
9871.229312
9886.526144
10051.432564
10254.505457
10143.448872
9899.913254
9655.562803
9492.626195
9208.632542
9231.870789
9302.652373
9396.941281
9266.026902
9377.537060
9511.740975
9438.853405
9419.889240
9615.919573
9765.080038
9878.208338
9983.697647
10002.825666
9845.345506
9586.542085
9433.047156
9588.346536
9654.130327
9983.932591
10388.684512
10705.061040
10791.218530
10969.914299
10747.343556
10678.629276
10707.316348
10622.815256
10562.692188
10691.069184
10788.968963
10649.009390
10725.584277
10767.086651
11079.632335
10968.444051
10860.941849
10799.562912
10649.202856
10328.943045
10459.210932
10691.245661
10766.339891
11044.479041
10958.111820
10681.883126
10381.043339
10208.630771
9907.621498
10066.573206
10273.777185
10572.860231
10858.621509
11326.919720
11695.045546
11727.752124
11606.541329
11744.868045
11538.109905
11401.721931
11488.315052
11620.445234
11478.399923
11777.377535
11909.672308
11693.273383
11641.304946
11451.679550
11135.464609
11227.797719
11383.198423
11287.121606
11375.492939
11249.404307
10835.278870
10656.700161
10842.903081
11073.075369
11249.717210
10975.493829
10849.183676
10590.138518
10348.591210
10145.690010
10268.211544
10296.974587
10254.611838
10223.988528
10368.803025
10424.493245
10748.580502
10951.685862
11124.290246
11144.964602
11426.883593
11252.344464
11373.139882
11491.959351
11482.768751
11212.305974
11287.049663
10912.950327
10696.540459
10625.034589
10588.827728
10381.532185
10233.880825
9971.313160
9993.878164
10055.347147
10256.580309
10789.477743
11054.112713
10817.123929
10681.082969
10581.169691
10238.210366
9948.654672
10104.688332
9943.559103
9865.064195
9870.689965
9991.629286
9901.373922
10196.636218
9980.035534
9880.058065
9717.347636
9745.422328
9367.815894
9406.082743
9303.948895
9437.000842
9448.342569
9647.310916
9936.939956
10408.824075
10636.836808
10805.951539
11101.545505
11168.383131
10995.930607
10993.991791
11005.276727
10894.154268
10587.254128
10431.904225
10470.373787
10376.287485
10487.486130
10767.411075
11189.191624
11383.038251
11582.117283
11471.027937
11599.261424
11522.729328
11384.590873
11343.405186
11418.249517
11439.092483
11513.872245
11548.586934
11497.742485
11549.313236
11631.759770
11605.309961
11618.579964
11870.584045
11813.113432
11799.880555
12060.608522
12184.944402
11819.959132
11898.784638
11808.571449
11586.498349
11532.430632
11722.527664
11672.685309
11759.150093
11660.962817
11363.822623
11329.846854
11075.050920
10572.615722
10327.290773
10641.671081
10636.143288
11017.683828
11253.423895
11447.095522
11201.711279
11154.550563
10949.670513
10863.357707
10590.966944
10544.966858
10435.911503
10188.441988
10173.223859
10106.103388
9981.637469
9802.894500
9973.521413
10055.958665
10286.058756
10167.180871
10330.703126
10277.104825
10121.742532
9910.827283
10018.088811
9922.390979
9728.660624
9742.038491
9751.574106
9713.079108
9822.410060
9985.431654
10014.177544
10253.739574
10303.707787
10324.316068
10397.202404
10659.880823
10642.593047
10763.274100
10829.256176
10865.444064
10942.282426
11115.048455
11001.831786
10704.815973
10499.454287
10196.636213
10020.183662
10202.234679
10657.141694
10941.253175
11019.794560
11067.690592
11242.110674
11328.597432
11248.251033
11415.044992
11466.556720
11236.633872
11041.082270
11271.236766
11294.065533
11123.597239
11027.558088
10903.660681
10740.594852
10704.336856
10822.923626
10980.299502
11202.178210
11367.246521
11439.802178
11541.516836
11572.376173
11763.753072
11892.607740
11871.353731
11580.021931
11384.329999
10987.795689
10805.309548
10763.137421
11129.598730
11415.188101
11379.426202
11228.012814
11063.156473
10880.846457
10691.040272
10946.943719
11261.318306
11309.371196
11186.563705
11111.668410
10699.877658
10282.006044
10258.949610
10458.231143
10475.581980
10577.121030
10596.291213
10512.004248
10214.779764
10046.178938
9870.967700
9888.206636
9803.855744
9788.610773
9763.642059
9853.850839
9802.360203
9852.114728
9903.795241
10047.520298
10286.462807
10389.946334
10681.425878
10819.632022
11015.076798
10968.192400
11085.224064
10820.589664
10977.662674
10924.098620
11157.217517
11318.221279
11580.873176
11431.290095
11281.655733
11193.383020
11106.996680
11009.280630
10917.258916
11087.964568
11212.040353
11236.957190
11277.171459
11518.741882
11624.486782
11626.110602
11583.962740
11545.670097
11302.138089
11290.703435
11194.829268
11058.461101
10955.114296
11217.743858
11248.520569
11408.231781
11613.386956
11970.217239
11897.328405
11923.991173
11796.065305
11930.426959
11794.211101
11755.817408
11771.294554
11827.826771
11616.665257
11815.997034
11948.350696
11726.246032
11705.267635
11783.845983
11678.513440
11862.574094
12088.727264
12116.944106
12293.474391
12369.965196
12389.258554
12465.842952
12731.290611
12890.415525
12913.557737
12951.703906
12944.051371
12918.240872
12796.350003
12911.446333
12931.214052
12929.698348
12776.712940
12632.811408
12380.011468
12312.647802
12301.120190
12261.796275
12227.142768
12133.549514
11959.174893
11882.395111
11630.391916
11448.084290
11377.173616
11434.833413
11492.053407
11853.161898
12106.415235
12387.968916
12553.226753
12497.472432
12326.472590
12115.314179
11747.308902
11480.916475
11394.430215
11407.646656
11524.620939
11852.571653
12040.237515
12038.674680
11828.020481
11833.656301
11292.886433
10715.800130
10424.380001
10473.163781
10390.607490
10663.009809
10845.003519
11133.066819
10948.661292
10860.331969
10693.574629
10879.536922
10871.730307
10958.253756
10705.269597
10511.668613
10227.826756
10110.976496
9956.562409
10202.003584
10435.984139
10395.512296
10294.166180
10312.799326
9977.298812
9921.949897
10073.322702
10176.677769
10447.583047
10549.255618
10604.928951
10832.864931
10834.943006
10819.961934
11247.463579
11429.482477
11387.366054
11516.039216
11203.680758
10783.872604
10519.163163
10175.903472
10062.595559
10153.078041
10122.464114
9982.565225
9909.712095
9811.771433
9751.543774
9972.028298
10263.686070
10205.921747
10018.020150
9907.150888
9828.637104
9772.832923
10095.298805
10472.810308
10909.044431
11026.064877
10976.132569
10771.020946
10684.790824
10679.281167
10742.345062
10813.455640
10940.004742
10848.043189
10684.318298
10816.556118
11017.867808
11092.694994
11234.448955
11215.662292
11161.813364
11309.771743
11641.264163
11472.448014
11572.484022
11486.106783
11282.704924
11215.626408
11422.853575
11452.997557
11598.598087
11892.177182
11836.248611
11696.262416
11544.115450
11582.304103
11571.060636
11490.267320
11789.684877
11909.638445
11810.038770
11560.999929
11430.404879
11302.005062
11262.493094
11327.661866
11678.584696
12046.842536
12163.550439
12421.399350
12540.144103
12202.367287
12039.744900
12146.992603
11957.144190
11915.260947
12075.990171
12246.858382
12459.702525
12685.455811
12610.373167
12489.584528
12240.465443
11973.719570
12026.805924
12109.273025
12051.505627
12431.284905
12613.490777
12693.889595
12803.319507
12966.630801
12878.385250
12849.189875
12745.542887
12535.455725
12525.302545
12356.202374
11971.563555
11523.827199
11310.960198
10992.745436
11130.626269
11138.458534
11147.631930
10961.948458
11180.265918
10864.009706
10894.798911
11313.903866
11814.662776
12036.977653
12374.353438
12489.461720
12126.542132
11810.038749
11520.695739
11206.156246
11156.273943
11509.651433
12060.403062
12205.952476
12524.221159
12740.962347
12808.149606
12650.788538
12814.632996
12741.449754
12568.753466
12290.417681
12296.736965
12284.805799
12317.532951
12554.969836
12923.382466
12935.227215
13163.902224
13084.726588
12766.173299
12403.774635
12127.480877
11818.592286
11663.445614
11772.529426
11688.156900
11630.641815
11513.538018
11475.282952
11260.505420
11258.848882
11281.501711
11145.539286
11254.729853
11521.456702
11735.912262
11837.195428
11952.138216
11856.509097
11931.015185
12036.472300
11973.163763
11808.370011
11768.286773
11411.592856
11345.532558
11337.956068
11328.313860
11303.515056
11508.589215
11493.747234
11800.427982
12076.486428
12749.391884
12971.846178
12951.424117
12525.346172
12326.273416
11764.049986
11380.918458
11314.953886
11520.277227
11746.650565
11769.795566
12085.763783
12044.283594
11912.118914
11762.810383
11576.695152
11325.527130
11494.760757
11418.156462
11312.555829
11471.625793
11509.894714
11483.681502
11698.783628
11874.960926
11907.410402
11790.493987
11579.950905
11612.474683
11369.000990
11179.032356
11376.695574
11271.411488
10989.355382
11158.363104
11208.062447
11025.902751
11291.099827
11565.181542
11574.666158
11565.181556
11342.885780
11000.666096
10665.116600
10384.980558
10218.262718
10473.228781
10644.363628
10659.762597
10561.924062
10757.461513
10565.818107
10562.008785
10634.942383
10874.601145
10784.490375
10934.065475
10708.413991
10562.654547
10418.895004
10252.108197
10361.195662
10637.759491
10898.563501
11174.554791
11465.986597
11450.666979
11488.476335
11666.260434
11657.076159
11720.395005
11781.715458
11800.497775
11746.937774
11794.627657
11986.679739
12013.213393
11900.359176
11718.458887
11840.956033
11645.433785
11660.740027
11576.241800
11662.434748
11583.833310
11614.663789
11470.801653
11303.391875
11174.776894
10908.337880
10528.763303
10427.188342
10690.481129
10784.390106
10887.856625
11104.430025
11104.430025
10989.712100
10650.319342
10673.411338
10556.372537
10560.404589
10690.220825
10830.080936
10745.682297
10743.841422
10720.813437
10769.695030
11009.280586
11055.499238
11344.903742
11519.333298
11372.664214
11405.406352
11541.412983
11595.108962
11650.672774
11763.408791
11936.202883
12039.658772
12300.272184
12480.487600
12537.342687
12270.365770
12169.147680
11716.437336
11541.887590
11795.698369
12067.875096
12104.515055
12096.824039
12088.907778
11748.653934
11729.794918
12122.829545
12459.997083
12354.908394
12488.719177
12263.799715
12047.265329
11836.217938
11972.443509
12027.232117
11973.163729
11656.949583
11647.614563
11532.156573
11195.743328
11239.801095
11268.579364
11142.018700
11090.066550
11428.645292
11476.779023
11472.592959
11449.723796
11589.694095
11495.564039
11539.768313
11507.413493
11618.486660
11497.657459
11204.226506
10997.128041
10815.035539
10707.826613
10565.818122
10620.184042
10629.945909
10886.809542
10955.855626
11297.150017
11652.667968
11857.643621
12093.608324
12151.014333
12095.870754
11997.964938
12045.632158
12055.413253
12279.491802
12206.534308
12191.697817
12189.649329
11871.408907
11785.104808
11890.739040
11738.168899
11855.425957
12001.073501
11861.048269
11864.703973
12103.575726
12023.232971
12030.758801
11858.163338
11626.180116
11505.934420
11546.200559
11475.282952
11613.230865
11774.496994
11736.823624
11671.886572
11723.206024
11640.696308
11744.492088
11415.300680
11077.830650
10663.714546
10734.643675
10425.856884
10726.792504
10803.509049
11066.202808
11190.936003
11215.698318
11022.198111
11074.066666
10899.361838
10723.036372
10740.193699
10930.262122
10928.103151
11043.293947
11029.984592
11043.293947
10849.641235
10636.800407
10573.477229
10477.674366
10598.377726
10906.780707
11041.018159
11244.376738
11359.322485
11232.869710
10858.551699
10820.342566
10753.046203
10620.651109
10524.817791
10712.878579
10833.715732
10519.316900
10440.904213
10400.609029
10293.419192
10062.961291
10249.179953
10377.537661
10442.695111
10456.041797
10595.879896
10440.830247
10523.155380
10680.414833
10762.937661
10757.229209
10832.021222
10786.005820
10857.226475
10977.295267
11084.845579
11259.305895
11506.643538
11376.223606
11302.790684
11448.526368
11464.054183
11369.923189
11569.520496
11727.508056
11547.190592
11460.808988
11407.152858
11190.523958
11007.907759
10973.500461
11027.136396
10883.383967
10887.174670
11030.229668
11214.287056
11185.542800
11396.329819
11350.229828
11209.450768
11019.483658
11017.621234
10963.889649
11075.077256
11300.916609
11542.271825
11753.144989
11711.071889
11513.538018
11342.511935
11231.435291
11261.921925
11233.219444
11469.142477
11587.686675
11530.091630
11240.338950
11274.931842
11042.928928
10740.153755
10596.375536
10389.358155
10254.951455
10264.604934
10400.230449
10467.122357
10860.262727
10959.849019
10827.731979
10772.962923
10652.326221
10709.685076
10711.868067
10941.842749
11062.360128
11133.395690
10885.807564
11041.082286
11125.381516
11091.556573
11224.022736
11277.530206
11151.061243
11216.181509
11445.744338
11677.693062
11706.144230
11639.248379
11507.179322
11245.729922
10977.136525
10894.830400
10825.692164
10553.474078
10348.525863
10262.269145
10323.559653
10331.160340
10455.925666
10478.511446
10487.975069
10440.235816
10394.023071
10503.350800
10623.587353
10667.777485
10556.436391
10746.229558
10657.981844
10536.051143
10501.597137
10923.380458
10881.037363
10934.799969
11026.915851
11017.425201
10756.587663
10779.625645
10723.948223
11102.078407
11473.983022
11584.993757
11510.266782
11815.227740
11489.758905
11160.284752
10956.840546
11012.485863
10977.997346
11233.695371
11294.859849
11580.743036
11438.794003
11185.877971
11001.538135
11074.532111
11049.554683
11390.843516
11659.260903
11800.312365
11901.658901
12009.291304
12156.825325
12310.468618
12362.956683
12374.353445
12065.488317
12052.048624
11941.011255
11784.865592
11809.791271
11961.035418
11698.982570
11744.737907
11882.160988
11715.363930
11615.687671
11517.568907
11088.183260
10753.391910
10454.271927
10329.692324
10429.432818
10523.384373
10793.939321
10715.610202
10803.705475
10512.315862
10374.434482
10048.889400
10269.322755
10390.094771
10741.122978
10873.521290
11087.780200
11145.316679
11243.016703
11141.497105
11306.302473
11278.189122
11352.920970
11124.685897
11002.088379
10910.037379
10923.249898
10712.312295
10741.051222
10654.926572
10273.141563
10083.251556
10021.835569
9793.594720
9753.213441
9935.841806
10029.636482
9977.729683
10043.270398
9996.980686
10029.636490
9941.317202
10048.572221
9979.701920
9820.442467
9613.216100
9679.146938
9627.388884
9646.536392
9834.528457
10160.659429
10297.740560
10401.363912
10474.046091
10404.948013
10142.386556
9794.266128
9646.829602
9330.778593
9305.744347
9230.983768
9339.955615
9349.326132
9541.346269
9596.460855
9982.362688
10217.391783
10470.483605
10652.559752
10633.346227
10424.408274
10236.293612
10013.970432
9910.420100
9845.188338
9922.043309
9840.913431
9657.047099
9793.104439
9885.294060
9770.142218
9946.876327
10487.551122
10410.871134
10391.678203
10364.738820
10212.454567
9930.695306
9999.589740
9963.149978
9884.892078
9892.201447
9782.817148
9753.924516
9803.794857
9911.206627
9975.053073
10071.104875
9965.885603
10078.665246
10015.522166
9983.507173
9937.362442
9989.287720
9762.878918
9878.059569
9825.508723
10023.030891
9938.353778
10074.580931
10007.213856
9921.296426
9683.318182
9802.324008
9959.311849
9946.035752
10141.588211
10156.767397
10059.183263
9890.481215
10227.890113
10162.186405
10317.463054
10468.739319
10750.742090
10802.476878
11223.826142
11306.131909
11401.840542
11421.158663
11263.817826
10972.446143
11033.989345
10903.548639
10771.115343
10725.040519
10941.453189
10904.928205
10824.437364
10640.293104
10699.780690
10436.513603
10471.120433
10545.795749
10871.686563
10775.977184
10777.613049
10724.045009
10691.368034
10538.148560
10528.567180
10472.168422
10343.574573
10552.588296
10753.916998
10822.878522
10933.993747
10711.649557
10445.054116
10180.310406
9988.554412
9817.447035
10051.493733
10269.873359
10400.609024
10768.466541
10699.076561
10829.402750
10798.832467
10833.124661
10750.818799
11233.992499
11320.471670
11339.525558
11237.866222
11199.690732
10902.392480
10858.349476
10768.126102
10888.938223
10846.785496
10997.156686
10788.371560
10734.569190
10700.007352
10630.982686
10395.804189
10217.733328
10139.186788
9949.177223
9939.596332
10039.005846
10020.145168
9909.067719
9949.145960
9713.113238
9440.590124
9590.194856
9638.120505
9419.395679
9632.419704
9867.474747
9744.729436
9808.106162
9733.372927
9443.659125
9370.302344
9452.801495
9387.746237
9515.937080
9587.009073
9397.280880
9274.368411
9353.030278
9460.332740
9494.778669
9530.641553
9616.892025
9377.256939
9041.682033
9292.725562
9450.865705
9416.373958
9424.171516
9653.969627
9330.431982
9202.419789
9276.979927
9367.228478
9269.303481
9386.321279
9529.215276
9517.790341
9502.005783
9600.020809
9713.012243
9820.403671
9780.074071
9812.576223
9887.395324
9967.938315
9601.199125
9497.739873
9586.128959
9608.883241
9647.277130
10017.747831
10313.045072
10529.692094
10681.258078
10564.357314
10622.600696
10536.349671
10555.448228
10499.818527
10524.703952
10443.948163
10560.831858
10378.606312
10323.166812
10457.478742
10385.914995
10314.940359
10355.406455
10378.095325
10253.572376
10482.983173
10584.639637
10678.786463
10657.243151
10780.154461
10686.129492
10672.859632
10830.010700
10772.354617
10586.364328
10625.816417
10441.950702
10238.713932
10441.950711
10683.486507
10580.258439
10863.863020
11153.416955
11400.665560
11438.958264
11676.397146
11708.908301
11436.321980
11348.370439
11250.252471
11107.284628
11203.358430
11433.524541
11143.855845
11301.210470
11323.654862
11118.466004
11016.934664
10957.394987
10757.885508
10733.599764
10762.332693
10532.277260
10630.047213
10518.825251
10392.980755
10095.929944
10003.735955
10086.040791
10199.157046
10353.184655
10596.951950
10712.035496
10445.431415
10326.467490
10412.901541
10363.231076
10466.756984
10980.594230
11377.516066
11430.071857
11620.087848
11558.589445
11115.675535
10854.667805
10670.580549
10639.921060
10849.153760
11197.747316
11151.824278
11123.735815
10885.948072
10730.649948
10521.813627
10475.619287
10308.288805
10221.993384
10252.677943
10227.763540
10266.123638
10431.576777
10634.824474
10586.796175
10575.259926
10389.420523
10003.943795
9904.116511
10011.758062
10124.589308
10464.149887
11015.018429
11189.505247
11116.534755
10850.096474
10485.904178
10056.938031
9894.048922
10014.903398
10605.498052
11132.988320
11589.631941
11796.647977
11758.749486
11664.560621
11505.309207
11407.547917
11108.415024
10841.989384
10583.119703
10510.101098
10506.551183
10583.206298
10650.114825
10425.815876
10460.419064
10424.665676
10441.979562
10405.294205
10512.818299
10117.777092
9905.420650
9909.394279
9970.846837
9774.964904
10047.174390
10030.401797
9861.794347
9902.010712
10360.035230
10651.546020
10899.874339
11139.342454
11266.080093
11158.899285
11120.359591
11105.296374
11214.607327
11026.687794
11018.954236
10902.002497
11178.548355
11324.200187
11588.857785
11673.063222
11427.731656
11141.943139
11001.978746
10815.957354
10764.085658
11019.158446
11165.866373
11453.578699
11948.130946
12209.304706
12339.609833
12301.583637
11747.536089
11279.917770
10974.867052
10752.487109
10775.296474
11114.619687
11398.219401
11210.205834
11053.031664
10844.191099
10832.720673
10731.202760
10895.941245
10942.064009
10883.768979
10636.508314
10542.708807
10640.224551
11064.120693
11325.485129
11540.104180
11461.437460
11419.322124
11099.259560
11095.437616
11329.191391
11772.113746
11910.105052
12088.605419
11987.139185
11421.439491
10781.017685
10267.276340
10004.470421
10043.988487
10153.268160
10308.616699
10500.304175
10598.094105
10549.290584
10754.356558
10942.220186
11032.331573
10901.965603
10781.701859
10674.051069
10440.560699
10492.231647
10722.247341
10930.877311
10810.123904
10812.160785
10842.807475
10685.465311
10555.720934
10741.738043
10868.404362
10845.108232
10640.088938
10623.128974
10502.477750
10483.171743
10325.912763
10280.076597
10137.081663
10328.796435
10261.628205
10294.366007
10393.994263
10488.008301
10426.694765
10526.303014
10497.568130
10608.963789
10716.013654
10522.565253
10271.123032
10319.046748
10537.705955
10552.703266
10832.614080
11089.532455
11178.028121
11080.026567
11264.147527
11116.570804
11339.126432
11239.510302
11247.141396
11237.620277
11275.984877
11097.671171
11546.399172
11676.941558
11584.448218
11803.247680
11697.875539
11763.013395
11891.658669
12028.510640
12074.687159
12371.974797
12404.356068
12331.701718
12055.349658
11637.498823
11209.690131
10831.844966
10525.006503
10461.092619
10505.214963
10942.344646
11130.298660
11393.126493
11447.554421
11595.177208
11604.969937
11831.106906
11852.284617
12290.365746
12439.611254
12386.261969
12186.706611
12315.120582
12111.721254
12079.667426
11973.899653
11619.527276
11394.932196
11330.973147
11482.655137
11539.989899
12122.967959
12462.539366
12731.311777
12771.244890
13007.289590
12671.683178
12426.461381
12259.187127
11917.727118
11702.836882
12006.135856
11944.421910
11852.515065
12084.495908
11975.004000
11783.272826
12061.498499
12236.533776
12276.879006
12224.844389
11797.116845
11823.989322
11784.439781
11637.245894
11769.580959
12101.000860
11732.670207
11522.218671
11478.074589
11531.659738
11541.342484
11867.386120
12061.181832
12312.016100
12348.597628
12256.337773
12084.135998
12002.633360
11700.022403
11487.509123
11863.149774
12026.372994
12082.600556
12076.865925
12006.116708
11578.411834
11307.925561
11093.567131
11139.412207
11415.588209
11747.393286
11785.709746
11780.320627
11947.177581
11780.320614
11496.145555
11404.467989
11530.433475
11116.055379
10895.553266
10786.309252
10600.373457
10506.432701
10492.948295
10431.576755
10410.492235
10469.989890
10518.788478
10603.032813
10712.458793
10722.036396
10722.036396
10496.375336
10387.113961
10341.076668
10158.918273
9976.771007
9846.912821
9808.629645
9739.592438
9923.528689
10460.563388
10804.570435
10962.054061
11272.665283
11280.358548
10935.085384
10594.765715
10675.190109
10552.475604
10684.854333
10755.829068
11150.755497
11210.088470
11158.528168
11131.436983
11200.682043
10961.840155
10812.244837
11000.187869
10779.597871
10754.640446
10818.478375
10843.446898
10559.921028
10701.475394
10766.895344
10749.917743
10623.228541
10676.951658
10588.989806
10318.418649
10282.732531
10441.921842
10326.800876
10359.392033
10524.218200
10597.697551
10618.862929
10787.585245
10900.675153
11067.425925
11201.015981
11160.658513
10969.022866
10802.147198
10472.378346
10024.824220
10013.340981
10228.017611
10068.859302
10089.894846
10176.377270
10069.096848
10096.205606
10293.582477
10358.655249
10612.328479
10597.217165
10392.082798
10345.937574
10315.256671
10081.934385
10047.447378
10381.213218
10457.923594
10229.672079
10239.139820
10356.136820
10116.374074
10189.206389
10336.999769
10483.505282
10362.887980
10215.173972
10088.747676
10025.282114
9891.900752
9968.432704
10033.682479
9684.844378
9769.240768
10064.486719
10277.251951
10637.689788
11141.980814
11205.174628
11214.639642
11414.154957
11552.122942
11626.742235
11816.674792
11961.108335
11919.334688
11748.495741
11770.007712
11779.709891
11625.171857
11264.464183
11306.705403
11239.772780
11327.863481
11463.446520
11826.141543
11860.320739
11718.458887
11618.719153
11678.795304
11834.153170
11876.491649
11947.451751
11811.141662
11581.604265
11169.522156
10979.749694
11092.801248
11424.443559
11605.203094
11986.739685
11998.263442
11833.260104
11606.623191
11240.149001
10885.518739
10952.574992
10791.527484
10730.237579
10955.821031
11141.868178
11103.313304
11442.830519
11642.199408
11856.663061
11739.637655
11777.894913
11879.607195
12061.793174
11945.121410
11893.332993
11571.508920
11437.067339
11331.839875
11412.508198
11734.766956
12140.868752
12227.185845
12114.829249
12061.661096
12383.931205
12293.564516
12017.555574
12040.361445
11951.986874
11603.191805
11818.075657
12009.749674
12023.178802
11940.459121
11762.276206
11744.802063
12164.768770
12170.236600
12215.558499
12290.382252
11899.149348
11323.984696
11343.219354
11504.866741
11529.926653
11581.495815
11564.464141
11556.684883
11496.303233
11404.616038
11680.333052
12269.432489
12476.176184
12497.113925
12921.029752
13295.109216
13068.507393
13127.771278
13247.991811
12977.796160
12943.591230
13015.974580
12586.701334
12201.403322
11871.297585
11271.236766
10673.016755
10515.680679
10547.745492
10478.753005
10547.745513
11216.855185
11571.764395
11763.314494
12074.258835
11991.866484
11663.748296
11550.261087
11274.080975
10860.014499
10436.233645
10083.462062
9792.085228
9673.470475
9636.933704
9631.422317
9501.158420
9493.459106
9459.508047
9392.410784
9608.847905
9647.243372
9557.225809
9570.475874
9587.545515
9708.565150
9733.480114
9875.290366
9931.715739
10200.147606
10081.182277
10263.536180
10411.053717
10501.410658
10432.211508
10512.721562
10384.305401
10062.032637
9742.415859
9642.671007
9422.170360
9205.506580
9173.014155
9265.280044
9128.842471
9272.984133
9470.314819
9387.961701
9293.753266
9403.340012
9504.764712
9629.355820
9803.764621
9920.624182
9933.702521
9928.132370
9811.321589
9899.482452
10209.786227
10179.079545
10040.773793
10111.842845
10081.182284
10028.507003
10065.143259
10074.472454
10055.552353
9969.142759
10016.142689
10255.815285
10388.156105
10629.743380
10957.539882
10951.865787
10796.655048
10832.975030
10785.116291
10731.472707
10661.933010
10805.544879
11027.963927
11020.399274
11033.989345
10997.905375
10842.839465
10489.981913
10655.069906
10731.629107
10756.074745
10721.474964
10859.603913
10646.872508
10564.357314
10735.406717
10716.193254
11017.356221
11080.427894
11021.090414
11102.078410
11211.125167
10946.724838
10785.574980
10674.156991
10395.934139
10233.073614
10281.117308
10447.831951
10518.788459
10575.126505
10441.186005
10007.278725
9685.574030
9296.296560
9151.265245
9299.328813
9607.911015
9770.941716
9857.210999
9571.148940
9490.619746
9212.733449
9092.212336
9139.779110
9419.889240
9640.613950
9749.853253
9736.497666
9703.973873
9809.087804
9726.788937
9885.963079
10092.913550
10029.636476
9713.486872
9439.490609
9349.257654
9501.112212
9882.264481
10258.568966
10526.944299
10691.701218
10250.943234
9953.882941
9776.766451
9732.899249
9560.250383
9732.899249
9828.738498
9542.748001
9268.938051
9113.603905
9063.845807
9257.222712
9794.772860
9959.692580
10046.293722
9981.110645
9863.891310
9546.228828
9553.880356
9603.818896
9824.265432
10025.436586
10275.589720
10471.298291
10442.396642
10408.291514
10361.935177
10151.249135
10051.611849
10111.174427
10193.527925
10038.187653
10064.652574
10058.785931
10072.285616
9983.897904
10100.986615
10097.132166
10248.696896
10333.081565
10434.600394
10298.321111
10259.059144
10165.012842
10289.504394
10128.708981
10214.945658
10455.694666
10668.553442
10771.894763
11343.442427
11724.734592
11751.233815
11751.233815
11722.560473
11381.240511
11147.207134
11119.059048
10873.765234
10612.742022
10377.042520
10311.812403
10387.113965
10776.227036
11067.723724
11290.266203
11115.675543
11012.293426
10517.651976
10281.826198
10542.708801
10594.373881
10201.279148
10373.943078
10354.866358
9986.497452
10017.131674
10321.880264
10411.878839
10628.793000
10822.089941
10983.213515
11067.891484
10941.453206
10761.348668
10575.093689
10531.176668
10525.340364
10531.294353
10788.230330
10876.256120
10716.978182
10606.097790
10596.669092
10381.876658
10251.616241
10491.287007
10583.416519
10631.213745
10727.100688
10761.754360
10573.754077
10509.672510
10523.269868
10308.509888
10528.953613
10649.700341
10687.466353
10720.131311
10971.111975
11009.451221
11093.857970
11332.873015
11539.696445
11557.035354
11344.254891
11284.646431
11258.704662
10930.570378
11014.931118
11388.693805
11559.334150
11452.422743
11931.272345
12111.533311
11935.615766
12016.129162
12303.769949
12381.985942
12576.070170
12750.805423
12957.372441
12693.970344
12437.426796
12000.187128
11595.571147
11380.882645
11300.182873
11117.777832
11029.780901
11183.049542
11196.468842
11329.748406
11337.615091
11381.757418
11241.681704
11197.506270
11246.639229
11330.767150
11225.403108
11292.583079
11047.040566
10998.064970
10954.265988
11015.413953
11061.591808
11439.126622
11488.315052
11495.631638
11269.428867
11112.186621
10723.176164
10580.340586
10413.271961
10463.236815
10233.108268
10024.321761
9708.350600
9535.587153
9407.014211
9411.091716
9380.011026
9465.195213
9491.754928
9568.206721
9765.994019
9954.125599
10014.143306
10338.132768
10311.281494
10432.038206
10280.671292
10139.642484
9873.112402
9899.882118
10076.398595
10359.936881
10525.450106
10583.119692
10565.818117
10222.633240
10061.553255
10161.391596
10379.798182
10515.876834
10874.500445
11014.535845
10852.858966
10649.453188
10622.631586
10497.928708
10335.103713
10286.148758
10303.493193
10343.574578
10144.236294
10132.549862
10418.662974
10391.770442
10376.424502
10573.906813
10558.648877
10507.871659
10835.696191
10954.610902
10712.847043
10745.539495
10753.012730
10570.986024
10611.119117
11038.649191
11550.381011
11716.215380
11838.800020
11833.227464
11595.352624
11269.295733
11109.701742
11019.443552
11006.064268
10940.946421
10752.913090
10811.242516
10893.815660
10832.264978
11068.100754
11336.808446
11238.952419
11089.196191
11137.300476
11070.168508
10880.217231
11179.121306
11670.273008
11923.171148
12015.494482
12276.404042
12385.487335
12118.670744
11989.895962
12101.380817
12110.761064
12105.330217
12513.996081
12438.816694
12220.373686
12448.275852
12279.214280
11612.061451
11516.299896
11527.657171
11090.272467
10945.545819
11173.902765
11564.958239
11469.222763
11354.057207
11260.026325
11068.210055
10646.593772
10686.713250
10878.610448
11327.829602
11588.720559
11730.578908
11834.115987
11937.589165
11657.411683
11425.469753
11312.335777
11337.282539
11300.949774
11436.189556
11589.538872
11620.311033
11589.538872
11748.573855
11746.967515
11951.872857
12290.843794
12565.615104
12659.750712
12426.426484
12293.765670
12252.104829
12011.828497
11871.984453
12173.114774
12177.143884
12161.681761
12320.365278
12194.121052
12017.462800
12006.135866
12107.535713
12019.066845
12015.710619
11847.944729
11773.255204
11307.310149
11142.604507
11080.975559
11297.333814
11146.082176
11040.543180
10820.156538
10708.768179
10851.780641
11056.980928
11501.841360
12096.274047
12347.291780
12234.488121
12468.349214
12240.184424
11826.361763
11793.590132
11866.919335
11732.422021
11730.664422
11611.911027
11452.788656
11102.794449
10947.715166
10999.393837
11260.098337
11170.132342
11284.587103
11393.971988
11359.479878
11238.788508
11229.007775
11229.007775
11351.659888
11284.587103
11495.433658
11840.665881
12102.083646
11576.810671
11433.028441
11118.465995
11066.749223
10938.953718
11470.101679
11598.469270
11959.174913
11947.564333
11981.250740
11821.834383
12115.330727
11802.962956
11693.688970
11611.008813
11639.511823
11423.050394
11501.736185
11396.109123
11435.712818
11590.828312
11665.582999
11548.781385
11763.384905
11699.591345
11229.769375
10980.560733
11258.820418
11208.876272
11071.282924
11504.756356
11957.220956
11855.797430
11464.640882
11464.640882
11111.640912
10870.110258
10841.349639
11038.765586
11089.532472
11292.852752
11317.846315
11198.896861
11235.263470
11109.462990
10865.642533
10712.458778
10681.648120
10562.912343
10560.926094
11003.894702
11116.944901
11015.349467
10890.813776
11101.635009
10988.406575
11128.339453
11321.999430
11676.862662
11563.951783
11312.616285
10973.232148
10727.877061
10285.074066
10102.517549
10006.427037
9983.569875
10269.228303
10526.149884
10744.477853
11014.784026
11281.209688
11147.009635
11173.967192
11202.097728
11115.768342
11160.117410
11405.441197
11679.430112
11811.182212
12039.394669
11922.409651
11703.796881
11556.234693
11484.536768
11239.384670
11220.045809
11055.303796
10928.611665
10971.857739
11035.184499
10939.400602
10933.578617
10787.936099
10797.408339
10657.011088
10776.114500
10747.208868
10939.213689
10619.414709
10523.529954
10494.734906
10730.649948
10698.242745
10917.943332
10933.417074
11037.027839
11129.090813
11161.339158
11178.548342
11613.711457
11805.493297
11780.634547
11813.261522
11869.667202
11631.628227
11225.239148
10951.103826
10701.748647
10532.607964
10390.569013
10680.378514
10948.843471
11111.613715
11320.556629
11538.986010
11320.556629
11291.696821
11433.685346
11279.523822
11077.987818
11162.169668
11118.241820
11158.734423
11269.361631
11405.725255
11484.105509
11388.235078
11234.890281
11238.871595
11415.159796
11209.973930
11233.061149
11390.285230
11521.951110
11448.931643
11652.213390
11665.533555
11452.963048
11146.406889
10964.120481
10653.580242
10429.236230
10352.354604
10309.226735
10263.410261
10577.670713
10848.258981
10938.238652
10994.551608
11052.037488
10988.805491
10827.829748
10781.781655
10525.888372
10416.592794
10372.513733
10623.664279
10880.627810
11350.635571
11391.230941
11427.519756
11287.541774
11186.017993
11415.328793
11553.525509
11815.916746
12165.148763
12213.493298
11761.817728
11782.702196
11617.751798
11516.435827
11654.273827
12001.965672
11862.217124
11917.844632
12019.196089
12021.611309
11812.749027
11705.196342
11348.814577
11250.712437
11281.412601
11053.953763
11113.562703
11379.953864
11312.765040
11134.519476
11288.916607
11516.945929
11234.927440
11171.853357
11131.390879
10911.675844
10600.778945
10692.852229
10537.544539
10397.569677
10363.714027
10375.393913
10358.029672
10212.191594
10216.058632
10304.464262
10456.041773
10404.215828
10758.716095
10969.847943
11116.393109
11141.459713
11162.332344
11047.332113
10915.245988
10857.117966
10682.181889
10745.654070
10519.433321
10626.702219
10600.465305
10650.181792
10502.717597
10656.046763
10422.206595
10409.102493
10200.029101
10048.449235
9908.691331
9964.182323
9916.955519
10239.239329
10597.828395
10708.947771
10425.136224
10404.512503
10295.274227
10268.447665
10325.838380
10425.536884
10335.426482
10252.952789
10231.865150
10059.347522
10139.883590
10260.050078
10323.452645
10472.970912
10716.402744
10566.827878
10371.215289
10369.331622
10225.724223
10371.215289
10837.189341
11258.791773
11260.467930
11231.900889
11066.825073
10909.532610
10629.443823
10510.447779
10483.540476
10196.119581
10105.917267
10087.237955
10096.790147
10056.379761
10075.660160
9816.704740
9734.095075
9693.881296
9686.027217
9690.011238
9824.187555
9720.732987
9636.289619
9588.346534
9628.655614
9513.808514
9752.229522
9948.176460
9823.403296
9733.409038
9785.093298
9937.251209
10025.468533
10146.481615
10146.481615
10303.677054
10296.075712
10296.075712
10491.775163
10547.263100
10721.706965
10748.075831
10964.628419
10957.027091
11120.065269
10709.574546
10491.702600
10102.365852
9895.229311
9958.600086
10269.101780
10128.086991
10057.045900
9926.867280
9683.283364
9631.612631
9894.791207
9894.791207
10038.483223
9927.409360
9737.599655
9607.881398
9600.041631
9510.155096
9824.535067
10152.324625
10248.281809
10257.851153
10317.397207
10062.091495
9901.288615
9814.774586
9887.428480
9828.197859
9983.414071
10115.725486
10224.701282
10184.540324
10027.315295
9870.130813
9649.522232
9314.800845
9307.091022
9278.213413
9136.738506
9017.620920
9183.236984
9156.605012
9455.394211
9599.512775
9635.749362
9842.597609
9896.026422
9706.372011
9794.303210
10128.171648
9930.804411
9907.793441
9894.291772
9811.826309
9556.986477
9382.100573
9458.725350
9541.252175
9567.857728
9347.356540
9294.872893
9055.248845
9177.956041
9187.208650
9549.911443
9777.300606
9783.016637
9531.924653
9462.996450
9370.698340
9455.465415
9666.557518
9718.099651
9737.373368
9712.338817
9750.049869
10012.752867
10281.229717
10281.229717
10321.506748
10353.184673
10090.469356
10081.094606
10386.001989
10430.081217
10033.262866
10203.979353
10088.993754
9922.220966
9926.071334
10302.202148
10139.186802
9977.826163
10003.149217
9991.493637
9882.119246
9886.251240
10016.536042
10125.836605
10060.877119
10107.593237
10034.810553
10002.407299
9739.493032
9695.371601
9793.217352
10192.055043
10284.051269
10366.726244
10602.243683
10574.163535
10363.264116
10265.423064
10367.238373
10259.657489
10367.070977
10200.108244
10445.500102
10648.809190
10942.064020
10970.283396
11179.151843
11305.906495
11208.062471
11050.837902
10964.279940
11083.349528
10991.167524
10935.556488
10814.741445
10816.661501
10680.628464
10818.478375
11127.323104
11315.073157
11221.238761
11188.553941
10991.051098
10828.130840
10506.024441
10571.710214
10544.928423
10316.900721
10109.761897
10357.032706
10242.466440
10200.186859
10535.760385
10627.965686
10647.012054
10703.385742
10597.861158
10521.289698
10381.178957
10154.923108
10085.330542
10382.637948
10438.061370
10858.125931
10929.102297
11058.602387
10951.339904
10901.514616
10732.879642
10771.115343
10906.527096
10912.276810
10783.936802
10440.830203
10291.006439
10187.654089
10066.663494
10172.308637
10193.429996
10312.174636
10235.222150
10256.339346
10258.182935
10610.952171
10476.774064
10326.223101
10447.170556
10238.210364
9927.513184
10197.848320
10278.771733
10434.001099
10731.240945
10834.826108
10901.821664
11054.193656
10678.546980
10480.836814
10358.218250
10038.016163
10252.408636
10499.633160
10538.069404
10766.401545
11235.912272
11106.171129
11096.601528
11437.900353
11585.533613
11359.322506
11534.259030
11606.740031
11583.994145
11603.223412
11923.366683
12381.956732
12489.584517
12351.823721
12209.657535
11832.131141
11179.278557
11246.639210
11417.299155
11494.081991
11491.898371
11388.419114
11198.661184
10951.339904
10843.917533
10824.779887
10708.323193
10666.132717
10961.456042
11009.196417
10875.041462
11023.625180
10956.467089
10803.134170
10820.520555
11102.287122
11203.775089
11395.467118
11428.082442
11594.943271
11598.747181
11630.778254
11657.554644
11465.804655
11228.105115
11206.905780
11261.532654
11367.189269
11528.013567
11649.008837
11482.091173
11239.540614
10955.649890
10648.943438
10480.082200
10311.418463
10381.009692
10252.576304
10348.460876
10306.105952
10551.609702
10566.600251
10655.069893
10664.531492
10814.056785
10854.204639
10713.145608
10550.264872
10653.904976
10439.079062
10337.533748
10632.753092
11064.196459
10973.997969
11075.470315
11255.678330
11173.230598
10770.511313
10843.284403
10875.834943
10615.261191
10411.972192
10712.975480
10598.026548
10712.975480
11190.601404
11449.946308
11258.584360
11304.423712
11284.968359
11031.905650
10860.873803
11000.936579
11039.162363
10914.640200
10899.248451
10912.350866
10730.304584
10584.551961
10596.000448
10513.475693
10466.629338
10520.337231
10698.728525
11183.616453
11461.558143
11896.236088
12248.743983
12248.743983
11936.457389
11995.816868
11591.445532
11535.795429
11906.223214
11988.123861
11741.090721
12021.505172
12073.424312
11867.894844
11800.667153
11938.637454
11876.883952
11992.117195
11884.278660
11846.107131
11711.732227
11540.697451
11425.735395
11701.679583
11860.945770
11956.743496
12140.846609
12072.538299
11880.202493
11872.459239
11987.595112
11861.701447
11794.493701
11804.307648
11595.177208
11526.162147
11829.032147
12118.593566
12404.167429
12553.810021
12549.834564
12427.700103
12471.770233
12224.490661
12567.736772
12609.824380
12910.481877
12634.603775
12582.770836
12082.388710
11923.171115
11761.561527
11838.137590
12052.750434
12204.331913
12158.463491
11686.216784
11327.762154
11088.147053
10936.654991
10802.476845
10612.363922
10430.397041
10265.464428
10008.301370
10014.347980
10239.906220
10483.368071
10479.597373
10594.734470
10625.294456
10963.855784
11270.571330
11165.209441
11132.824331
11155.483668
10942.915536
10676.576710
10726.380446
10924.030910
11138.650917
11127.432576
11313.223635
11834.970460
11873.271238
11760.052923
11842.686338
11708.937650
11351.916330
11154.381548
11141.112455
11259.615893
11392.006928
11483.826795
11884.447228
11819.207361
11729.356204
11855.867101
11913.329075
11811.709363
11861.478404
11780.692349
11525.547948
11190.122173
11096.122958
11306.880087
11470.703838
11443.880322
11399.630801
11309.674791
11259.748141
10936.246104
11064.802453
11592.008179
12075.059006
11898.815691
12182.918509
12096.535124
11871.918682
11335.373934
11323.765955
11393.429452
11312.765040
11053.953763
11226.677082
11309.116378
11066.398966
11005.084406
11116.154405
11018.382798
11087.484348
11053.611628
11059.220170
11070.808619
10954.051125
10880.998519
10758.639304
10655.428506
10611.152558
10695.369232
10448.138724
10401.301552
10420.214489
10305.281179
10389.687577
10566.081657
10712.724035
10810.554832
10883.418068
10603.406445
10329.279142
10474.007367
10366.935277
10130.874808
10274.636797
10621.790900
10663.086609
10975.599305
11080.903956
10820.485598
10624.748939
10337.118908
10053.133888
10122.337895
10294.883278
10254.470621
10367.569281
10338.608787
10244.668778
10263.946159
10392.495364
10176.034649
10135.851083
10294.989263
10291.091578
10147.194229
10245.131731
10360.035237
10342.870806
10239.339915
10137.836644
10100.190235
10075.159300
9829.730871
9827.914428
10073.387122
10246.255741
10102.517563
10177.272546
10217.635274
10058.387051
9834.639373
9892.201452
9903.559805
9945.855902
10016.747894
10291.307506
10161.141336
10185.866814
10141.752332
9963.367962
9762.017495
10116.850644
10270.159920
10477.476073
10732.518346
10991.952299
11135.535104
11026.480677
10821.312314
10503.033324
10271.716597
10087.774731
10127.844344
10244.841857
10417.410367
10334.808354
10150.553289
10294.467498
10449.739929
10689.518402
10898.238983
11034.366253
10798.649091
10570.460358
10470.662810
10682.927085
10679.382284
10725.156249
10713.645675
10642.774872
10437.733470
10439.855940
10616.133596
10867.376326
11039.890070
11214.769921
11232.215595
11105.488967
11139.831789
11166.787474
10926.252373
10882.066438
10937.684413
10692.046452
10546.436400
10473.099230
10475.046202
10494.187768
10571.015667
10605.498076
10560.377342
10665.861542
10915.104892
10943.583954
10941.874605
11152.478944
11117.934969
10723.071875
10699.942446
10655.901120
10544.928397
10337.909001
10506.706541
10652.326213
10669.690593
10714.770729
11142.327864
11349.442128
11345.416225
11721.397132
12074.810094
12109.622110
11984.731841
11731.471703
11461.234262
11122.807030
10932.945629
10781.542446
10883.148509
10731.707650
10607.485279
10482.890174
10611.319780
10634.387273
10789.641249
11047.197214
11193.008307
11087.595120
11102.854046
10988.068912
10997.185440
11104.564251
11258.390372
11191.042761
11292.583062
11435.588213
11226.635894
10965.635692
11044.371586
11086.589171
10646.628702
10452.809583
10529.439816
10451.050958
10445.191965
10787.504515
11042.348899
11103.581675
11218.602102
11094.192727
10827.307196
10900.072836
10995.969408
10913.211100
10957.503780
10974.478162
10968.806230
10961.123634
11219.801469
11482.693436
11964.433363
12177.044197
12082.899538
12050.506521
12100.056207
11919.596597
11781.565564
11863.939878
11883.250449
11936.933726
11897.474295
11811.101098
11703.703514
11644.040336
11373.916620
11289.506190
11300.949791
11580.710867
11454.210338
11273.899576
11292.751792
11375.356598
11258.553321
11357.899540
11472.787770
11723.041044
11765.126811
11723.041059
11654.117001
11936.029593
11939.739136
11862.967550
11782.442965
11734.641959
11470.067173
11264.767981
10935.157496
10760.891781
10939.102099
11117.219247
10970.598013
11172.058656
11383.038251
11041.498968
10753.916998
10690.152221
10682.146347
10574.931326
10638.256874
10571.192698
10394.283043
10139.477413
9991.798504
9928.411392
10110.764117
10560.184639
10690.512192
10968.552460
11215.734490
11445.903403
11293.498478
11260.990561
11122.935781
11067.325108
10852.704570
10716.978182
10857.361982
10839.928819
10651.963127
10473.565678
10366.690464
10136.378918
9946.593921
9925.597062
9875.715287
9817.239928
9959.131045
10131.644960
10197.018338
10352.188633
10389.830992
10433.966938
10497.225289
10464.730635
10280.671296
10239.206060
9844.405043
9443.468923
9322.817701
9436.041246
9612.245627
9892.579238
10461.846559
10701.552704
10653.822243
10638.704705
10840.050975
10863.143268
10849.669823
10897.646714
11033.018431
11056.106355
10994.586774
10833.473853
10821.897376
10757.950510
10581.507738
10389.888449
10428.440430
10673.600228
10605.947155
10734.494818
10824.591997
10820.886926
10485.273108
10470.299333
10477.950055
10485.592036
10704.299403
10945.623554
11094.267724
11272.697966
11561.917498
11604.391312
11747.964789
11838.313585
12041.536015
11970.896393
12254.644404
12337.356823
12148.745410
11798.015598
11477.840655
11059.584200
10800.964685
11333.148666
11603.423216
11852.741547
12169.255760
12285.779739
12133.854543
12015.146664
12106.882977
12169.975972
12313.611599
12300.576398
12323.794346
12252.815579
11978.839755
11790.679631
11529.399073
11736.599198
11838.029126
11784.251696
11529.399073
11544.468828
11134.209132
10907.776785
10898.337935
11368.051057
11434.002424
11522.100286
11616.111113
11642.683066
11268.894775
11118.465985
10982.371922
10951.615451
10798.538539
10867.376305
10799.562912
10841.866106
10661.683850
10667.264211
10772.635622
10834.904334
11296.958546
11760.818418
11937.357712
11820.218015
11705.461135
11460.273774
11189.915616
11232.249324
11178.468785
11424.722072
11323.091171
11401.602400
11370.841204
11591.486424
11512.679964
11345.591227
11113.965897
10985.264376
10870.203820
10736.591988
10583.416519
10723.343563
10725.117594
10497.021259
10545.899527
10507.697891
10250.698114
10293.042665
10298.378245
10048.407858
10017.713860
10150.081537
10201.840646
10257.508162
10353.184664
10431.970805
10460.735429
10706.135312
10917.060907
10986.789864
11101.871216
11099.989836
10714.430222
10478.651089
10395.635319
10412.941255
10330.597562
10399.762134
10553.021056
10923.627772
10864.038881
10908.111609
10752.847252
10630.148366
10637.689802
10835.242635
11000.187871
11343.330783
11396.924915
11084.930697
11140.301484
10985.071618
10453.871375
10421.284825
10637.654947
10601.118828
10865.602115
11599.923993
11902.879649
12011.828511
11906.814414
11755.342739
11381.385092
11076.351661
10845.003541
10824.144744
10881.608970
10739.695511
10988.949801
11064.308611
11319.152294
11163.946820
11415.131351
11614.619213
11642.592775
11284.180911
11263.025139
11345.416255
10954.474361
10745.625667
10929.886592
10839.675174
10734.127419
10753.250971
10903.839864
11058.891049
11218.105265
10995.852041
10997.517809
10883.014858
10524.327863
10415.140728
10357.646191
10340.366606
10330.913738
10407.994353
10576.328190
10578.337564
10606.935418
10661.715745
10745.878568
10801.618892
10993.413799
11183.142751
11416.177284
11385.577919
11201.566874
11153.642047
10967.760317
10535.146212
10538.958365
10512.161450
10525.450087
10525.450087
10672.309910
10593.689704
10727.877079
10729.844548
10729.844548
10870.670059
10962.866266
10809.392326
10636.909490
10328.163142
10190.901182
10242.721686
10263.831114
10357.723242
10403.792636
10311.551815
10054.891283
9958.777552
9857.252962
10027.798593
10146.404701
10127.077373
10205.650444
10272.785533
10370.443266
10304.749919
10301.106475
10444.807089
10431.376594
10170.389842
10117.777082
10152.399945
9853.113076
9780.319826
9930.066482
10006.820218
9899.759372
9974.329522
10242.933964
10152.813412
10030.608562
10174.473658
10072.910854
10038.242904
10162.851823
10271.985488
10586.281412
10874.101103
10941.219511
11000.666094
11175.234562
11023.925849
11070.102706
11039.283171
11342.320803
11513.393046
11546.007174
11660.905219
11793.506155
11603.494450
11517.057402
11699.332665
11758.909984
11520.988082
11281.152122
11074.501987
10882.637658
10602.520323
10656.252156
10830.788736
10911.848006
10959.503063
11285.428930
11364.020697
11452.535707
11679.783133
11676.457770
11447.940388
11609.033655
11367.507250
11258.615005
11260.244647
11528.589021
11534.477454
11591.928698
11401.840527
11488.445061
11513.247459
11321.615532
11603.320893
11817.908628
11744.868028
11589.507783
11587.804544
11219.282742
10952.408632
10785.610275
10517.301886
10408.257232
10526.739692
10584.993056
10326.143662
10134.423425
10193.914623
9919.852176
9944.123089
10112.721900
10321.983297
10258.684914
10594.303825
10487.086693
10387.317498
10314.473650
10364.207073
10287.561346
10479.400590
10444.949343
10368.241587
10337.604820
10456.514558
10567.201756
10684.390219
10977.662693
11301.747783
11284.413840
11092.694992
11253.656345
10954.678648
10482.890154
10241.466035
10169.911694
9985.898985
10123.889732
10472.810317
10708.650468
10804.431341
10816.073101
10656.730565
10532.309604
10235.149580
10060.428622
10050.676114
10006.332196
9730.350975
9730.350975
9766.158021
9800.559585
9727.670238
9718.125983
9737.410588
9850.253104
9796.768161
9982.631155
10201.142669
10348.756809
10288.462253
10131.237618
10188.727387
10056.473309
10046.899501
10125.959769
10350.355088
10137.491000
10210.291009
10333.081578
10270.858502
10117.441676
10228.724854
10098.264986
10000.432609
10205.561379
10364.656563
10366.866497
10502.822135
10462.383405
10141.019326
10242.667181
10150.484388
10227.350821
10194.575540
10132.415321
9910.256418
9929.342342
9848.775948
9910.256426
10194.079240
10508.599173
10669.754041
10545.005085
10646.768081
10539.342899
10338.132795
10368.739651
10589.393744
10418.731087
10307.694122
10386.373844
10602.841938
10741.051218
11034.457718
11115.314517
11057.679275
10768.126128
10497.781774
10169.984685
10254.470648
10423.540619
10386.946783
10569.172931
10804.748496
10735.301591
10670.148215
10842.743113
11019.035603
10969.306323
11185.581666
10999.610437
10888.258177
10616.032812
10420.286120
10059.473702
10061.399646
10303.078980
10304.785848
10381.495614
10560.267889
10813.390502
10717.195330
10851.657428
10857.551655
10490.721284
10114.924528
9819.576412
9589.493188
9487.782682
9880.824561
10047.557435
10333.493826
10350.752938
10653.659805
10724.963998
10845.672599
10744.320253
10935.955213
10893.930806
10643.600959
10590.002788
10549.764347
10503.696325
10459.512338
10546.074032
10500.053727
10699.523150
10548.099620
10220.145943
10310.410875
10586.406211
10638.293464
10793.519616
11397.592685
11427.661157
11220.684119
11118.946627
10977.019554
10655.138704
10634.268170
10557.412841
10381.178945
10147.130417
9907.621512
9945.209303
9728.516915
9766.921638
10043.213629
10205.860346
10095.205814
10202.302042
10179.384718
10277.215290
10250.342350
10333.123105
10358.029666
10158.568184
9788.472120
9698.158650
9649.457740
9630.298593
10021.425624
10439.554725
10698.505259
10766.246196
11151.373164
11089.932093
11115.107708
11209.110678
11570.165959
11746.580628
11804.035844
11725.229946
11919.025831
11548.586919
11253.159338
11216.774707
11462.050526
11270.397364
11268.635811
11120.921055
11174.582474
10685.638738
10532.342066
10298.879349
10473.530839
10655.813896
10964.405937
10883.914979
11011.933867
10900.675153
10785.539669
10670.484050
10624.477087
10647.187682
10763.913996
10698.949945
10969.271368
11275.950827
11565.445412
11603.934999
11737.987573
11621.016278
11464.126902
11204.364057
11143.174721
10951.305962
10809.426019
10684.854310
10735.578249
10597.598590
10484.359665
10378.848766
10453.645956
10197.988947
10366.935258
10397.409416
10303.554549
10376.355854
10654.813946
10821.428250
11070.667877
11435.174559
11561.519310
11736.599183
11834.266263
11803.643578
11805.493297
11481.485955
11146.751823
10782.512442
10471.843438
10410.453807
10584.843916
10763.414660
10788.576893
11214.223091
11300.611588
11436.526238
11532.351110
11624.649268
11143.314292
11079.968623
11070.413505
10906.744871
10622.938341
10594.339056
10456.276564
10393.051288
10272.545340
10512.254240
10692.346811
10581.108743
10498.769979
10415.980535
10257.013172
10264.535342
10308.721314
10222.448816
10442.365384
10369.435223
10331.160327
10145.428719
10081.794407
10093.240265
10256.297534
10267.802494
10680.085196
10888.901057
10715.953280
10522.495951
10512.657904
10330.526941
10478.293560
10711.492247
10958.642625
11052.659568
11263.494793
11102.526277
10931.237544
10802.955755
10858.551722
10718.594336
10647.727443
10685.202022
10796.441122
10788.840439
10690.953933
10572.011581
10600.342817
10638.666869
10630.945467
10588.989824
10711.649573
10666.423591
10526.341820
10743.086025
10879.310792
10787.257495
10933.921038
11221.525440
10987.759637
10935.774117
11049.035880
10898.531418
10655.138721
10526.419931
10683.756662
10702.906649
10881.525103
11127.028871
11184.443078
10873.967840
10760.967384
10557.499638
10183.754309
10287.256489
10597.926868
10649.638470
10860.331976
11399.099479
11458.630918
11410.621754
11502.646241
11314.447547
10910.037379
10729.876994
10534.153491
10685.603421
10768.327318
10649.515026
10655.428516
10590.104322
10317.876298
10114.819582
10226.080099
10377.375051
10515.417674
10584.522543
10930.542810
11037.828698
10779.201338
10734.940401
10579.885384
10194.079247
9860.530403
9772.265835
9722.620811
9787.635927
10003.973747
10111.359674
10303.178078
10368.241585
10349.031641
10322.733046
10512.501159
10664.027197
11055.264223
11068.519401
11047.763806
11086.339934
10942.344646
10836.876535
11109.343182
11363.192989
11342.045995
11470.572587
11209.775897
11278.896019
11378.323969
11401.351799
11370.589712
11562.261420
11387.895647
11329.521866
11419.770559
11471.533287
11375.820742
11289.636342
11110.944787
10859.642160
10800.143322
10704.482196
10709.917538
10691.156622
10729.714306
10639.478597
10568.526919
10892.569735
11249.840322
11431.974651
11418.633648
11393.718986
11309.440737
11228.420667
11391.568312
11795.883194
12277.395508
12499.747359
12459.127980
12431.430913
12144.406763
11781.490044
11580.193758
11365.915577
11310.185534
11524.885025
11908.303363
11870.117657
11890.838303
11838.871419
11710.582977
11716.275656
11833.292706
12039.973392
12118.745633
12476.778260
12471.526960
12421.587931
12224.294234
12080.393340
11744.834784
11466.587930
11255.713596
11396.886870
11755.501389
11866.808898
11910.630008
11981.560022
11960.825595
12009.059969
12209.931247
12792.923292
12935.172770
12792.424947
12310.895546
12050.355461
11737.486610
11660.794149
11790.597580
11922.947544
11882.844194
11679.365175
11713.706817
11747.713613
11634.639848
11506.265234
11672.964614
11740.107315
11660.992252
11800.942106
12027.557770
12075.153080
12084.890756
12084.890756
12169.381607
12255.748598
11889.394155
11555.848332
11625.293863
11471.778781
11216.855164
11383.814255
11640.419650
11629.612333
11790.418702
11893.745007
11838.278746
11652.344829
11528.168868
11369.113251
11117.856678
10805.232494
10715.341472
10587.441170
10389.830998
10238.482649
10242.405383
9943.134588
9672.363227
9484.376193
9453.765089
9463.580465
9595.561107
9888.906531
9961.810985
10034.725033
9823.833590
9674.167081
9533.275513
9527.250569
9264.961246
9295.532953
9240.114008
9093.208007
9106.440199
9534.225488
9819.855424
10159.281459
10484.527090
10539.966014
10444.355848
10358.067643
10480.680339
10501.560698
10821.572138
10783.439635
10842.775382
10743.006707
10577.524622
10311.030944
10345.432292
10301.598782
10272.647739
10310.251713
10291.048948
10363.906365
10465.645290
10316.070000
10323.559651
10350.475965
10486.624341
10641.788134
10906.416186
11006.132707
11312.824235
11353.146556
11360.774452
11360.774452
11246.201641
10889.449420
10580.751131
10212.628883
10124.389580
10523.184088
10793.408536
11069.661722
11495.135270
11535.404865
11486.670508
11639.799526
11826.312996
11611.391836
11569.216028
11437.369969
11069.329060
10887.063192
10802.773136
10685.710404
10546.587833
10640.502693
10609.994507
10807.534870
10920.720123
11080.283498
11360.303518
11417.991846
11531.005316
11699.661914
11818.225302
11672.553401
11578.573175
11513.305972
11306.188270
11251.633378
11389.751449
11333.930860
11027.262600
10969.847960
10744.240797
10583.163174
10487.289056
10665.647315
10838.063199
10819.370995
10809.670960
10909.378439
10828.923412
10828.923412
10813.897389
10625.784443
10470.733558
10491.846976
10449.522309
10620.526922
10622.600682
10653.309836
10902.516315
10892.999502
10883.521353
10741.636433
10874.034587
10457.895654
10369.540080
10144.018037
10429.708440
10368.365806
10462.142275
10387.530203
10235.257977
10014.726757
9993.698976
9916.741838
10014.726786
10193.397049
10294.989269
10193.397039
10546.109383
10822.089930
11021.634466
11177.006293
11556.585795
11280.552325
11107.759860
11040.206162
11044.048651
10850.301107
10930.820484
11097.671191
11244.494773
11175.134958
11236.670359
11121.533348
10901.185688
10822.023992
10858.621534
10956.356290
10983.148230
10981.321111
10827.273403
10669.968793
10296.000820
10370.626587
10292.330880
10265.878456
10447.953573
10609.194367
10749.101631
10817.920027
10961.037879
10949.600823
11075.839007
11035.855878
10991.654153
10762.240210
10601.083487
10518.715456
10305.793026
10206.047847
10305.758910
10465.042641
10591.531058
10823.559487
11111.240333
11336.975960
11401.840542
11505.537345
11728.080164
11660.767005
11561.267314
11235.151093
10926.641306
10635.136833
10817.187437
10939.588875
11186.850950
11395.772758
11474.526953
11300.145601
11369.551201
11453.949031
11452.105312
11676.626381
11837.278011
11624.959530
11598.067239
11640.007621
11478.928862
11517.421548
11699.808135
11899.239859
11983.479616
12209.752925
12095.341488
11844.790583
11394.164265
11271.582663
11098.981435
10798.186816
10722.737838
10574.963641
10385.096677
10003.765541
10168.728384
10379.060322
10530.667998
10457.810916
10712.724035
10914.039487
11085.424392
11612.505324
12091.971617
12304.516975
12132.118137
12038.343484
11944.069947
11760.024923
11616.320350
11867.515871
11991.866461
11805.582366
11826.826491
11759.648579
11602.507112
11660.606156
11913.952758
12130.421155
12569.133033
12715.206741
12461.234182
12198.510183
11926.253743
11489.143798
11416.218345
11721.063327
11672.989343
11546.561916
11508.235004
11509.935789
11280.739188
11345.680757
11478.123895
11392.006947
11077.369404
10985.264376
11079.322749
11129.204977
11320.993328
11566.027271
11611.543858
11423.465310
11130.126104
11101.575459
11070.639986
11012.387930
10970.181439
11050.739624
10983.485832
10939.626661
10896.121862
10783.297084
10900.151335
10994.088031
11356.522741
11598.939722
11796.390558
11771.559314
11530.131649
11125.342258
11040.821268
11012.111608
11105.975738
11113.881127
11297.558996
11103.840540
11103.840540
11182.727231
11477.973761
11522.100271
11629.494235
11544.884014
11383.900538
11326.388733
11178.652945
11276.356923
11531.380953
11596.592955
11517.855478
11483.509558
11349.942236
10891.629919
10621.360627
10510.059624
10374.193368
10234.924618
10574.269446
10758.147436
10954.014483
11272.324190
11337.956030
11332.517877
11462.537717
11401.217976
11367.013963
11293.361772
11299.260363
11230.133589
11249.372095
11188.013861
11424.921435
11491.928729
11273.426600
10931.952051
10719.459933
10377.042539
10055.162681
9986.003115
10047.142295
10030.035238
9986.700101
10004.064254
9955.962640
9996.231950
9898.674364
9971.820392
9739.833752
9782.175592
9410.302842
9139.690613
8899.327064
8893.294567
8870.416714
9156.360142
9537.356915
9729.512902
9898.163177
9982.565196
10137.836621
10084.109497
10326.592044
10443.565947
10658.157795
10815.568994
11235.414183
11344.606227
11413.645933
11216.029617
11269.639465
11020.503016
10787.422914
10762.394715
10724.012570
10451.894086
10446.036825
10534.375140
10386.845549
10442.334442
10532.506831
10538.303496
10694.291038
10878.575856
11018.313674
10736.412857
10615.770602
10457.810919
10463.595324
10513.258799
10733.877513
10917.837670
11023.328367
11213.205578
11358.758397
11513.971362
11397.117676
11399.033013
11015.446947
10697.458295
10641.593142
10877.642233
10922.574268
11125.828174
11352.043206
11499.894755
11214.158875
10837.892735
10761.445084
10529.207282
10201.413567
10074.734334
10204.690202
10181.647888
10091.263899
10244.841839
10371.252358
10237.996955
10293.647167
10297.384736
10393.323198
10489.008087
10536.153210
10073.962792
9982.117032
9732.767006
9546.551197
9607.042497
9915.682199
9894.490200
9957.919137
10220.436505
10314.507513
10327.920361
10508.209673
10605.860685
10347.225784
10318.793088
10635.290292
10934.381030
11124.161654
11411.867642
11483.304007
11694.207479
12079.699745
12267.452092
12248.275044
12285.628695
11881.352346
11275.423552
10972.446124
10940.004722
10717.860440
10681.481143
10754.397101
10572.154448
10361.238280
10534.300277
10720.452726
10850.674795
11015.514461
11322.419515
11523.627226
11460.386690
11435.525795
11418.279855
11513.904775
11638.348233
12269.270596
12698.075716
12947.897968
12574.095905
12173.229631
11262.493087
10524.218181
10441.921851
10495.524675
10730.649941
11261.745124
11466.683276
11384.385024
11478.296492
11499.198129
11203.806542
11144.305639
11127.176727
10981.398637
10582.716142
10670.854922
10726.492187
10527.109386
10552.004849
10732.665180
10830.361585
10699.942434
10809.260444
10863.068129
10825.272541
10863.743296
11072.759866
10915.522672
10829.219333
10988.979189
11150.237435
11109.980871
11326.594492
11347.744700
11445.533733
11130.790862
11038.804696
11075.238542
11251.673175
11283.748234
11302.829511
11153.349066
10861.827712
10541.786289
10220.072118
10047.376325
10108.892452
10103.183421
10269.771952
10469.269632
10501.977596
10507.732884
10697.662429
10891.062747
10770.771098
10958.572062
11131.088982
10995.077829
10830.186130
10813.390502
10502.682979
10305.106641
10182.451661
10186.306120
10303.045362
10521.612689
10485.028274
10483.045484
10168.855348
9799.945854
9686.711583
9966.862672
10296.697934
10523.039159
10528.600433
10285.228728
9834.491164
9761.515676
9897.792045
10234.365203
10399.250424
10529.545095
10439.597925
10479.731972
10429.075537
10505.727480
10833.513664
10992.786250
10656.947386
10698.696800
10932.327099
10991.914562
11070.527990
11438.597671
11295.643035
11056.217752
10737.805259
10365.971754
10168.465717
10352.439733
10465.800758
10622.907366
10703.603429
10605.692877
10351.850443
10179.293611
9975.974692
10025.738214
10056.473309
10319.809066
10496.222907
10632.434162
10711.018105
10879.729835
10894.830400
10862.159566
10946.548061
10846.785496
10762.425878
10459.599695
10218.107018
9932.374895
9993.842981
9957.438423
9914.266448
9858.609187
9883.748084
9871.647453
9795.077534
9851.738378
9822.851753
9842.027492
9619.459834
9585.220526
9667.646043
9735.036827
9514.375623
9531.709759
9623.701645
9337.943780
9387.841943
9583.536176
9494.977658
9280.251649
9342.393859
9187.004714
9204.399757
9399.838069
9587.763675
9561.517128
9707.405016
9684.286691
9644.244408
9624.776577
9818.448008
9770.679867
9670.705161
9697.630477
9764.690379
9682.173071
9678.299614
9762.383233
9689.876533
9720.323931
9976.146050
10141.123139
10403.827176
10733.565457
10854.230369
10756.553685
10566.632540
10444.031693
10323.238432
10445.925251
10637.759484
10986.832561
11247.536020
11305.170170
11096.018459
11041.401114
10916.828702
10771.083748
10736.483428
10732.844347
10431.871191
10341.748492
10328.335839
10370.370046
10429.966183
10514.525829
10378.305547
10016.070436
9845.409218
9647.802229
9702.766419
9865.546399
9798.417255
9696.767870
9641.145081
9552.825861
9627.464154
9884.747252
9919.001417
10323.523970
10325.314552
10020.547804
9911.149819
9968.684602
9786.758529
9986.036773
10162.437058
10534.263234
10635.997146
10731.864822
10944.135756
11174.386918
10950.143821
10825.351998
10681.536414
10322.478939
10055.958653
10027.154411
10103.947647
10119.274684
10288.366070
10673.683199
10783.297065
10827.373993
10813.865882
10588.361592
10566.927183
10459.599695
10344.532174
10248.809232
10367.404365
10100.771389
10298.102696
10635.740050
10907.887411
10947.600562
10939.891496
10887.968079
10615.770602
10276.369546
10252.006645
10104.326793
9971.886794
10117.551056
10334.497303
10358.829534
10514.013098
10640.573941
10600.404082
10613.886880
10486.019964
10487.843379
10493.593348
10380.533179
10194.427240
10126.814130
10266.869896
10147.738474
10176.561694
10424.121953
10587.719682
10493.627568
10859.904945
11049.795835
10996.083581
11144.483900
11184.830057
11004.607278
10751.579773
10720.843616
10649.360064
10710.699038
10683.927811
10948.624998
11218.602119
11370.942405
11699.233195
11917.610015
11889.087079
11727.911661
11460.776008
10944.857489
10741.704072
10854.607635
10745.568414
10882.880179
10994.088031
10873.376671
10650.686720
10817.539635
10821.399386
10731.317735
10884.679594
11086.153364
11106.961943
11227.577869
11206.360476
10964.660844
10878.644866
10916.828702
10741.910096
11227.209456
11635.712649
11699.012871
11574.010347
11517.568907
11262.636538
11193.617658
11259.018172
11333.504233
11422.063762
11374.088680
11143.948552
11011.814145
11201.497061
11280.583961
11274.696811
11109.980896
10776.159500
10285.509270
9948.776971
9797.387270
10042.965919
10129.121379
9967.796083
9999.777458
9946.216454
9675.841135
9629.750839
9725.922370
9670.980222
9521.629581
9397.169201
9402.915701
9418.167155
9549.830877
9653.212609
9707.043247
9622.715369
9480.759559
9635.066528
9780.459404
9995.266735
10131.369015
10355.882144
10325.622599
10360.101645
10611.353204
10789.674530
11031.192555
11070.751901
11011.562839
10796.655048
10589.612249
10273.141561
10004.279954
10006.036807
9824.070063
9967.726137
10161.674561
10562.008783
10820.981443
11234.964595
11102.705118
11060.401433
10964.564174
10840.050980
10690.542991
11210.059624
11380.775053
11533.001264
11533.001264
11364.139960
10706.668767
10595.400015
10285.338178
10062.521045
10062.521045
10273.626821
10227.700374
10272.750903
10056.106687
9950.497442
10069.567609
10299.449052
10536.573818
10939.325690
11169.347757
10990.972305
10793.436622
10776.389025
10901.218566
11023.864616
11204.093724
11276.911946
10983.521419
10751.727013
10454.396545
10356.660065
10371.860514
10586.240372
10900.884483
11297.558996
11456.931079
11261.318287
11240.509071
11058.322602
10927.939970
11173.632529
11441.960290
11458.941272
11391.897786
11272.953393
10912.350879
10979.648058
10996.503426
11065.467189
11270.571330
11406.847183
11429.703346
11461.589300
11573.081739
11394.568744
11325.694274
11060.918598
11294.065533
11181.015124
11250.026837
11004.687710
11123.597243
10781.301972
10848.655587
10806.161552
11279.987264
11245.408654
11213.475122
11282.187510
11462.490331
11314.836026
11339.860771
11210.088470
11070.232336
11056.851280
10912.726491
10795.917268
11068.600835
11039.890070
10776.880737
10853.914413
10836.578939
10814.089131
10877.475187
10976.980957
10967.576642
11088.255435
10931.992216
10912.787167
10958.924976
10801.827891
10752.013107
10753.762118
10690.603765
10592.763295
10711.761354
10529.405577
10435.458275
10517.953659
10502.614079
10377.829118
10621.449530
10805.624765
10684.948884
10782.877445
11108.721661
11206.458476
11136.919726
11253.812251
11303.762467
11144.483881
11125.303323
11140.345473
11251.593324
11230.605504
11025.313402
10745.480924
10867.772293
10850.372692
10729.746952
11040.283102
11138.169000
10904.826691
10659.409833
10655.667928
10241.594246
10237.696106
10467.002244
10735.441364
10840.852142
11126.647010
11464.233433
11618.252899
11466.587930
11370.744211
11255.713596
11023.834271
11059.439079
11333.644806
11521.827979
11617.414013
11845.727188
11542.947850
11180.472876
11159.762125
11301.464479
11314.680293
11386.325264
11355.715262
11200.458525
11117.777853
10895.373050
10993.301901
11083.447426
11232.965628
11075.501189
10958.607321
10789.413405
10814.354838
10733.842356
10785.574980
10578.600563
10591.681131
10645.500229
10645.500229
10511.244802
10553.350178
10348.428494
10390.386695
10357.991613
10697.541399
10626.207469
10515.380885
10268.143729
10360.002275
10285.509255
10373.642740
10452.553892
10571.400687
10431.477550
10312.455467
10354.981104
10371.514318
10394.522547
10387.047110
10341.005083
10498.155393
10770.896209
10854.977794
10789.985522
11050.837885
11305.906480
11661.083617
11770.707385
12144.856153
11916.290436
11582.571835
11302.416620
11290.989723
11151.000215
11275.603578
11342.774359
11248.784173
11294.514173
11323.467538
11160.536795
11173.998938
11203.964671
10979.783104
11088.922918
11420.629093
11476.357342
11316.515318
11479.246677
11316.515318
11220.642202
11160.969228
11321.139836
11376.621239
11470.605517
11387.960916
11754.477317
12000.699247
12330.809240
12253.620287
12363.078400
12259.681098
12304.458762
11929.044273
11884.502477
11831.106886
11602.920759
11349.132829
11178.441882
11289.731555
11214.769904
11352.806570
11324.599956
11339.926234
11451.158746
11407.119451
11447.306439
11407.813285
11705.049003
11591.888957
11526.810281
11135.362958
11039.647785
10767.411080
10602.381936
10771.178998
11102.854046
11046.534450
10850.914579
10743.602341
10572.860244
10342.799218
10470.803977
10614.686642
10763.955994
11044.048669
10894.572262
10924.589487
10970.526879
10980.203544
10864.901197
11001.285522
10892.101238
11003.345269
11016.850410
10938.277273
11089.565835
11178.215799
10955.616011
10604.892411
10460.900338
10179.141135
9911.772115
9860.255657
9856.457879
9908.336224
10005.866797
10055.130634
10020.406496
10217.922196
10267.802505
10227.542261
10229.269923
10191.006599
10263.917368
10242.801963
10162.345477
10305.106643
10393.452964
10100.040602
9866.148403
9952.252773
9788.680289
9871.023753
10068.658350
10227.858393
10093.594880
10101.165937
9942.108349
9863.220866
9905.557971
10089.638635
10129.298974
10246.056002
10303.677054
10253.706335
10132.751311
10101.022471
10143.180771
10185.330350
10037.804405
9926.607242
9870.130816
9770.488500
9687.834947
9893.056908
10052.092967
10089.811110
10250.984236
10285.574299
10197.258560
10097.393755
10105.025845
10006.938605
9877.065176
9775.167901
9834.712497
9936.437323
9828.902889
10061.067616
10081.794416
10001.378060
9933.520290
9937.391119
9740.015839
9879.870588
10079.446715
9996.614083
10006.136978
10180.713530
10065.795919
9922.103724
10003.046224
9998.975557
9939.477299
10087.277739
10382.507333
10758.350435
11011.783742
11274.268775
11339.525558
11132.650489
10901.152722
10611.520193
10460.109398
10519.589588
10546.362150
10621.666105
10932.073765
11001.321218
10811.472084
10719.580059
10570.956313
10223.762623
9865.351410
9755.838136
9763.528957
9622.744824
9687.636790
9929.383609
10211.067579
10351.307098
10495.990567
10432.698271
10369.331601
10239.073922
10148.957050
10197.848329
10531.588115
10625.356399
10525.632232
10310.993969
10198.130253
9939.229251
9791.709421
9682.453947
9866.477349
10050.796321
9973.959840
9755.381449
9621.522209
9391.398840
9065.557789
9031.100913
9002.508515
9180.804675
9455.042140
9569.777262
9730.624059
10098.902988
10217.891194
10185.219852
10341.324391
10327.920358
10312.455474
10224.255682
10186.025547
9868.261573
9728.148921
9544.165396
9647.585440
9662.829380
9764.467811
9877.798140
10092.446428
10077.162194
10113.454431
10173.763574
10183.287913
10123.920537
10024.353657
9890.044412
9850.549627
9812.022684
9714.266816
9585.995094
9647.141872
9716.964403
9682.385371
9567.457285
9734.129961
9634.494088
9399.305789
9234.290740
9180.688158
8975.459964
9015.733305
9203.915805
9395.727670
9477.978090
9723.453613
9725.567530
9603.367604
9624.192236
9676.043740
9618.245718
9812.051661
9849.768629
9817.101498
9863.045245
9796.321513
9675.251336
9886.028436
9859.094204
9748.059457
9738.335640
9586.789494
9440.066510
9559.015509
9695.079696
9852.307005
9984.595440
10089.894854
9900.107137
9752.260786
9604.819510
9683.460634
9570.682251
9465.401553
9493.976765
9641.527241
9584.186499
9531.423531
9679.021932
9616.039177
9351.135280
9207.410759
9263.804278
9334.584054
9405.744958
9557.177773
9501.493449
9403.849235
9212.162969
9334.584050
9430.478420
9676.043736
9877.408743
10132.105848
10268.414078
10184.024645
10180.090380
10074.774275
10141.953775
9846.620797
9986.642127
9869.772788
9672.281592
9374.992152
9580.303890
9427.027739
9622.597609
9812.201769
9911.772109
9660.637375
9608.955687
9265.734905
9185.083065
9023.825532
8956.511493
8855.338017
9022.397114
9149.979542
9412.623965
9431.866141
9378.160417
9269.035401
9234.954506
9064.279689
9204.292872
9589.675454
9771.859859
9739.798344
9736.121849
9799.268204
9659.249159
9666.893976
9745.959540
9895.447456
9928.098000
10206.015841
10376.803695
10555.413923
10618.828876
10580.471588
10438.410036
10219.884488
9836.169538
9658.131155
9454.726819
9379.649780
9372.344102
9586.665763
9968.084368
10242.525676
10296.075716
10416.785963
10523.972401
10355.495386
10282.510850
10221.098132
10107.949198
9760.467788
9564.334088
9487.740996
9457.016927
9426.680367
9859.035526
10071.863758
10345.981409
10441.921848
10635.591679
10631.791933
10639.443505
10355.760784
10514.755762
10520.652167
10413.271953
10355.913042
10720.295954
10633.842684
10616.588203
10648.671656
10763.486733
10679.416030
10731.051504
10882.565968
10997.128041
10891.666883
10872.662628
10803.542089
10861.044922
10691.665720
10503.898777
10273.814581
10126.238729
9986.290573
10110.498242
10447.801455
10562.876195
10493.799865
10451.758397
10600.250161
10504.268738
10456.514527
10657.457374
10895.432644
10795.755029
10717.013229
10885.948072
11004.847821
10843.679785
11091.992978
11276.018869
11310.553746
11134.266546
11183.929842
10815.414625
10819.326578
10986.118167
11223.959220
11202.820118
11153.824902
11096.328927
10866.108992
10747.208854
10645.902822
10463.373744
10325.214084
10077.850444
9995.407002
10148.875027
10545.657379
10808.480201
11120.858365
11174.527072
10980.908080
10937.724670
10768.841256
10711.532429
10680.831674
10632.853609
10395.677037
10372.813601
10363.296976
10292.500700
10194.463806
10117.298935
10031.119599
10130.846393
10196.119599
10257.442051
10317.655994
10214.118095
9911.034687
9659.736331
9567.818043
9545.553118
9583.832862
9518.561688
9775.300635
9909.746899
9909.746899
9855.910409
9817.481899
9670.111300
9539.599833
9419.042922
9415.438675
9549.747636
9413.155539
9323.305600
9295.216072
9220.280656
9221.986357
9306.731588
9350.680318
9292.313535
9282.863797
9196.380822
9205.883936
9173.482110
9286.289252
9269.225132
9265.355325
9048.548857
9025.206966
8974.880271
8998.167398
9057.380764
9251.270579
9375.558389
9351.099099
9403.101318
9287.770819
9088.295037
8908.150150
9002.344692
8937.071223
9067.165771
9236.217389
9424.221379
9322.663346
9251.689339
9019.137978
8931.510831
8889.291223
8875.896353
8981.354918
9251.839573
9150.213587
9048.521972
9033.552571
8862.689586
8822.391241
9238.951788
9306.024765
9424.370715
9784.711962
9915.369556
9846.046547
10097.216172
10324.809578
10305.588994
10368.866930
10451.517547
10570.460332
10743.284457
10973.346879
11044.335831
11188.151826
11184.197444
10966.112293
10774.575312
10762.807183
10741.772126
10592.237667
10772.635603
10920.603755
10824.530295
10738.343208
10707.715678
10352.105936
10160.620754
9997.446059
9884.660948
9824.951231
9962.120570
9948.776968
10259.370433
10163.257042
10232.522315
10335.938359
10661.963574
10656.105243
11012.767190
11277.287617
11549.759309
11459.968219
11344.903742
11402.184859
11172.422041
10813.290711
10843.747315
10943.326406
10868.838663
10958.783722
11092.436854
11009.977438
11038.610764
11000.464184
11090.307482
10981.398657
10950.737588
10921.892351
11038.843992
10937.321409
10984.221202
10921.183498
10612.189385
10361.028041
10115.725491
10019.823416
9927.789378
10447.451945
10648.809172
10880.663502
10967.350764
11252.869062
11201.201070
11103.218280
10934.659359
10919.611338
10524.514579
9977.995122
9718.968476
9861.371595
9859.301629
9786.636993
9951.178858
9922.614566
9857.542891
9895.000682
10245.890096
10487.518637
10729.240501
10966.917627
11262.063814
11310.057678
11350.171603
11250.457185
11095.287342
10844.969031
10735.812002
10810.632655
11086.782286
11184.485244
11393.363474
11500.794922
11483.422671
11418.309883
11560.104729
11334.234031
11144.521078
11025.694342
10952.874076
10755.426692
10744.161034
11004.887597
11004.887597
10955.047628
10930.203604
11097.396343
11247.070118
11450.170022
11423.400716
11511.663615
11489.008129
11538.888350
11632.564760
11883.955507
11943.545915
11955.020932
11835.860477
11920.152638
11987.329389
11818.515444
11685.306264
11591.033216
11167.354244
10766.770050
10638.184235
10645.864089
10795.105732
10958.182831
11217.094169
11301.527379
11423.664473
11318.221263
11289.668268
11490.804779
11686.216769
11588.651587
11649.893561
11795.548480
11587.002687
11741.973354
11794.526686
11597.099212
11543.496003
11618.206341
11416.912051
11362.479133
11488.928036
11067.117496
10676.031358
10514.830944
10693.611505
10812.537345
11270.615270
11669.551865
11805.612120
11790.545135
11665.730813
11454.950541
11428.152365
11606.338141
11508.644023
11606.338141
11677.494111
11689.037758
11661.979674
11680.678949
11513.971362
11650.176956
11665.483620
12005.540166
12305.666922
12597.357857
12636.891567
12693.371799
12355.551035
12047.330026
11836.279552
11616.028465
11520.030632
11387.643227
11461.028695
11441.890381
11558.767586
11370.744195
11313.256283
11238.215452
11017.714781
10766.646404
10636.179768
10674.231540
10480.719142
10647.690846
10563.234684
10730.105204
10639.887511
10651.086012
10499.669585
10837.082720
10925.440388
10931.022845
10980.107794
11030.016642
10993.557788
10941.714429
11062.635881
11224.262538
11450.396255
11245.408635
11241.382110
11149.540636
11211.362001
10918.014270
11113.923865
11209.661215
11454.917019
11488.874612
11786.025581
11920.186747
12043.062536
12238.207421
12201.246045
12198.779490
12055.381531
11861.552465
11460.841530
11656.511275
11723.342241
11700.270613
11876.999973
11915.435156
11665.161925
11628.870508
11841.346289
11803.247680
11776.258531
11955.196094
12175.364191
12168.019039
12043.227971
12018.135594
11655.315418
11335.160440
11275.674250
11243.016746
11108.934394
11003.523297
10838.717185
10432.141300
10349.748190
10267.383768
10387.641230
10213.214756
10201.644848
10209.462997
10395.090152
10481.852316
10731.089067
10790.434153
10648.706341
10451.270352
10526.264453
10662.469156
10741.123000
10829.329614
10927.090927
10656.222680
10545.081011
10602.485596
11049.484594
11262.170632
11395.658743
11593.320589
11771.500522
11656.575919
11660.358047
11790.189734
11830.401460
11772.641003
11859.096533
11914.985832
11786.798351
11564.527065
11460.873693
11152.099602
11556.752324
11893.245363
11967.964886
11960.451275
11937.446315
11329.456833
11190.562810
11094.606406
11098.473161
11134.796292
11186.669489
11077.522896
11077.522896
11138.845786
11127.469070
11204.061169
11114.087817
11096.567335
11064.082558
11228.827862
10970.047261
10968.264144
10749.630579
10776.295312
10605.748328
10828.234553
10978.746331
11312.302968
11061.012067
11057.289659
11103.125357
11050.640925
10929.986951
11114.127099
11073.837719
11004.607278
10929.548709
11167.088917
10984.954194
11215.035786
11247.719400
11253.233979
10927.287916
11046.274404
10808.575636
10820.118330
10981.710067
11029.780901
11046.833319
11221.431746
10935.665352
10702.439783
10735.086666
10580.019235
10248.090325
10213.641250
10031.119585
9898.973736
10033.053499
9931.500672
9948.746449
10227.155818
10347.940148
10265.340527
10441.835155
10589.486803
10350.674702
10358.292762
10469.488672
10571.133741
10488.563839
10609.118742
10390.251943
10131.436550
9970.752343
10025.958230
10038.975664
10221.406885
10555.037940
10942.282442
11111.184477
11367.073361
11418.633648
11391.897767
11336.438041
11527.894046
11415.102753
11545.451188
11497.485763
11231.137040
10784.291260
10643.158090
10599.145895
10880.883963
11134.180212
11461.753002
11666.511321
11455.933543
11053.320655
10817.409966
10476.210738
10391.585061
10418.521770
10495.069584
10544.966854
10709.722759
10536.837133
10509.898847
10410.338388
10487.086711
10364.207087
10473.294393
10709.102476
10617.154056
10442.591879
10494.404586
10503.831604
10524.855685
10655.459116
10638.076404
10590.138510
10481.036403
10147.293887
10046.026489
10114.924534
10187.716682
10027.867914
10033.576587
9972.181465
9889.883479
9745.997070
10045.171115
10374.989750
10756.383653
10863.773526
11128.418635
11154.516038
10903.586396
10932.073765
11173.935125
11240.840378
11028.389239
10850.096483
10543.425920
10248.090343
10146.532070
10105.060827
10419.473059
10705.269604
10630.418214
10488.491856
10578.966907
10116.646775
9654.608341
9466.592999
9330.831555
9144.314297
9128.864168
9025.139416
9203.915805
9273.015419
9378.270165
9516.130201
9838.428828
9840.287964
9912.916220
10138.988641
10393.849179
10393.849179
10489.663237
10372.684272
10408.713868
10393.256762
10512.067665
10544.578241
10715.341474
10566.600251
10676.067871
10687.584352
10766.308871
11011.691074
11052.884836
10889.947560
10625.263105
10420.007608
10132.381471
10061.239850
10245.171514
10295.024697
10319.937495
10327.633664
10305.000475
10121.045635
10101.813617
10078.665213
10205.351203
10410.338368
10358.584189
10555.954180
10640.327615
10646.310900
10781.582296
11055.881111
10862.075290
11074.946040
11174.554794
11054.275494
10987.335805
11177.102186
10960.258775
10707.316340
10549.325365
10267.489950
10169.734045
10119.908060
10110.298349
10213.678795
10240.420318
10288.301207
10451.482724
10566.342045
10444.195983
10536.252456
10503.593817
10551.500199
10551.500199
10559.278563
10633.805345
10699.108270
10380.774331
10267.699114
10152.888822
10139.575854
10246.786989
10296.737672
9928.519166
9958.689154
10131.142592
9971.991823
9864.720155
10100.591571
10096.841603
9962.522396
10108.269375
10313.427818
10512.785881
10477.160755
10473.228789
10218.262728
10059.183274
10081.970789
10255.031632
10028.831267
10184.212770
10412.257594
10371.979117
10248.012980
10535.683071
10529.768669
10349.629438
10146.481613
10089.894862
9932.650069
9915.606090
9821.605250
9923.049970
9893.024750
9887.200026
9900.719606
10040.469127
10075.159295
9945.484735
9673.179294
9427.840717
9487.080230
9688.648794
9840.774449
10051.725851
10151.403212
10260.556588
10055.696790
10121.428575
10094.641529
10184.682790
10065.856028
9902.780566
9857.862153
9710.153512
9489.660626
9389.702828
9340.062686
9244.117981
9332.315187
9445.263822
9504.819722
9773.141400
9955.650975
10005.450359
10062.875786
10095.966736
10061.294189
9925.922819
9893.121923
10042.999186
9917.983400
9904.678150
9942.387780
10066.725536
10039.756161
10268.279227
10362.232263
10653.740483
10818.478375
10693.975648
10776.272411
10927.719362
10835.763267
10833.756642
10916.272385
10619.120192
10319.937498
10355.760787
10641.283194
10729.681571
11065.133394
11320.208062
11363.403079
11192.684500
11518.533514
11507.336708
11445.849691
11436.389271
11039.485525
10713.443475
10519.943571
10447.096118
10298.293079
10323.416980
10214.189766
10239.041077
10271.635967
10410.833928
10688.896978
10907.345268
10970.633847
10970.633847
10950.077413
11120.633362
11072.759890
11287.421862
11310.450025
11345.970421
11202.421938
11234.890281
10981.901858
10999.166086
10924.030910
10743.721765
10851.037214
11008.151241
11230.782867
11307.745369
11357.629928
11321.383611
11357.629928
11190.936003
11119.364847
11268.894805
10912.276830
10747.253438
10756.960333
10834.088171
10605.860672
10874.400203
10962.627481
10997.013924
10858.002924
11312.368218
11494.599021
11797.370111
11847.269558
12225.292041
11897.510743
11653.988275
11370.080981
11379.714259
11058.023004
10948.989618
10785.823861
10670.748766
10433.053287
10645.705769
10772.001356
10998.191332
11088.469521
11268.721118
11150.372936
11297.685384
11174.979423
11035.224512
10989.099380
11024.785086
10863.863020
10890.718069
10954.087529
10894.638243
10725.195069
10640.829126
10318.723006
10173.078241
9911.987769
9812.466858
9847.059375
9946.917717
9803.079088
9793.407361
9676.968845
9673.048749
9736.395957
9630.889385
9799.516050
9882.119248
9799.774648
9730.650907
10087.625487
9960.777141
9870.633010
9941.728672
10146.760363
10112.126031
10037.613826
10167.283672
10044.576015
9922.012588
10012.057214
10169.380314
10174.875520
10103.947664
10297.553741
10305.141800
10309.026012
10218.695923
10263.060072
10130.624288
10061.553253
10092.152566
10342.291159
10591.568624
10656.609429
11005.787209
11195.636622
11073.509909
10801.117268
10820.378801
10565.281303
10572.819097
10860.604031
11385.984557
11391.861368
11393.687249
11489.377235
11495.079705
11284.240393
11234.305257
11155.694046
11113.793555
11121.045717
11132.866242
11322.452837
11573.642796
11640.537236
11360.503342
11239.772780
10965.427021
10779.597871
10622.377887
10661.902385
10527.642418
10554.496384
10282.248134
10270.515809
10174.840205
10335.831247
10322.442820
10569.967565
10723.210235
10909.265762
10872.993597
11195.093780
11304.423755
11152.858467
11226.248304
11157.177882
10858.094883
10798.754725
10917.392063
10893.084267
10829.763193
11011.993099
11077.015363
11052.115451
11153.703657
11412.541574
11406.881745
11393.462168
11385.668957
11105.526085
11057.558774
11086.432825
11314.369871
11327.863498
11461.349759
11603.320927
11426.954004
11087.558159
11037.669253
11056.648669
11010.641885
11196.501776
11420.777234
11388.095130
11360.031791
11149.129401
11007.161157
10853.858910
10756.074750
10929.149858
11101.782755
11107.210752
11069.025918
11118.835153
11024.708462
10996.157742
11080.340859
11209.073289
11232.113127
11288.479366
11309.542658
11330.276258
11355.570172
11560.743632
11344.397637
11217.775902
11229.230109
11093.181317
10901.415473
10931.334410
10975.564091
10761.076728
10590.207437
10195.217951
10076.843484
9819.820492
9940.613543
9950.072521
10026.862719
9769.378617
9905.420655
9736.735394
9723.285667
9932.249986
10182.386780
10278.288052
10404.685448
10349.174856
10190.050121
9971.820389
9929.751780
9695.763909
9693.975856
9734.200394
10042.824692
9910.322325
9870.026285
9833.540334
9799.051815
9615.036097
9591.705702
9572.579371
9584.186497
9557.225809
9532.796073
9577.197079
9797.485020
9807.115341
9950.604667
10176.341645
10387.352191
10322.192775
10341.324391
10285.821028
10250.006930
10146.532059
10401.520173
10572.011572
10788.840439
10721.060659
10623.194965
10580.992419
10377.764049
10121.014437
10169.887078
10350.111477
10311.682696
10578.253260
10710.472200
10723.694781
10380.533177
10217.601840
10129.511488
10250.116684
10039.163973
10158.334891
10188.920071
10060.808769
9922.558527
10054.349501
10117.298933
10178.891280
10253.538603
10186.506208
10274.775353
10182.782001
10098.306381
9868.412808
9645.857348
9224.623457
9311.095083
9138.633748
9046.444822
9126.993940
9485.903033
9539.849771
9666.515495
9814.038038
9880.986197
9773.759715
9748.958475
9674.092754
9712.428821
10005.763425
10081.094614
9952.620416
10079.133709
10247.935084
9985.303186
10062.152020
10200.456955
10190.830927
9974.042094
9861.167233
9693.785474
9457.689164
9590.093018
9710.968923
9835.513925
9826.170622
9922.162873
9804.826035
9952.667291
9918.070408
9890.044422
9690.451712
9305.061663
8990.796567
8955.972460
9076.850290
9178.229717
9398.736369
9444.531135
9442.734998
9506.807962
9708.172940
9836.366347
9874.839371
9970.936378
10028.945808
9992.613482
9808.502428
9595.586933
9332.981160
8919.205325
8638.858381
8729.188861
8919.205324
9214.619601
9355.658152
9606.925867
9808.166867
9997.978343
9885.041476
9922.474779
9909.141148
9866.811819
9659.581473
9763.130493
9736.977113
9593.067066
9313.156193
9171.266350
9184.833330
9231.899950
9323.645935
9628.619837
9837.552761
9730.255458
9779.387773
9836.535086
9606.723725
9553.020859
9357.289855
9150.397815
9087.387639
9037.220706
8995.055784
8987.253456
8835.105740
8708.896051
8875.551350
9136.472382
9266.286166
9426.643945
9368.909709
9244.265440
8972.432422
8788.082194
8748.905422
8777.564770
8681.555035
8635.544972
8722.981622
8812.036771
8905.847643
8961.251237
9043.888649
9166.580456
9257.036675
9170.715574
9057.506622
8944.131455
8777.764080
8686.998109
8780.978260
9005.460537
8986.235793
9011.072104
8969.391456
8875.874354
8789.639429
8785.826866
8709.054390
8750.265763
8848.261498
8865.502288
8913.738164
8968.983651
8771.437535
8573.494075
8470.514391
8399.749978
8415.401039
8675.179128
8864.537038
9000.415337
9002.449633
9029.388785
9046.256305
9149.806404
9147.814280
9116.923466
9161.174672
8961.567281
8677.595760
8524.267326
8384.765127
8112.491577
8097.448077
8191.400907
8275.411254
8473.068326
8603.724945
8834.990642
9018.690066
9157.038855
9160.977958
9287.241148
9139.033498
8841.597279
8634.925023
8518.011038
8521.344997
8391.396235
8349.645124
8448.913680
8734.852948
8690.844705
8702.054612
8686.631191
8610.486180
8504.457206
8688.322377
8942.792380
9379.511719
9715.422044
9997.106779
10175.482060
10312.642582
10293.711666
10128.755076
9915.861408
9668.657660
9538.724810
9607.851573
9891.588144
10246.222195
10334.603163
10357.032704
10242.175599
9971.607749
9810.751813
9875.883829
10202.881820
10348.723402
10341.040960
10222.185322
10109.046100
9708.601139
9336.334921
9290.570447
9342.287715
9300.321076
9429.740288
9410.768536
9318.639979
9178.671300
9157.269568
8913.545625
9171.898178
9334.755274
9329.540143
9260.033230
9269.441815
8901.351068
8843.864818
8772.731372
8827.205861
8862.334443
9151.648576
9251.689339
9439.454904
9658.230247
10043.652512
10149.037914
10133.480755
10130.066620
10032.055590
9782.065038
9662.860621
9783.702786
9799.206689
9891.280803
9862.911944
9868.851929
9694.351495
9718.902290
9594.668864
9555.057797
9608.679358
9624.082290
9476.600544
9248.325384
9336.588942
9350.017201
9501.535106
9633.955886
9994.406264
9919.249313
9846.223548
9625.816054
9550.842094
9320.908393
9087.769650
8917.182270
8813.300724
8848.089846
8947.512275
9199.818646
9529.602874
9583.466422
9441.206063
9441.206063
9577.100634
9705.037618
9803.048717
9996.574676
10060.130778
9939.556999
9726.842363
9776.450820
9655.936284
9736.429884
9764.431413
9659.071151
9490.311113
9534.478847
9511.462867
9567.818047
9385.901517
9456.587523
9283.706221
8942.943307
8809.202920
9076.355505
9058.352111
9039.535392
9200.267179
9241.667616
9180.482113
9301.365199
9466.173527
9563.823624
9652.513858
9767.404832
9669.886779
9853.448634
9970.846836
9836.933922
9766.158017
9904.156912
9844.847807
9726.117182
9927.134743
10191.702429
10118.829681
10051.697637
10166.855914
10290.796105
10308.174366
10455.848580
10570.926511
10486.550440
10238.313839
10167.318676
10161.709691
10186.506214
10240.097521
10433.829785
10326.385170
10293.969978
10056.106692
10029.224564
10143.982714
10214.945671
10349.138663
10471.916337
10473.671977
10393.051306
10548.293239
10636.471772
10688.279783
10630.623513
10751.087534
10810.437483
10611.018890
10585.960857
10609.268796
10139.154287
9803.407463
9707.742602
9772.671160
9807.452815
10070.583863
10229.635698
10356.270870
10546.038921
10739.695511
10929.851916
10808.915487
10810.786985
10730.304584
10655.579381
10339.478494
10259.059148
10216.916452
9973.385281
9793.133076
9751.634270
9901.373926
9769.102956
9721.157363
9776.489019
9998.602480
10054.349493
10506.783239
10947.827593
11137.643968
11090.307482
10987.087513
10680.268825
10323.523980
10311.942351
10377.731654
10452.618113
10598.304480
10753.573837
10809.228162
10954.159540
10879.343224
10793.010406
10823.687784
10748.958006
10653.010728
10835.206135
10792.976685
10660.750872
10553.267431
10429.203974
10456.080660
10448.234434
10503.898770
10432.974405
10479.939766
10232.661156
10173.223842
10248.012972
10340.005271
10198.966198
10245.009811
10400.499761
10037.986672
10036.225489
9973.904980
9787.948405
9473.413386
9571.179175
9383.170941
9295.105384
9283.192501
9404.360025
9457.906223
9475.366471
9567.551626
9567.551626
9626.800578
9862.603092
10017.883730
10121.428588
10207.742738
10067.544280
9772.389478
9459.917805
9426.254324
9485.306265
9573.740599
9786.698183
10005.035552
10140.585041
10437.627396
10351.509518
10307.278618
10355.436244
10417.280985
10338.641645
10580.419882
10752.847251
10589.902884
10355.053260
10092.065797
10184.175527
9898.597403
9814.205055
9637.197304
9679.432066
9192.234191
8891.678612
8943.247406
9059.697455
8847.098728
8722.748921
8758.705357
8651.665023
8523.872813
8556.232540
8951.332114
9302.105297
9710.505156
9943.559091
10104.688320
10018.262581
9834.340559
10020.333773
10193.363871
10674.349726
10835.696186
11083.143669
10831.773735
10813.152868
10617.434860
10724.701538
10813.152868
10889.698787
10744.999721
10754.478212
10672.101480
10424.665674
10539.576779
10778.723540
10604.137155
10580.964394
10575.226235
10466.105939
10178.450690
10350.982081
10182.189931
10147.470515
10055.696790
10031.119577
9775.976613
9996.535556
10107.789578
10153.876254
10479.207856
10423.781555
10024.824221
10030.540358
10089.894853
9851.291082
10069.760753
10434.001094
10809.780738
10700.435222
10798.566799
10727.379578
10901.821664
10708.292470
10712.130596
10708.353649
11007.331724
11197.127583
11243.184793
11538.565072
11719.050384
11529.219663
11241.533597
11310.624528
11283.856919
11106.893137
10882.742988
10740.828399
10664.143690
10708.292480
10952.659642
11117.498889
11261.390043
11117.498868
10993.029052
10804.748487
10536.477709
10329.354447
10245.009843
10147.099288
10090.567067
10198.165706
10263.536195
10345.764500
10428.404529
10627.832254
10870.972037
11064.836001
11011.285779
10809.707251
10580.445826
10599.595084
10635.997157
10745.298291
11067.358867
11206.490684
11133.851660
11057.044247
11058.709820
11035.981980
10979.578983
10691.665700
10457.923587
10394.491863
10006.998235
9873.890599
10339.679375
10646.663599
10838.236896
10916.862147
10944.973530
10661.450506
10461.742035
10348.790437
10411.972185
10387.603857
10218.803704
10032.876725
9887.073252
9670.433355
9557.545822
9601.843047
9478.850490
9413.467939
9546.206096
9775.466016
9844.723502
9954.125608
9833.104809
9831.131290
9810.674902
9542.039798
9415.588660
9724.079254
9659.012196
9326.115634
9433.358329
9690.398562
9510.353180
9454.656099
9432.183208
9549.255908
9439.705909
9495.178572
9406.985511
9546.296403
9536.672488
9605.730169
9709.404792
9895.229323
9977.859055
9933.702517
10075.881084
9836.039764
10024.223472
10093.594893
10178.104705
10018.702215
10108.969213
9877.136692
9709.693906
9577.477255
9577.477255
9508.210208
9554.213581
9672.777203
9843.592716
9793.460809
9814.710758
9804.826033
9771.298317
9709.942553
9629.251041
9648.399005
9872.831223
9886.093053
9828.532810
9803.466632
9801.691700
9448.942437
9326.393208
9376.422354
9501.224762
9411.024398
9529.841968
9529.841968
9326.393209
9363.120125
9508.719654
9335.968862
9146.604866
9033.272848
8841.300671
8618.780838
8685.978376
8716.814982
9043.965925
9124.581046
9072.355756
9164.753467
9335.737437
9483.689536
9443.304097
9625.485373
9771.298332
9820.068009
9557.350725
9469.257918
9501.643281
9415.588666
9411.844855
9139.488889
9300.762650
9273.716617
9220.019834
9187.724923
9594.588089
9625.215726
9514.072736
9374.049976
9330.967084
9160.486068
9133.123889
9282.863797
9440.030551
9519.083925
9514.970677
9407.573027
9185.447404
9037.428747
9013.757291
9026.560154
9076.884600
9249.244225
9394.723395
9204.966266
9302.733786
9406.306054
9513.836173
9423.832441
9722.719265
9801.166852
10054.487168
10046.620881
10274.705996
10323.666899
10306.286777
10362.021280
10467.364610
10467.364610
10473.067078
10666.744590
10384.799270
10480.719163
10806.766602
11132.175964
10892.354557
10901.929085
10556.663735
10204.105264
9910.705031
10160.091560
10397.662337
10597.180443
10507.121299
10164.539174
9875.248154
9591.385989
9526.122651
9570.443569
9777.112898
9782.901846
9698.294525
9541.468359
9393.592654
9318.550249
9421.831866
9452.688948
9452.688948
9514.123382
9540.569602
9337.106422
9237.273274
9446.440165
9465.784902
9456.179546
9379.354310
9375.677026
9191.461636
9054.050685
9002.643684
9175.309020
9319.091729
9242.294353
9125.369133
9112.437279
9088.996697
9087.542784
9208.357634
9219.805519
9195.215911
9099.037939
8943.896608
8792.251066
8917.243642
8762.796172
8655.820061
8670.512766
8709.127398
8676.674551
8931.087416
9102.923850
9170.516444
9335.027932
9649.586039
9788.750117
10020.818330
10107.041380
10091.619662
9890.515351
9760.884982
9564.956794
9574.475344
9689.876531
9752.739759
9794.125554
9771.468654
9844.405036
9623.701642
9493.519733
9370.916387
9455.465408
9488.041460
9737.373350
9911.598953
10013.457363
9940.496342
9948.309092
9886.796646
10066.854944
10458.146083
10523.413184
10464.076728
10569.608977
10479.303928
10217.953102
10436.478764
10547.745506
10555.345305
10771.930288
10969.546940
10885.143386
10969.546940
11028.991101
10829.547987
10754.275643
11024.523276
11339.126432
11118.576875
11189.545636
11358.758405
11326.317526
11120.983452
11539.018690
11638.806041
11638.806041
11347.346718
11247.645648
11036.803925
10846.829588
10570.589312
10411.298786
10493.696226
10704.784252
10708.503312
10774.428294
10900.884504
10935.338563
10816.484445
10956.393093
11065.501490
11314.641462
11368.478760
11588.993161
11815.202110
11777.413152
11854.271482
11884.694408
11725.950958
11606.651487
11599.233523
11593.832527
11517.029637
11348.478329
11215.880676
11163.224653
11075.077243
11090.272431
10929.548686
10956.174037
11086.121835
11229.729887
11273.828932
11551.893389
11402.118448
11221.807831
10861.292067
10669.722479
10779.071992
11170.217043
11339.312619
11387.241618
11448.559702
11256.866673
11088.110730
11106.791499
11124.161663
11198.944531
11283.342588
11160.609729
10974.442086
11348.548048
11235.113697
11101.266612
10817.155698
10745.710448
10339.168898
10143.702285
10327.778767
10734.236573
10854.412586
10814.320908
10802.846581
10421.157024
10244.841850
10248.659380
10163.935094
10306.035233
10288.748051
10093.311306
10021.796587
10301.973870
10303.769501
10426.401666
10572.046762
10455.617599
10317.592302
10344.245903
10321.438326
10472.810292
10723.000455
10854.939554
10841.866084
10985.607542
11085.501588
10996.899197
10950.903494
10939.513416
10841.653646
10496.487751
10605.582083
10482.828104
10680.450971
10695.491532
10877.997770
10789.413405
10818.070471
10457.782283
10293.042668
10149.037921
10011.918886
10050.100704
10094.203512
10360.557520
10452.745869
10734.829574
10759.756524
10779.105536
10821.164617
10684.980339
10478.218779
10562.500756
10667.946361
10405.069340
10520.376567
10507.268303
10543.603697
10549.394394
10649.074568
10691.127320
10553.992399
10358.403343
10099.532383
9949.830712
9886.676243
9958.260933
9977.267805
10174.875507
10370.223739
10366.761684
10451.306196
10665.999070
10474.085054
10520.258548
10556.468417
10643.089803
10558.930842
10704.653922
10541.600384
10752.454121
10649.042064
10595.266475
10616.374571
10744.964615
10618.424252
10543.219930
10414.660894
10508.599196
10409.017411
10282.381175
10451.690096
10520.691652
10597.360281
10625.881741
10620.148773
10334.603168
10045.079619
9674.823663
9429.411203
9180.265758
9043.022373
9144.397077
9205.691542
9401.333753
9713.834648
10114.637127
10110.872161
10283.218225
10566.927181
10801.041632
10857.582218
11129.763124
11099.059989
10949.565770
10565.950238
10379.798162
10483.236091
10491.088793
10408.769144
10467.823080
10620.148773
10595.332532
10771.682847
10769.908041
10863.833363
10656.761104
10444.155305
10338.608813
10438.291235
10476.735928
10753.113698
11017.776249
11111.640915
11261.282284
11171.330366
11105.335847
11103.249682
10854.101190
10578.050180
10418.958439
10416.946187
10340.327107
10681.536430
10668.249115
10700.672921
10495.795758
10536.153207
10424.814609
10708.650459
10982.798102
11321.484167
11085.686761
10924.490804
10690.573504
10460.419091
10394.461461
10509.530697
10369.540098
10298.497847
10377.309409
10223.166609
10215.436610
10382.334179
10391.951172
10367.138141
10340.636970
10141.258731
9930.366891
9769.344062
9529.602885
9333.894555
9215.089503
9080.849769
9040.790808
9191.857707
9370.608234
9867.358311
10271.948309
10544.162568
10732.177046
10835.594451
10791.411936
10793.322571
10762.614763
10741.569003
10749.172569
10829.656007
10808.638329
10743.363876
10904.434376
11090.414117
11071.247470
11105.909546
11255.345072
11241.969222
11309.835655
11200.619713
11252.202288
11348.333444
11164.067098
10831.153880
10694.856921
10691.127320
10689.400766
10739.159454
10987.572885
11169.609894
11021.984082
10893.538887
10860.806128
10680.414842
10645.941260
10854.549749
10879.729835
10929.743775
10846.785496
10785.433942
10676.239526
10528.567179
10842.998046
10918.085587
10804.931142
10659.330310
10559.858345
10001.728623
9890.785035
9798.762709
9643.521454
9789.035238
9703.098952
9432.145412
9190.454781
9230.858373
9113.997748
9357.233998
9374.161112
9616.039178
9955.245356
10196.811331
10375.228384
10747.253415
10893.210372
10822.023992
10799.181581
10666.843508
10822.833776
10729.168852
10633.147981
10458.502808
10554.564790
10328.832885
10455.462402
10461.092614
10474.524870
10453.397945
10414.001557
10368.053465
10293.386122
10183.909592
9928.857761
9774.642843
9721.112336
9486.967210
9638.578504
9510.222280
9391.846515
9240.336296
9290.213217
9215.173940
9426.336366
9617.735885
9892.201456
10114.637133
10242.986950
10154.818695
10295.852777
10038.721104
9929.670920
9991.114259
10155.801263
10045.079623
10208.011547
10324.843824
10499.313196
10422.823219
10356.844738
10512.192475
10619.500539
10408.824084
10560.212569
10661.747378
10483.236091
10218.660646
10073.122557
9825.725192
9835.068976
9878.849698
10017.166284
10089.977750
10195.553441
10255.680243
10372.598691
10401.488805
10361.028043
10347.873301
10415.406204
10239.041069
10428.946938
10764.360924
10988.748670
10776.181982
10835.729802
10828.062697
10829.940308
10962.326333
11142.839523
11186.888018
10772.565069
10435.222171
10249.289521
10311.316133
10123.507547
10270.946461
10249.970693
10081.182277
9947.856233
9989.971876
10043.652508
10056.867972
9945.819686
9878.059566
10056.348899
9923.925798
9870.424721
9954.962878
9896.321490
9793.016567
9932.802806
10080.631996
10112.962161
10445.999365
10551.426702
10532.309596
10628.419202
10881.195845
10808.073250
10894.333161
11135.571225
11179.705040
10951.650579
10722.331468
10588.282419
10578.555773
10461.410830
10436.583316
10637.829349
10413.400455
9947.703024
9809.499091
9611.671378
9252.566838
9580.844983
9776.118788
9730.255453
9902.780554
10000.432616
10023.827723
9868.375286
9666.893979
9431.116167
9276.979927
9065.815569
9102.486371
9460.876692
9591.346525
9830.158586
9868.634312
10060.549158
9822.577574
9859.035532
9936.315583
9960.860001
9959.042073
9903.407170
9887.983705
9722.814922
9496.171386
9490.556035
9672.846888
9747.822211
9899.913261
10260.232930
10411.816571
10703.385744
10822.023992
10878.747396
10867.126050
10853.744226
10690.722652
10673.384405
10592.572891
10571.461076
10554.286777
10500.565946
10550.368009
10732.879623
10822.789392
10870.734707
10836.319525
10554.530666
10625.784439
10453.295990
10355.701229
10635.591667
10702.607709
10561.507009
10551.969167
10624.859345
10404.366274
10613.313935
10739.352613
10963.718156
10871.557285
10848.901212
10612.662436
10306.177569
10177.938467
10323.559669
10509.428238
10852.897075
10982.506928
10863.682231
10857.972567
10884.718474
10798.649096
10960.091705
11102.137908
11063.775103
10971.635394
10923.855025
10816.556100
10630.520292
10854.637404
10942.915536
10985.264336
11143.314266
11273.590142
10989.712081
11081.792006
11055.144367
11103.726502
11011.993095
11013.916344
10501.977587
10423.467679
10201.380142
10046.208137
9898.519803
10285.821028
10523.471219
10408.933986
10475.878519
10755.864565
10813.455620
10782.797447
10951.829323
11272.252239
11373.708972
11412.124118
11500.426806
11616.752086
11606.937966
11430.812215
11210.296420
10865.038814
10641.399020
10403.792658
10246.426229
10369.095327
10507.377315
10531.792519
10577.707547
10725.272808
10593.077708
10420.322473
10399.938803
10179.323985
10093.024173
10217.733346
10355.790823
10256.082556
10409.468859
10526.303030
10493.765225
10382.681417
10551.790316
10620.736319
10672.725031
10735.844976
10845.003523
10698.665067
11055.264223
11087.743225
11212.394813
11254.523213
11279.180977
10970.283401
11279.180977
11689.356796
11770.100031
12084.028318
12252.671036
11807.888330
11437.712951
11418.604019
11080.055339
10905.540354
10729.345770
10230.597605
10175.117165
10372.429363
10395.314743
10577.670705
10746.229542
10610.323587
10491.918091
10574.269464
10710.294925
10974.971475
10988.493383
10971.448894
10641.632090
10331.019146
10102.945730
10179.567971
10124.985948
10238.279553
10238.279553
9977.360339
9917.855004
9906.628985
9726.625161
9726.625161
9989.113534
10033.228075
10136.665653
10305.350178
10119.535454
10040.598404
10027.393688
10072.647925
10271.948320
10772.249169
10950.704493
11017.806785
10852.428207
10436.233621
9955.107819
9560.020311
9306.899302
9301.365204
9527.290556
9550.412495
9740.284099
9818.942861
9741.841786
9478.972147
9392.866441
9138.099209
8973.056685
8986.054304
9229.804077
9486.423458
9731.840624
9691.569168
9941.960861
9966.768598
9936.315587
9997.446070
10156.441859
9949.628670
9911.263028
9888.206634
9817.343227
9955.485463
10073.933063
10104.655439
10185.146946
10378.685574
10419.112929
10325.013225
10326.967118
10482.339205
10541.876576
10614.759303
10665.461896
10475.544599
10182.223182
9980.999561
9910.021784
10002.222080
10358.725524
10661.747362
10803.509047
10811.204612
10767.897748
10580.230276
10390.094775
10447.740072
10424.694997
10260.922497
10324.387937
10380.045262
10228.480392
10403.071022
10749.101667
10762.425894
10666.583135
10662.712634
10555.345299
10327.849936
10314.439596
10415.946024
10377.602348
10274.109201
10454.648230
10533.250156
10452.745869
10282.180184
10343.399628
10170.307801
10109.123266
10116.680783
10243.206865
10030.506035
9740.885048
9681.511484
9850.211441
9681.511488
9704.430615
9807.983370
9855.798303
9760.355130
10202.766234
10185.594347
10225.038673
10200.225947
10152.211263
9983.476024
10150.281451
10116.408268
10137.619341
10014.867822
9861.629021
9633.241157
9695.296800
9835.310802
9961.810975
9808.471278
9743.086066
9590.890128
9121.028363
9027.194635
9163.457973
9167.047016
9221.582585
9296.499508
9221.582585
9133.257593
9183.535114
9127.063517
9161.353827
9098.199603
9010.007932
9017.657090
9251.210176
9477.196967
9544.254604
9605.563062
9571.005424
9300.532588
9105.027987
9139.290819
9277.212400
9321.483914
9394.506597
9276.027080
9166.516857
9203.161461
9342.712474
9480.272241
9662.248399
9815.679337
9817.587679
9878.750815
9815.107737
9742.197629
9799.675799
9678.959181
9372.233935
9374.077217
9404.810198
9214.943834
9237.833887
9562.006432
9644.853570
9633.165170
9761.569004
9659.862932
9313.011608
9014.102502
8925.748630
8684.482958
8638.213111
8668.672985
8644.971390
8464.202263
8400.602619
8347.629291
8310.796511
8361.571993
8447.951715
8618.708458
8773.611581
8892.824191
9033.662129
9208.357633
9177.714316
9152.461466
9097.352233
9125.066353
9140.376305
9255.797534
9351.416615
9567.960901
9679.053217
9667.354523
9648.316127
9772.899297
9824.876038
9681.987806
9787.369422
9829.490855
9797.108511
9737.523480
9936.864328
10195.719475
10184.175549
9994.374420
9996.158257
10208.933860
10130.314506
10043.890261
9971.156999
9922.989849
9513.370581
9407.404088
9399.867832
9469.072751
9537.903820
9618.660311
9559.536048
9841.245091
9998.602466
9950.461738
9992.037411
10049.484466
9942.250384
10028.370557
9990.176447
9993.912987
10051.401368
10174.123424
9867.281812
9775.167901
9626.658020
9557.545814
9189.634221
9392.773099
9391.066609
9494.239931
9208.575350
9231.779364
9189.513111
9400.144364
9413.179855
9501.577559
9459.572285
9154.936954
8905.329995
8785.551562
8658.307838
8458.621943
8530.076516
8284.276521
8415.864599
8483.075679
8665.555609
8762.841198
9060.245028
8902.559376
8985.238994
9157.250845
9157.250845
9094.377098
9141.021469
9080.235000
9181.369501
9390.634826
9589.921693
9546.526771
9751.723509
9631.099486
9527.290558
9625.293852
9894.170574
9938.066789
10130.224704
10513.402377
10693.818807
10714.473785
10756.621612
10488.142879
10012.715099
9658.131152
9629.677178
9622.328958
9679.497410
9752.229512
9737.154302
9612.733486
9478.590859
9806.790371
9612.733486
9572.802693
9632.878093
9586.882927
9337.656597
9352.981145
9216.725800
9269.421609
9186.952807
9140.814876
9393.938228
9591.585346
9623.570696
9932.281455
10223.698194
10490.266824
10432.698265
10206.962008
9963.482358
9852.307005
9792.986543
10251.268445
10399.851307
10411.264579
10338.352716
10114.059325
9661.370102
9605.063179
9731.418668
9639.654670
9641.499533
9639.654668
9541.856283
9608.813136
9666.598845
9607.192294
9785.476445
10118.095474
9830.525293
9830.525293
9855.502755
9727.056557
9347.107940
9487.042618
9339.615317
9132.676580
8875.594868
8885.310470
8819.992099
9057.506617
9373.917721
9812.771960
10236.044209
10512.192466
10646.523681
10707.862592
10688.637379
10440.520961
10424.907328
10447.953570
10447.953570
10428.914585
10658.025318
10355.465878
10079.133690
9866.411783
9761.035304
9484.406799
9553.571719
9377.098911
9317.872771
9417.545318
9358.619588
9393.467242
9443.403990
9608.286193
9309.241055
9356.303883
9483.050642
9609.187480
9530.717478
9803.018194
9932.650069
9846.367052
9995.904656
10201.211203
10241.594250
10384.333705
10392.125867
10440.110480
10478.403758
10457.346211
10173.260818
10006.267920
9812.614004
9732.190111
9718.575852
9839.302226
9994.501733
10136.378905
9892.866027
9745.241138
9559.100974
9275.371007
9045.067695
8942.078788
8980.267463
9014.026337
9111.517331
8981.208915
8900.867743
8701.474233
8545.323341
8416.131825
8480.436937
8556.619335
8468.859460
8530.371745
8553.814751
8381.013907
8394.414369
8470.849349
8454.269136
8557.305790
8758.883419
8843.552143
8924.455170
8854.927452
8771.743215
8652.736934
8444.352424
8177.543093
8106.197307
8184.603672
8275.200312
8405.415167
8524.095465
8637.001401
8551.009959
8497.258665
8457.279406
8435.264080
8240.195135
8040.626537
7965.847759
7937.086691
8000.361040
8248.591176
8365.598200
8160.048854
8121.803188
8156.763815
8032.440692
8005.597027
8341.448864
8349.090962
8352.192585
8329.823900
8262.691920
8057.809428
8157.474558
8182.549838
8242.443821
8388.441564
8570.445901
8613.061944
8528.918545
8561.765754
8497.258664
8460.115715
8422.393663
8445.136606
8601.241327
8913.845398
8973.243436
9161.128630
9220.505706
8985.642854
8907.084076
8856.510622
8631.002626
8632.443421
8663.239730
8770.156614
8908.170618
9084.619132
9080.803899
9125.908234
8895.686406
8886.167527
8903.583998
8978.645895
9059.004499
9124.480480
9070.943197
8925.258850
8867.558151
8981.807598
9033.780350
8951.463076
9050.715529
8922.924152
8497.369719
8444.325964
8589.880643
8405.512836
8566.673353
8973.034403
9151.015655
9364.227665
9734.200401
9768.785086
9693.587505
9616.753323
9647.310921
9695.296810
9726.258692
9682.818113
9717.412457
9611.524845
9508.246259
9600.150890
9702.251624
9514.047248
9483.459647
9581.191701
9682.752907
9857.744263
10198.853628
10122.212978
9945.819686
9715.827827
9721.500768
9761.515671
9920.919389
10064.692838
10244.755836
10156.269152
10127.582862
10123.858836
10263.859871
10152.550297
10103.764776
9852.418513
9815.971076
9814.245221
10061.527821
10362.435572
10619.328262
10592.460348
10258.875105
9976.978511
9642.053322
9484.874096
9484.874096
9644.418315
9699.261146
9663.835911
9742.539676
9780.907267
10005.241923
10131.751278
10458.927084
10393.907505
10529.969179
10430.357149
10526.112050
10443.396503
10779.170152
10640.866239
10598.769133
10502.927450
10375.194881
10242.775356
10198.595958
10507.449381
10562.948364
10619.357202
10460.189537
10448.579003
9994.310528
9783.227120
9787.179529
9710.505173
9748.798804
9754.423401
9965.699653
9971.209472
10174.397338
10502.276573
10584.639632
10532.851446
10521.773578
10638.553642
10504.268746
10600.250174
10716.978182
11166.566354
11168.495124
11454.242475
11515.745289
11532.754767
11241.266666
11273.899558
11034.366253
11360.236496
11682.187713
11937.961653
11976.537313
11765.419314
11510.432954
11205.666572
10921.682526
10628.580173
10852.820663
10979.365125
10865.935189
10824.685108
11095.098298
11236.921677
11183.266461
11202.503045
11130.860975
10952.659651
10904.726879
10853.120001
10893.334965
11115.225834
11431.437714
11280.192140
11074.919781
10967.613641
10941.253175
10772.319513
10937.361644
11127.213448
11305.609435
11138.229510
11159.464570
11084.508547
11186.120678
11038.311145
11008.186739
10929.886592
10989.068900
10895.195065
11012.201553
11036.737277
11024.982681
10700.918471
10737.452415
10739.385468
10816.520421
10948.953086
11123.340126
11146.406889
11242.075348
11133.360851
10701.552694
10435.142909
10174.473668
10066.821858
10209.998968
10556.798933
10553.143680
10509.008622
10367.338094
10243.013613
10172.101382
10202.691128
10359.904374
10747.164679
11027.423907
10950.837038
11044.805599
11017.928928
10496.413021
10219.960093
10179.661076
10210.348960
10131.644969
10264.091817
10316.862362
10458.470985
10307.071335
10226.781558
10115.425321
9917.812817
9848.891471
10006.003073
9862.345745
9923.528680
9916.105894
9851.135621
9641.834609
9893.121927
10015.888762
10077.850437
9868.996670
10074.052654
10204.579787
9937.736264
9892.834490
10115.293249
9992.575759
9992.575759
10306.907567
10278.845662
10271.034753
10351.700120
10035.383568
10004.567579
10215.206481
10341.748481
10255.412804
10357.108584
10226.886491
10065.143257
9827.208239
9723.625031
9627.804772
9790.804658
9885.072102
9792.894043
9804.106557
9848.347871
9641.328693
9656.466661
10062.633724
10356.236921
10563.306920
10659.127164
10662.896293
10670.548060
10963.956683
11397.274507
11587.393683
11481.851786
11121.234315
10682.043499
10024.682989
9752.107182
9893.289510
10142.580514
10144.555511
10200.186849
10476.247779
10605.918059
10732.628776
10786.193448
11008.516936
10983.593731
10993.225515
11039.082162
11056.543773
10801.443804
10546.325361
10243.452143
10207.096631
10289.429837
10504.302997
10627.119481
10600.714549
10328.475211
10353.230101
10253.673022
10148.152560
10428.581037
10455.344646
10411.230097
10441.921848
10449.522307
10545.447067
10767.832994
10988.464610
11097.631406
11285.428930
11296.899678
11099.465539
10844.225191
10790.590213
10853.941762
10957.322051
10993.862329
10978.541567
10976.457718
10957.322032
10756.178330
10980.494333
11114.868806
11034.274919
10853.941748
11030.659291
11115.166775
10948.408124
11187.978793
11237.741252
11271.749234
10912.850326
11202.663489
11112.348753
11185.423711
10796.037156
10711.833050
10585.054140
10412.458370
10226.781569
10061.267184
10147.260146
10034.236857
10020.851468
10247.056898
10384.362204
10215.607392
10140.948991
10202.168050
10169.760343
10156.337669
10273.400978
10156.337682
9966.675964
9560.184726
9362.854848
9199.796596
9416.453350
9611.641018
9821.007958
9788.926937
9984.510207
9942.488334
9712.248001
9695.009576
9761.010333
9622.922455
9461.522527
9542.230716
9731.989625
9922.192036
10085.016714
10196.309648
10416.630813
10432.038202
10576.853168
10484.820671
10463.845552
10275.792286
10264.304972
9957.955390
9869.661508
9739.234255
9620.396000
9449.648386
9494.713016
9448.942438
9464.419735
9621.683030
9485.068804
9553.058349
9603.067620
9660.092848
9899.976384
9955.566979
9893.466171
9987.321500
10029.677468
9565.663701
9703.886199
9673.569014
9593.033807
9522.279854
9738.874147
9637.044072
9891.097363
9891.097363
9908.456537
9998.497547
9977.298812
9877.770427
9935.332879
9680.070482
9532.560048
9747.512248
9741.671760
9751.229929
10017.679892
10136.629255
9871.812758
9655.900450
9653.745423
9611.415720
9623.224642
9584.946641
9567.837818
9519.812588
9374.219115
9106.087780
9033.156557
9023.476148
8861.150003
9232.433150
9322.787360
9483.806039
9711.325953
10077.474217
10035.427925
10154.210726
10156.000272
10144.913181
9893.576898
9726.895617
9684.728741
9588.751003
9301.202657
9327.655960
9262.761564
9044.043623
9184.273718
9549.135500
9502.613110
9608.315064
9686.744461
9587.203292
9560.902011
9670.276894
9693.412811
10107.328148
10496.634632
10489.045884
10283.918303
10036.807393
9561.049833
9229.546090
9331.079960
9603.397038
9800.601308
9990.643242
9936.864320
9658.600504
9518.629507
9430.215294
9478.151576
9645.124904
9573.680652
9493.299250
9542.857715
9527.412680
9379.678756
9605.604313
9874.109721
9874.109721
9895.133074
10025.436582
9999.205966
9884.544083
9832.422970
9644.689206
9393.245969
9197.709159
8946.366519
8813.928536
8637.926146
8618.732480
8708.982600
9069.953332
9429.805895
9629.251047
9779.160170
9707.557446
9531.019719
9302.785538
9366.163024
9511.866933
9496.535463
9302.975921
9437.529129
9448.968512
9412.482863
9449.977689
9352.143833
9005.150662
8870.921717
8663.663607
8681.317733
8887.820579
9013.027429
9232.748062
9451.632193
9541.886475
9651.209369
9986.671077
9890.887078
10061.527813
10230.675189
10292.243919
10303.677057
10600.746611
10790.551041
10914.804336
11102.615776
11089.162276
10931.795583
10855.017114
10915.522690
10859.904926
10865.405459
10836.776119
10499.348416
10283.083718
10047.174378
9878.383470
9811.523481
10106.699184
10208.432619
10302.430751
10305.965266
10259.959968
9876.767659
10004.438315
10083.032224
10364.866307
10690.867725
11266.127385
11192.720049
11165.900545
10974.185512
10793.766075
10686.542780
10923.627772
10737.496613
10844.731453
10948.588728
10773.976648
10428.068513
10456.830902
10149.914383
10193.979934
10309.059416
10205.591078
10376.321625
10587.207518
10433.795192
10130.846397
10076.434916
9924.802524
9919.168304
10149.195964
10229.635679
10327.522052
10479.015624
10333.329864
10055.406494
9984.188097
9760.758112
9668.597712
9896.481131
10146.122883
10218.695906
10310.919090
10305.106645
9969.774965
9783.454811
9843.235927
10113.830243
10167.575872
10395.512300
10338.195682
10248.090325
10176.523917
10096.329035
9948.531263
10134.335789
10161.462619
10025.738217
10242.639542
10288.462274
10139.154306
10025.738221
10157.399667
10017.475548
10061.629579
9881.253160
9852.533108
9786.937406
9735.155245
9852.059399
10005.311233
10179.820143
10210.028639
10282.826965
10188.765057
10083.462051
10067.980391
9915.809613
9923.298432
9797.078281
9984.770157
9977.109823
9924.339207
9567.798343
9464.560283
9247.676095
9186.303235
9177.085470
9470.215534
9675.367798
9617.671568
9608.257417
9830.122349
9826.367026
9920.420052
10035.472221
9834.034512
9736.327953
9715.266980
9588.548396
9369.970779
9525.385400
9448.519787
9471.155795
9532.599022
9779.911899
9768.561717
9790.991737
9873.555719
9980.962724
10201.346595
10239.615518
10230.182753
10036.807389
10025.077377
9655.102713
9463.536013
9260.121433
9106.533690
8753.981615
8717.767176
8832.533027
9263.229607
9391.938974
9406.928215
9499.264636
9519.996844
9161.041085
9299.250057
9536.764874
9628.832766
9638.456542
9898.041383
9798.345167
9686.811786
9602.971703
9675.523829
9513.943637
9333.521749
9318.343316
9247.393008
9066.826265
8948.327826
9128.706725
9092.550559
9050.068711
9063.938734
8986.341975
8704.473386
8457.533599
8283.375502
8178.927566
8269.572008
8415.475508
8433.092447
8440.223411
8336.986863
8218.203961
8168.355171
8319.830116
8405.613517
8534.909154
8551.287191
8542.055484
8513.064422
8722.701868
8843.078463
8993.266726
9179.463954
9298.430359
9367.444252
9309.736487
9430.005863
9717.773145
9708.279475
9608.373220
9648.647567
9563.944134
9213.179224
9120.992657
8981.159422
8870.201416
8936.107908
9219.699632
9616.563184
10024.908202
10245.401470
10143.842643
10074.695041
10046.208141
9978.864792
10151.441936
10328.266652
10397.308232
10510.358944
10523.774996
10287.963245
10037.956928
9828.935325
9476.215245
9679.272401
9890.342039
10147.738476
10356.882090
10523.650161
10188.086434
10217.000472
10017.509688
9937.015863
9846.839682
9845.064140
9678.264925
9928.270723
10001.044569
10056.665819
10210.175099
10543.789071
10449.783418
10380.774352
10492.058544
10566.632567
10497.638492
10802.366046
11270.062335
11419.694642
11446.496089
11350.536289
11153.314394
10739.127689
10547.384432
10267.525094
10119.947776
10104.754418
10206.213722
10242.828454
10482.509202
10637.794415
10485.513064
10458.470998
10403.071022
10132.482744
9841.131538
9671.936450
9460.907967
9236.657667
9018.058983
9161.754997
9368.807381
9291.988746
9251.839573
9378.446292
9161.537484
8952.769777
8851.511877
8914.147026
8891.808933
8874.820241
8973.918251
8951.289824
8828.201936
8939.240181
9060.125841
9144.747077
9248.476537
9286.604018
9190.894767
9071.946651
8989.437828
9079.875847
9257.664298
9253.867762
9365.188654
9521.151448
9553.850108
9611.184988
9962.195573
10138.814989
10193.229053
10359.871993
10369.435218
10277.581430
10197.052657
10164.959885
10034.640621
10011.838197
9948.468788
10051.837783
9935.480313
10088.818534
10119.492562
10146.378543
10077.224869
10171.013902
10006.169989
10015.925195
10046.620868
9966.204522
9766.774918
9551.932426
9404.396334
9047.826736
8848.238274
9015.570099
9286.078289
9360.842293
9704.113911
9895.633070
9886.405166
9704.247919
9723.369602
9909.501114
10319.640250
10550.943978
10698.760203
10731.240941
10621.988552
10347.873280
10110.942115
10166.537686
10103.183431
9934.236922
9754.008136
9658.388664
9711.935685
9815.413021
9932.405774
10118.347139
10359.132250
10332.254221
10257.541450
10401.395098
10554.734112
10453.098086
10543.367299
10625.599017
10464.730617
10343.785163
10371.939360
10364.313068
10483.203788
10433.437194
10383.725211
10509.462036
10477.004935
10386.913192
10896.839672
10962.191516
10937.684434
11276.911965
11687.207125
11267.683272
11259.781955
11207.005480
10990.356604
10775.832168
10894.670842
11069.069351
11460.235789
11508.206756
11345.121364
11051.731719
10906.037624
10409.636427
10248.584222
10166.267232
10446.036815
10444.155305
10628.641959
10875.692078
11075.130259
11034.918636
11232.546690
11213.726617
11102.406740
11271.148434
11355.606711
10970.080682
11003.894719
11147.566811
10867.886774
10628.385535
10722.078544
10676.884879
10347.302864
10220.580776
10272.374811
10306.786605
10084.982146
10088.924066
10336.161153
10412.709426
10464.696932
10577.451937
10408.906424
10142.164291
10051.977971
10213.214752
10269.448854
10223.535818
10168.025160
10313.681623
10081.537229
10021.425616
10383.967588
10448.968741
10412.493011
10312.839435
10444.623996
10367.958257
10548.177331
10743.721759
11059.873684
10875.692082
10622.662348
10517.301891
10298.407434
10212.279228
10163.230901
10330.241959
10282.381194
10272.716415
10054.349515
10243.931906
10332.254212
10767.541258
10827.134986
10639.081409
10434.069382
10315.183906
9954.932791
9910.674035
10228.868181
10296.658183
10561.127998
10821.866641
10954.405455
11015.549065
11092.801230
10949.099117
10563.565880
10206.788321
10130.372687
10149.037916
10239.139832
10293.042668
10547.903840
10457.782298
10508.535345
10172.970924
10142.237021
10031.049980
10130.790143
10273.664476
10375.459432
10342.691226
10484.569042
10488.385209
10101.094195
10148.997614
10127.844338
9976.432383
9937.841339
9924.898655
9940.231972
9986.320754
9742.632838
9777.205522
10065.143268
9859.764363
9859.764363
10061.294193
10082.083554
10040.685575
10292.200011
10501.171960
10520.297885
10343.749998
10204.761985
10174.043747
10030.222657
9990.013243
10058.983129
10066.371355
10217.983906
10170.008832
10179.567976
10202.509682
10290.921940
10287.104166
10386.913208
10455.964315
10580.573376
10672.759488
10582.486609
10745.539497
11065.712703
11217.210952
11194.712660
11234.816096
11041.209497
10772.671055
10600.281194
10609.760904
10339.206578
10201.279151
10164.642723
10111.237460
9902.412354
10372.019040
10861.044913
11252.202298
11555.364234
11656.794669
11562.601918
11158.363125
10824.561165
10521.813627
10570.683479
10413.187390
10511.160820
10390.156380
10221.563570
10170.570012
10155.401176
10285.910332
10335.692547
10554.322260
10539.168822
10378.027542
10205.561382
10332.093668
10347.632645
10591.941835
11153.734174
11405.064582
11414.639002
11337.780531
11454.401979
11088.183279
11042.070127
11015.255900
11178.414741
10817.187437
10740.555117
10600.557617
10472.168422
10395.200774
10423.814254
10479.239834
10479.239834
10672.955281
10575.028432
10676.636258
10738.061935
10657.208965
10237.657111
10116.680771
10007.311944
9994.310516
10162.928112
10523.471209
10839.897984
10918.712917
10807.774049
10732.914753
10907.274718
10830.609306
11014.931137
11407.949447
11425.276258
11312.167537
11036.146118
10817.741743
10622.344777
10689.518396
10628.316281
10860.086438
10942.657738
10958.076300
10868.111200
10616.808850
10862.286904
10909.228610
10882.492953
10915.104890
11262.063796
11049.377709
11126.366697
11086.215915
11059.073781
10846.304270
10869.480980
10803.574965
11029.984592
11200.651033
11591.608342
11752.427166
11948.212608
11656.887388
11488.281271
11227.480790
11231.351844
11037.484194
11255.897956
11405.725274
11516.917820
11723.655901
11772.641023
11686.336521
11893.453393
12010.615483
11502.493114
11402.560285
11535.059124
11247.536002
11100.034713
11454.528835
11777.849634
11916.094352
12121.518208
12222.893691
12194.045039
12015.648619
11802.579275
11685.696057
11636.078225
11697.064074
11780.170282
11914.399588
11956.250001
11940.929517
11672.606492
11653.853107
11368.051039
11224.262538
11187.835977
11423.597033
11228.074281
11316.305749
11385.137883
11563.685890
11573.279042
11783.664316
11891.408203
11821.857392
11582.379744
11356.314150
11168.127161
11001.393023
11162.210126
11214.255095
11540.065822
11701.756907
11746.106252
11621.148563
11525.399257
11165.032290
10937.482638
11012.262534
10916.379786
11017.959635
11403.321790
11711.669281
11981.844893
12143.507943
12442.396112
12108.967028
11862.324944
11511.492285
11894.864629
11935.404023
12060.114684
12102.903973
12139.453224
11541.270839
11169.347734
10983.213481
10804.535363
10728.046242
10994.482335
11247.645629
11523.707823
11807.749489
12037.982663
12214.362703
12078.074575
11730.890851
11593.832527
11254.270300
10914.995776
10909.117872
11170.089618
11267.944258
11256.057004
11189.078998
11102.764667
10911.338378
10989.945684
11281.412601
11222.042233
11233.567169
11287.231392
11279.917763
11028.525746
11216.415030
11264.215877
11160.783020
10754.680932
10718.180119
10710.517225
10768.027753
10858.252203
11083.938029
11281.296138
11187.461728
10930.515214
10941.969636
10947.790346
10681.142425
10527.762240
10445.294622
10468.118226
10472.097050
10506.667975
10391.491313
10192.134554
10132.482737
10185.293358
10074.052651
10168.155647
10411.563690
10482.542174
10378.974835
10601.409732
10969.681542
11038.572494
10923.743834
10931.022830
10854.307766
10725.930193
10601.262752
10474.767401
10288.525895
10267.629806
10187.081273
10315.445973
10610.752582
10858.987484
10931.646052
10943.150902
11050.739624
11023.834255
10965.468105
10810.241223
10605.231835
10589.804535
10564.929937
10799.860273
11049.304875
11196.789513
11240.802318
11254.307223
11231.972888
11159.145213
11201.138597
10940.450009
10957.539919
10775.433219
10824.944509
10921.062878
11037.796361
10943.698569
10876.136420
10670.965395
10406.326517
10065.282132
9729.762381
9658.294526
10068.410837
10293.006602
10513.188480
10770.300426
10693.168437
10303.926262
10275.057822
10438.024019
10259.749289
10321.914505
10208.896796
10151.134715
10076.541338
10387.080503
10253.504703
10307.153974
10115.491534
10182.581924
10044.576001
10298.237831
10394.195854
10599.516537
10539.795228
10568.805342
10700.302114
11049.484594
11158.858071
11116.358288
11024.313005
11067.657532
10784.000866
10784.000866
10789.608181
10822.089941
10562.766536
10545.482481
10436.198345
10368.996477
10269.291271
10196.119581
9910.420097
9507.714703
9348.502753
9415.729923
9280.165899
9261.221476
9449.074378
9496.688946
9219.166402
9164.346874
9256.642986
9195.092073
9057.170832
9369.508611
9410.991328
9567.960904
9617.768313
9895.856874
9930.586275
10065.944699
9973.849686
10071.695448
10014.211706
9902.877705
9737.485656
9632.065796
9407.404096
9170.215881
9058.497365
9064.298468
9027.993861
9165.952814
9348.060272
9398.017371
9541.054665
9558.002219
9550.384850
9562.006432
9552.442432
9524.357508
9683.318180
9853.809554
9974.556281
10158.839797
10356.305035
10256.694245
10243.094743
10160.922929
10170.204419
9959.530132
10089.977746
10120.857835
10059.473716
9839.000977
9789.966491
9611.415732
9574.980950
9742.038489
10062.091494
10118.652015
10295.095789
10176.134691
10103.420114
9915.580597
9943.592634
9784.393193
9784.393193
9799.741416
9980.229722
10014.005330
10144.312555
10341.784210
10355.406442
10334.278718
10326.550408
10474.163627
10161.883751
10219.182256
10154.063107
10144.685529
10067.804680
10363.264107
10612.328475
10894.471400
11052.272093
11105.975738
11153.885002
11079.248837
10829.905008
10927.554820
11174.862094
11355.384412
11483.681502
11815.356511
11822.433190
11677.307096
11897.837296
11899.519657
11828.831641
11856.880701
11879.835874
11632.335239
11563.638977
11391.116054
11121.946189
10842.223765
10667.613225
10523.775008
10357.032698
10336.355054
10560.654306
10896.084607
10969.165604
10909.611947
11157.991116
11228.757496
10916.308308
10904.759978
11138.678387
11014.662552
10909.081141
10705.842218
10560.267888
10358.863853
10150.081549
10123.370941
10088.853829
10058.013895
10081.065199
10254.002932
10150.484394
10536.016343
10532.148694
10666.359680
10694.431377
10930.432093
10761.754360
10848.130602
10782.877445
10793.822406
10567.613875
10508.373915
10362.668019
10109.557687
10017.304207
10025.020602
10205.289871
10467.788086
10740.193699
10572.778089
10446.306306
10091.395695
9690.676899
9567.960900
9790.006092
10039.005833
10163.605902
10305.724846
10205.984179
10070.719334
9909.781621
9892.446592
9769.768135
9861.856933
9910.642877
9811.070688
9822.443454
10065.944667
10252.006645
10261.126818
10317.050013
10148.067707
10121.362736
10086.911883
9981.675080
10056.257168
10004.502661
9730.303313
9392.866436
9302.624176
9116.472365
9118.426892
9072.200181
8998.064397
8986.288511
8890.994779
8912.003529
8935.228373
8990.396090
9106.567333
9486.383463
9806.873718
9931.427802
10245.823122
10373.815254
10195.385763
10170.307791
10465.800746
10352.439725
10299.892692
10405.195482
10259.657469
10296.113418
10415.006878
10424.436559
10518.360609
10767.606227
10556.532819
10294.100417
10100.374083
9791.667704
9348.638696
9147.578325
9164.579419
9427.970681
9519.783117
9470.083222
9437.647143
9410.768526
9211.643905
9412.650283
9786.698174
9869.032958
10055.194286
10120.889317
9865.875393
9760.628716
9756.318022
9311.851374
9074.756677
9022.963902
8992.082845
9059.204033
9302.810705
9289.985572
9168.917529
8968.117913
8791.014624
8754.440338
8841.208681
8837.700236
8913.947914
8960.084811
8989.035745
9124.442588
9220.132225
9084.087214
8999.629649
9003.121026
8894.070973
8951.696018
9060.865963
9160.998851
9141.511249
8919.499990
8681.983827
8703.398803
8663.270209
8582.075891
8646.326167
8995.142172
9071.903122
9212.135364
9392.322625
9484.315134
9139.290819
9024.013585
9110.384380
9227.290614
9364.805216
9533.511260
9428.036219
9303.107964
8985.314964
8936.356160
9055.178055
9262.297950
9219.965289
9273.651291
9215.257541
9000.501792
8758.814976
8770.358063
8960.232840
8981.032887
9115.288531
9339.649002
9510.320817
9571.409356
9810.555425
9743.086077
9760.783651
9586.161807
9541.947282
9636.005015
10188.117586
10401.144527
10589.084346
10437.383063
10164.590742
9725.922370
9566.834229
9319.121861
9557.058991
9682.981191
9627.313894
9512.448736
9527.454109
9332.101371
9162.846495
9206.727538
9293.033454
9408.015663
9544.437650
9715.645135
9786.636991
9667.354521
9529.568673
9420.076636
9392.176448
9311.695891
9282.807921
9376.679117
9265.475073
9223.706271
9285.717013
9292.963567
9024.437813
9072.265115
9162.935900
8955.705841
8891.023026
9289.770280
9272.389529
9213.919720
9298.430351
9478.330449
9461.063784
9693.412800
9537.034998
9519.753909
9450.905084
9249.683536
9040.735223
9095.221204
9292.453431
9219.805519
9202.709680
9342.393859
9342.393859
9221.487312
9382.636788
9415.358934
9409.758464
9439.598051
9253.492955
9232.433147
9303.195421
9102.345530
9030.663189
9331.784506
9170.766557
9182.077322
9155.771195
9141.916231
9003.854717
9149.913344
9077.038681
9136.646990
9205.771848
9219.591680
9251.949763
9407.129885
9585.785931
9724.770493
9928.029411
10018.054446
10087.317316
10037.483181
10046.730130
9968.010793
9845.409213
9857.000214
9812.652482
9897.446009
9926.346819
9930.104757
9678.864344
9757.486636
9657.993356
9619.284041
9607.998809
9874.469722
9878.208338
9703.637823
9697.601773
9801.211218
9567.481746
9406.243253
9468.244275
9282.522481
9424.295587
9604.424172
9828.804819
10065.765569
10236.330499
10163.257053
10226.920938
10435.763809
10311.617496
10338.447652
10307.816957
10085.365923
9623.317343
9480.437982
9403.785221
9343.989868
9528.249611
9712.308654
9928.592317
10133.602686
10277.654981
10411.785338
10423.540616
10276.688446
10259.403414
10224.782611
10130.903426
10211.284505
10350.713912
10452.293950
10494.368233
10745.597137
10952.659651
10697.061074
10324.911931
10188.690204
9937.449686
9803.377870
10145.922008
10418.013671
10532.958760
10544.462087
10362.395591
10441.477337
10629.314245
10589.115553
10527.642439
10694.346943
10410.492261
10167.015811
10241.918679
10406.584073
10592.610665
10827.764498
10852.743470
10794.882097
10871.686563
10566.795064
10311.175934
10347.737211
10393.670645
10303.585166
10389.745074
10303.400497
10362.779498
10351.307083
10314.773392
10280.337809
10707.231802
10647.800827
10490.514395
10317.939016
10396.467576
10163.153894
10146.270198
10140.398023
10065.641880
9981.335431
9853.113084
9755.449118
9797.796061
9792.043878
9659.520323
9607.155458
9626.168381
9779.663389
9948.405607
10061.476854
10213.827259
10225.217897
10135.139133
10096.841597
10029.677449
9926.379835
9723.086396
9556.440480
9454.584972
9596.136024
9906.667173
10132.785180
10142.541180
10063.992427
9983.414092
9769.171962
9571.409363
9508.246269
9659.612201
9669.720587
9688.142582
9736.190992
9780.102689
9592.288128
9471.425886
9309.736489
9300.428712
9393.938224
9520.467776
9585.995094
9802.250490
9899.913267
9886.526152
10116.510671
10352.298888
10446.464987
10536.573818
10490.597204
10260.295311
9928.704255
9819.681225
9890.684024
9992.282720
9994.213901
10070.856279
9991.934509
9974.423441
10110.907345
10195.092976
10066.514512
10049.708425
9785.189758
9620.249790
9397.873236
9453.416048
9331.289120
9442.296859
9369.508606
9584.389539
9789.372948
9855.241333
9734.530326
9709.658051
9609.793245
9272.565715
9315.540160
9603.426495
9739.362954
9835.242267
10010.009084
10079.267463
10083.120838
10142.541184
10182.816186
10336.237880
10458.348132
10328.094117
10146.153626
10088.533597
10236.044203
10277.471469
10233.283449
10469.136806
10352.133569
9968.641398
10002.825682
10190.509899
10090.533959
10359.197856
10746.324492
10575.293884
10358.760399
10531.407812
10452.682091
10086.492882
10157.853716
10157.853716
9943.166743
9920.262612
10150.214682
10223.568507
10415.306703
10580.367290
10593.730280
10635.887285
10677.130323
10809.460060
10985.918044
11135.265744
11125.828153
11120.251485
11133.851660
11035.982002
11189.229808
11101.330531
10950.638408
10833.593958
10647.764106
10195.134496
10269.771953
10275.510320
10101.130075
9897.917752
9870.884559
9763.528957
9885.995854
10139.121634
10294.332437
10380.603180
10194.500712
9893.614608
9452.651701
9375.983057
9191.704224
9297.417162
9575.581456
9890.233898
10076.248646
10321.642539
10308.174360
10003.647132
9694.771554
9524.324123
9478.035777
9573.967235
9895.478283
10166.082809
10215.714051
10246.391672
10112.096875
9858.511349
9902.472373
10015.595667
10030.912880
10217.000496
10329.729630
10400.851746
10523.413197
10356.587367
10456.395303
10497.603230
10350.070822
10394.080596
10681.619970
10534.045222
10537.868272
10480.264358
10204.309158
10006.520103
10137.121175
10201.108198
10377.407700
10342.906476
10427.391598
10385.018644
10195.176156
10087.957950
10237.457889
10337.158137
10222.070495
10331.054345
10325.281005
10281.342355
10047.206910
9892.090982
9592.967813
9483.806028
9215.229695
9138.793223
9098.272983
9116.923467
9226.845186
9590.675011
9648.152375
9862.879565
9951.215156
10018.368945
9867.022739
10183.364550
10112.276395
10308.057426
10252.475503
10409.671039
10563.055785
10887.026392
11046.862598
11115.894209
11129.495638
10906.922871
10789.914507
10816.337919
10889.128608
10733.877495
10647.690846
10559.623140
10352.382716
10262.554295
10366.145506
10442.558341
10363.971495
10401.679131
10401.679131
10328.760157
10353.626819
10623.985156
10808.480208
10697.329932
10798.884191
10867.886776
10626.019156
10570.005280
10613.980141
10468.004339
10335.866642
10590.855223
10194.045950
9910.387660
9966.089891
9802.987513
9244.768711
9370.789761
9412.974924
9048.716974
8937.615748
9183.149818
8994.967398
8989.371097
9022.298239
9014.204537
8845.482299
8913.582064
8855.543436
8778.833885
8753.981615
8656.030310
8521.058403
8651.457304
8954.489854
8985.161512
9194.161408
9287.770819
9280.109307
9118.944950
8973.346488
8749.203498
8544.611120
8446.478705
8502.171165
8457.738849
8448.205305
8578.139961
8594.979515
8564.524015
8882.320273
9256.923668
9277.318276
9296.569473
9365.641958
9296.569475
9334.789399
9560.584512
9554.761847
9652.778970
9627.691092
9480.100751
9346.600189
9427.259322
9262.359291
9106.567334
9007.185999
9148.064371
9148.064371
9303.217623
9424.396280
9485.484504
9280.536308
9397.735942
9370.668226
9326.495138
9397.735942
9501.246233
9436.132990
9428.269373
9610.417806
9533.775810
9871.991628
9877.957916
9985.389272
9967.938326
10165.662785
9819.541252
9867.474776
9867.474776
9815.610367
9564.334095
9489.432611
9428.003407
9301.499948
9301.499948
9243.918948
9219.591681
8975.676508
8762.804250
8638.403537
8851.467773
8819.800218
8897.779351
8846.215557
8712.223705
8545.250288
8560.637575
8713.318285
9064.356621
9315.540160
9478.424373
9771.986104
9739.362956
9586.095877
9453.687755
9338.743211
9363.190930
9420.433792
9524.324116
9811.744049
10114.783914
9973.677406
9917.940306
9900.805850
9724.273210
9421.204489
9406.398851
9269.945560
9180.233562
9241.416622
9302.810706
9263.339855
9370.608236
9346.038405
9317.311456
9401.287488
9440.820163
9486.815097
9440.820165
9477.398296
9496.278348
9611.109137
9843.436940
10293.937534
10347.667754
10249.755679
10281.789631
10101.489100
9942.421493
9986.439165
10089.894844
10033.506497
10300.041541
10073.814548
10112.039306
10096.867354
10153.230058
10032.437737
10189.633024
10046.057947
9938.269479
9957.394566
9878.461634
9690.618283
9690.618283
9708.172947
9561.318491
9471.155795
9724.193183
9797.323694
9728.062337
9534.478852
9410.065456
9317.992928
9254.585428
9357.839829
9438.923730
9454.294935
9132.501018
9089.455507
9147.638374
9081.348538
9185.244058
9441.989872
9817.844509
9748.925712
9811.135947
9594.335039
9565.514110
9141.546958
8892.691390
8762.732158
8753.647800
8718.279204
8812.578821
9029.423912
8959.789503
8940.631534
8712.610185
8635.863705
8470.610735
8675.884069
8704.423271
8951.654477
8913.738164
8894.017768
8907.675424
8903.695118
8828.449686
9005.247224
9203.004809
9251.753791
9313.040171
9604.489017
9596.460848
9589.150101
9517.826596
9504.353640
9211.271787
8867.701333
8593.166211
8367.902908
8484.615599
8457.810477
8603.729865
8732.411297
8946.335284
9000.105049
9023.196749
8852.294551
9080.758300
9315.730895
9373.547270
9388.520163
9500.214099
9411.766032
9001.950659
8744.650973
8965.072792
9262.592161
9244.980275
9514.173725
9784.393174
9715.608432
9519.753910
9621.833764
9625.293848
9577.520193
9531.351253
9592.672102
9550.412498
9522.441687
9483.983320
9560.618842
9982.598280
9980.707398
9965.763266
10096.173350
10076.810860
9787.241860
9691.112130
9806.035556
10007.028262
10032.286281
9873.242950
9763.752587
9692.434883
9399.084104
9487.117829
9718.902278
10075.966382
10295.889574
10228.724843
10142.463256
10154.025931
9852.808171
9644.482417
9573.389123
9533.075787
9464.278453
9619.111977
9599.027042
9878.383492
9953.498037
9844.239397
9955.325676
10166.044090
10004.765412
9943.426542
9983.665353
9866.777554
9605.323804
9651.503044
9519.114726
9557.376905
9743.226124
10100.771402
10244.448384
10405.362269
10484.112603
10438.098970
10419.353340
10411.691173
10436.618152
10517.265252
10379.017453
10285.265810
10534.300279
10687.849206
10570.896644
10555.413946
10534.727748
10145.770882
9995.868816
9988.141251
9995.868809
9896.133361
9858.127091
9963.330742
10080.461899
10302.977184
10708.917481
10952.449850
10799.124785
10877.882299
10824.074810
10694.235174
10552.328344
10608.002888
10502.579814
10508.341326
10594.827795
11022.521516
11045.413784
10849.815684
10772.962930
10411.972189
10191.550158
10178.263300
10339.094439
10268.279220
10286.991288
9909.465602
9905.489673
9763.490600
9760.205379
9710.933038
9940.980200
10071.331351
10151.829172
10149.947992
10168.977938
10180.161886
10166.919449
10312.455450
10341.324373
10232.274040
10073.223985
9992.613474
9890.990992
10144.053569
10501.486531
10522.633010
10336.474317
10363.329641
10096.841601
9840.948959
9835.276589
9938.658947
9634.000764
9678.125050
9817.136257
9870.801681
9796.363786
10049.190551
10171.880446
10064.887472
10059.022811
10066.514520
10022.589082
10026.274004
10268.941875
10362.993663
10577.670701
10765.838159
10723.440993
10420.471241
10265.299464
10085.085984
9811.070688
9818.531620
10065.071957
10036.377683
10107.041383
10272.022340
10256.767902
10143.842650
10257.046955
10285.821018
10402.704266
10515.758214
10483.722237
10535.683051
10497.225307
10349.629442
10309.328089
10307.445291
10121.495687
10088.993734
10065.915312
9983.414079
9866.846300
9661.533385
9473.665423
9076.994471
8668.376553
8572.922047
8756.721217
8652.736934
8618.717251
8839.137704
8865.366602
8696.677862
8780.934544
9185.626678
9346.682124
9536.576941
9783.777522
10073.543776
10297.799340
10100.374090
9936.788321
9961.569082
9948.341522
9825.581525
10149.568689
10384.539109
10279.215449
10148.750171
10359.615716
10175.612019
9982.081128
10060.773633
10066.230529
9686.463082
9617.451645
9741.740519
9686.056261
9778.417331
9866.411786
9950.568916
9984.510203
10136.062801
10020.983710
9999.808670
10053.585622
9987.602735
10004.967411
10076.090551
10098.945902
10166.267235
10258.259286
10258.259286
10202.545298
10181.608159
10003.436744
10072.947007
10251.228353
10256.979147
10247.256019
10295.238464
10169.444979
9893.089304
9760.985352
9593.986825
9379.170827
9298.579289
9378.920954
9469.110337
9649.257197
9844.940549
10038.456963
9990.754792
9931.244305
9856.417263
9720.114837
9772.800123
10073.933071
10252.341963
10265.713234
10635.813793
10421.284838
10189.290860
10266.123629
10384.834298
10333.247337
10748.848029
10825.392602
10817.673118
10896.276707
10980.765763
10815.261662
10830.609306
10684.917415
10527.722499
10201.710279
10030.608567
10088.246745
10295.202728
10454.271948
10577.045681
10415.306696
10359.647606
10196.811344
10238.942822
10392.455825
10589.804535
10465.187860
10499.596980
10371.030652
10112.185168
9990.216667
9953.882938
9838.721533
9877.171955
9852.087121
9946.107716
9890.549287
9900.040890
9990.296369
10155.061175
10282.921982
10770.031078
10969.444703
10727.834931
10733.565487
10692.005739
10423.909995
10078.469653
10174.548997
10272.271385
10089.811117
10003.706390
10206.663374
10202.881814
10166.666070
10550.163180
10649.793712
10793.574239
10636.508321
10550.163184
10317.122267
10084.982142
10096.634633
10380.315868
10495.257710
10485.981435
10746.457527
10595.169723
10436.056103
10127.307279
10024.121184
10010.885340
9995.093792
10052.474821
10248.281789
10359.197842
10179.048580
10227.056327
10152.097396
9970.229898
9588.147390
9519.205739
9195.152835
8999.571344
8967.533732
9081.373620
9024.013584
9124.243767
9097.380823
9080.157866
9053.972137
9016.976919
8959.635715
9191.369397
9203.192469
9227.309098
9348.213448
9547.421510
9492.095194
9770.180482
10038.775518
9887.395336
9780.074082
9743.527148
9517.605486
9290.157440
9194.415937
9263.060632
9265.145149
9341.926954
9418.705978
9685.379156
9779.465591
9727.403139
9405.457459
9300.321074
9150.423928
8991.360711
8893.499916
9006.572492
8820.643390
8762.787845
8739.917835
8732.448095
8717.432959
8846.823863
8854.927452
8892.888316
9157.178700
9285.973484
9338.585694
9505.180402
9737.336328
9639.545828
9821.754322
9911.684599
10130.596764
10186.145556
10339.438906
10178.592592
10176.486634
9936.914752
9756.512516
9635.920557
9589.852252
9623.668588
9710.083303
9763.566967
9659.927404
9711.903442
9540.950117
9301.234700
9174.420451
9199.633628
9199.633628
9485.135360
9803.525841
9834.302600
9736.565432
9536.974737
9081.585932
8769.736558
8762.293973
8936.434685
9070.793689
9252.638690
9258.422631
9291.185621
9273.982415
9342.763902
9493.608077
9635.509507
9595.134952
9735.155251
9930.695297
10058.508255
10046.928648
10154.392736
10221.485111
10146.708669
10156.000267
10286.462793
10483.874368
10503.174707
10543.484689
10210.495008
9951.549436
9524.324109
9401.287479
9257.557147
9357.262013
9658.450122
9949.661969
9916.991938
10062.672534
10465.375290
10497.854782
10442.273383
10513.153724
10244.799002
9973.959843
9861.036986
10021.914599
9682.654599
9665.723927
9563.705571
9412.390064
9099.357147
9308.771006
9444.749429
9264.542770
9041.939089
8881.427760
8638.844454
8560.873376
8684.916070
8811.605375
8995.208464
9232.863779
9398.129134
9366.163013
9381.532552
9241.385725
9081.869197
8938.370692
8968.766619
8905.289970
8903.498482
8886.082343
8663.579961
8667.630032
8749.828710
8914.261957
9102.633712
9296.396965
9330.594764
9600.356370
9717.657737
9799.910895
9982.328217
9980.452929
9740.603563
9506.807960
9382.194147
9199.906619
9256.574920
9396.613754
9467.033298
9244.660157
9290.852289
9144.121864
8990.864491
9030.900656
9249.774952
9286.098727
9312.523641
9483.258468
9335.199335
9406.337167
9293.033454
9475.752737
9418.194875
9686.374505
9793.731512
9826.497411
9718.968478
9715.608444
9711.672080
9577.561773
9677.231098
9633.911149
9420.835453
9394.002713
9361.924593
9373.365134
9367.616000
9643.774899
9710.753972
9863.976384
9800.728453
9789.450611
9657.376091
9525.027883
9294.912813
9437.000840
9432.941518
9430.982391
9369.652438
9400.176307
9359.699223
9685.477797
9641.328694
9451.528996
9420.636977
9298.276498
9080.283730
9127.936569
9375.194139
9371.200378
9333.049473
9242.667147
9317.810857
9355.993220
9465.435189
9706.915810
9928.666626
9992.037409
10214.472107
10239.306235
10106.971972
10105.131558
10068.698877
10074.369137
10199.080243
10235.570002
10318.255920
10461.918001
10452.521691
10404.512517
10410.338366
10289.774319
10046.512834
9871.728371
9967.726153
9971.636485
9757.258552
9887.529008
9878.059572
9862.662452
10090.669843
10442.492523
10536.541706
10787.821504
10690.046625
10475.163490
10202.404670
10321.472592
10085.509137
10154.571957
10317.624213
10445.431398
10276.727324
10150.114840
9814.678252
9641.864111
9570.626159
9576.583813
9507.370426
9787.273404
9637.564052
9739.234262
9771.859871
9996.048878
9988.345409
10115.094237
9827.288105
9585.856831
9476.530128
9505.082585
9670.193697
9959.530137
10233.841582
10481.198884
10444.842965
10295.238457
10067.501768
9874.078421
9780.018316
9605.563051
9603.787911
9833.104804
10003.854410
10030.608576
10099.652994
10038.242921
9931.133914
9886.918336
9931.133894
9915.783940
9946.439459
9987.602745
10074.022554
9978.030427
10141.225108
10135.449421
10285.939998
10163.028362
10147.659678
10051.865693
10268.614631
10356.994884
10494.994801
10619.615380
10736.519222
10657.770390
10720.231137
10900.381849
10756.519735
10930.906005
11003.818696
10894.861664
10808.607074
10927.316392
10737.540818
10775.977172
10824.748015
10498.807490
10406.852390
10376.185533
10356.957195
10358.863876
10805.465772
10868.946876
11020.330281
10972.372565
10801.337109
10579.013071
10682.181889
10607.571378
10592.274656
10498.193764
10534.647005
10298.593375
10158.878964
10107.041376
10340.287420
10319.121863
10290.299759
10209.969148
10196.565114
10188.841701
10129.749060
10530.224735
10879.310775
10915.697367
10966.458608
10916.590514
10615.610418
10393.256756
10512.067660
10397.308232
10376.253409
10286.118605
10213.294448
10031.049987
9991.663120
10231.232550
10394.166974
10633.880294
10716.282786
10763.239618
10757.527262
10836.222392
10521.972267
10560.240292
10968.300048
10975.811504
10891.417855
11048.826854
11246.311285
10904.044310
10942.251307
11141.756646
11088.037837
10858.033405
11023.477374
10858.551735
10584.403271
10963.989871
10987.171267
10770.771098
10663.359960
10705.544482
10471.697216
10366.390563
10305.895999
10394.138153
10311.715186
10083.623143
9989.676802
9983.897906
10181.527278
10394.224808
10543.853416
10771.930270
10835.994570
10952.960407
10939.626642
11119.755944
10964.374478
10819.758376
10541.740480
10637.515383
10581.699329
10789.000834
11070.925172
11086.463872
10961.876605
11028.898329
10952.090764
10796.037156
10815.223695
10736.519240
10700.137738
10702.028796
10724.592207
10601.889608
10546.325360
10565.585229
10730.474968
10685.266524
10614.535296
10744.856951
10733.293132
10639.301089
10722.036396
10988.607274
11228.229429
11408.415145
11241.570937
11290.599341
11206.191180
11050.870603
10964.500591
11121.676584
11084.268049
11147.351882
11298.967085
11277.830297
11277.830297
11605.275036
11718.341230
11557.147238
11361.539866
11221.618629
10813.614914
10633.279506
10633.279506
10882.601979
11034.151189
11096.088287
11055.956493
11090.168667
10844.731441
10760.733353
10730.474950
10678.861666
10419.717216
10523.384354
10716.842144
10792.266840
10880.384820
11133.758113
11056.948911
11081.647695
11100.883357
11020.050717
10870.419635
10793.655926
10546.399160
10347.264494
10389.358153
10450.783842
10619.385976
10811.128951
11042.348899
11109.661958
11232.415662
11377.930560
11222.672161
11171.989226
11313.603337
11369.408030
11171.989208
11309.994219
11296.838212
11070.527984
11030.316636
11076.106804
10830.824915
10800.806838
10975.214530
11034.711200
11216.814952
11395.083216
11515.655209
11458.083857
11446.389512
11536.614115
11680.201002
11710.582977
11844.728949
11848.335670
11714.224073
11530.397592
11075.130262
10676.397083
10549.830550
10787.665025
11111.560065
11720.952946
11966.246142
11855.225149
11448.593109
11318.221279
11062.635898
10903.432992
10713.404483
10429.744264
9906.230580
9802.925685
9908.456528
9938.880967
9973.553766
10012.001096
9911.892947
9927.547803
10268.812199
10548.859777
10761.723945
10866.910223
10832.334409
10705.807581
10506.551168
10512.223389
10568.619578
10526.341800
10562.876198
10781.462546
10877.432598
10711.936498
10610.257878
10629.443840
10757.723126
10801.968544
10828.304638
10868.621882
10834.004771
10563.680524
10341.253900
10162.639017
10300.781097
10003.617430
9894.130029
9813.631481
9915.396964
9694.672475
9790.544440
10081.828602
10216.181977
10310.212094
10442.460204
10688.066751
10632.434164
10831.737960
11074.532111
11271.989082
11151.061259
11043.718014
11225.842453
11242.657592
11127.763634
11269.463041
11559.014396
11160.413596
10951.511094
10955.414311
10876.813937
10917.027907
11037.796345
11188.320363
11167.164822
11228.519132
11077.015378
11259.335671
11140.738909
11146.600726
11173.490091
10908.712888
10502.343246
10429.011345
10429.011345
10131.609716
10277.508069
10415.472682
10571.552870
10655.959302
10767.215915
10792.109692
10744.240776
10689.750513
10708.768194
10710.699015
10515.089193
10647.545278
10594.827803
10556.308824
10650.249955
10736.555441
10552.550507
10625.784453
10549.325358
10539.517348
10739.095914
10675.877207
10468.870953
10315.524713
10373.074760
10370.993853
10766.339918
10799.939429
10940.079934
10870.800631
10715.674418
10629.411180
10783.677279
11067.325090
11143.979677
11146.043335
11119.059028
11143.576687
10894.402796
10706.333023
10842.578509
10788.872735
10728.790954
10632.820330
10839.897984
10757.329190
10694.122217
10705.420393
10711.240016
10609.658967
10594.303844
10519.433317
10197.848329
10157.482100
10100.115730
10071.292638
10424.209127
10794.305487
11036.304216
11101.575459
11168.420246
10949.977202
10863.458942
10792.462254
10886.359452
10943.698549
10988.164790
11228.653811
11539.283020
11499.159819
11384.064323
11648.849188
11565.696150
11422.145740
11445.307967
11584.868486
11203.521900
11109.582403
10942.531775
10875.483876
10998.064949
11312.676068
11448.119451
11709.115953
11846.968191
11942.956905
12092.295583
12352.071175
12539.678844
12574.437639
12470.889435
12327.101154
11979.255383
11624.486782
11948.267494
11935.186932
12034.510105
12284.805799
12367.327051
11947.480263
11836.038372
11533.083720
11318.673047
11320.840531
11477.947868
11447.179969
11399.264601
11455.608284
11246.783718
11037.669237
11164.300273
11292.718097
11151.607054
11197.539513
11124.754421
10898.627875
10898.627875
10904.273386
10929.289144
11113.317596
11193.737762
11285.683473
11458.873225
11632.942396
11763.482055
11827.059760
11742.527395
11541.342484
11443.602025
11387.863384
11501.231729
11502.958406
11677.901798
11760.228745
11616.501698
11543.737931
11712.189598
11799.249951
11651.237696
11582.154442
11524.720347
11756.594260
11972.902916
11999.841866
11959.806055
11871.325818
11263.462189
10661.871706
10556.213126
10861.149522
10926.506712
11175.413433
11485.989245
11888.910365
11836.683724
11871.297585
11750.699012
11364.852483
10979.749684
10912.426276
11073.798022
11326.759013
11601.399585
11641.386398
11754.820979
11472.555863
11369.261769
11384.249385
11719.848944
11572.340226
12064.929962
12245.072205
12478.232041
12401.866159
12626.129215
12428.275103
12091.241452
11784.401916
11569.951073
11239.971669
11036.869254
11316.796752
11841.198262
12243.853312
12307.065026
12186.455542
11925.763150
11519.499409
11249.240969
11519.499409
11732.178455
12027.746182
12102.697651
12129.637369
12156.594287
12020.558370
11606.168140
11438.794003
11055.537916
10583.842646
10589.549293
10505.049389
10640.432111
10780.413517
10924.360879
10801.618894
10811.166777
10510.185339
10257.245531
10115.326230
10222.706088
10464.360323
10652.326198
10878.713309
11129.826412
11204.434855
11164.300273
11058.782055
11239.318780
11191.318775
11231.714278
11371.276292
11493.879188
11645.139239
11658.647257
11537.942199
11405.617624
11566.973870
11243.142334
11237.389708
11306.390285
11358.182374
11134.491684
11249.531074
11372.135839
11332.213905
11376.119992
11268.836315
11029.305731
10632.358905
10333.247363
9932.405775
9830.824669
9719.345660
9625.743997
9666.309719
9880.684359
9967.185449
10279.851330
10565.518255
10718.952535
10525.118669
10476.322062
10209.878595
9937.362427
9636.407915
9456.214423
9409.401114
9386.321279
9397.803678
9577.863579
9909.816240
9890.921487
9881.166136
9877.596591
9787.369429
9862.177833
9886.586240
9815.543017
9811.771423
9803.948260
9433.773864
9323.137836
9115.957352
9108.239068
9043.290393
8991.390008
9203.948978
9205.638827
9054.593833
8874.590671
8753.693810
8469.471965
8473.039715
8332.861449
8342.919522
8391.031093
8240.231023
8305.486467
8343.441669
8332.578119
8292.064636
8405.341164
8399.581570
8510.136133
8561.743641
8546.317292
8606.936982
8513.053396
8415.452580
8451.257012
8580.345524
8467.865621
8620.065981
8881.663697
9046.407425
9213.143176
9401.021514
9771.367049
9740.563242
9840.287962
9727.139032
9813.678120
9654.474115
9827.053600
9907.664588
10143.485947
10045.894986
10038.045383
10018.702215
9993.981743
10015.010881
10031.900750
10014.691829
9899.668000
9788.368060
9761.489369
9804.592157
9649.457737
9501.688807
9327.047390
9227.434653
9336.631810
9559.225587
9758.873298
9971.443581
10119.097430
10051.401368
10175.936076
10310.172585
10580.598634
10643.741989
10820.724456
10918.265627
10985.493055
10862.872723
10966.329608
11079.248837
10853.046809
10789.575297
10841.393026
10745.539482
10911.261752
11641.427019
12021.433861
12479.415288
12757.871453
12823.250880
12614.136804
12397.748920
12025.670163
11751.350174
11424.209338
11188.420441
11447.222224
11437.637092
11694.653402
11907.101612
12043.254808
11724.734592
11471.748270
11228.324201
11055.460486
10959.355252
11139.520580
11348.879121
11367.915782
11510.725032
11489.540326
11284.471157
11280.769666
11286.432212
10989.224455
10996.956743
11275.009413
11411.250591
11574.039050
11699.966106
11496.755198
11050.205136
10889.013445
10875.587310
10883.181915
10988.663824
11193.778131
11086.495024
10910.037379
11002.197177
10802.773136
10921.626193
11257.344697
11211.010941
11111.480744
11044.407386
10735.645701
10338.708062
10235.293568
10026.397788
10227.858413
10170.204433
10352.326667
10492.505716
10823.381566
10884.757372
11139.595410
10974.867063
11072.714234
10957.898346
10863.980522
10689.635199
10605.262906
10445.999368
10299.083867
10199.629629
10155.468354
10452.713979
10218.731484
10233.802570
10229.926509
10283.625177
10013.418799
10109.239845
10127.963513
9847.997803
9573.884394
9195.918810
9014.102507
8677.158544
8685.095998
8717.805751
8968.863394
9037.470661
9156.629639
9147.156372
9088.914708
9190.799132
9212.107944
9257.170685
9301.299455
9326.062307
9218.986911
9098.004619
9282.460200
9418.382512
9600.273457
9631.263439
9930.366872
9849.423484
9661.370091
9567.658802
9764.960595
9692.190794
9607.698894
9929.751780
10067.587095
9973.793550
9979.658002
9951.178853
9807.694659
9656.182706
9600.247542
9725.172342
9788.962818
9940.496356
10107.254874
10331.594173
10396.854353
10598.060170
10555.821662
10670.854933
10789.741819
10862.750840
10988.692086
10982.861451
10938.916629
10745.234645
10656.761080
10389.859678
10619.884511
10744.746164
10735.050288
10706.252641
10903.839864
10901.786531
10842.476274
10852.066032
10955.514865
11030.688433
11050.000738
11136.011382
11203.358430
11205.174628
11414.073192
11112.912639
10904.010894
10783.297060
10932.590180
10802.955768
10950.605414
11046.471683
11378.090235
11268.836330
11191.788568
11272.429624
11306.671980
11232.215595
11120.795116
11130.212541
11112.963111
11220.377677
10950.077430
10880.883994
10995.731958
10984.057835
10811.628537
10685.043304
10416.517534
10057.311311
9932.711010
9861.977328
10133.985167
10517.685802
10839.287092
11435.588229
11504.494566
11345.299774
11171.096001
10911.613980
10409.131286
10412.709416
10470.483594
10351.574342
10242.554683
10146.607361
10016.178743
9968.121608
10027.692381
10046.539808
10027.315291
10113.501273
10167.318675
10236.293618
10390.352135
10357.953462
10403.994667
10202.509665
10175.741376
9936.939952
10048.033289
9923.362839
10080.792755
10040.213778
10196.636215
10267.594997
10077.629907
10035.647781
10085.330549
9932.895401
9647.243379
9674.092752
9513.370590
9501.535101
9501.535101
9610.870431
9843.070316
9866.013696
9906.127619
9986.937146
10127.012121
10190.323958
10382.038859
10303.523894
10455.810108
10524.666012
10480.603134
10597.664701
10793.202958
10544.966844
10268.844774
10084.809378
9966.089890
10169.380311
10539.487962
10750.589217
11099.635994
11260.580397
10955.683888
10852.388269
10859.978171
11024.708442
10927.062691
11134.237890
11224.407076
11164.996608
10785.292900
10746.749485
10666.455455
10754.842049
11132.781821
11466.076333
11621.289745
11742.239767
11704.767636
11627.905263
11472.448014
11574.156435
11319.192524
11123.735797
10834.171638
10784.357012
10826.634238
10701.748632
10589.177620
10544.928389
10307.112596
9937.066910
10307.112615
10615.642316
10669.423208
10696.019456
10736.275284
10473.600793
10304.429021
10327.484237
10590.138510
10789.510093
11012.052263
10910.552545
10703.429425
10348.657015
10153.040102
9859.621839
9876.805751
9924.428476
10079.925080
10240.981695
10294.638930
10200.644175
10123.920548
10135.411594
9776.685139
9642.438303
9629.390901
9466.405920
9167.157227
9165.400368
9198.048658
9346.627290
9659.100701
9843.397296
10077.162194
10253.504733
10153.876256
10359.032794
10662.024705
10669.754058
10610.257878
10787.005900
10813.865882
10670.058688
10811.952268
10940.486347
10775.147227
10437.348316
10416.226067
10270.433606
10289.580175
10340.560829
10543.789056
10704.970610
10821.717214
10708.679832
10772.494852
10513.663184
10433.248109
10369.824685
10437.035843
10425.694426
10494.771871
10339.438871
10276.246773
10149.709539
9991.798497
10068.368781
10478.819772
10645.705804
10969.648060
11293.021423
11392.880230
11162.497411
11132.076209
11003.487295
10819.281982
10899.794496
11003.275194
10955.380908
10729.275874
10520.455211
10445.603881
10167.614442
10219.299738
10493.525074
10831.986180
11041.018150
11372.702112
11539.486413
11420.629093
11514.600527
11581.713348
11605.010560
11211.651405
11146.631606
10794.664336
10606.853830
10210.116832
10390.187774
10603.032819
10883.350028
10762.519895
11007.873542
10910.267784
10718.456990
10786.117630
10918.338410
10636.654451
10533.031052
10728.790962
10452.261087
10220.182654
10271.985511
10360.035242
10103.302137
9864.368221
9726.539766
9752.931218
9812.466840
9912.020313
9844.754689
9771.828033
9535.912900
9342.309050
9133.123889
9313.711779
9417.545318
9685.790500
9735.766089
9906.230592
9881.614368
10056.287627
10064.039365
9987.156198
9923.849596
10055.754629
9944.392962
10157.155556
10429.568282
10627.066024
10600.682727
10604.700385
10351.542105
10119.578092
9845.282327
9911.034686
10125.836605
10309.863488
10411.531371
10539.795245
10496.742457
10228.278117
10026.947033
9850.677900
9917.526085
9838.802801
9886.646239
10028.472553
10045.994503
10024.768039
10169.652647
10309.430870
10132.853339
10244.141757
10434.069384
10389.058214
10264.304982
10247.017594
10193.429996
9786.997139
9922.390978
10062.091480
10330.667970
10466.850215
10508.977196
10433.795175
10286.179076
10159.705279
10280.486240
10251.762295
10155.668550
10121.265914
10140.473004
9942.942261
10176.757602
10184.359936
10404.743100
10370.187258
10849.727549
11139.082105
11415.558412
11254.558279
11204.656085
10886.427641
10734.977150
10452.873302
10596.751402
10826.952599
10682.835816
10487.453530
10498.656346
10408.796639
10180.310404
10464.291452
10424.062783
10595.044031
10721.550516
10752.321156
10399.532751
10493.423037
10495.257716
10445.465705
10602.555162
11011.285798
10802.111193
10657.043316
10611.219448
10471.370107
10306.286754
10507.837144
10464.562766
10359.032775
10343.609604
10129.076198
10142.311103
10065.383293
10105.499733
10134.160100
10189.886331
9848.543034
9929.466064
10023.588619
10314.839775
10531.622981
10633.147974
10651.921948
10744.041212
10632.820337
10605.860669
10918.338410
11005.006161
10870.638103
10830.467331
10790.130967
10675.090773
10622.538337
10463.418826
10319.516136
10309.939389
10225.678409
10396.728829
10686.210070
10810.901618
10789.741819
10835.862984
10681.536412
10556.798925
10639.443505
10555.071883
10543.603686
10662.085970
10660.162970
10497.123523
10393.670639
10387.873015
10180.971642
10131.080928
9994.957980
9933.450072
9811.103540
9848.504044
9793.016571
9681.833903
9624.155287
9547.248572
9273.077984
9184.864455
9330.752282
9370.608236
9489.722260
9713.183063
9993.434879
9966.554746
10211.803708
10194.613502
10298.022007
10215.607393
10466.850222
10478.439952
10323.059029
10123.765502
10012.532397
9849.499415
9521.675797
9529.360000
9540.766026
9435.086135
9283.287126
9354.859397
9383.137340
9466.147372
9535.056997
9452.651701
9475.825897
9514.098105
9331.681250
9157.073994
9289.770286
9247.360979
9354.886721
9540.985442
9837.993433
9786.445659
9736.463795
9577.455154
9374.132758
8969.174040
8896.623419
9044.206347
8994.585320
8955.127571
9213.878903
9106.395270
8931.865802
8984.012701
9106.185442
9241.965259
9309.275816
9382.223707
9363.051140
9473.779276
9441.140971
9711.672080
9715.608444
9592.738421
9372.990509
9215.398237
9179.139232
9234.655264
9447.875232
9629.863343
9495.516048
9472.674742
9557.130250
9733.584443
9750.431238
10141.555533
10208.822005
10293.217781
10413.789592
10545.447049
10543.573681
10633.623003
10635.628905
10649.042079
10615.261201
10335.264762
10222.108898
10199.042056
10183.715228
10149.880648
10381.876637
10377.927549
10412.424060
10355.253081
10486.770093
10308.400647
10323.702693
10202.804382
10137.792961
9994.759171
10198.024188
10274.671368
10495.182211
10466.530541
10624.396446
10522.949969
10488.245620
10281.304797
10281.304797
10409.189770
10568.162883
10533.687126
10704.552165
10934.485163
10840.392225
10836.546374
10813.677775
10681.286410
10437.697976
10355.253081
10356.957169
10312.759541
10209.463008
10067.216358
9997.899375
9867.474733
9740.924860
9830.976949
9948.142438
9705.216000
9649.712960
9690.115191
9461.671605
9322.112633
9310.684169
9354.967654
9214.820267
9439.100038
9486.929369
9686.258329
9588.548396
9684.530575
9450.542504
9366.247752
9343.259919
9330.541526
9502.437058
9604.391821
9656.252826
9722.163278
10003.913913
10034.475380
10162.902820
10260.556582
10467.489557
10469.574946
10291.177388
10319.980538
10550.062626
10448.401217
10390.852388
10605.720556
10571.251770
10438.907658
10222.706124
10220.725918
10182.419234
10306.948291
10301.449511
10607.787087
10755.501570
10782.389270
10678.934895
10619.328263
10709.432720
10586.796154
10579.416864
10617.558168
10788.301407
10460.932702
10319.009656
10307.570074
10328.652184
10299.842907
10311.211428
10549.042263
10508.694350
10531.792536
10418.663000
10260.423270
9888.481526
9834.963552
9618.035154
9489.871934
9392.176448
9574.101292
9513.065446
9505.051378
9459.237814
9496.497929
9255.297043
9323.999220
9606.076806
9673.146841
9994.694146
10146.352068
10380.163612
10337.973754
10441.599568
10439.684187
10591.041767
10251.798015
10132.616872
10012.114662
9921.949896
9666.742301
9852.591962
10111.591897
10309.059410
10442.492525
10737.892033
10741.670197
10528.858910
10517.445088
10571.807807
10581.297934
10713.687461
10899.794496
10934.311504
10866.510139
10765.100520
10366.350996
9900.175381
9963.405620
10012.428477
10069.949686
10453.295995
10976.753086
10904.044310
10762.839634
10584.610494
10446.585186
10269.977819
10151.210864
10314.873129
10311.067657
10253.504714
10192.214166
10236.257096
9982.531953
10317.970389
10446.425088
10408.390171
10415.673530
10451.586903
10296.151298
10288.398255
10560.712105
10556.730691
10639.651244
10593.730280
10392.455852
10242.801965
10104.721309
9884.951134
9690.832169
9737.082878
9546.950524
9656.614354
9647.039458
9581.987963
9438.170599
9635.720270
9572.301255
9848.737278
10096.358648
10278.325445
10431.674956
10443.068875
10249.506050
10424.092494
10548.673708
10437.313616
10571.552871
10949.705098
10886.291371
10799.979554
10723.376237
10721.365215
10546.473902
10629.094578
10720.997282
10889.740516
11050.805155
11111.097868
11051.476671
10911.764211
10739.032354
10648.943452
10799.300410
10670.783708
10655.609022
10561.466917
10166.697796
9730.279428
9515.288462
9362.408526
9530.906939
9674.628310
9714.071360
9892.546501
10068.899083
9790.879138
9731.170281
9855.539668
9750.127647
9587.073046
9445.079408
9468.198975
9566.174122
9836.267421
10127.767342
10630.182051
10868.036968
10922.403871
10723.141763
10504.406919
10184.286716
10063.370882
10037.317080
10163.421765
10267.348097
10539.400668
10495.371571
10482.304074
10591.531066
10927.090946
11080.369706
11440.967290
11534.966923
11394.932196
10932.857004
10767.962642
10419.082411
10148.152535
10069.683901
10113.689638
9989.070054
10251.903452
10204.867021
10300.781114
10377.309420
10302.765353
10223.891376
10310.450728
10410.185052
10716.776353
10824.342901
10529.016598
10495.144604
10385.915000
9971.695453
9870.164992
10155.734960
10253.572380
10261.084739
10378.095308
10201.808099
9943.006304
9922.390975
9941.567059
9879.964834
10162.120769
10215.607402
10104.721316
10037.710037
10445.999359
10269.480498
10497.709650
10655.784779
10441.186008
10224.221302
10314.473645
10322.157512
10327.778764
10858.874979
11282.480841
11805.987192
11786.866986
11924.115971
11889.634160
11592.488605
11264.391681
11203.291199
11103.378156
11245.551016
11362.519380
11531.149146
11835.979270
12178.169846
12293.395416
12299.126917
12272.096489
12065.063024
11798.211313
11326.527093
11056.217733
10962.225385
11012.052263
11160.561123
11333.148666
11195.130794
10993.796563
11198.849328
11150.132134
11111.586783
11312.883593
11429.850644
10985.071656
10842.261188
10863.357706
10903.623753
10838.324446
10779.071988
10686.756036
10487.388071
10251.616241
10019.441889
10057.761084
9862.289790
9730.055437
9923.461465
10063.513775
10084.705624
10357.376472
10466.693682
10382.334181
10524.075812
10422.693163
10375.655193
10344.748917
10507.940266
10465.723092
10550.029317
10679.903281
10658.563251
10741.158451
10725.738933
10721.952592
10503.797933
10699.427007
10419.413115
10524.817801
10708.917470
10895.165329
10793.464462
10693.883048
10730.304582
10885.591956
10917.459270
11030.630315
11280.090371
11310.588957
11233.858665
11027.010784
11004.010284
11065.399220
11174.610130
11274.345439
11419.144750
11660.713146
11862.108296
11771.890479
11609.066296
11368.333132
11337.615116
11218.539552
11259.160175
11327.965847
11564.985903
11471.060054
11187.307595
11277.287617
11116.221484
11189.667904
11176.107688
11239.600153
10852.308143
10999.968752
10935.882773
10659.801864
10496.813218
10669.526302
10617.641127
10397.569672
10424.464875
10476.210713
10376.527800
10453.130614
10650.498692
10667.903771
10556.532824
10639.155399
10376.493341
10429.171802
10453.949221
10505.855615
10344.640243
10563.343275
10377.143433
10335.071360
10486.550417
10566.860776
10829.691796
11055.460446
11402.151363
11481.102814
11486.822687
11174.242634
11187.423318
10934.311522
10713.687456
10767.476189
10966.958098
10793.710676
10772.635600
10853.432484
10897.476777
10736.241493
10845.215196
10784.129134
10822.228190
10876.020478
10791.720191
10859.449798
11206.458493
11394.328888
11440.349105
11609.160552
11630.064087
11631.563795
11568.508889
11459.212019
11186.925326
10951.757134
10723.663276
10892.354551
10838.760089
11191.554196
11419.008990
11344.326609
10933.993747
10955.080979
10790.057699
10568.162876
10606.432023
10723.568573
10550.943988
10786.837887
10796.196688
10763.486777
10742.497257
10805.705378
10452.969167
10642.916663
10648.775095
10547.061192
10616.099820
10550.870016
10494.441042
10579.013059
10851.119611
10921.990485
11085.224064
11116.906429
11233.925186
11678.795287
11793.894049
11792.029153
11549.204917
11557.035354
11006.713965
10791.992164
10895.462586
11209.661215
11363.065124
11403.118337
11639.053480
11556.651610
11573.584752
11205.381264
11195.884929
11209.387161
11167.013130
11024.050720
11045.258606
11120.027202
10849.698581
10686.670486
10449.739933
10507.377304
10198.523439
10211.845982
10570.683464
10713.327983
10466.179906
10506.472403
10696.112397
10383.788213
10409.996202
10582.486604
10636.289257
10367.894316
10384.943060
10311.682699
10204.427363
10380.774352
10442.095513
10430.636329
10513.223540
10557.246248
10294.778021
10279.476049
10185.442428
10172.308631
10070.685392
10344.748919
10574.899104
10857.041646
11020.399264
11486.409234
11589.787966
11783.413517
12128.573085
12252.766887
12276.156839
12091.869216
11938.151458
11713.756124
11603.068973
11470.801670
11457.400709
11204.159586
10914.764313
10811.280510
10594.671430
10443.029493
10466.216461
10776.513857
10829.439201
11241.570947
11356.763953
11280.158383
11157.337085
11202.462550
10868.874732
10983.705017
11141.072318
11085.650613
10825.963987
10804.712515
10818.148455
10825.964011
10793.322586
10958.748439
11041.241237
11039.323553
11075.629817
10916.659401
10773.683971
10650.882962
10449.696433
10359.520037
10447.770841
10468.316424
10619.822731
10501.171979
10441.718514
10305.418781
10220.835966
10224.583298
10422.251095
10335.902346
10381.916718
10453.296006
10182.991579
10200.342286
10169.734045
10043.270395
9928.305633
10004.967416
9899.637445
9993.624992
9983.863644
9970.993693
9915.396968
9991.934511
9970.993693
9987.865254
9799.876319
9826.799741
9905.455273
9936.346897
10016.642202
10225.401350
10095.205814
10024.256662
10073.903418
10100.807305
10047.992039
10188.024563
10115.260257
9885.326780
9844.940557
10036.876430
10046.376988
10134.379636
10308.959034
10452.745852
10469.744470
10446.705473
10398.617765
10500.347163
10532.922805
10393.819819
10321.047545
10418.797660
10374.812126
10269.101777
10254.035714
10465.078532
10488.008315
10532.180724
10562.839859
10536.509690
10296.856641
10298.497826
10630.418224
10870.110256
11267.144677
11627.246978
11750.249368
11383.956225
11240.029697
11110.490366
10972.225601
10895.492647
11035.599916
11043.214093
11000.079968
10907.850420
10766.246174
10474.524880
10305.758905
10294.604405
10359.679480
10430.754426
10693.459796
10956.030962
11020.014965
11223.369438
11361.254289
11512.879908
11514.600550
11544.814576
11448.862933
11385.577896
11230.344463
10984.874976
10815.646535
10877.082105
10894.402814
10668.032160
10938.468277
11094.455686
11008.045911
10960.174740
11159.899056
11014.035583
11128.737376
11103.512150
11096.053427
11021.251680
11368.333104
11310.057662
11378.969235
11333.099656
11327.270365
11333.099669
11489.061847
11356.866206
11188.117658
11119.021452
10670.359424
10356.339503
10237.538391
10377.375037
10375.622593
10469.488681
10503.315702
10420.704241
10461.060817
10654.963127
10574.269449
10493.389063
10495.257697
10324.636242
10227.022795
10320.934734
10121.495703
10439.898634
10863.588521
10895.976268
10911.675828
11217.930177
11160.512408
11026.259772
11037.700688
11062.797743
10870.734707
10809.460043
10631.135314
10648.531076
10704.223136
10766.308887
10708.591732
11026.851847
11101.812252
10925.278974
11177.420441
11192.543331
11014.368025
11027.558088
11161.660951
10894.923605
10921.682512
10839.361733
10687.885936
10521.088904
10466.496990
10501.046632
10688.934882
10761.815013
11037.764222
11263.396577
11296.081954
11338.217747
11553.128992
11470.638357
11412.281786
11324.056757
11168.725719
10948.408142
10844.563470
10645.500190
10545.657368
10451.826400
10501.704216
10532.277252
10662.055309
10675.434355
10690.781023
10431.904230
10219.027860
10307.445306
10422.649463
10361.028036
10368.771287
10328.545576
10025.668315
9797.724817
9726.788941
9793.648910
9949.083742
10088.390305
10224.290353
10169.017698
10207.051398
10122.880088
10209.429341
10263.171336
10410.645360
10201.612068
10124.836793
9936.889550
9750.895766
9603.426504
9712.428815
9885.294074
9883.481498
9886.979879
9858.444518
9716.546330
9641.554837
9517.642999
9645.893780
9567.528874
9695.804585
9786.162732
9934.375294
9610.490679
9622.236435
9635.540543
9522.401446
9520.164179
9861.825864
9869.400535
9740.885054
9652.806585
9739.202111
9566.915940
9639.509792
9557.106550
9516.809722
9356.969856
9397.337405
9518.111300
9443.200314
9326.167538
9410.958606
9514.350134
9314.945681
9410.958618
9571.802193
9598.581547
9354.967660
9536.825258
9634.873147
9586.758507
9750.394022
9905.659264
9711.999582
9641.112904
9790.619004
9472.776460
9513.334807
9524.725645
9603.397038
9620.543302
9740.804984
9635.509502
9730.952684
9738.941193
9805.989294
9625.485367
9581.454376
9312.954826
9257.350843
9140.213086
9189.338250
9333.049475
9500.214108
9446.107958
9321.707270
9265.254123
9163.599813
9282.606593
9556.803708
9763.566959
9919.852172
9952.252766
9925.639972
9628.292350
9409.955569
9332.634166
9599.462581
9543.465110
9662.282690
9829.226232
9930.840828
9670.152599
9976.806554
10070.753343
10231.826717
10267.629783
10265.630305
9933.702503
9713.183063
9355.048223
9200.476290
9185.344158
9175.738260
9195.012528
9344.298968
9346.439774
9212.247043
9240.902142
9384.843604
9332.912507
9319.585482
9444.247430
9341.043194
9187.234553
9098.922990
9009.162627
8926.154190
8807.839275
8652.383104
8592.884785
8652.736933
8743.848469
8909.703374
9216.682297
9212.967493
9242.982952
9160.810131
8917.182271
8713.450113
8832.584295
8881.735162
8744.030265
8762.721832
8701.518581
8409.962494
8329.456916
8365.592553
8710.390549
8961.517244
9197.628934
9323.558514
9440.556496
9352.330546
9164.478384
9382.923290
9589.956184
9831.525296
9730.028796
9779.810512
9636.005021
9417.992585
9109.272517
9164.682939
9180.168014
9080.533931
9010.589887
9160.648978
9289.116802
9210.240883
9315.577111
9475.640734
9557.810888
9348.866872
9489.060758
9998.975566
10072.409067
9912.916228
9976.432385
9968.684606
9495.011037
9399.275036
9499.092838
9494.977656
9550.585608
9537.158574
9525.948712
9556.885172
9953.799551
10346.775678
10586.199621
10492.403190
10344.568138
9825.138535
9378.376904
9245.885815
9437.917649
9606.682227
9727.281995
9798.381324
9746.571614
9562.290553
9686.647230
9779.190668
9926.639535
9899.728920
9762.193216
9388.413995
9432.687212
9532.329952
9484.345640
9772.110964
9910.256431
9946.633351
9641.637353
9933.020673
10106.176393
10428.440420
10671.841378
10993.991775
10819.546139
10614.649583
10522.633014
10139.121627
9897.357340
9861.080990
10120.599699
10269.839254
10480.876380
10546.074049
10904.661115
10750.513115
10673.627648
10715.953281
10514.564566
10204.063557
10081.630679
9887.947491
9788.368057
9980.305045
9983.897900
10196.565108
10160.217785
10217.668307
10179.263213
10221.406893
10132.819166
10257.676560
10173.298057
10192.530574
10232.730047
10424.550216
10658.292331
10831.007066
11015.076813
11015.076813
10883.452343
10601.521074
10559.658409
10534.451165
10576.654703
10522.352824
10633.346234
10642.916663
10761.905762
10679.517805
10773.281097
10819.502790
10873.227380
10754.195074
10915.349978
10785.504439
10768.192385
10794.926555
10739.485745
10457.724234
10531.095843
10441.082999
10408.572275
10586.490858
10864.483485
11037.606927
11072.069142
10980.171611
10866.997244
10686.756033
10461.028953
10338.352718
10459.005723
10380.603177
10533.902056
10511.484079
10523.009652
10388.762419
10467.212472
10444.316277
10414.206266
10661.651639
10870.450478
10786.117591
10596.333339
10584.962832
10383.849425
10032.840991
9833.429406
9816.085791
9797.485013
9768.748605
9851.214326
9885.729504
9709.295159
9750.577912
9923.019816
10018.858640
9863.523107
10097.456240
10046.785673
9816.667118
9753.213433
9807.306591
9638.415333
9627.091209
9638.658357
9600.128190
9771.050996
10079.668429
10139.883579
10237.696102
10260.423239
10289.178698
10203.000851
10197.465272
10344.969344
10369.860683
10607.743927
10586.576618
10616.734482
10474.847675
10403.994665
10039.299948
9809.542722
9738.143643
9546.318855
9504.249326
9578.592975
9534.791096
9484.073043
9438.106048
9526.122655
9346.191188
9388.180807
9339.410562
9325.890163
9162.935900
9147.677483
9258.532316
9159.090958
9099.254866
9022.991930
9057.506620
8925.399138
8904.379365
8964.158374
9086.924117
9144.121864
9130.954700
9277.318276
9340.857822
9388.493248
9313.748509
9488.357797
9279.604793
9269.739449
9400.208555
9519.265318
9448.602597
9747.553351
9698.915142
9526.624678
9473.075577
9588.108053
9539.319624
9525.833733
9525.833733
9549.093379
9405.156519
9222.284532
9306.993752
9470.016896
9552.531073
9779.030777
9981.972254
10043.353236
9958.806937
9930.104747
9738.373467
9586.095877
9545.907831
9549.719132
9645.387238
9770.142222
9956.106063
10343.469592
10387.641242
10554.496368
10552.475577
10582.578532
10406.038833
10563.453538
10356.374211
10339.021323
10246.901091
10214.437244
10009.309548
10126.199801
10197.155581
10140.769335
10146.532057
10200.186837
10184.789201
10058.222824
10022.545266
9870.912189
9965.265576
9930.549874
10053.040375
10218.625749
10368.272707
10475.619287
10713.253513
10841.907608
11172.922890
11226.635916
11360.671457
11399.066292
11502.615643
11451.938050
11476.903103
11333.050487
11294.417136
11321.582960
11173.000485
11412.541574
11337.746621
11067.425907
11011.933867
10872.747358
10508.406422
10404.714239
10475.767720
10230.256834
10256.767909
10291.134405
10304.570761
10448.299963
10425.276028
10451.826414
10426.819192
10476.659932
10394.138150
10588.032209
10761.076728
11004.366043
11130.790862
10864.302658
10935.338547
10901.481446
10700.105061
10452.809578
10633.082771
10491.287023
10461.028966
10576.041863
10637.515393
10798.728638
10789.000837
10569.036321
10448.076271
10482.671248
10375.426711
10287.028734
10396.022006
10250.458703
10072.202167
9870.718126
9738.558769
9670.644896
9866.411786
10096.608265
10286.271267
10468.275970
10492.914339
10419.875932
10377.731634
10408.741564
10331.744122
10580.230278
10645.329806
10419.020849
10144.866785
10056.504862
9708.818630
9564.707270
9869.809619
10069.175633
10243.485297
10437.278935
10600.342817
10489.045905
10366.617943
10366.617943
10514.905450
10503.455570
10662.571466
10896.399094
10906.075932
10680.558209
10793.492118
10774.575312
10883.661623
11259.551593
11366.953094
11320.840551
11502.800250
11520.112458
11226.876606
11337.647391
11471.778781
11120.952278
11111.428106
11136.191017
10972.704929
10986.199717
11133.973585
10788.742798
10698.696830
10745.568429
10647.874413
10442.525254
10630.486185
10655.549610
10689.400801
10509.008625
10637.550328
10775.755059
11065.133418
11304.010676
11526.380473
11557.035373
11311.641750
10956.840565
10667.227303
10663.438785
10784.291287
10611.586878
10730.579388
10715.577684
10633.082767
10425.898108
10403.030419
10218.840313
9906.667175
9691.897532
9678.604894
9933.381193
10037.283618
10358.725542
10496.742457
10657.532605
10805.309568
11008.554885
11055.843322
11023.206718
10879.375619
10668.466901
10282.953913
10072.489954
9911.206620
10018.551115
10409.848823
10772.107815
10907.558922
11132.026065
11222.042215
10991.990140
10554.835190
10511.668611
10314.118224
10220.109131
9932.467187
9884.862848
9974.626225
10235.637519
10256.804066
10513.512700
10720.753470
10566.438975
10253.904537
10008.301381
9914.889043
9949.083739
9996.012669
10078.431989
10024.908206
10089.977762
10153.344430
10358.366648
10695.618025
11171.460753
11343.925988
11263.263748
11186.289868
10981.054938
10971.448894
10956.102204
11274.384041
11249.933085
11353.519139
11290.331193
11134.852196
10849.386544
10779.681818
10881.236190
10781.622160
10783.644099
10720.359477
10814.253665
10388.684502
10279.364090
10077.882433
10049.190560
9915.758396
10061.476852
9955.862777
10038.351071
10186.065454
10204.935315
10024.711467
10016.923056
9969.000755
9938.106331
9964.868182
10116.099974
10167.982268
10263.859868
10025.883188
9775.768549
9658.953411
9658.953411
9584.286654
9739.460303
10021.497168
10180.629624
10272.716397
10170.891804
10125.024113
10170.154606
10085.844748
9901.910196
9905.625625
9865.469465
9733.822010
9760.809089
9679.917528
9866.114984
9996.306427
10105.462031
10210.800691
10431.477554
10437.140096
10435.261786
10416.370075
10368.520777
10414.588629
10520.061741
10393.547642
10331.338733
10369.610603
10375.622598
10258.568974
10649.638480
10779.515313
10641.321739
10397.814555
10246.357393
9822.679178
9485.863689
9495.448291
9610.692056
9591.465395
9342.287714
9368.605338
9147.964598
8867.945363
8810.928183
9057.846755
9146.744361
9424.422201
9754.008126
9821.332740
9898.041381
10213.973556
10116.065717
10160.382530
10309.714960
10403.792640
10070.856279
10109.239837
9986.497450
9698.512183
9466.707474
9271.267095
9002.683659
8925.941239
9022.397115
9163.963066
9276.848092
9550.774717
9752.077166
9853.727598
9884.862850
10132.616878
10182.647801
10184.576068
10286.209593
10318.722997
10100.699564
10021.994967
10089.231562
10230.991480
10480.227582
10884.601799
10967.157136
10867.417061
10451.412603
10127.208098
9811.409684
9912.632504
10039.163973
10265.754628
10678.054976
11121.640090
11313.356545
11430.404879
11723.596198
11746.967515
11664.175331
11428.222325
11267.466480
11106.106384
10761.215819
10495.834701
10564.966026
10653.122260
10564.966026
10886.953324
10905.768767
11066.899895
10957.539919
10832.864934
10411.160324
10239.943841
10124.873546
10234.242650
10596.669083
10608.174980
10442.558344
10139.778664
9905.759551
9537.463921
9449.419259
9772.767574
10012.604143
10332.790136
10624.150120
10827.570146
10836.776153
10666.263229
10599.145927
10405.227978
10503.245313
10567.028241
10743.602337
10615.229217
10549.929801
10442.460219
10333.575190
10293.386134
10088.174844
9944.160721
9982.696399
10038.775515
9987.092230
10257.608575
10671.753694
10878.949293
10995.445286
11096.986260
10924.523538
10744.320249
10489.159844
10429.107611
10179.724020
10112.470470
10053.086758
10191.291680
9988.021454
10045.928761
10084.109495
9656.576957
9269.244853
9077.189581
8754.911150
8573.100835
8770.412794
8832.253939
8845.066136
8998.697574
9056.227467
9226.953148
9274.557322
9560.415728
9760.266675
9842.333916
9982.396952
10122.254417
10011.567545
10156.842803
10398.456201
10647.948087
10676.606437
10917.258898
10875.109371
10848.542159
10827.340699
10817.506911
10830.752668
11022.672197
10851.944098
10535.563774
10552.703272
10453.033413
10349.551271
10648.740837
10738.838966
10712.035496
10839.866962
10897.388827
10832.091128
11060.131170
11188.757592
11098.551924
10996.870222
11119.599042
11064.082558
11280.739188
11354.017590
11432.643888
11446.014122
11388.381451
10991.617197
10950.308974
10827.634841
10712.487918
10547.625810
10645.500201
10536.349655
10507.662738
10419.323463
10425.003128
10302.581362
10257.310956
10182.484105
10163.128595
10142.164280
10211.067563
10356.071492
10463.463567
10383.023128
10323.452638
10398.097603
10225.172571
10305.656875
10302.087755
10735.230624
11030.515809
11466.587914
11840.632189
12153.498334
12178.089747
12115.095969
12097.786566
11892.826782
11867.894825
11762.635504
11474.881789
11143.825088
10982.734444
10884.989827
10673.857908
10790.984112
11067.459216
11333.797569
11343.628741
11418.428093
11358.879095
11114.651721
10895.740811
10776.682150
10755.935142
10811.510893
10875.381338
11021.130123
11055.805441
11057.558759
11120.826813
10994.843496
10611.319771
10417.758170
10344.748921
10233.611484
10154.678273
10354.163563
10446.112548
10511.406512
10775.977189
11202.858535
11321.776683
11434.973004
11480.948105
11129.979250
10917.358640
10871.270429
10873.449547
10712.312295
10704.752200
10890.782118
10911.979864
11057.558743
11134.351698
11431.400673
11268.065701
11361.840022
11216.029617
11262.099370
11250.492520
11512.120451
11425.772814
11646.146697
12173.375447
12390.238194
12475.298697
12442.322952
12438.453948
12137.370025
11995.488388
11826.461293
11993.229902
11881.950614
11783.882524
11684.630425
11327.047098
11027.771798
11089.196226
11058.426228
10947.522817
10945.392353
10966.628342
10751.907219
10832.299680
10880.250431
11167.982240
11192.899252
11302.206041
11273.458900
11342.549701
11199.734424
11124.720014
11096.053427
10840.970816
10471.049865
10450.380468
10371.514306
10133.727761
9832.892259
9875.081214
9679.399760
9645.042355
9660.092848
9798.452966
9761.765685
9703.826082
9853.007930
10131.142581
10288.366063
10712.252718
10738.601299
10537.156787
10280.337832
10147.818864
9783.488948
9977.298808
10101.995428
10259.235372
10631.135298
10924.589473
11043.011198
10956.690824
10782.348253
10394.744922
10089.977752
10093.812861
10352.498038
10592.348753
11133.325654
11555.067903
11549.125235
11639.276765
11699.071414
11386.325264
11336.662277
11201.076951
10978.705684
11130.097076
11201.076951
10930.653120
11058.391484
11171.786712
10843.713503
10734.494818
10521.853492
10358.105438
10083.927810
9870.912185
9815.381407
9855.687219
9763.451937
9638.965977
9659.831017
9479.740044
9437.736148
9347.247067
9483.602950
9709.836437
9899.606787
10104.721307
10176.101130
10272.058796
10268.245411
10289.109753
10229.781146
10292.022159
10443.312828
10452.937141
10429.966139
10437.557237
10652.004182
10621.315879
10429.602873
10358.690493
10228.245033
9927.409376
9727.857658
9869.919020
9697.305109
9733.822015
9822.175263
10012.057210
9873.953523
10115.491550
10086.786806
9919.444986
9677.841994
9792.894034
9959.466786
9877.342964
9892.273310
9788.610771
9711.967734
9338.146026
9378.411772
9346.466446
9472.876793
9476.847894
9718.230755
9798.925470
10175.049058
10282.413889
10322.660347
10255.456898
10251.798020
10061.706518
10073.355036
10128.985087
10263.277020
10238.245054
10202.335999
10141.123139
10148.708069
10066.230534
10282.921988
10205.769699
10157.853716
10023.903919
9787.843397
9448.709095
9307.277541
9205.638819
9106.238234
9102.399299
9056.512563
9133.161188
9217.799430
9154.702709
9071.903122
9173.548257
9167.667951
9167.667951
9428.754423
9587.800974
9513.370583
9742.446822
9888.093891
9915.341746
10233.354734
10553.637769
10525.303639
10460.189514
10571.400691
10517.786627
10596.333341
10859.642140
11108.934351
11036.146118
11158.940402
11178.092768
11213.761231
11010.511001
11111.873496
11042.970131
10759.046030
10309.714954
10192.873503
10025.846295
10033.611762
10269.385735
10655.172446
10946.459745
10904.305626
10691.306250
10555.276708
10476.322068
10303.800522
10280.819423
10146.582254
10428.511313
10576.930918
10839.707940
11150.372912
11483.797390
11389.959087
11213.284502
11107.554975
10939.064963
10774.127155
10797.214459
10879.826339
10887.439455
10872.132693
11144.340301
11215.309362
11283.027434
11217.838754
11233.251004
10974.369499
10838.193230
10509.071635
10489.941644
10432.392745
10591.568647
10413.145495
10398.097610
10049.227425
9899.728909
9675.328944
9774.999228
9780.572343
9915.195312
10008.804584
10154.607493
10129.895859
10387.317494
10824.468457
11058.254539
11067.925611
11415.073990
11249.562381
10837.189344
10599.633700
10522.979958
10298.321125
10464.113530
10684.562620
10814.850597
10682.369150
10603.998757
10489.198000
10462.260626
10721.225505
11144.964602
11062.701117
11102.137893
11046.471650
10770.408006
10563.270727
10758.639304
10975.075630
11228.198173
11308.842105
11356.729675
11546.520936
11461.685768
11554.010442
11630.669134
11599.642684
11333.347112
11201.748403
11186.459911
11311.038354
11312.883593
11311.038354
11279.259243
11096.879261
11029.952014
11112.111103
11158.445673
11273.047509
11353.519139
11349.711044
11321.103752
11313.127645
11286.907427
11127.838379
10997.272693
10997.272693
10845.753596
10736.742308
10729.345752
10669.847252
10698.665067
10792.500981
10580.172626
10578.050176
10533.902056
10472.614458
10610.653169
11116.393109
11133.943398
11154.692416
11070.499710
11147.122186
11087.018134
11186.741315
11428.257328
11485.868519
11384.196433
11105.876179
10994.658219
10641.827173
10488.420600
10361.935199
10456.041795
10442.460225
10653.501775
10944.779359
11336.332051
11339.795019
11326.492983
11194.105434
11027.199297
10661.195033
10673.984122
10724.012570
10714.517112
10733.668507
10610.918836
10710.562444
10904.305628
11195.778792
11036.703439
11176.506841
11251.712753
11207.569891
11130.825603
11596.841256
11853.731678
11795.397369
11745.751626
11561.543857
11369.858141
11206.808670
11007.467331
10865.444064
11036.455402
10900.229066
10685.364818
10711.868069
10815.261682
10732.914771
10677.168271
10700.170493
10886.393562
10803.899871
10769.432520
10959.174167
11114.777099
11020.537797
11064.734724
11346.314454
11392.663697
11584.176777
11603.099211
11630.157175
11365.255425
11114.385305
10995.280606
11004.687706
11050.706798
11048.869861
10987.611076
10634.626235
10572.456990
10327.130806
10269.480508
10468.959372
10752.781695
10705.739606
10636.800414
10504.372064
10316.664331
10180.310390
10199.195700
10333.534561
10479.175893
10528.985110
10550.096041
10640.293122
10649.856498
10454.313313
10487.052329
10352.557982
10129.121390
10063.754173
10278.586394
10389.716367
10541.211896
10580.699948
10574.899109
10509.636454
10454.068260
10373.729255
10495.834701
10574.474713
10555.276708
10459.295871
10514.979334
10443.523439
10441.747868
10418.731105
10380.352965
10445.500089
10456.908534
10232.452165
10201.742911
10228.549316
10126.979459
10204.146704
10244.228384
10136.964954
9926.212014
9832.119126
9696.767864
9850.128763
9832.856804
9863.368759
9735.155237
9507.559094
9323.389111
9312.139724
9480.759561
9561.163479
9641.894084
9563.440837
9592.213982
9358.009572
9306.655532
9326.872289
9524.826591
9514.875282
9610.925806
9630.096296
9663.787739
9491.308914
9531.709756
9769.553077
9974.423447
10074.206547
10365.881999
10538.341424
10549.830552
10770.372658
10776.000463
10584.280363
10620.486582
10670.452518
10482.607233
10450.744648
10716.943589
10580.909383
10577.158417
10673.076599
10855.185684
10776.567275
10757.560052
10851.657433
10715.544885
10493.559156
10213.716111
10382.420515
10259.626525
10123.606294
10147.818849
10341.606349
10117.159025
10130.734510
10270.515796
10321.540781
10472.906810
10731.825554
10691.368034
10660.957969
10672.186049
10618.539883
10443.948163
10344.139078
10370.920282
10331.520364
10170.361996
10252.987430
10452.424595
10670.891252
10482.890145
10601.706541
10592.200720
10509.636435
10229.744792
10459.086441
10428.683486
10442.008437
10340.366577
10543.633904
10584.903049
10625.199592
10615.706285
10726.830521
10736.343551
10834.255106
10991.469181
11196.631491
11267.817277
11246.566659
11314.019706
11057.289674
10842.578527
10850.129556
10930.680802
10750.212099
10801.968563
10784.695223
10688.896997
10389.687595
10101.995435
9931.391228
9762.383235
9659.041656
9584.389540
9826.834772
9951.324828
9748.388668
9454.902288
9332.208223
9127.268191
8891.585147
9015.930903
9265.330599
9343.533026
9449.211996
9635.348494
9751.958598
9763.528959
9846.011531
10034.083794
10262.413812
10411.816571
10509.530682
10743.602337
10722.964195
10749.773307
10719.168796
10682.408610
10813.152886
10931.301786
11006.269128
11157.825940
11395.428649
11218.839269
11102.496408
10901.185671
10834.046442
10713.145626
10793.655912
11024.982681
11372.049063
11686.400030
11632.628642
11638.750582
11717.837461
11441.570269
11293.802889
11311.157428
11518.065841
11249.372095
11264.464202
11147.534936
11308.882516
11454.465443
11892.717464
12096.124889
12084.464939
11869.735956
11459.348995
10904.563453
10708.917486
10739.624098
10891.093888
10941.083800
11123.452830
11424.404104
11504.940069
11602.833120
11526.033099
11501.736185
11225.445393
10934.101054
10596.627595
10543.068606
10272.130746
10112.760332
10170.334656
10145.809979
10097.488161
10221.759703
10269.544115
10298.265323
10517.115072
10616.697642
10569.929447
10556.181110
10598.452670
10521.972283
10443.068848
10608.763614
10599.103765
10610.587040
10545.375628
10673.683196
10538.489431
10666.876890
10643.814261
10709.009005
10415.673536
10571.742454
10433.760427
10295.706572
10033.018355
10303.493190
10143.559116
10055.494314
10172.308642
10335.329229
10170.255385
10130.874803
10301.710705
10293.969968
10190.361735
10173.078230
9988.681747
9689.820480
9427.160818
9519.052887
9469.221407
9640.341356
9818.573383
10146.557172
10228.868196
10257.710941
10175.014735
10140.510430
10150.014904
10023.669972
10180.629605
10351.850435
10520.652151
10625.848815
10819.799780
10936.617160
10885.878110
10667.227291
10464.149881
10452.553902
10444.914078
10623.402477
10755.864545
10916.862144
10886.189145
10631.135316
10390.318189
10390.318189
10457.665034
10565.037526
10666.583122
10690.982668
10552.940188
10029.512827
9694.069721
9636.377982
9670.319744
9798.828552
10097.724821
10355.053258
10554.286777
10648.351557
10707.826594
10849.641206
10886.017456
10701.828025
10775.528205
10692.805968
10550.906970
10411.017703
10579.953679
10543.952867
10588.282413
10680.232104
10860.366367
10982.988077
11022.708675
11066.672457
11020.607817
10982.302772
10811.668184
10858.656855
11010.200362
10927.554820
10831.773753
10751.354582
10493.627573
10294.298963
10144.730087
10242.583323
10336.434375
10280.076607
10189.886348
10517.820083
10602.033188
10768.841270
11184.485255
11362.964714
11301.558807
11173.154502
11138.541259
11106.461945
11288.916585
11217.743875
11160.362961
10861.079572
10603.406438
10383.146128
10319.682108
10244.926559
10325.381906
10400.851728
10278.026180
10178.414148
10197.465274
10147.434171
9844.909671
9622.597610
9582.230729
9319.334048
9282.951231
9418.435181
9493.396736
9554.470881
9765.407756
9562.290551
9592.324691
9607.760747
9613.265507
9632.579633
9878.009113
9802.863097
9933.020675
9881.253160
9829.592714
9864.062366
9894.211071
9765.743353
9850.169988
9865.584315
9730.986858
9691.614613
9862.401961
9906.443243
9998.602487
10146.352082
10163.003376
10124.693311
10239.758677
10374.193383
10433.474187
10683.578062
10789.064411
10787.173953
10773.636859
10798.780736
10614.496119
10376.596835
10113.876716
9872.133576
9672.915253
9633.358560
9660.025871
9595.102807
9593.067068
9852.031531
9976.060985
9910.887376
9960.573257
9859.152933
9786.478558
9741.159830
9773.597607
9718.073218
9932.772128
10069.017925
10213.900642
10334.740856
10599.271733
10708.532842
10838.970427
10912.227850
11083.033340
11136.476194
10925.729792
10787.704555
10697.541441
10584.280369
10521.048922
10595.649261
10216.018419
10112.436869
10212.279187
10177.938458
10287.066362
10404.122762
10394.522555
10085.961564
10107.006594
9967.054791
9852.087124
9987.287781
10154.283867
10098.559413
10288.398268
10392.125876
10220.872920
10416.370073
10374.473647
10305.211735
10504.585441
10692.666724
10541.261221
10602.485596
10518.257279
10570.222971
10491.128847
10295.453617
10151.597021
10076.940332
9973.385300
10193.397030
10686.050213
10954.644826
10939.325700
10942.882774
10595.138011
10296.038192
10414.939255
10551.018207
10520.455223
10548.673683
10610.027529
10293.711661
10297.453804
10521.932842
10409.045544
10236.330472
10284.325340
10234.446829
9900.805847
10041.958817
10093.594883
10118.476537
10174.202621
10168.554178
10136.414317
9971.524144
9967.588120
10061.629581
10232.310019
10298.022007
10418.958431
10447.678012
10543.573693
10409.372689
10283.252782
10139.609058
9878.515463
9658.388664
9549.176622
9650.382125
10074.175211
10335.103710
10223.762625
10365.836496
10264.151317
10056.938019
10164.150354
10206.466248
10072.529957
10380.841801
10564.966039
10501.739246
10580.367279
10614.899449
10351.542110
10119.578103
9820.326997
9874.078426
10150.114830
10263.171338
10447.096108
10905.244520
10912.756540
10840.111804
10992.460538
10873.661950
10722.078535
10514.942467
10468.915128
10277.215290
10363.458996
10394.080597
10716.193236
10869.687114
10982.473536
11087.927813
11132.126197
11003.523280
10909.572093
10757.229235
10649.825046
10354.866364
10205.132734
9852.251953
9545.935413
9277.238580
9215.769635
9105.080677
9269.504014
9696.578687
9761.596071
10077.979537
10177.895780
10313.965016
10360.786330
10604.577855
10508.599190
10594.889554
10336.011354
10217.635274
10123.670679
10079.491399
9950.855201
10066.060472
9834.785001
9748.560699
9886.556208
10074.335731
10116.544731
10101.597049
10197.465268
10082.242203
9994.246243
9896.244724
9890.818894
9741.236279
9854.228222
10080.664838
10159.240163
10296.499826
10263.946167
10200.681020
9844.171619
9980.267524
10055.494314
10097.393761
10047.520298
10243.150137
10070.685408
9969.142768
10032.400108
9955.650984
9942.387782
10172.387648
10321.047541
10106.176395
10006.300153
9884.182759
9617.150354
9246.898773
9325.425132
9413.256722
9534.416511
9662.673242
9912.677609
10202.404657
10352.022408
10311.747607
10294.570021
10401.744096
10259.779615
10286.631103
10252.242049
10188.765051
10072.409063
9966.831156
9817.205449
9750.204757
9583.570401
9696.217041
9771.086994
9730.546150
9805.342144
10060.737847
10218.423334
10506.149115
10795.503012
10807.199941
10698.036156
10716.493662
10712.724032
10791.373369
10967.905204
11059.656532
10753.250980
10494.404593
10398.456181
10235.637529
10024.768046
10126.277357
10421.457282
10093.630704
10078.180721
10078.180721
10078.180721
9744.644833
9750.468232
9792.730720
9936.578565
9866.846295
10135.296509
10530.224748
10541.920983
10451.758413
10767.573762
10803.932285
10738.871649
10884.524077
11233.503633
11263.494793
11102.526262
10964.405942
10659.606133
10402.704270
10120.730410
10015.155673
10055.552350
10350.791709
10329.580104
10124.555268
10036.632218
10099.732242
10057.390557
10218.523084
10526.944318
10889.327017
10820.485603
11048.556932
11201.900502
11282.659421
11134.994348
11323.016888
11297.899129
11046.862582
10864.392327
10843.381502
10649.700341
10582.624488
10611.353204
10705.451046
10870.296509
10991.128929
10904.826691
10824.342905
10544.091062
10227.795120
9951.473616
9775.167901
9738.874136
9891.169793
9950.426073
10251.726270
10454.857457
10679.348592
10827.829748
10879.569103
10655.335047
10664.843379
10705.120750
10507.697875
10553.637788
10653.347797
10429.043482
10018.514139
10142.739948
9973.959843
9761.234760
9742.006180
9847.391505
9811.744049
9658.480538
9617.866744
9393.623910
9478.035775
9440.454366
9680.070471
9837.295940
10276.530740
10625.387028
10819.192241
10957.175178
11012.804570
10943.583934
10679.348592
10673.465080
10575.650942
10430.042573
10385.958613
10460.701639
10374.394998
10370.223739
10460.492038
10347.525591
10282.248129
10267.240206
10481.931197
10573.944316
10709.917559
10783.072967
10715.306358
10410.376855
10515.758228
10590.561820
10617.434875
10636.289252
10486.770101
10231.671232
10141.555533
9987.982012
9862.205888
9938.703308
9973.420362
10000.060811
10130.651782
10215.206474
10253.538590
10247.817225
10182.614774
10491.441487
10724.414813
10864.362295
10956.467095
10893.334956
10578.920757
10567.346279
10722.890389
10636.581379
10824.437372
10743.961274
10367.894310
10337.197122
10770.511307
10782.022413
10806.940938
11045.763285
10938.430330
10679.620760
10748.580523
10660.370783
10654.852001
10731.395027
10815.724292
10572.118200
10597.217184
10507.009817
10457.170696
10363.130760
10537.544560
10878.982568
10950.374832
10810.319729
10750.972398
10725.930183
10388.605240
10459.944222
10643.963056
10442.625856
10243.206870
10220.291948
10032.248090
9934.328543
10285.509267
10490.555781
10551.826180
10538.733264
10554.105096
10266.522745
10168.855335
10172.502463
10439.597912
10529.545066
10926.641289
11028.044699
11101.298745
11037.151035
11052.389382
10947.072645
10686.129477
10774.575319
10969.980685
10971.857764
11196.267485
11516.595226
11566.061084
11387.581503
11443.214597
11207.290527
11075.077256
10923.743834
10912.301393
10720.663919
10450.338846
10222.108883
10049.484466
9772.932898
9694.478441
9902.023783
8116.821116
6232.012607
