7917.695293
10954.511800
14124.243457
13955.189826
14144.883011
14084.972159
13995.496053
13991.330388
14346.751060
14474.489532
14551.599888
14596.179769
14308.185534
13905.151012
13832.384673
13941.075752
13889.952186
13872.802871
14042.540840
13937.681921
13999.245057
14182.967171
14202.065907
13842.345796
13825.561037
13060.333668
12734.295530
12985.653885
13211.106454
13076.972515
13582.426669
13972.203442
14087.504563
14603.886240
14955.826130
14891.413846
15045.403926
14576.251369
14363.069498
14465.303358
14433.161131
14283.855380
14382.256165
14423.968018
14140.822679
14500.820509
14581.648081
14566.922436
14111.201103
14302.990874
14174.715010
14187.827309
14311.324753
15013.597150
15165.694999
15275.868603
14830.657899
14917.836266
14401.491187
14535.708908
14548.332588
15175.438700
15452.219051
15803.726502
15300.586195
15251.955840
15011.236442
14910.467635
14833.307570
15033.296448
14850.215114
14815.832626
14820.265411
14851.663013
14774.964847
14796.334043
14602.515118
14546.707645
14408.717493
14590.161123
15048.587709
15493.939679
15760.609362
15868.756071
15798.802453
15498.889759
15338.189713
15423.671512
15578.098382
15751.068509
16141.613097
16204.352138
15915.106810
15405.062265
15334.292913
15343.076558
15596.979011
15614.439823
16326.618268
16457.377239
16171.989826
16213.759802
16685.050314
16430.211886
16374.823185
16276.593701
15481.048399
14664.851705
14666.901211
14641.611554
14948.475051
15199.779046
15133.875340
14993.880678
14816.618234
14211.500752
14552.371371
14942.622553
14952.896222
15234.378734
15013.116834
13791.293538
13230.949905
13071.119987
12609.038288
13576.893310
14772.809498
15295.443844
15521.152449
15923.815471
15286.129329
14693.893460
14563.699355
14603.422796
14556.426521
14631.063396
14840.271734
14294.045293
13926.387786
13678.932072
13478.700760
13265.281280
13721.783384
13529.178730
13313.923452
13569.847983
14034.541065
14106.711904
14362.295043
14321.742793
14283.113984
14084.865097
14195.799616
14277.478847
14409.187800
14426.800020
14170.907160
14253.574440
14038.439654
14395.210837
14792.070127
15066.471320
14597.979494
14905.628527
14828.702331
14775.341646
15048.474279
15329.975589
15078.804174
14974.542881
14741.781701
14403.073369
14737.910971
14965.745025
14820.503478
14880.724857
15038.550929
14739.786024
14641.641615
14910.128914
15129.592198
15430.058661
15372.722821
15445.760169
15284.064508
14706.230137
14503.518720
14833.873928
14522.573481
14439.503453
14837.830014
14643.862383
14170.786690
14565.987390
14649.038721
13992.230720
13764.339293
13887.636473
13500.745122
13488.243965
13695.185388
13499.121317
13349.960759
13314.076063
13339.930498
13254.400163
13146.091344
13114.094617
13249.681050
12770.086551
12908.533698
13463.262777
13663.094883
13740.535884
14217.997352
14143.484622
13923.808702
13825.928630
13769.561874
13311.389051
13197.980976
13343.053744
13430.437628
13321.791092
13940.133265
14645.626566
14630.753679
14720.480342
15148.678981
15038.487705
14865.252339
14701.352173
14601.369479
14383.476744
14336.940601
14277.051335
14485.620220
14560.496636
14629.829792
14757.482994
15149.530054
15258.149666
15119.854681
15262.103206
15451.306656
15189.597983
14987.300740
15031.591717
14632.253542
14282.805190
14105.484162
14163.571538
14155.039883
14525.095518
14727.945950
14510.226785
14249.833306
14066.401231
13673.667613
13362.476458
13767.332779
14038.148778
14082.557769
14279.364282
14155.960034
13584.005308
13767.744436
13940.515972
13708.161889
14068.659850
14292.540307
13821.185379
13710.555649
14007.300999
13627.630717
13610.878872
14179.989344
14150.301097
13970.528730
14466.924413
15055.263560
14622.897395
14354.121919
14686.706643
15345.410465
15232.299221
15311.261323
15944.354720
15781.013491
14943.640491
14760.140691
14717.337055
14384.597131
14371.962945
14623.941766
14583.693284
14414.958983
14749.827097
14783.428229
14399.596915
13958.109950
13845.228900
13278.109480
12937.089890
13449.178126
13738.893583
14055.998574
14431.525507
14824.602507
14453.960590
14786.468053
15031.375049
15080.300868
14436.332252
13903.829793
13537.012680
13481.814213
13485.587055
13956.486760
14668.684610
14847.652542
14843.740867
14888.922753
14962.248454
14710.335815
14151.835723
13904.926231
13573.946965
13458.760674
13252.632748
13691.453357
13936.954194
14228.780511
14019.893413
14192.208369
14288.229895
14181.662803
14198.796875
14512.260793
14248.011868
14444.167378
14665.692874
14940.976712
14761.020964
15404.846809
15822.801591
15794.721280
15680.004103
16177.255243
16160.729705
15819.356460
16077.125360
15808.618248
15189.789065
14935.907960
14852.745420
14379.651107
14117.505009
14399.901984
14540.294495
14798.590770
14729.952737
14913.480096
14865.289404
14722.561409
14149.166818
14261.983164
14334.503322
14255.358214
14370.187173
14474.526712
14391.815267
14233.953251
14489.088566
14518.774417
14314.187189
14151.970050
14318.532262
14274.431508
13841.546767
14101.990144
14470.665851
14920.499425
15234.007384
15745.567213
16027.115437
16039.590502
15504.808940
14764.407046
14647.283934
14540.585902
14683.399971
14975.795814
15707.639122
15615.532444
15385.546583
15300.178405
15560.333133
15518.699921
15576.404723
15166.603461
14687.090237
13715.131588
12829.922892
12495.943665
12824.415495
13210.072586
13587.543084
13894.700778
14046.143091
14112.382937
13824.711956
13956.641589
14222.382085
14358.574736
14245.586366
14808.185094
14697.191210
14327.614435
13931.130984
13826.323330
13483.248713
13638.578516
13906.294618
14030.264825
14234.899983
14034.364392
13985.393421
13924.334775
13880.157007
14031.277088
14208.272889
14065.233725
13845.993387
13835.315888
13383.226796
13178.503015
13208.300471
13841.810608
14251.498599
14554.125634
14952.601941
15411.063990
15078.526708
15121.082846
15227.753194
14727.206983
14114.803423
14002.333387
13669.887948
13503.522761
13648.327229
13942.242496
13958.909492
13811.978447
14135.876158
14441.010697
14754.333096
14869.340544
15253.190198
15003.558960
15212.207851
14871.330926
14691.665552
14512.377908
14482.935543
13894.323080
13868.634298
13816.349428
13520.111268
13358.190399
13731.022799
14036.004226
14610.898006
14856.275721
15081.979573
14551.517788
13892.991772
13499.483002
13817.384606
13648.896170
13648.942590
14043.519157
14152.007387
14152.007387
14382.474082
14734.338484
14427.156827
13912.695793
13460.935512
13450.270933
13283.658167
13217.732471
13736.569023
14141.557652
14004.956619
14235.215460
14371.379250
14200.188631
14104.127877
14603.116255
14479.637085
14236.252880
14512.299138
14497.459373
13840.883919
14030.713693
14857.805450
15198.976165
15275.235304
15469.102002
15300.801049
14917.261659
14367.720963
13947.601736
13866.135078
13457.274512
13224.806868
13124.552307
13642.330336
13817.239604
14143.128739
14045.236368
14068.272641
13469.230896
12927.659371
13289.759118
13603.267909
13379.761097
13614.245112
14089.931638
13765.653208
13618.350581
13721.192247
13936.631576
13799.858874
13706.087474
13750.788197
14031.015693
14177.878945
14563.935402
15331.438532
15333.399707
15442.457326
15546.735173
15333.401315
14700.725838
14949.806877
14370.532621
14183.059944
14276.905336
14279.030996
14377.190464
15129.716827
15123.544884
15485.436885
15803.555003
15462.633071
15249.146544
15285.450020
14984.930473
14822.816095
14860.889708
14515.989494
14091.895890
13846.662698
13693.198716
13755.019537
13984.937421
14443.523080
14268.404895
14554.308791
14724.345089
14812.836165
14772.392379
14991.651142
14575.918764
14339.440424
14222.433093
14177.361641
14435.252210
14787.024445
14503.564613
14131.058132
13911.987412
13472.874512
13218.715261
13564.101154
14060.059233
14558.804757
14524.792314
14605.591445
14767.589906
14932.853868
14706.820362
15013.567626
15079.811426
14898.710027
14758.411298
14662.619184
14513.200228
14494.695005
14652.213445
14622.913239
14435.112259
14104.505957
14204.936315
13738.084669
13541.494548
13439.030918
13950.709727
13927.494183
14729.136157
14841.779096
15140.640767
14775.585357
14709.683060
13991.276759
14091.718066
14131.684931
14641.805169
14946.124782
15811.864575
16173.835048
16725.441720
16940.794450
16636.058884
16352.545005
16455.146407
15958.746427
15547.071975
16163.234014
16436.376776
16308.597149
16536.169254
17246.333549
17395.927906
17673.197200
17557.846695
17374.309312
16598.068158
15366.349326
14217.241929
13776.240584
13961.511154
14588.262706
15519.979435
15960.780288
16232.630955
16077.123761
15629.433027
15416.459357
15657.197857
15776.480345
16164.464175
16211.027660
16102.717555
16149.534226
15865.451259
15039.960149
14662.768349
14705.831593
14624.346995
14957.086934
15033.365944
15257.509072
14999.545088
14279.049637
13641.477694
13839.767717
13615.603515
13726.582803
14048.355540
14219.768617
14492.754508
14855.491811
15392.149138
15624.818010
16381.588772
16339.449449
16511.501003
16059.648660
15959.559900
15390.767882
15337.780071
15088.371689
15109.472218
15313.936567
15500.174188
15585.534340
15700.772847
15576.926783
15513.064165
15342.076285
15610.121177
15397.197593
15465.279600
15429.199221
14920.927058
14208.920161
13974.533126
13944.344320
13886.819779
14073.077042
14096.338354
14580.053741
14963.839784
14989.475136
15050.013845
15088.859059
15078.085108
14975.864185
15184.665568
15923.249639
15756.743060
15210.606217
15006.093912
14786.502723
14280.230150
14540.399126
15314.325594
15811.326265
16135.231973
16473.654337
16740.889521
16575.441802
16201.112921
15864.794085
15947.690769
16123.023149
16218.654205
16175.533953
16439.609395
16436.388742
16316.614454
15971.065283
15707.127891
15736.726217
15842.890074
15792.538707
16069.114611
16651.079622
16766.226588
16419.127514
16293.746042
16453.523062
16209.290076
15992.870771
16334.152647
16747.544154
16463.637866
16203.704796
16059.282902
15739.437495
15116.461567
15080.071359
15536.197387
16436.409451
17038.462037
17150.765269
17174.826993
17017.059352
16435.599115
16324.140499
16530.925155
16654.786641
16524.607184
16151.310539
16065.721532
16114.594463
16049.306121
16267.830884
16332.166566
16166.947558
16663.862060
16951.360585
16748.538255
16840.772600
16700.454505
15969.594563
15376.891191
15493.940747
15766.769393
15557.673917
15923.044634
16233.276483
16287.227462
15764.588678
15231.541967
14890.282950
14787.791242
14638.878989
15027.113863
16026.233404
16290.381416
16531.115328
16731.580852
16906.919942
16722.838734
17061.888782
16628.396085
15971.963570
15388.423818
14897.251123
14176.551475
14302.316358
14958.354520
15440.685752
16115.680581
16529.741170
16241.476265
15553.120740
15267.779570
14980.850239
15013.248244
15430.517840
15929.549225
15989.084610
16187.903191
15806.463845
15342.198750
15346.169768
15275.462438
14859.597505
15228.283810
15733.286625
15437.326608
15493.143709
15959.081333
15847.922333
15383.314106
15558.095046
15628.526884
15153.689742
14987.793267
15512.090542
15535.342129
15379.875755
15555.752478
16045.554489
15841.417458
15666.390248
15493.767255
15255.114115
14662.578115
14686.360836
14826.855520
14890.599368
15509.660817
15772.452685
15900.029199
16001.945833
16174.705377
15938.668084
16030.394745
16081.103472
16411.668036
16461.262550
16574.083609
16228.206491
16409.600942
16104.328820
16356.445111
16634.906649
17150.108303
16591.785378
16764.572266
17047.335149
16793.008718
16385.380519
16746.218579
16677.887440
16069.711889
15804.282941
15911.363541
15597.735989
15653.369391
16480.246857
16648.247065
16888.382023
17285.283502
17537.173459
17295.504497
18089.769385
18320.440793
17785.276989
16925.906436
16956.292838
15731.414793
15178.527444
14775.657140
14545.724325
13752.419189
13748.533465
13827.053614
14586.152929
15249.260790
16059.444216
16939.291427
17376.843224
17835.290614
18565.989035
18478.677462
18932.456215
19715.459316
20260.330285
20542.341423
20778.632414
20339.930016
19022.342669
18205.751868
17229.236132
16593.864286
16242.031970
17135.708817
17423.955832
17413.174448
17310.705653
17122.503894
16772.895107
16214.012617
16020.577676
16428.266611
16369.080733
16042.972065
16262.073783
16985.252327
17144.817890
17530.008068
17171.735255
16640.750852
15995.253990
15380.691338
15134.045292
15592.261410
16172.684523
16253.158355
16884.263960
17446.804808
17734.696839
18084.189278
18791.963606
19126.534820
20105.581285
21194.543482
22343.671200
23475.209072
24684.355371
24738.617781
24772.667744
24482.503981
23621.682224
22506.683842
21651.959227
20677.613700
19468.933351
18664.831210
17756.708754
16510.857955
15927.114214
16302.392766
16907.796401
18475.499655
19259.692967
19121.133514
18272.646764
17642.042628
15774.053059
15056.449333
15323.124373
16489.705292
17521.357970
19324.913554
20905.597198
22208.117855
22231.214527
22189.437035
22323.249575
22730.985589
22554.041345
23736.884424
24346.916013
25223.104822
26494.336790
28244.577894
29014.172584
29753.921350
28521.717409
26729.866036
23937.156915
21384.949531
19946.352384
20598.668781
21052.641988
22663.583550
24659.301342
26548.536034
26273.279080
26724.901442
26311.326155
26454.159945
25580.099159
26379.239538
26971.254228
28540.221036
28512.573566
29297.090212
29831.768586
30162.536025
30684.819613
30154.010124
27843.096059
25683.543806
25058.235484
23598.150269
23640.706145
26094.453997
28249.742200
28394.009397
29261.667908
29685.903137
28973.956540
28809.716601
29520.655881
29951.235962
31275.107670
32385.382598
32954.609308
33258.172716
33126.128290
32070.736655
29717.186717
27623.720281
25796.234478
23114.641036
21464.434385
21001.817774
21176.510509
21241.443362
21844.961234
22303.730615
23812.344076
23454.291519
22929.902197
22792.769160
22132.597921
20106.174982
18737.720573
17493.771130
16038.078852
14422.248034
13215.890156
12175.700088
10972.669121
10135.233791
9661.915669
9357.779457
8871.136206
8538.739129
8166.076228
7797.032842
7654.461173
7726.070666
7783.028187
7912.484752
8071.317255
8198.628405
8331.038095
8270.660520
8359.263452
8417.461280
8538.772824
8706.992169
9174.876286
9273.826368
9496.929515
9629.721970
9617.123248
9219.877622
8970.363619
8995.966918
9345.310924
9954.540106
10770.147868
11625.550036
12002.519406
12373.504354
12388.373703
12099.724975
11939.813047
12240.637480
12085.250244
11777.832227
11918.663286
11896.818313
11540.770322
11370.530679
11328.084751
11214.763822
11267.979467
11581.576627
12261.222933
13024.641089
13762.804702
14242.263963
14293.333604
14116.630681
14434.350984
14495.109928
14473.597108
14722.828174
14567.465992
14141.257851
13848.196176
13807.734777
13752.125769
13754.706296
13931.603240
14182.390906
14269.680777
14408.477209
14617.697019
14664.583112
14672.874720
14720.009021
14572.903184
14395.847210
14231.683475
14127.479785
14293.249177
14564.178844
15099.356010
15623.605419
15918.531594
16197.594316
16102.167330
15906.002477
15654.005541
15516.166270
15445.752622
15624.913318
15119.605435
14569.371802
14276.960056
13601.623613
13556.380516
14021.158631
14272.711154
14103.416840
14291.131125
14090.641872
13856.234786
13832.541332
14150.426876
14099.271453
13853.794435
13901.069809
14280.144302
14155.075250
14201.786720
13975.948358
13683.849489
13044.043605
13190.427467
13542.248215
13856.018171
14122.022021
14446.303338
14320.925497
13997.179134
14129.109065
14163.279069
14127.194088
14130.723397
13911.655053
13881.555071
13887.666387
13922.101084
14187.719394
14413.916962
14479.857544
14652.428897
14716.231633
14488.698089
14737.970624
14880.913369
14764.990580
14861.204308
15122.936002
15319.199267
15670.595232
16293.393928
16627.828898
16847.483770
17045.988553
17103.449825
16815.032239
16874.790464
17017.202463
16301.017782
16028.092229
16541.688375
17193.923522
18049.017836
18691.498705
17290.363392
15949.706839
14299.444832
11526.819734
9565.458768
9749.372518
9035.356771
8566.595641
8680.448601
9182.264091
9929.945994
11179.368439
12415.851868
13480.399142
13607.984050
12699.789732
11634.091236
10278.007760
9739.216983
10256.286685
11267.390052
11870.267642
12196.831962
12221.811330
12547.723244
12121.117422
12209.046390
11893.807651
11489.805096
10959.174338
11187.251783
11709.376253
13300.193412
15198.873652
17021.082719
17285.443799
16423.846387
14827.357751
12901.630931
11136.898207
10060.133275
10226.318418
11283.642759
12078.116990
11807.334145
12318.921300
12489.664853
12099.447936
11882.071382
11675.300368
11176.745497
11218.682661
10931.131069
10335.142648
10363.673879
10352.310762
9595.644263
9880.869556
10186.490732
10436.235432
10517.066899
11033.354294
10802.674487
11366.986477
11546.238301
12209.257623
12641.833019
13109.021982
13056.361863
13263.572231
13651.569545
14005.300690
14258.921991
14392.738175
14199.068670
14130.679020
13323.002333
12717.764407
12807.635631
13170.432985
13100.028675
13818.403814
14112.626827
13923.977435
13333.859934
13125.005204
12894.610590
13335.668320
13126.659419
12730.001577
12416.468089
12321.265817
11762.904830
11814.633643
12868.197912
13481.973265
13603.133380
14162.005106
14512.817332
14555.617716
14280.463289
13726.478671
13031.654562
12241.291128
11486.603356
11247.578904
11307.946542
11590.924296
12067.924809
12291.040788
11835.566582
11814.268371
11299.928784
11833.180201
12193.438496
12722.164459
12878.052048
13451.269299
13440.891439
13524.347269
14223.057335
14828.687131
15442.793064
15237.642218
14612.988381
14229.409964
14278.617076
13536.704864
13745.757674
14142.163520
14257.253295
14210.723866
14768.750268
14718.809683
15160.165335
14953.132655
14414.162682
13949.304369
13754.893444
13437.268546
13737.734383
14498.581185
15450.086870
15924.013865
15988.440096
15858.052520
15589.467934
15124.960719
14729.576624
14882.925637
15053.854102
14819.350290
14441.798134
14535.731870
14799.908126
15248.163173
15392.708933
15748.871100
15727.593677
15691.706949
15529.928240
15766.365206
15621.378721
15751.034099
15316.260551
14723.194979
14239.532299
14329.101227
14511.197548
14905.546844
14885.914417
15248.815510
15568.263080
15256.933586
14894.284450
15147.856449
15333.441160
15237.553960
15632.513074
16276.673799
16903.695302
16905.581401
16892.443358
16773.076158
16037.991115
15611.234935
15701.301951
15545.608118
15794.493623
16590.055359
16730.591325
16664.249396
16801.062754
17097.153838
17149.261671
16624.398237
16304.633205
15358.263673
14120.323038
13644.718599
14348.579740
14267.362376
14772.655323
14858.330968
14824.074946
14546.797093
15406.127253
16295.196094
17493.403614
17915.295589
18113.594891
17998.299137
17785.257060
17149.712488
17096.699910
16708.011907
16452.625202
16058.727258
16142.047519
15638.409879
15146.074859
14502.527425
14922.167292
15760.897534
17511.207956
20071.064495
21655.156117
21358.502923
20305.206528
18944.969851
17531.384761
17233.115561
17917.767667
18983.794107
19597.341889
19827.148338
20228.025548
20266.534495
19900.559530
19679.259750
19485.015530
18608.272621
18022.552756
18113.872594
18555.539393
18528.478266
18926.711429
19340.212103
19858.306613
20933.262690
21468.416079
21150.244040
20852.001303
19915.188384
18346.191000
18358.909863
19120.755085
20552.905210
21110.798953
20471.897589
19463.246264
18892.041852
18572.623700
18146.256566
18360.965688
18908.763115
19345.828925
19198.358320
20432.229723
22634.520327
22651.583718
20971.958399
19272.607882
17710.796736
15224.919541
14578.907024
15773.139957
17239.612278
17831.657223
19172.111369
20834.734003
22412.710026
23905.301947
25425.457345
27407.147739
28957.430220
28887.080390
26817.066022
25409.882789
23056.195842
20063.400174
17765.167859
18202.808199
18958.642225
18646.221672
19176.672026
19457.914140
18655.961340
17937.338835
18693.775209
17636.217632
17052.415059
16072.016606
14603.907369
13957.970484
15136.876059
16884.785597
19287.595974
22248.275659
24650.412391
27441.858357
29929.277930
31847.565883
33445.324200
32360.218059
30253.959587
26885.653336
23711.670610
21572.396887
21015.799350
21320.529844
23342.185559
25934.156447
27638.192015
30174.931143
31259.825696
31345.461747
28032.581282
24787.685172
22308.246746
21947.566335
21937.326107
25163.426232
27709.446460
29984.120414
30973.076122
32130.883009
31331.442320
31816.518292
27785.209122
24250.394812
20656.337235
19175.064786
17082.004228
19637.838748
21947.050242
24074.210810
25862.823431
27158.747221
26596.339690
25869.389423
25425.938206
24445.559245
22343.762535
20866.650181
19241.724995
17116.936542
14823.031741
13597.721385
12689.521785
12028.918091
11288.832912
10971.261375
10935.820741
10754.389991
10713.802594
11370.585442
12048.277247
12065.246224
12694.291101
12941.300871
13028.821264
13269.894446
14043.472605
14226.876019
14972.772549
15595.852249
16192.691381
16650.299175
16830.687162
16844.063432
16709.866713
17051.271503
17182.518905
17781.840863
18203.971272
19092.768980
19203.724417
19552.758244
19855.406328
19746.741329
19390.762279
19716.772456
19748.114593
19444.281092
19316.625371
19316.883463
19080.911701
18560.199580
18800.870733
19137.998877
18863.117126
18800.870733
19233.974984
19116.453828
18965.066742
19076.145435
18905.437669
18901.744446
18903.650344
18971.632778
18913.866038
18853.029670
18574.164792
18394.907462
18047.508884
18124.661087
18173.479510
18357.406765
18502.246155
18641.120535
18434.130251
18421.538436
18388.414737
18354.365507
18277.230414
18292.155509
18170.480917
17961.424498
17825.378561
17765.237761
18118.991322
18430.908504
18630.879459
18939.831393
19688.803387
20125.325132
20340.606247
19935.928261
19133.561626
17539.084968
16040.206192
14624.753399
14271.954625
13642.656261
13811.151311
14167.467186
14499.640451
14273.904021
14489.342271
13998.609138
13109.531950
12146.698231
11665.887463
11240.911325
11209.179951
11328.706324
11672.139952
11897.485569
12025.371471
12518.079653
12916.478436
13215.426932
12313.586845
11819.075881
11344.176059
10695.570412
10325.119732
10818.588055
10973.273787
10794.865532
10831.039201
10319.284597
10300.221377
10318.363389
10637.701852
10477.588472
10615.815943
10827.107907
10511.920840
9985.887851
10089.797432
9855.818184
9489.339342
9824.120182
9894.885648
9777.425358
10341.634281
10549.433939
10687.524638
10231.440873
10203.791190
9839.051078
9577.789615
9170.484366
9592.937739
9694.787489
9353.749467
9162.032443
9347.245209
9509.254569
9179.187836
9683.613446
10146.547680
10288.989805
9704.516002
9707.257592
9284.160295
8745.947796
8417.425192
8711.140017
8889.908745
8982.030146
8751.915377
8707.062184
8428.043949
8321.040354
8517.460506
9036.217563
9184.354877
9679.705877
9943.855093
10147.028331
10180.550033
9922.468282
9932.921883
10083.969210
10329.798856
10647.964800
11133.082048
11112.056544
10891.878003
10608.598999
10531.751333
10471.943418
10538.209832
10585.097376
10770.062603
10523.821782
10135.390872
9929.072922
9986.238386
9758.464527
9651.924307
10011.475496
10099.214751
10027.466992
10028.566943
10796.260131
11171.348700
11404.641988
11948.905611
12267.281730
11978.669172
11738.109332
12060.136916
12153.813377
12442.080224
12252.224895
12301.399565
11755.721653
11537.883531
11239.920607
11413.295667
11743.678682
12497.506732
13028.988188
13056.395146
13227.618863
13430.551552
13279.441247
12814.323724
12797.498072
12785.433882
12152.186577
11962.208949
11804.139252
11555.172204
11162.061862
11526.433875
11603.180807
11724.486418
11769.556584
12448.770664
12623.811490
12218.694096
11922.245324
12063.138531
11580.050042
11330.508934
11285.748989
11130.552370
10880.631821
10954.188215
10550.982769
10540.173443
11126.428177
11529.676564
11724.196521
12346.541531
12896.758192
12794.155572
12915.883838
12901.149596
12436.365725
12151.133207
12451.212800
12864.843257
13046.692537
13300.676966
13914.015344
14212.690306
13722.646384
14199.343183
14497.711447
14408.289752
14267.612923
14406.239893
14054.766513
13828.459231
13626.336116
13385.315258
13588.026341
13750.980719
14209.558621
14239.233328
14217.806423
14115.508021
14123.891689
13851.083124
14002.565138
14226.453071
14241.186763
14036.421744
14204.712378
13950.901859
13737.881967
13739.942978
13819.272478
14055.702495
13849.402525
13706.373946
13507.972129
13464.214718
12780.036611
12973.736385
12716.526750
12933.297401
12893.805626
13117.287651
13405.390901
13750.726441
13456.990547
13044.468959
13157.525817
13213.073236
13153.146138
13520.048173
13789.757791
13501.879420
13103.404531
13455.320475
13193.155028
13142.730034
13391.862241
13658.544572
13390.187014
13466.452637
13958.009276
13781.006892
13591.242788
13900.686595
14055.729196
13706.759626
13943.410865
14252.656831
14007.424754
14054.397116
14016.866476
13268.687481
12405.238411
12204.801964
12261.929320
12469.017930
13294.559701
13277.334409
13166.568359
13074.940813
13079.073933
12756.993669
13654.598245
14567.058670
14686.515296
14379.019800
14747.789436
14624.079460
14362.062307
14502.738392
15073.388254
15493.621690
15834.125950
15778.839531
15742.618090
15345.708553
14857.391541
14490.563491
14343.600663
13904.788905
13703.719173
13714.489546
13742.024615
13908.400660
13873.769054
14146.010771
14028.989639
14048.060225
13994.597351
14512.517016
14612.886042
14382.880510
14257.035986
13977.481172
13847.586214
13887.235853
14247.814722
14038.500633
14158.104641
14028.359596
13833.935875
13215.745205
13313.565211
13305.135211
13518.238816
13859.151845
14473.140472
14526.277182
14522.188473
14643.497816
14708.324498
14537.748999
15013.310252
15043.248478
14525.110299
14052.604345
14414.835367
14052.606299
14274.164919
14512.707908
14780.481864
14695.272260
14786.899759
14200.702985
13819.056011
13384.189682
13103.015727
12910.816540
13128.346330
13499.364681
13771.343081
13948.355461
14099.526912
14871.127250
15086.434682
15456.786001
15656.962158
16343.087717
15731.889594
15567.391596
15466.889623
15275.139997
15021.425617
15038.860067
14452.334106
13814.756998
13183.648873
12727.235338
12689.244126
12490.527739
12472.169613
12691.225016
12556.927688
12297.018649
12879.139275
13295.180448
13710.878726
13877.257397
13840.919152
13777.019224
13716.272378
13631.155707
13622.682252
14025.366620
13705.820948
13147.377093
12983.073808
12761.494110
12520.735216
13019.639563
13916.468174
14206.424910
14743.668392
15219.243382
15150.701432
14149.338962
13559.237543
12970.401339
12157.752787
11829.577443
12392.298566
12465.292985
12258.007717
12535.147791
12106.399615
11721.948440
12164.891631
12576.755465
12711.259211
13178.108259
13305.479824
12821.565053
12565.496329
12410.582206
12348.101465
12547.162330
12904.905168
12792.316888
12587.481474
13146.241643
13721.195693
13752.920163
14388.312996
15046.823408
14987.537741
14573.231272
14714.278719
14605.240493
14257.637840
14021.218285
14198.923565
14162.910146
14090.340880
14258.446303
14363.119281
13844.469496
13736.176505
13703.799743
13464.682794
13398.898546
13781.395216
13785.850919
13717.624694
13932.821058
14063.131082
14309.616390
14471.850600
14292.647430
13870.863614
13177.944801
12410.722192
12316.889937
12699.995891
12885.600883
13166.946249
13576.962553
12963.130305
12387.063230
12607.074109
12754.330447
12714.197095
12806.182100
12842.673237
12449.597396
12210.797363
11847.456522
12007.840576
12110.275842
12325.527511
12510.998408
13104.987398
13678.434638
13921.638949
13975.035703
14383.904812
14448.866608
14224.990606
14534.380649
14751.566479
14176.129013
13772.267874
13559.636209
13214.230885
12568.173095
12572.546516
12933.810983
12857.277433
13159.945993
13712.003443
13997.980693
13287.157232
13218.478571
12660.297712
12474.830849
12437.964989
13117.533420
13529.250105
13872.685713
14090.315883
14256.615118
14078.732333
13857.037499
13893.505237
13773.516124
13458.167701
13082.001267
12555.613459
12282.384599
12640.554902
13296.813758
13654.862679
14053.512049
14332.764733
14131.926786
13855.402011
14089.688360
14488.394577
14722.520966
14492.169004
14330.206991
13884.993858
13426.350267
12827.504722
12950.858674
12776.095479
12429.172096
12422.890962
12881.296563
12448.417241
12318.246566
12935.055573
12694.472489
12899.149386
12781.025567
12673.256754
12428.403442
12937.878571
12447.717344
12858.795691
13033.779182
13209.517798
13021.758120
12881.211299
13103.057683
13122.125636
12875.390177
13194.638257
13244.184986
13186.742597
13777.116118
14369.027390
14149.269707
14025.489309
13684.583216
13286.101448
13183.463841
12970.246634
13044.681497
13705.827574
14187.614182
14300.262591
14647.777652
14971.716685
14914.034313
14729.089059
14371.156850
14151.770705
14002.625495
13678.434638
13725.482431
13963.819990
14560.633267
14868.100006
14908.240016
15125.500980
15175.773406
15043.942518
14990.150249
15211.843253
14936.769620
15133.693489
14971.331785
14741.039673
14620.004853
14278.801545
13881.450759
13774.871989
14028.741328
13653.322822
13665.893735
13358.828207
13143.341279
13034.488522
13322.497862
13520.706370
14173.289119
14379.864679
14237.088248
14264.981456
14168.939832
13859.491127
13882.809194
13976.599261
13921.381590
14217.553572
14464.387063
14379.064429
14530.158964
14945.768591
14760.636457
14764.499714
14831.031245
14809.104247
14187.258262
13809.784285
13784.747049
14238.746146
14490.208049
14889.132067
14995.577944
14786.492362
14349.386486
14247.296647
14091.581151
14323.584459
14491.054218
14578.716827
14171.951419
14252.855267
14513.041722
14243.569850
13824.036390
13712.661646
13348.381306
13254.397096
13622.667362
14560.496636
15270.609393
15657.926974
15897.785567
15811.507292
15656.036894
15715.442913
15724.006495
15670.624495
16055.420153
15763.464281
15328.723406
15765.570953
15865.724192
15660.736272
16033.700952
16484.185066
16010.232761
15607.855846
15023.861766
14442.246191
13943.195889
13909.319361
13885.863298
14222.549647
14092.333178
14363.202779
14154.191181
14205.396430
14213.468522
14120.050312
13573.983480
13966.439065
13815.042349
13257.151623
13197.375623
12971.077816
12216.669117
12570.568155
13061.403297
13622.588700
14592.232886
15681.169323
15167.508097
14789.216917
14164.488013
13331.375534
12446.913791
12290.629097
12721.711772
12924.232998
13691.628871
14542.453064
14764.143280
14410.402091
14734.720499
14534.462432
13862.851007
14073.884274
14123.943297
13755.139940
13755.139940
13670.168681
13484.454283
13500.835963
13637.696330
13385.898837
13415.956243
13426.361184
13589.764852
14107.571842
14129.190498
14114.014325
14348.827153
14217.036993
13647.866814
13464.257633
13615.607742
13394.308818
13413.032793
13363.904308
13702.880597
13883.973938
14110.315713
14191.234911
14244.727243
14261.773198
14265.966843
14351.404400
14545.872618
14620.425288
14577.930089
14341.054544
13942.358893
13758.322321
14105.594359
14159.024987
14645.265400
15219.124114
15358.958824
15220.188229
15190.308792
14764.180361
14457.215029
15030.044654
14855.495522
14716.520738
14872.027225
14635.424766
14062.875528
14391.370248
14220.737003
14188.476615
14508.208840
14326.414617
14364.434368
14714.620531
14533.451401
14313.786520
14426.715907
14294.047346
13987.537698
14115.111486
14569.122274
14744.927058
14881.457655
15552.996931
16143.155548
16603.505504
16664.521087
15957.045883
15670.849478
15479.311936
15189.440531
15404.663108
15863.561488
15846.396611
15758.485960
15675.571187
15295.251478
15122.192046
15222.332207
15089.919240
14825.866485
14928.999627
15275.642076
15269.754125
15280.133723
15297.292420
15085.964104
15094.600828
14845.777274
14709.079773
14583.646746
14968.130641
15337.389096
15334.422025
15142.939867
15262.263133
15023.736841
14580.238217
14401.463043
14333.349496
14279.811059
14140.332708
13905.507250
14169.809679
14427.625140
14303.944666
13879.852556
14246.460026
14606.482069
14617.349519
14465.764487
15358.812842
15241.504769
14817.201298
15124.440914
15644.420175
14958.155290
14489.578188
14922.114848
14954.157269
14900.812271
15243.931229
15525.405243
15058.833290
14939.224030
14813.383534
14915.668484
14960.906810
14970.951672
14647.028327
14291.298136
13966.770844
14293.043236
14431.531881
14823.934222
14760.007900
14764.223584
14534.157061
14291.189678
14127.180408
14561.530871
15048.909756
15138.461274
15330.523570
15180.922890
15140.846547
14966.993453
14881.684049
14856.248966
14681.628044
14395.732119
14337.304238
14403.194709
14383.797352
14697.100776
15219.642174
15389.227238
15402.086933
15406.076170
15561.437575
15691.720187
15899.015577
15412.503135
15024.197804
14657.981705
14338.373001
14052.003848
14318.469616
14764.052529
15518.675135
15601.436234
15355.205927
15746.866897
15873.224378
15286.284963
14945.430185
14995.711218
14454.277871
14285.999384
14405.154131
14132.006244
14090.733873
14322.826353
14207.864148
14124.432679
15055.907705
15411.744483
15493.209574
15853.288834
15971.979719
15736.052389
15656.499897
15673.949172
15732.838439
15901.606410
15784.808960
15629.373604
15648.635435
15478.324587
15343.448089
15586.912104
15363.161228
15316.349200
15186.244538
15023.869942
14640.966717
14937.168206
15199.552085
15233.694602
14786.122439
14451.182651
14307.148412
13750.659944
12708.212281
12576.228633
12590.915900
12005.230761
12041.679006
13210.012041
14113.836165
14527.304143
15257.226034
15219.109539
14913.719941
14092.972339
14112.567360
14150.043728
14689.294575
15134.556258
16253.713290
16821.210673
16884.017485
17252.641296
17602.381607
17286.526233
16671.333889
16915.350669
16516.424427
16115.641241
15832.198750
16067.048456
16065.115730
15819.580081
15841.309237
15776.793570
15250.197998
14761.149769
14716.338683
14370.928267
14356.252617
14859.386470
15120.644699
15716.989385
16378.730662
16757.847057
17030.812372
17057.594470
16194.644130
15390.774295
15331.283812
14981.284707
14686.824769
15226.081930
15477.920002
15138.817037
14806.367395
15151.012659
14846.475928
14292.135404
14076.422442
14247.419247
14425.295636
14586.822540
14772.597799
15329.013447
15407.558764
14709.404892
14952.402019
15302.025296
15210.335109
15219.168886
15365.087678
14943.279266
14883.400535
14815.019393
14164.571239
13809.636379
13769.139207
13799.017588
13760.828129
14602.743838
15696.185134
16463.308558
17077.456274
16653.277278
16079.688270
15479.801138
15773.927006
15582.302536
16044.561171
16074.571035
16085.086562
15541.663112
15438.785433
15174.914605
15302.722372
15449.647095
15297.637750
15297.637750
15199.547817
15310.589424
15349.775191
15352.379032
15130.522922
15601.486969
15936.286368
15860.847702
15914.290651
15618.320594
15536.902528
15419.596732
15564.112049
15167.141089
15438.128123
15301.884188
14625.833894
13883.890392
13695.865625
13022.535907
12340.173996
12619.433842
13006.671072
13345.731663
14454.078847
15270.686785
15645.474352
15913.246244
16495.423736
16252.672236
16143.212650
16106.881775
16084.672226
16001.440230
16591.774340
17054.706070
16933.394887
17145.420541
16723.920711
15826.491600
15159.172908
15048.478292
14933.496329
15123.242303
15285.313704
15653.811743
16210.439272
16586.647099
16616.763877
16925.621086
17038.470599
16484.595443
15997.123709
16033.323875
15854.764178
15534.608637
15548.993203
15628.900206
15244.976928
15125.631660
15053.715370
15028.100829
14950.427668
15596.638978
16474.338851
16672.529184
16665.803221
16530.750750
16270.365637
15969.956816
16404.753632
16937.880240
17315.996152
17497.861200
17119.891344
16382.435339
16199.432195
16065.420218
15881.684722
15911.918180
16423.672876
16574.914531
16501.626229
16650.818233
16561.168578
16648.967178
17008.824863
17278.793294
17229.494619
17942.154872
18024.383302
17285.314404
16492.537924
16345.368322
16034.125482
15642.350672
15397.201207
15856.742346
16166.619751
15911.053198
16360.758260
16959.898947
17440.816195
17773.898117
18484.054876
19059.394624
19800.972107
20259.204727
20672.520551
20223.272180
20141.748266
20173.498114
20357.886766
20116.972722
20247.395758
19797.481032
19586.614341
18819.177181
18217.247434
18219.653825
18471.304723
18710.102381
20071.036740
21371.665803
22418.319547
23328.271133
24364.346544
24682.614528
25563.020428
26443.472307
27048.915339
27265.946604
27404.710826
26012.503990
24127.564010
23368.786185
22249.431089
21563.534112
21759.792657
21979.857721
21706.619661
21844.997927
21330.828353
21150.009570
21882.975449
22840.584029
23874.398543
25180.484049
26506.895240
27451.908384
27809.449011
28321.090118
28874.766551
29354.835193
29307.706546
28738.521124
27730.024965
26419.405237
25434.496195
23694.915159
23102.155648
23505.181485
24347.351261
24857.139841
26786.614859
27096.160557
26057.521523
23970.510180
21518.863065
18607.519780
18304.510266
18110.511004
19730.989397
21941.557466
25215.677182
26154.075844
27497.134487
28467.637556
29699.487243
30179.147749
31775.897630
33332.141010
33108.422650
31746.176956
30381.799257
29358.507044
28098.597024
28456.213323
29967.606116
31381.015708
31958.744772
33361.379555
34551.185548
33945.742546
33542.825254
33830.624836
33630.230574
33904.132245
35372.970760
36769.325497
36074.344611
34697.176998
30668.122998
26379.168895
23240.379103
21921.184774
20100.945325
20976.713143
22170.426194
22816.437353
23769.610270
25455.810204
27157.994127
29176.446901
30681.549779
31689.886900
33060.660618
34264.984970
34437.664720
33032.783152
31393.308167
30474.575496
28362.854630
26750.747233
25947.453614
24962.730958
22856.404439
21478.418912
20033.264581
18732.303056
17118.626354
15626.731030
13617.157256
11864.597602
10231.744031
9240.829099
8426.429082
8192.354081
7844.775479
7735.611834
7618.933747
7688.937009
7603.174547
7479.919061
7609.327000
7746.527015
7839.887036
8127.949502
8290.449672
8393.133129
8337.354597
8312.135145
8271.606426
8402.190870
8672.397115
9254.664962
9559.623196
9463.479901
9610.599229
9416.990548
9318.999698
9442.246076
9915.267150
10147.592667
10466.934728
10648.422895
10938.098980
11667.653280
12484.998295
13217.844817
13849.050755
14043.173396
13827.358750
13539.784416
13469.519849
13322.347041
13799.910223
14651.088065
15305.164220
16032.298376
17206.570962
17816.409575
17737.502691
17781.874653
17432.761343
16982.102474
16716.136447
16444.307139
16471.889188
16851.150747
16742.969264
16792.194258
16981.935733
16766.350128
16632.280628
16756.414391
16540.881334
16662.468965
17026.685489
17197.234358
17229.170449
17467.973388
17808.572114
17831.798298
17685.455747
17821.426437
17906.529366
17505.667040
17479.887153
17418.298718
17143.067969
17015.136061
16688.825794
16281.348593
16174.829249
16138.802945
16413.914497
16635.664297
16516.082140
16542.932328
16428.897037
16237.178791
16240.901728
16461.002343
16341.413836
16138.667857
15968.204447
15819.530487
15704.353007
15557.209166
15580.974500
15384.591459
15710.586724
15874.960592
15893.836801
15966.690418
16021.873831
15758.551801
15495.950925
15577.288921
15521.857353
15276.491704
15093.217198
15363.429973
15210.125616
15391.105878
15608.952605
15824.048724
15651.842569
15736.634820
15446.387392
15476.932272
15098.308778
15146.975112
15089.496467
15100.126320
14721.089783
14499.052815
14232.725533
14241.240305
14258.200099
14305.062732
14646.009998
14841.996905
14656.924313
14567.281586
14422.200675
14259.000970
13887.851634
13924.099690
13758.006057
13975.709715
14241.087568
14661.157815
14944.720431
15304.834206
15407.081778
15114.764868
14856.627114
14581.414558
14381.158166
14381.158166
14661.359877
14601.964143
14851.045168
14145.430912
13444.101335
13211.746109
13178.046729
12137.732459
11713.405594
10930.794283
10005.007979
8484.667024
8071.451472
8183.950808
8633.372931
9169.153343
9987.366673
10241.369645
10606.597798
10324.870030
9595.106204
9093.475423
8889.575624
8430.636993
8644.246486
9130.788303
9609.384004
9732.043286
10169.808311
10095.257763
9612.023477
9833.626662
10001.322558
9714.224027
9809.987562
9870.996514
9226.657299
9337.738914
9182.506748
9210.245431
9446.844543
9478.057791
9197.019641
9868.986667
9860.278724
9701.479629
10157.322106
10756.346668
10924.661112
11495.978001
11952.504248
11638.578379
10858.424143
9722.662651
8780.001374
8493.559396
8730.251497
9086.307532
9804.138664
10396.757454
10266.152365
9869.194626
9592.301846
9625.657932
9617.421943
9790.345360
10089.531531
10862.740424
10848.527252
10901.843565
11091.932736
11764.962626
11364.793100
11330.422707
11525.152137
11713.106680
11288.570959
11324.649584
11233.466446
10991.964138
11147.035972
11309.021646
11405.138331
11641.352994
11931.386870
11448.450631
11453.029480
11548.795283
11580.583209
11663.485536
12131.956247
12238.401688
12652.299592
12652.299592
12462.515983
12209.411661
12352.422054
12252.220376
12556.837856
13049.556519
13174.556627
13104.600896
12774.307659
12878.742965
13046.813907
13521.350135
13583.368093
14014.075868
14233.769598
14012.319181
13827.660361
14247.958948
14339.719692
14203.016500
14047.758350
13988.829075
13485.629793
13351.364064
13024.986037
13336.348539
13403.389825
13357.088822
13043.276847
13079.606365
12555.263899
12256.149288
12565.006381
13108.950799
13279.479212
13699.349146
14151.111618
14268.197545
14174.269347
14396.045263
14812.306014
14832.969934
14434.210860
14218.447736
14173.972823
13677.276844
13589.577205
13836.647468
14320.822770
14736.772484
15075.725386
14893.486707
15232.382463
14885.023690
14238.991384
13923.406749
13948.773468
13394.567993
13515.761505
13872.136424
13959.020063
14726.902501
15470.449732
15193.378879
14660.629178
14669.119054
14428.526566
14385.704048
14285.853476
14560.691123
14501.189487
14461.321542
14024.122390
14207.655956
14341.909623
14633.843370
14784.656063
14682.479194
14307.120508
14454.138164
14922.930862
14772.669784
15286.093218
16201.033917
15900.572586
15529.604194
15752.866849
15996.262476
16283.781220
16354.467710
15872.881423
15443.708409
15471.810668
15418.040693
15680.325089
15867.516817
15874.386577
15458.546212
15256.076877
15584.715311
16189.905672
16470.170801
16385.103759
16118.685209
16102.124010
16421.938760
16254.002478
16054.587089
16049.890502
15947.501933
15226.989527
15280.986169
16183.128644
16472.809828
16306.799129
16220.803558
16457.719292
15865.381057
15745.588760
16197.474198
16643.272553
16304.613042
16409.178271
16769.171099
16341.076978
16368.858403
16671.717787
17144.754263
17609.710055
18038.139689
17556.354463
17353.184431
17132.006095
16438.807321
16240.745149
16393.601907
16312.602604
15417.199899
14846.224956
14410.928634
14070.029743
14145.254609
14383.782661
14304.906597
14626.693354
15808.215965
16226.639958
16814.754878
17724.600063
17980.500973
16778.439186
16098.926710
15623.361644
15459.029737
14766.023359
14847.346333
14849.455651
15145.807689
15597.708577
16380.233026
16380.233026
16965.513786
17419.506989
17763.313259
17445.782092
17965.090613
18107.944978
17845.025688
17493.610441
18175.769093
18892.045803
19283.556099
18960.915654
18206.209372
17415.324179
16603.359412
16392.256182
17206.404523
18001.808883
18449.488049
18698.695571
18782.553951
18163.849796
18113.424060
18063.754930
17850.935785
17351.157049
17662.452757
17204.481992
16935.423046
17089.254205
17768.902190
18002.815299
18853.432411
20384.310707
21582.393863
21718.314762
22089.246306
21692.872286
20416.095520
19665.050570
19573.059662
19221.881529
19799.356375
20571.159001
21012.647856
21070.872261
21908.705133
22059.694826
23136.626864
24157.779195
24643.132392
25197.130023
26050.171881
25024.535860
22984.279742
22009.755211
20389.595428
18935.675639
18788.604565
19616.272700
20573.242707
22250.846567
23468.184734
24668.764136
24747.641936
24658.099252
24363.958874
24787.686701
25426.805374
27221.968680
28454.049248
30014.348863
31114.379047
29831.423882
28289.760564
26625.380840
23969.465838
20809.726575
18693.148383
16142.989087
15212.345776
16103.485083
18041.809544
21501.626671
24831.561060
27612.752597
29027.922324
29119.592214
29337.039844
30061.864567
30940.017476
31924.927827
33525.939086
34272.081747
35655.645378
35716.280140
35976.363643
36144.779380
35769.576044
33885.029214
33625.727720
33310.139308
31875.333204
32574.499532
34382.221945
35084.707322
34515.504176
33515.671906
32434.829777
32046.836527
31802.207944
32256.291258
32953.791626
32733.822391
32846.810218
32516.455455
33364.900911
35466.922495
37063.669743
37434.609067
36247.011619
35407.067062
33933.965548
33479.884358
33315.732628
35017.678666
34772.917740
36006.850905
36556.865997
37185.758942
37403.206572
34915.350869
33361.370410
30845.667714
28673.323425
27443.521189
29738.172939
30688.560418
31846.513177
32283.183414
32138.914131
31265.111820
30282.081257
29305.918220
28016.361998
26173.903076
24266.145302
21816.422477
19486.320115
17141.859720
15562.654077
14820.622834
14251.876438
14339.202229
14680.467574
15110.770192
15166.353344
15328.533309
15443.303109
15568.926031
15506.299927
16107.019751
16747.315640
16798.675531
17073.999968
17665.033510
17922.991970
18151.542017
18413.793639
18794.896018
18696.566447
18372.639661
18652.070766
19065.822340
19251.097923
19753.166214
20063.531320
19564.924225
19679.868613
20159.942944
20513.295457
21136.017451
21867.161077
22067.406716
22323.249558
22304.267227
21869.618488
21607.235373
21426.301355
21012.696910
20506.213148
20672.535329
20623.314737
20546.599950
20504.260076
20820.523914
20475.041461
20762.067907
21144.498952
21022.626659
20543.865149
20580.077048
20313.592924
19962.107240
19639.543020
19531.264003
19177.118371
18755.640082
18356.904410
18222.112447
18335.043039
18216.255814
18285.712531
18256.651320
18103.038368
17985.589782
17840.712167
17352.168750
17311.784511
17459.326461
17327.105077
17506.290218
17898.680485
17990.324883
18361.275209
18583.094570
18768.459014
18864.131811
18954.534191
18732.175617
18800.884208
18932.928725
19027.331438
18786.634573
18440.940787
17886.855718
17125.576343
16732.949002
16290.159432
15627.225025
15422.118646
15401.214417
14976.801284
14288.078603
14051.676884
12817.947311
12041.753211
11655.921053
11734.621836
11574.479671
12070.122244
12072.647643
11676.278744
11569.447459
11938.352311
12138.856351
11750.672525
11863.837294
11759.284112
11652.675510
11636.112582
12069.335520
11939.582577
11823.006074
11282.082970
11229.873025
10905.479695
10843.749712
10568.408771
10850.116749
10411.189395
10436.465921
10594.785986
10525.847809
9929.351555
10134.373491
10295.901202
9496.384771
9309.287910
9152.776919
8582.615328
8167.349655
8627.878564
8880.846845
8667.870665
8651.461471
8802.747214
8715.387667
8939.098487
9474.298388
9587.088094
9501.410391
9588.730784
9755.482148
10482.578228
11017.981017
11037.022067
11026.547339
10825.957763
9968.286199
9625.710363
9740.813019
9901.158523
9713.557104
10129.477958
9750.299531
9880.645155
9488.940322
9034.502326
8573.548793
9328.632764
9183.158181
9311.391162
9897.149938
10294.073174
9617.191512
9271.234430
9495.483923
9399.055305
9405.902829
9642.001068
9889.497142
10230.589199
10426.953682
10221.799113
10506.298756
10681.292785
10608.429664
10346.289897
10574.503049
10783.634897
10704.863982
10615.304934
11171.384806
10866.109632
10436.242429
10414.857269
10148.121251
9856.246377
9828.491489
10124.993346
10406.553433
11131.590637
11478.958674
12012.496710
11905.254226
12164.973009
11630.615882
11157.303294
11005.663229
11073.158512
10748.702891
10707.950388
10979.242147
11156.327778
11292.130115
11579.580914
11829.283411
12033.613876
12449.041391
12449.041391
11942.045211
11897.091065
11978.044931
11298.182296
11357.261333
11687.248664
11467.394787
11243.859010
11282.261425
10889.001377
10953.455533
11057.409322
10874.270720
10756.567765
11179.152335
11322.422732
11235.031899
11145.104191
11829.418232
12339.553525
12428.955058
12872.324737
13366.957025
13494.832697
13231.956418
13329.503572
13677.072791
13818.008879
13391.313913
13280.516014
13095.287993
12882.001859
12530.376849
13041.876373
13012.621773
12767.520011
12308.708610
11865.616385
11683.787802
11768.325027
12068.808358
12590.947633
13187.943954
12876.504210
12924.544218
13204.376287
13022.751593
13086.544082
13312.815798
13369.108047
13473.735571
13351.775438
13433.065252
13143.133089
12646.234178
12182.635202
11948.167191
11750.329216
11733.393223
11687.324174
11516.501326
11587.221076
11346.605770
11423.705262
11846.364474
12416.837095
12709.490049
12826.698194
12984.362982
13017.865501
12796.227129
12647.147180
13128.675014
13348.415088
13503.385565
13275.002356
13366.572753
13349.791460
13042.740168
13030.209055
13556.674425
13593.086548
13379.715836
13767.644119
13897.153786
13590.346198
13466.412689
13763.087546
13673.574224
13295.074063
13220.073548
13676.645989
13536.095591
13516.631000
14024.697294
14461.676862
14312.769723
14197.464274
14071.795369
13851.966516
13741.170546
13613.628273
13570.811287
13886.276248
13746.023278
13573.438459
13499.047487
13289.681745
12814.298254
13151.059935
13277.102514
13690.773965
13963.517300
14048.505546
14023.408754
13850.975138
13814.811724
14065.953139
13614.286691
12803.156328
12431.686805
12040.460785
11699.015945
12391.701066
13106.342296
13565.269985
13281.312414
12957.384993
12386.279939
12103.729760
11750.223362
12346.755918
12598.665638
12726.531661
12648.663368
12924.052413
12667.665895
12881.416876
13264.963865
13398.870754
13034.168656
12885.157004
12753.376744
12531.181659
12428.723702
12900.100074
13147.187067
13040.475505
13507.343074
13841.873489
14176.837279
13793.027338
13735.976959
13475.100692
12734.838814
11863.361441
12176.359636
12435.216851
12485.983972
13004.541633
13413.710172
13722.775710
13767.482126
13791.041739
13968.680432
13868.408975
13546.682618
13382.418242
13173.458558
13186.103668
13405.600006
13846.857234
14315.668793
14352.122238
14302.048616
14696.224953
14534.485978
14323.100815
14178.128397
14351.890699
13982.854403
13786.952566
13784.887187
13882.809194
13531.331478
13475.891576
13493.397069
13597.771297
14020.040820
14113.847135
14092.477994
13902.651251
13510.585783
13052.150532
12973.117068
12766.380614
12699.787892
12593.128700
12819.120044
13340.008283
13723.584970
13913.127125
14252.442637
14392.860896
14129.658214
13831.237003
13771.563832
13681.876217
13189.413136
12813.046136
12838.570792
13171.187570
12879.208121
12712.346975
12646.544663
12916.524868
12933.578236
13582.053972
14453.920055
14579.054423
14048.365900
13961.160329
13967.267247
13295.806084
13216.791437
13308.310882
13029.018350
12476.743061
13122.751389
13244.162099
13462.029424
13630.288096
13934.987456
13793.934564
14168.561163
14170.628375
14072.547504
14076.464695
13937.983469
13844.040792
13818.617384
14206.497245
14705.717812
14880.570054
14784.141960
14945.691259
14820.114918
14464.277912
14722.237215
15188.620465
15544.308279
15544.308279
15273.948379
14779.007963
14480.219873
14245.637155
13987.741910
14207.233704
14623.077137
14744.274403
14471.431208
15074.859309
15443.334763
15253.688855
14576.312145
14693.652414
14192.505946
13616.889686
13589.330921
14185.204313
14217.205882
14485.328996
14958.476491
15237.881867
14943.601319
15158.734008
15141.927604
14610.812744
13973.408968
14174.087419
14210.704997
14174.087419
14751.777501
15078.095670
14914.693752
14742.116883
14529.058969
13800.022385
13697.544639
13873.051404
13779.468624
13860.330339
14425.906769
14237.998490
13838.669663
13454.843591
13572.064285
13384.422137
13525.283197
13849.350092
14520.977317
14499.306708
14561.151413
14955.793785
15022.600924
14444.670411
14048.265259
13737.158590
12986.745658
12825.586528
13397.061330
13656.957911
13808.407415
14145.306791
14321.032071
13909.563389
13452.911364
13438.195278
13559.912680
13371.615681
13595.328455
14448.146062
14525.104754
14572.240605
14839.637404
15001.740117
14105.758297
13825.037421
13743.696567
13334.064749
12717.818309
13197.585160
13879.930228
13662.383060
13515.830518
13794.915926
13618.096187
13010.166265
13149.467849
13515.192863
13464.006889
13293.769979
13227.049382
13184.600992
12940.205498
13153.056534
13543.313081
13669.646622
13438.717679
13721.352852
13192.827567
12450.232851
12075.574768
12177.399108
11558.701961
11353.877182
12176.690601
12518.211145
12944.624363
13417.294171
13918.287026
13444.701123
13429.996769
13287.216838
13391.410595
13464.058550
13819.710460
13856.474682
13499.988063
13519.134180
13548.883839
13519.134180
13642.662796
13727.758955
13535.847029
13676.425022
13606.057254
13686.837908
13853.137812
14018.484382
14003.403958
14259.161680
14238.023051
14212.191654
14438.228481
14416.706803
14369.847956
14425.704918
14930.350173
15030.729071
15310.355639
15450.684326
15516.960829
15129.052798
15258.303904
15054.024862
15060.382171
14885.426825
14610.559657
14376.676139
13982.038341
13436.551343
13043.778772
12653.873713
12141.433504
12518.977651
12919.850313
13288.646620
13936.875849
14032.686972
13874.804047
14077.289569
14096.551854
14124.230004
14302.224183
14470.643330
14344.570090
14325.508826
14265.804021
14408.183353
14028.811510
13551.134967
13369.869405
13060.659217
12870.205851
13294.866711
13226.564540
13281.737250
13305.395133
13215.747121
13102.765219
13590.650335
14121.437203
14899.797164
15219.535012
15100.004902
14985.171516
14577.985868
14015.239755
13881.282784
14147.794453
13998.335538
13672.440117
13789.594507
13722.691027
13464.471622
13726.838731
14117.102361
14121.275627
14683.500177
14589.993455
13939.810162
13807.551808
14005.723231
13690.470884
13886.235823
14574.677966
14764.375951
14722.054913
14458.398006
14575.703261
14696.976572
14300.615368
14177.095803
14214.679141
13803.345006
13398.207761
13750.114672
13837.251980
13973.159527
14568.109000
14851.514359
15094.553867
14792.276391
14913.304843
14339.797941
13742.703830
13685.337470
13613.149001
13257.502738
13832.930261
14909.792475
14697.996361
15039.502806
15363.420995
15258.869567
15020.317404
15355.290407
15535.984051
15320.952318
15320.952318
14990.335708
14668.680362
14446.987432
14827.317564
14819.177756
14808.083169
14978.848163
14980.695568
14980.695568
15394.382901
15539.531355
14978.849418
14917.080775
14837.476226
14692.576996
14645.559978
14796.927672
14730.415924
14751.674457
14747.572535
14900.847652
15244.217721
14847.564907
14578.121197
14469.434029
13893.857358
13590.885318
14081.470550
14309.071478
14392.323352
14795.297604
15206.719063
15385.763040
15237.358954
14864.306428
14687.237200
14224.445775
14032.775861
14072.636753
13998.043365
14283.382016
14786.713991
14948.837417
15714.265287
16330.037427
16850.628254
17175.825647
17400.277063
16944.536907
16540.065851
15906.516558
15493.513083
15346.438434
15488.765525
15548.065211
15316.045569
15332.817747
15463.112680
14831.729896
14319.922664
14458.334916
14307.142567
13840.314311
14135.012844
14900.366403
15407.513283
15708.502353
16049.625022
16028.351971
15322.563564
14570.110255
13898.570194
13901.044488
13597.786211
13527.456755
13894.124434
14603.886240
14369.497581
14185.559058
14545.810256
14328.397149
13823.244844
13530.419823
14016.273595
13937.283076
13864.757541
14026.550364
14414.689720
14343.619055
14539.771949
14814.609959
15285.843728
15445.731279
15519.065087
15367.735741
15378.546121
15018.066032
14932.670116
14807.320662
14992.671288
15076.251205
14871.148554
14705.361738
14742.390379
14593.236515
14239.419741
14595.500126
14951.531228
15043.765932
14585.276458
14331.226398
13894.424412
13401.982118
13104.998878
13166.803863
13680.701166
14098.579603
14507.870019
14591.341821
14998.753761
14597.755323
14199.211831
13425.057103
13320.811376
13207.516335
13840.937632
14324.722486
14576.482669
14683.072375
14925.797311
14868.800424
15103.375266
15714.970039
15909.335748
15911.565319
15762.191772
15194.745458
14881.741340
14934.207774
14590.798733
14211.502351
14051.699902
14141.280046
13967.164227
14091.243551
14444.801072
15020.508672
15585.575354
15803.399417
15856.072007
16024.932935
15909.543418
15417.063596
15195.026523
14952.433740
14692.428591
14913.822095
14852.065153
14519.907265
14754.369859
14611.311612
14151.138721
14146.724742
14504.143775
14939.376681
15555.551116
15889.972212
16201.263818
16510.843405
16231.319813
16267.489485
16133.380528
16095.229364
15831.380182
15590.711283
15042.860609
15064.219155
15134.233065
15334.733498
15525.111087
15465.252244
15546.200537
15032.245153
14829.620335
14452.261633
14626.746955
14311.503620
14441.615965
14560.717096
15125.556524
15434.904503
15445.508735
15283.742819
15156.431700
15132.622686
14876.646075
14665.471546
14929.996784
15019.890505
14527.261720
14291.028448
14861.699054
15019.892358
15383.560268
15848.127178
16581.758227
16470.832003
16597.243859
16590.819855
16731.303613
16315.951403
16360.702293
16265.200515
16231.537112
16364.319350
16470.424907
16351.022049
16241.838386
15924.231360
15775.470141
15787.756587
15487.720337
15097.358997
15053.773883
15055.330370
15396.935986
15874.263526
16091.222675
16436.709293
16694.847050
16240.614106
16342.831294
16423.779183
15865.661454
15627.005208
16102.446136
16202.310716
16511.407681
17414.855555
17512.152793
17314.457557
17487.411824
17523.518663
16803.722322
16275.883418
16015.023914
15812.777021
15585.058942
15622.389778
15803.685327
16200.536848
15906.205414
15773.808517
15841.214498
16194.705054
16744.472212
17271.245144
17737.761684
18317.385927
18837.036241
17789.097709
17144.679982
16801.484591
16072.138353
15237.899955
15638.851743
16029.117482
16899.017571
17908.623208
19175.387643
19857.423818
20667.366730
20173.216023
19251.074533
17771.121813
16568.450045
15521.989167
15273.095610
16021.423867
16594.500136
17338.557690
17310.999244
18010.318732
18512.034176
19509.819569
20463.028014
21899.630769
22792.718162
22170.301256
21483.347377
20336.446421
20027.455747
18948.064689
19772.304740
20886.940514
22763.608675
23758.922058
25396.173174
25024.435654
24482.403696
23729.674278
23725.997932
22401.840072
21826.699269
21306.690935
21091.029239
20929.686805
21637.101831
22003.019984
21876.891776
21297.385215
20227.693089
20101.078314
21431.121552
22791.829034
24626.824774
24888.630624
25405.260001
25647.882011
25652.024029
25472.338832
26749.871895
27305.643566
27452.334173
28273.173069
28936.173865
29447.814971
29375.333135
28721.197710
28164.487478
27435.398743
26942.801546
26915.000437
27412.851268
25634.898393
24458.124486
22882.894167
20475.436606
18301.460622
18228.248677
17770.847682
17211.831065
18022.345447
18722.257667
19888.829212
20871.839645
22086.761049
22809.266253
23486.958989
23597.943173
23560.897182
23531.378315
23431.272649
23422.910251
23263.022546
23171.104240
22917.498299
22683.162401
22415.538049
22304.342934
20972.004885
19623.197784
18575.780845
17520.138655
15936.128756
14989.472952
14151.859853
12487.023188
10916.589374
9509.759938
8864.416268
8160.657199
7788.149222
7393.222659
7350.611791
7198.810565
7346.133809
7386.635779
7528.426850
7722.459457
7959.493537
8025.630146
8212.948032
8330.669182
8278.872736
8178.776328
8093.652735
8325.650644
8403.317554
8460.687411
8731.151467
8870.478791
8667.748796
8606.575345
8856.831161
8802.840178
8735.071104
8802.840178
8830.861921
8823.741200
9152.371071
9533.917364
9885.281941
9956.334683
9935.697314
9852.000714
9830.533074
9880.433898
10293.771111
10728.988764
11110.325187
11428.441128
11677.586446
11867.921003
12002.052293
11863.470100
11971.918046
11814.535027
11689.203531
11526.775667
11603.382003
11533.352580
11795.550191
12138.481577
12639.560724
13076.570832
13347.306991
13507.004716
13457.261228
13367.276518
13205.707256
13241.843605
13610.425252
14158.149594
14599.406690
15085.560694
15426.896646
15285.908751
15223.346535
14843.830262
14526.177054
14419.260863
14103.991021
13846.831198
14068.614063
14121.740196
14369.304476
14987.649218
15062.920679
14966.813678
15116.031232
14966.813678
14764.233133
14622.053683
14577.442156
14551.783360
14430.300266
14223.119651
14457.616136
14585.586861
14440.682089
14413.310391
14418.912795
14431.551034
14248.319196
14288.817650
14310.186868
14291.282691
14447.811519
14690.990288
14778.294460
14912.977332
15100.039069
15049.776399
14998.977892
15105.448998
15175.773406
15274.104193
15292.356767
14981.179270
14742.523208
14728.162070
14706.483021
14650.080849
15114.944170
15509.343036
15464.565021
15459.651898
15489.484560
15431.247702
15229.311501
15157.188997
15116.261131
15151.792603
14957.728375
15030.252081
15203.037503
15505.480058
15572.630854
15747.103131
15817.995480
15713.652269
15909.429234
15621.005645
15096.199460
13105.208156
11794.611179
10949.955089
10983.280069
11420.212765
12022.063719
12313.386285
12179.934892
11972.077777
11780.707964
12181.407427
11687.088603
11034.162249
9889.222294
8880.537724
8579.853126
9317.312641
9328.126724
9452.849859
9642.439407
9333.927635
8715.870093
8309.039292
8473.381182
8459.321698
8974.526359
9740.182274
10551.384356
10802.770749
10830.710228
10461.631853
9795.098474
9495.887088
8918.844850
8678.033167
8613.807513
8232.486008
7654.785601
7845.031139
7567.669806
7474.183151
7691.530890
7970.827081
8056.348862
8489.451733
8589.902180
9002.953882
9233.200135
9196.187858
8603.095656
8560.317935
8566.956533
8780.054987
9129.424852
9841.203084
10429.307341
10380.742886
10045.753695
9784.459250
9878.773327
9709.762221
9577.782344
9629.148973
9735.395956
9743.901162
9196.471827
9164.271642
9226.078242
9388.481615
9489.285049
10105.083979
10333.142918
10346.267710
10411.212553
10330.353642
10396.544165
10903.544663
11003.773058
11150.073475
10969.169954
10905.061627
10406.254182
10763.489058
10406.529556
10327.838731
10340.705466
10368.325217
10428.116781
10881.568086
11265.666013
11613.306094
12338.215680
12321.066006
12226.666843
12531.380352
12194.483425
11268.931516
11073.590924
10922.745921
10566.896829
10890.862441
11649.579361
11943.765537
12040.661920
11939.681180
11274.479374
10840.002230
10929.851746
10986.135956
11341.885574
11945.051805
12256.580694
11883.109183
11776.514909
11701.934921
12083.537427
11981.289622
12525.147775
13024.683106
13204.194348
12847.992742
12901.093111
12941.465616
12813.814770
12927.262049
13438.491566
12959.012808
12302.071937
11880.232325
11487.447493
10999.601280
11630.794412
11750.240311
12057.282756
12225.880989
12543.416936
12406.847414
12826.954281
12990.072473
13245.889738
13363.238556
13286.615798
13260.772615
13505.437120
13151.404114
13270.791662
13586.685137
13518.243226
12973.987628
13562.604788
13622.761125
13294.594544
13347.678432
13673.944274
13776.409249
13597.044681
13850.849414
13991.444489
13836.618365
13499.742002
13371.847993
13167.079290
12869.006705
12808.044567
12682.830053
12435.583995
12729.267984
12946.488531
12838.081341
12684.483853
13040.470378
13215.712580
13618.212891
13998.594172
14152.173334
14282.506116
14075.653129
13452.838261
13561.650461
13783.755144
14327.369783
14641.041798
14757.781708
14515.314244
14402.559818
13671.576424
13500.731145
13963.941685
14200.238329
14272.775362
14055.121075
13818.722109
13421.989625
13505.729106
13550.611927
13433.213058
13618.545362
13810.628605
13534.798390
13587.963751
13696.159005
13529.840932
13444.980766
13748.338929
13441.175917
13471.250958
13615.964706
13435.314348
13384.627876
13913.128677
13898.302148
13838.932654
14211.852937
14584.219575
14709.770767
15146.598851
15325.855170
15511.212362
15161.959906
14682.713996
14173.175748
14249.599811
14062.200079
13677.417577
13880.183087
14625.817773
14717.630708
14851.918198
15297.483088
15210.049457
14834.523699
14710.992594
14717.407101
14751.006198
15109.206066
15499.592198
15580.334137
15106.786525
14730.282836
14427.874362
14144.491116
14295.559254
14873.218098
15166.339189
15368.880056
15829.622345
15841.886410
15605.410516
15659.453022
15527.231511
14792.431554
14766.132720
14917.766079
15114.687695
14570.837776
14696.416859
14426.222031
14210.804187
14168.801182
14923.247828
14695.244155
14637.723720
14490.496000
14103.808549
13764.890042
14208.301160
14331.760303
14807.381074
15601.556658
15847.123145
16055.602619
16403.367251
16247.840016
15762.693691
15532.330058
15398.197467
15033.321925
14963.080093
15059.936072
15244.724549
15063.937343
15257.646687
15436.835250
15416.050819
15744.373031
15605.628550
14995.758960
14722.865418
14869.427538
14323.388070
14314.979882
14807.587708
15129.473798
14474.812788
14368.751356
14462.019294
14238.458119
13886.576558
14238.014889
14527.655943
14702.365382
15018.232446
15007.364957
14949.018899
15462.969573
15313.288152
15347.831435
15675.741564
15960.069909
15623.355253
15648.864089
15320.801547
14981.418124
14906.200489
14925.467257
15077.291978
15343.220519
15695.587049
15352.435963
14866.276084
14836.452359
15077.541308
14751.145709
14845.691409
15064.822415
14638.541519
14444.408874
14651.532412
14536.086970
14355.292902
14632.027998
14295.117657
14259.036112
14528.760609
15241.019917
15841.908515
16074.425587
16036.277275
16432.940573
16360.717563
16126.649252
15865.982796
15811.145958
15380.062667
15117.555118
14881.241644
15560.856967
15776.401738
15680.157235
15419.820442
15569.013646
15326.223214
15419.820442
15637.425343
15923.482939
15526.383853
15500.878366
15740.084269
15919.297664
15966.621701
16021.807099
15761.888541
15359.012687
14990.959080
15180.641804
15389.784271
15656.319094
16025.104578
16511.710079
16173.306523
16061.980320
16113.621700
15576.478327
15312.682243
15355.507214
15389.676949
15321.245746
15636.962654
15670.346623
15710.527605
16065.051248
16352.234231
16789.540862
17103.425797
16994.560571
16869.300751
16585.134510
15745.210143
15715.680352
16180.419574
16067.833880
16039.628115
16396.018228
15810.878148
15211.288346
15300.871660
15262.383219
14874.300270
15349.171820
15691.031958
15221.183808
14826.949079
15321.405113
15480.303659
16075.258382
16857.797513
16981.610552
17013.066816
17393.737674
17214.720543
17862.545142
18256.784147
18059.473148
17486.078647
16949.387302
16290.113689
16729.962106
16929.285261
16555.126908
16612.861356
15998.604342
15020.336595
14589.828614
14620.986150
14691.553085
15269.523282
16247.802828
16863.956128
17635.621759
18206.235080
18142.793380
17665.056694
17281.501538
16311.434640
15705.901215
15484.273088
15639.661388
15212.850446
15585.611616
15935.244424
16935.085138
17350.924275
17344.400427
17021.820055
16880.042465
16278.319359
16636.124719
18311.937688
19759.056128
21200.107072
22212.728840
22969.531938
23517.749188
23847.768689
23651.753712
23687.879964
23206.084818
21248.937946
19915.058075
18603.785311
17257.134454
16079.720368
16717.030753
17129.070231
16764.677219
16717.321712
17662.387142
18365.374107
19122.468778
18947.887821
18205.944832
16929.130466
16074.044128
15686.626829
17558.532745
19812.221022
21042.701282
21182.841879
21013.303972
20980.032636
20353.297839
20077.483847
20491.263220
19772.303867
17715.434327
16391.254049
15548.704406
15237.631985
16837.394655
19580.618131
21966.275062
24445.605657
25420.084042
25185.909314
24537.828385
24680.976909
24736.205404
25648.149347
26526.671508
27737.550746
27064.187332
25027.698937
23047.261120
22389.101408
21602.593970
22455.563473
24501.964585
26555.559723
28069.447574
26794.607759
24061.409768
21271.430432
18659.471621
16123.275655
16860.750186
19587.478544
21512.998753
23678.557746
25603.846880
26294.916821
24960.662594
24033.339417
22930.480081
21314.791495
20568.896125
21674.943722
22357.145065
21839.217652
20701.355276
19239.395381
17393.184338
16480.305906
17258.681620
18703.644409
20191.355971
21116.595538
22317.006441
23144.648216
23171.101638
24049.990772
25164.714653
24015.548484
22704.594103
21964.538943
19444.357655
17419.323629
17649.012721
16890.549377
16677.580815
17174.529933
16736.707762
16142.351575
15726.546916
14708.196364
13429.395858
12520.913452
11263.361932
10246.501245
9385.281213
8881.140092
8470.822744
8331.623994
8349.044620
8277.705982
8124.296150
7862.178543
7635.988268
7504.332901
7595.207077
7894.151633
8388.924731
8776.968882
9214.083180
9711.356776
10020.805277
10101.797893
10400.379753
10891.955207
10753.256408
10667.093838
10805.303219
10585.833986
9941.988951
10043.103949
10078.819988
10057.656108
10090.997681
10309.333378
10436.524157
10675.284970
10737.949714
11276.675963
11758.456793
12349.859662
12902.129226
13271.028435
13179.365401
13339.608265
13339.608265
13206.931739
13407.703989
13927.822073
14503.370947
14880.288735
15353.004653
16054.798131
16448.851620
16385.025101
16414.105144
16449.973979
15996.329381
15825.761071
15541.987988
15596.721830
15741.313692
16105.881432
16142.413000
16662.696152
16695.518937
16710.950622
16764.477890
16814.976238
16959.867967
17133.866995
17007.883259
16758.336925
16769.167687
16662.831395
17093.019443
17154.934490
17447.008077
17373.201907
17338.384750
17089.637146
17326.888287
17198.014892
17117.438190
16742.724836
16466.296958
16404.268893
16361.062084
16468.616951
16651.208845
16495.107793
16264.955901
16443.865856
16584.703823
16510.186485
16811.017607
16981.704934
16619.386410
16625.200776
16712.922214
16524.650566
16624.776001
16712.560107
16793.226768
16904.169345
16695.047349
16172.967412
15620.739903
14859.566038
14298.937900
14641.907498
14684.251689
13789.318481
13279.831798
12946.903736
12109.391026
11439.753950
11906.139402
11818.836909
11462.670319
10290.096275
9662.571343
9749.158721
9652.784821
9812.874740
10805.227940
11255.268327
10668.949306
10496.611092
9959.166781
9534.656120
9359.870509
9992.811207
10426.585531
10956.670718
11048.594088
11076.771836
10986.860341
10778.153505
10340.908089
9906.111419
9708.120072
9446.230287
9045.362194
8519.998404
8729.888902
8889.635171
8871.894905
9085.785505
9631.174714
9409.939304
9070.575126
9083.652974
8861.779263
8329.405423
8456.171109
8780.163613
9151.872851
9413.597608
9889.318238
10114.788570
10055.356944
9556.514060
8841.788951
8724.778383
9009.689276
9179.720319
9337.686481
9938.518531
10011.164133
9731.109672
9521.903193
9287.801209
9270.640520
9251.247446
9414.077733
9521.319028
9864.106211
10284.305021
10275.632216
9863.802882
9889.462129
10066.447706
9386.232649
9205.129470
9251.076989
9182.680912
8773.586445
9024.873240
9353.608077
9641.858636
9716.418132
9524.452033
9471.295758
9500.909782
9530.949190
9266.320920
9662.275117
9952.760840
9884.631860
9903.387781
10346.307854
10445.111918
10753.963120
11171.375788
11102.599021
11107.022890
11298.736312
10942.610955
10814.686447
10911.066844
10819.233325
10936.290214
11122.162673
11085.853001
11198.604547
11621.076270
11848.591478
11814.688916
11523.253280
11348.902828
11208.755309
10762.946981
10842.185244
11513.884442
12109.642123
12124.559621
12354.614078
12358.859433
11836.445005
11537.299229
11313.560557
10889.236929
11189.962346
11635.077626
11678.792932
12095.162677
12186.984219
11994.624403
12069.287735
11988.240710
11781.128450
12094.740774
12034.990812
11744.944849
11824.185622
11819.550573
12007.937223
12327.008168
12363.312765
12457.374248
12660.354172
12547.366037
12455.829005
12549.211691
12591.197523
12405.808955
12015.247914
12002.715752
12290.386179
12069.034009
12086.497713
12358.999009
12563.752957
12135.153221
12120.356741
12033.076883
12090.431687
11932.790014
12218.579522
12599.252028
13117.179398
13443.863089
13392.685475
13390.889865
13482.990134
13190.713728
12971.230943
13438.062949
14139.926534
14495.180473
14688.891215
14857.427442
14763.917413
14388.396533
13867.694581
13654.666006
13537.273882
13347.625559
13631.208554
13750.404423
13761.225215
13613.957435
13777.909154
13340.838853
12968.937161
12851.638866
12787.685102
12647.108929
12744.753197
13188.275003
13902.201252
14168.960258
13894.006146
13640.109603
13401.907662
12934.787583
12708.999528
13099.611532
13216.541394
13314.395997
13024.677239
13114.449547
13092.963404
13131.373250
13051.796817
13299.300402
13567.807715
13335.290590
13488.817158
13628.927018
13908.259217
13850.775743
13810.213787
13720.912819
13950.520513
13856.907433
13615.820448
13777.827235
13571.168849
13106.693447
12898.220536
12722.900052
12627.580480
12829.403117
13216.791437
13282.533348
13675.245541
13619.353653
13350.901223
13171.111796
13473.925200
13245.797830
13232.720393
13546.512057
13305.774791
12988.165146
13303.993796
13288.926091
12980.054318
13452.162554
13993.925271
13985.244893
14100.375533
14477.619718
14383.486292
14157.649346
13833.772754
13784.661301
13773.589016
13966.325996
13791.593602
14008.467918
14006.653072
13704.044899
13170.910456
12689.281340
12403.452816
12346.057040
12456.554991
12904.107144
13136.576108
13189.716662
13522.018316
13795.000885
13811.945667
13895.027267
13598.635022
13230.226670
13102.386598
13045.700255
13009.408884
13452.606712
13923.757930
14177.506743
14361.742477
14365.725267
14314.676399
14187.017983
13800.809130
13602.536939
13484.972785
13576.821035
13552.983654
13602.535662
13637.844659
14090.064579
14477.734268
14579.784296
14579.784296
14414.897297
14489.608981
14267.909125
14131.053079
14465.956991
14439.148742
14168.406613
14059.728728
14081.153263
13884.710881
13646.483051
13315.618802
12946.676066
12676.088709
12358.875092
12547.105177
12761.870910
12885.655517
12870.562497
13184.245908
13366.168516
13675.532294
14240.234009
14359.661190
14195.542323
14222.662699
14062.887718
13941.193327
14348.670897
14416.567975
14360.079187
14263.994416
14075.930162
13902.994088
13745.362718
13807.691539
13918.757097
14121.101236
14276.775879
14756.569394
14967.481739
14978.504393
14524.334968
14081.093359
13846.298490
13452.827016
13401.984846
13581.200662
14090.690545
14163.260000
14322.005738
14417.754106
14788.552380
14841.946726
14985.100289
15219.280217
15084.880189
14554.084560
14065.515805
13876.153908
13827.654906
13749.294396
14092.275297
14392.730995
14160.359950
13905.528550
14284.956891
14231.620069
14216.869987
14819.961846
14547.841956
14179.285144
14055.474035
13957.634293
13716.705914
14388.134820
14995.566156
15142.612045
14970.077205
14865.327163
14620.736166
14477.926259
14714.820546
14808.240532
14559.048013
14413.162628
14060.902510
13971.360145
14084.199256
14222.815042
13966.007187
13675.989816
13437.220209
13227.578300
13153.251187
13576.113456
13605.756060
13396.857805
13170.880742
12974.037408
12550.523294
12829.137213
12865.481469
13219.308465
13117.127995
12991.626699
13139.268557
13602.048147
13603.444991
13940.590338
14092.964685
13528.303502
13044.101801
12494.472395
12200.100999
12619.814217
12810.056332
12597.435369
12884.800767
13462.867124
13496.012135
13549.135664
13858.499329
14110.245174
13920.162060
13807.227364
14097.005463
14154.813135
13826.291610
13818.089156
13771.833833
14008.188635
13963.799561
13795.080692
13253.904660
12804.695836
12175.733052
12000.858691
12077.177042
12870.125093
13426.324051
13952.986474
14053.379737
14439.388421
13835.824685
13570.394608
13205.961460
13046.003736
13037.239362
13361.281730
13468.154635
13675.070395
14363.431262
14403.792548
14252.580334
14361.378558
14342.093270
13730.210494
13994.551865
14744.965567
14730.086120
15105.563172
15830.535640
15700.590715
15348.754147
15279.847507
15207.094939
14957.661981
14857.542194
14546.221966
14772.406342
14552.417332
14605.733357
14819.252456
15218.274072
15255.059438
15148.423349
15127.240967
15118.591466
15053.296016
15441.922872
15300.830072
14846.893834
14426.972359
14055.613451
13156.909337
13280.445898
13280.445898
12269.654061
11651.835193
11298.600401
10979.279854
11388.289784
12774.565210
13166.796247
13901.018736
14293.011162
14344.133112
14195.278726
14527.449007
14546.346500
14020.104981
13301.343056
12853.624329
12683.588255
12614.481148
12505.758320
12700.998241
12874.582268
13226.230413
13520.757674
14047.658365
14216.050358
14693.474866
14897.979642
14814.318482
14995.609692
15291.763270
14957.330056
14686.628430
14573.428596
14458.386962
14164.105896
14565.148546
14456.298159
14261.812080
14244.784650
14240.561180
13289.534416
12944.529330
12852.556800
13009.877748
13033.620724
13865.067679
14546.946995
14789.431991
14729.881921
15194.445253
15262.614290
15092.774992
15200.989919
15007.137291
14683.127448
14597.806333
14548.600581
14383.548323
14242.840805
14157.715104
13878.660042
13786.765146
13387.125544
13464.134666
13481.507284
13297.449218
13184.789438
13257.912917
13147.169457
13196.620236
13567.432605
13552.122654
13180.100135
12949.878460
13209.974711
13853.540662
14384.264037
15476.099541
16385.734223
16887.290245
16558.785104
16378.093316
16335.867164
16065.326411
15521.601505
15387.123090
15434.652111
15369.356846
15509.903771
15222.153668
14731.392144
14444.173182
13921.551398
13823.631560
13976.745748
14372.865788
14571.980280
14747.320678
14847.357962
14930.395858
15054.218085
14888.198618
15013.398676
14793.728824
14401.542102
14282.308416
14661.652801
15157.465956
15515.364618
15969.603384
16259.915964
16187.122296
16059.457085
15916.355737
16202.045903
15886.732641
15620.398871
15141.661785
14975.287094
14864.295796
14585.136260
14416.486000
13839.698481
13822.558381
13423.795135
14172.185064
14619.963466
15280.323039
15500.043510
15715.306154
15346.713100
15158.895567
15199.014843
15253.980017
14934.427199
14746.673652
14593.112264
14431.918195
14238.297997
14464.280221
14585.764126
14572.992842
14474.461933
14434.258061
14303.974812
14067.503770
13666.124012
13714.916737
13156.397412
12556.923227
12075.576127
12105.207791
12209.567817
12642.200188
13301.218816
13463.550245
13766.056329
13939.610169
13735.608079
13602.781244
14052.672735
14127.497455
13748.946013
13879.103777
14013.306555
14015.687924
13970.814121
14102.737788
14095.988171
14072.711241
14249.418651
14370.937538
14151.614806
14034.302783
13806.166001
13831.834935
14183.533210
14599.481463
15145.388069
15592.603048
15552.831891
15166.550336
14999.431228
14694.655163
14653.742869
14483.549074
14568.685546
14533.504907
14505.321059
14808.109724
14913.051221
14642.068618
14796.640352
14992.766282
14384.903988
14359.706177
14975.886431
15134.395536
15209.355311
15675.828653
16183.470470
16480.083002
16743.247755
17092.786838
16840.962905
16579.316018
16050.307763
15904.066425
15588.582202
15853.194226
15855.370205
15855.370205
15457.838046
15285.325601
14775.455361
14585.896523
14319.489100
14283.605447
14324.138069
14439.681296
14174.905421
14053.650215
14110.440109
13926.853869
13632.364002
13711.334048
13958.591609
14330.713138
14629.676954
15106.619935
15354.505738
15552.788784
15464.816125
15134.094699
15078.701246
15247.329103
15189.647189
15379.877513
15996.157764
16603.396311
16567.382387
17275.298084
17756.521534
17717.389284
17231.337779
17556.009260
17175.611672
16620.020193
16014.231935
15952.490216
15115.072335
14396.251630
14028.651624
13610.577619
12896.592864
12888.042356
13103.337423
12902.287335
13616.594894
14535.423242
14876.602219
15145.250952
15525.699113
15892.403739
15587.538781
15382.977114
14619.939506
14429.530020
13779.153607
13849.722407
14008.983819
14077.483409
13807.930788
14110.944061
14046.935171
14081.184597
14211.124815
14282.052039
14124.083517
14030.539098
13825.787353
14055.648929
14603.742750
14802.058658
14891.266491
14601.987215
14970.476227
14642.289335
14290.723595
14286.261299
14763.989950
14832.235060
15509.501003
15099.948383
14846.546984
14819.029286
14194.446950
13374.020713
14022.410648
14395.685519
14519.282114
14969.216773
15199.213584
15094.526406
14992.237676
14941.165823
15226.766305
15598.968225
15865.548832
16293.886621
16662.886586
16539.644690
16704.377853
16489.369708
15938.986769
15510.153043
15604.132714
16076.727620
16547.846973
16840.467193
17193.665943
16801.491958
15887.670671
15453.058610
15440.552826
14758.282695
14867.773112
15003.360054
15142.076259
14947.971004
15333.566581
15668.487242
15609.940158
15692.555923
15970.120938
16200.696516
15918.932347
15887.455290
15380.230609
15280.132549
15064.768090
15086.024714
14833.243990
15191.022859
15675.476866
15843.003297
15773.357880
16172.888691
16176.483231
15787.003766
15541.729302
15413.420071
14819.864929
14683.292355
14325.172352
14086.310633
14403.986035
15063.020665
15529.864300
16101.542605
16731.672734
16228.642263
15892.272422
15493.736873
14849.728933
14545.118580
15131.137955
15534.744471
16210.524697
16980.706795
17228.111749
16811.358781
16253.244745
15808.110817
15513.646537
15338.487888
15564.798490
16304.869963
16162.243460
16153.656524
15940.215551
15977.174527
15637.797565
15671.768548
15490.794301
15064.586834
14910.947328
14779.237491
14679.132814
14421.380556
14668.571694
14815.292491
14871.828120
15019.173277
15276.689572
15263.669011
15125.552784
15186.354175
14945.307693
14909.582641
15303.651654
15442.380959
15161.855142
15671.120808
16136.003465
16311.178334
16076.590004
16281.271237
16379.659036
16049.484843
15767.258243
15906.313419
16167.184519
16429.991167
16617.253607
16274.538765
16566.899980
16392.535367
15947.279690
15680.423823
16194.520834
16151.508883
16446.834106
16143.339990
16297.261727
15860.289597
15285.024131
14962.735397
14941.496676
14939.534377
15544.685977
16402.403838
16698.965970
16894.522070
17114.831568
17193.431283
17338.243215
17697.851813
18484.250316
18862.513899
18800.527596
19123.701272
19203.644515
19177.286415
19417.244237
19919.806133
20169.570516
20141.764950
19605.031959
19491.837091
19402.049656
18848.023178
18703.646895
19040.979483
19355.801642
20191.414509
20545.766101
21212.123674
21530.285589
21174.452169
20990.702664
20730.844754
20325.222254
19696.604043
19315.230555
18350.931792
18227.707524
18957.325040
20417.151449
21867.187838
22935.206382
22877.755838
21096.255808
19479.993675
17614.879981
15824.125396
15171.769453
15752.886566
16296.778421
17424.378503
18944.797894
19479.698034
18930.011894
18072.678398
16953.472702
16068.873008
16077.484575
16554.629279
17629.310206
17970.376612
18520.133310
18863.284671
20063.426349
20169.716584
20293.841708
19826.852418
19939.936540
19728.806760
18504.731080
17630.967267
16880.519273
16571.792785
16297.288401
18015.841752
18736.660891
20141.637416
21381.994836
21870.736032
22662.605140
24523.133682
26412.122347
27097.965156
28798.251760
28766.273792
29393.034732
29627.536286
28736.630054
28081.993283
28564.048022
28566.095593
26435.816330
25884.069169
25120.614250
24573.029844
23607.307548
24845.905384
25304.340951
25716.146086
26470.816937
27728.955466
28233.847750
29523.558320
29979.284255
29885.615194
29312.148613
29054.196409
28651.279247
28412.923515
28007.729118
28016.451203
27364.057223
27103.971600
26899.069685
25024.813574
23914.594906
23196.350284
21710.159892
20445.245385
20737.238837
20187.657256
19762.613156
20146.768487
19716.257929
19050.644781
18484.062298
17809.799563
16503.349451
15270.039144
13745.641877
11920.319518
10221.764107
8929.747762
8009.756237
7808.973094
7732.529254
7811.072951
7717.490179
7757.876171
7629.471554
7806.889658
7787.855577
8034.055201
8078.366164
8142.318063
8368.571289
8560.232827
8659.938097
8777.556256
8971.387801
8922.648848
9174.178805
9276.385784
9778.227548
10181.260357
10663.122867
11167.892649
11489.817963
11266.513087
11287.729800
11086.889329
10532.857554
10321.880003
10421.816460
10461.228185
10573.958897
10844.199482
11157.690020
11266.675694
11098.245694
10922.950663
11076.947291
11093.308976
11148.004938
11454.796377
11776.771280
11923.779150
12047.560280
12204.685518
12460.395911
12684.307215
13146.877335
13598.648982
13920.927927
13876.136994
14152.842381
14223.207713
14474.856245
14788.462607
15125.455891
15134.026891
14818.944254
14400.776284
14030.726150
13840.895657
13698.029739
14418.425132
14938.980474
15273.636348
15670.075720
15761.553801
15437.499024
15096.091274
15063.189192
14890.212527
15060.665368
14719.821873
14606.616104
14408.190604
14064.852199
13960.235778
14081.854344
14099.073208
14117.842649
14235.236279
14388.661276
14318.752804
14158.619459
14029.427152
14003.605292
13638.861442
13622.367677
13786.249782
13988.871801
13946.544887
14051.115578
13931.675786
13841.784554
13771.094932
13804.870314
13613.424288
13815.449704
13937.267015
14016.708288
14225.504902
14431.995233
14114.487535
13835.449292
13598.900078
13580.034470
13859.321194
14245.057932
14398.508542
14626.153934
14650.020883
14392.078410
14383.368171
14696.628521
14652.808516
14738.290839
14761.626884
15008.322598
14868.573140
14711.188626
14594.154295
14677.201353
14466.062425
14545.294601
14476.032146
14565.795761
14523.165557
14499.460225
14391.180250
14480.713101
14497.747631
14623.664601
14020.488061
13165.971924
12734.658140
12204.104694
11733.059161
11724.264255
11323.284858
10681.324377
10487.230606
9464.023969
8645.304501
8558.222588
8315.665204
7808.573437
8199.685728
8759.172419
9215.080618
9660.832951
9648.344555
9116.844033
8605.884277
8545.811359
8319.915534
8245.270975
8232.484227
8159.983407
7995.476072
8710.810726
8667.988611
9117.815851
9407.793201
9215.473503
8542.702107
8779.910187
8866.814325
8582.917366
8519.360658
8724.479539
8512.849504
8014.521106
8135.789633
8189.127270
7881.803033
7960.116030
8140.206239
8312.690374
8657.959165
8668.017651
8657.816329
8651.490003
8700.457001
8534.092088
8354.416661
8115.738704
7721.715831
7132.507452
6674.769417
6894.032592
7132.496249
7580.395677
8074.898732
8667.721747
9215.125170
9056.983015
9179.349386
9032.049338
8551.974875
8443.690621
8931.995572
9432.522551
9539.320748
9904.166280
9699.015909
9583.990513
9232.510422
9422.178783
9488.820074
9297.807218
9010.052610
8790.526856
8850.193047
8967.420123
9358.503703
9592.946140
9769.940917
9761.744905
9692.866716
9851.925825
9849.844029
9762.884060
9892.148189
9826.246568
9410.393009
9631.594987
9816.842882
9987.556557
10503.896415
10852.940269
10697.266460
11122.078031
11180.951943
10648.403439
10986.947029
11407.048509
11273.204434
10921.630878
11398.465615
11171.196434
11074.666018
10995.840747
11258.261778
11304.900615
11079.240247
10979.286782
10936.183027
10865.922233
11002.798246
11453.992704
11351.768295
11810.139980
12249.105980
12575.672905
12677.547167
12970.029330
12816.699148
12780.188378
12649.789031
12616.449603
12520.806795
12750.914783
13064.484161
12779.135031
12607.397545
12391.978722
11903.854601
11532.929674
11587.681053
11598.380805
11969.807019
11914.599719
11790.434581
11703.003181
11632.076031
11802.420362
12047.578144
12111.506657
12346.316710
12980.089562
12862.447708
13135.617852
13197.426002
12755.693587
11853.062570
11844.266322
11775.876076
11494.802349
11880.518316
12290.138751
12607.942524
12711.993295
12609.981393
12164.446405
12187.461227
12217.495108
12229.768930
12675.637228
12792.957409
13073.156309
12868.639477
13062.233744
13578.093739
14060.215108
13909.655182
13920.257103
13632.251800
13483.216896
13129.135197
13114.782231
13351.144369
13321.433141
12805.766585
12628.516538
12364.129843
12203.308946
12305.618110
12303.021190
12289.127975
12520.613926
12183.158806
11880.976993
12111.158991
12601.058355
12578.016720
12670.234655
13085.775038
12955.686956
12932.646941
13193.628179
13212.907072
12880.322077
13300.547429
12743.964921
12035.322016
12421.327169
12883.685902
12817.668299
13037.020039
13708.034507
13546.412962
13166.743837
13060.357269
13605.970672
13660.349745
13739.183164
14120.827708
14061.057490
13572.901169
13409.490504
13593.403291
13307.324325
13424.545340
14100.537700
14593.914198
14647.175581
14856.282877
15144.020804
15088.708777
15253.687236
15320.013514
15637.370066
15509.586272
15564.899939
15261.993909
15446.760234
15255.189987
15236.344412
15163.182943
14986.121592
14342.188167
14124.461025
14214.119099
14030.975881
14156.584217
14158.356754
13772.342793
13418.678487
13162.683912
12899.668865
13417.716301
13560.239616
13178.636743
13581.869467
13519.009035
12836.836345
13314.140520
13911.502948
13672.591486
13741.331150
14031.351097
13792.727131
13449.634477
13351.174516
13127.570212
12398.526190
12266.578279
12373.164503
12846.127262
12825.309088
13320.193621
13610.097467
13827.431181
13537.729905
14198.732440
14595.234939
14522.823619
14294.306908
14343.632374
14121.828931
13746.449077
13471.908881
13887.269224
14002.672469
13789.429912
14064.473528
14721.197783
15098.422639
15049.231823
14748.145645
14530.449141
14144.941942
13797.527144
13607.570799
13872.964411
14333.690503
13926.566353
13056.374253
13063.225844
13686.238967
13626.436682
13941.866812
14926.779971
15220.950190
14526.853288
14160.034615
14292.484972
14298.932188
14004.641925
14282.729113
14376.787221
14371.849617
13741.072899
13824.686409
13364.533062
13535.124569
13781.999886
13988.836817
13873.416284
14467.614892
14474.004189
14120.316851
14073.327262
14190.446483
14228.334363
14351.847545
14471.304844
14432.540763
14582.118556
14542.472018
14685.286250
14876.887179
15094.471718
15077.593459
14979.098002
14230.893149
13802.465496
13478.385159
13295.066814
13558.948958
13987.252565
14402.684050
14551.917416
14673.300827
13989.524564
13458.561871
13194.028884
13134.846144
13351.908438
13745.553334
14570.235504
14455.032839
14336.043018
14186.870027
14324.464759
14173.420858
14473.846736
14889.680462
15013.325174
14582.703480
13964.383114
13602.258084
13552.604174
13070.677661
13173.449161
13774.628567
13966.495020
14158.266876
14551.051718
14765.472970
14913.281286
15013.354836
14900.375331
14906.364887
15082.323821
15212.128382
15312.515895
15389.503761
15787.702644
15831.728841
15399.074592
15494.588654
15740.364439
15205.302522
14941.704467
14988.497594
15065.183039
15342.700829
15348.939916
14868.378692
14786.898130
14590.811969
14362.869662
14388.356018
14758.209443
14673.021025
14572.996786
13931.460443
13771.497600
14070.449432
14377.441060
14752.425100
14931.289770
14910.285106
14546.384308
14367.855446
14071.179441
14203.102300
14235.243699
14283.154733
14754.498646
15020.814795
14579.351080
14400.662749
14511.532952
13696.587716
13405.071286
13825.174698
14340.762761
14773.502533
15323.318444
15274.702331
15411.115881
15412.909007
15210.347317
15374.355464
15664.421364
15792.589093
15830.773773
15726.385090
15732.567362
15359.453589
15286.636968
15157.527100
15159.396732
15108.235304
15007.731093
14620.188201
14856.756871
15036.813634
14838.084418
14680.828386
14663.409630
14461.065887
13917.481996
13603.623011
14309.479960
14893.672372
15285.875349
15756.699087
16180.423961
15880.207522
15771.938136
15832.968168
16210.015710
16441.561663
16602.241987
16313.683973
16028.181605
15927.763708
15490.770115
15410.089304
15279.978173
14885.367869
14833.288575
15084.818740
15331.953974
15709.431279
16280.724996
16134.464801
16068.314137
15840.839145
15675.766113
15509.681163
15656.251541
15722.245946
15813.616630
15702.746120
15080.195878
14431.991495
14522.040158
14489.845411
15137.994525
15657.708620
15955.155131
16031.797846
15923.403592
14750.586346
14483.831335
14772.672210
14894.003785
15373.720060
16136.736451
16454.418864
16665.374786
16567.599692
16102.914626
15808.694301
15913.142057
15568.134068
15420.948564
15559.888987
15823.995832
15902.762137
15969.881367
16031.731375
15630.906393
15434.875056
15404.904385
15511.464514
15530.812652
15980.319367
15927.337171
15865.568484
15514.074356
15128.459311
14731.190213
14461.143029
14186.223452
14447.440840
14460.534036
14579.284739
15370.436414
15952.288431
15927.410364
15876.164808
15829.689002
15304.815810
14850.785987
14706.558249
14913.383216
15322.389430
15380.144605
15342.290629
15696.948562
15611.502835
15603.168074
16102.485537
16664.929841
16095.960026
16051.272959
15686.537039
15264.455609
14921.662409
15107.717002
15261.767664
15193.133034
15107.717002
15378.818439
15372.427475
15406.375220
15609.119813
15881.566082
15696.322378
16202.205930
15826.971021
15803.674651
15777.745863
15826.972680
15776.770050
16098.953843
16095.039000
15960.092841
15410.440424
15111.242673
15215.825406
15215.825406
15445.883190
15622.839903
15725.623893
15631.620458
15311.804214
15045.465715
15077.497022
15027.491511
15178.240006
15523.948566
15668.997268
15602.273001
15071.364067
14808.964873
14517.266762
14681.834616
14881.845482
15450.564850
15676.022498
16055.670891
15866.018597
16043.224882
15708.908813
15676.088849
15450.610294
15339.502521
15032.648335
15304.606471
15520.136343
15833.171836
15675.616847
15526.123565
15893.905345
15318.953764
15188.883706
15480.554936
16013.688339
15647.843244
16210.563682
16462.085483
16491.884331
16607.320751
16527.508604
16133.339616
15704.740736
15786.193542
14992.712202
15080.275584
15383.271092
15411.063990
15506.958432
15741.295179
15904.684001
16239.347185
17030.547665
17444.137920
18932.071312
19239.348262
18320.427265
17488.764973
16662.363316
15001.118501
14718.732749
15531.031056
16535.307451
17055.187398
17285.450457
16982.030201
16297.734179
15342.919702
15215.041197
15709.621747
16148.607687
16524.179666
16329.989911
16027.195038
15568.626249
15403.456574
15876.770480
16385.821841
16736.240439
17079.014016
17016.847761
16888.402698
17440.446294
17799.317995
18227.689147
18595.218704
18716.986682
18567.390131
18006.807193
17337.911059
16973.442837
16756.560859
16639.089075
17499.980479
18736.874392
19605.985243
19977.577998
19745.618468
19018.256009
18721.817493
18170.224334
17961.307154
18357.386379
18853.647840
19095.701437
20029.643510
20648.000327
21302.476750
21626.577935
21568.971762
21127.776963
20816.474945
20006.085690
19010.721393
17930.526848
17716.756386
18296.622318
18993.754422
20590.480869
22247.395402
23624.747328
23654.573815
24272.855120
24078.869181
24219.553037
23061.242052
22406.767191
21044.650806
19637.750380
17970.409710
16907.814976
16418.358632
17046.600138
18560.208099
19812.079571
20436.879682
21848.570559
22922.712696
23464.030307
23592.082866
24436.811187
24718.732095
24967.628334
25351.369106
26205.824058
27661.463583
28784.943710
29128.169079
29322.166766
28339.076898
26986.613591
26014.907129
25485.800245
25285.500036
25922.414083
26669.256845
27179.077951
28007.751045
28259.608075
28012.325838
27506.194339
26268.016242
25255.108271
24589.975470
24114.736038
24338.396936
25297.854818
25696.601938
26423.229538
27894.619380
28337.773921
29362.877801
29976.978602
30428.852754
30087.701338
30867.586605
30172.758872
29901.862185
27733.769582
27358.578581
25807.159811
24316.978887
23402.064656
23272.327775
23314.524869
24215.691163
25508.153451
25608.163543
26646.371756
25951.389011
25641.948460
25266.745117
24346.354829
23239.627549
23599.561796
22263.500878
20737.238753
19707.459996
19027.335873
17249.874824
16001.494468
15065.229402
14737.402005
13526.348296
12157.504974
11260.644528
10290.630271
9265.656587
8551.159340
8143.000081
7771.487886
7474.914119
7159.843635
7138.525270
7266.820098
7330.966196
7410.129679
7512.303676
7642.502642
7565.816129
7655.114481
7758.084067
7797.901985
7932.956012
8088.420627
8276.661485
8417.490598
8571.026226
8692.414920
8851.724848
8701.621759
8816.918445
9190.258757
9247.339515
9388.077666
9327.676797
9152.523914
9018.101960
9210.249000
9244.108843
9562.653460
9930.682204
10304.346986
10521.209287
10775.002359
11064.140361
11178.931747
11080.160129
11336.681986
11649.806246
12087.100767
12547.423219
13116.602246
13423.632959
13472.811481
13372.018976
13483.167308
13617.371673
13504.574493
13887.855617
14233.174155
14429.369453
14173.570877
14275.856313
14054.079479
14240.177867
14212.313336
14508.620113
14696.234807
15045.917320
14935.151704
14964.935373
14794.404819
14798.909694
14871.181226
15231.028019
15482.166698
15763.868117
16141.578404
15908.923955
15566.005161
15331.425906
15467.712421
15291.072706
15305.466551
15380.968370
15268.335511
15070.109718
15131.633042
15347.146517
15254.767686
15325.305659
15370.011170
15190.769704
15204.096770
15435.682015
15455.349622
15295.519295
15201.182384
15003.195558
14973.944724
14992.997290
15161.536425
15105.912497
15189.302234
15193.305325
15297.744708
15363.608806
15532.195363
15523.855971
15542.278185
15675.296836
15478.734171
15376.282698
15342.549886
15026.723274
14885.604713
14868.945000
14755.903815
14382.756253
14301.096511
13921.752365
13898.090576
13623.111793
13849.285485
14020.784417
14131.105673
13994.889815
14037.909507
13474.685508
12205.674586
10860.761489
10090.509672
9213.009277
9055.488571
9341.807551
9972.517000
9345.576759
9282.359101
9439.611167
9849.424452
9537.993562
9723.799292
9661.682223
9011.294124
8771.313777
8364.319347
8193.119602
7839.744829
8071.714188
8105.513084
8782.884728
9079.804158
9704.156854
10133.271002
10067.920068
9833.483096
9816.176786
9801.435697
8703.156704
8571.549281
8313.849375
8254.250758
7774.151945
7842.522142
7284.388044
7200.965141
7487.238463
7770.688768
8494.920619
8871.465742
9083.103955
8914.244990
9066.015134
8671.204364
8512.565848
8686.778512
9237.469981
9392.646378
9347.938512
9458.696300
9618.224725
9032.269818
8838.954667
9062.105254
9129.434978
9075.759781
9031.297986
8883.757830
8671.000488
8666.963869
8600.714269
8555.845930
8444.871541
8148.931600
7498.361824
7151.198682
7090.863546
7268.245824
7399.782861
7735.193692
7698.169037
7671.050881
7609.296414
7902.943724
8706.544685
9266.732324
9836.033741
10386.505536
10326.394256
9690.793234
9718.153165
9584.079961
9413.616884
9922.824202
10686.293451
10829.003383
10875.600602
10912.134007
10713.785861
10331.172829
10536.561123
10555.340524
10657.107222
10949.561414
11104.733536
10967.790698
11340.812028
11215.169049
11147.059895
11276.493826
11206.064787
11054.910710
11018.381329
11048.450805
10985.993080
10873.328593
10648.566756
10725.954674
11003.046586
10969.631949
10971.445293
11474.644704
11414.495857
11069.126108
11286.928965
11698.800919
11428.264581
11221.078491
11292.836508
11433.535627
11113.591644
11205.382963
11970.615653
12111.287937
11856.390946
11802.591393
11583.126740
11131.469400
10562.056579
10236.091605
10229.846808
10217.056919
10202.317157
10613.449369
10672.171129
10748.721722
11240.885892
11525.259270
11283.737316
11229.855399
10884.094376
10432.179032
10485.556162
10918.002196
11091.913804
11477.392929
11613.967687
11309.163149
11023.413507
11253.446872
11471.407227
11423.828063
11370.613381
11731.323953
11621.847717
11210.603130
11229.934739
11511.654140
11699.207751
11992.017945
12465.517619
11983.051659
12036.292625
11763.619483
11362.289657
11162.051691
11526.424731
11626.191297
11724.481401
12269.921394
12394.479087
12855.422229
13096.193761
13220.197711
13226.846038
13695.662684
14218.046428
14080.148826
13913.158171
13719.044582
13360.505760
12612.443561
12490.754973
12444.048702
12318.451674
12207.929038
12442.083099
12853.639783
13218.132704
13492.217725
13846.209906
13769.414790
13232.334393
13206.431240
13250.427735
13107.534658
12949.887086
13082.060225
12900.904237
12441.287181
12171.378331
12139.976787
11690.533614
11558.368578
11914.116035
11756.135483
11677.234441
12115.915542
12209.738232
11959.130163
12042.024705
12556.216053
12609.384794
12466.458894
12161.690122
12169.830469
12227.258358
12223.126743
12843.367512
13738.340037
14121.872562
13810.824154
13911.311324
13813.110297
13536.971024
13464.322452
12967.798643
12420.296044
11944.200301
11745.736486
11586.124758
12255.128210
12707.397213
13014.432370
13127.096509
12978.072837
12476.785615
12412.678480
12057.038555
11689.198375
12055.727473
12825.239312
12970.278411
13064.207711
13287.972214
13405.112941
13289.625576
13051.129205
13008.746533
13156.959852
12990.607337
12807.327219
13152.634839
13595.858885
13579.368275
13779.686935
13822.531605
13451.349416
13340.515157
13533.173078
13295.988890
13208.898377
13684.407176
14157.627332
13906.517517
13872.638074
13962.237637
13727.377496
12964.550944
12857.633687
12819.224432
12608.426643
12486.941227
12664.351064
12910.418597
13213.290604
13550.130505
13546.053471
13323.899472
13177.975050
12755.422574
12476.325092
12661.249239
13124.711943
12722.683066
12734.092207
12516.275774
12290.149415
11902.364737
12019.196489
12236.713261
12690.615024
12982.779964
12932.288258
13237.219049
13232.624718
13637.799751
13746.228116
13893.802309
13776.700471
13812.883677
13424.591586
13262.971467
13478.080737
13630.885508
13681.835824
13933.283832
13562.229873
13338.910453
13650.062875
13763.243451
13294.435653
13695.078508
13377.836926
12980.331358
12894.807173
13265.496466
13170.141364
13905.414226
14147.885528
14314.175442
14369.549102
14623.322520
13898.225931
13800.069431
13358.859367
12425.105101
11877.316116
11838.572716
11744.742602
11993.886324
12633.369047
12535.121156
12869.545483
13039.175089
13043.198706
13139.389765
13482.451350
13657.016281
13655.057754
13539.911278
13028.484787
12932.635769
12951.207834
12395.142356
12175.869263
12670.399713
12904.740185
12670.398155
13147.073315
13317.634168
12716.934012
12140.697907
12196.423160
12229.334163
12372.976063
12696.584416
12841.989818
12879.896300
13014.080349
13314.185002
13506.159859
13858.168531
13683.167893
13371.595761
13100.935545
13252.530619
13109.296835
12757.761191
12521.145551
12480.689536
12073.845810
12150.828957
12598.446541
13566.755379
13462.237404
13099.761294
13150.426096
13587.658015
13250.922110
14073.828147
14988.324849
15174.302793
15331.573629
15394.266890
14935.790705
15002.254713
14859.296910
14558.705940
14002.573085
13567.681516
13273.452571
13412.182367
13136.878557
13277.134883
13343.040327
13168.103536
12959.345535
13187.606775
13739.476168
13958.866742
14231.915199
14247.062095
14231.913171
13784.606265
13662.851958
13349.793517
13703.501032
13773.513537
14003.756218
14052.953486
13907.876215
13383.418256
13313.184364
13365.478426
13241.884081
13467.751479
13678.657555
13484.704435
13474.241780
13627.502163
14075.533148
14278.125745
14559.412390
14500.985216
14483.708006
14428.309336
14038.225737
13695.130423
13653.187785
13644.574881
13280.125883
13808.819653
13921.882875
13886.276248
14014.182313
14206.074970
13913.590341
14293.279356
14734.651534
14555.485622
14291.427132
14450.949039
14073.783686
13515.500954
13129.501513
13003.933331
12573.126934
12560.694889
12355.094790
12634.926269
12852.410881
12771.119844
12513.519176
12877.025533
13150.024406
13497.660067
14058.171141
14799.758812
14681.156621
14608.258350
14382.482201
14235.279248
13896.091983
14038.343765
14010.810442
13618.361808
13262.779373
13113.588481
13006.782519
13193.863395
14002.422619
14537.156962
14905.973042
15177.722842
15005.227606
14431.575048
14229.219481
14237.891462
13613.047252
13448.639120
13395.250261
13439.914798
12990.149004
13496.306781
14020.707193
14672.792243
14700.906537
15094.803524
14984.514460
14395.897919
13713.781101
13971.750354
14232.002404
14240.425598
14773.245754
14677.297434
13977.841742
13304.759007
13055.857181
12312.053646
12407.422373
12354.607407
12330.702988
12600.418981
13276.588840
13020.634019
13039.907069
13319.147859
12932.574070
12627.629320
13198.421725
13181.681572
12721.264828
13103.870327
13166.133322
13291.220416
14114.173296
14578.888360
15013.616340
15291.214189
15018.274075
15147.987114
15402.161571
15038.546119
14841.880291
14859.143387
14366.841940
14356.083400
14692.632019
14711.476034
14807.693693
14715.988316
14368.819946
13897.978371
13981.582222
14190.076393
14379.833084
14740.155015
15020.298246
14834.569171
14598.156395
14418.877599
14152.392771
13602.822847
13370.461095
13359.632929
13869.289506
13687.583429
14043.634879
14427.233647
14135.150456
13397.592476
13171.470948
13146.612945
13404.571576
13933.015986
14421.543780
14849.770507
14529.815502
14048.158302
13737.003255
13386.995645
12945.858549
13276.507713
13570.584467
13489.570653
13421.274573
13913.403637
13938.712041
13638.116088
13457.311783
13390.975555
13399.433268
13242.524584
13402.382032
13771.511092
13726.611343
13797.089233
13895.121068
13692.616505
13432.561820
13844.023628
13356.513228
13418.525129
13898.126620
13987.845815
13966.458464
14032.486242
13909.268402
13766.402573
14378.311332
14222.632796
14256.804763
14545.386228
14363.868546
13943.879544
14321.505082
14920.530371
15039.567063
15521.492830
15766.532578
15525.656154
15065.068927
14740.859890
14216.857211
14037.851890
13779.572369
14097.176826
14159.780915
14093.755380
13923.323812
14236.672679
13970.405708
13959.562228
13755.115404
13587.044685
13409.509222
13311.906604
12857.837855
13107.319204
13529.333378
13804.489604
13559.665566
13883.492869
13742.715265
13312.280463
13109.394630
13655.324063
13946.050630
14476.833584
14442.868743
14430.066697
14308.219818
14339.875132
14164.536563
14495.448450
14527.254374
14768.169033
14739.163501
14698.102613
14803.105181
14833.017531
14417.039682
14116.004594
14192.829905
13757.779618
13691.695594
13851.523246
13901.739920
13662.924364
13680.095223
13936.277799
14039.918747
14312.229666
14418.538504
14742.676727
14840.995700
14896.587320
14883.770530
15071.173469
15161.069431
14738.910278
14340.150647
14275.329129
13989.466482
13497.407898
13279.798148
13403.166760
13165.621645
13197.304379
13369.676840
13508.036272
13853.421341
14403.460768
15243.598354
15817.075656
15977.206674
16311.627559
16248.466713
16025.100079
15903.244591
16052.354140
15916.078804
15865.865667
14913.273738
14495.347434
14247.980698
14088.197268
13789.226963
14036.514132
14752.598004
14718.543999
14317.960336
14414.172539
14644.079757
14322.311736
14578.207726
14454.381770
14345.588047
14213.291841
14015.554703
14094.051509
13865.945050
13420.800322
13322.624338
13224.792508
13020.031174
13702.343627
14603.280658
14748.206625
14910.275925
14948.747109
15042.473920
14477.842169
14228.582810
14119.877537
14426.885685
14495.175384
14929.953943
15328.726935
15601.265812
15430.506134
15053.797781
14543.473620
14555.999010
14202.180095
14070.171302
14334.350913
14449.358947
14392.013441
14498.293543
14053.003945
14038.084511
13956.543534
13858.576593
13681.446613
13866.734300
13214.850998
13232.887330
13090.677744
13246.197427
13702.563880
14552.932295
14747.476375
14832.926885
14888.372600
14802.994984
14348.946275
14430.420177
14334.314839
14298.454968
14488.267451
14464.531635
14142.338428
14054.931794
13637.373027
13031.924993
13174.309185
13546.823100
13834.812634
14369.660764
15079.485598
15531.512809
15590.028430
15242.755371
15048.660871
14502.901301
13880.498449
13942.874767
14330.839176
14431.156890
14463.077701
14610.398546
14137.593389
13577.061240
13206.182638
13327.952111
13208.093007
13145.862718
13237.377327
13186.119483
12853.428798
12780.652389
13232.578444
13861.149339
14349.613791
14392.336052
14415.708354
14156.732134
13662.152934
13045.956554
13034.995032
13152.420330
13166.913273
13293.225892
13363.333029
13614.693464
13742.609925
13982.901561
14200.568580
14682.602917
14967.981079
15153.452773
14250.168466
13842.989615
14113.801850
14081.811427
13896.147135
14611.307620
15044.671897
15017.021782
14963.206865
14368.955413
14145.083843
14061.895986
13703.747832
13524.854986
13912.595739
14081.917097
14038.840104
14118.218734
14301.614116
14483.055307
14434.783068
14622.383065
14236.291706
13780.160950
13863.476852
13859.310864
13620.350431
13929.496728
14174.496205
13948.907227
14396.069543
14368.767376
14519.916378
14618.089031
14534.814631
14252.532243
14527.337588
14495.513735
14697.625377
14450.611557
14130.615772
14071.249746
14196.770983
13647.099410
13725.909366
13842.760383
14088.152934
14386.498344
14808.349699
15177.251962
15587.222468
15885.953175
15416.673668
15501.694250
15494.999997
15286.154440
14557.429805
15039.272399
15162.327250
15388.967544
15474.296990
15587.494358
15013.670041
14408.519435
14222.938526
14070.607179
14441.473825
14737.916174
14665.201337
14113.285724
14155.094038
13898.953461
13655.929969
14112.518380
14395.856512
14178.189015
13626.259722
13862.956404
13886.326881
13758.259760
13892.676376
14401.697792
14568.096467
14802.659691
15228.896901
15183.179658
15076.696064
14987.063534
14624.258077
14441.120998
14555.890724
14426.337021
14022.902294
13769.439437
13839.929537
14021.636748
14320.181408
14104.533383
14181.483957
13562.842445
13270.515041
12957.058726
13362.392132
13825.099175
14457.965706
14412.377577
14292.637635
14512.144558
14055.641852
13949.458577
14102.267399
14551.879338
14643.487093
15357.922105
16007.641173
15966.382501
15576.310415
15224.212978
14731.133887
14307.449149
14158.806176
14071.735999
13952.191935
13918.399658
13617.500426
13889.260734
14477.690453
14631.134718
14962.092385
15247.555640
15203.659119
14792.355288
14736.942727
14705.017190
14762.340179
14584.629195
14539.715933
14096.123176
13686.785117
13625.067059
13953.185761
14243.155704
14414.093718
14820.808845
14885.052390
14709.368406
14792.686597
15022.752320
14694.534626
14536.458676
14854.763258
14771.990412
14897.330903
14988.643701
14995.387191
14616.867351
14120.137485
14051.996249
14333.264994
14233.001517
14061.543951
14468.886062
14468.886062
14349.341568
14146.826730
14456.292789
14558.793565
14833.757592
14742.014981
14921.341309
14929.906792
15053.755299
15065.905924
15434.998203
15859.407189
16461.612015
16518.696139
16037.311315
15789.913129
15911.530119
15350.752968
15039.708651
15415.352670
15615.337667
15502.218682
15234.712337
14861.392268
14695.389178
14522.887508
14501.605850
14869.470296
15308.982524
15093.610108
15067.416686
14628.862177
14212.314957
14314.731256
14400.220183
14190.947382
14472.748753
14560.344346
14524.324784
14760.758089
14677.410606
14616.039040
14461.157630
14303.392860
14134.952403
14399.357050
14591.050175
15088.859059
15233.679190
15380.670508
15457.611085
15391.205557
15355.822644
15552.653205
15692.289005
15596.899989
15664.894255
15604.347039
15261.660119
15118.044293
14917.804926
14406.475866
14209.972816
14508.149336
14444.246706
14595.650699
15109.398932
15211.665913
15114.084476
15290.948800
14981.308260
14717.081415
14861.241728
14831.957949
14966.112865
15193.861312
15183.581498
14921.927919
14572.695920
14504.106907
14403.886457
14218.269847
14193.805177
14174.165450
14172.303871
14161.595408
14504.540129
14641.087120
14988.159733
14796.265417
15090.093978
14962.578228
15382.898065
15527.421989
15636.736832
15531.955829
15830.585227
15192.841258
15410.389180
15555.462135
15427.336318
15103.550247
15460.473701
15321.992490
15275.218839
15411.729436
15465.157923
15184.870547
15056.433073
14950.376476
14815.747455
14701.156630
14722.003297
14602.609933
14555.492572
14856.273933
15105.554587
15553.038586
15855.764808
15685.253322
15531.682071
15648.807740
15078.152641
14063.593719
13359.722286
13116.804105
12652.166636
12994.829658
13626.070352
14201.594250
14378.669400
14832.892051
14979.007702
15397.090678
16091.382824
16300.796376
16313.320261
16106.380296
15780.444495
15416.026240
15356.015459
15219.659147
15115.338599
15008.051682
15095.642670
15089.444365
15232.369078
15667.155197
16227.892673
16457.926950
16573.685238
16474.680445
15950.502809
15615.531209
15421.627165
15560.329044
15798.892762
16103.966788
15722.657269
15398.718894
15046.849131
14918.991180
14710.019136
14914.496605
14437.343027
14260.583858
14484.131049
15120.251744
15710.501111
16484.781037
16350.443262
15821.866661
15384.515899
15241.889488
15382.631211
15633.737350
15615.062753
15554.218743
15362.520544
15319.935276
15714.356742
15793.167466
15596.687579
15598.552411
15739.657654
16150.791461
16707.101811
17340.572640
17918.331711
18363.825805
18089.428636
17982.570166
17756.669082
17622.664925
17259.462501
17074.473843
16736.967993
16403.039246
16042.899384
15588.612740
15158.031303
14962.185435
14943.150021
14369.602894
13792.030108
13630.116252
13781.072729
14073.938717
14999.199004
16788.390134
18320.440288
19998.281604
21980.029286
23342.303175
24050.088483
24428.075107
23170.609967
21232.157840
19564.896694
17710.178491
16369.095033
16051.065522
15522.115966
15181.237848
15686.180287
16746.338871
18304.515996
20455.937160
21217.037891
21468.422719
21492.011409
21029.511908
21169.380672
22397.207770
24008.697770
25379.915462
25338.953948
24852.608863
23116.707307
20464.611258
18243.878659
18652.338830
18947.838954
20801.947298
23236.656536
25618.492509
26268.069040
26953.845728
28224.725143
29218.163518
29640.266741
30883.130713
31964.095989
31266.732747
31285.903698
31258.819641
31390.720710
31547.443838
32120.908873
30372.799813
28729.250568
27722.924395
27078.946016
26476.008975
28289.761203
30204.222689
31438.558637
32176.625581
33852.252806
34464.089703
34195.478175
33899.150651
34400.953444
34249.591632
34773.621992
35377.334841
35511.641535
34846.752937
32945.152182
29103.576687
26110.473772
24249.808266
21859.546743
21375.878419
23125.455514
24340.908628
24554.642525
25039.108999
24557.293112
23493.325343
22706.915667
21596.345912
20561.792891
20063.237695
19544.491830
18868.950392
18433.922640
17603.007282
16526.930800
15331.283812
14060.651538
12610.792619
11621.733520
10656.503822
9837.110546
9147.101841
8654.544763
8198.675081
8009.291884
7732.259888
7535.873443
7563.562314
7711.732815
7619.784887
7833.262432
8204.308990
8863.375750
9430.114274
10177.780254
10748.831681
11141.279327
11033.257625
11116.248691
11218.461708
10999.458889
10935.671710
10991.433404
11235.592143
11288.791971
11802.396238
12163.198033
12199.124714
11981.434281
11719.553122
11178.276046
10706.798002
10466.038996
10622.740935
11189.924130
12319.644429
13464.330231
14483.537128
14885.014009
15366.812436
15541.713091
15814.110591
15805.713313
15684.953503
15505.348512
15089.611650
14458.799603
14669.910090
14924.950300
14999.545088
15525.967529
15927.121515
15856.260445
15866.448739
15741.130397
15572.774593
15555.976060
15841.556497
16389.382698
17001.100057
17461.931308
17327.074326
17342.384857
17344.375039
17044.132762
16408.744284
16587.196009
16472.218557
16247.015453
16184.257089
16450.904178
16525.498393
16397.680738
16553.000695
16432.815495
16265.052167
16369.212798
16371.134942
16381.732887
16317.576532
16439.089710
16038.435986
15925.551120
15721.199776
15757.119172
15628.992327
15494.364744
15435.017834
15006.486277
14803.959855
14750.674600
14757.152312
14716.413102
14618.525875
14688.486073
14603.312046
14626.445340
14605.417001
14578.329889
14226.717763
14004.825267
13757.381518
13736.467607
14007.818762
14483.489500
14815.668849
14929.444013
14754.218932
14804.376825
14744.663340
14418.294103
14446.206879
14523.056676
14152.529941
14005.667347
14155.126800
14095.262479
14195.558326
14375.779412
14562.814911
14511.805468
15113.154191
15530.836185
15901.059126
14929.281638
14489.596993
13250.981118
11916.273239
11136.877299
11848.390425
12204.692065
12761.109682
12812.256329
12843.423032
12404.510554
11818.227757
11065.624555
10436.495060
9922.509243
9715.477573
9500.424926
9755.749309
10517.076916
10715.946771
11253.234368
11976.205945
12890.112032
12466.100789
11947.499194
11382.516933
11176.242122
10284.463700
11067.029017
11989.057260
12460.216557
12447.592080
12848.474577
12901.412986
12489.592615
11867.443678
11430.092479
11655.949621
11796.451253
11801.294839
11801.294839
11344.602272
10212.347856
9048.421048
8294.333169
8168.264977
8720.216137
9147.043205
9613.515786
10267.664368
10689.551673
9999.681893
9515.619597
9481.781360
9316.189652
9205.165753
9752.945987
10076.918649
10064.494741
10607.887014
11432.780961
12296.222757
12886.615807
12882.563336
12685.379850
12338.717090
11579.598662
11180.625598
11498.369320
11712.318810
11526.391781
11673.342534
11756.614550
11078.729286
10300.272512
10072.880825
10595.011739
11394.501683
12703.558977
13694.761261
13517.545054
12758.609205
11733.444436
10976.586579
10852.919548
11755.140153
12599.126540
12952.993614
12507.474376
11171.322956
9731.956432
8834.743859
9004.910640
9512.627588
10624.812370
11430.851608
11740.321586
11750.516386
11963.749231
12030.888052
12553.148922
12793.861239
12199.198660
11981.479469
12636.234017
12919.860862
12981.728671
13474.004449
13815.036955
13206.491456
12647.926299
12281.667812
11797.154455
11339.397251
11533.513634
11701.827311
11770.227179
12062.645280
12505.887647
12608.236223
12761.554251
12561.432858
12285.979771
11781.037985
10905.069146
10171.039890
10708.480509
11775.007352
12339.656382
13123.962330
13149.548414
13006.660117
12684.468942
13131.987029
13364.504092
13532.973775
13379.464153
13487.886788
13193.656474
13024.544073
13489.176915
13915.297087
13655.388257
13282.194454
13010.129640
12734.965772
12496.583873
12362.742731
12689.080128
13437.334287
14507.547092
15170.460073
16267.825545
16389.835138
15927.629307
15285.931063
14913.205170
14156.371250
13819.202081
13890.468322
13534.587422
13258.957221
13295.490293
13954.189167
14443.794677
15302.837151
16865.197849
18416.942155
19400.415149
19552.758590
18868.889527
16881.700886
14538.846791
13189.231163
12935.989718
14249.305910
16312.952433
17860.621381
18285.233312
18070.150429
17286.918863
16123.276995
15462.749989
15212.566406
15645.563398
15822.861978
16410.950648
17281.194700
18555.548303
19597.299234
20562.341320
20569.133036
19671.531039
18059.741581
16193.053677
15175.916985
15193.050093
16664.039990
18179.605061
19177.009132
19217.567795
19251.200656
19264.499846
19157.872493
18173.214955
16523.607185
15527.106023
14156.876188
13935.172607
14829.902154
16789.208988
17057.424781
17179.448097
16252.431971
15271.418353
14022.191439
14272.152834
15272.090075
16949.938146
19247.938616
21443.221968
22449.859726
21691.402547
21055.906633
19573.045043
18110.696717
16122.533141
15418.038973
14556.975731
15089.859567
14870.559081
16021.695048
16267.119689
16602.176250
16265.186012
17275.358749
18072.675405
19241.008096
20575.337580
20958.541548
21169.374400
19716.987830
18730.538803
16278.766092
15162.039695
14252.231508
14804.215459
14256.546002
14814.684178
15607.583913
16248.581673
16491.855424
17082.166520
16820.719821
16299.769395
15534.381600
15220.821847
15918.110008
17133.248497
17708.297252
18619.027369
19841.850829
20272.557574
21056.943643
21904.108449
22498.891615
22869.830939
22735.712829
22189.776777
21821.904390
21090.913444
20084.741902
18926.720275
18046.084122
17090.318074
16150.720901
15155.058614
14784.286228
14212.582701
13380.478007
12476.622083
11858.553600
11472.667520
10881.988748
10982.589149
11102.125844
10875.577990
10694.865578
10822.216252
10942.066686
10897.218863
11235.808170
11506.241003
11677.395325
11378.729028
11698.575322
12642.137449
13273.524397
14264.964374
15429.518613
16309.770883
15962.020227
16390.932854
16356.611952
16241.470941
15834.168323
16343.431631
16572.463831
16531.181897
16504.139788
16479.723082
16521.986650
16365.593625
16638.842282
16837.430814
17185.123401
17180.515590
17423.949707
17368.632466
17374.313272
17191.782063
17131.800893
16944.344068
16963.052773
17061.748754
17319.216307
17257.577315
16824.184093
16555.547653
15813.650268
15415.524374
15005.935587
14310.844365
13776.090524
13825.966149
13382.557608
13037.112315
13111.951423
12636.452808
12180.997749
12035.771877
12014.274896
12242.430208
12720.278848
13010.138449
13170.668008
13032.084775
12720.859584
12502.932315
12530.532278
12899.376622
13619.570754
14517.183988
15024.167137
15618.621071
16019.483883
16370.851988
16686.536788
17332.500676
17752.764311
17998.093887
18029.432285
18089.578508
17835.731606
16911.319938
16037.668251
15116.604742
13814.452814
12908.171467
12623.807270
12133.564942
11636.498051
11619.967766
11167.618462
10437.285296
10299.495443
10175.854935
9919.188174
9763.532512
9905.901198
9731.176198
9300.744673
9087.204748
8773.967216
8518.745225
8751.509089
9055.986892
8832.482205
8738.048443
8159.444117
7754.163800
7845.307357
8059.160019
8457.981077
9502.885975
9933.667056
10142.884267
10148.690172
10145.393340
9952.704863
9846.145597
9297.877187
9161.913983
9310.948987
9252.023860
8934.197946
9100.357038
9495.373641
9266.856718
9588.665677
9718.533539
10186.216369
10034.570678
10290.482231
10595.269358
11079.562867
10994.417444
11258.464635
11476.209321
11446.963665
11583.068018
11905.097845
12014.014493
11540.714038
11038.832908
10299.452574
9915.284008
9457.433475
10055.906111
10559.521669
11116.222765
11198.979919
11378.966847
11474.631213
11336.681378
11394.260434
11634.809264
11976.452123
11829.307544
11705.837426
11946.803199
11631.148875
11281.959693
11392.062992
11461.259377
11265.315211
11555.242504
11789.491537
12224.640695
12226.601207
11795.792545
11540.375514
11648.909201
11006.368944
11262.688262
11938.146024
11846.595153
11407.138372
11185.344889
10779.459510
10711.746009
11282.921734
11780.029532
11984.070164
12592.720224
12795.257775
12494.872923
12484.518821
12963.936007
12775.520640
12600.504249
12835.612468
13193.474547
13161.530865
13166.104032
13312.797026
13711.272512
13647.569528
13666.079745
13419.863922
13181.154107
12991.209357
13036.201233
13177.154603
13710.095439
13662.937452
13863.578502
13710.095439
13430.562788
13303.269322
13469.519849
13311.869561
13435.817676
13708.021045
13777.211131
13877.543484
13694.369231
13779.289945
13762.434515
13686.849383
13571.910350
13942.705746
13883.131789
13725.487363
13622.947721
13627.027286
13343.590821
13303.266604
13292.835192
13382.420305
13491.116132
13504.148070
13373.440473
13152.154008
12794.545115
12453.713186
12089.195358
12245.124709
12577.010324
12391.351284
12534.094461
12406.038875
11994.435310
11996.958961
12726.589687
12813.652233
13325.385425
13754.314014
13830.796419
13458.341940
13313.607454
13095.962433
13230.892087
13443.761342
13661.295250
13840.370453
14048.912627
13893.821135
13595.110654
13603.379235
13771.931738
13793.286490
13345.910837
13535.599961
13893.298793
13765.066069
13754.640593
14016.696899
13837.410598
13189.314299
13342.790102
13481.677727
13894.913218
14240.349496
15040.734662
15049.522259
15017.835166
14652.969803
14269.134064
14198.409633
14539.516891
14483.801922
14667.342521
14654.240503
14058.919448
13478.828571
13572.613644
13608.749325
13551.296960
13549.131109
13333.980923
13459.177497
13818.002596
14525.607205
14991.837021
15484.355513
14931.917009
14288.262145
14073.041351
13901.517569
13818.546651
14483.560925
15123.239821
15071.568099
15289.664735
15547.282522
15684.452547
15472.975483
15468.318846
15468.318846
15285.311999
14937.462809
14526.184943
14178.493228
13844.115916
13987.270851
13731.020898
14063.922187
14272.719745
14218.055694
14122.148768
14235.319204
14465.533251
14380.236946
14417.828282
14162.372833
14586.271014
14554.497929
14360.402157
14381.311337
14394.202718
13826.822069
13294.349826
13481.885998
13805.669228
13914.002949
13997.846947
14293.668721
14792.871310
14431.031755
14499.107181
14832.134673
15040.395454
14337.430601
14282.862714
14048.308194
13807.496372
13444.992818
13257.608320
13209.445264
13441.663612
14075.042773
14422.359597
14780.465854
15298.864570
15503.974445
15190.217411
14813.207920
14701.989694
14290.529259
14228.548950
14396.603342
14388.369904
14239.099643
14450.188440
14328.818966
14087.951497
14294.375188
14787.014515
14542.635489
14299.390272
14067.012896
13872.914291
13504.437950
13828.003499
13966.737638
14397.296873
14729.928719
15133.247630
14769.013371
14980.079530
14837.461611
14690.446390
14268.220637
14278.816215
14295.532985
14265.823975
14238.292346
14594.226410
14962.386191
14657.492958
14535.710671
14591.197507
14495.399818
14415.796754
14658.749525
14543.927047
14833.698084
15296.632429
15442.775045
15715.474450
16161.201133
16276.393980
15941.255161
15958.518999
15574.804064
14834.503955
14491.418613
14591.639351
14328.432814
14562.733929
14985.098759
14746.028375
14483.781702
14634.311395
14632.146811
14709.086140
14905.412791
14338.199737
13819.346561
13751.200486
13819.346561
13546.760703
14135.070667
14611.604079
14758.626500
14767.301956
15085.083787
15093.848461
15066.053713
15017.585339
14734.156857
14917.253981
14955.652479
15120.674220
15180.332486
15310.587617
15359.308772
15826.398225
15556.625137
15296.818361
14944.854435
14219.846102
13595.193951
13706.163919
13627.069288
13499.384467
13710.486718
14130.276256
13798.042740
13691.322604
14070.927699
14435.243523
14386.254469
14823.417398
14827.466648
14475.676510
14364.622040
14556.764604
14239.021200
14288.068493
14522.693210
14298.870771
13974.894172
14368.201928
14535.993818
14856.109918
15264.777435
14924.232713
14721.581790
14834.149074
14872.419011
14689.330081
14661.645505
14567.690272
14373.103312
14492.977705
15179.247065
15627.214323
15664.635096
15794.647585
15664.636896
15091.071305
15127.483263
15192.380062
14932.079193
14544.404148
14158.256768
13706.366289
13568.342427
13538.413223
13743.141833
14163.422764
14127.353065
13652.389397
13695.116349
14042.770624
13865.509925
14119.283038
14292.762202
14444.168830
14330.952840
14806.722125
14834.087041
14764.781141
14592.452576
14313.535863
13641.942748
13247.409824
13632.002526
13527.740660
13506.251665
13930.774614
14702.082706
14930.137263
15013.365752
14874.469071
14712.586535
13992.022302
14034.019641
14586.109815
14935.633396
14690.712244
14867.995139
14610.460202
14021.961059
13382.436791
13616.883034
13762.069627
13937.520576
14368.546299
14536.378113
14222.989665
14444.733341
14775.182329
14849.828069
15434.578430
15877.157608
15534.249463
15325.084227
15262.797778
15030.749171
14811.847290
15224.832469
14653.810021
14545.540340
14945.851495
15415.518552
15504.782658
15746.943443
15745.208651
15295.640881
14941.468706
15045.837210
15409.932998
15770.113638
16076.892740
16249.100028
15736.103506
15606.369290
15664.001327
15382.546890
15271.660742
15691.588788
15635.178561
15811.853440
16174.422714
16515.860790
16575.065340
16730.344466
16218.433896
16616.930572
16365.322346
16392.755658
16524.764241
16680.349377
16309.420115
16597.664800
16550.488162
16226.684566
16245.982945
15831.754560
15430.707431
14987.872574
14945.626375
14860.555522
14952.298327
14604.779033
14361.914925
14445.215934
14256.031119
14377.319018
15311.010657
16035.899292
16167.132103
16621.375900
17165.446502
17001.096130
16907.338918
16489.448136
16090.427156
15627.848836
15450.675787
15412.340757
16180.021604
16007.326858
15866.079914
15855.790187
15685.279874
15018.320142
15465.820068
15615.222502
15676.266109
15378.778125
15675.572727
15409.105877
14754.524339
14481.581111
14886.384999
14882.316844
15234.203135
16116.371717
16132.043146
15959.167039
15641.446180
14801.005537
14637.065936
14918.367557
15106.018284
15509.676362
16247.561733
16119.137507
16304.795711
16490.229288
16902.905675
17161.793053
17128.393771
16910.926789
17074.821348
16385.078755
15826.430988
16169.529037
16131.822756
15803.385031
16007.621034
16356.933987
16468.595529
16828.996446
17222.836148
17704.028472
18023.317813
18819.181215
19558.589818
20388.469044
20622.281938
20890.671091
20252.875715
19500.696997
18565.293023
17990.144359
16649.079473
15508.786869
15030.680377
14659.973705
14620.263039
15174.707384
16095.459390
17135.660965
17862.527261
18878.445016
20392.581465
21324.045651
21185.241790
20725.417249
19604.857516
17523.542450
15756.693634
14562.422377
14571.224652
14472.987380
15125.223857
15007.624565
15069.999829
15105.855562
16402.622332
16907.490235
18014.465656
19205.207958
20088.481454
20389.318026
20259.272599
20189.035236
19809.477451
20009.822610
19525.117506
19692.918917
20631.137703
22089.262816
21583.615783
21830.841888
22840.923364
23464.013224
23706.862773
25450.707206
25659.790194
25346.410884
25357.068911
25697.838658
25753.568845
27064.252804
28567.377823
29852.995926
30558.634746
31285.861043
32000.660759
32384.803159
31755.497051
29171.707669
26460.005970
23591.900241
22009.740827
21745.125897
23401.968937
25231.173365
27392.688545
28569.151977
28590.781305
28729.252276
28976.555543
28721.262001
26304.055250
24114.754832
22391.887788
20518.418541
18997.839095
18836.726472
19417.866972
19283.797539
19096.605147
19509.195486
20472.008740
20681.064825
20898.561761
21442.590543
20595.413801
20256.915573
20247.538227
20113.613116
20089.437940
19931.232045
19385.489645
18635.076715
18436.627221
17447.173949
16793.206605
15978.546589
14814.703220
13156.448570
11557.597730
10373.608128
9301.432904
8713.480616
8471.995965
8410.292907
8198.992256
8198.093539
8244.724004
8056.357347
8369.599907
8865.348968
8905.387795
8925.176571
9166.078963
9037.496275
8918.848150
9447.752718
9876.009498
10200.108289
10421.699128
10653.751749
10402.947270
10276.595619
10368.327267
10432.284233
10485.102960
10774.628544
10957.613199
11136.978985
11714.146581
12065.848251
12345.614743
12780.100971
12637.134836
12475.330740
12404.251965
12485.436960
12282.445341
12540.635543
12547.172828
12170.377688
12106.409042
12313.107193
12290.032421
12209.019941
12585.400272
12717.605290
12647.255012
12780.875531
13124.915106
13308.714534
13184.935893
13368.217316
13615.559189
13860.525761
14141.273716
14428.789187
14526.798889
14230.521495
13686.776002
13528.092652
13598.330814
13413.096752
14054.524967
14423.261799
14670.123099
14808.392881
14945.080556
14740.353736
14930.129918
14796.364828
14521.608844
14757.911942
14649.350025
14346.500407
14455.051970
14662.001609
14555.423439
14540.393658
14740.721543
14979.190926
15070.951138
15303.413278
15450.485627
15369.410539
15095.218037
15012.942042
14720.517892
14624.277737
14630.777177
14233.597461
13595.863196
12660.322095
11692.069244
10419.643395
10486.256354
9968.147505
9936.597379
10177.554908
11382.064413
12164.133405
14148.733055
16101.882892
17593.717844
18327.010302
18455.033561
17452.697783
15331.483698
13485.157883
11451.664360
9885.239323
9373.759297
9938.615797
9966.750777
10326.782484
10207.510099
9779.004348
9508.635337
9497.206297
9489.242739
9571.211555
10165.357718
10506.370310
10585.471960
10779.194402
11268.461004
11435.204850
11405.325755
11192.077194
10900.025674
10527.641934
9826.263781
9440.080004
9282.837134
9197.221327
8913.552634
8706.585247
8489.240316
9183.159588
9548.301788
9667.438355
9679.750488
9729.474353
9061.945912
8692.892341
8517.346515
8766.997481
9521.614347
10427.658139
11308.443019
11981.182632
12268.903942
11701.752161
11017.964871
10476.178259
9932.619640
9531.768896
9583.428921
9126.701551
8700.424564
8767.018807
8812.551568
8317.090242
8319.643857
8424.145089
8674.743976
9259.026986
10070.923250
10879.800494
11526.939295
11543.966287
10740.269639
10151.307891
10102.719531
9846.922929
9537.761333
9936.357657
10116.813003
9801.907382
9641.993547
9631.398226
9539.880445
9475.918653
9627.206744
9508.341040
9493.519208
9687.192974
9904.907701
10083.798890
10387.979800
10825.919181
11000.115918
11087.217891
11171.278218
11181.141485
11070.668197
10998.862758
10947.953631
10861.760335
10710.996852
10418.378922
10259.824644
10754.593191
10999.740687
11159.605055
11461.068646
11699.618768
11465.265552
11396.881046
11586.739271
11720.434547
11810.052650
11886.805388
12200.132564
12394.199520
12436.053191
11981.560679
11930.820030
11617.560242
11209.846855
10942.530129
10740.088319
10936.036037
10820.936615
10763.188061
10951.524560
11753.205739
11661.555248
11558.855133
11526.892644
11267.937158
11054.891700
10775.227058
11235.801956
11538.619730
12032.190043
12204.848231
12430.678411
11906.090241
12087.530047
11794.990793
11440.559078
11643.635208
12355.076858
12138.170583
12170.911552
12064.929516
11909.037094
11614.430145
11672.799981
12093.147603
12193.041910
12267.698505
12472.548432
12461.713058
12193.892869
12868.170207
13001.901832
13014.923206
13151.151990
13421.043383
12787.867316
12815.551207
12691.653048
12540.636394
12556.980124
13013.869666
12780.712675
12955.770811
12930.812336
12691.739885
12576.815581
12926.748847
13086.271578
13623.418868
13966.481580
14211.738931
13928.130987
13731.704020
13367.317469
13653.988623
13777.478952
13613.636882
13890.601559
14257.166047
14083.412181
13872.666804
14053.850564
13631.684990
13224.747817
12904.548105
13092.435879
13499.433365
13695.433339
13746.395408
14200.474688
14358.272025
14401.002947
14454.295019
14663.277264
14469.056377
14554.300201
14963.256104
15183.309910
15504.944175
15760.084931
15600.330781
15131.102084
15049.873115
14762.641404
14643.201239
14525.958557
14694.459360
14606.825800
15086.559001
15046.710565
14882.549674
14492.514811
14398.808140
13859.506231
14081.336132
14222.190944
14334.664680
14586.238611
14473.428319
14228.749566
14288.329256
14128.713618
13691.419975
13827.616667
13752.505000
13494.537124
13509.523604
13362.694226
13306.905573
13258.565998
13557.727553
13704.657938
13536.299245
13437.992743
13366.879696
13160.172739
12946.636941
13801.856359
14641.957059
15473.913620
15371.782345
15147.540347
14994.645023
14201.243331
13381.623129
13371.065346
13739.791110
13820.485208
13707.613165
13637.010841
14026.743722
14257.083244
14568.360590
15114.403588
15305.966112
15257.452258
14944.230969
14261.808987
13372.473945
13293.802086
13664.287609
13948.196969
13905.424887
14029.102451
13922.296928
13321.116492
13581.368174
13715.550425
14303.825442
14671.798433
14706.175280
14601.869369
14767.739359
14695.293391
14298.388800
14630.666540
15283.228912
15939.486460
15781.236209
16055.523848
15842.196238
15149.539480
14548.194118
14744.668597
15227.605938
15852.765965
16351.058515
16798.931052
17900.396722
17369.510514
16365.525727
15359.363367
14988.518102
13705.447780
13722.048481
14440.579902
15457.406989
15913.396338
16632.153228
17012.560626
16716.211920
16147.425918
15645.678505
15232.340580
14995.872407
15458.607749
15812.401396
15740.295346
15827.332117
16009.049135
16135.267634
15563.898648
15079.836339
14696.092766
14940.982166
14955.923063
15610.183694
16793.340724
17446.167989
17361.928498
17174.745372
17110.938688
16457.931236
16558.569682
16449.537336
15641.946709
15270.941455
15741.702856
16068.220083
15589.287220
15664.071481
15561.294722
14580.647751
13583.228440
13723.312746
13996.438950
14160.167151
14407.867850
14379.878564
14400.887521
14528.640130
14833.609553
15313.089958
15675.660340
15652.979273
15456.774690
15064.412148
15238.643801
15437.418063
16317.267031
17439.036658
17789.875770
17724.511758
18016.099768
17919.398194
18147.466569
18819.378492
18683.089280
18471.565300
18196.046841
17648.164401
17174.899297
17313.393173
17063.477906
16748.101241
16535.330477
16392.282861
17411.287159
19131.976657
21435.825057
23307.915659
25364.750848
26767.204082
27584.050953
27895.172519
28016.589818
28468.779103
28407.228262
28846.387530
29369.098504
29049.323208
27465.365743
26414.650013
25666.090661
24116.340455
24095.458364
24268.374873
24059.399211
23283.229886
22915.409175
22996.252103
23917.154006
25522.481791
26605.455932
28345.053327
29150.871546
29738.853355
29428.011098
29278.781292
27603.969751
27096.544980
26045.644497
24894.448856
23302.181536
22607.804422
21784.913790
20518.428653
20491.172058
19519.102466
19012.440483
16934.542531
15859.863962
14055.822254
14309.892645
14504.245730
14764.344462
14877.195484
14371.831955
13858.649808
13624.050706
14095.376424
14777.648266
15946.154263
16397.656240
16925.210050
16212.622022
15790.812701
15701.099136
16240.470384
16635.738619
18072.510859
19076.172351
19417.579122
19696.751353
19782.584243
19605.439583
19183.539378
18486.414581
17646.430968
15984.413058
14238.356074
12611.413112
11509.768429
10064.418523
9457.776376
9253.142968
9014.259035
8756.468661
8656.605065
8374.530127
8393.290320
8305.333130
8331.406034
8512.617847
8771.679712
8918.821697
9522.017017
10061.614063
10494.204900
10719.816614
10865.582044
10910.205711
11284.963164
11734.632858
12468.671696
13421.612246
14381.018043
14979.855723
15046.036729
15418.094163
15360.542707
15337.640680
15569.322950
16166.705978
16612.537027
17157.883232
17582.067591
18263.898169
18756.181482
18827.685488
18800.514958
18955.801907
18678.201251
18676.200646
19076.089143
19350.681188
19376.262962
19486.668311
19572.912373
19446.726089
19320.670990
19202.337985
19193.253379
18997.516553
18647.462361
18549.889813
18530.547226
18343.514103
18464.613780
18630.170243
18403.562805
18401.931948
17983.882073
17680.771601
17612.056076
17686.777637
17499.219752
17964.039054
18027.821507
17952.964641
18027.711400
17718.359771
17149.751151
16830.184691
16389.295164
15924.124561
15766.570845
15591.886119
15361.647400
15177.403107
15013.396309
15015.609652
14719.289058
14156.620593
13286.861329
12359.177280
11309.951604
10726.026586
10254.986347
10372.460228
10538.714375
10754.024882
10902.991917
11269.158814
10762.173112
10788.912191
10768.380341
10520.899058
10230.900845
10962.559111
11574.231030
11898.113819
12273.690583
12776.525795
12779.297135
12312.206283
12054.311018
11902.801517
11568.063290
11390.704374
11409.326752
11460.969694
11366.853518
11309.225707
10843.296211
10421.058417
10585.285951
10411.813578
10446.419066
10574.221807
10748.759519
10343.770084
10435.996152
10149.562107
10074.574775
10207.092486
10693.655309
10409.875026
10204.231440
9880.621418
9107.229686
8424.285173
8716.371105
9047.350610
9571.830035
10115.232230
9714.546742
9358.700343
9068.804232
9129.495710
9233.350085
9801.174477
9906.984361
9941.543283
9546.402351
9448.180779
9392.693592
9533.695648
10254.612684
10979.595077
11282.453120
11086.277870
11129.384653
10725.982869
10228.491761
9880.714867
10062.002444
10068.414535
9671.750954
9713.917360
9572.943445
9521.831762
9622.349616
9875.836805
9632.326846
10163.967475
10379.854025
10377.166714
10585.824198
11221.900636
11194.038839
11959.311072
12057.349281
12212.742174
12079.244638
11772.241864
11043.447239
10970.861162
11282.217276
11382.379760
11979.220944
12030.600850
12132.717194
11740.662506
11750.617809
11794.182922
12249.615471
12448.086083
13017.044657
13182.442785
12982.129804
12628.160273
12431.595442
11587.429850
11065.242585
11026.770807
11370.463606
11532.221379
12045.642057
12308.805753
12526.370148
12023.922684
11458.288296
11309.247274
11380.291992
11184.789755
11558.979519
11992.467506
11958.660869
12025.082440
11867.619545
11775.673967
12001.683519
12317.314606
12363.096692
12576.461843
12354.705693
12226.722708
12186.711858
12483.347816
12544.925334
12939.602033
13043.633288
12811.537433
12322.057622
12281.810029
12281.810029
12228.032300
12767.731432
13242.206431
13414.724736
13340.186761
13350.735900
13156.729609
12945.396176
13032.985836
13056.178691
12811.259395
12250.314151
11963.867172
11582.511471
11637.921796
12157.687473
12334.502347
12382.847095
12496.054382
12441.118562
12197.648470
12187.109546
12473.304360
12699.420364
12908.257755
12987.089539
13106.166303
13329.974567
13515.665129
13524.491343
13605.176068
13571.141599
13598.290418
13227.078916
13007.976294
12965.124717
13173.926439
12788.951194
12883.225921
12770.182312
12407.526474
12103.076527
12445.997656
12396.559253
12834.314884
13528.780969
14102.494591
14064.663532
14211.757457
14173.456198
14021.940251
13659.592894
13866.375608
13706.530905
13399.641605
13067.064054
13128.807920
12647.883625
12428.459913
11938.217469
11582.303603
11292.372696
11162.450374
11019.087528
11344.059061
11558.815654
11196.570814
10673.774282
10559.055412
10882.701877
11011.510870
11481.771405
12316.589530
12806.635192
12874.922200
13126.167692
13424.556855
13504.346929
13519.140428
13269.863584
13064.983230
12949.906886
12818.215915
12813.711315
13301.950235
13577.072851
14022.553759
14196.052486
14449.821169
14415.684155
14404.958724
13966.157325
13664.964748
13440.988693
13010.024976
12754.707070
12600.750697
12722.216528
12743.788401
12630.629118
12890.459476
13150.734842
13386.868256
13465.569663
13604.316061
13527.919048
13649.275791
13446.457810
13371.791548
13267.467621
12915.829281
12666.130802
12672.802358
12648.761832
12647.140556
12887.996819
12898.685022
13024.219062
13203.611852
13232.689965
13122.119517
13252.345474
13266.628472
13238.889135
13507.448575
13829.195916
13381.821939
13241.902109
12966.741555
12806.957887
12361.548160
12604.468844
12326.099572
12577.408401
12573.371690
12695.143738
12775.879675
13024.753546
12813.641831
12690.023370
12478.969672
12890.325480
13243.946636
13651.194169
13729.963066
14209.852310
14117.961217
14105.098930
13919.997707
13981.933796
13949.816499
13902.741741
13952.962301
14496.662912
14605.394831
14204.619996
14253.307643
14243.084137
13846.694693
13797.791608
13872.460655
13686.715159
13594.763676
13745.925574
13692.510661
13556.103086
13882.022879
14197.819973
13843.851448
14151.004705
14892.685043
14715.804602
14360.389133
14460.836181
14648.080287
14773.826922
14819.068623
14929.768834
15161.806289
14820.599970
14503.203812
14675.988279
14092.421504
13450.756867
13591.376596
13678.811869
13214.427586
13504.896518
13982.288527
13907.691580
13622.346044
13483.507342
13692.472877
13624.141828
13390.089262
13471.018568
13673.494635
13441.213820
13379.588087
13639.315501
13899.607483
13790.993546
13569.212507
13463.088739
12940.464402
12535.257332
12660.772831
12954.279930
12465.904443
12169.507107
12312.257882
12391.292215
12119.255415
12577.243686
13121.804462
12986.913204
12865.153749
13408.878989
13379.385335
13456.485617
13473.138834
13345.298697
12977.143209
12725.796441
12382.196093
12329.192473
12614.851509
12842.875299
13174.694397
13174.694397
13505.550855
13326.373232
12969.047528
12779.501193
13205.817697
12960.301167
12902.657851
12741.859636
12942.235533
12807.789442
12955.158484
13281.044717
14050.841850
14252.928500
14568.601970
14643.296518
14756.470361
14561.667751
14344.217848
14267.708141
14203.534589
14163.381938
13976.925407
14081.627306
13885.506323
13793.599097
13755.222590
13910.334583
13905.787621
14065.469951
14375.140323
14265.998958
14280.516461
14235.813412
14103.811613
14005.659687
13922.589848
13966.479142
13881.289579
13957.941733
13932.399497
14111.636684
13975.706087
14001.578346
13702.835442
13397.862108
13290.969719
13103.213109
12932.723075
13241.842480
13627.256606
13491.052742
13277.813193
13435.998498
13258.253969
12962.363937
13060.448504
13349.042077
13483.236774
13887.926287
14327.598991
14303.871516
14235.049123
14490.649247
14249.731233
13881.156378
13949.372407
14177.191534
13529.032435
13211.244647
13311.830955
13040.734148
12727.181815
13226.311008
13172.828650
12785.321991
12991.448153
13213.342721
12720.972208
12793.306182
13306.886689
13447.776545
13450.029471
13729.106522
14021.263664
13793.089612
12650.096340
12075.613090
12280.165563
12232.947602
12363.143858
13318.302801
13569.256913
13288.363156
13484.512981
13141.611779
12648.977702
12973.568369
13180.385588
13112.356424
13595.799407
14356.935140
14378.119509
14113.686034
13787.575444
13593.778521
13475.958913
13514.187758
14025.436334
14430.643440
14543.686052
14696.831214
14853.964169
14529.726223
14657.772455
15003.176704
15429.577175
15406.409609
15319.301802
14939.790406
14647.442193
13948.529648
13613.871075
13814.454396
13977.929866
13656.213199
13289.508161
13450.672788
13346.405103
13124.799067
13580.912493
14243.621581
14496.700604
14727.409498
14963.359046
14840.157991
14823.062556
14665.940799
14235.411636
14359.196427
14190.580060
14235.410131
14563.708478
14994.696570
14621.150807
14474.091657
14075.583571
13772.143511
13759.555763
14083.332593
14315.729360
14516.309088
14620.806436
14700.079409
14414.287287
14356.526700
14635.623928
14700.957494
14470.517284
15348.847061
15621.559018
15250.488184
15298.536140
15516.221748
15439.188641
15533.155861
15652.953789
15525.293906
15504.025340
15030.420926
15352.493629
15748.958723
15642.525271
15508.408724
15776.563724
15584.978532
15521.063531
15685.764711
15610.952176
15466.214149
15176.368746
14792.851327
14510.706447
14414.572773
14122.280913
14141.757332
14099.133215
14481.644984
14729.134595
14714.309280
14629.117866
14848.115746
14511.784480
13993.846214
13676.159514
13458.355333
12748.503034
12771.514152
13095.706380
13217.272248
13347.322574
13743.748095
13724.970342
13997.991230
14136.253814
14048.737231
14093.592469
14227.838298
14268.106400
14415.113967
14568.618049
14873.242407
14652.112185
14460.413316
14551.796421
14498.263573
14076.137888
13886.091029
13681.420100
13898.656866
14133.379880
14653.257986
15023.455633
15298.381235
15426.781021
15375.138202
14806.371159
14709.940606
14492.423001
14313.653637
14367.045118
14577.941358
14677.849206
15243.293128
15072.207849
14654.443682
14624.655749
14656.413632
14392.020557
14573.094557
14758.337056
15144.521088
15227.991791
15219.526609
15290.205417
15628.803005
15667.066931
15830.453033
16007.367333
15923.955308
15830.454480
15864.954458
15644.668844
15776.440685
15691.226384
15385.489003
14846.065639
14757.697989
14491.081138
14489.237912
14913.392757
15384.357148
15675.444479
15398.022984
15489.708734
15161.449103
15366.074236
15274.208776
15591.764093
15776.867580
15657.462160
14900.773056
14660.610306
14903.599563
15120.868203
15174.563717
15274.559442
15644.562854
15670.243585
15111.535752
14964.197951
15311.943628
15048.621762
14253.039728
14076.186698
14078.523175
13498.847232
13464.812678
13964.122478
14234.927114
14332.913149
14840.432879
14075.117130
13217.876801
12533.746829
12305.694251
11889.726399
12242.918476
12689.123404
13145.172107
13573.413519
14206.642778
14528.492634
15029.733149
15054.965816
14970.070540
14340.933329
14228.282482
14055.258760
14200.407137
14240.898332
14575.584498
14619.802709
14348.941767
13819.731081
13700.819508
13745.621897
13919.114601
13803.879981
14100.237705
14038.289719
13919.112885
13726.641175
14234.178383
14660.526623
14969.712673
15308.858137
15632.309770
15566.584018
15305.886104
14939.898720
14649.871013
14656.192277
15046.036729
15001.584915
14749.947717
14606.891902
14195.322136
13640.951658
13558.047677
13666.015000
13822.102792
14035.197412
13860.289808
13966.846501
14408.381262
14504.173348
14677.589296
14985.033285
15204.698116
15296.390689
15584.176157
15567.167382
15083.472872
14051.657646
13281.634024
12908.622646
13040.355189
13100.265201
13289.629850
13535.264398
13323.827585
13269.842739
13793.881605
13979.360581
14043.634879
14461.338039
14540.618735
14686.045805
15391.170371
15798.693150
15666.446997
15541.438215
15541.438215
15362.039581
15253.296779
15089.062794
14890.313064
14568.451370
14511.131090
14037.882592
13560.071813
13712.535894
13956.003742
14049.329158
14495.269514
15000.357391
14966.950294
14694.179359
14568.289976
14740.723259
15538.220211
15245.277474
15015.154457
14859.726064
14595.377177
14198.863126
14734.301372
14934.550840
15490.752712
15998.112253
15729.664743
15209.061497
15343.115806
15017.418723
14740.035727
14788.767946
15064.946120
14821.979536
14730.051389
14687.572391
14545.034949
14300.194229
14349.484257
14454.206696
14222.344822
14228.688040
14573.535994
14793.246303
15183.571921
15758.881671
15955.283286
16195.551710
16516.981427
16050.443039
15914.025463
16325.550888
16180.913733
15778.120854
15861.236055
16260.321684
16123.427281
15889.646735
15798.411821
15821.674383
14879.798723
14785.442246
14730.474767
14799.221555
14539.250409
14628.993010
14084.886389
14141.622731
14392.858916
14708.554863
15017.821791
15333.108445
15628.027323
15434.567393
15244.219319
15316.634672
15322.840314
15103.853356
15621.573046
16238.095422
16472.137035
17020.366180
17089.314042
16581.753004
16507.593657
16526.007585
15929.275641
15685.028528
15663.799865
15435.182197
15320.400794
16049.596900
17111.142398
17139.344668
16944.691315
16700.096771
16308.003517
15059.980084
14991.307295
15142.662467
14784.628556
14596.844346
15174.401852
15199.532274
14813.764113
15201.505093
15146.138763
14356.077074
13701.688141
13729.147874
13482.071194
12895.719744
13430.671416
14464.904242
14676.022234
14784.705566
15596.917378
16594.051194
16873.891382
16769.065836
16413.199996
16272.231748
15513.293471
14847.932368
14826.862873
15560.215215
15657.801319
15653.931246
15982.467391
16438.519485
16672.606846
16278.633826
16067.739714
15890.529540
15477.316262
14788.179527
15249.034539
16507.892386
17439.301854
18262.651942
18989.040789
18306.596265
16676.672031
15744.581321
15761.480161
16823.442217
18568.602381
21232.402976
22646.095912
22901.661376
22737.694218
23654.568974
23728.004450
25058.205821
26940.577719
28266.437289
28492.412943
29232.571547
28595.149662
28170.913225
27567.602039
27699.963784
27204.260252
27202.365837
26430.389548
25515.830952
24251.016130
22480.707980
21758.339187
21634.726271
22389.107109
22742.923428
24200.247687
24854.452198
25406.589151
23812.342423
23104.245545
22297.407160
21280.522760
20495.669240
21837.171246
22687.532896
23068.067156
24191.187306
24496.105898
24189.368548
24255.499919
24232.167384
24025.965989
24228.314848
24383.865271
23532.889707
22138.669611
20989.834388
20021.527473
18529.729324
17488.901892
16814.283289
15645.365757
14053.206808
12850.727139
11413.932314
10207.499674
9197.021010
8388.939865
8005.552767
7853.954952
7872.841267
7695.874461
7783.079736
7877.103344
7907.105176
7729.306048
7667.506149
7774.067415
7999.965014
8257.245531
8617.668078
8709.181263
8623.643595
8427.950160
8611.163255
8678.029248
9036.320751
9525.724156
9876.002022
9906.020605
10403.379724
10970.837558
11051.417123
11217.886674
11759.198531
11642.263350
11444.577903
11397.167635
11630.004558
11582.691681
11754.478472
12197.644358
12901.088244
13316.709667
13357.521630
13451.252640
13199.367461
13065.415047
12726.662662
12730.453103
12806.252762
13036.400543
13226.232134
13690.920711
14204.524528
14712.426937
14804.349357
14902.101501
14806.623847
14527.062133
14564.884886
14652.332595
14748.106170
14814.191669
14961.872722
14578.638081
14559.519603
14555.240891
14483.022589
14819.674774
15139.738411
15514.629688
15514.629688
15855.797117
15811.263243
16082.771092
15798.961040
15660.618593
15417.575835
14995.612839
14683.766238
14658.333666
14626.189518
14824.578859
14995.464227
15016.581602
15480.726231
15655.967150
15472.730480
15219.088168
15170.603892
14676.212041
14392.458955
14492.677061
14929.895319
14841.839586
15104.334974
15342.926855
15146.587653
15102.211614
15204.753577
14935.711875
14778.139932
14772.221420
14701.445638
14812.559347
14711.679684
14833.529912
14944.500886
14735.462720
14721.028412
14955.394469
15522.090660
15558.698088
15002.397290
13172.678795
11961.999049
10192.660159
8708.561300
8408.083073
8518.844687
8394.894078
8192.814449
8141.737666
7964.584433
8157.167108
8154.641835
8504.544065
8775.187140
9009.898007
9880.967620
10591.123708
10429.204420
10470.123286
10373.620756
9771.385464
9239.268617
9213.647328
9014.795173
8522.640435
8401.778943
8141.474271
8168.581247
8665.823022
8868.185948
8864.238016
9017.467474
8859.694758
8346.172407
8796.065152
9214.137911
9266.939593
9495.488439
9789.934302
9490.635457
8901.659514
8437.071914
8010.032638
7971.478741
8095.477969
9036.521137
9373.598586
9710.257718
9731.629213
9495.409169
8780.118410
8622.089427
8656.897418
8441.439291
8533.562639
8579.365352
8928.680722
8955.896479
9301.404241
9163.331503
9047.948259
9169.573738
9241.889763
9124.443211
9049.973885
8982.686179
9072.617809
9230.619430
8929.981392
9481.913639
9693.100387
9448.062841
9330.609491
9687.085244
9627.003440
10243.889173
10700.079266
10576.591637
10477.947429
10340.418571
9784.079289
9658.578480
9851.945953
10069.014694
10250.380004
10712.647455
10254.683226
9750.798599
9629.883684
9452.546754
9312.153351
9824.302556
10566.519988
10858.390095
10987.652444
10873.664177
10717.695859
10676.830077
10717.694525
10591.490701
10485.500628
10189.125718
9952.694835
9896.746051
10044.278279
10134.209069
10445.455171
10707.402082
11023.304907
11204.307391
11683.258168
12041.311568
12073.083414
12130.634327
12529.647549
12293.168257
11811.048718
11763.968654
11410.075814
11382.634787
11123.223869
11419.916957
11387.678232
11274.499358
10802.035223
10866.010214
10925.982003
11122.219720
11650.913623
11902.510187
12247.409737
11757.035090
11394.610996
11145.276652
11147.416173
11078.447862
11777.340406
12363.387209
12551.819281
13178.263797
13278.657126
13127.168477
12905.342868
13171.896622
12664.965575
12535.068585
12424.276385
12609.641877
12373.185248
11882.528718
11535.350343
11446.213523
11475.996395
11452.800256
11857.706746
12183.158806
12492.965882
12386.304010
12224.334742
12358.796917
12410.969173
12397.820762
12293.587347
12278.578580
12444.855530
12896.623176
12698.218350
12911.190705
13197.332371
13548.754326
13517.424063
14037.862238
14299.703699
14349.007028
14065.179484
14104.770913
13768.233097
13695.531344
13407.995794
13158.314439
13141.886374
13463.840775
13474.285562
13687.160315
13700.390348
13407.722186
13365.129906
13633.338986
13870.512179
13987.626719
14012.825076
13840.073597
13198.015219
13170.668008
12871.776707
12901.267800
13352.634332
13755.754599
13519.569597
13864.953387
13923.369225
13524.956443
13695.304617
13771.958985
13573.678086
13481.957560
13913.896500
13971.671653
14227.655257
14461.616231
14568.317025
14180.214067
13956.564667
13515.240587
13728.153044
13703.323960
13743.723570
13828.640652
14129.692233
13750.291376
13521.904060
13479.743874
12982.781600
13014.954806
12844.075373
13093.166134
13193.451976
13579.171838
13206.174915
13649.454154
13862.886644
14050.573233
14022.600073
14404.120385
14368.466170
14292.781435
14427.137990
14559.298907
14440.097266
14260.858472
14486.787301
14652.814350
14589.094156
14783.200715
15062.345585
14934.746033
14355.007482
14171.603220
13845.405828
13548.943011
13363.057009
13181.713447
13096.124503
13676.371321
13787.171837
13998.245744
14488.886072
14897.926923
14514.073771
14819.323076
14773.002725
14212.276214
13830.889432
13860.402706
13232.116099
12959.868676
13544.098683
14030.290787
14121.670936
14667.613350
14874.242503
14706.278067
14388.453875
14292.593333
14100.740659
14085.809826
14160.536616
14316.045808
14480.475148
14721.564076
14978.706131
15116.921221
15208.769846
15562.569013
15499.207799
15320.990295
15079.917311
15235.699862
15291.240441
15610.615341
15675.670059
15805.540479
15304.732229
15023.289112
14863.394444
15037.480898
15128.817568
15600.005509
15022.105573
15079.585902
15029.633497
14895.060709
15104.275971
15745.642424
15884.993236
16030.915449
16541.947168
16254.030432
16103.060688
16081.647915
16524.971713
16192.869044
16293.025125
16218.322084
15992.348269
15337.859789
15297.343424
15280.172391
15359.050734
15378.535739
15401.577173
15117.453427
14906.314645
14819.436040
14652.845128
14654.871346
15103.090912
15463.205695
15629.180998
15525.099504
15585.527280
15189.123326
14794.488152
14668.891607
15184.697441
15243.416714
15608.069279
16078.850163
16219.449001
16142.841824
16059.416841
16321.202754
16447.302961
17349.368351
18498.186517
19430.578215
20198.043028
20063.485791
19047.150935
17859.860142
17344.585626
16308.962073
16179.358361
16592.454065
16648.378526
16068.677040
15716.567299
15109.464714
14476.239934
14143.666167
14208.596589
14379.136578
15163.049840
15829.020663
16643.216435
17970.442294
19471.137302
20784.774140
22230.367711
22880.436913
22700.139791
21875.822408
20690.169028
19587.622624
19669.123438
19869.579356
20076.940065
19920.384627
19580.222255
18104.017824
16747.623021
15724.357108
14978.490856
14276.875993
14573.130756
14905.668820
15176.234864
16103.391605
17342.540956
18646.974326
19890.926222
21421.355577
21052.700335
20436.877076
19477.328526
18603.730374
18330.572475
18619.995409
18176.720505
17756.876437
17865.770451
18117.668644
17789.297033
17462.951373
17006.638196
16515.787313
15722.350842
17075.755378
18163.693614
18877.859335
18873.234528
17728.454447
15984.649102
16113.092305
15500.543722
14643.435061
14824.477160
15685.717854
15977.873000
17278.633786
19691.421496
21916.880395
23735.546416
25231.593964
26807.319102
27501.676532
28104.789184
28543.938887
27185.942309
26051.879892
25164.881987
24649.613886
22856.407753
23024.942874
23295.670610
21850.590687
20005.111897
19740.671146
18956.017767
18695.764721
20261.283364
21402.367349
20392.294830
19993.225325
19048.774225
17407.916720
17011.197984
17219.903594
17578.058480
17773.972759
18530.671963
18853.196399
19895.071398
19426.441488
19096.203236
18094.488032
16883.845313
15845.836017
15815.160222
15709.105366
16260.796043
16764.468362
17518.796829
18079.669020
18188.412612
18151.988982
17540.308325
16495.945762
15240.618596
13718.413153
12068.819745
10664.024829
9367.417669
8591.576072
8171.887375
8031.362173
7927.273181
8082.573379
8031.361998
7970.285251
7908.699974
8044.916454
8173.677933
8337.628717
8664.247089
9115.685660
9708.277831
10477.578335
10786.772594
10908.102533
11079.642691
10981.856636
10794.203159
11272.077567
11772.563732
12075.819452
12640.589772
13226.846038
13685.427114
14101.108249
14538.017106
14759.617052
14930.175666
15373.662726
15985.342002
16706.989066
17116.545675
17408.182023
17336.272243
17344.384710
17158.009867
17187.647901
17396.646356
17373.748896
17298.481349
17474.670516
17467.982499
17511.151551
18079.713288
18478.671959
18244.074603
18204.122024
18357.341207
18063.576397
17654.109234
17622.778076
17789.293612
17479.910893
17409.573127
17706.659021
17986.216786
17943.598899
18133.784406
18283.307513
18108.136511
17934.415336
17686.988860
17452.721047
17252.493986
17017.476596
16781.738007
16802.552953
16540.940020
15954.695818
15513.265216
15143.123255
14461.103193
13329.133792
12770.425635
12514.663555
12096.057811
11740.625861
11968.985839
11845.074146
11526.914606
11301.064318
11192.760753
10826.064094
10569.952873
10525.380804
10698.743301
11098.097916
11634.704932
12289.712387
12201.888664
12201.888664
12009.709537
12232.019652
12506.811293
13233.065061
13582.986902
13729.978424
13651.213916
13037.071175
12468.022297
11975.191171
11853.259825
11435.280867
11428.864741
11083.817237
10577.189580
10435.261905
9907.295760
9464.192584
9758.873864
10295.891198
9690.790136
9895.438984
10246.822035
9731.280751
9587.016889
9941.008469
9938.561173
9618.392130
9787.101399
9833.498437
9366.786417
9541.040326
9671.691064
9524.193063
8916.098148
8951.303266
8753.496987
8376.274663
8555.727763
8718.143453
9030.248137
9030.248137
9121.351171
9385.894838
9740.966570
9935.630303
9896.736242
9763.013507
9520.077528
9293.560586
9392.382751
9704.830836
9871.281256
9786.248931
9802.734097
9660.331506
9282.856952
9300.186665
9595.858546
9648.450635
9450.274021
9763.441961
10575.774714
10802.168870
11033.843910
11264.116798
11660.935081
11050.773213
11061.708107
11092.581520
10954.315116
10696.044549
10694.686195
10135.487293
10083.629774
9938.426234
9522.495480
9471.476860
9974.353308
10113.147225
10705.204442
11125.449889
11165.713740
11080.079396
11578.710420
12149.605421
12441.673400
12993.568299
13217.551767
13257.509128
12854.227040
12945.922308
12675.451583
12468.503049
11673.813804
11535.215263
11273.468673
11549.941079
11953.193774
12361.145728
12232.840068
12260.721222
12152.373278
11721.393440
11292.597673
11292.597673
11205.430398
11037.178956
11316.091141
11525.716946
11250.391781
11318.486548
11107.388354
11105.795909
11143.248764
11202.889426
11595.209658
12422.217030
12285.571426
12400.726669
12600.594159
12115.170183
11639.009542
11822.737819
12003.762395
12227.798011
12345.691838
12285.497124
12153.275880
11938.165095
11720.569302
11722.998448
11942.494468
12210.481331
12346.718121
12218.837298
12564.237576
12935.047323
12843.439956
12806.111717
13226.103579
13115.102694
12253.762290
11942.702090
12178.936645
12413.004730
12496.339469
13105.829492
13161.662702
13305.721328
13180.064308
13007.488123
12849.719729
12868.946389
12636.694233
12564.205886
12502.215349
12589.810002
12788.028904
13074.762377
13078.955355
13514.015225
13462.946687
13539.169992
13215.482686
13358.130907
12973.864270
12923.240852
12868.122318
13283.537541
13109.043385
13021.502004
13383.950352
13727.046243
13614.283202
13610.004615
13736.205340
13567.570378
13203.469408
12951.631723
12824.302570
13050.080790
13457.408486
13538.015169
13347.963239
13633.357530
13605.944800
12989.859175
12772.219117
12690.573504
12697.034879
12196.335995
12115.481122
12247.388006
12358.688499
12013.273594
12400.853790
12897.691234
13471.164441
13663.141743
13940.568134
14138.890688
14038.380563
13546.326954
13493.879249
13662.392190
13595.937789
13803.082130
14075.800274
14188.676091
14129.210667
14005.363631
13623.585538
13690.312682
13792.501507
13907.396414
14321.168024
14589.734007
14355.376661
14572.793771
14596.051375
14815.352374
14649.425927
14666.259416
14329.756850
14065.248926
13799.034728
14120.910589
14242.269944
14246.751589
14602.690687
14728.667981
14515.110125
14619.884648
14646.773850
14216.395433
13827.843430
13602.467656
13467.988618
13568.184559
13738.833926
13662.239190
13529.531515
13417.145079
13437.787725
13505.976750
13895.935082
14247.937238
14117.854051
13818.892384
13938.066781
13966.158690
14130.069488
14456.257814
14803.464297
15016.924954
14462.050581
14108.490463
13528.579654
13394.892505
12997.772197
13217.705705
13533.476746
14091.901220
14223.232332
14517.649425
14739.590186
14884.564503
14750.221997
14607.791179
14495.161368
14296.719046
14202.761074
14298.937900
14524.796003
14260.228827
14157.917075
13793.331917
13480.234397
13379.734930
13516.121319
13740.069047
14102.865046
14729.491254
14821.318689
14729.731923
14521.125942
14508.081000
14171.384399
13928.640536
13803.080079
14157.008023
14231.471716
14361.617104
14215.257326
14475.009941
14575.389603
14432.271582
14097.889998
14089.829473
14262.055603
14079.001315
14311.182827
14262.055603
13911.267081
13497.577230
13525.217244
13309.996662
13665.730445
14740.374758
15439.490629
15234.975238
14962.372879
14772.605878
14517.275088
14103.802420
14255.380214
14737.288234
15039.611342
15140.340976
15225.198185
15363.597852
15110.125302
14888.721677
14840.567573
15068.547621
15045.276075
14734.138277
14547.983887
14234.847921
13804.037173
13328.945039
13286.303039
13490.761775
13789.693260
13864.375025
14184.074575
14271.835017
14045.503650
13840.660973
13923.612185
14045.278319
14081.596449
14232.841306
14078.041451
13905.537890
13368.065901
13118.073687
12786.386602
12809.015180
12329.902068
12146.649847
12442.260314
12732.684213
12485.976628
12818.350793
13142.485743
13329.767166
13263.972259
13445.708212
13443.785236
12869.974307
12507.933829
12516.388660
12302.669864
12170.538835
13046.841080
13095.932178
12836.211139
12927.833955
13333.242217
13136.873596
13203.583837
13443.992034
13663.210234
13234.394842
13326.542869
13686.768161
13552.401916
13272.665697
12984.560799
12411.217093
11652.139799
11229.942460
11336.714752
11786.625837
12494.520762
12619.674486
12739.758647
12639.262760
12890.404167
13131.571372
13645.412449
14408.499658
14979.239013
14734.387629
14437.968937
14081.820769
13945.338159
13600.696402
13826.303921
13856.450381
13954.123638
14026.666204
14275.660304
14083.490137
13825.819182
13853.329684
13544.454557
12808.179329
12540.411850
12471.831815
12317.982599
12525.050298
13286.220386
14134.610961
14611.795147
15004.101595
14846.607061
14543.416255
14194.036808
13754.737473
13336.354570
13474.979782
13445.874222
13128.273709
13021.640914
13525.000873
13122.063500
12991.985509
13273.684983
13555.033509
13022.013611
13150.077861
13566.679296
13649.209009
13521.141648
13740.785569
14081.926769
14023.230336
14212.794360
14259.726308
14507.192394
14168.218643
13835.490668
13687.924856
14056.594800
13617.896722
13635.268549
13858.949950
14072.043591
14338.568709
15074.019207
15208.148151
15521.755621
15279.123086
14607.157103
14532.935019
15135.631446
14702.935921
14259.648473
14407.131500
14135.948531
13396.426362
13206.153066
13359.511092
13246.646923
13359.511092
13513.415276
13941.614376
14278.660017
14534.491406
14376.856531
14613.025476
15054.318911
14710.996116
14431.672211
14561.791809
14570.365249
14298.832067
14569.185791
14710.070676
14501.342533
14407.651202
14252.643385
14269.502104
14263.208226
14322.874213
14647.010803
14632.244618
14577.125968
14917.928538
15039.565635
14574.740926
14304.952125
14462.711497
14279.480363
13978.576701
13748.931968
13594.208028
13350.919931
13589.835339
13969.335061
14252.689701
14737.970624
14603.487969
13804.048020
13544.012629
13721.174985
13436.860925
13649.644893
14163.652055
13837.265983
13217.087899
13332.186237
13643.084550
13257.556292
13310.978434
13594.362874
13594.362874
13321.335726
13788.426963
14231.642596
14272.338575
14146.670574
14078.468455
13912.245790
13944.001194
14074.279426
14038.425004
14134.743479
13978.576701
13665.613297
13750.832238
13384.891457
12717.728428
12545.057867
12864.773422
12705.291830
13369.794630
14081.802110
14246.093247
14045.591969
14416.466496
14663.202145
14714.646167
14810.282057
14963.558549
14846.705535
14484.374575
14465.620982
14635.996779
14472.277317
14258.797784
14401.080957
14418.001180
14671.743204
15045.167117
15381.776227
15402.637377
15036.047257
14756.860556
14995.536809
15112.898326
15018.659337
15231.842516
15253.265383
15142.347454
15020.640138
15298.598885
15386.168468
15526.611793
15656.971013
15699.979059
15675.154639
15847.272718
15915.310340
15525.417639
15525.417639
15493.895230
15446.564983
15184.823409
15046.098390
14886.062865
14957.491919
14117.533742
13998.137184
13718.917592
13457.054041
13607.121666
14824.306369
15272.332624
15849.076700
15972.725897
15785.760963
15499.817745
15437.763967
15450.573408
15601.671963
15070.909527
14670.085584
14644.284992
14723.019836
15066.070276
15624.621901
15631.081077
15426.702758
15276.777698
15029.924877
14670.239235
14780.974290
14785.459809
14514.528253
14435.502660
15019.138017
15362.474687
15941.909406
16575.113046
16743.504923
16678.817958
16627.723895
16410.137307
15930.127483
15787.611255
15553.498685
15751.739254
15626.379809
15971.175977
16112.913436
15949.081443
15145.405711
14819.413174
14341.612453
14004.863579
14280.616873
14854.555760
15116.463266
15180.406934
15402.338299
15442.182028
15535.519313
15616.414408
15908.925717
16064.919555
15489.551188
14954.240770
14978.163373
14764.404008
14805.293767
15041.000375
15592.948148
15559.633951
15702.141933
15596.189625
15819.384053
15455.103828
15469.492150
15115.930175
14941.146113
14861.299765
15187.973638
14729.472533
15275.125248
15535.170215
15589.593181
15382.929673
15321.025027
15084.531489
15029.193495
14870.013394
14707.983712
15198.854673
14962.110247
14211.468652
13794.987720
14129.926660
14095.754936
14460.689373
15176.544417
15521.641417
15513.167378
15542.601233
15564.248052
15739.509962
16270.008606
16436.586541
16157.062165
15679.884299
15272.727923
14511.551797
14008.033822
14044.622189
14123.351960
14211.072199
14526.517479
14748.200861
14837.703175
15157.707964
15390.021977
15906.377708
16247.656403
16464.559475
16690.610035
16490.370150
16061.548201
15966.325203
16196.122265
16228.026273
16388.197210
16501.109519
16364.848026
15466.829585
14631.197187
14348.047329
14690.791373
15080.449622
15841.799673
16195.723044
16281.003675
15394.428140
15028.171570
15543.524687
15963.298844
16238.884414
16794.408154
16863.429270
16722.693397
17257.597005
17413.263587
17359.182692
17143.574878
16448.608802
15589.319178
15075.937594
15230.460344
15680.131122
16046.675980
16095.656203
16248.830768
16290.802039
15722.120726
15297.659831
15120.703640
15376.607689
14977.515936
14857.868839
15175.504371
15864.699086
15842.325867
16342.603186
17214.634321
17382.256509
17161.429049
17244.827411
17254.611188
16743.120012
16418.947360
16418.947360
16096.453437
15695.830335
15885.626080
16101.054114
16138.811656
16865.295968
17204.524590
17366.647272
17381.455326
16547.816937
15560.506669
15050.090556
14754.205333
14555.758517
15174.479709
15892.522653
16452.949241
16201.344126
16005.500959
16406.023701
16075.655662
15939.531414
16598.040356
18126.570173
17953.837391
18216.501559
18172.853769
18147.087275
17287.254515
17196.509733
17422.620848
17808.812517
17296.980987
16523.898789
16199.717679
15798.703762
15957.796601
16891.162975
17844.605617
18389.631052
19089.619114
19983.697766
20392.847255
21409.906113
22395.347766
22260.594004
21629.384070
20448.373101
18455.094480
16794.061390
16730.699204
17359.572638
19022.390020
21145.637070
23567.740148
25300.560146
25653.894974
25750.230471
25777.923298
26387.630312
26195.764632
26965.193726
27182.625778
27958.632100
27943.708058
28696.246737
29252.411520
28988.064004
28348.494660
27747.332038
27165.341102
24905.140751
23145.827280
20626.734501
17946.755215
15865.918649
16135.718243
17930.896911
20224.550439
22964.142492
23518.026247
22788.844464
21637.182955
21083.243117
21251.486170
22155.560070
24311.060293
25508.885459
25311.052121
23292.215399
23336.967615
22527.811725
22259.574454
23647.028211
24563.718243
24661.580375
24783.050087
25379.915669
25733.932103
26053.280240
24392.924173
22883.118876
21375.962925
19470.348557
18939.713786
20105.664432
20289.131158
20524.047992
21182.692399
20720.176517
19840.324875
20019.764264
19894.050018
18379.937599
18000.980331
17284.943361
16219.810796
14889.923202
14248.151393
12845.384115
11747.366021
10549.699348
9532.733886
8716.063458
8424.159184
8283.046033
8183.071085
8150.456969
8131.976562
8189.171848
8262.226188
8502.058821
8560.078212
8845.477059
8998.820379
9126.981565
9329.816723
9717.630358
9997.495646
10240.029283
10628.444788
10776.255491
11116.857594
11345.539560
11446.099620
11480.096906
11887.440980
11930.554600
12062.802009
12201.080062
12683.293664
13069.600318
13583.376263
14039.092298
14502.446521
14455.168383
14403.131843
14599.107686
14601.740075
14827.289405
15221.605404
15435.042797
15610.090995
16226.743047
16496.858654
16308.072470
16254.770380
16230.081507
15846.669430
15402.852203
15499.326536
15481.824724
15207.093126
15023.595206
15508.047950
15675.823781
15956.511181
16385.032289
16597.932393
16689.608252
16853.639034
16748.639224
16840.831416
16922.061378
16683.148274
16632.171978
16801.417808
16622.122708
16664.802787
17004.341280
16959.406801
16844.070653
16765.008596
16692.954166
16349.831017
16449.563365
16414.180921
16469.785180
16384.840380
16337.312451
16160.784110
15930.059294
15713.417408
15431.134093
15359.135292
15408.122734
15629.670964
15736.457822
15936.681795
15939.039551
15767.809823
15715.890290
15654.175437
15667.002506
15488.330373
15315.632124
15223.446236
15018.757835
15142.419476
15253.329797
14846.294822
14116.344368
13626.039415
12726.543658
12152.975391
11976.369906
12068.285001
11498.492975
11208.950401
11405.203357
11379.439017
11318.550767
11555.428451
11585.204781
11107.485159
10933.016346
10778.255391
10882.453101
11130.278003
11005.931842
10622.703041
10267.289591
9740.568805
9116.052198
9152.325541
9166.950358
9051.546060
9417.971593
9521.392367
9503.818595
9708.714697
9654.350807
9724.600471
9937.938612
9805.133126
9929.394696
10485.576146
10524.111765
10822.040163
10860.878609
10538.903421
10045.507318
9595.565882
9011.222279
8713.153824
8612.797006
8581.727101
8792.397036
9137.855578
9321.055567
9472.067388
9769.802677
10050.861964
9999.795167
9835.722560
9475.325233
8904.505238
8465.447523
8245.457259
8021.465496
8294.761776
8790.424666
8595.825463
8276.542437
8738.325473
8924.749446
8287.212834
8442.487876
8534.099385
8256.786181
8303.559641
8988.006194
8970.685630
8974.636951
9243.521789
9255.834878
8459.945000
7959.118088
7779.668324
7434.162951
7221.302706
7626.438037
8232.277715
8611.379599
8620.757295
8573.111695
8376.367172
8093.334932
8055.217841
8290.818681
8263.280055
8897.463485
9321.172587
9387.643198
9135.972611
9165.786308
8667.927503
8403.695778
8318.647698
8354.765147
8218.968490
8717.590815
8950.470455
8950.450055
9092.905986
9114.172726
8756.494474
8671.227609
8942.253366
9220.502833
9459.997040
9813.248583
10032.794877
10028.492670
10241.627244
10380.688262
10438.809418
10076.571786
10104.344086
10150.970686
10196.186028
10081.140147
10511.842823
10641.049235
10482.285735
10275.091484
10124.755258
10162.661056
10436.081355
10465.739542
10640.663757
11162.766089
11133.041957
10935.406429
11028.645696
11190.760371
10991.942322
10954.054491
10798.331692
10798.331692
10861.821845
10935.607115
10911.778908
10962.786582
10819.985980
10783.814817
10488.619363
10666.255846
10687.199550
10697.840248
10651.083643
11198.732056
11216.004950
10802.497982
10254.722551
10089.027939
9624.462654
9613.438253
9999.633128
10704.941823
11212.217536
11879.589958
12041.428384
12186.738432
12339.698482
12235.674007
11940.167716
11976.813287
12221.864576
12032.206038
12055.612588
11919.647603
11572.464479
11273.780188
11714.412465
11848.837263
11870.054165
11871.672635
11829.532129
11503.879930
11366.948576
11442.194569
11736.134835
11985.819525
11898.170701
12036.669977
11980.879301
11806.092156
11835.993725
11816.519798
11138.489294
11113.495874
11567.810723
11678.323034
12036.340443
12437.072912
12684.253989
12592.439675
12767.429551
12771.395888
12479.312220
12354.474193
12036.210423
11546.060229
11304.992117
11652.435083
11535.350343
11495.025735
11573.941915
11618.974548
11791.183099
11749.987200
11845.830665
12348.445626
12421.432588
12600.094579
12853.192160
12767.883522
12238.766889
12164.530507
11847.021211
11521.022204
11439.871339
11848.707818
11757.342794
11723.617993
11846.815417
12106.464075
11874.541996
12089.869661
12095.847754
12278.283754
12363.152535
12305.793101
12115.786214
12115.786214
12153.384152
11987.674144
11707.884130
11829.480004
12121.129109
12472.918226
12654.214554
13018.781180
13255.046699
12907.956268
12914.331397
13033.497333
13059.632445
12960.880126
13400.169547
13402.144732
13436.642030
13700.783928
13975.792603
13894.637220
13825.719356
13789.487403
13260.694151
12973.229057
12695.892129
12294.170343
12044.928224
12111.121473
12347.554883
12684.509554
12901.926689
12797.596715
12893.677898
12861.552105
12337.880057
11881.401941
12237.350383
12292.997449
11670.821358
11937.290209
12283.563967
12401.047444
12386.321901
12825.329121
13136.660819
13084.180962
12555.888531
12120.597642
11743.599337
11301.792278
11299.851503
11417.725701
11653.658577
11864.771102
11971.445876
11808.450940
11724.824506
11710.205217
11565.325731
11467.303252
11454.550754
11529.488681
11915.396801
12039.534569
12514.449963
12598.344848
12474.447327
12326.866044
12583.324932
12354.850422
12555.926441
13039.813506
13132.953829
13193.336728
13109.558711
13051.424261
13315.529812
13701.886107
13642.082589
13872.405362
13359.763109
12486.078217
12238.350187
12030.064200
11780.455305
12200.515818
12556.557054
12095.827892
12102.779899
12466.923715
12579.634391
12647.944454
13100.196274
13379.503271
13068.168918
12808.562588
12324.989369
11829.773824
11870.427466
12256.857104
12695.852983
13311.994822
13740.255000
13721.354555
13350.351411
13019.967334
12653.178957
12664.408839
12672.633793
12647.038680
12885.177984
12908.512960
12563.472001
12228.196474
12424.789490
12660.683467
13210.811426
13718.402479
14547.303285
14306.912533
13671.178669
13289.379251
13193.560897
12436.617542
12775.651365
13288.198272
13435.556999
13121.982660
13277.398703
13238.840704
13069.526460
12907.819532
13009.735636
12705.415123
12478.925348
12399.990647
12363.205717
12660.003211
13069.059345
13384.499967
13825.754078
14113.570250
14128.647828
14217.833257
14013.369068
13791.868331
14075.324362
14113.632139
13723.430133
13542.157731
13109.310907
12561.730683
12248.090855
12510.021765
12103.287700
11919.371137
11759.114192
11573.895098
11313.706889
11610.000751
11938.383718
12041.095898
12349.545608
12432.732510
12411.519371
12455.762154
12745.229296
12758.307870
12568.609427
12615.421034
12489.943861
12501.211853
12635.086607
13059.791360
13356.166735
13414.060444
13422.512925
13418.310779
13115.625432
13379.898926
13589.120364
13341.597034
13288.607584
13329.123656
12725.950964
12324.170294
12321.896653
12155.189335
11920.457113
11978.100711
12193.377032
12218.975780
12221.360387
12400.543257
12747.879865
13199.039052
13561.626006
13636.747487
13386.774885
13333.869579
13162.193094
12872.159014
12413.981988
12722.788891
12648.259728
12312.130170
12254.153219
12260.645178
12228.343869
12126.286898
12258.094154
12119.516298
12405.331979
12458.286241
12217.861194
11920.392131
12025.151292
11609.653028
11095.982197
11185.225719
11540.716486
11640.812580
12208.070361
12448.698351
12096.576072
11683.302912
11866.742962
11868.463111
12109.851269
12655.402510
13052.396538
12901.138339
13001.406721
13171.755232
13139.969007
13031.413979
12944.029521
12583.651493
12543.047455
12557.342964
12768.971528
12950.149818
13366.019056
13377.166556
13739.095963
13649.128232
13798.469253
13911.629920
13606.536819
13204.029648
13163.859306
13155.523128
12809.948099
13255.383853
13283.038539
13550.971295
13474.128048
13638.149862
13572.222064
14145.654801
14281.566179
14287.998920
14264.743195
14087.600822
13727.119791
13884.138573
13800.834006
14129.397828
14172.041767
13926.877099
13676.017487
13665.295410
13262.589575
13349.882458
13232.484804
12655.493814
12585.074621
12645.210914
12631.916905
13081.821911
12933.166889
12828.539274
12980.459388
13039.961436
12634.939688
12881.591760
12805.138643
12211.870564
11445.106940
11011.972416
10788.140488
10762.787353
10850.055901
11408.449648
12110.189927
12469.220845
12375.423921
12576.341353
12580.139418
12290.283994
12070.537799
12301.390748
12529.675216
12548.069789
12722.925284
12932.642473
12981.627627
12633.985175
12843.043396
13010.572148
12775.087820
12994.364183
13239.791606
13001.218419
12954.485185
13357.764687
13148.938643
12699.013557
12613.833833
12585.962353
12312.167313
12301.453925
12981.591974
13262.983342
13173.205509
13624.748805
14315.354061
13906.109185
13511.885861
13332.986881
12987.664456
12094.797894
12139.062178
12437.339359
12393.117034
12430.579722
12656.426364
12837.834458
13081.008133
13295.873862
13193.623614
13159.456032
13396.302278
13306.497089
13509.074886
13545.010483
13681.463622
13380.863683
13193.549618
13125.510455
13567.137892
13841.591987
14477.013305
15060.963934
15194.996637
14645.500029
14325.717394
13799.302751
13619.989405
13831.297952
14301.661589
14356.898684
14414.632936
14706.678920
14124.431033
13844.503126
13950.975310
13944.566394
13514.359622
13976.617540
14002.151455
13609.491076
13686.332426
13690.761999
13568.911026
13698.701949
13751.745890
13442.950589
13114.682466
13018.732470
13217.270529
14003.825656
13652.185591
13385.492794
13221.290543
12878.739329
12125.948471
12684.478891
13309.351886
13409.221266
13380.045836
13608.165490
13778.726467
14130.402209
14230.755654
14188.848997
13950.126284
13677.274756
13238.080505
13006.142046
12949.558156
13183.860970
13247.729178
13335.124761
13712.320078
14249.710624
14806.479149
15556.659997
16279.267222
16616.650241
17153.576610
16979.331850
16516.143835
16239.113640
16514.207355
16982.044464
17161.525610
17392.233227
17320.916040
16683.749728
15285.318812
14632.609506
14082.460471
13709.765291
13769.441682
13974.450655
13901.697901
14023.123519
14016.957452
14195.891010
14450.930020
14612.911187
14525.731517
14981.518737
14781.417981
14616.518598
15113.309756
15484.152023
15522.085981
15950.774244
16226.996376
16141.909934
16090.429296
15757.862743
15600.257687
15934.834814
15977.411878
15685.259321
15386.602421
15077.739659
14565.495291
14445.949823
14516.271104
14495.204607
14688.934571
14693.300751
14859.552231
15571.545736
16607.368757
17214.866746
17825.425493
18045.498241
17439.756386
16469.951207
15742.711036
15592.210403
15684.628099
15822.702060
16869.653918
18020.692486
19116.397673
19510.144187
19612.883014
19149.930622
18045.868332
17186.646416
17602.370741
18693.722641
19633.964173
20309.744457
20190.866238
20088.484271
19992.837136
20282.229631
21217.519586
22098.352657
22204.559267
22341.701276
21409.734599
20085.851737
18913.350662
18589.284518
17537.931336
16951.398732
16706.833716
16771.502284
16462.091584
17054.969109
18500.289608
19881.650325
21453.953395
22596.217828
23600.242540
23894.918137
24762.576649
25300.133896
25847.714643
26139.714532
25873.166966
25305.496585
25061.306699
25008.086490
25119.240990
25724.385313
26015.990320
25788.489683
25455.817997
25027.560113
25155.388147
25215.468267
25338.604987
24482.049471
24643.185633
24311.052538
23905.470033
23880.752188
23309.084567
22181.802946
21384.647613
20857.801444
20353.519821
21428.221411
21694.278058
21671.399085
21127.776952
21102.869840
20345.873271
20401.301319
20288.729638
20296.729754
19841.295488
19864.573342
19704.664851
19105.967669
19041.204681
18416.487399
17712.699783
16949.830440
16461.676662
15947.654320
15359.905310
15153.416665
14505.158132
14019.518529
13221.929962
12519.634464
11296.065978
10089.479818
9129.760379
8323.924186
7522.951200
7131.570036
7090.781713
7073.393375
7145.894796
7270.743812
7420.572617
7351.630165
7311.749762
7416.311716
7452.370265
7376.839818
7549.552828
7714.239762
8055.441901
8474.988834
8703.224528
9170.246491
9596.068369
9771.228793
9823.947971
9883.821350
10101.210877
10305.301436
10431.631892
10688.395142
10970.270119
10854.893930
10739.977377
10539.360528
10372.378076
10681.298993
11216.376721
11666.410401
12069.042950
12568.796766
12798.579418
12945.947123
12890.380715
13016.351230
13169.341465
13412.364114
13473.968129
13912.915844
13919.520651
13969.805684
13971.710968
13965.717885
13728.658170
13937.615262
14069.426296
13881.753737
13977.456415
13939.382859
13986.588783
13908.957126
13940.890553
13994.263461
14396.816335
14480.326016
14869.235059
15538.477662
15764.496681
15841.464326
15941.155990
15695.063101
15257.645208
15125.452246
15183.323000
15276.521004
15153.464314
15085.305778
15104.631725
14837.884284
14543.953361
14890.696130
15210.593527
15089.166334
14880.634483
14982.041810
14863.275258
14752.434811
14682.458072
15044.937073
15236.648824
15205.275772
15177.231939
15207.184125
14829.938541
14701.866149
14643.436861
14447.388406
14363.984419
14498.318060
14439.003566
14279.729026
14382.326730
14307.519674
14343.797615
14249.906683
14157.983458
14134.740361
13932.143455
13893.865259
14064.382494
13949.388545
13358.951669
12821.755198
12235.928611
11610.937780
10956.674499
10602.498320
10436.468692
9967.520350
9613.610155
9729.158770
9210.387010
9165.948883
9174.433912
9070.029709
8771.305071
9099.768362
8996.806834
8796.406087
8686.172825
8737.906002
9068.602049
9219.931562
9183.112167
8991.876178
9067.188068
8851.291796
8965.073275
8930.436369
8988.160464
8793.118892
8309.612709
7817.246459
7735.714025
7646.599883
7746.775273
7924.286664
8117.959681
8265.119067
8480.466998
8436.994691
8191.696724
8061.297772
8142.286020
7912.375482
7934.966025
8274.252477
8582.815649
8595.776298
8702.556037
8331.948088
8413.238003
8331.948088
8404.436238
8641.981042
8996.839397
9079.964826
9024.867870
8813.712348
8687.129462
8610.934712
8591.437821
8610.934712
8653.123281
8499.791537
8399.758137
8271.380854
8250.027932
8139.824168
8088.366409
8219.870200
8303.160450
8484.429327
8927.708476
9283.286359
9406.506648
9534.658075
9214.935842
8975.643853
8665.295498
8516.822966
8135.044265
8107.495944
8188.792853
8028.908688
8180.625616
8481.183814
8950.577527
9197.447803
9587.886611
9452.111645
9411.438063
9174.700594
9055.808265
9181.955641
9254.540576
9593.518327
9648.598590
9548.657300
9519.523830
9730.469989
9602.083902
9667.753425
9990.135496
9992.517872
10055.358421
10150.830382
10193.312100
10197.658742
10236.227034
10146.766311
10069.128612
9947.890779
9724.341185
9451.418747
9372.115906
9259.017497
9801.014999
10331.127667
10768.474225
10887.480805
10831.337871
10346.212317
10267.294387
10329.302438
10539.884819
10966.528076
11098.435147
10674.154056
10633.271050
10884.887366
10537.766666
10816.563146
10937.802862
10607.762108
10585.025486
11115.497940
10981.241797
11164.576392
11420.137916
11217.549429
10733.188963
10498.774383
10475.792743
10441.174501
10387.119550
10453.232463
10915.955543
11054.830125
11124.948712
10774.189782
10886.526826
10814.282367
10905.596168
11054.934787
11313.943585
11376.268332
11151.754173
10960.323274
10740.563466
10891.254243
11193.899979
11946.668270
12289.841539
12856.784685
12944.530986
12324.044846
11997.873109
11769.828857
11366.839802
11435.497743
11923.730304
11582.838193
11504.054312
11514.706466
11379.083187
11054.895847
11031.663274
11098.812042
11003.653910
10941.166601
11435.391500
11612.752895
11738.191577
11706.215706
11763.080860
11609.495237
11453.666348
11296.059900
11583.244317
11901.866147
11489.799719
11385.560298
11370.583808
11447.415392
11026.922014
11472.644051
11829.150250
12086.869130
12495.957024
12889.145116
13191.820003
13460.020670
13415.440724
13095.731789
13217.103733
13182.987828
12897.400484
12724.537901
12430.338863
11815.388816
11651.604247
11843.669656
11787.715925
12003.038045
12501.371850
12607.602657
12588.130780
12773.918605
12711.803335
12705.941002
12456.282183
12170.364675
12095.779345
12251.613417
12082.346840
12054.578381
12246.712710
12148.231378
11634.508174
11481.769828
11701.351923
11613.990393
11633.374437
11989.189250
12033.200278
11706.782293
11939.241509
12024.830394
12195.173614
12475.503246
12905.988721
12746.008137
12852.845997
12912.233711
12987.559261
12829.465052
12819.105691
12916.969229
12802.349061
12689.420270
12766.431045
13005.206324
13149.897415
13301.132340
13365.995441
13206.141513
13039.919099
12664.939049
12350.763441
12368.107736
12666.208274
13003.118720
13681.198240
14271.994324
13962.352601
13414.286476
13039.422776
12734.480571
12346.348450
12225.172739
12246.687587
12095.132823
11734.506864
11674.914217
11932.080697
12087.753479
12288.939023
12410.242798
12443.685725
12696.730441
12520.072532
12390.188489
12046.495884
12130.042018
12435.479266
12916.571760
12989.375417
13270.612914
13520.121074
13463.817529
13634.115492
13911.609682
14195.170182
14297.463317
14169.724627
13771.239759
13485.206615
13319.169844
13024.750810
12480.990517
12617.696733
12694.564664
12571.107771
12340.279264
12836.269840
12780.463193
12827.526490
12898.056911
12927.700305
12817.190681
12840.037886
13015.255251
13226.390815
13599.085390
13490.690788
13409.345112
13320.178478
13320.178478
13115.428705
13232.522941
13264.521642
13247.518557
12693.438702
12401.127362
12340.365733
12566.415361
12453.779821
12722.134915
12752.482619
12639.314553
12460.136209
12476.946398
12988.842425
13329.715884
13702.298951
13742.530197
13859.814859
13533.836890
13320.554444
13241.469440
13315.365481
13692.960022
13878.684790
14098.052438
14202.474150
14648.038804
14620.423820
14426.656014
14434.956260
14430.799802
13776.522561
13187.968023
13351.733777
13413.913758
13369.976102
13695.773324
13998.574998
13915.511024
13892.707719
14180.709940
14664.743399
14739.492112
14852.130111
15084.804677
14549.482944
13679.569414
13295.692467
13313.077886
13008.376778
12909.727729
13265.667444
13875.640350
13570.777783
13491.777677
13788.952529
13952.806450
13754.825372
13825.220872
13526.673247
13507.538057
13514.380808
13494.772558
13514.379045
13865.766275
13951.462290
14111.642928
14288.357259
14247.946539
14337.598870
14306.266615
13735.493371
13493.888427
13901.167339
13873.044176
13662.312826
13529.592613
13683.499012
13014.291262
12856.543435
13067.497087
13206.128684
13131.474862
13766.750181
13860.319825
13883.538262
13971.004055
13766.320617
13670.466665
13928.261023
14137.211726
14597.787218
15062.822696
15252.711822
15455.142186
15532.121710
15504.636612
15316.759581
15372.445482
14530.069507
13591.336580
12915.809926
12493.869961
11725.341289
11562.309787
11977.914941
12425.659074
12679.569483
13084.271457
13777.276446
13909.094024
13647.004652
13776.943596
14186.381361
14825.650278
15327.784028
15986.166143
15982.107413
15493.836840
14596.285297
14343.381327
13998.051411
13369.001595
12680.617814
12354.592257
12042.457931
11879.016433
12104.429615
12677.756224
12965.765101
12936.308645
13034.415381
13371.478051
13520.640367
13987.700943
14111.158057
13797.695496
13850.919267
13678.141048
13172.919386
13125.039911
13487.023266
13559.856616
13949.867376
14307.840373
14282.887449
14042.331790
13905.625647
13963.264327
13826.560095
13799.593575
13957.265516
14436.725625
14889.104593
15185.243504
15030.409469
14552.922585
13892.526789
13295.187589
13301.461185
13395.573236
13226.776056
12921.658553
12616.326780
12521.907099
12848.819852
13520.083734
14053.125834
14285.540930
14253.109635
14054.727140
13560.133825
13140.232559
13626.299026
13937.523339
14188.418790
14793.769509
15371.749594
15133.051878
14957.864146
15309.605883
15509.683567
15458.453431
15224.082693
15038.858587
14543.176697
14521.932943
14434.430509
14532.563090
14282.900484
13948.636891
13483.689728
13253.597419
13581.914655
14652.115537
15226.924822
15633.788543
15832.156598
16154.263792
15501.658033
14860.036616
14105.020983
13789.826156
13476.171176
14222.641627
15157.467333
16759.905474
18263.342818
19143.777685
19226.892661
19952.034918
20410.761648
20813.749371
20743.326903
21116.583146
21637.068914
21634.971263
21536.821759
21518.006584
21607.234875
21563.505136
21742.413470
21450.286953
22002.810831
22846.633673
21840.604845
20934.533724
21350.615240
21216.787682
20622.050729
21777.763925
23353.193236
23920.214433
24647.454603
25476.497767
25336.748782
25112.576022
25144.551865
23631.140226
20993.856002
19967.258364
18723.944237
17656.368068
18487.318783
19937.271531
19698.741478
19407.123003
19647.476150
18565.328420
17899.557191
17811.564287
18163.757910
18022.903431
18764.909826
19033.509012
19658.826739
19175.085288
18778.062475
18720.837187
18268.622993
17890.253649
17984.041376
17463.425851
17090.353347
17340.075971
17757.619657
18044.674911
18958.418102
19534.195386
19318.974626
18520.134807
17680.638618
16013.360788
14542.327086
13994.364066
14084.065018
14602.463041
15356.922903
15186.416328
15521.289648
14421.525725
13457.757073
12611.134607
12238.152152
11106.653268
10922.554659
10542.475374
10274.609320
9802.854480
9301.616667
8917.885769
8551.064194
8081.888752
7694.083391
7527.853985
7460.532935
7168.227115
7025.696886
7226.430525
7447.744618
7709.346718
7952.117703
8088.445951
8131.492712
8118.183922
8262.659607
8723.376720
9584.275585
10198.096372
10532.909735
10880.134778
11176.762303
10890.892968
10922.759673
11574.569485
11798.881676
11632.584214
11673.098774
11718.192290
11577.650873
11598.154480
11863.007884
12333.704930
12508.614780
12525.720023
12592.687533
13006.547053
13153.186649
13304.960836
13891.155764
14578.799033
14683.264801
14687.533120
15190.539582
15525.525255
15621.580085
15817.997605
15962.357892
15811.458290
15429.783732
15465.363869
15416.358886
15559.332610
15473.825633
15804.007724
15787.489746
15823.764177
15610.427214
15772.974147
15583.034612
15486.673321
15518.841217
15814.616823
15847.127777
15791.913748
15773.049440
15702.271889
15608.801459
15297.431973
15117.999354
14865.183315
14799.229991
14696.680563
14737.620399
14707.454715
14705.799035
14613.441673
14504.840437
14530.360022
14343.119698
14223.489185
14082.824035
14044.847784
13952.977856
14181.146953
13537.197839
13121.920207
11933.965774
11240.931708
10009.040063
9243.818131
8725.624106
8674.583458
8178.127174
8365.159917
8371.593823
8098.559074
8261.673019
8542.372922
8538.546360
8445.526511
8041.219434
7725.754946
7514.098727
7184.265037
7643.499553
8287.642150
8516.445881
8453.939151
8628.350776
8880.384063
9305.777525
10090.319442
10589.734629
10632.130142
10135.827007
9405.769354
8789.930692
8228.662179
7921.746590
8116.097124
8463.288031
8297.401174
8388.930498
8429.268906
8471.284423
8147.847830
7959.579729
7522.892102
7468.889821
7396.140701
7696.383247
7797.084076
8193.184172
8413.151446
7990.963426
7711.560374
8059.104828
7978.130769
7732.610538
8178.260005
8127.264314
7231.956191
6847.446560
6971.460727
6906.654243
6895.402840
7367.113591
8059.911258
8175.279477
7945.144684
8017.556359
8266.944411
8241.162965
8339.633196
8316.158504
8336.204242
8128.236572
8062.663521
8029.038215
8229.371448
8065.186135
7995.175680
8065.186217
7867.312214
8044.398879
8737.692358
9361.937544
9253.484413
9361.937544
9471.039781
9417.339384
9296.737930
9639.900839
9861.013083
9602.015952
9266.857834
9380.069126
9324.812012
9265.449977
9436.225788
9895.041556
9896.711242
10169.956712
10182.155340
10350.096490
9940.639418
9704.015674
9515.973359
9827.462848
9864.791225
9982.092605
10148.475263
10217.060166
10331.757446
10503.811070
10466.976216
10330.903680
10032.482049
9936.554295
9405.779052
9733.481753
9795.468538
9750.459651
9396.782065
9505.745551
9469.684011
9701.960438
9765.407068
10129.871883
10661.452705
10488.276676
10586.137373
10915.230105
11068.367279
11012.029477
10814.154889
10666.763188
10830.881270
10703.275912
10667.240511
11500.798093
11590.660915
11145.016720
11385.813644
11676.648401
11477.959443
11629.985631
11968.980641
11717.265946
11198.451671
10865.880490
11012.320156
11311.238539
11226.081754
11662.970258
12142.268223
11703.526146
11244.694930
11505.002777
11289.782651
10937.975159
11055.176389
11358.145980
11761.406742
12135.410314
12666.107811
12768.436898
13033.067966
12853.706376
12665.709728
11934.316636
11962.245177
11802.253516
11763.740151
11947.797133
12058.290634
12157.019666
12222.938580
12118.736697
12057.566553
12296.572905
12347.505534
12235.218096
12264.990510
12494.750243
12675.747108
12689.031695
12566.977305
12609.734906
12344.642608
12099.098594
11704.741973
11915.606690
12152.559806
12125.207036
12204.219820
12545.146472
12187.136966
11796.509920
11848.718178
11794.249347
11699.812403
12153.584802
12312.050779
12501.963182
13101.083619
12911.102423
12572.545131
13009.392698
12810.815973
12422.726105
12599.671708
12727.397636
12516.593272
12372.762323
12111.746370
12131.222042
11886.429375
11773.258270
11969.879986
12289.811584
12349.025928
12788.223323
12489.881588
11896.398552
11708.439188
11222.287730
10762.396873
10819.440205
11131.134648
11057.954772
11435.522379
11802.407829
12022.583140
12289.947729
12541.161250
12615.793507
12517.983713
12436.709480
12415.902935
12322.096934
12674.306305
12586.676648
12411.581710
12508.053863
12573.805823
12267.140611
12565.239298
12556.800105
12412.340529
12342.315210
12619.301196
12681.313434
13267.563784
13616.646433
13895.791146
14616.709097
14631.324361
14237.085531
14222.563817
14230.987404
13382.496321
13296.770679
13216.411928
12890.004103
12265.694627
11847.534137
11826.110431
11943.477216
12198.678204
12601.177800
12767.943453
12744.454283
12779.188383
12680.671656
12330.720049
12697.450005
12584.700890
12258.272905
12346.327726
13105.110036
12757.801028
12535.497506
12827.933770
12997.373936
12839.318712
12760.931863
12792.872965
12754.572916
12630.956019
12164.291488
12422.210485
12496.527570
12360.186121
12297.356034
12513.168155
12290.749257
12535.587349
12709.014412
12964.274663
13100.552330
13497.280475
13341.250423
13497.280475
12863.648593
12514.023533
12529.265901
13091.910499
13219.209815
13687.417014
13911.901086
13871.605702
13485.218491
12973.644073
13048.998737
13283.263951
13332.735117
13469.055811
13646.058685
13568.437591
13521.361488
13236.239121
13016.321585
12909.673017
12518.896875
12077.371539
12533.840449
12627.741555
13103.117653
13529.275795
13780.939877
13591.174051
13695.539790
13956.067892
14265.342518
14409.859322
14337.884234
14179.933943
13367.614105
12558.067417
12447.875861
12326.104340
12153.371061
12330.512419
12807.263277
12971.353941
13280.429817
13602.594308
13924.034165
13740.233037
13529.143736
13329.081275
12520.891258
11919.683355
11863.359761
12227.647123
12394.190419
13751.880652
14265.773647
14244.931506
13959.065746
14051.211383
13328.629669
12767.657000
12426.772144
12281.925725
11836.389206
11582.622030
11733.976670
12103.857352
12215.254925
12225.648361
12553.779983
12920.503237
12876.478212
13104.718127
13273.279284
13221.876388
13006.780853
13056.441497
12551.907981
12515.402705
12587.768536
12773.363938
12965.558716
13232.335540
13031.911290
12577.296883
12332.355447
12294.543720
11981.336210
12049.304103
12573.943974
12955.608695
13066.451869
13607.938032
13665.609121
13804.111723
13793.397506
13737.134756
13187.202150
13493.999696
13536.737998
13423.697606
13375.687479
13761.640732
13652.694502
13560.789989
13727.142631
13593.792154
13314.093292
13329.247841
13587.344136
13613.115273
13803.082130
14022.449761
14065.076896
13413.052940
13033.445025
12964.516586
12907.104321
12623.500056
12973.209160
13132.362485
13207.822387
13419.012871
13379.027434
13499.882351
13738.921198
14065.013301
13941.425772
14190.813417
14291.450193
14350.975555
14104.154667
14129.871943
14142.519461
13991.308109
13981.061851
13967.889257
14149.334871
14562.791800
14835.497299
14871.809581
15064.448764
15109.157155
14687.006677
14235.125096
13838.669663
13583.368093
13553.280037
13758.128801
14031.149652
14515.021044
14473.371443
14447.665716
14326.141384
13976.491256
13505.427772
13486.253233
13772.063545
13989.519878
14422.396906
14718.788073
13972.178630
13149.660835
12435.653264
11831.999000
11806.421777
12991.666773
13718.939989
13953.190871
14563.012707
14825.129308
14643.389879
14229.762575
14163.776436
13890.935414
13567.194734
13483.220870
13732.109449
14190.790550
14382.876923
14478.787157
14700.723947
14670.505089
14841.179720
14890.108182
14858.185459
14695.064271
14871.807896
14671.520466
14528.652212
14654.257256
14658.554738
14598.904637
14176.996016
13937.987240
13884.935056
14029.305651
13747.622799
14188.930187
14370.158818
14235.761562
13989.022387
14419.562163
14756.845189
15076.812350
15217.651052
15193.905091
15065.918616
14635.399404
14390.669749
14535.353170
14633.525772
14740.225428
14799.722348
15004.509401
14951.378572
14976.509502
14873.785769
14901.480852
14897.614606
14797.341459
14546.349650
14484.172885
14623.312926
14757.527359
14403.537878
14970.297608
15402.888941
15291.905950
15161.908873
15609.826070
15210.377004
14377.055794
14502.770239
14920.585770
14973.874543
14743.849433
15426.446523
15673.748422
15262.015784
15093.725822
15254.264615
15273.882558
15019.938369
14623.494891
14736.729024
14870.152359
14307.371792
14211.573766
14552.464348
14946.639921
14949.079989
15402.984804
15567.250595
15349.526343
14891.147541
15175.795118
15274.123234
15116.146701
15254.520006
15275.782972
15240.604810
14920.766008
15087.010124
15261.996902
14988.745451
14564.521177
14781.924235
14930.821958
15259.337626
15675.468460
16085.047492
16061.183013
16245.279900
16148.843814
16496.130866
16335.509776
16480.234775
15992.359754
15691.637123
15177.639729
14753.450642
14256.792555
14555.143748
14299.273959
14041.491247
14315.086028
14218.912143
13699.088396
13865.323905
14229.782188
13982.881523
14358.293213
14966.001501
15366.754559
15562.761489
16319.649025
16001.909242
15618.483614
15450.249607
15458.353889
14739.313942
14924.697523
14864.913248
14723.849493
14812.141787
15055.883303
15126.276562
15465.554723
15286.180664
14757.778561
14448.267346
14339.760749
14007.000501
14117.926599
14527.136062
15416.044672
15699.768469
15750.727350
15798.037578
15417.819370
14740.433791
14510.540672
14307.663673
14137.080187
14397.052860
14761.112148
14931.384543
15078.743100
15200.106202
15262.151245
15174.606835
15157.496381
15279.056182
15063.708400
14839.747552
14695.303975
14682.736880
14469.514149
14697.171180
14763.898504
14494.216330
14235.732716
14609.039315
14798.862489
14538.741586
14448.594755
14380.419710
14316.325692
14256.900291
14734.485299
15390.783911
15631.786800
15686.612153
15959.939335
15906.627967
15459.081854
15348.669938
15472.461152
16005.409568
16068.856493
16597.948814
16772.881147
16431.731263
15619.713981
15521.533060
15402.407479
15428.000426
15161.495123
15144.442869
15280.529806
15205.623186
15702.122625
16102.945153
16196.727656
16431.420060
17198.120436
17979.344299
18379.916510
18430.954383
18595.204984
17771.086962
17122.920944
16342.842910
15824.775587
14914.207894
14551.122505
13917.822311
14124.200128
14023.992158
13838.872925
14177.363176
14143.175677
14288.243446
14855.617528
15541.827797
16340.889789
17506.324212
18615.143472
18688.034721
18470.805895
17606.703145
17026.702980
15858.683221
15773.401059
16792.685157
17937.721992
18688.251905
19826.911610
20958.620343
21137.784035
21030.883611
21123.047414
21314.795119
21824.472381
22293.432603
23314.172187
23493.190582
23729.470556
23833.926625
24249.895521
24189.268053
24854.218736
24700.644421
24449.050627
24203.916365
24501.224567
23857.398116
24127.572412
24419.814206
24777.961501
24441.339621
25046.414067
25234.221609
25652.162885
25703.385874
26247.004976
26513.484498
27206.068107
27654.020673
28366.024353
28874.525780
27601.480011
26550.173731
25036.974625
23482.707933
20125.155891
18344.564499
17125.340827
16483.998337
16329.990329
17785.239422
19812.241456
20672.200252
21582.230536
21100.292890
21206.729770
20980.354508
21078.810673
21019.090728
20759.533988
19647.118685
18674.951226
18124.663562
17303.398413
17883.708063
18922.833278
19664.983216
19319.242607
18500.611451
17143.000068
16553.403909
16143.301463
16301.437641
17056.033186
18309.870606
18585.689868
18265.636229
18349.287772
18133.784409
17897.687529
17474.675240
17308.784310
16613.154283
15912.173381
14997.335157
14134.319874
13205.016006
12307.068951
11465.210412
10332.665606
9410.839969
8786.648993
8296.092975
7831.814618
7511.912501
7372.975873
7254.078298
7194.447621
7221.726883
7211.066819
7284.451380
7329.802998
7505.873411
7702.519895
8005.496187
8256.339941
8545.958092
8780.211794
8917.467812
9119.579413
9182.419713
9563.946939
9749.463302
10000.485323
10058.298639
9842.839755
9749.442286
9949.458568
10326.977492
10364.978358
10930.149987
11332.190492
11392.321482
11394.592879
11931.779050
12201.542881
12453.378303
12760.252608
12802.827341
13001.247284
12875.569893
12532.184081
12562.402063
12525.829179
12519.721296
12868.884681
13248.080927
13550.988532
14034.771110
14322.578771
14514.939176
14612.882668
14730.039382
14813.554326
15099.235495
15145.180368
15125.691689
15083.539534
15094.124284
14592.858259
14289.951218
14274.866527
13961.578705
13895.280822
14068.160857
14262.308504
14232.664249
14349.805382
14241.186763
14230.546426
14223.936472
14019.864900
14119.936596
14130.346538
14179.429000
14286.222664
14431.075924
14318.316701
14542.034395
14533.692387
14728.289935
14925.846442
14900.541955
14861.786219
14638.397534
14303.774787
14363.501103
14779.136272
14834.379981
15012.278873
15412.763230
15374.459136
15338.196546
15566.634923
15600.714298
15529.767348
15299.103899
14461.433536
13389.371500
12278.541248
11456.830892
11448.324562
12098.584132
12411.659408
12111.218007
11943.820395
11067.780377
10098.116822
9311.211842
8972.067727
8140.327254
7852.314467
7031.435213
6654.167686
7198.197580
7705.829714
7833.480933
8061.630873
8300.231276
8071.922722
7992.824917
8282.911909
8453.631174
8402.219703
8523.260984
8822.968768
8850.297007
9050.426438
9462.145274
9823.126121
9289.247722
8848.044716
9093.000367
9167.540918
9048.115899
9623.739838
9583.390641
8919.072833
8642.774094
8499.817522
7594.785811
7518.130490
7884.208777
7854.189306
7995.295638
8290.334043
8485.834966
8364.700805
8432.348488
8591.052187
8638.432691
8587.699275
8534.142423
8453.660698
8470.841077
9150.258373
9565.399470
9836.177407
10299.362928
9860.035548
9307.703121
8992.077095
8898.529444
8595.737043
8706.735789
8844.934013
9275.273199
9219.934820
8908.401752
9087.405075
9036.996871
8542.665848
8860.385635
9250.907257
8995.448757
9107.752127
9325.162047
9197.115300
9425.545415
9736.181380
9659.575493
9671.759012
9625.226741
9305.382982
8981.783928
8887.745665
9241.136453
9863.723726
10089.680506
10288.189466
10436.347090
10047.831794
9489.484755
9615.943902
9617.630493
9297.812947
9461.984075
9259.068498
9167.580675
9510.458498
10020.831039
9919.054539
10255.265947
10309.280152
10381.220479
10667.599886
10763.333727
10631.778508
10566.142387
10439.973580
10418.966986
10446.435719
10817.749427
10632.044624
10457.233945
10567.953162
10851.338605
10898.227452
11137.092715
11005.137844
10530.583299
10210.792195
9972.350602
9880.530786
10186.919802
10825.553052
11353.552344
11357.992961
11805.836261
12025.120803
11330.695868
11098.426395
10972.517180
10653.223352
10490.945772
10913.174685
11126.327853
11625.600126
11667.616387
12220.221754
12383.061256
12232.120005
12221.384838
12093.663647
11423.807715
11064.694788
10972.403425
10896.543029
11011.615912
11456.640239
11822.813098
12257.564304
12289.730625
12532.234804
12551.909829
12739.926157
12002.118253
11733.687076
11601.390696
11713.972845
11532.631195
12093.389960
12391.671238
12236.097993
11683.488247
11995.122742
12274.110119
12223.563876
12711.627740
13357.756134
12859.885934
12706.663419
13009.286370
12883.494066
12659.886607
13150.809167
13116.835164
12741.761491
12603.703275
12426.274729
11811.422974
11527.618456
11634.630746
11621.715334
11745.546881
12301.684001
12338.360542
12395.296268
12615.220576
12727.903571
12593.912937
12707.412418
12871.133254
13065.365482
12666.479247
12192.420163
11981.138017
11475.987811
11373.358130
12181.483618
12198.301596
12106.366745
12386.177712
12315.815249
11690.805319
12188.213350
12608.518723
12859.947045
12299.620456
12082.093153
11889.514229
12095.986605
12095.986605
12650.308207
13279.578790
13350.622667
13440.111421
13401.843895
13423.063895
13094.943679
12509.046770
11980.808389
12019.077379
11409.145156
11545.774875
11976.648766
11936.327241
12168.751362
12942.142429
13191.675945
13726.790185
14228.041951
14099.962651
13686.387256
13485.685074
13458.491102
13143.186312
12307.532830
11889.654578
11339.836160
10948.901037
10859.187176
11370.625358
11690.649754
12003.602510
12192.420163
12488.457189
12258.165784
12181.483618
11953.258346
11700.308830
11572.743406
12049.493436
12576.643810
12966.717438
13224.178067
13458.231791
13603.195950
13724.858469
13966.033424
13716.917885
13490.996971
13346.222463
13001.081820
12915.607940
13387.676230
13458.148312
13170.663868
13471.224909
13473.383009
13427.014751
13510.350213
13602.353659
13047.348771
12755.466008
12415.041397
12598.486431
13103.529284
13188.731548
13397.677446
13694.799240
13253.451772
12428.287846
12426.005680
12573.107471
12424.846150
12597.896355
13313.709682
13991.579621
14213.081834
14219.349610
14187.758399
14262.099596
13961.779357
13705.958158
13655.561278
13811.301593
13515.082032
13457.551496
13623.490175
13694.979083
13720.667840
13880.459688
14105.824998
13895.089810
14215.182981
14490.041812
14534.909317
14526.333628
14221.978575
14020.889900
14007.787434
13662.624671
13116.805754
13210.569946
13484.530485
13407.885804
13740.277010
13912.893987
13685.056545
13509.172417
13652.210641
13724.573240
14038.105201
14630.691359
14823.164032
14449.879404
14047.291733
13876.576828
13559.285507
13552.384216
13416.229021
13686.755034
13876.693847
14435.102129
14449.721521
14703.324141
14501.056957
14021.305564
13471.362509
12927.616865
13025.131127
13537.249049
14242.806282
14658.481166
14915.851823
15054.306829
14929.209040
14728.566216
14674.975902
14800.026196
14651.390029
14621.159528
14414.547873
13913.237581
13821.429561
13723.430133
13520.825024
13819.244252
14268.946424
14195.924711
14573.284218
14560.550185
14336.994653
14292.113465
14423.629562
14184.987241
14227.805165
14142.219612
14080.920325
13971.669945
13660.585403
13476.968130
13340.603492
13473.086210
13543.991776
13835.971376
14271.283280
14978.821796
14957.453698
15020.113589
14728.428896
14553.239036
14303.776281
14572.679772
14589.279779
14555.080268
14487.074334
14346.014274
13956.204878
14200.625627
14695.202123
14695.202123
14895.663433
14972.229209
14652.504044
14356.219878
14017.163115
13577.808529
13441.472487
13033.801762
12984.819969
13524.453579
13922.815020
14370.420701
14744.778921
14429.345171
14103.276064
13574.202387
12917.403576
12633.505462
12857.270020
12793.328522
13042.874168
13320.027978
13934.680466
14195.021909
14497.383047
14676.581671
14787.188262
14417.183722
14278.792336
14314.842796
14225.350145
14118.782076
14511.913773
14113.357897
14040.519004
13806.211862
13923.413832
13896.083883
14224.337367
14150.050645
14397.011519
14358.999263
14053.686733
13970.621004
13940.707591
13932.199258
13881.080275
14002.441877
13893.736739
13398.898546
13206.819479
13334.959926
13113.657596
13317.991751
14164.157274
14814.457145
14569.172950
14496.127534
14566.693393
14799.047866
14419.162209
14488.091247
14516.877985
14508.316113
14086.100471
14127.223046
14572.652965
15117.822601
15337.833343
15380.250064
15557.124177
14970.861274
14592.423728
14554.310935
14313.508053
14113.084457
14605.315912
14695.233634
14466.944131
14827.345874
14774.041111
14447.899023
13628.086147
13295.592467
12939.992422
12967.537194
13291.385072
14142.382096
15097.586445
15592.099006
15293.702627
14981.921443
14702.062224
14497.569680
13988.073634
13983.585941
14094.641842
14613.014222
14417.027271
14670.732943
15048.247540
15355.314428
15142.027845
15591.775288
15996.687283
16079.661020
15719.720809
15362.190884
14814.119499
14168.405034
13654.514394
13394.598761
13665.902030
13783.539259
13815.244181
14371.500332
14941.086910
15423.926864
15577.299053
16012.779264
15988.876395
15758.564700
15311.267072
14829.454696
14641.958788
14661.101112
14633.155485
14551.822748
14609.485979
14705.653257
14758.335280
14880.516895
14836.034693
14793.429559
14901.948861
14944.917314
14823.455556
15007.261162
15280.206353
14841.174406
14566.195731
14715.354182
14851.176879
15070.836071
15070.836071
14945.004519
14629.803951
14278.360579
13851.675184
14094.854155
14514.804586
14849.469804
15209.256035
15358.635757
14934.318343
14740.161037
14795.674752
14783.305696
15060.311760
15678.528401
15934.603509
15706.207539
15582.918624
15429.461610
15277.792663
14853.729166
15032.602408
15143.585509
15186.235835
14973.045173
15028.752128
15034.619828
14848.590714
14673.877757
15245.054336
15385.973432
15089.506391
14929.260889
14775.113599
14033.292175
13660.303998
13781.557983
14064.187847
14085.159102
14596.905458
15017.264779
15055.085973
14601.942640
14680.822275
14441.738164
14038.495183
13951.258279
14465.663861
14574.278653
14540.236680
14661.829023
14395.573418
13950.020337
13935.344739
13879.928188
14026.648992
14587.367271
15279.791600
15369.125429
15473.614128
15887.050693
15889.228068
15756.002217
16267.195580
16701.354672
16143.140874
15631.777200
15142.549206
14890.741997
14545.713875
14729.129905
15170.376115
15291.494245
14660.622905
14969.803704
15434.715195
15289.672326
15670.118448
15934.603509
15480.110977
14789.147553
15032.331697
15103.837316
15312.436448
15363.462095
15336.011377
15020.373358
14790.354951
14824.388567
14860.691405
15152.994393
15316.840456
15321.157788
15220.862641
15680.919390
16165.548756
16438.242104
16431.884318
16323.473618
16274.588245
16238.303407
15943.827050
16094.889538
16642.583107
16090.262314
15799.402882
15592.817790
15511.827568
15703.484460
16343.008807
16620.296974
17259.514907
17295.332811
16619.875686
16431.936693
16089.319657
15229.846672
14470.733766
14035.455653
13350.962063
12838.968291
13452.730331
14226.681405
14693.472609
14919.320917
15249.638201
15049.316191
14777.621178
14620.018025
14722.237215
14777.621178
14566.640616
14624.829326
14443.968825
14495.203338
14426.919304
14550.857097
14575.513093
15146.655101
15573.076641
15323.471952
15300.269941
15375.455550
15867.516817
16407.738598
17712.062882
18729.459241
19732.274653
20105.702738
20235.456464
20862.504387
21761.917724
22751.107506
22900.707812
22951.843123
22595.894356
22763.644668
22242.894389
22121.764376
21590.935228
20096.396093
17403.678041
15714.757050
14544.365602
13947.594958
14373.216868
15170.794103
15053.995260
14701.966987
14561.297309
14979.174772
15394.801710
16870.725622
17598.089048
17719.001954
17046.108163
17350.946894
17344.442702
17807.438737
19359.042395
20876.971283
21793.673105
22391.747353
23712.829202
24608.760057
25046.269635
25766.348104
26611.049252
26767.039684
26770.914516
27288.974093
27406.347731
27042.419486
27305.047055
27443.271010
27679.838332
28059.401708
27601.478498
26217.847033
24719.165892
23975.149547
23226.463880
23530.477764
24676.984631
25785.171906
26015.735432
24555.494779
22663.239877
20571.814607
19171.698858
18363.407323
17807.341211
17294.976536
16823.681946
16049.779885
14256.867356
14001.347421
14590.585019
15494.190946
15793.124963
16679.723314
17149.291013
17564.875366
17837.418922
18356.346143
18778.054151
18626.560955
19525.241579
19616.846600
19267.605423
18560.177825
18619.559234
17379.719672
16870.142917
16829.897133
16304.985832
16151.466061
15848.235891
15094.089283
14716.458599
14592.803640
14452.216222
13584.076578
12851.138998
11970.657840
11429.248135
10309.486573
9617.778440
9047.121876
8300.284194
7848.458255
7398.594918
7217.202232
7107.802799
6979.895917
6946.059912
6788.302083
6871.929438
6957.209413
6910.299629
6624.864241
6709.916035
6688.740081
6618.656833
6850.992975
7151.289788
7471.592912
7908.232756
8351.598145
8613.776922
8988.747978
8942.392732
8802.657303
9032.300996
9301.164410
9565.346721
10028.225155
10672.231188
10966.479309
11292.539135
11358.390392
11648.935292
11678.122814
11829.478054
11972.030940
12729.083320
13040.332224
13076.134881
12986.577423
12935.104730
12700.325881
12892.589550
13243.927466
13493.483208
13947.719587
14130.551009
13921.897386
14016.169282
14184.355786
14141.781610
14129.086641
14273.864107
14330.254329
14530.436396
14496.558898
14379.364903
14426.547333
14530.508684
14408.969358
14584.310044
14772.213292
14897.579969
15022.933184
14754.373733
14504.695211
14142.371552
14010.066564
13659.048960
13974.755712
14025.610718
14230.353197
14032.028386
14113.679878
13913.048022
13911.431775
13942.959476
13915.099093
13766.951982
13737.188092
13615.487633
13860.472929
14018.551620
14135.473118
13881.837743
13129.210578
11842.339972
10886.661036
9711.465212
8961.234072
9367.908190
9779.591930
10035.405672
10581.908673
10879.989666
10630.885753
10299.835010
10238.008706
10045.725785
10203.668618
10148.031775
10065.086987
10105.119550
10050.919451
10121.265046
9919.073846
9654.439708
9430.824277
9002.400548
8573.451297
8686.556091
8835.185457
8727.058465
8730.972165
8575.101684
8230.269253
8098.307704
8142.592777
8621.710584
8591.672866
8267.380739
8323.471026
8265.836737
8010.102216
8126.302761
8833.718375
8792.756933
8965.674611
8857.157008
9055.621735
8933.545799
8839.687024
8135.981933
8084.022801
7531.953488
7086.428425
7350.705746
7549.400706
7467.639453
7589.352352
7893.990360
7689.063267
7746.687379
7395.791290
7472.122977
7759.419259
8175.893312
8715.312601
9392.582768
9654.479993
9255.768390
8631.828693
7768.281533
7467.495237
7311.720454
7642.239397
8084.852342
8613.745579
8814.324300
8761.761120
8382.270234
8247.652817
8121.664985
8075.409764
8133.427234
8350.778426
8388.944635
8393.436378
8539.639959
8388.897469
8516.687463
8460.715519
8691.753014
8735.163307
9116.578003
8790.596221
8854.602836
8895.213117
8606.368872
8560.888964
8437.677893
8644.749277
8461.025119
8490.039822
8149.577240
8816.971651
9277.060498
9492.955274
9697.770358
10008.880219
9671.726626
9113.017944
9425.822275
9432.315702
9630.675525
10121.202733
10293.553618
10411.131999
10485.950467
10436.695899
10068.326528
10046.466234
9874.568543
10020.808228
9859.013249
10037.885456
9977.734106
9735.046125
9829.009920
9927.360131
9545.728882
9343.248706
9507.675969
9388.032364
9531.140174
9946.589908
10291.836558
10234.383405
10280.153982
10352.482711
10610.748547
10542.381092
10640.758734
10540.025268
10115.636527
9679.505507
9953.658324
10167.291558
10113.197597
10694.928650
11180.628961
10971.873670
10793.472910
11376.420830
11391.251981
11109.683463
11133.058274
11237.590013
11091.781392
10926.893551
10888.862652
10982.672178
11278.621021
11385.610468
11351.546399
11419.879192
12120.788076
12342.720637
12232.126417
12470.583534
12359.659826
11756.589771
11061.709048
10568.017219
10182.023870
10267.468156
10099.120462
10250.355713
10631.382790
10995.630283
11462.043923
11903.803273
12009.929896
12246.824683
12325.469891
12041.790794
11997.347117
12103.644635
12041.283469
11953.361939
11868.285952
11989.590631
11908.735887
11718.821662
11705.933105
11896.093644
11846.688801
12134.455592
11998.327573
11763.725227
11503.957358
11574.055437
11734.043882
12206.559703
12411.251337
12473.032475
12238.309372
11963.474198
11817.286694
11885.661938
12249.771117
12209.348578
12281.986470
12464.125221
12630.059794
12553.375474
12821.895856
12824.350606
12677.408014
12615.743426
12780.105125
13131.710611
13332.412952
13746.029305
13984.913462
13959.144533
13533.221777
13552.075016
13462.755073
13311.210928
13218.957729
13336.223555
13063.855874
13218.176114
12729.947933
12561.923644
12508.483152
12118.646958
11348.758460
11770.946401
11860.274523
11644.928685
11863.078635
11904.488483
12090.058812
12134.840931
12019.327290
12403.386844
13061.676868
12660.798616
12430.805880
12812.572847
12437.004496
12090.227347
12599.751833
12887.630219
12849.377601
13311.945811
13832.424211
13755.391769
13604.006233
13840.934271
13512.877771
13008.967554
13183.629409
13526.911067
13648.432049
13791.248580
14111.224648
13857.404608
13710.302394
13262.779373
13358.504293
13048.970889
12929.504538
13046.710443
13187.659533
13402.617237
13589.021126
13527.225668
13625.165785
13976.805949
13846.840942
13786.280656
14319.321895
14129.574225
13784.312685
13750.171585
13906.671693
13420.842472
13277.949274
13314.047947
13207.301783
13153.053624
13127.611010
13338.976926
13511.358507
13613.836899
13237.469344
13267.175307
13094.698340
12932.709586
13166.869835
13576.872115
13378.981867
13367.716201
13457.558487
12922.311047
12828.078184
12885.653891
12890.017517
12828.078184
12719.769736
12874.542869
12970.229838
12925.192783
12646.635710
12720.919910
12162.831532
12618.764104
12857.406193
13102.882625
13273.324108
13818.911377
13450.200609
13364.975483
13576.111184
13699.498548
13438.057894
13742.910094
13636.716148
13178.169807
13226.928385
13264.687540
13083.430271
13173.052674
13141.069217
12525.133326
12330.521996
12456.326235
12168.912537
12375.004335
13125.693224
13125.693224
13257.824105
13560.415036
13639.242857
13359.966250
13615.205864
13223.344273
13274.148292
13523.864965
13352.516035
13218.965489
13311.216545
13093.521005
12699.247130
12869.561062
12827.753249
12766.393561
12699.797699
12535.426162
12322.365131
12063.296023
11781.922781
11858.649689
12236.134023
12461.971445
12754.778878
12889.173630
13155.682556
13125.627283
13155.682556
13337.179689
13480.466490
13305.412918
13378.424915
13350.312575
13074.473812
12956.764082
12734.843816
12415.524427
12422.007534
12727.046937
12993.403045
13421.968356
13825.229059
13652.355296
13407.790476
13450.385560
13275.644684
13064.544868
13066.516281
12855.570944
12501.731984
12610.226195
13070.448730
13345.985553
13278.930678
13498.633586
13671.167763
13089.333187
12933.321725
13409.813838
13218.151773
12798.101853
12570.422515
12640.495368
12191.638357
12188.489770
12338.477135
12205.938579
12001.448151
12293.964688
12345.653666
12278.953022
12837.687787
12850.403231
12892.108582
13324.909708
13465.289679
13207.521008
13365.638098
13581.075605
13458.960052
13723.673619
13905.212257
13928.340101
13606.489461
13719.771043
13657.831210
13809.420177
14018.461213
14344.469818
13956.728233
13560.096613
13487.514750
13220.936232
12824.209449
12606.539168
13009.422304
13060.554538
13224.905019
13406.675022
13762.744829
13594.364462
13474.651486
13815.746883
13824.626524
13819.696855
13873.042974
14303.874490
13835.128168
13598.564743
13737.323107
13963.339529
13517.683900
13745.806027
13540.890767
13253.309996
12415.392017
12348.996808
12090.833517
12321.498762
12523.858827
12933.030343
12885.950308
12568.592893
12982.483672
13197.766306
13792.716911
14184.917936
14625.864053
14080.901826
13681.769014
13613.743357
13223.769767
12959.095154
13482.009935
13592.826494
13138.880380
13385.702050
13707.557602
13457.209474
13216.198774
13380.032783
13322.539586
13036.893483
13030.905994
13130.975332
12808.665891
12945.336596
12996.843344
12858.284329
12899.198635
13144.089914
12739.553761
12632.630323
12768.333099
12444.387494
12054.426732
12167.600973
12110.029789
12044.854463
12232.444848
12505.707204
12477.369991
12639.729305
12689.780569
12862.479100
12875.391785
12964.910143
13005.811891
12765.512169
12306.550050
11818.447770
11564.788849
11613.825206
12205.397235
12540.499653
12879.150708
13079.593637
13036.864309
12694.162021
13034.839937
13009.475427
12941.165167
12928.128870
12587.652922
12278.572846
12517.382557
12470.156876
12317.165501
13055.248716
13445.025110
13541.054095
13651.998233
13916.185984
13613.410759
13338.178949
12973.561837
13105.482435
13380.546192
13518.753044
13872.644098
13815.012894
13682.821377
13514.649374
13476.556149
13133.107931
13956.569550
14118.450839
14182.483052
14203.198132
13968.899116
13131.166256
12466.050275
11534.132152
11040.261517
11213.697746
11196.427034
11887.075612
12456.370919
12791.177210
12488.166776
12411.400788
12023.873422
11844.497956
11683.370837
11666.539814
12060.799005
11678.699027
11448.795837
11417.942607
11734.833662
12046.318489
12860.776608
13016.326527
12997.445328
13268.463256
12839.460599
12347.162979
12711.792016
12990.050523
12610.456716
12665.919328
13009.292014
13043.293619
12894.874634
13084.312641
13242.172150
13289.084295
13131.348491
13254.454302
13405.912767
13096.403489
12879.376897
13476.024604
14064.031413
14240.779743
14616.225356
14820.460233
14370.696099
13755.707948
13446.922394
13304.417867
13521.337204
13941.506069
14092.141852
14211.617742
13987.758078
14109.526815
13712.456652
13315.098509
13259.643556
13547.736242
12882.689735
12532.927784
12717.314749
12574.001487
12339.658893
12638.154363
13087.788908
13401.726204
13269.627107
13122.261745
13341.758090
13105.146441
12810.492425
13006.725139
13206.735289
13023.866451
13046.851511
13232.796136
13704.348228
13975.235894
14328.955299
14885.300221
15232.367170
15091.726376
15349.439568
15221.618145
14952.997088
14497.323012
14265.112579
14006.931800
14013.446741
14551.033378
14764.082870
14670.124973
14128.820187
13676.686472
12969.008484
12812.181914
12869.554829
13174.246273
13417.704577
13632.624793
13632.624793
13511.305559
13901.454387
13615.679751
13334.445094
13399.146201
13584.202206
13343.682377
13846.831198
14215.897373
14322.337182
14303.248987
14034.500187
13851.153968
13623.028970
13884.474865
14398.057589
14834.907703
14996.827266
15485.145581
15310.049286
14951.728596
15045.562341
14913.373689
14467.689453
14557.752090
14352.815160
14237.979921
14397.516280
14519.340136
14774.294200
14629.725201
14360.823434
13919.526410
13646.799419
13032.070562
13326.008194
13754.799543
14225.787079
14729.060567
15132.516665
15405.267229
15479.861452
15206.979076
14607.804616
14509.729283
14328.561439
14343.447659
14279.389747
14558.782378
14502.416611
14190.843305
13826.349921
14127.414129
14346.595344
14286.091512
14533.559704
14799.599126
14673.907400
14657.153479
14529.339632
14369.557465
14444.163020
15068.908606
15333.046295
15696.690439
16147.284708
15886.720041
15230.194658
14596.813951
14176.731349
13997.817392
14195.768262
14048.511274
14306.862272
14319.311830
14630.539855
14527.950976
14800.631371
14792.676949
14930.304587
14706.635819
14715.237397
14557.460663
14344.087390
14197.921594
13809.914634
13820.146355
13895.051183
14287.487108
14605.120946
14869.424144
14615.819388
14658.028658
14583.614180
14217.432543
13612.328615
13863.611519
14085.069112
14183.304798
14620.332666
15202.129647
15387.669545
15280.819648
14950.751212
14935.893468
14714.608498
14068.461971
13848.898185
14117.491561
13895.645017
13853.039139
13736.289197
13546.396261
13356.961142
13055.609647
13104.460792
13193.724957
13359.982439
13273.063340
13611.770539
13400.655589
13765.089188
14061.352616
14604.965687
14594.563427
14848.011378
14976.227003
14814.100566
14686.431827
14849.169589
15207.362523
14970.714771
15094.451255
15070.971144
14692.623199
14255.874129
14370.538409
14127.890994
14377.193986
14860.046005
15412.102030
15478.404137
15732.119559
15591.438077
15284.172376
15234.780362
15296.940051
15348.084297
15190.022446
15330.457421
15040.009429
14978.653565
14716.157022
14860.988708
14898.822593
15386.844503
15339.936759
15363.399198
15237.619462
15137.456599
14356.987617
14197.201035
14380.556444
14137.406686
14148.134260
14589.438599
14589.438599
14371.576875
14610.649102
14441.345744
14217.461920
14356.136438
14671.448623
14750.487168
15231.423440
15631.994319
16030.948661
16235.601798
16252.733100
15288.470900
14395.529309
14195.205523
14229.038499
14352.553549
15115.923164
15774.575720
15444.034915
15197.049162
14653.047775
14339.732226
14149.924975
14857.688242
14652.868763
14742.370759
14619.526366
14435.583044
13932.656802
14606.298757
14749.236889
14711.328907
14779.724752
14688.002227
13969.843975
13912.209061
14449.424297
14980.101950
15114.864045
15101.909476
15479.217767
15813.517054
15615.351132
15794.533006
16086.250585
15998.810230
15663.114034
15643.596810
15600.788226
15459.605841
15566.717753
15262.903233
14973.571724
14881.790747
15399.894284
15049.944646
15100.206971
15358.619709
15475.588766
15040.383093
14910.591105
15437.588351
15349.789799
15105.099941
15230.977820
15205.376268
14764.154088
15303.480726
15644.553185
15685.156594
15763.933946
15935.357076
15726.519190
15308.968632
14834.984112
14745.617455
14917.298210
14813.001112
15192.257640
15401.492246
15322.058576
15146.456359
15144.631854
14794.897024
14594.551989
14860.863810
14641.691886
14460.615993
14558.452500
14650.121043
14195.849128
13882.207791
13690.699350
13334.480211
13016.615161
13521.665328
14249.471203
14503.337565
15141.070246
15166.378465
14573.503791
14170.216960
14329.987973
14558.258054
15379.060193
16033.273988
15977.250189
15966.464266
15727.253012
15410.068616
14845.332521
14882.376848
14737.771006
15095.393215
16095.531240
16315.207983
16059.797388
16247.767066
15520.970296
14501.845053
14714.998092
15206.279322
15166.053329
15150.672487
14764.567873
14524.240128
14442.571321
14272.189843
14710.925451
15822.033883
17433.050527
19177.076695
19908.428592
20094.025526
20228.005167
20051.268370
19867.354148
20033.311390
20989.183883
21393.853036
21045.804650
20494.440443
20771.761473
20528.313622
20912.046303
20615.718699
19812.313717
19098.027799
18431.092666
17979.541956
18958.004697
20293.880267
21393.863838
21409.514473
20258.045391
19164.528753
17219.844566
15013.314188
14151.880988
14693.537976
14578.352138
15613.490065
17674.433957
19993.656772
21513.835007
23145.057911
24496.044228
24429.547498
22951.953493
21165.485006
20070.671895
19809.091695
20047.464361
21701.765702
23592.223100
25471.198157
26476.178318
27800.426209
27399.641166
25304.273207
23236.492860
22004.125110
20834.618284
19904.798672
19940.605264
20203.360203
19831.054970
20088.835902
21063.280704
23223.170147
24034.776736
25072.123118
25570.560057
25771.367946
26291.557215
25281.045791
23771.191031
21955.128142
21104.116281
20332.809789
21797.364114
24231.471867
25576.310562
26953.777673
26825.562193
27060.070044
26541.533968
27249.708236
25558.756954
25207.002230
24963.561245
24288.630004
23857.609765
25506.197400
24770.594908
24350.330918
24557.286346
23487.000589
22242.662419
22190.546499
22133.130060
21211.483209
20893.806308
21182.078387
20700.177553
20504.060328
20800.981533
20725.614649
19937.183603
20636.461139
19513.248361
18979.819527
19010.100180
18566.050006
17950.253654
17741.175015
16681.035724
15024.210283
13760.808224
11965.084991
10364.540475
8903.106166
8090.342538
7452.733851
7184.312912
6964.960232
6979.846414
7028.613076
7043.526799
7107.752016
7218.041686
7232.561894
7281.827014
7452.552639
7481.960615
7330.903685
7168.196190
7487.371798
7779.690426
7948.492810
8526.008945
8904.492631
8638.305102
8298.895842
8375.858833
8356.208394
9041.799197
9973.612958
10761.128543
11012.045077
11222.635556
11143.997494
11278.005936
11344.230576
11795.883128
12115.725827
12510.769184
12389.741041
12378.921403
12691.962613
12931.632024
12807.542008
13282.791767
14020.777250
14120.880142
14082.215264
14222.607518
13928.290771
13731.835524
13851.453489
14780.961580
15128.301400
15618.638012
15901.988207
16078.891386
15968.309459
16059.821933
16051.214997
16267.075759
16431.203658
16415.528476
16541.456735
16485.725647
16094.551926
16123.402056
15987.537835
16411.581212
16794.778060
17294.859462
17503.482957
17795.306191
17669.891293
17898.117069
17931.809831
17584.451479
17377.619379
17344.394688
17062.715261
16996.678642
17193.293718
17395.710573
17351.349786
17511.349768
17135.817881
17150.702821
16972.486141
16700.266505
16348.835468
16446.828636
16252.804469
16073.600634
16219.646370
16202.722682
16429.073265
16462.699212
16499.182003
16457.566109
16356.780245
15860.342543
15517.253014
15286.433542
14958.272302
14905.570546
15118.336188
15282.961039
15378.895993
15727.505423
15753.133426
15429.533378
15303.682107
14870.824569
13856.884697
12411.370723
11149.318041
9676.372701
8791.553814
8178.831942
8737.639936
8899.400006
9305.017609
9138.054470
9439.594836
8799.563059
8417.838456
8275.689716
8466.793523
8375.572115
8746.293919
9134.318941
9040.576602
8880.589912
8250.690148
8101.868357
8466.401668
9152.600833
9489.465999
10066.988330
9870.937234
9416.916599
8762.022814
8429.344287
8262.447231
8110.931746
7948.607544
8460.505839
8665.399441
8357.591189
8792.606067
9274.683211
8839.564366
8571.124518
8825.862876
8567.716431
8188.912325
8232.775330
8489.439612
8556.013493
8383.126240
8108.204256
7912.422195
7735.499869
7559.769519
8043.680276
8394.942049
8621.484239
9047.652234
9941.984689
10074.555047
10392.170592
10321.849914
9624.959641
9016.190384
8779.943961
8133.729783
7861.589943
8364.354168
8355.395164
8095.385055
8534.212393
8927.132298
9135.913688
9223.886989
9422.167382
9330.213942
9087.196752
8747.582574
9091.595742
9551.158233
9813.518882
9871.240115
9941.662939
9902.087618
9620.444670
9763.398939
10196.304947
10238.727923
9986.046985
10268.615472
10210.090066
10229.040535
10672.378084
10826.734379
11038.200989
11114.791296
11396.161632
11289.386413
11112.027215
10879.898237
11267.646135
10996.573070
10815.333390
11147.924072
11240.022093
10704.810986
10583.308118
10670.700138
10589.400537
10729.369099
11273.508537
11598.803721
11565.238686
11947.845662
11775.427071
11694.118185
11648.040862
11980.131012
11348.521149
11178.295856
10602.393728
10403.670724
10350.646926
10785.751456
10828.096988
10983.645751
11208.313406
11067.129304
10897.708103
10803.679906
10857.547856
10910.767026
10885.060315
10732.655649
10821.762045
10748.127392
10725.979655
10856.103588
11157.259349
11295.949707
11530.184910
11472.618036
11534.229245
11572.329206
11297.009155
11386.429468
11472.135687
11158.293537
11325.577521
12227.383007
12363.406167
12370.148284
12502.264575
12556.749939
12247.687853
12049.163209
11906.365503
11921.205116
11783.058864
11549.151484
11660.579848
11809.201061
12090.390146
12226.514204
12247.722555
12469.169853
12618.774671
12605.861941
12553.626238
13016.217258
12839.061792
12508.766524
12615.448980
12778.996709
12684.557787
13189.895603
13550.385809
13181.515113
12961.988326
12904.332185
12857.415301
13168.821209
13490.726525
13567.988278
13499.657659
12805.152958
12491.108832
12521.079055
12264.553974
11919.076411
12242.627694
11748.190711
11517.380495
11758.368959
12412.535581
12907.728062
13442.610893
13538.296710
13755.568213
13300.019724
12973.571152
13206.045098
13715.492882
13690.637134
13781.792410
13745.798048
13515.528648
13100.046214
13279.704989
13925.323060
14273.087198
14443.782375
14524.790468
14148.295716
13953.807341
13723.607506
13054.259607
12747.073305
12769.929822
12454.504593
12430.818546
13437.319885
14447.665716
15003.771607
15368.552611
15632.442619
15274.668277
14852.255651
14691.559099
14872.390081
14774.582551
14706.467613
14985.750762
14584.439594
13631.338808
13270.894727
13181.511242
12795.595994
13293.614628
14092.562887
14378.451161
14723.375490
14847.265791
14349.622475
13950.936387
14174.688007
14232.454749
13618.348711
13275.745045
13171.114951
12834.801908
12407.737054
12606.214388
12997.277847
12888.650926
12468.490848
12515.475301
12345.380255
12516.384484
12699.634503
12936.011419
13153.407019
13149.660835
12675.133463
12833.009626
13231.729150
12917.485173
13050.108376
13371.866221
12943.822952
12542.829680
13016.015059
13452.777579
13317.121202
13622.299826
13515.425175
12973.719244
12717.998963
12686.674513
12624.892016
12949.263794
13428.846342
13279.479212
13513.897200
13893.370500
13969.913588
13916.460254
14347.179099
14677.309091
14464.371358
14869.382054
15074.097057
15208.222826
15022.220719
14826.081151
14525.544614
14164.689208
13883.815394
14113.778573
14591.244225
14480.495110
14473.999275
14480.493573
14256.842803
14246.216743
13911.639994
14017.940012
14116.029139
14164.033580
13648.374387
13805.941803
14130.000786
14200.382523
14189.843656
14586.345564
14652.555462
14354.031096
14296.471717
14173.309713
14047.623803
14021.785295
13542.039875
13175.008204
13158.512557
13060.610462
13037.117123
13350.635319
13408.170927
12900.244325
12375.320963
12042.795563
11661.536228
11855.461723
12468.157841
12888.218154
12939.536187
13395.493650
13295.231778
13010.319672
12968.329183
13366.815776
13594.951140
13409.314053
13443.141493
13656.012395
13907.718541
13886.399672
14103.857545
14413.730760
14451.585719
14421.955699
14430.469300
14353.479425
14158.925678
14157.182306
14116.584545
14044.161659
14506.780069
14778.456867
14870.112576
14987.635822
15051.005145
15077.219706
14775.655318
14707.558867
14607.297232
14330.228893
13249.383866
12973.533214
12884.039482
12856.451782
12786.072944
12945.674056
12766.348437
12684.651774
11908.848777
11911.126408
12527.107393
13070.583448
13636.172204
13736.365318
13706.200604
13706.200604
13825.512525
13281.574440
13818.972082
13684.780402
13401.372853
13162.555994
13126.440374
13150.047254
13659.544169
13603.774597
13771.497600
14444.812367
14813.858235
14389.398898
14524.099451
14469.666971
13793.585192
13105.070140
13068.955591
13109.291765
13307.991643
13248.222495
13583.092174
14054.169103
14188.454874
14215.876423
14560.941092
14640.385133
14322.287849
14128.490972
13751.709660
13526.069890
13722.133643
14035.342630
14201.692812
14369.169919
14610.086019
14085.274146
13644.005123
13351.782103
13464.681327
13548.118575
13929.764445
14624.557161
15183.470345
15261.229644
15653.125439
16288.608628
16036.840048
15961.718491
15939.079882
15399.636022
14710.914806
14847.396405
15069.488687
15261.899786
15666.638950
16114.201238
16105.646407
15383.129617
15011.488618
14738.171327
14793.402755
14565.499713
14785.053626
14772.580625
14303.471150
13981.753520
14147.870069
14032.589591
14137.033033
14376.406599
14356.676515
14228.891856
14683.006140
15050.496005
15099.891907
14568.969199
14351.738178
14031.841246
13630.720757
13918.517263
14261.528019
14512.806300
14546.915875
14404.807375
14290.051380
14298.649382
14524.569336
14812.557761
14860.254053
14920.069758
15318.830472
14655.623880
14664.175163
14904.938539
14704.476167
14578.433578
14740.341754
14599.620945
14273.552591
14179.680943
13729.920666
13800.228248
13945.144689
14591.244225
14674.437775
14610.556669
14633.806202
14495.435780
14090.032938
14013.156404
14115.221882
14177.182243
14102.811950
13835.113902
14229.283177
14623.759141
14435.808511
14630.283597
15029.620029
14980.221450
14688.246645
14916.666256
15135.717317
16072.980401
16087.678647
16085.365900
16095.849949
15912.805190
15337.931194
15587.302286
15523.170970
15563.866677
15129.047457
14412.098273
14512.002903
14714.730499
14816.697246
15343.168527
15349.451241
14722.798485
14886.942700
14846.691686
14507.729627
14833.736224
14744.317049
14449.972817
14337.272620
14520.561440
14587.128309
14813.295353
14808.458701
15145.502292
15083.818715
15106.317089
15347.633587
15355.855810
14761.133865
14524.703311
14242.172203
13871.699290
13622.218585
13937.437638
14140.365280
14119.043334
13937.714070
14095.539933
14206.451750
14342.968487
14388.690908
14497.558429
14621.103505
14845.513303
14776.766976
14917.099186
14820.804667
14942.584339
14978.861978
15117.142319
15224.035306
15281.223566
14823.312354
14483.936314
14667.627711
14947.768229
15077.859600
15316.515456
15124.908615
14227.432859
13526.876847
13275.266472
13485.934560
14212.931412
15144.913282
15552.826467
15712.588128
15787.201044
15373.467132
15053.882451
14967.889209
15394.277997
15402.789805
15113.161676
14861.123424
14859.349982
14383.695271
13991.551170
14473.489475
14535.211380
14763.587838
15560.384959
15765.088253
15423.961959
15592.253342
15111.497825
14371.497053
14273.700572
14279.902389
14241.670194
14323.078001
14480.942048
14847.550832
15453.027530
15936.945293
16376.288071
16655.179498
17167.112959
16885.448674
16410.108686
16316.221488
15978.958926
14868.891773
14491.172850
14689.562470
14691.744269
14962.506833
15518.954064
15834.044140
15893.749530
15879.541308
16162.992665
16636.003789
16644.278548
16834.554353
17250.537669
17246.279155
16509.019114
16371.592442
15933.860366
15328.974970
14885.334124
15237.239721
15392.565962
15740.383367
15716.735098
15969.115413
15657.363348
15299.230234
15094.649658
14996.090745
14755.719401
15199.203307
15267.537940
14796.127337
15021.882644
15105.112764
14510.470858
14589.265887
14740.389822
14665.162802
14746.121425
15430.309703
15741.594751
15950.678046
15898.764160
16180.043839
16414.264022
16938.724251
18019.941964
18964.994476
19440.098429
19962.147216
20499.624799
19913.912773
19365.207148
18414.795384
17336.486024
16140.406643
15794.631027
15205.290024
14633.635125
14508.012321
14034.688391
13851.309986
14144.135038
14902.980565
15374.070333
15970.850717
15836.423481
15663.687365
15284.068727
15124.174738
15130.239743
15330.915732
15541.856207
15426.927939
15134.410494
15028.403252
15083.767950
14537.717182
14573.702224
14415.965743
14345.430545
14414.011712
14832.132459
14691.235501
14505.485873
14149.683637
13921.648168
13940.438528
14586.231826
14645.967785
14871.794416
14925.187119
14701.569555
14599.081027
15313.189408
15434.938265
15407.047793
16007.379412
15803.258563
15331.484826
14798.701596
14685.767422
14152.154600
14233.406697
14173.724931
14894.117852
15778.713848
16860.189682
16698.231517
17089.912009
17424.563555
17107.180188
17544.181395
19409.428669
20760.981954
22108.466944
23417.414618
24172.208459
24008.454094
23711.788923
23302.202061
23197.637602
22710.824026
23054.199748
23124.775097
22181.867592
20886.353873
19477.075851
18394.126737
18652.026550
18720.399598
19653.655281
20872.203486
22023.811015
22170.496791
24126.339722
25016.913929
25800.980082
26238.005533
25361.874714
23524.172051
22562.711645
22474.895931
22699.096525
24431.711653
26369.767329
27768.255002
27283.179033
26637.232160
26415.105652
25784.894156
25603.665704
25793.643753
24742.552655
22774.871729
21721.725888
20984.524537
21412.541596
22781.390911
25164.769004
27241.199322
28661.002808
29723.151660
30931.905660
31494.710665
31209.043088
31221.835125
31073.384647
30971.275761
30764.269251
31045.672816
31938.913277
32587.074970
32749.094689
33128.430583
31785.502275
30431.728677
28832.289534
27757.841299
26747.555945
27295.232085
27137.476378
27265.435091
27068.887965
26661.707760
26906.992887
27503.719682
28061.942614
28537.515884
28134.522600
27179.170176
25922.083623
25179.829589
23874.451827
23766.035092
23397.205904
22655.317010
21664.266456
20627.609011
18589.736448
16438.919259
14145.294889
11843.579479
10276.284290
9323.609993
8858.598819
8461.534290
8021.324198
7684.254784
7594.816398
7505.074904
7862.696225
8149.596955
8303.261572
8454.138232
8499.732225
8454.138018
8628.101707
8813.640769
9003.041721
9291.216820
9585.091991
9836.107951
10113.456267
10096.286530
10358.064454
10428.750688
10441.124853
10594.951138
10986.936820
10991.630362
11012.240465
11113.083483
11258.237162
11268.434941
11328.550692
11786.695739
12859.201754
13580.169573
14164.132265
15080.695019
15916.775326
15992.383246
16156.380548
16511.898515
16714.978096
16644.199336
16682.204527
16827.575263
16886.898073
16869.936822
17303.007349
17381.963181
17407.951876
17716.748746
18059.741100
17915.226705
18173.914080
18170.239063
17816.374577
17645.950680
17635.429277
17369.301935
17484.961602
17799.608750
17691.285569
17631.238476
17624.890632
17602.274341
17408.029240
17438.448781
17219.979811
17197.363767
17246.285495
17308.605587
17348.986700
17642.495110
17523.540097
17344.458720
17118.465593
16870.852421
16217.205364
16203.966480
16033.565428
15959.217491
15988.904606
16360.436813
16127.278468
16223.938944
16409.365902
16360.536688
16368.968889
16356.398643
16319.854218
16213.346858
16510.087123
16678.118068
16437.567578
15557.063899
14979.309579
13508.265157
12041.714222
11555.028882
11806.270719
11465.240651
11192.305432
11285.844639
10633.150780
9388.324691
8857.806894
9537.946203
9349.812010
9040.862577
9481.916812
9829.380121
9277.102254
9087.466015
9070.849563
9013.646234
8742.505138
7928.312997
7671.937501
8042.873874
8127.746281
7801.696889
8658.461474
9359.927936
9205.180031
8695.869154
8998.411042
9195.608239
8870.868559
8996.242477
9124.066617
8780.298251
8279.250832
8219.981272
7749.759692
7632.394871
7574.891923
7589.469086
7372.664235
7893.658571
7937.650099
8127.558390
8226.063055
8323.679286
8267.035965
8782.824741
9173.504457
9586.889485
9631.346113
9667.402561
9291.716315
8955.598175
8315.560996
8142.549333
7925.316449
8121.601708
8049.564609
8193.374954
8471.195645
8746.791729
8638.370030
8505.864109
8471.786819
8262.961667
8043.695752
8088.419774
8227.012927
8339.872372
8451.274457
8376.890997
8439.173526
8512.496950
8177.657802
8081.730631
8742.315711
8595.443134
8480.261472
8541.967941
8746.350988
8587.634144
8834.679267
8868.858835
9259.014096
9683.466333
9825.209823
9925.491924
9467.461645
9544.151528
9124.036639
9000.562189
9250.648879
10068.536916
9865.607666
9640.306241
9763.391993
9524.411823
9164.224440
9100.029973
9366.744963
8945.761792
8864.965521
8943.509203
9171.920839
9604.571356
10129.610318
10161.649771
10291.487520
10031.961391
9946.389944
9872.618227
9986.110377
9966.959316
10382.067561
10274.420434
10441.037880
10837.371739
11453.771193
11632.816978
11449.189703
11263.501100
10664.488498
10210.502734
10005.197024
10331.462193
10415.150413
10880.117064
11439.294729
11794.893877
11709.267471
11573.634303
11750.432416
11226.058262
11047.700098
11098.268360
10942.849502
10482.998708
10676.683012
10666.428082
10685.752423
10913.122643
10689.177047
10826.016466
11107.293660
11105.620688
10960.850919
11579.345309
11364.130594
11039.465695
10992.444162
10685.829675
10335.453813
10610.820140
11034.717800
11048.252678
12047.213027
12458.692476
12535.357303
12446.284439
12761.492762
12395.382520
12508.606412
12604.604361
12521.160299
12466.110906
12391.066593
12301.399565
12111.346258
12081.874137
12130.667875
12297.653747
12506.881440
12924.519862
13206.142797
13086.519477
12604.121050
11868.217651
10891.632773
10156.967382
9759.735559
10211.405332
10846.806114
11648.639129
12317.717842
12946.335835
12944.629407
12665.408868
12102.779899
11890.828816
11823.207738
11896.529359
12001.033024
12674.835814
12821.566821
12923.982399
12639.613327
12387.736255
11699.447059
11571.873117
11525.185917
12156.106157
12701.165360
13497.197617
13946.998347
14268.521710
14630.495094
14981.695832
15116.410622
15201.537907
14884.196381
14317.585341
13976.364592
13187.703084
12377.773666
12547.764819
12648.173509
12531.104907
12791.526350
13511.809228
13277.366504
13170.780703
13149.570074
13528.812765
13402.778833
13637.623910
13643.618779
13805.771152
14082.650133
14081.186009
13794.924576
13711.443044
13613.678504
12954.974312
12860.918585
12852.560828
12850.268256
12724.474451
12869.450624
12965.362929
13040.072493
13104.847613
13043.100274
12876.639933
12572.246544
12441.809018
12441.809018
12802.288588
13277.575472
13503.791335
13529.023509
13516.450300
13247.870188
13143.363806
13232.738610
13836.225347
14356.749046
14644.399865
14495.291347
14409.341227
14394.988435
14068.480627
13953.151755
14364.441602
14607.648849
14424.638574
14466.087101
14440.838329
14033.514476
13607.098091
13447.192104
13390.866318
13540.022923
13484.574982
13657.177127
13606.169545
13407.613098
13064.385318
12746.625262
12823.618697
12900.270724
13083.959451
13041.376347
13310.357109
13357.311065
13446.445141
13590.739504
14081.362561
14002.434174
14151.541199
14488.612385
14275.024638
13867.774352
13829.126272
13309.442150
12635.770726
12518.615265
12776.207227
13418.206516
13678.225645
13895.554382
14128.057480
13814.645299
13302.758540
13392.102156
13205.125850
12843.134411
12949.733678
13077.449812
12742.945332
12787.650012
12846.047897
12628.586616
12349.192344
12605.080560
12743.873657
12856.852821
12722.239135
12978.373479
13050.718907
13494.073385
13836.887775
14352.750784
14167.795123
14252.675111
13800.648619
13474.469760
13107.967799
13105.551885
12960.740841
13039.860957
13200.180520
13693.182124
13878.867024
14198.489839
14292.309263
14047.784556
13921.864749
14002.804410
13936.986602
13994.331477
14322.506867
14002.775507
13672.464078
13582.897858
13288.733182
12816.255965
12496.245927
12476.892564
12472.881539
12656.070666
13053.414511
13277.357580
13224.252905
13463.134809
13518.223367
13551.607131
14244.422768
14447.127388
13860.476011
13594.405607
13424.708132
12825.784443
12958.068356
13198.609012
13685.109229
13971.428015
14103.673032
14208.108299
14427.581123
14161.179367
14006.350331
14345.229764
14535.147996
14618.584982
15087.407798
15045.567829
14444.279738
13981.875128
13796.170010
13365.672693
13329.820839
13771.490048
13912.134079
13630.839336
13583.544847
13573.258783
13999.301178
14221.880478
14430.387694
14447.400305
14146.204603
13379.157892
13346.907718
13658.012952
13419.212924
13797.856828
14147.424966
14162.561893
14352.008023
14657.091208
14936.787582
15467.762729
15834.167132
15597.804762
15679.276199
15559.915237
15190.700355
14645.094968
14082.170038
14146.289623
13801.227146
13547.627508
13417.775887
13153.081192
12666.780513
12819.525899
12683.474303
12821.438981
13486.019198
14059.821191
14141.289523
13817.078710
13405.520563
12680.787272
11943.173340
11407.733217
11243.864509
11930.382642
12710.581915
13104.779263
13723.609387
14589.315361
14363.280732
14427.186944
15060.379934
14823.999343
14301.806369
14054.434021
13579.008120
13146.482011
13227.377933
13553.693262
13897.090497
14170.203511
13822.796644
13803.826954
14023.202926
14217.426334
14778.104391
14897.561305
15104.586670
14976.653885
14842.044558
14153.428889
14164.133518
14139.516636
14239.393994
13981.729589
14203.020551
14260.747167
14256.713674
14037.279360
14369.574238
14216.267144
14392.812292
14453.783399
14479.357453
14353.250603
14882.011322
14587.934981
14481.201992
14664.652779
15003.570841
15060.970193
15125.203974
14889.051263
14690.681131
14251.658501
13473.469637
13264.398076
13567.673082
13912.785790
13897.882393
14247.720395
14341.321418
13887.439511
13602.364322
13772.290888
13894.171243
13983.373780
14171.931175
14297.922803
14483.261403
14378.687169
14798.755968
15160.394938
15249.672731
15207.136707
15088.004962
15055.519752
15478.326343
15947.290102
15586.914176
15473.866086
15262.520637
15022.441411
14457.531333
14551.501010
15186.590440
15355.234223
15064.448764
15275.296355
15481.884202
14729.621498
14247.901617
14103.651274
13896.584350
14012.282275
14681.632314
14934.998028
15225.535191
15355.662425
15159.524417
14737.663740
14507.379048
14503.086852
14417.647655
14328.339979
14413.849421
14750.406314
14683.279193
15318.923449
15873.227411
16148.077005
16299.387947
16650.643953
15885.650215
15469.322078
15188.385738
14949.412759
14620.996148
14945.126044
14725.430898
14842.555411
15190.196514
15499.885640
15316.448636
15130.901673
15034.837742
15169.615548
14924.765564
14745.489716
14978.357667
14975.989358
14652.052520
14421.957223
14694.794044
14680.102100
14756.735799
14643.529918
14827.444151
14624.799510
14881.045184
14906.164615
15004.378860
14783.096631
14974.916168
14942.826916
14876.656027
14930.004934
14934.290599
14799.639662
14978.942949
15237.028572
15383.825583
15952.596895
16485.648808
16164.248629
15908.834526
15757.595970
15881.048561
15456.967942
15484.499346
15902.234866
16439.173910
16155.131108
16203.937140
16626.200322
16621.890223
16260.031028
15870.893786
15732.261342
15516.875900
14755.978804
14286.873403
14384.737822
14359.557541
13945.931713
13890.541322
13551.519112
13503.726950
13157.921897
13245.530833
13296.252778
13680.409209
13772.151986
13919.516818
13906.515340
13637.993299
13450.489750
13109.408060
13028.709871
13284.324087
13254.476258
12559.756308
12584.818437
12921.514245
12676.157552
13162.322108
13814.879993
14293.406063
14363.830667
14596.308376
14822.387834
15455.731029
15484.649342
16113.730559
16554.919997
16904.507753
16731.594205
16575.001288
15794.654078
15283.428969
15006.074669
14775.594215
14658.524539
14780.131079
14829.249017
14844.377073
15359.744092
15692.139419
16069.409202
16436.625036
16289.786392
15743.770839
15906.603687
15636.364838
15576.535853
15646.396849
16018.057247
15877.230837
15830.688820
15960.394479
16252.856997
16312.429115
15998.528723
16267.380923
15919.459280
15474.179134
15529.992857
15734.859646
15578.759393
15984.320366
16342.482319
15943.649520
15691.171603
15582.102439
15443.242920
15620.486426
15950.663055
16519.080389
16830.425100
16713.266116
16781.735939
17350.974332
17518.534045
17942.341544
18812.135009
19310.991498
19583.996126
19552.751529
19106.527916
18017.231099
16936.640319
16002.468185
15745.664430
15775.849064
15929.029030
16210.536957
15937.675826
15548.527258
15292.652955
15252.802600
15158.631122
15491.153193
15644.033305
14899.992633
14707.920773
14748.416138
14763.793315
14539.727207
14913.080856
15002.479943
15060.143278
15121.543309
15560.586771
15891.174373
15794.816819
16044.497132
15599.222362
15206.119581
15538.550962
16197.200646
15570.224479
15465.967114
15608.532438
15115.917903
14851.444372
15060.428043
15640.290192
15989.105142
16511.515184
16808.293968
17217.446205
17408.901872
17168.535597
17004.813968
16810.951979
17088.675089
18070.708696
19519.201232
20849.980874
22203.933826
23049.673739
23474.502143
22710.824859
22054.098377
20759.963442
19164.743005
17338.122284
16528.748487
15437.310109
14989.311174
15390.357672
16277.130282
16655.239638
16985.670316
17623.156826
18655.572389
19004.924643
19919.112227
21259.550549
22506.683842
23327.851810
23046.444384
23100.724936
22234.837942
20252.644429
17894.551707
17491.870268
17309.677976
18512.021802
20667.364231
22978.176769
24869.119617
26435.560685
27613.697048
28684.253141
29607.339563
30312.978356
30563.879768
30344.300158
29932.843019
29549.125605
29674.903345
30038.459218
30036.828361
28471.716735
27054.134874
25736.576915
23633.077986
21356.932798
21179.746212
21693.227374
20235.402635
19951.140808
19147.463672
17934.129938
16725.160814
17204.840617
16874.641506
18185.854070
18335.038812
17353.672194
16073.191147
16073.191147
16230.828040
18147.231429
21417.773556
23852.109365
25961.770597
28200.202826
29745.786176
28457.870367
28635.098085
28430.194041
27221.809651
26566.965148
27543.347475
27950.528778
28213.975925
27452.478341
27249.982166
27018.016086
27122.475889
26906.996376
27699.976793
27606.174755
28007.631149
27985.830042
27488.208362
27562.822393
26914.974624
26205.254257
25288.053567
24134.002230
22646.093157
22179.286375
21106.591189
19221.947682
17446.963646
15675.616093
13488.204075
11610.016442
10372.112885
9795.875701
9373.945358
8775.421122
8180.269528
7894.392787
8001.206345
7898.881727
8009.941358
7978.196205
8278.672267
8153.489744
8198.427067
8241.022146
8545.711665
8542.994251
8777.660236
9112.535380
9512.847776
9890.086260
10227.217519
10330.048104
10602.430303
10739.543461
10798.565027
11005.474801
11419.791853
11543.336513
11728.777316
11741.360273
11713.598055
11868.314680
12456.599692
12904.385521
13716.616125
14650.579293
15371.902539
15429.484292
15437.771296
15418.375864
15480.362957
15737.612383
16065.919726
16494.789532
16671.612987
16132.233827
15780.758068
15541.931969
15710.277684
15887.245513
16437.321946
16650.683557
17031.715886
17122.057760
17403.515276
17377.540038
17424.972375
17346.475270
16959.246828
16781.744465
16720.093810
16485.592494
16283.114132
16406.858347
16203.832847
16385.158134
16356.225575
16174.570977
16095.613879
15776.110621
15556.434142
15767.179401
15957.557607
16031.924625
16370.730207
16194.009737
15978.319728
15997.671597
15934.332433
15970.004375
16296.331514
16147.923523
16158.290610
16175.174151
16024.479682
15808.710370
15463.995103
14295.297968
12468.534203
11159.432651
9795.349072
9450.357689
9271.042704
9763.481423
10236.730555
10774.451098
10559.037070
10513.688605
10350.112599
10015.439649
9770.045385
10161.398191
10169.831593
10318.761688
10606.941310
10485.361566
10114.932068
10278.802920
10377.134937
10441.045552
10381.224209
9812.972436
9953.208611
9972.626594
9524.618010
9640.224157
10133.859580
9871.184289
9977.675054
9743.557576
9476.570109
8834.822837
8546.429960
8460.068260
8809.524087
8850.078811
9138.098976
9371.148906
9196.376317
9108.300656
9244.454885
9500.365121
9348.492262
9190.589533
9120.612287
8570.960943
8121.510795
8161.005553
8408.654527
8249.156830
8424.117585
8762.113803
8694.125792
8646.972157
8934.599041
9210.248778
9036.575300
9197.793697
9305.353294
9343.733648
9509.724599
9856.843743
9966.419136
9776.595421
9509.483210
9320.116591
9225.946307
9325.771377
9460.176419
9095.640420
8918.765679
8872.080955
8716.823067
8625.399217
9072.801746
8866.148744
8567.215501
8254.200429
8064.550054
7898.314509
8030.049209
8418.257999
8932.790618
9385.236478
9436.122911
9536.023677
9548.585248
9493.402603
9395.240152
9625.380667
9725.294149
10038.825529
10005.105746
10045.646464
10233.080347
10340.370250
10157.487943
10212.685850
10170.526818
9890.983556
10102.385440
10529.023895
10577.480879
10281.399855
10373.236718
10084.904390
9405.988536
9422.668693
9901.029375
10211.751810
10597.819771
10756.491756
10939.999244
10954.589081
10661.144838
10665.186115
10836.869404
10433.629298
10386.847142
10906.534992
11137.018901
11151.423473
11656.278836
12034.351964
11940.152040
11869.940161
11742.689985
11448.405966
11084.041060
11077.499832
10966.586145
11217.515331
11481.750313
11533.102040
11370.663638
11473.283087
11557.239697
11544.192886
11706.277906
11904.550815
12346.071800
12586.432242
12618.376111
12843.997392
13021.195463
12529.194510
12258.642113
12237.657842
11967.165401
11399.258279
10954.315821
10582.346243
10449.620097
10403.180364
10813.234553
11537.205051
12003.212101
12410.936342
12734.665552
12615.353927
12604.667625
12711.424224
12427.902751
12138.014281
12080.344970
12188.533614
12153.305690
11991.666354
12112.393561
12368.755674
12452.064150
12188.209346
12405.937590
12363.163254
12099.042752
11634.259414
11795.246839
11667.109303
11151.220679
11057.533943
10685.234857
10387.346245
10711.748296
11086.689176
11278.485330
11700.705280
11848.809692
11763.792736
12247.849156
12563.618861
13006.958790
13173.970836
13161.459593
12916.146047
12575.241802
12221.323225
12283.589130
11976.973710
12090.031636
12253.975164
12535.315480
12478.865424
12864.830772
12848.059307
13060.820629
12875.551626
12572.576794
12397.414104
12090.401604
11391.345310
11465.796082
11969.944705
12087.206980
11993.362459
12611.261671
12553.912821
12346.823557
12626.605152
13031.519513
13080.393502
13352.595678
13541.361361
13385.589225
13483.824188
13449.900565
13001.866004
13077.226678
13294.877335
13740.203811
13889.455586
13814.936017
13750.227614
13602.950069
13024.918301
13021.012050
13464.301716
13690.568772
13912.063944
14148.661264
13977.704131
13698.806527
13224.381683
13249.674265
12836.317441
12748.544056
12708.274036
12743.865614
12386.096852
12136.229383
11833.321959
11902.033184
11958.655602
12207.678391
12497.030435
12943.321488
13094.598610
13347.459810
13289.604307
13613.975957
13547.779516
13575.706006
13721.964705
13449.261685
13421.277985
13504.572634
13340.276665
13189.665929
13364.717213
13226.181501
13065.999011
12759.083140
12512.686057
12588.947853
13034.452517
13397.163613
13623.028970
13949.343741
14243.309764
14094.093897
13972.515958
14222.399247
14383.129573
14340.451432
14122.915043
13924.399470
13617.717595
13264.448965
13131.989798
13620.387088
14017.009484
14394.537793
14285.566881
13658.317495
12903.279187
12958.515383
13228.400624
13812.065226
14430.422079
14675.614895
14189.322844
13893.424881
13600.601265
13389.550694
13555.650594
13715.546937
13856.404935
13695.233832
13083.263799
12488.544092
12373.448547
12586.778248
12640.873451
13295.388337
13611.030931
13726.220233
13365.881208
13731.500730
14222.357741
14320.216429
14174.933659
14505.396383
14311.080392
13620.342018
14121.357386
14230.094017
14264.452897
14335.318441
14806.651165
14723.083488
14855.741254
14614.436985
14566.638507
14470.667901
14157.309173
13939.836033
13755.983784
13505.526660
13678.148960
13859.472626
14240.984177
14300.593843
14258.770107
13813.624485
13288.952651
12604.598111
12436.194535
12576.406482
12791.834233
13273.436291
14025.762170
14279.489910
14045.409984
13972.742038
13738.438773
13499.568984
13516.606359
13805.150584
13769.053961
14188.884445
14391.757154
14400.188610
14818.627996
15370.282025
15297.779511
15428.029451
15626.422013
15477.949516
15187.980675
15326.303871
15450.297432
15556.592026
15274.469686
15007.596299
14274.474119
13933.260263
14187.273355
14406.874544
14796.704128
15444.840622
15489.682217
14745.439047
14407.140515
13794.783411
13643.480554
13745.919908
13850.602052
13944.387986
14164.027176
14142.656871
14277.180673
14364.239639
14351.971676
14462.632004
14388.303616
14252.021990
14204.878503
14242.407444
14024.982983
13811.857558
13430.288286
13474.826847
13305.616096
13537.882560
13497.756987
13542.221871
13559.646466
14075.786878
13881.768193
13764.622952
13525.930125
13675.282615
13560.028219
14242.138264
15333.543689
15839.795727
15352.938157
15187.935960
14846.744018
14153.634821
14196.249985
14740.072877
14823.710681
14591.234873
14585.093207
14141.636334
14081.784869
14059.112982
13950.049533
13997.399780
14173.908034
14157.030351
14363.759495
14687.777406
14837.190421
14909.889750
14837.190421
14858.087406
14996.176737
15066.573451
15356.853110
15378.516625
14830.479611
14508.371988
14340.119426
14212.105112
13847.486220
13814.477862
13797.275337
13323.686839
12818.568409
13381.336119
13941.686685
14101.939388
14773.186050
15500.252511
15653.770811
15373.687114
15614.929497
15457.035506
15173.966946
14953.558914
15200.262043
14539.663865
14111.288910
14023.481152
14115.229133
13724.279410
14108.098665
14585.705266
14683.468282
14423.529331
14711.842026
14686.690457
14622.738571
15117.017491
15110.733386
15098.381828
15262.287765
15038.861547
14473.661725
14390.736577
13934.793764
13296.803455
13614.826067
13881.411690
14657.505938
15600.484234
16448.910059
16284.247492
16216.839608
15935.132248
15224.190012
14431.077553
14314.007687
13817.295577
13115.794616
13197.478872
13615.063487
13731.967779
13900.994288
14286.742031
14497.783627
14350.718550
14218.286520
14164.756654
14214.190784
13785.731292
13587.591279
13730.223772
13357.466956
12835.324700
12885.119463
13418.096503
13603.300183
14722.659460
15647.993811
16686.995258
16883.620392
16446.565393
16026.257682
15780.908168
14988.529192
14820.124559
15946.139210
16823.944190
17282.301057
18612.327227
19825.994580
19660.994484
19927.626510
20677.726233
20788.835361
21164.393478
22228.032467
22831.138427
23223.347801
23560.440525
23225.329555
21912.095867
20626.765208
19496.744069
19097.109289
19197.997418
19364.238155
19355.675914
18698.642711
17319.008843
16103.358695
16295.613454
16713.214610
17905.417607
19293.360012
20429.726079
19971.276464
18367.973093
16485.531777
15636.973655
15193.353911
16624.029594
19297.201401
20821.056131
21319.446583
21357.418755
21210.883420
19982.810125
19767.112052
18788.571625
17211.438599
14610.320968
12973.236718
12054.320684
12317.605858
13860.670329
15368.403678
16956.413944
17992.238206
18939.740359
18509.142295
18188.847557
17419.486436
17103.638546
16790.627097
17005.824912
17789.858991
18971.614226
19740.721569
20993.688516
21419.885990
21752.347614
20842.053224
19080.934484
15627.192829
12983.378863
11107.425540
10225.567611
10875.284423
12855.315622
14341.033747
15161.800399
16620.093562
17415.109880
17636.370030
18455.134769
19067.003321
19623.371698
20150.299859
19205.013875
18555.473746
18327.007251
16516.599635
15029.215867
14922.148491
14371.883422
13835.187976
13608.966698
13140.044022
12759.454882
13102.910464
12950.985704
13335.013362
13637.782348
14045.485502
14546.371702
14572.382451
14706.429453
14900.394540
14739.500112
13577.359319
12944.488030
12313.014989
11057.583016
9880.620210
9202.944948
8531.470652
7906.853194
7788.525795
7632.387841
7270.181091
7048.255607
6894.619773
6986.259711
7126.519825
7275.747085
7316.424490
7350.605634
7311.758136
7481.469393
7583.650091
7822.764004
8340.012132
8730.604791
9096.137108
9691.059229
10324.779427
10492.953354
10550.480221
10525.306021
10542.276618
10170.967576
10192.829988
9780.906062
9609.994051
9541.286701
9823.472229
9904.223197
10694.985492
11084.066730
11068.688820
10942.786868
11209.450328
11149.931552
11240.110775
11853.739132
12520.987934
12849.543498
13158.306578
13405.282817
13469.252383
13562.617442
13583.914840
13761.473129
14242.058343
14395.725487
14248.425791
14546.773734
14574.557295
14428.278586
14634.964646
14950.682019
14907.985397
15023.104773
15246.946452
15438.430522
15643.613076
15495.758388
15338.257517
15006.134293
14477.348101
14304.460559
14428.278586
14522.316323
14618.628453
14812.670167
14686.678676
14462.489904
14624.545016
14447.121682
14457.692183
14276.530615
14206.132669
13952.356934
14159.147719
13965.733858
14076.100800
13935.884726
12986.923318
11730.636711
10742.580359
9690.618805
9315.248221
9709.258170
10292.641548
10936.259095
11449.877105
11431.001481
11179.405713
10991.616132
10590.409297
10186.029071
10196.277287
10016.802445
9925.184034
10225.894943
10472.901113
10189.407349
10449.414111
10464.529167
10287.806718
10487.303958
10475.192421
10377.006617
9885.213675
9269.424081
8932.537606
9210.151028
9013.654554
9130.197287
9220.003590
9132.531907
8727.540453
8736.317379
8817.190800
9330.921488
9056.282534
8798.492007
8847.750831
9123.875604
8592.129522
8696.908798
9089.035627
8686.519116
8489.700429
8713.994420
8679.495388
8460.289191
8325.583030
8127.423593
7979.650595
7841.535977
7788.201996
8071.713645
8208.041854
8320.321221
8198.782334
8271.350087
7998.592849
7722.264726
7281.441413
7270.384499
7070.003963
7556.052649
7832.251866
8121.705793
8555.373702
8700.153526
8437.365012
8556.259545
8519.992604
8185.443796
7955.760290
7687.198353
7323.059653
7542.638527
7210.484700
7327.590393
7467.865162
7671.037294
7398.052887
7679.363790
7824.006332
8159.354253
8209.186530
8219.893166
8168.491133
8041.131123
8113.379288
8073.195619
8216.703228
8686.045293
8939.103312
9182.352509
9397.192357
9573.945191
9765.742028
10288.697355
9906.705391
9889.970925
9815.697145
9683.517844
9500.368128
9809.618887
9861.372034
9765.282041
9469.566331
8968.224166
8786.922882
8918.783062
9402.928533
9703.628241
9726.480020
9895.298159
9755.327677
9629.515227
9744.000533
10330.760703
10532.946776
10763.082389
10850.449718
11074.356993
11202.693683
10950.601323
10979.896588
11244.233438
11165.474417
10875.473066
10965.715255
10803.871934
10330.888573
10189.823612
10147.630478
10250.250990
10258.006322
10548.869463
10686.679303
10814.610909
10701.687430
11029.902409
10918.777251
10673.722767
10741.872237
10520.797931
10135.473599
10357.806862
10610.886640
10879.945978
11476.570291
11801.070353
11713.410904
11798.481010
11304.282740
11299.585328
11140.620200
10849.026047
10741.907676
11108.522453
11023.423699
11213.982870
11497.459857
11391.020552
11379.984149
11154.133187
10907.153077
10589.880191
10461.675108
10333.630773
10551.130210
10716.856912
10571.557322
10383.812529
9977.224700
9556.623794
9563.288573
10043.132242
10496.763380
10861.413387
10902.087772
10845.252746
10555.389314
9790.181135
9321.093664
9417.140935
9164.255722
9241.011988
10083.415935
10628.838134
11033.808119
11315.889924
11365.177957
11322.604450
11211.377982
10983.256468
11077.612622
11380.127483
11531.881983
11655.468147
11979.321455
12152.948293
11901.813996
11666.817125
11581.749562
11420.971846
11313.222193
11515.218003
11807.343798
12118.941405
11999.585182
11735.415212
11782.648771
11563.252549
11514.411183
11948.589043
12254.173466
12324.771525
12358.904746
12269.062748
12326.431797
12610.855213
12487.428722
12517.307972
12619.362237
12655.814295
12655.814295
13254.652623
13440.336583
13033.261232
12717.683087
12378.994094
12044.189185
11918.888884
12380.833902
11858.698003
11629.431521
11486.409790
11662.753977
11530.775510
11731.359693
12025.570682
12273.515099
12424.669209
12563.357050
12742.235596
12865.291901
12594.449375
11838.031226
11556.683346
11543.830241
11405.841683
11480.612846
12070.544280
12224.613876
12175.733052
11926.753527
11672.978775
11467.911554
11671.195032
11110.019358
10758.744080
11085.056831
10798.927431
10403.084451
11383.243320
12236.513547
11997.802352
12355.352186
12579.496310
12249.178995
12182.170781
12466.080352
12615.249302
12727.947431
13190.614942
13069.449409
12826.444473
12572.841480
12253.115725
11775.558448
11514.366525
11947.087604
12192.352119
12168.972590
12392.455831
12908.732665
12712.248901
12553.002183
12913.191690
12838.452963
12487.323786
12400.213548
12265.829372
11700.514213
11139.953162
10916.183929
10598.234893
10948.517716
11284.935741
11728.687246
12090.184922
12853.338956
12740.427101
12552.937505
12817.358831
12955.218368
12748.284825
13028.024631
13046.684842
12837.880024
12658.079850
12632.555689
12111.834223
12530.343157
12798.394795
12587.596629
11907.319335
12242.299105
12026.324885
11779.965649
11919.666524
12454.966192
12363.096692
12416.184235
12294.597316
12146.761299
11724.341249
11814.251135
11767.010406
11856.651088
12281.317195
12441.296088
12163.991511
12090.840809
12278.744544
11703.785929
11774.505167
11692.999275
11597.872180
11648.695522
12102.562647
12099.784782
12115.346785
12181.213807
11824.792172
11683.238994
11959.846317
12008.923351
11802.221136
11746.597289
11811.356987
11346.785718
11406.538281
11854.039405
12018.782799
11713.326992
11768.796300
11898.166527
11977.403762
12124.853964
12427.872750
12596.550884
12466.179261
12551.745248
12540.711229
12647.395334
12721.914187
13331.812551
13440.417645
13585.046748
13326.018541
12940.353748
12530.934814
12475.607815
12441.577763
12739.040821
13300.964048
13405.297525
13125.800949
12938.197778
12770.743286
12572.681922
12246.701382
12169.722840
12088.673356
11800.432924
11695.687092
12087.813128
12305.522543
12573.729375
12845.690834
13082.323265
12935.100656
12694.513894
12468.415523
12307.371975
12254.003436
12207.284162
12066.480297
12268.942313
12741.571432
12665.099492
12420.089090
12858.580805
12967.600311
13042.926860
13411.765970
13705.927132
13409.271844
13060.211156
12762.447318
12253.516663
12181.188337
12170.196971
12076.374918
12218.679890
12423.382925
12248.419344
12565.916014
12572.707201
12350.510880
12267.771254
12474.708187
12361.912175
12784.089700
13206.129967
13210.306083
12911.624541
12617.672560
12630.412659
12415.261134
11918.856425
11763.142076
11678.941308
11274.334478
11033.986190
11449.488020
11837.891708
11884.815474
11933.667142
11782.872050
11732.384636
11621.372994
11983.466520
11868.398348
12086.376872
12000.918413
11851.622191
11919.636828
12531.391172
12577.193278
12637.098640
12786.549277
12584.012692
12130.089939
12041.839119
12044.092587
11771.188547
11591.619135
11786.448821
11763.364429
11954.278191
12181.210484
12560.742841
12379.275106
12209.665261
12148.039405
12246.581123
11672.828821
11587.230423
11876.090264
12532.417887
12394.101688
12394.101688
12282.859730
12322.601213
11750.910144
12013.884563
12456.870295
12772.621463
12850.047691
12805.544806
12530.429751
12472.785106
12613.634063
12588.147692
12505.597544
12846.191670
12788.441874
12868.027245
12817.591413
13036.952897
13030.863152
13056.123504
12583.175933
12225.505391
12269.715525
12513.424491
12711.506467
12571.031086
12762.560993
12797.200892
12031.956310
11387.909111
11229.969204
11043.890867
10719.841233
11133.313428
11929.315138
12447.210087
12273.597355
12013.621479
12008.976413
11870.245645
11802.259873
12093.150301
12564.068954
12741.000376
12374.065828
11952.647420
11494.740337
11076.760087
10718.108900
10888.926680
11208.858097
11848.295474
11938.122999
12008.454414
11837.859301
11515.588515
11457.284995
11644.774094
11470.521336
11189.116783
11745.172539
11887.159437
11446.233577
11481.895189
11691.072153
11608.980906
11614.141821
12192.421389
12410.150183
12588.472200
12322.106242
12251.094509
12044.315058
11922.783012
12005.882662
12095.494684
12064.049573
12083.180238
12136.739245
12285.693931
12564.925797
12744.713734
12629.769324
12657.394372
12970.830945
12804.999925
12526.293395
12709.984223
12569.189104
12000.310582
11583.856025
11558.857586
11461.186513
11578.831600
11674.103460
12030.534658
11936.687217
12128.119955
12577.488406
12251.774727
12036.229234
12207.991068
12026.114102
11431.739126
11525.959764
11440.214389
11179.095168
11292.311346
11549.737395
11745.994300
12127.687876
12094.554287
11640.092818
11038.926557
10672.396149
10277.843358
10217.073062
10694.932406
11065.809420
11858.747381
12521.368318
13009.154971
13219.705723
13471.727127
13002.399010
12836.450937
12932.708463
12490.905205
12576.567657
12175.826809
11598.109390
11194.396841
11549.993484
11552.758802
11904.359248
12576.119848
13008.903258
13089.841005
13098.487061
13428.881935
13464.588486
13414.584371
13478.707161
13210.076216
12807.179904
12636.580096
12613.838736
12416.880785
11984.309608
11788.389661
11741.653692
12151.843973
12720.854203
13377.813117
13767.375957
13826.892187
13444.447541
13169.832926
13148.264801
12982.001603
12775.155498
12572.500361
12361.422536
12367.917086
12493.688193
12555.399606
12402.405786
12046.445298
12053.774726
12206.428964
12394.140361
12910.391701
13257.865225
13343.166893
13466.707265
13560.475398
13284.621480
12907.650881
12497.401594
12308.171230
12058.431302
11977.300127
12267.345659
12689.462571
12921.701256
13363.182198
13576.521642
13653.030925
13682.874280
13293.135584
12889.880296
12747.777700
12696.506722
12786.230600
13101.805375
13227.069054
13275.548217
13373.031520
13122.074328
12864.136447
12556.832171
12138.705221
11631.510894
11765.335467
11882.815965
12215.913985
12863.893897
13068.495500
12599.445413
12731.263365
12641.810332
12370.053926
12300.368831
12082.485472
11743.625816
11786.414207
11671.468043
11911.984015
12436.384421
12395.645321
12057.019969
11838.979861
11487.388624
11419.794820
12105.920250
12342.475298
12453.502211
12749.120930
12626.294032
11838.871597
11698.931649
11579.528694
11543.414945
11863.218890
12102.205470
12342.618270
12373.811288
12147.983487
11964.364739
12164.768144
11983.710765
11827.345016
12106.234201
12014.508946
11486.426708
11562.847530
11847.118471
11644.566774
11631.773147
12015.124235
12041.313997
11923.707343
12083.688122
12045.405478
11570.190390
11173.033215
11296.923599
11284.076752
11107.227110
11420.236852
11555.148454
11586.422992
11541.252794
11782.333242
11558.547181
11453.994019
11457.975066
11547.891575
11411.004874
11477.255773
11697.696174
11638.485331
11598.113507
11832.552593
11859.818371
11928.850652
11993.308345
12142.095861
12277.488940
12954.944538
12628.452295
12277.858721
12162.470633
11678.128807
11196.379332
11398.742903
11361.616636
11139.641668
11706.501926
11719.563852
11915.544044
12293.941765
12466.627352
12362.537577
12182.802064
12042.174148
12249.306623
12720.800804
12861.256036
13432.583910
13792.955064
13640.224889
13020.005987
12380.189738
11843.511444
11549.058892
11782.816371
12358.891893
12740.361859
12955.539753
12861.735325
12579.281588
12508.972025
13046.450578
12812.049506
12801.617350
12638.222443
12161.185000
11853.643389
12386.513740
12604.334434
12874.095467
12824.844885
12543.372517
12438.543272
12487.912959
12301.732872
12800.996219
12796.465097
12892.226879
12849.804611
13054.875263
12696.481136
12688.623498
12521.282142
12236.138067
11847.147813
11486.786836
11567.940090
11329.052913
11546.418467
12035.855578
12675.463499
12944.178033
13280.662246
13402.198262
13053.040766
12857.063918
13042.606363
13106.077897
13019.170655
12820.277582
12696.666620
12321.698879
11976.487948
11988.995262
12212.384490
12481.025306
12524.114677
12622.031454
12824.668164
12962.618929
12843.201515
12836.802582
13079.823652
12920.004783
13166.664419
13313.686888
13595.011273
13676.225878
13650.481045
13324.163034
13092.221705
12755.079934
12780.505457
12394.744625
12015.905507
11937.845292
12044.108925
12103.715039
12689.949392
13117.852610
13103.311414
12949.549520
12505.758320
12305.000329
12246.453542
12646.992421
12885.422418
12667.521706
12593.213185
12744.006325
12283.169437
11961.821102
12087.397401
12157.573599
12115.758401
12463.536470
12397.148980
12367.841249
12369.499888
12258.467609
12039.806268
12164.716326
12216.359688
12079.689570
12063.069227
12095.112204
12293.378208
12401.672445
12715.756611
12821.882693
12706.993652
12564.029076
12553.362206
12333.703548
12509.093701
12914.753819
13317.347639
13349.542065
13185.091659
13039.075612
12378.253047
12041.344173
12024.395152
12188.041123
12202.975373
12435.609648
12590.856283
13028.233274
13211.021546
13140.142805
13287.432766
13323.338949
13112.714008
13033.569154
13090.111295
13273.421525
12819.082502
12505.984739
12514.457852
12604.449526
12380.270590
12748.869911
12986.079535
13092.611342
13253.637668
13419.759745
13217.282551
13297.951564
13199.685938
13204.769151
13157.392693
13503.115509
13878.230243
14408.682403
14688.948292
14738.179113
14554.811711
13911.229833
13211.436377
12889.751139
13009.201271
13407.806481
13527.207587
13642.277046
13506.234385
13510.585783
13014.140964
12913.861988
12883.925501
12642.946171
12581.663659
12807.480019
13352.646784
14082.153146
14723.853521
14784.119825
14722.219446
14530.066257
14472.895035
14395.530751
14742.706584
15386.511649
15651.260557
15578.198659
15875.343124
16126.970168
15412.575987
14768.746325
14252.876779
13506.536244
12739.571273
12658.220249
13076.155518
13335.864547
13507.376352
13673.946530
13912.547923
13635.747152
13275.239219
13500.596638
13437.202430
13547.845587
13571.334179
13912.424887
13933.199104
13937.558177
13792.740709
13815.919973
13562.160773
13583.269711
13619.331771
13679.121442
13871.484246
14248.345014
14130.999625
14092.802212
13909.771588
13788.324938
13683.708778
13660.780162
13769.457419
13976.209846
14202.091619
14257.456127
14378.918497
14609.206203
14764.457724
14483.432092
14587.741837
14294.773700
13764.280809
13421.032775
13745.306206
13834.830478
13937.192540
14365.229016
14787.436092
14508.257560
14299.373724
14276.486727
13913.563180
13561.940298
13451.142267
13257.445701
13602.446964
14429.403319
14559.373642
14744.819590
14970.714771
14805.882302
14306.954325
14573.211628
15114.975786
15349.186254
15501.632652
15519.051526
15305.432963
14623.640619
13685.677390
13401.421673
13448.177852
13527.091378
13919.306515
14194.653746
13982.854403
13801.835571
13471.557901
12582.776176
12362.965283
12475.845430
12788.769547
13028.263068
13680.273120
13931.952672
13950.537491
13530.110031
13151.059935
12976.188238
12973.851673
12920.021235
13081.970967
13452.647847
13205.817697
13414.400080
13359.893353
13115.037212
12590.574786
12933.542391
12982.688020
13281.586749
13635.973613
14275.226144
14381.896740
14349.706619
14529.565785
14510.684042
14376.538021
14133.033020
13937.170515
13853.191805
13868.207817
13763.881468
14092.136902
14526.934462
14506.033364
14452.963842
15295.241293
15697.474679
15526.901850
15343.091294
14842.083501
13573.694878
12812.771296
12676.101022
12720.517991
13438.495497
13905.594334
13952.382634
14005.657773
14060.230303
13578.116769
13814.957908
13655.059444
13539.913569
13082.061821
13335.571547
13128.817120
13843.018209
14476.192722
14739.808572
14944.510050
15178.620426
14957.277820
14863.219415
15291.801743
15901.739542
16414.914441
16347.407900
16068.117460
15516.008275
14166.452898
13000.948452
12915.402999
12940.712396
13463.652901
14032.562544
14518.710276
14503.710162
14151.932637
13553.704753
13423.987446
13010.029931
13033.809284
13383.461115
14209.523232
15249.596960
16360.595497
16735.987129
16603.357853
16055.483027
15092.199602
14671.985164
15060.243808
15601.364586
16076.279645
16261.336859
15995.599732
15276.373582
14588.201317
14155.514242
13737.542089
13607.388428
13245.097048
13270.562525
13469.317465
13317.879161
12718.818846
12729.391425
12812.667807
12425.761415
12903.294339
13608.950951
14080.648087
14265.584032
14692.209819
14707.008953
14740.927008
14751.717701
15555.798310
15935.975177
15940.096248
16042.887815
16516.061331
15652.878580
15403.568858
16090.315782
16467.884114
16303.709117
16192.846324
15740.853265
15252.942917
15088.637045
14576.858554
14657.766313
14709.952119
14251.884924
13763.515816
13707.796357
13499.199814
13896.128657
14235.307361
13981.838699
13968.891100
14480.504342
14254.605600
13939.119201
14472.314245
14771.183227
14531.741187
14525.593478
14018.137483
13446.747001
13517.121436
14030.989726
14724.779198
15434.989694
15808.234523
15532.934954
15650.336154
15811.429966
16252.802599
16665.624376
17135.390070
16510.774288
16019.459804
15750.756816
15848.293926
15398.814504
14708.102885
14195.815486
14735.216682
14272.706012
14892.982748
16055.120287
16414.316109
16113.888158
17234.935156
18103.062438
19513.748340
20993.997370
22058.621570
22887.201873
23446.099010
23925.764265
24719.732674
25619.570514
25046.369627
24685.823244
24215.435547
23514.693600
23468.045860
24025.998731
24399.320191
24268.864535
24808.714195
24888.001717
25570.195165
24235.153141
22885.969677
21248.882417
19436.619742
17658.472127
18573.239956
19753.842634
21102.937253
21556.920800
21652.562491
20392.730820
19090.108253
18151.675779
18869.361443
19841.842549
21850.429018
23732.763004
25171.250781
24295.064246
23192.941506
21378.578336
20272.526762
18578.578251
19552.762128
19762.228905
20985.171238
20622.922868
21110.650054
20990.693669
20931.199220
21285.108733
21271.899938
20772.188936
19147.949356
18498.143707
17089.141119
17715.869074
18074.762169
18004.660199
17860.004150
17396.776720
16874.742478
17449.700073
18864.935448
19855.056598
21029.483237
21159.333777
20205.800223
19811.959626
19483.562334
18869.104557
18939.731727
18819.710424
17995.519958
17125.510662
16409.415423
15106.512715
13948.645923
13100.124566
12065.954369
10902.151576
9981.426114
9092.701616
8226.979935
7902.906816
7518.773727
7226.704738
7103.756184
6950.253426
6798.894373
6675.065023
6677.084678
6624.886620
6608.053500
6687.198995
6868.144168
6847.210324
6893.403014
7251.005374
7372.686227
7440.700820
7626.391078
7918.576795
7867.403198
8008.866946
8065.412063
8029.722141
7834.702217
7758.344913
7749.823385
7862.620470
8033.509899
8365.511751
8628.141700
8527.771274
8512.755703
8621.739420
8404.057409
8312.747802
8632.397513
8905.033487
9084.480138
9550.523523
9861.730921
10066.744737
10000.225957
10232.679384
10235.011526
10411.526656
10448.033138
10602.213179
10341.196020
10485.724817
10632.640013
10668.871362
10782.467918
10933.790306
10818.634001
10865.709209
11195.906701
11824.522190
12119.031882
12401.052823
12690.839784
13166.610327
13257.964456
13669.947658
13773.913777
13682.417750
13315.534722
13345.890585
13394.860567
13493.108661
13708.050254
13742.322375
13642.243945
13614.420659
13886.272743
14148.569053
14442.805411
14244.348553
14048.246409
14004.389212
13929.769850
14008.289713
14385.767367
14537.197252
14697.908049
14677.001552
14683.283133
14583.475641
14785.857806
14837.880843
14910.423624
14978.824308
14904.409297
14724.676203
14532.922864
14496.347291
14387.972172
14500.794255
14558.366515
14309.348130
14051.717122
13902.063233
13885.286464
13778.521905
14000.172318
13951.064754
14017.267543
13823.546186
13770.143318
13765.861824
13870.578813
13748.964665
13942.617298
12753.602526
11747.315976
11079.913697
11073.915402
10886.285817
11526.029228
11896.270061
12055.812780
11557.036922
11384.168423
12054.073900
12406.845623
12308.599585
12057.282756
11048.699659
9716.546249
8734.377169
8430.862871
8219.977448
8222.135335
8256.492300
8350.502016
7714.865457
7363.427002
7376.525085
7318.476739
7535.893725
7881.714864
7955.899459
7851.990393
8049.757006
8210.659751
8582.075101
8709.647390
9056.724791
9110.593891
8658.557089
8315.644922
7929.354071
7695.511831
7667.518502
8049.818479
8348.969173
8832.829861
9019.767451
8796.307080
8453.715522
8297.807822
8315.151995
8222.898774
8353.478646
8179.463436
7902.874171
7808.759785
7862.216482
8007.135345
8427.617438
9061.081357
9147.467186
9062.190408
8955.842758
8901.749053
8407.338141
8368.744325
8428.299715
8541.727206
8677.644864
8662.535042
8499.946194
8722.240614
8973.717392
9103.014829
9263.637015
9457.442953
9395.337744
9229.044963
8889.894057
6984.198935
5050.083067
