1101.927447
1859.830055
2412.026493
2279.695501
2269.334045
2171.038502
2051.972716
2063.254217
2109.153917
2253.065532
2278.907821
2372.637074
2666.634022
2576.717406
2501.431535
2649.821556
2529.270732
2406.873041
2478.042391
2408.687689
2341.997391
2348.120250
2146.719210
2094.439812
2144.771153
2165.705219
2213.672334
2283.968358
2383.605313
2308.842987
2237.677127
2216.924173
2155.486857
2109.725605
2224.679895
2262.633549
2279.277379
2491.426198
2468.246589
2462.162706
2529.540232
2401.580937
2218.585416
2293.994268
2237.304609
2290.034660
2269.033465
2251.041977
2279.792443
2234.144662
2100.383528
2279.792443
2311.615145
2180.284517
2225.575897
2207.323211
2087.821156
2149.184689
2138.302443
2233.098567
2439.544006
2454.385177
2467.744329
2566.345272
2354.851095
2135.783390
2168.926221
2071.549059
2057.159334
2180.566466
2194.637017
2107.178765
2198.618574
2105.913284
2208.160993
2191.482983
2185.105055
2135.624142
2085.851360
1855.851011
1932.362023
1912.099047
1896.111002
1986.211118
2050.788771
2076.198185
2188.729534
2183.973330
2211.126939
2382.655205
2333.942028
2351.246187
2387.039153
2297.486429
2213.889425
2291.315421
2323.076200
2401.431309
2510.511953
2491.294845
2454.320365
2668.882347
2503.606249
2439.259856
2534.662633
2549.898140
2314.001722
2461.351125
2435.415374
2239.517404
2210.184449
2082.559745
2017.449530
2199.299516
2234.669209
2188.729537
2311.701313
2293.861530
2101.280621
2093.208337
2040.623496
1909.689663
1848.683125
1882.117346
1837.914142
1915.001597
2059.295152
2075.651965
2068.712994
2330.293244
2262.897446
2252.412992
2293.521738
2317.930187
2279.039456
2403.803501
2345.617591
2372.658156
2462.162706
2274.631044
2240.901305
2253.188429
2201.298634
2093.088007
2147.216024
2111.579172
2082.306315
2010.602780
2051.853699
2012.278106
2056.403134
2056.403134
2062.873324
1964.382138
1949.767720
1843.725246
1832.875250
1902.299058
1911.813946
2003.913093
2143.670961
2076.718988
2133.028611
2333.705728
2269.133608
2189.545754
2362.892289
2294.627783
2126.295117
2220.132336
2224.133538
2067.678904
2081.006704
2116.864386
2005.825867
1972.229216
2076.829574
2099.811934
2111.679863
2162.000454
2087.084178
2047.092623
2086.185520
1995.765884
2093.934805
2346.566588
2363.333858
2406.750004
2706.531248
2894.989869
2809.604173
2841.032581
2720.963320
2409.317178
2140.602797
2027.666329
1960.963865
2030.953492
2241.424902
2179.582777
2179.582777
2199.865823
2155.027029
1994.601830
2137.761259
2121.469838
2227.507172
2275.256605
2361.043137
2188.025904
2258.539701
2181.308023
2108.826060
1923.540887
2006.262159
1979.771804
1991.634923
2095.806246
2219.512758
2251.041977
2275.483405
2175.271781
2118.291288
2092.200474
1916.073302
1849.375300
1981.117383
2044.669362
2107.009671
2132.171518
2190.489260
2061.258989
2029.270617
2083.389501
2129.652311
2106.680520
2298.694471
2158.649674
2089.199063
2100.276732
2079.365001
1837.597263
1832.580929
1886.880854
1865.626129
1942.883966
2170.794648
2164.005786
1942.632619
2068.046322
1986.421540
1820.880516
1914.298190
2068.712996
1874.502625
1912.238967
2072.573561
1995.880506
1918.784997
2171.281895
2181.714747
2046.142152
2100.492666
2208.918791
2087.718821
2100.492665
2225.419536
2142.244991
2079.556207
2137.644881
2104.690780
1920.474148
2063.125560
2076.198186
1893.985962
1909.127385
2146.719210
2069.690457
2044.935841
2166.116715
2266.353476
2015.336965
2065.325605
2111.251548
2021.690920
1829.656853
1914.866907
1942.394120
1852.299013
1946.578437
2087.926272
2019.140882
1913.043103
2013.367478
2111.370453
1971.792263
2052.509626
2116.756461
2080.861618
1986.622217
2072.152427
2087.196447
1976.015509
2038.912081
2047.092621
1989.028029
1942.711238
2067.550271
2011.004335
2018.961669
2133.970228
2275.752712
2199.383300
2251.454226
2317.891214
2109.153915
1967.582287
2035.531369
2039.338898
1924.421753
2032.988365
2031.119150
1986.139216
2004.937405
2211.305195
2345.307419
2294.539010
2315.126535
2279.695501
2006.005289
1910.231905
1979.359422
1931.365955
1781.025708
1747.994150
1749.557173
1653.758409
1676.381562
1870.354358
1960.798437
1901.471362
1947.847623
1895.871577
1783.417645
1770.445038
1820.710476
1820.710476
1913.419263
2088.283968
2036.604947
1940.890549
1937.993833
1949.583911
1762.077897
1832.747041
1979.359422
2045.825669
1953.277482
1953.277482
1907.401332
1758.624828
1662.807669
1735.201894
1943.530492
1983.306193
2011.004333
2155.086011
2082.306316
1848.870670
1856.732834
1930.254984
1856.732834
1936.702899
2216.359692
2272.319655
2270.314695
2262.524211
2352.129658
2114.634556
2076.829575
2151.652942
2072.290296
1957.244809
2040.486956
1961.292229
1948.919276
2069.861858
2094.764722
1995.049115
2130.274162
2151.000478
2082.175533
2014.230822
2016.850052
1981.117383
1820.635754
1809.490401
1938.280166
1947.262327
1757.742311
1932.120311
2027.250274
2006.005291
2050.148348
2200.109797
2185.541301
2217.020981
2133.189405
2145.968313
2245.937070
2237.677127
2177.645861
2204.234723
2185.393647
2064.219750
1971.208753
1964.131111
1975.472159
2033.998591
2240.616210
2269.897616
2188.729536
2224.679895
2097.220568
1863.764011
1949.080806
2251.832379
2147.802030
2172.561402
2195.256229
2076.829575
1784.197729
1854.791214
2038.436095
1988.449601
2040.212963
2207.591176
2117.148621
2052.084003
2234.144662
2183.801571
2067.266394
2168.556114
2221.032646
2087.305507
2127.132185
2235.552023
2145.128687
1971.877544
1957.155860
1973.451849
1758.562829
1815.252996
1863.695671
1844.283105
1740.074320
1794.370020
1767.403855
1809.119739
1844.283106
1923.951193
1923.951193
2014.112257
2108.195294
2143.961542
2170.918787
2399.026000
2369.227947
2245.892599
2338.447647
2490.478924
2294.107500
2280.072677
2232.858280
2199.299516
1919.051016
1923.650698
1909.944001
1928.653788
1972.229216
2035.351085
2020.465231
2036.353201
2032.059466
1812.915441
1839.821318
1981.734060
1931.885892
1883.876768
2006.718315
2030.406964
1865.156439
1872.169069
1926.383837
1843.076277
1826.340002
1868.097880
1999.210509
1973.915843
2080.716185
2117.774598
2137.004926
2085.425139
2333.602344
2243.957273
2256.482500
2235.421385
2194.427842
2062.999567
2087.821156
2086.469106
2112.809605
2063.254215
2009.684777
2055.490124
1986.277731
1961.122718
2121.598753
2146.719209
2061.258987
2071.384066
2274.268959
2111.251548
2092.745158
2309.898068
2343.178281
2236.399359
2390.543242
2619.868562
2515.570514
2519.820276
2422.491978
2317.709470
1989.651608
1924.928416
1953.952139
1995.880506
2022.853443
2207.190840
2183.973332
2155.027029
2121.469837
2263.455271
2192.865344
2330.595326
2311.795457
2305.854553
2192.538064
2289.117494
2245.301746
2238.423934
2330.479234
2267.197537
2018.336244
1901.329477
1855.851013
1686.475478
1690.999100
1831.106911
1914.448983
1883.342544
1937.313464
1955.517405
1863.843320
1817.756826
1947.262327
1911.813946
1832.580928
1930.668857
2101.611819
2101.611819
2145.810907
2280.693956
2327.473986
2122.062442
2081.006705
2162.321411
2011.004336
1931.365956
2087.821156
2011.004335
1937.518574
2155.086011
2205.162444
2117.323805
2161.266797
2294.539010
2145.648107
2080.861616
2022.342847
1972.136141
1800.982943
1762.205313
1842.128776
1837.840702
1890.023559
1989.835488
2218.585419
2057.890990
2105.913286
2168.388656
2141.574558
1942.477015
2090.547246
2046.620134
1907.201222
1833.033016
1869.755454
1767.433363
1780.531003
1884.050887
1901.177479
1890.023559
1864.716875
2021.690920
1916.886870
1898.779055
1841.985384
2105.011583
1977.604097
2038.058920
2106.843416
2097.934515
1926.525255
2051.853699
2045.669837
1989.383057
2061.823671
2149.302021
1995.147063
2045.075167
2214.001901
2214.001901
2066.055898
2117.678386
2080.568477
1927.980918
1937.127135
2012.278106
1982.602965
2014.112257
2047.577260
2013.768336
2105.765431
2350.264320
2351.950814
2443.651769
2529.920395
2390.387498
2149.651791
2082.690221
2087.305507
2005.825867
1890.875788
1926.383835
1968.092312
1784.197729
1807.451671
1936.871802
1899.295288
1917.769388
1922.250331
1844.527781
1901.256239
1915.728654
1937.039772
2125.260658
2170.175291
2149.184689
2155.282624
2005.376447
1942.555503
1915.137461
1892.180678
1892.180678
2069.690455
2094.764723
2067.924436
2027.916694
2092.972676
2092.972676
1986.345760
2036.232466
2199.299516
2090.262765
2117.410632
2157.502867
2095.806244
1947.847621
1981.240463
1851.919276
1910.395155
1943.717085
1868.996556
1849.933536
1873.146632
1937.628718
1924.286146
1961.613098
1972.229216
2121.063485
1960.479376
2070.539783
2129.281092
2135.624142
2166.972869
2323.254350
2212.703715
2116.864384
2095.355466
2022.450674
1838.432505
1888.932006
1980.560503
1953.352415
1856.807495
1899.295287
1946.729737
1936.613098
2017.571558
2032.059466
1963.056478
1919.920768
1901.256239
1935.517298
1937.039771
2172.561402
2152.179804
2192.213774
2188.339202
2167.257346
2027.530762
2000.161213
2278.215443
2290.727591
2346.566586
2338.617394
2345.410956
2067.678904
2086.600364
2284.312317
2330.535877
2339.115186
2471.531062
2330.822992
2093.208339
2206.264276
2189.989792
1979.491092
2050.307103
2092.357562
2056.624043
2231.215780
2408.335975
2363.806854
2360.254857
2372.658156
2221.138600
2060.269031
2158.566950
2181.308023
2070.539785
2235.811321
2200.109797
2093.772681
1982.760286
2064.422550
1848.144824
1912.238965
1989.476150
1981.117382
1830.907694
1875.519989
1961.387008
1848.965680
1880.622881
1901.090179
2081.897560
1942.394120
1975.472161
2086.600364
2105.166555
2087.084178
2297.800444
2475.195045
2441.874063
2515.058834
2532.927940
2314.001722
2221.624409
2167.663027
2063.125560
1938.280166
2105.913284
1995.343697
2070.202475
2076.718988
2103.974301
1996.816597
2143.670963
2040.766327
2039.055554
2036.743872
1941.160773
1867.783553
2036.743871
2082.433340
2012.673129
2207.056798
2294.376396
2271.744334
2461.640089
2531.841434
2654.671810
2581.735237
2529.714310
2351.950815
2291.214217
2121.660478
2088.036519
2061.453532
1981.734060
2081.450985
2115.352110
2192.213776
2158.732571
2217.126260
2173.995515
2211.863957
2059.443051
2078.141063
2103.333748
2004.095060
1945.252649
2001.652293
1957.533027
1926.383835
1989.651607
1849.622769
1829.454024
1883.444636
1918.784995
1937.039772
2032.823452
2043.884970
1913.970363
2039.196948
1964.307634
1971.425880
2117.148621
2235.946093
2056.624043
2183.058926
2158.381147
2099.941022
2164.334272
2141.574556
2062.320238
2235.552023
2137.279079
2078.968973
2245.892600
2275.256605
2062.469022
2258.539701
2423.423092
2208.458537
2131.690436
2221.330677
2208.762469
2050.307099
2221.330677
2194.185527
2129.526637
2045.983296
2068.863822
2068.863822
2222.454753
2372.703356
2256.482500
2193.562322
2291.646332
2269.231726
2127.275236
2202.054482
2306.496215
2049.985783
2043.537845
2023.592915
2059.749083
2051.438254
2149.415786
2131.506296
2189.838207
2098.178920
1929.073549
1899.924884
2017.449530
1900.607000
1949.946313
2044.669361
2065.325602
1949.679043
2047.936262
2027.530762
2067.266392
2047.936262
2072.573559
2087.515341
2148.215530
2077.078720
2129.404546
2095.212222
2053.123448
2018.063884
2087.196447
2068.297919
2022.754477
2102.192679
2070.877275
2044.290177
2058.659513
1996.977433
2001.652291
2108.031236
2143.816206
2104.166407
2423.023284
2350.086029
2280.353666
2339.028860
2381.524024
2258.687717
2359.624620
2306.727500
2227.394946
2359.624620
2182.647979
2080.568479
2078.349308
2078.349308
1930.254984
1990.621808
2028.438623
2108.031238
2076.829575
2100.058930
2079.556207
2127.589531
2185.699233
2199.050579
2221.330678
2330.361780
2300.240901
2248.564820
2256.938999
2189.989792
2201.104086
2213.889427
2280.257752
2284.412686
2274.631046
2158.918721
2058.992209
2052.293769
2027.666328
2167.528390
2194.427842
2361.676460
2221.519929
2202.725606
2158.918719
2272.207565
2161.573551
2272.207566
2464.346052
2399.395589
2394.895605
2497.025335
2443.054668
2399.240339
2392.992273
2209.603922
2163.838821
2199.469846
2027.916693
2132.454946
2216.506186
2117.678387
2057.504273
2128.694529
2059.593289
2136.553568
2100.852407
2150.816633
2278.907820
2422.846800
2422.846800
2654.343925
2549.926570
2447.650179
2363.731509
2522.688662
2433.156210
2515.893268
2566.557077
2441.032470
2233.223529
2199.560279
2149.302021
2068.046322
2049.231839
1942.711238
1852.731355
1930.394628
2013.768336
2180.950775
2291.646329
2412.292688
2291.646331
2272.738818
2264.216163
2239.683589
2216.830553
2383.531923
2245.892599
2199.865822
2283.968357
2160.438831
2068.568560
2245.937070
2181.308022
2075.651967
2217.020981
2348.734020
2202.228614
2327.751304
2447.650180
2372.637074
2224.294192
2381.262226
2327.064703
2276.576658
2304.151177
2479.076118
2291.417379
2272.442012
2315.392026
2386.834268
2271.874050
2338.678193
2534.446176
2501.239225
2438.739959
2408.876669
2532.324264
2241.558090
2203.234374
2220.488142
2305.979316
2299.292571
2514.757315
2573.274244
2590.344958
2596.608876
2575.904044
2399.742366
2352.221532
2519.777295
2331.222841
2262.820779
2399.026000
2378.229649
2351.246187
2584.891572
2578.448623
2601.696852
2689.747905
2598.088102
2510.511952
2524.869050
2445.242411
2354.982326
2311.441748
2317.613420
2296.385608
2294.376395
2303.933270
2386.995307
2383.077398
2512.703454
2449.279984
2467.834483
2442.761020
2399.122156
2333.899061
2530.354155
2516.292980
2496.283155
2665.275056
2581.625796
2464.652749
2589.671398
2555.643441
2428.777497
2430.044145
2394.838222
2275.034299
2262.690518
2181.069922
2179.452340
2266.832468
2269.133609
2239.683589
2369.227947
2456.399699
2383.531923
2429.052600
2573.056356
2725.554572
2732.409185
2780.413706
2791.330561
2724.621579
2605.844895
2662.082365
2580.481566
2664.154678
2697.018020
2572.377196
2626.201002
2669.641642
2586.208647
2617.907495
2627.950427
2693.296908
2616.166391
2570.529210
2547.982741
2480.170031
2289.117494
2361.676460
2434.154460
2367.803699
2490.588349
2576.266013
2695.424886
2595.889493
2568.236145
2541.362042
2411.942754
2330.479234
2391.160920
2533.191497
2754.374033
2752.786847
2648.693920
2689.572571
2612.259791
2438.831346
2513.735675
2471.744289
2423.807929
2466.122809
2524.695944
2474.647766
2492.814038
2434.359716
2378.195693
2271.744333
2200.247463
2369.428378
2482.513826
2441.032472
2539.547894
2704.149980
2726.416329
2736.034527
2663.339427
2592.167628
2602.044152
2456.136140
2461.351125
2717.919157
2653.108555
2608.970172
2788.477888
2770.875642
2532.575158
2592.816722
2618.286197
2471.797515
2423.890210
2489.929733
2491.169481
2526.887120
2492.946820
2619.868563
2783.041661
2826.970871
2853.807389
2912.391457
2876.897988
2667.420975
2606.627471
2513.137996
2619.510995
2555.783444
2568.368066
2702.233972
2652.500986
2677.233883
2683.816623
2711.315402
2567.018143
2682.195641
2443.537197
2590.931395
2676.992961
2702.047848
2724.738630
2742.958294
2634.689844
2561.251246
2478.311858
2440.554241
2478.311858
2315.126535
2323.293261
2356.882142
2279.695501
2455.074770
2619.925676
2733.071863
2868.271953
2867.258444
2849.701874
2817.931604
2836.920074
2797.505151
2918.468211
3029.353033
3044.919440
2971.731494
2963.462501
2911.946675
2677.307869
2600.963596
2667.420975
2784.277277
2869.663755
2945.051193
3037.992457
2906.230876
2797.591781
2601.608815
2599.398688
2479.202473
2612.805797
2717.880285
2749.141287
2705.010891
2836.034389
2642.122567
2606.470113
2601.980347
2598.221747
2490.087290
2541.499923
2549.947611
2554.950879
2625.514912
2801.994147
2843.679421
2828.990873
2847.793988
2785.031877
2943.943756
2891.298457
2833.144945
2877.178341
2782.882038
2558.825122
2560.945532
2631.818174
2756.943331
2987.146123
3065.902935
3203.838468
3178.053974
3072.233809
2872.317625
2912.391457
2841.228694
2918.513028
2895.442909
3006.374736
2952.374781
2960.413050
2828.990873
2858.471407
2795.838257
2768.638352
2902.214974
3025.728275
3106.774770
3361.451153
3392.915184
3433.105604
3361.790439
3353.596546
3232.287922
3169.057171
3050.314834
3146.069977
3108.865618
3095.798555
3018.902186
2933.493099
2853.807388
2883.008360
2828.990874
3075.494490
3249.006740
3228.018981
3286.383851
3342.667365
3338.110734
3281.792201
3260.635840
3296.656895
3311.164654
3315.622244
3330.285865
3472.108804
3520.172319
3520.172319
3371.215277
3408.576067
3347.747268
3147.237678
3164.411815
3154.769977
3140.436197
3257.689599
3328.723853
3417.994623
3468.501643
3543.496301
3570.448780
3549.302570
3570.448780
3611.404248
3571.358099
3531.544667
3479.799696
3485.701478
3506.375244
3497.664469
3463.905101
3489.724031
3318.179802
3315.967168
3347.377361
3345.632140
3477.084068
3600.084348
3602.184671
3547.936065
3533.091743
3556.606584
3477.182397
3689.800144
3773.164905
3861.275616
3821.382851
3877.607698
3651.590486
3707.462102
3607.579326
3655.374597
3764.382644
3906.454245
3833.653861
3894.223227
3702.080862
3666.391796
3589.678657
3553.856822
3491.479274
3547.802435
3458.166720
3417.219217
3519.573755
3448.354550
3452.598362
3488.297456
3429.166486
3256.169447
3371.215277
3444.280264
3416.953434
3498.107230
3594.155898
3602.589516
3822.075191
3901.399130
4037.221985
4128.964155
4185.485486
4051.714653
4038.794830
4082.206630
4011.137073
4132.560834
4226.233488
4387.000543
4256.189087
4452.311022
4397.967439
4358.161359
4339.717646
4396.057620
4258.060284
4258.060284
4253.963489
4233.263846
4217.258050
4332.005928
4258.940068
4282.273011
4294.734631
4373.567944
4358.830203
4478.270604
4555.503634
4526.167457
4653.084953
4636.132584
4583.874427
4594.241210
4853.411476
4810.429508
4997.978339
4992.211452
4902.440884
4722.532108
4745.362341
4632.154479
4801.672242
4839.391565
4937.359261
4960.087132
5049.832531
5237.313050
5517.649149
5536.660178
5606.423095
5477.087692
5261.950902
4927.542883
4986.505987
4850.596408
4969.663702
4861.259158
5115.601435
4994.461355
5198.121011
5261.053933
5619.925297
5820.564659
6096.226786
6132.308770
6084.196229
5865.364871
5633.327469
5518.351725
5516.422205
5597.624250
5746.126119
5894.665808
5944.326480
5722.893137
5952.134511
5923.178678
5973.613466
6023.612188
6455.515354
6397.113359
6431.040223
6578.313543
6614.649265
6413.117834
6296.095536
6389.996516
6194.189126
6214.196773
6599.249737
6953.962974
7279.898763
7929.761069
8198.806863
7979.189452
7893.642568
7849.718571
7636.079743
7712.348627
7734.147101
7897.321581
7669.970294
7571.544083
7611.525604
7884.838727
8242.426059
8501.058454
8565.547717
8638.789084
8770.215578
8565.201810
8858.235037
9052.076397
9022.936575
9067.955092
9281.258371
9335.255732
9525.655995
9834.408908
10061.111097
10288.590193
10535.421806
10996.322067
11357.930828
11629.148734
11865.040951
12284.521573
12447.597022
12587.967932
13168.392738
13580.425055
13828.846264
14169.150926
14682.971977
14884.773482
15162.042807
15728.413724
16252.487356
16803.754322
17226.321708
17947.267568
18763.310172
19629.984227
20141.156631
21437.568157
23144.641037
24361.357410
24992.513749
25688.190998
25294.082004
24308.150599
23034.346148
22380.908410
21406.168860
21079.794198
20898.637674
20981.594173
20088.158973
19843.639607
19965.511748
19268.766636
18760.860931
19314.167256
19637.796484
19049.961268
18957.588407
19114.192260
18907.664749
18713.279524
18899.451625
19379.463448
19249.859551
19124.308008
19523.060531
19842.707394
19873.708805
19844.452302
20149.380200
19582.760679
19184.634561
18732.371241
18462.431958
18047.381411
18208.501543
18092.697152
18366.219734
18858.934903
19070.066721
19398.176184
19373.382332
19178.296377
19122.827295
19377.717587
19406.206881
19553.316392
19632.715634
19674.343206
19760.011913
19287.649285
19172.832689
19089.307522
18968.030541
18750.911269
18842.910741
18854.314920
18998.256793
18991.989851
18816.478674
18902.381519
18949.781662
18745.076104
18715.556820
18619.725366
18402.579546
18119.384342
18084.674253
18090.736966
18274.526821
18234.468954
18155.248402
17971.637743
17754.508969
17731.343338
17768.456762
17875.640940
17908.870464
17931.675541
17581.240379
17416.269098
17382.559290
17593.267916
17467.684100
17605.584332
17870.154032
18184.964576
17842.551660
17857.664520
18051.605821
17807.244274
17569.399275
18074.639058
18183.923396
17996.023140
18208.754307
18215.468097
17954.345424
17737.008392
17901.891668
17866.619067
18269.332768
18254.720580
18459.040882
18152.156004
18264.980898
17896.538244
17614.662752
17664.407439
17921.182703
17533.090914
17447.542427
17779.371670
17491.164547
17417.871677
17877.355636
18178.109425
18209.146294
18683.493685
18823.130000
18877.982492
18562.792176
18710.266946
18285.475063
17980.500193
17888.761262
18323.525345
18417.276159
18974.553960
19329.978910
19279.953085
19032.739543
18937.540629
18987.089630
18757.175540
18801.345113
18676.813061
18756.317340
18627.199689
18879.008467
18992.120083
19440.250232
19208.570611
19058.203583
18901.634454
18903.347207
18869.475752
19049.783141
19339.287569
19178.218724
19232.878317
18922.403923
18820.666834
18970.788216
19273.943842
18895.860308
19013.622960
18967.590471
18611.955624
18645.989748
18873.019693
19164.971935
19478.517062
19518.160869
19602.098451
19616.456123
19591.752047
19537.339775
19664.828332
19597.701701
19890.024872
20148.759862
20118.850555
20195.885862
20381.760924
20348.695677
20135.689995
20399.414142
20323.568210
20388.621037
20864.628709
20803.465836
20506.937215
20673.810393
20561.329581
20321.476035
20502.179505
20514.666472
20464.840963
20439.430953
20027.975192
19930.767671
20137.238862
19960.871982
20221.516396
20429.557755
20389.091816
20493.638744
20382.255759
20222.337764
20207.708293
20126.005768
20061.136442
20186.641870
20217.718304
20420.514447
20309.570160
20533.777738
20944.641631
21617.765231
21447.455658
22088.205981
21837.298678
21653.688645
21002.016718
21338.315805
20996.835319
21463.952736
21139.175085
21148.884642
20971.592212
21331.768869
21159.982792
21588.484372
21761.797056
22083.432023
22117.188064
22079.128740
22144.250659
22179.932758
21946.006911
21991.224330
22116.705583
22467.820319
22639.099540
22822.121444
23064.252910
23310.547697
23208.180415
23087.289036
23204.588784
22659.163676
22026.558619
21917.713109
21892.505205
21588.214837
22053.873762
22569.593042
22667.800461
22686.243139
22862.147542
22913.987647
23083.150816
23233.279243
23719.896465
23824.276839
23517.212374
23326.475906
23544.017730
23629.563720
23808.801430
24316.095084
24249.067531
23896.074549
23745.619091
23587.066052
23270.468682
23456.429734
23690.194690
23420.682557
23232.796823
23169.168420
23321.646240
23169.168420
23563.916113
24013.148828
24345.677373
24320.726575
24518.892391
24807.703654
24771.763409
24371.662888
24333.134825
24284.879420
23631.854837
23650.411546
24184.648785
24247.261476
24692.165531
25218.225294
25289.098541
25307.531585
25756.361473
25276.816292
25194.887223
24868.615534
24753.249296
24481.729056
24600.921082
24407.041578
24519.153686
24474.633663
24386.643632
24359.560147
24426.516271
24265.331420
24154.215860
24300.959693
24297.043454
24348.857406
24867.025951
24950.398877
24633.064334
24935.599014
24948.595256
24750.469789
24849.126863
25170.866421
25421.284742
25697.933704
25597.305066
25576.557967
25923.357791
25510.411264
25114.814258
25654.572892
26147.459150
26103.104559
25875.869280
25973.784584
25537.642199
24974.159936
24063.688620
24013.634967
23802.772127
23618.872790
23838.199628
24364.786385
24679.507176
25097.694287
25172.614110
25139.383491
25213.641041
25343.269794
25444.464041
25826.438478
25669.508008
25647.055375
25604.988757
25730.391628
25912.219021
25919.136071
25782.712678
25693.365473
25415.469666
25243.667442
25610.857397
25894.308115
26095.436189
26205.744568
26086.722799
26085.037142
26137.173429
25777.412670
25593.896930
25293.529735
25302.105249
25252.209250
25621.952574
25540.194564
26046.342144
25833.538819
25931.323733
25607.220663
25690.376065
25536.796632
25278.734637
24957.224201
25009.283742
25003.279275
24849.843986
25076.800312
25080.917916
25091.321141
24991.851045
24692.499518
24491.521641
24424.171614
24589.505488
24752.422351
25301.475428
25875.991073
25938.488428
25873.880908
26007.294971
25973.844375
25463.130563
25786.870423
25862.002545
25533.825589
25142.916096
25100.624973
24766.458711
24707.869689
25106.312024
25568.028683
25814.086138
26113.666521
26201.362084
26138.368793
26269.501810
26659.304416
26631.709890
26651.141189
26751.125207
26888.940141
26947.339025
27271.736733
27336.192072
27303.086286
27198.259018
27153.012693
26682.894709
26401.569239
26180.423161
25850.330572
25567.401332
25742.600379
26235.836971
26861.982658
27427.407682
27712.843112
27366.189199
26800.685731
26211.757366
26002.362381
25611.008415
26122.465579
26394.241012
26397.893489
26047.695464
25819.368267
25873.391443
26109.734615
26332.802247
26491.691020
27025.139114
26877.220294
26918.949576
27359.477506
28073.975458
28073.975458
28322.402162
28516.703671
28201.318435
27735.834467
27674.748695
27137.763394
26408.995479
26077.344174
25726.021437
25805.022853
25872.259054
26051.411799
26222.804564
26477.512286
26022.626806
26093.959894
26162.663071
25889.135383
25613.997323
25699.509017
25599.108908
25419.307397
25620.441590
25582.620995
25827.198503
25927.453856
25893.778611
26157.029939
26374.019399
26064.124617
25721.291325
25794.684195
25481.407196
25354.229079
25605.078423
25813.544414
26183.193620
26212.800129
26393.173435
26446.419717
26641.349259
27008.294661
27457.555103
27499.583429
27664.883450
27499.596270
27100.702707
26739.824973
26651.286870
26744.043695
26927.758192
26568.800553
26481.680559
26585.920334
26266.636056
26032.729263
26521.595899
26801.304413
26597.256537
26502.042395
26743.819019
26532.727883
26492.919472
26858.979591
27109.759134
27435.582443
27690.399664
27656.709019
27560.925594
27214.791320
26885.230209
26717.988779
26811.539267
26688.004060
26840.121890
26961.236186
27100.948198
27105.280404
26821.190968
26730.829814
26645.179965
26332.369858
25789.011566
25845.395083
25481.276491
25249.339984
24818.730228
24917.318411
24768.737175
24673.896523
24350.134766
24623.367914
24755.055791
25043.980810
25369.097145
25868.908424
25954.162676
25530.537817
25524.267984
25594.011160
25046.945096
24786.224541
24913.157865
24911.387480
24994.701022
25258.230402
25579.521677
26005.705350
26053.463305
26060.321997
26491.283551
26087.117498
25812.000734
25532.009332
25301.475443
25106.827156
25285.177426
24987.285697
24881.658636
24605.634202
24002.088798
24137.781933
24485.068713
24716.339197
24901.616246
25557.555005
25467.447779
25449.155746
25271.625708
25466.179456
25121.579832
25585.437363
25710.227061
26000.326085
26220.282435
26138.438620
25634.847030
25478.573306
25652.063222
25683.838415
25978.702102
25746.538055
25904.757514
25595.902426
25197.738961
25272.757434
25920.543297
25851.113389
26053.623896
26431.796949
26154.065852
25585.900956
25471.419216
25026.542113
24383.993012
24494.479133
24813.966303
24734.389287
24813.966310
25234.673828
25224.345808
25232.899247
25375.367615
25560.744449
25576.356520
25467.523699
25250.649519
25315.803960
25513.698642
25643.147982
26014.365215
26502.532302
26524.253787
26227.662154
26141.284333
25937.185232
25711.290195
25811.817225
25899.498055
26138.623341
26462.509129
26446.243241
26579.542211
26819.865482
26446.381309
25665.055586
25406.337139
25174.265346
24752.935682
24947.992490
25444.624763
25622.160902
25316.820346
25360.841562
25368.176077
25524.434171
25624.564513
25674.587081
25491.203439
25515.561079
25069.108234
24943.854817
25051.845113
24992.206462
24807.069369
25034.145569
24948.479401
25225.627038
25731.070884
25573.070619
25512.535385
25485.514165
25086.632190
24802.439838
25087.876637
25377.558970
25360.841551
25444.624763
25252.529318
24856.398726
24593.205051
24831.182665
25109.544098
25217.976495
25170.232943
24944.641490
24529.905778
24128.114915
24270.106625
24783.562987
24860.690868
25080.676454
25497.547591
25587.557723
25327.701755
25563.442777
25839.082716
25593.212598
25647.173146
25748.895552
25623.446720
25594.252063
25999.632081
25807.306421
25839.022008
25874.648006
25576.063473
25126.828985
25009.969323
24767.835692
24622.009397
24378.098635
24398.478968
24703.350500
24642.544959
24579.419029
24675.417781
24523.167658
24069.982187
23999.914626
24066.627663
23956.092694
23696.949771
23667.879029
23690.355540
23485.486255
23494.374680
23571.330828
23719.727074
23955.065001
24176.580058
24178.267784
24397.880488
24168.090690
24140.916469
24126.101933
24525.538394
24570.691258
24934.401668
24979.740238
24883.126586
24854.820029
24591.259778
24283.975020
24250.251607
24469.437649
24228.900063
24454.810222
24388.027550
24372.365137
24293.386715
24549.645167
24443.126751
24649.529015
24356.064673
23956.948218
23526.944253
23385.110980
23353.478600
23443.781466
23838.560958
24163.002363
24331.814567
23934.644824
23670.023386
23250.072299
23246.648869
22895.077438
23145.671754
23349.469499
23669.015279
23790.199243
24311.626180
24707.281375
25037.136267
24922.623568
24575.916663
24207.965800
24166.489247
24139.315030
24112.110067
24026.522736
24122.410089
24057.967668
23953.787170
24059.946713
24139.728091
24372.953949
24252.138408
24200.526282
24098.124714
24300.569137
24125.428347
23745.127034
23646.075506
23595.341645
23388.908933
23461.753132
23589.092656
23405.765013
23520.409210
23696.409049
23756.785005
23986.251024
24409.540105
24755.586494
24678.855444
24474.470376
24315.851036
24073.841395
23459.162579
23308.964484
23496.927282
23545.003704
23633.278949
23810.711571
23986.055876
23887.916844
23936.300648
24051.133849
23934.497564
23633.769913
23381.295218
23207.773034
22947.770621
22899.797970
23000.069817
23188.186002
23319.470759
23269.870677
23576.954765
23607.841499
23467.764920
23766.799698
24149.305915
23981.510179
24201.167748
24454.012134
24420.654467
24270.556995
24252.138420
24106.580928
24026.791439
23975.100897
23730.185521
23603.426754
23406.471461
23412.836638
23105.932177
23456.747628
23727.939867
23767.446952
23577.472381
23988.919461
23701.472243
23545.003704
23745.495947
23737.396024
23359.515567
23210.232439
22954.968865
22735.910153
22827.823356
22813.169105
22994.159954
23607.955246
23930.138319
23879.173941
23866.757075
23394.149388
22837.243601
22433.542359
22176.705823
22212.186450
22809.592637
23047.852222
23164.687035
23302.534204
23264.732817
22907.608154
22784.273586
22733.975463
22830.171168
23053.688858
23119.068400
23345.043039
23308.964497
23286.248550
22989.319131
22754.450737
22441.256461
22530.996814
22733.323513
22998.397847
23173.032129
23289.741079
23550.399847
23866.157633
23786.827095
23877.324450
23923.454007
23509.701702
23225.715278
23265.569493
23235.789774
23154.740689
23014.369079
22906.349288
22695.372677
22518.969244
22393.691229
22744.167242
22570.981930
22543.442172
22541.495165
22579.262318
22353.615684
22447.791905
22579.262339
22633.431199
22833.719091
22813.028719
22664.964062
22627.022991
22742.538538
22640.221429
22748.728850
22606.825591
22164.100991
21888.200824
21746.286339
21643.450419
21649.836470
21923.586230
22138.418420
22113.217943
22067.256350
22165.460589
22334.701798
22499.750863
22782.010502
22784.111276
22765.123636
22491.549484
22459.737412
22393.496558
22180.180682
22200.523437
22303.519980
21798.903332
21471.185414
21437.315749
21049.259587
20712.590410
21022.697982
21103.951650
21355.279204
21572.104049
21534.770785
21292.042012
21033.774389
20883.246885
20933.693839
21079.479318
21031.815142
20981.594173
20827.248305
20618.515402
20488.942909
20715.072952
20759.392518
20737.485448
20806.703161
20769.709282
20380.960516
20420.080209
20601.872521
20873.080531
21242.616819
21583.965377
21542.600018
21459.222518
21079.212782
20718.102110
20712.840462
20798.802468
20827.959456
20880.054309
21319.130140
20981.594173
20783.622937
20729.295295
20681.129328
20376.019387
20425.864796
20697.287568
20724.985698
20472.148780
20223.295760
20501.700920
20685.393331
20729.500676
21161.390490
21673.779014
21512.307618
21220.254225
21366.053641
21519.143347
21197.338337
21174.098283
21562.993953
21464.106177
21511.027885
21945.430582
22151.218410
21754.132889
21871.220242
21531.016008
20988.031675
20861.190703
20974.057155
20821.447821
20902.299361
21153.553561
21431.487229
21686.390390
22041.812663
22225.564066
22492.257182
22212.085239
21882.486077
21535.644994
21478.932260
20978.018790
21054.453569
20950.521302
21013.415626
20816.974432
21048.774490
20912.915895
21071.314882
20935.963387
20902.048719
20871.215428
21004.991819
21163.357073
21489.183444
22246.973660
22796.239800
23289.496959
23556.576712
23867.448981
23711.343643
23638.216767
23441.335696
23174.237308
22468.694116
22123.880539
21998.377104
21761.250578
21940.430278
22399.711929
22372.842836
21969.575885
21689.304323
21313.272338
20877.396882
20822.503344
20889.250020
20966.115512
21491.808612
22175.305623
22242.142549
22173.240490
22374.764044
22103.076013
21618.543316
21550.317550
21646.182968
21860.802385
21487.478242
20912.739161
20539.317161
20377.768855
19769.702029
19686.146474
19803.377486
19740.066931
19744.603125
19572.630923
19677.507495
20345.263197
20726.971828
21009.212075
21357.581824
21384.812930
20900.501018
20749.768449
20664.313576
20515.025015
20510.622365
20636.798196
20664.966098
20351.885308
20456.583200
20535.362789
20857.009203
20873.425757
20844.537070
20550.302842
20034.963245
19274.688409
18702.309680
18715.068886
18869.061977
19127.485742
19183.814355
19504.162020
19405.346534
19294.987407
19403.793939
19565.785425
19758.231471
19916.291848
20170.070012
19915.556071
19896.589777
19762.769976
19687.796162
19893.877669
20274.104660
20464.213182
20609.678269
20793.460446
20540.033237
20256.216059
20295.997578
20667.838738
20803.465836
20891.600158
21361.474433
21622.398654
21499.409773
21226.247612
21169.011383
21064.656944
20711.999419
20246.616845
20151.801044
20215.900886
19856.778951
19846.143213
20188.796813
20641.670332
20888.295730
20958.737051
20999.093615
20744.149304
20216.030845
19922.045363
20090.310707
20176.558760
20414.774288
20433.523354
20492.148078
20575.785822
20500.717867
20517.196223
20780.190494
20909.414959
20725.514170
20646.614843
20825.881608
20963.812629
20778.134002
21099.618763
21431.487210
21279.474884
21538.361410
21873.414570
21787.578999
21610.418706
21499.289553
20814.096163
20207.882601
19963.342421
19483.209633
19322.437513
19460.544269
19550.863417
19366.906060
19626.599830
19379.660777
19205.891900
19283.247494
19366.712433
19338.081672
19721.378628
19995.649121
19912.180210
19832.636987
20133.299350
20191.568757
20055.340244
20295.632776
20451.762682
20329.008834
20195.365567
20341.002407
20436.468498
20352.753609
20112.788740
20292.521181
20553.492156
20483.738575
20385.518009
20309.740294
20036.300170
19589.370861
19381.012979
19972.784758
20463.671637
20818.121350
21041.323732
21103.217567
20638.805914
20150.240349
19496.609081
19228.211781
18840.555730
18504.363250
18437.457925
18462.390529
18355.536275
18509.753365
18800.623688
18792.224260
19123.736556
19351.064813
19670.282741
19678.584277
19589.054326
19544.896770
19449.337039
19030.892382
18656.829593
18410.893101
17906.988625
17654.430622
17622.641407
17689.528196
17917.901463
18184.423679
18043.053923
17861.010073
17859.072429
17869.785074
17410.838809
17332.761475
17285.500768
16952.080034
16627.852667
16646.655617
16431.556226
16056.176373
15817.975927
15701.427362
15507.129648
15414.690927
15491.692678
15399.397047
15479.092374
15917.908470
16433.376690
16879.017150
17754.468847
18683.493676
19888.653523
20924.281797
21761.661820
21914.084451
21788.445258
21064.127979
20429.108660
20037.647427
19714.196780
19084.869991
18780.588329
18300.233607
17701.008503
17278.829221
17032.996736
16846.213872
16598.389382
16381.304000
16583.926651
16596.015745
16289.292295
16038.119814
15959.100748
15807.268913
15674.861063
15507.835314
15629.382103
15278.223577
14693.723874
14038.527614
13704.059419
12969.091740
12532.501796
11853.364517
11630.208272
11223.261281
11016.261656
11004.952746
11306.078442
11449.339231
11591.258129
11631.250816
11477.250734
11536.213608
11542.308396
11420.862479
11557.012400
11735.559437
11762.584875
11635.819734
11685.692080
11637.230734
11811.767893
11941.704927
12302.455011
12567.703570
13014.341186
13308.930121
13381.723860
13348.395667
13498.720401
13609.459586
13652.280267
13936.339636
14143.176871
14428.914545
14345.531192
14456.387508
14525.463590
14709.548605
14788.346253
15129.051466
15556.570490
16224.760434
16865.554108
17479.757651
18183.923396
18219.842083
17766.787303
17389.060273
16999.841275
16490.732287
16278.601561
16110.871923
15748.166094
15319.099624
15029.622877
14515.724561
13778.228945
12408.632363
10824.030477
8885.843494
7300.014662
5850.533511
5205.138697
4760.640012
4680.731116
4382.566687
4346.848687
4376.358357
4384.685557
4386.621550
4864.024060
5152.326439
5143.907318
5302.609002
5319.307615
5194.734096
5123.822130
5316.052400
5451.608344
5495.509682
5258.206668
5326.933324
5205.464766
4844.573157
4656.552387
4749.182405
4617.496006
4603.256457
4851.634241
4922.913208
4963.237012
5072.032984
5169.828951
5077.923998
5088.769237
5000.556455
4875.184823
5015.337346
5179.982990
5236.297374
5304.164412
5222.763338
4972.203039
4846.825059
4926.324006
4860.906777
5103.155550
5178.318287
5140.175032
5034.010341
5104.116476
5093.544357
5179.361348
5250.337908
5110.575717
4954.178049
4916.617943
4912.352517
4899.967349
4958.794310
5146.027860
5169.053622
5242.373912
5225.372024
5360.959427
5352.123298
5427.047517
5508.561210
5408.671950
5212.505173
5185.083566
5139.317981
4924.229171
5084.919678
5346.458027
5529.432485
5499.890702
5550.110918
5303.662793
5333.202269
5276.607597
5280.336934
5409.901461
5639.836091
5537.118495
5569.037177
5625.015591
5577.184062
5558.676383
5512.720420
5481.235455
5507.859750
5395.178790
5381.116692
5255.190379
5201.258646
5021.348566
5111.321373
5000.892302
5385.172646
5391.841778
5673.928582
5722.008760
5811.690779
5462.817062
5353.963446
5110.120743
5203.926737
5268.578194
5404.489427
5415.471721
5536.815130
5392.906625
5308.952831
5455.530552
5652.199921
5664.513764
5704.703789
5692.036914
5589.165958
5687.054858
5818.336908
5688.733012
5901.569627
6092.060218
5790.779161
5638.867926
5711.894603
5630.102877
5406.805607
5834.320289
5957.424891
6028.567409
6012.015743
6118.409603
5896.275639
5783.776044
5836.227815
5823.642627
5890.571499
5938.125846
5979.391972
6099.116607
6361.610906
6307.642015
6065.121138
6000.796309
5887.466256
5798.412544
5850.417677
6121.799693
6303.618034
6410.152241
6414.074188
6456.035338
6431.335686
6376.480550
6351.686098
6333.007092
6324.704141
6471.303076
6726.862355
6701.275879
6695.255639
6851.890263
6890.242064
6770.899713
6942.060901
7057.086041
7042.650547
6945.275363
6943.314349
7035.060474
7191.567067
7141.781821
7268.516061
7266.268962
7199.405962
7299.979492
7452.033884
7420.286769
7368.137673
7219.798316
7108.686578
7040.354581
7026.447862
7077.370148
7252.743913
7300.095918
7316.375757
7584.485524
7705.387771
7844.843064
8020.465877
8135.203945
7888.978629
7976.471709
8213.990739
8279.210952
8329.098978
8718.332441
8989.923807
8994.033758
9194.506083
9440.588942
9592.793550
9788.358176
9931.364930
9960.126915
10016.154615
10181.957795
10371.565031
10271.420349
10283.992790
10586.835322
10656.712269
10575.954936
10982.943488
11313.009887
11400.197270
11707.760437
12009.139746
12385.030440
12844.473578
13373.984073
13668.674627
14317.958930
14495.476263
14718.868742
14973.482314
15312.778085
15593.531180
16238.046305
16918.835324
17602.078475
18337.500162
18988.879219
20520.891558
21854.229663
22904.043726
23411.387093
23966.307928
23584.379216
23335.815719
23352.361837
23628.349111
23678.424104
23580.574107
23438.673645
23029.242354
22717.239734
22374.612307
21898.065283
21430.573835
21006.579585
20825.737274
20742.312849
21053.295884
21103.591040
21310.294296
21201.558638
20971.717966
20439.297621
20248.708923
20150.759827
20388.741344
20760.582338
21188.278628
21278.593996
20910.519932
20833.440949
21040.499468
21260.060140
21452.146416
22153.163004
22370.999672
22193.605839
22232.918568
22489.849184
22469.081293
22842.177048
23143.457564
23134.512917
23157.684905
23184.557863
22854.338912
22484.794189
22369.838047
21956.599202
22023.300140
22088.898549
22220.384256
22337.696145
22679.646664
22734.202408
22838.029967
23065.333556
23364.640311
23719.630576
24076.602151
24339.002274
24606.505245
24773.088739
24930.324803
24673.211336
24750.469789
24647.970450
24930.092376
24226.097202
24046.273207
23657.830677
23339.458193
22911.818093
23270.880801
23272.790132
23293.399253
23592.170966
23355.903934
23439.561859
23765.583220
23876.240798
23946.965087
24432.454154
24548.779457
24759.470918
24976.764831
24993.338404
24740.567857
24648.561944
24281.478792
23862.807977
23422.377404
23092.175965
22574.744996
22541.089528
22481.915867
22640.630123
22732.454529
23127.309241
23010.497265
23010.497265
22966.385482
22903.746385
22713.375814
22632.459674
22668.694743
23205.098488
23248.995925
23197.083938
23064.973103
22995.069073
22533.917596
22449.857430
22460.388600
22489.849151
22688.958994
22741.297374
23112.996992
23139.948440
23275.498133
23389.007286
23290.564691
23359.781644
23787.701466
24416.034344
24861.594535
25266.993696
25123.400244
24867.891287
24486.530864
23909.002645
23463.851844
23389.188709
23289.078051
23240.901891
23048.698732
23205.098499
22831.393104
22718.509172
22674.521267
22665.720904
22300.157692
22320.862468
22277.652292
22229.671511
21978.360139
21792.190959
21988.474403
21915.439326
21873.775208
22583.936242
23131.164751
23346.481423
23701.326642
23862.379393
23877.745840
24193.398366
24207.876111
24065.967583
23807.214334
23605.576519
23271.501843
23117.242167
23404.962533
23666.593106
23686.354061
23859.898953
23701.253828
23746.844024
23757.332388
23619.489631
23385.561198
23319.080539
23045.199741
22661.140757
22615.785482
22437.784315
22447.134055
22419.441043
22793.535748
23001.586975
23226.809475
23645.562068
23736.705924
23807.693437
23800.706887
24082.428190
24452.413153
24690.430083
24332.947361
24303.736293
24151.803157
23863.259365
23437.616932
23345.738334
23243.292967
23197.672355
22965.876161
23304.073726
23248.124607
22915.394655
22219.842250
21474.418932
20590.822789
20622.199531
20660.666636
21080.084260
21388.913656
21807.319811
22097.556896
22608.874655
22592.114968
22951.528642
23266.638191
23164.318639
22838.124172
22961.277131
23087.078227
23393.934600
23523.787089
23767.446952
23738.342646
23667.615388
23220.557607
22965.876176
22701.112977
22575.827801
22375.273224
22458.979920
22673.833336
22800.929737
22809.182693
22787.817682
22266.103513
22581.369862
22318.888771
22103.780578
21882.753882
22053.873762
21669.231024
21658.180506
21553.872220
21144.734340
20827.080122
20081.975335
19741.989643
19416.682852
19494.071178
19548.401299
19591.986625
19609.664026
19704.125535
19756.292090
19780.944181
19883.032181
20134.772676
20663.223791
21159.846288
21414.786257
21504.528048
21278.593996
21134.543946
20735.519206
20429.910676
20486.457995
20480.143273
20329.309111
20451.206817
20411.372790
20369.767703
20315.452899
20371.239970
20438.300681
20976.903473
21326.010960
21810.070511
21935.296578
21930.771129
21797.859597
22168.842346
22103.442150
22141.093358
22236.747913
22126.626817
21625.328678
21321.704948
21660.430281
22008.969015
22527.224951
23188.974972
23980.697730
24043.426422
23947.203436
23945.631687
23588.502584
23185.253307
22592.504719
22210.367116
21820.017671
21697.021977
21260.124054
21005.585941
20784.125849
20786.041308
20333.190211
20321.872169
20710.100336
20894.143308
20778.643318
20774.631777
20652.750174
20471.367038
20169.981291
19565.165394
19065.625812
18316.866545
17544.260805
16543.960563
15831.367381
15295.005342
14984.864027
14683.655593
15043.392909
15049.761577
15124.990945
15337.205884
15522.742911
15679.324443
16395.940670
16878.445094
17713.388068
18640.671511
19636.782107
20516.033327
22382.253943
23746.637288
25428.105026
26365.921819
27023.852400
26770.855790
26539.998331
25731.568243
25727.778213
25287.051290
25024.220809
25232.505435
25156.861249
25056.722401
25672.873356
25616.317508
24856.121309
24040.009171
23056.052199
22099.823476
21554.855991
21222.053668
21253.603147
21370.228121
21315.694104
21387.035669
21690.159737
21876.197770
21767.384082
21982.523789
22204.105235
21900.960199
21468.521173
21044.489321
20608.601936
20248.543030
20192.656686
20121.926626
20082.040589
19895.914574
19437.008382
19287.075896
19270.332067
18944.054484
18724.990185
18963.892633
18526.436375
18437.297313
18585.641362
18681.722378
18516.037678
18479.683519
18062.678391
17468.997763
16793.050274
16262.448398
16126.400199
16016.067879
15987.186947
15844.838480
15719.436163
15463.851769
15568.194500
15798.289613
16428.470618
17229.855652
18359.707999
19976.124722
21617.856200
22882.372314
23764.043788
24321.988302
24303.736293
24357.920781
24305.968312
24126.229678
23823.236472
23489.193511
22781.307668
22375.738510
21732.941807
21146.914787
20451.565573
20148.991719
19444.786554
18998.168143
18711.138142
18476.656850
17821.338733
16841.553199
16221.385906
15608.389196
14854.438222
14585.046019
14948.823710
15136.462701
15099.996895
15348.378521
15667.978642
15787.442458
16119.333475
16599.148270
17114.657984
17741.303625
18227.563275
19021.201454
20381.380858
21671.686068
22469.274018
23323.192518
23738.798808
23512.847411
23234.965939
23049.071708
22399.629327
21505.708321
20320.779422
19054.794558
17914.341366
17133.891919
16482.590470
16206.184339
15844.969650
15454.194359
15168.424925
14861.444813
14646.364726
14385.108937
14049.039780
13698.472364
12946.591374
12236.256874
11793.678243
11309.164757
10696.959155
10577.620211
10426.600573
9973.131339
9783.847278
9798.205441
9841.100347
9660.740547
9531.445313
9262.134675
9084.583077
8882.135350
8721.017236
8695.849871
8750.412270
8726.717104
8528.437627
8424.309118
8370.353298
8151.659182
8001.160773
8122.369370
8267.284470
8444.913602
8462.822683
8590.567108
8916.417399
8878.030492
8813.579742
8937.016940
8717.308750
8332.970206
8283.108021
8001.178044
7884.574746
7982.611853
7971.842312
7983.152073
8148.013996
8148.013996
8221.925853
8319.158550
8229.634533
8158.346978
8254.368118
8147.872728
8021.965464
8011.217521
8160.748418
8106.804122
8263.877872
8434.449884
8606.818029
8512.143095
8462.621644
8327.257781
8241.944673
8587.772887
8685.829583
8898.873251
9219.838254
9475.051270
9508.927771
9755.886858
9855.961757
9939.389658
9883.239661
9401.409982
9223.289273
8958.257771
8693.782946
8486.404009
8805.031488
8873.888705
9223.065739
9506.439346
9792.684198
9898.977317
10053.917670
10099.713305
10298.078913
10465.114340
10576.322658
10593.343801
10964.578931
10976.789884
11314.864187
11707.411733
12030.639651
12015.979437
12362.573518
12454.708068
12470.425626
12745.552407
13013.867855
13251.456724
13528.755232
13839.159983
14172.811298
14699.254597
15099.996890
15678.848683
16199.070279
16647.786247
17111.797933
17694.678049
18047.381400
18820.764812
19553.570253
20222.337735
21387.456246
22968.171100
24479.425421
25557.213129
26611.452677
26830.893648
26870.724367
26377.361119
26342.392603
26022.506580
25735.928832
24846.873289
24007.351694
23145.100221
22535.197921
21779.370676
21250.818304
20881.831490
20878.164590
21007.000665
21406.358267
21834.262987
22042.360766
22175.990727
21867.125521
21611.588971
21300.755385
21394.356092
21314.799927
21450.690007
21385.249909
21753.244997
21757.359204
21697.159758
21556.871499
21572.925683
21239.738831
21049.639563
20630.253320
20477.802680
20391.291064
20093.325696
19683.796565
19451.482509
19270.191484
18539.377002
18124.274582
18074.131403
17796.288434
16999.114615
16757.968289
16346.430759
15597.961498
14950.668799
14553.442270
14063.314463
13770.894476
13164.752727
12588.237377
11380.797899
10002.921098
8242.646171
6993.802575
5594.678261
4972.203039
4589.979368
4535.762175
4404.556106
4300.151182
4300.151182
4318.824776
4178.972311
4122.599494
4318.645565
4379.174565
4492.024567
4859.474732
5210.284655
5440.130360
5505.106433
5657.046677
5688.397462
5611.442468
5640.529068
5818.336908
5830.793397
5832.625751
5921.084937
5826.886669
5858.588655
5866.899946
5762.465771
5567.477232
5517.791402
5360.817483
5329.920357
5455.421796
5624.546120
5886.231430
6025.528096
6016.738914
5935.883051
5831.482110
5723.419114
5596.095288
5618.909200
5660.619868
5678.761942
5680.656222
5806.064204
5751.793020
5784.987518
5930.003931
5823.642627
5711.324178
5765.008889
5763.066732
5649.662024
5744.128851
5670.543774
5536.958269
5437.076385
5423.494148
5237.017259
5224.862058
5099.920687
5105.751828
5178.477495
5303.509655
5297.357184
5497.816859
5541.535491
5319.814116
5236.297374
5328.465018
5303.211811
5386.806828
5610.600740
5777.767334
5923.824847
5855.053363
5779.893321
5800.315427
5729.677873
5635.211330
5789.823527
5766.552631
5669.463327
5707.314605
5761.240564
5801.505710
6014.151451
6391.765884
6575.542347
6644.182376
6749.443552
6873.887119
6605.599816
6419.522232
6582.317453
6769.661313
6511.369656
6616.789272
6642.622831
6471.176577
6352.273410
6539.963393
6495.136364
6639.155536
6704.149824
6584.687346
6591.244163
6651.989899
6543.896066
6547.543008
6539.307588
6658.468019
6710.137328
6808.515349
6733.531825
6909.269361
6789.662105
6685.508439
6685.508439
7088.630274
7142.861705
7142.861705
7280.637564
7372.787891
7113.799679
6955.030758
6811.200508
6825.107242
6709.785789
6751.270735
6730.655868
6929.461255
6775.268127
6852.449718
6844.375093
6986.116630
7082.089831
7197.336723
7335.230058
7419.082672
7348.020040
7394.157163
7570.452773
7630.748242
7806.292808
8172.199320
8254.798820
8251.030367
8173.577027
8006.844092
7889.556024
8011.072983
8007.932211
8016.928019
8116.907990
8087.648100
7949.923998
8393.528797
8652.535498
8989.066774
9285.035792
9579.659949
9470.977881
9533.376179
9428.846140
9644.314840
9537.762888
9408.481893
9484.093050
9849.457687
9884.188441
10049.872649
10391.342472
10612.824311
10631.451685
10767.415215
11178.716406
11376.277472
11638.264355
12029.951259
12167.361030
12325.428057
12794.414823
13096.574607
13384.935632
13819.523301
14107.621275
14297.250744
14727.822111
15091.177055
15707.328578
16291.882768
16909.719109
17943.324136
19083.408558
20207.602435
21685.459350
23031.464005
24837.916362
26581.335852
27857.636983
28467.418023
29174.984772
29023.077512
28201.750308
27882.472508
27659.246833
26818.040416
26258.775191
26005.614976
25435.249712
24953.109976
25104.648286
24750.059021
24799.617162
24446.593693
24453.193253
24156.441143
23983.589266
23995.946132
24207.176644
23874.747888
23877.076779
23903.875731
23227.370174
22937.006818
22824.653760
22453.839939
21988.038083
21925.027287
21528.025053
21365.350461
21562.606389
21875.472819
22137.294153
22652.415852
22819.502589
22711.274452
22748.398275
22589.713047
22303.768379
22305.693677
22652.080000
22503.776782
22566.378161
22808.755669
23038.174317
23099.203380
23552.646782
23514.719540
23506.470723
23514.719540
23594.478924
23362.213784
23433.118188
23316.431937
23562.996423
23648.607167
23438.090521
23207.905593
23306.293642
23091.513143
22634.027134
22740.912258
23064.252910
22976.434020
22832.482077
22957.126720
22839.726583
22641.459420
22461.768217
22042.252978
21732.471619
21550.925971
21345.860560
21070.126016
20962.203742
20672.038774
20459.195281
19951.814673
19836.917778
20170.392901
20365.864631
20578.293943
20844.035545
21229.743425
21054.290249
20751.067393
20323.452273
20546.450602
20528.083604
20517.435433
20712.125147
20674.188701
20098.629855
19680.678156
19430.093294
19250.707182
19172.492260
19149.103887
19130.268240
19154.933480
18971.983088
18982.743093
19095.728223
19176.516234
18716.579711
18520.190360
18380.665506
17854.346371
17296.367817
17258.940889
17048.987881
16856.196556
16952.470007
17021.518865
17138.359701
17396.177448
17540.633331
17490.646896
17114.415564
16879.893840
16579.376888
16238.693528
16368.576126
16952.780161
16913.938628
16995.236373
17111.956007
16841.094751
16550.602639
16602.424102
16496.454592
16377.183600
16632.587357
16755.045202
16751.293872
16844.355908
16540.795303
16221.385906
15778.284519
15473.941978
14971.594014
14756.861488
14188.547077
13695.830884
13233.570955
12679.743729
12339.140389
11738.108019
11364.255488
10794.276054
10271.471092
9857.782742
9707.375757
9394.470446
9219.000032
9414.384068
9298.988775
9402.751542
9445.149063
9467.842191
9298.839425
9177.671842
9076.495113
8882.528164
8809.672814
8804.961831
8842.777974
8725.625058
8773.907970
8663.418359
8414.471574
8176.044700
8159.421988
7897.742291
7982.346836
8083.265962
8163.339998
8116.945717
8135.878008
8204.187825
8177.632696
8222.020661
8283.885293
8376.701639
8267.519154
8448.405331
8419.286915
8500.865353
8583.810840
8680.403347
8770.423009
9085.909098
9207.410556
9146.976753
9266.319582
9134.596952
9056.877888
9035.630845
9187.081588
9247.556558
9546.079298
9711.356150
9752.364929
9834.281639
9855.340500
10031.309090
10028.979964
10306.789537
10470.037049
10664.526939
10408.614766
10341.440124
10111.675416
10158.242716
10212.877400
10564.778812
10987.126228
11455.203241
11801.480030
12022.820168
12281.239165
12568.255349
12837.981941
13040.878400
13212.229470
13292.965706
13558.756328
13839.040173
14192.969461
14635.952188
15004.841247
15191.344780
15425.293933
15426.461898
15533.574559
15693.945409
15833.795855
16028.306252
16487.828227
17219.067253
17704.539620
18047.468294
17947.325718
17575.023745
16756.694232
16166.338463
15300.002244
14756.881316
14343.009950
13973.995148
13548.326971
13253.890611
13019.636584
12801.428530
12010.522800
10832.928126
9600.566744
8111.394101
6651.918860
5716.181399
4994.461355
4909.506636
4812.601266
4806.986753
4764.811546
4801.201486
4575.786743
4592.423884
4440.062921
4437.949520
4496.466084
4392.373461
4302.471440
4356.885799
4275.328960
4162.002876
4166.399189
4066.021463
3997.241279
3924.109946
3914.989789
3898.173497
3971.285216
3961.162839
4086.114537
4520.743259
4856.750401
5128.356670
5303.662793
5558.528012
5598.912906
5691.475054
5684.599247
5910.262160
6070.714393
6064.509965
6081.250067
6258.639787
6257.095492
5970.247057
5873.013648
5760.340405
5707.712640
5683.116262
5804.018824
5781.836318
5944.397365
5817.154573
5802.640318
5750.101819
5944.541181
5976.362978
6091.155360
6122.241825
6176.490086
6124.821129
6047.293471
6024.503986
6081.028526
6060.077353
5991.842242
6031.532669
5814.361713
5806.064203
5964.704227
6109.518449
6157.834625
6416.366283
6419.098065
6266.118021
6207.758040
6080.466625
6011.454328
6042.351962
6420.343486
6540.074475
6663.078008
6707.675402
6582.317453
6304.125423
6313.650640
6234.003262
6167.237790
6225.913310
6221.684872
6092.689451
6183.985990
6570.756805
6625.075769
6710.325020
6710.325020
6783.738275
6645.506920
6771.143220
6894.286011
7098.245686
7021.114851
7000.003541
7031.336780
6985.724073
7041.752839
7196.219891
7296.396598
7470.121905
7830.992308
7901.705796
8212.567995
8394.041054
8347.873910
8312.950285
8412.728822
8276.560855
8361.952092
8478.609937
8439.572975
8446.521091
8642.732526
8734.511651
9072.263741
9312.834257
9579.822337
9859.239892
10150.137418
10231.327874
10391.908011
10518.977392
10800.812011
11101.542364
11226.479410
11546.186158
11894.844649
11984.697627
12078.113369
12483.948343
12700.979877
13187.046710
13646.552581
14095.269179
14325.290334
14678.635771
14906.944947
15381.072490
15763.030675
16516.395351
17206.270939
17765.149090
18740.093326
20456.836227
21697.159758
22922.905787
23909.002645
24669.119350
24356.210345
24080.434797
23635.632092
23749.239103
23262.257906
22951.378748
22886.002822
22660.834260
21946.006880
21252.403889
21004.461563
20535.573458
20496.496400
20885.913291
21202.953029
21326.347536
21155.267952
20785.513247
20491.505357
20336.967298
20005.005462
20345.263197
20616.778601
20200.449190
19592.427002
19404.740798
18943.412023
18820.550725
19150.222455
19770.527773
19996.037986
20235.777284
20186.456208
20157.003879
19929.648636
19833.073839
19905.842386
19929.648636
19551.249238
19597.463172
19680.832591
19493.493622
19578.525476
19714.279251
19221.425385
19060.265495
18989.441669
18821.859800
18729.912304
18978.408163
19059.958442
19077.965393
19120.129403
19194.388343
19198.830901
18931.839485
18616.932434
18344.754456
18132.277973
17906.751140
17954.456143
18098.777830
17919.484866
17595.710593
17491.421343
16900.685278
16534.634824
16353.267327
16301.605200
16132.495641
16220.072211
16024.191367
15785.762814
15219.973818
14837.399986
14311.692551
13916.405555
13555.141633
13344.896730
12992.413242
12801.880570
12470.353313
12110.567142
11816.689438
11579.261074
11376.431502
10937.947929
10026.945762
8943.681813
7605.679714
6182.745965
5117.716999
4608.077295
4291.627694
4045.379296
4017.726071
3884.386015
3710.845440
3638.244291
3688.981826
3578.342737
3628.007108
3698.826518
3762.103111
3971.150773
4246.881986
4605.908642
4827.343073
5178.318285
5307.700292
5291.138336
5222.163924
5178.318285
5058.470180
4964.129612
4839.060068
4707.134892
4937.136976
4993.713903
5033.398810
5079.359767
5100.269823
4745.187032
4482.704470
4407.312929
4463.550399
4543.483980
4866.901817
4989.172078
5118.779598
5448.426918
5487.948865
5337.959813
5495.956829
5649.043286
5404.489429
5518.913565
5456.386461
5481.511709
5326.933324
5262.095137
5134.798977
5214.109540
5096.354664
5071.369579
5161.083803
5088.384332
5006.591706
5033.876516
4952.322130
4843.810091
4937.561713
5202.953550
5307.271763
5400.993285
5505.799989
5551.463801
5528.616437
5498.996088
5405.010112
5279.743042
5210.891550
5039.492338
5012.171343
5081.250462
5173.086319
5246.243525
5442.590103
5747.825234
5762.663243
5814.735975
5812.909628
5677.114078
5430.997474
5737.338253
5887.349469
5854.488294
6001.998168
6061.455703
5813.057928
5789.937515
5942.883381
5785.413043
5779.044616
5839.546975
5668.434207
5701.671392
5808.190299
5862.785106
5674.652408
5806.064203
5714.174085
5868.737822
5845.894053
5944.326478
5929.836236
5906.911649
5714.457003
5766.354757
6123.906144
6278.282879
6276.508290
6449.912400
6471.510265
6214.863622
6127.383156
6129.738670
6036.081792
6135.244180
6231.429462
6308.468740
6381.973476
6390.129319
6345.099939
6478.373333
6348.983209
6465.820219
6436.818982
6499.747314
6531.010522
6642.214147
6710.410239
6779.499909
6669.291441
6495.901480
6551.947829
6453.710442
6670.885296
6826.845132
6906.213811
6777.030897
6883.635113
6839.186461
6861.904794
6958.386697
7325.806336
7269.606467
7353.175030
7380.466478
7478.477434
7453.178324
7691.443287
7914.060179
8288.255648
8254.585381
8282.121919
8173.341097
8183.570767
8058.878463
8347.513394
8470.649223
8618.933810
8748.390867
8882.135350
9100.663074
9472.824792
9740.295021
9853.056993
10097.253872
10166.242440
10130.292453
10456.531268
10604.555003
10826.490203
11189.910448
11696.811339
11847.747461
12231.578992
12447.191905
12697.148455
12989.866825
13620.587908
13839.554641
14359.586228
14831.761130
15425.375568
15761.560587
16594.309324
17393.232029
18203.052826
18528.824508
19454.289690
20323.218966
21388.250971
23004.806738
25141.310200
26192.166746
27226.923119
28227.178627
28258.573048
27630.023926
27404.880236
27318.459898
26289.880658
25567.298114
24825.728566
24562.059852
24027.757483
23894.365510
23374.016686
23018.980611
22618.102176
22231.860076
21917.713109
22109.703307
22354.176926
22479.523617
22732.043429
22652.784682
22632.144212
22552.504860
22644.445632
22174.629553
22138.418438
21771.253068
21779.480850
21570.531274
21398.907450
21254.280503
21177.185104
21369.210037
21385.689690
21843.227939
21988.219502
22414.423518
22140.740543
21952.492530
21754.132905
21643.286385
21156.898513
21110.362515
20969.016632
20944.288829
21310.424519
21736.484168
21786.547637
22172.874840
22513.073360
22547.570327
22469.596149
22685.022110
22632.787361
22405.320657
22341.767167
22250.001032
21905.795901
21535.775287
21057.505400
20473.291879
20494.732177
20553.253797
20501.044312
20736.662506
21053.543090
20870.296822
20901.353325
20899.275980
20867.872875
20901.700872
20625.671081
20417.280916
20266.738301
20005.940301
19175.869274
19014.351089
18925.063250
19006.777159
19022.636368
19365.235422
19450.314972
19249.859565
19268.938831
19356.198947
19487.623132
19495.887889
19398.176184
19217.823533
18940.354696
18707.606469
18513.178544
18691.234266
18599.426832
18450.508672
18430.453139
18461.907786
18195.934132
18124.908844
18281.674922
18223.038157
18337.773227
18467.880768
18279.828161
17978.658892
17761.165930
17134.893237
16621.098306
16228.811702
15974.209592
15587.209744
15561.931700
15568.351173
15570.369737
15476.387282
15207.300766
14829.268676
14130.471592
13418.243567
12922.183103
12560.647394
12512.293188
12827.721103
13225.113318
13379.297254
13543.964608
13335.659540
13091.871340
12794.535148
12541.993127
12300.336689
12272.683584
12145.540287
11993.452084
12030.753217
12109.988837
11942.209716
11771.386494
11735.732213
11539.787686
11342.803513
11359.223989
11215.563308
10936.267551
10450.683485
10207.088209
9672.672615
9231.578073
8742.759880
8369.566134
7776.257569
7082.917621
6373.323884
5663.365073
5044.915475
4526.618981
4251.352748
4032.466127
4115.883564
3964.999831
3872.345250
3930.724445
3964.513754
3993.739545
4225.076214
4308.912106
4288.030523
4444.722371
4616.003732
4933.236760
5281.512171
5624.220120
5586.513305
5457.042801
5054.170099
4902.678619
4654.076190
4691.461178
4660.475590
4654.076191
4504.759077
4686.698386
4625.799075
4525.814546
4598.981599
4653.228696
4312.552197
4294.102524
4208.127227
4229.243291
4256.453693
4456.844928
4404.556106
4577.891212
4525.814546
4439.898551
4349.801341
4479.266981
4393.720659
4301.989386
4365.204384
4298.251522
4191.949138
4250.708904
4425.761381
4392.028521
4469.039656
4400.102694
4239.717741
4076.563767
4020.130733
3923.966587
3953.287876
4086.467959
4157.730611
4135.144079
4199.671666
4208.127227
4043.094063
3911.540361
3746.672871
3734.177995
3784.255320
3932.257876
3888.847973
3999.300062
3951.622020
3957.358010
4068.459601
4254.197537
4220.403423
4387.145553
4287.074853
4211.729189
4256.043260
4452.687988
4373.166069
4742.702603
4887.057276
4818.066899
4657.240105
4655.302219
4459.100002
4252.097826
4333.545038
4424.226031
4526.386909
4779.306897
5017.118252
5011.091468
4999.606023
5004.035639
4809.763287
4613.474170
4596.577089
4660.151222
4580.562236
4417.724247
4494.991660
4557.448800
4666.426253
4946.270596
5063.138503
5035.652694
5027.899171
4862.443718
4509.666626
4501.101841
4741.396616
4705.867117
4705.867117
4734.975158
4645.310465
4486.649062
4574.381419
4556.178540
4698.135109
4852.659873
4771.437642
4679.476115
4686.479168
4510.918977
4615.095350
4592.249622
4640.014748
4735.123735
4680.573610
4413.490030
4405.144592
4361.501416
4508.478810
4740.373559
4790.363317
4896.651687
4834.417468
4533.379621
4464.257954
4593.808184
4332.666810
4326.631103
4349.290028
4303.168066
4413.833627
4739.825712
4804.342258
4705.165735
4754.826655
4661.112266
4504.543697
4504.543697
4710.628148
4735.276727
4589.315484
4501.377152
4417.833486
4262.003227
4393.388164
4462.361344
4539.442428
4652.635447
4946.513682
4806.804648
4875.464021
4937.762871
4902.678621
4769.021264
4691.624433
4472.850330
4514.388795
4572.930272
4629.501789
4911.267667
5235.105670
5320.383511
5161.610897
5071.369579
4845.955181
4797.825661
4772.524043
5027.899171
5029.710211
5111.197993
5029.710211
5050.685738
4942.022419
5075.632113
5088.384331
5153.225208
5228.408131
5213.371203
5093.439931
5027.018665
4886.895017
4648.785256
4738.516709
4869.876907
5059.744929
5239.592480
5316.451198
5145.102686
5165.835437
5219.795986
5307.835472
5462.458942
5639.836090
5594.678263
5534.069843
5460.863096
5389.637801
5343.654180
5280.336934
5274.459427
5330.468344
5297.357186
5407.975481
5584.777519
5490.260342
5524.039673
5621.954660
5676.475826
5537.897021
5644.587439
5730.665516
5707.455957
5559.045451
5667.990603
5692.836333
5581.957682
5649.210154
5853.791150
5878.337644
5859.188002
5815.985298
5746.933725
5556.908329
5742.338048
5932.554492
5951.068931
6168.513416
6403.886148
6189.560035
5991.193027
6058.322402
5794.321486
5552.601288
5765.118234
5950.956379
6015.572886
6170.278355
6320.416309
6264.932029
6426.935330
6324.835972
6483.960259
6750.526775
6777.965400
6615.320209
6974.408699
7072.559864
6974.408699
7057.700916
7174.706960
7062.334191
7118.625316
7120.687865
7243.053294
7113.385783
7186.562509
7219.677993
7336.311736
7350.620318
7552.866029
7484.225346
7419.233035
7517.041578
7503.654780
7643.414853
7833.654568
7911.163708
8027.784800
8181.626586
8243.897389
8202.936887
8398.970449
8516.102548
8568.133396
8595.168121
8820.601141
8762.503551
8770.326367
9111.677952
9268.420559
9467.489885
9778.311475
9776.401643
9807.347664
10108.402882
10315.515026
10430.301065
10953.919041
11209.781051
11243.507478
11467.159717
11567.050970
11462.631233
11752.330002
12023.146593
12312.280586
12535.313327
12825.870411
13083.375368
13559.158335
13948.223812
14631.511570
15470.430407
16056.185743
16668.488168
17155.036780
17846.176388
18386.625655
19504.741956
20673.678538
22152.193401
24330.686975
26162.065250
27141.753789
27868.252447
28523.975869
28292.059490
28056.198711
27275.732957
26467.530957
25342.565632
24351.779203
23562.996440
23422.607292
23339.040600
23403.705992
23493.786758
23273.929254
22751.705427
22786.890685
22640.781366
22156.847130
22190.010733
22852.284208
22760.909527
23184.557846
23161.779484
23080.177064
22822.241992
22695.241076
22089.386992
22168.710832
22358.472400
22139.362517
22208.188486
22279.107115
22337.956002
22530.285562
22658.966091
22616.847049
22932.243594
22671.525139
22397.866134
22022.591618
21880.234477
21437.315740
21368.736458
21350.003128
21791.296038
21745.269482
21755.395460
22008.261516
22150.564718
22482.643155
22912.899073
23286.484334
23418.507294
23293.200770
22684.629398
22623.975981
22707.480494
22544.007188
22535.774603
23026.841382
23016.361537
22653.057041
22699.139516
22686.419562
22566.772239
22643.979354
23038.557163
23343.691905
23485.349903
23852.427016
23745.495932
23576.855624
23609.839654
23574.175155
23314.219649
23372.741154
23633.610260
23220.282262
23349.600800
23252.343568
23384.410834
23148.156955
23321.112580
23286.087834
23158.906199
22837.705130
22409.199367
22017.074009
21461.683657
21185.823273
21039.415921
20844.717538
20886.655112
21074.609499
21327.512702
21368.066711
21816.620369
21965.255484
21927.655228
22085.460566
22523.949487
22645.199687
22651.969883
22561.826661
21923.889785
21233.135734
20762.691467
20435.166409
20497.429088
20925.145514
21163.357059
21340.601823
21675.023308
21835.469896
21867.522305
21501.984272
21406.239728
21280.313872
21286.695408
21478.932240
22239.524461
22475.577420
22767.709318
23014.047144
23057.029835
23182.351761
23332.985307
23165.732109
22941.967885
22432.919292
22061.611063
22075.954743
22518.969228
22746.366768
23255.447870
23271.994086
23393.455786
23366.053323
23804.578362
24283.975020
24622.492132
24449.502095
24328.353619
23916.552247
23211.095922
23149.814412
23336.119417
23356.833886
23598.946889
23796.091812
23594.139811
23259.396069
23010.723857
22599.534011
22285.257825
21921.698129
21854.908239
21888.259140
21729.481265
21677.532934
21596.086010
21967.677059
22101.489038
22623.790101
23103.065941
23589.336158
23149.156339
22992.549026
22556.111060
22386.571343
22405.320681
22701.449698
22617.741216
22492.363508
22422.816349
22205.694946
22159.249106
22485.299001
22942.371797
23182.504944
23727.620727
23980.226146
24245.631203
24235.212740
24151.673954
23967.536270
24021.991922
23844.200611
23720.400253
23390.433274
23185.794781
22966.676831
22868.919654
23096.638135
23453.857600
23474.270108
23690.008591
23756.660688
23271.994066
22857.735160
22690.818680
22206.943521
21596.650210
21193.452703
20965.027738
20910.659976
20792.178750
20985.934541
21359.968575
21744.741791
21877.984551
22345.470740
22292.011685
22767.805582
22982.558400
23126.965734
23272.790151
24047.837329
24252.138396
24763.936151
24809.571735
24436.105649
23719.630563
23188.974959
22609.979239
22298.676867
21878.631372
21935.380517
21773.591312
21385.249909
21400.051521
21704.849596
21646.693680
21642.652921
21940.933858
21928.666570
22162.489908
22880.860431
23279.280646
23326.597758
23281.001721
23120.436160
22911.634209
22725.434077
22499.328996
22634.802790
22608.238366
22146.519906
21643.203544
21652.923448
21516.256641
21505.822103
21268.028443
21476.826477
21429.738090
21320.570295
21220.554561
21638.116265
21736.484168
21772.616058
21941.496604
22117.188078
21893.526821
21618.239736
21454.954728
21509.968589
21457.248192
21402.681238
21375.871020
21441.361888
21397.450188
21568.713553
21817.026522
22225.073789
22516.078156
22556.111044
22508.077542
22595.867531
22624.657459
22769.670557
22736.130006
22907.738714
22769.670530
22934.972937
23181.512156
23734.440323
23838.923778
23775.919672
23619.626084
23346.249415
22927.949522
22790.569136
22830.317235
22460.388621
22264.194435
21875.235084
21460.122298
21146.645270
21157.006659
20860.880385
21021.197672
20850.395863
20889.537623
20839.624013
20991.433746
20972.369509
21219.265854
21222.989298
21415.109931
21369.837065
21463.727404
21639.659682
21653.841328
22042.360766
22390.787861
22737.078381
22885.700646
23079.848538
22722.842011
22397.185044
21868.707387
21538.713683
21423.836338
21726.758938
21957.585634
22026.729899
22216.467909
22304.133659
21976.606472
21772.706622
21619.853952
21384.483911
20981.295643
20726.070646
20482.029044
20582.112611
20472.024994
20730.623716
20711.864949
20731.486976
20670.191734
20648.570200
20554.391621
20594.212650
20535.362789
20391.130117
20402.153185
20679.661553
20510.410063
20621.276925
20594.126795
20468.479698
20195.365585
20280.902861
20163.502363
20150.512997
19933.513824
19338.768590
19108.712799
18092.988926
17053.094424
16215.355342
15557.623406
14682.902135
14603.784141
14632.800050
14482.641074
14515.844894
14609.665998
14683.864584
14565.549680
14878.916515
14978.372352
14886.786038
15023.115083
15104.571693
14945.421308
14893.666334
15069.016522
15224.449790
15411.264113
15688.001633
15991.062603
16224.841676
16286.421968
16787.074362
17171.836887
17411.456646
18084.674260
18883.156551
19621.629690
20923.268686
21896.481690
22503.928260
23502.482511
23873.825307
23794.144120
23901.111118
24017.513916
23225.580511
23010.570983
22615.785482
22381.533646
21924.499360
21938.339461
21768.885297
21447.244351
20958.502362
20480.423160
19751.821094
18956.308028
18323.749876
17812.120139
17582.528194
17500.666464
17359.285560
17116.484281
16790.911814
16419.601638
15939.584806
15490.648735
15002.131596
14815.665083
14068.212161
13564.372565
12833.299203
12085.246013
11101.687195
10462.800756
9512.837634
8887.576486
8537.575913
8138.756063
7745.803306
7411.442856
7152.177195
6728.142178
6452.677206
6275.825960
6157.743327
5982.174809
5829.971698
5754.293208
5673.211701
5394.555714
5311.054652
5308.952831
5142.097388
5073.333680
5191.067045
5076.025808
4909.306275
4789.881733
4616.492328
4595.982496
4571.072723
4470.447020
4727.775079
4846.679383
4880.800862
4968.654780
5104.116476
4911.843457
4809.763287
4746.316230
4481.228336
4485.090506
4493.715961
4474.754827
4377.710158
4435.980968
4312.716066
4243.941965
4195.867379
4431.529125
4474.922527
4565.251881
4804.808483
4984.617836
4966.202549
5043.765288
5030.900751
4926.740514
4788.977256
4818.292139
4822.286088
4770.468779
4707.427889
4645.139557
4346.312334
4229.557883
4256.701980
4202.441173
4183.623880
4405.144592
4572.463024
4657.726607
4689.078380
4706.002521
4622.501003
4513.530537
4526.167457
4538.616476
4461.620399
4336.990728
4240.949635
4006.906947
3965.082580
4205.602396
4395.575879
4491.594902
4625.147335
4614.745656
4566.665759
4530.678989
4612.069980
4511.745880
4505.196719
4522.198734
4612.775818
4625.147337
4861.415310
4946.773076
4807.154950
4612.417260
4468.354838
4288.476611
4240.704703
4332.345513
4303.027547
4321.778301
4395.050304
4579.048944
4833.814091
4978.020643
5139.218062
5285.403469
5105.590753
4687.863694
4593.064923
4292.464508
4060.331257
4125.237967
4246.545850
4298.251522
4386.261588
4298.251522
4181.432038
4315.248790
4235.740914
4315.457855
4467.865757
4494.866760
4478.270603
4507.559818
4417.724247
4386.504085
4334.184824
4162.723620
4278.458994
4372.457676
4598.123067
4639.579069
4754.330327
4768.160660
4661.606081
4433.908694
4525.939168
4379.473592
4327.563204
4311.162673
4371.631714
4281.859921
4369.708111
4378.440433
4447.152293
4393.089274
4384.883955
4374.027978
4433.205818
4498.101917
4531.244998
4575.334414
4364.341657
4138.106671
4046.260386
3989.932527
3941.801449
4162.723622
4316.823849
4433.776297
4352.450355
4091.472070
4047.223476
4126.563326
4114.407014
4197.837237
4483.543528
4573.597996
4370.161662
4267.570261
4208.890152
4016.944347
3848.121555
3980.990694
4093.986632
4179.614881
4363.550318
4549.326438
4515.559451
4523.759228
4592.752668
4599.120341
4402.952038
4316.699360
4308.173227
4230.958017
4038.402025
4141.128696
4080.085758
4042.405357
3954.812042
4046.722829
3979.788613
3997.970473
3939.497946
4177.583968
4367.527890
4355.140086
4352.906373
4352.906373
4350.586591
4348.872433
4405.000951
4443.506830
4322.285687
4052.696185
3850.527636
3910.989214
3920.411048
4116.516756
4162.130716
4270.966404
3997.394235
3970.335472
3851.039354
3995.351178
4016.224555
4235.351506
4158.310173
4064.722808
3889.380703
3734.641150
3799.189039
4021.197788
4138.106672
4240.463186
4417.724249
4188.051437
4011.436399
4034.540578
4091.162466
4003.286415
4174.761292
4283.314591
4230.792418
4074.438876
3871.753702
3769.543698
3784.950852
3889.833317
4046.379059
4194.396284
4167.482765
3952.605741
3894.077057
3716.127301
3647.275421
3643.291302
3641.356472
3626.624094
3760.349578
3889.833317
3866.764833
3911.687667
3684.200815
3483.890756
3469.454850
3696.953946
3875.541417
4067.706990
4201.435696
4117.490701
3986.135348
3771.524259
3760.813453
3683.546781
3693.975511
3570.687650
3645.679571
3756.291240
3747.931255
3850.265869
3795.607239
3822.878500
3534.999175
3486.322611
3338.271963
3471.956086
3388.171768
3473.467287
3739.574989
3812.373050
3655.577817
3628.539519
3747.765424
3632.750825
3749.539640
3979.546039
4097.052949
4069.814552
3954.978193
3990.624589
4063.887736
4134.088654
4075.445504
4065.018382
3960.591599
3760.213902
3653.662871
3703.899868
3954.334254
3868.919629
3929.341348
3850.265871
3785.066384
3497.130733
3398.738352
3524.564344
3675.647544
3893.190181
4097.880514
4354.552992
4340.195743
4265.185437
4016.803410
3862.360391
3751.737871
3622.093105
3707.715187
3962.920685
4150.555381
4188.349171
4340.928081
4263.912984
4096.865283
4076.080736
3942.655396
3748.239176
3592.351319
3446.072137
3308.035598
3391.490903
3414.501960
3642.966716
3803.789409
3962.557538
4012.380496
4106.702449
3964.368641
4041.502390
3886.725920
4116.626343
4262.866682
4541.053355
4574.584735
4624.555573
4478.394793
4302.890905
3945.552335
3926.575009
3884.870085
4101.860862
4283.970368
4571.072720
4521.057651
4658.771151
4429.059296
4450.094571
4384.493333
4386.504083
4453.446995
4499.388496
4365.457153
4361.261085
4379.625839
4181.432040
4037.317366
3953.888003
4037.412542
3993.924329
4016.662565
4137.973175
4302.754805
4178.333800
4157.448588
4117.490701
3896.452852
3572.770421
3509.166553
3438.248459
3404.733526
3620.082870
3893.764291
3999.912948
4187.909244
4292.464508
4135.644406
4004.058630
3900.197275
3904.402873
3964.835116
4037.609948
4113.212803
4341.392056
4214.213324
4041.038252
3898.755195
3946.871876
3815.764325
3951.622020
4038.587456
4202.163080
4107.921673
4067.305755
3864.753450
3910.713798
3760.475227
3994.429771
4093.724032
4306.817146
4115.006528
4258.590240
4181.432038
4095.376883
4085.443345
4256.453693
4415.062568
4348.364943
4515.708710
4461.432266
4461.432266
4225.076216
4101.860862
4086.114538
4094.435839
4249.281510
4347.281784
4341.052355
4198.476421
4282.273011
4158.648230
4258.940070
4371.974700
4414.838211
4318.645567
4327.049590
4285.289822
4247.465361
4207.213511
4075.603869
4085.927699
4081.907996
4279.763616
4257.388012
4549.694646
4583.296461
4491.462787
4316.169793
4415.729625
4403.241723
4300.735703
4390.215762
4396.705415
4500.815078
4628.053489
4822.155282
4760.236134
4807.917025
4631.194697
4426.442038
4326.494958
4341.052355
4552.147135
4544.923922
4444.899333
4396.877544
4541.053355
4294.734632
4341.738374
4433.908695
4386.129658
4304.414064
4241.671268
4341.282159
4408.013976
4533.537601
4501.989730
4462.476217
4478.394793
4601.406229
4743.320012
4679.138812
4885.490843
4871.939087
4711.261706
4625.457685
4871.939089
4848.902266
4835.604244
4914.573157
4952.322130
4751.962968
4706.002519
4889.149265
4784.848236
4776.750803
4895.295687
4962.393956
4679.585516
4679.585516
4631.310737
4591.875265
4593.808184
4674.876704
4890.562128
4926.023934
5053.396894
5055.103577
5044.094285
4970.999618
5123.551623
5115.121732
5261.374945
5358.460938
5172.685842
4982.604093
5034.634567
4736.101979
4817.872093
4926.324006
4903.152692
4846.825059
5170.364382
5159.340496
5121.660442
5261.667258
5192.754769
5125.975445
5114.762198
5262.716681
5319.307617
5310.760152
5410.629919
5580.841745
5547.533153
5432.251569
5505.933834
5347.150999
5285.833653
5425.833493
5715.743386
5885.547463
5818.336906
5736.903160
5900.092131
5962.224342
5924.516032
6219.146278
6235.032457
5932.416475
5617.196954
5707.143289
5639.943897
5707.583572
5850.052650
5883.129134
5707.583572
5574.335175
5734.703986
5839.401492
6154.847670
6286.012228
6260.518421
6109.459420
6149.556954
6069.934274
6240.991612
6437.233356
6616.169227
6778.777036
6818.202441
6733.232802
6845.090036
6655.479505
6749.733983
6891.641305
7025.421218
7238.291059
7487.145801
7230.395405
7105.459198
7094.398535
6862.533457
6912.195834
7165.658866
7217.918329
7380.601501
7666.998575
7757.256658
7811.234108
8114.404238
8088.689090
7970.271729
8243.468399
8399.559218
8277.080646
8337.910673
8364.944363
8122.691328
8087.410039
8106.372283
8074.455608
8285.177985
8577.642836
8746.845199
8859.013460
8970.260121
9218.832099
9184.450536
9228.649782
9506.142685
9840.675244
9873.513227
10093.363747
10293.872860
10481.653270
10673.929008
10913.525152
11178.715234
11406.093481
11762.905420
11951.048838
12356.026898
12712.006562
12982.974933
13225.202461
13638.707162
13941.148980
14393.775930
14791.171452
15105.873857
15603.152474
16138.249231
16551.854224
17092.284230
17677.380103
17781.231637
18241.433754
18593.797599
19032.559121
19510.298628
20599.193145
21689.135469
23342.814118
24918.817971
26078.459382
26826.005089
26550.682010
25776.916483
24450.390917
23204.367619
21865.186271
21395.557529
21024.454934
20451.762682
20214.289474
20299.481156
20266.541814
19882.381022
20099.077553
19977.532168
19739.559425
19351.013765
19333.180575
19295.491600
19326.403040
19228.698213
19544.313685
19618.947444
19779.409171
20136.508502
20707.005328
20207.755365
20298.162373
20258.605708
20179.238563
19895.193567
20182.810392
20447.851018
20857.092101
20980.929280
21245.525974
21609.505098
21244.689569
20770.997780
20196.204889
19741.312897
19217.155659
18805.759227
18525.927598
18890.923756
18993.239485
19139.508380
19221.293558
19323.134082
19350.770188
19724.044998
20860.665021
21808.187715
22743.691075
22777.003262
22862.461386
21954.662727
22137.849010
22304.552764
23227.559624
23572.214995
24553.502071
24623.367903
24707.653134
24214.702615
24241.514571
23556.576712
23058.849361
22469.854339
22441.163097
22469.854356
22749.902353
22897.146609
23099.491985
23149.520346
22911.818114
22598.147903
22540.221161
22817.460554
23166.248083
23518.998703
23780.120141
23954.270156
23767.866529
23503.437375
23323.361288
23586.683337
23858.414957
24227.875123
24752.295328
24885.791564
24615.982118
24023.799034
23279.752977
22751.882098
22680.406133
22729.631142
23235.392627
23718.138984
23745.127019
23617.536287
23790.888609
23573.676371
23880.892142
23995.778231
24123.000895
23980.820004
24168.891214
24227.543428
24711.348420
25058.081454
25183.838279
25376.279604
24846.088838
24355.236218
23830.518012
23438.385504
22601.125971
22208.284106
21765.934761
21830.520057
21667.784464
21726.588156
22016.957236
22519.818160
22772.691998
23223.888898
23594.877312
23565.399465
23632.200769
23494.685194
23492.331325
23384.233126
23799.250912
24239.979238
24952.357113
25056.543039
25441.025814
25502.070513
25065.561583
24451.076925
24179.849280
23607.531461
23005.892733
22709.630726
22226.502753
22097.732756
22029.455835
22144.531553
21927.655228
21791.727007
21463.645549
21556.531179
21753.109581
22128.698917
22507.131646
22941.252612
23298.575486
23367.260281
23422.100510
23662.034632
23707.675136
23807.549607
23930.689631
24200.336155
24122.587892
23965.951972
23886.618211
23799.098603
23302.410630
23174.746600
23168.519495
22942.093986
22890.300176
23612.426022
24450.017660
25325.490906
26354.050244
26807.420262
26740.861474
26592.480569
26285.151740
25794.625758
25567.298114
25367.174642
24846.729443
24522.906977
24384.736736
24480.626905
23965.084369
23611.972281
23321.646240
22987.433381
22404.929839
22548.433816
22970.619877
23285.994573
23812.947857
24422.477699
24829.810148
25090.871000
25508.953619
25428.903671
25322.987617
25571.483737
25834.338055
25577.101809
25304.019729
25311.760183
24896.117916
24190.655941
24060.960437
23819.385775
23330.943933
22944.456365
23006.656490
22639.654680
22340.702835
22129.896462
22096.711897
21699.362129
21551.307846
21490.193965
21772.416897
21695.383378
21726.498420
22229.746004
22747.573044
22749.554676
23188.438625
23472.369581
23685.327848
23615.584569
24045.305081
24222.799136
24360.677109
24210.045761
24493.200084
24207.313346
23818.633023
23760.196748
23480.199903
23349.064258
23437.069727
23597.442989
23369.753820
23630.889889
23653.149127
23993.956608
24320.125084
24931.257804
25213.307445
25740.720377
25745.133897
25558.780564
25130.669526
24999.302575
24734.271418
24402.711182
24137.387084
24322.432195
24170.741533
23444.126984
22970.759552
22772.288129
22362.844446
21688.340271
21583.877618
20997.434037
20389.519082
19636.115837
19103.369173
18425.017157
17973.581477
17276.175346
16553.625147
16032.859148
15775.736494
15787.779643
15884.266632
16279.001022
16835.015674
16978.970206
17731.048982
18702.047791
19930.206742
21778.702109
23784.986018
25315.803974
27142.329047
28343.512749
28289.247065
28280.167907
28023.308089
27591.031810
26695.151134
26544.936099
26236.608480
25973.784584
25477.112792
25136.156981
24800.094945
24469.738007
24332.358435
23897.519224
23820.861348
23553.546104
23223.226146
22535.680333
21888.396246
21612.219163
21397.703033
21128.372751
21089.112341
21538.093176
22084.853262
22260.280921
22678.953376
23225.992504
23503.912497
23313.901410
23316.062401
23524.447811
23225.445120
23037.704723
22880.978684
22528.170237
22523.517873
23162.335455
23538.405320
23906.001739
24716.262659
24899.611609
24648.561944
24462.857489
24308.150599
23874.283580
23697.332279
23505.696164
23413.299429
23597.290290
23829.079457
23962.847566
24121.227164
24764.786499
24915.023505
25009.053468
24918.129625
24838.397511
24043.240707
23917.776595
23726.552979
23744.379070
23839.961418
24366.507239
24311.556034
24445.964919
24660.797135
24859.132818
24967.458836
24789.628670
24501.840082
24207.790964
24094.891376
23865.430063
24130.465579
24228.383843
24017.946127
23727.939853
23596.414348
23433.291722
23607.158530
24009.801687
24151.932741
24137.117422
24180.760033
23736.041965
23197.672355
23047.450612
22857.299321
22568.966262
22899.321005
23229.259285
23398.551175
23638.378647
23699.112954
23647.130392
23615.678066
23719.727074
23877.954512
24350.134744
24546.757326
24886.023160
24603.905863
24503.843011
24202.906035
24188.433044
23955.620673
24433.267084
24754.902361
24688.920717
24916.261168
25191.903497
25143.482510
25194.440085
26008.070642
25729.001449
25129.284742
24632.676782
23564.900422
22253.680788
21769.049507
21373.020793
20944.970098
21014.324046
20838.869690
20496.258354
20385.598205
20535.411860
20588.017533
20951.051300
21173.133212
21100.081496
20822.503344
20528.083595
19703.884180
18520.747880
17869.692238
16871.547684
16224.573475
16292.278606
16877.790580
17214.370731
17841.570759
17870.091850
17866.461619
17931.326936
17931.326936
18052.066069
18384.357893
18951.631656
19451.118359
20982.595083
22958.839642
24969.711486
26502.219166
28306.619607
29150.100732
29104.526519
29359.292409
29607.405168
28981.311682
28359.174861
28208.817947
27851.720146
26895.532046
26335.620264
26025.466235
25207.135518
24283.877083
23518.204217
22747.067209
21935.108449
21419.528987
20936.726576
20970.248116
21057.649145
20939.801698
21046.563526
21280.313872
21443.374966
21452.024793
21625.619663
21734.904464
21822.452810
21682.879388
21697.159767
21701.572053
21488.808604
21359.265034
21302.006759
21563.370240
21656.851948
22132.852526
22053.468217
22140.984174
22197.355975
22072.591541
21901.602422
21982.829621
22191.561685
22248.229750
22261.587007
22264.300297
22424.761390
22274.479405
22051.104307
22182.086918
22133.379404
21969.013764
21971.045826
21678.927290
21495.848635
21430.807732
21535.521017
21727.192917
22013.339736
22004.636286
22221.670829
22144.391411
21801.620261
21618.310953
21477.800763
21168.686179
21074.771732
21062.712685
20820.253606
20797.698585
20380.519922
19968.455920
19650.200856
19500.162232
19541.182703
19568.600143
19748.118365
20023.541330
20472.730647
20411.646976
20708.270675
20881.177047
21280.211612
21660.430261
21983.565450
22121.712720
22038.412396
21618.460605
21411.874788
21201.405654
21120.018783
21226.701974
21362.047513
21318.767358
21187.168008
21152.148513
21291.140248
21362.462186
21569.166120
21913.379060
22264.300297
22614.902047
22761.074167
22412.220432
22242.476297
21793.111070
20839.283226
20292.198898
20164.732907
19922.755040
19855.959882
20244.372228
20486.098685
20566.157130
20590.733642
20603.148723
20179.406506
19947.426054
19690.372052
19335.182733
18784.017342
18395.778304
17921.260454
17414.448239
17307.716837
17569.265128
17947.267562
18417.160658
19281.403704
20699.711035
22247.112694
23620.964714
24648.561944
24966.218380
25011.212161
24278.090480
23789.880071
23566.684351
23549.725598
22970.759536
22644.597032
22241.607793
21786.547637
21412.564291
21383.624009
21427.385276
21433.156877
21472.891697
21579.337066
21377.742729
21299.215297
21229.593103
21029.065128
20898.353821
20701.017103
20082.470435
19873.905971
19790.786098
19673.837028
19623.646185
19845.243320
19759.484908
19248.348998
19030.966045
18636.836329
17962.537046
17344.123506
17012.244470
16373.827891
16416.449862
17042.899637
17859.072404
18767.374739
19983.726977
21560.594555
22960.960501
23744.626855
24327.124491
24435.917272
23675.638254
23270.468666
23195.452663
22975.761481
22837.943578
22741.037880
22095.963646
21312.224583
20777.864612
20211.942037
19655.126027
19521.953545
19310.440911
19275.216845
19123.121044
19118.117335
18640.344473
18280.950042
17919.723715
17579.627685
17239.770521
17025.193459
16588.831087
15794.523024
15128.925570
14442.661868
14105.200590
13676.252350
13445.038370
13453.308772
13392.713301
13260.655165
13423.604251
13657.433631
13834.518843
13823.111376
13675.082141
13777.978456
13783.900905
13748.448924
13863.616900
14095.269182
14379.826824
14845.718046
15444.819345
15879.348038
16236.179854
16516.247890
16857.859605
17011.248791
17411.247987
17797.581859
18029.538092
18361.639722
18643.061759
19228.974193
19720.358385
20237.662500
20362.998929
20503.050326
19944.558482
19606.083648
19108.830965
18620.192512
18346.085942
18303.894343
18149.490610
17950.927435
17622.709573
16872.988626
15142.878289
12801.796448
10441.780398
8165.895849
5948.243222
4875.605345
4495.369981
4305.665296
4198.865170
4190.647137
4267.570261
4443.007459
4576.562895
4800.173148
5015.506419
5236.655263
5053.246498
5128.356673
5132.477950
5307.968497
5287.500703
5590.282156
5606.907670
5742.755951
5603.312374
5738.447586
5738.447586
5667.839259
5776.412780
6015.942484
6163.303206
6303.505520
6424.045152
6194.746508
5961.246725
5666.976482
5418.086656
5263.567226
5182.484130
5136.247500
5045.766363
4995.663864
5198.121011
5410.785308
5576.318610
5587.170860
5719.261819
5581.227203
5460.065147
5276.607597
5306.047204
5217.971306
5128.356670
5076.205794
5287.004310
5305.192117
4954.178048
4787.134275
4821.014273
4565.958188
4466.381196
4635.558000
4737.777058
4656.403867
4581.019279
4397.967439
4330.933515
4381.084175
4278.835597
4335.356942
4389.359520
4454.350059
4343.590702
4354.007050
4364.661655
4491.333804
4605.908646
4719.032999
4741.870848
4706.279614
4744.801085
4654.909765
4579.941027
4579.941027
4669.509990
4438.945482
4367.754546
4455.215137
4513.945700
4501.377154
4594.096050
4679.806575
4537.892050
4638.155399
4706.850183
4894.656879
4880.389553
4738.149486
4500.184271
4345.662395
4115.199896
3857.723306
3943.832966
3851.468023
3893.590214
3940.861411
4099.942236
4175.031731
4279.073059
4325.417052
4361.501417
4492.899327
4499.388498
4478.394793
4486.831470
4473.286843
4285.141777
4214.213324
4168.097349
4199.318456
4156.721038
4187.909242
4269.455881
4327.772481
4141.642056
4103.219835
4187.107966
4180.765069
4241.214825
4262.360171
4119.759745
3948.019311
3856.630173
3823.044966
3883.950909
4001.519729
4101.411442
4222.815927
4157.870769
4128.584638
4106.249365
4060.089484
3968.373165
3968.373165
3914.171856
3906.773681
3840.358533
3921.646158
3911.261651
4099.667311
4348.364940
4418.901040
4251.968021
4176.843330
3890.687227
3816.268940
3757.529894
3790.866172
3772.433958
3809.829366
3637.799611
3656.821497
3748.654165
3986.486392
4156.123309
4036.364614
4150.555382
4311.705427
4246.881986
4117.199383
4237.097370
4235.225508
4082.526932
3955.315085
4133.265126
4304.838334
4127.221940
4064.872766
4104.392182
3962.398623
3729.289307
3746.147695
3704.414925
3775.210444
3720.954215
3727.821101
3734.177995
3731.795245
3583.777114
3717.328281
3735.402340
3749.944406
3787.834460
3921.271628
3791.693041
3778.132546
3794.784177
3884.751086
3828.444880
3882.855733
3817.117683
3740.047991
3614.308431
3817.117683
3840.157533
4016.519906
4075.123871
4100.194420
3922.316966
3985.338196
3964.835116
4002.520982
3901.995127
3781.134394
3680.650430
3481.841727
3462.649198
3529.717780
3588.416888
3558.951476
3606.749797
3496.218760
3410.347563
3328.856332
3414.349620
3656.397815
3775.364628
3865.172459
4026.037700
3909.390929
3766.227872
3831.395676
3791.463953
3662.446001
3593.147948
3455.195574
3260.635841
3271.856557
3196.201881
3307.223299
3433.774227
3569.857463
3564.885504
3585.592011
3632.307357
3727.144617
3783.691491
3802.407584
3810.233016
3652.162369
3574.869794
3543.732160
3384.957597
3620.852041
3775.364626
3709.588462
3663.850757
3736.938705
3468.103791
3356.879290
3341.206658
3334.939624
3387.240774
3593.522742
3723.106193
3612.561395
3543.612818
3520.320793
3483.139461
3407.647758
3416.810901
3308.124332
3206.006140
3019.420246
2844.512454
2810.142112
2885.985895
2990.413743
3082.162149
3257.689599
3442.912327
3612.416139
3678.968186
3802.407583
3658.338946
3558.707604
3372.835669
3282.458582
3224.439244
3456.685806
3537.482753
3731.795244
3773.629520
3886.314541
3761.028098
3761.028098
3537.482752
3460.477878
3259.860620
3197.181006
3007.243733
3001.060253
3002.942121
3013.924126
2940.845246
3096.406921
3200.883838
3341.078560
3401.626074
3522.485031
3520.172319
3528.867683
3415.959868
3355.281910
3272.123968
3190.840465
3169.491620
3223.896553
3140.224891
3301.031656
3529.572695
3644.428563
3719.724695
3909.871502
3828.307069
3751.460905
3548.454051
3552.802673
3413.159550
3613.423014
3579.574383
3788.544228
3715.134071
3675.384477
3420.771476
3470.625846
3322.306787
3380.628737
3462.102178
3447.473497
3329.971202
3404.889775
3325.615006
3354.982910
3348.321176
3378.009282
3275.850839
3277.726438
3146.240861
3265.385512
3287.453532
3471.646492
3513.571332
3701.732327
3620.082870
3583.900429
3324.825330
3170.187699
3050.834238
2940.893569
2958.999864
3044.246371
3065.631741
2998.468730
3086.357791
3060.868559
3121.872594
3080.148121
3138.924113
3201.095191
3255.498289
3222.207600
3347.377361
3435.109708
3463.771460
3561.625076
3653.547628
3653.547628
3519.725018
3461.349054
3291.720960
3279.341743
3151.961230
3296.004711
3250.186203
3286.195181
3106.640202
3246.204322
3196.201881
3263.128755
3213.761999
3342.667367
3374.020604
3281.985174
3301.031655
3328.471673
3372.230133
3253.187894
3397.312091
3295.026107
3441.968871
3308.124333
3439.817120
3320.821172
3537.631429
3458.698554
3579.812506
3391.794075
3525.456040
3371.215277
3366.023930
3354.065208
3564.593977
3428.908863
3397.708694
3434.088893
3384.296996
3396.931718
3452.598362
3498.411990
3491.893224
3726.037824
3658.915824
3836.464058
3757.075299
3675.504956
3435.555147
3427.512201
3191.386131
3308.124331
3333.055950
3335.319511
3255.830550
3276.384900
3222.591187
3077.369543
2998.401989
3015.007976
2971.153773
3113.281128
3305.342472
3558.395286
3635.489594
3884.106952
3766.651508
3572.403614
3413.772795
3397.218918
3300.905067
3280.267615
3596.739800
3698.826516
3836.745471
3849.665921
3884.870084
3629.200784
3527.145490
3286.584020
3337.009001
3391.196486
3531.280935
3558.707604
3623.049948
3636.018127
3562.820868
3440.761138
3367.383629
3532.086401
3407.149569
3401.161925
3509.308245
3613.868967
3518.229427
3388.171768
3375.925358
3253.786186
3272.615077
3172.476036
3299.963462
3354.065208
3496.661497
3400.608112
3444.542259
3437.886536
3352.700327
3166.770536
3100.012090
3093.760058
3016.446737
3131.477322
3280.900450
3531.140256
3546.025951
3629.355652
3583.651906
3667.019512
3525.169862
3564.593977
3470.903863
3560.777938
3413.772793
3386.721491
3305.028779
3378.009281
3347.119527
3389.750441
3402.368843
3629.825259
3613.275968
3604.993755
3751.952825
3762.103109
3538.600431
3490.993924
3378.009282
3115.812642
3115.812642
3186.692944
3328.856330
3437.185840
3749.364896
3891.203986
4035.988532
4092.109799
4152.475913
4077.747522
3944.446832
3771.175307
3616.305342
3622.538804
3486.471963
3347.208129
3459.750154
3319.954784
3244.935042
3303.555175
3451.941598
3253.494301
3297.232629
3378.239099
3397.125739
3461.510713
3536.625262
3837.228547
3718.695895
3682.154887
3504.574981
3404.285386
3166.462460
3074.809700
3166.996951
3409.592356
3607.825574
3804.122985
3962.920690
3906.293972
3795.429230
3887.586332
3843.763979
3862.461132
3857.723308
3910.295226
3720.122645
3663.724219
3670.030019
3629.200786
3579.336797
3612.703925
3731.559553
3725.512520
3643.818539
3662.917664
3704.582970
3502.063296
3620.852041
3785.643232
3765.105667
3706.731743
3715.031493
3589.861854
3584.905951
3612.561395
3679.076100
3675.082510
3798.407421
3703.328895
3626.253556
3678.486847
3749.059187
3751.460905
3789.777878
3979.704757
3867.245655
4144.897001
3994.586835
4295.290860
4209.451288
4355.948558
4153.172475
4366.009907
4189.878384
4223.262864
4050.003661
4062.262921
4093.724032
4116.516756
4028.387300
3993.338538
3920.411050
3663.335646
3692.105822
3711.394422
4033.047646
4199.866103
4423.438981
4271.909646
4303.168066
4037.715973
3996.383393
3864.753450
4002.832937
4123.909062
4232.501478
4261.817736
4267.894118
4111.863295
3934.615331
3784.125410
3967.963069
4057.832078
4190.944217
4370.770775
4721.258632
4468.781201
4495.665062
4332.827405
4306.037555
4107.456317
4172.796348
3971.583837
4026.037700
4145.146496
4358.045246
4487.646184
4654.549157
4720.414613
4425.761384
4371.631716
4150.066751
4150.066751
4055.378735
4311.966156
4288.776054
4510.610687
4522.899278
4687.863692
4531.401503
4566.832690
4435.072656
4405.897058
4367.527893
4459.527247
4505.196720
4564.506196
4555.677024
4557.571308
4647.357959
4551.718964
4520.403395
4493.099032
4563.726462
4411.054213
4469.163577
4454.573896
4588.682127
4495.369982
4497.900059
4364.163642
4403.796668
4324.516740
4553.075066
4596.577086
4581.988560
4580.060601
4575.919866
4593.808184
4712.438375
4742.161899
4674.876704
4711.031656
4620.439722
4843.810091
5165.513604
5373.895311
5466.020499
5506.790171
5392.071235
5128.687794
5245.634895
5222.763339
5351.705669
5234.941333
5410.022835
5119.923083
5124.099655
4888.836029
4963.932213
5053.863879
5034.769348
4882.639705
4828.264882
4842.958731
4703.144351
4857.211386
5089.316390
5254.383815
5342.276353
5342.276353
5484.259271
5521.428323
5571.369878
5486.272666
5368.829951
5394.067202
5448.302174
5459.650059
5566.314317
5775.294358
5913.027370
6077.745800
6070.605073
5998.122780
5978.900636
5858.154723
5776.665228
5957.424891
6099.729099
6210.043148
6278.878001
6289.552611
6124.667548
6076.807123
6118.301620
6088.957900
6101.105982
6282.617766
6328.492325
6213.663322
6372.747987
6514.292797
6464.583744
6444.106790
6715.143295
6633.450075
6550.272990
6599.784078
6796.357629
6535.282435
6476.739773
6491.378269
6651.918861
6660.521989
6965.402277
7186.650990
7437.376839
7550.208730
7769.552411
7809.480382
7982.611852
7850.390444
7853.328627
7757.306288
7903.245434
7942.886569
8092.587512
8333.005645
8267.836227
8346.127396
8337.825999
8497.995921
8523.021204
8930.064772
9066.111111
9040.914209
9218.790933
9283.929904
9386.720674
9600.968771
10107.023538
10321.933951
10622.795229
10986.244551
11163.575944
11358.114167
11589.895600
11700.491779
11884.501262
12147.403471
12497.881306
12876.629478
13253.913277
13621.171984
13974.140214
14392.471892
14809.632914
15507.057522
15875.839402
16409.011192
16753.740140
17091.680719
17408.671536
18103.806549
18926.449435
19304.452167
19989.818704
20656.583777
21222.682393
21884.179036
23946.009704
25211.684933
25804.064531
26230.041664
26157.047238
24866.887535
23719.896475
22966.527134
22024.682666
20965.919629
20441.911351
19762.879973
19008.013394
18364.184039
18211.589756
17479.032060
17389.239296
17629.187612
17758.693716
18074.077782
18000.894264
18019.988981
18312.764856
18902.662749
18570.396633
18735.315495
18438.389876
18384.563052
18094.084667
18259.650411
18704.052255
19232.698674
19277.473355
19250.265599
19476.186279
19398.538073
19749.742460
19892.313597
20338.928514
20500.107216
20827.697051
21187.087127
21917.713129
22339.488096
22376.629690
22817.729579
22278.856129
21593.603129
21209.217921
21014.872991
20655.705234
20736.881852
20234.952736
19809.095147
19581.019675
19182.879680
18796.022856
19210.330505
19084.490123
18986.794554
19410.293217
19389.956532
19077.705693
19326.009571
19504.162007
19649.402350
20376.332933
20836.409524
21662.637635
22410.548913
22397.866134
22756.874924
23259.312903
22923.041528
22657.709676
22789.367987
22643.148807
22394.326111
22581.957246
22979.076514
23242.189253
23586.683316
23858.414935
23649.138812
23336.119417
22739.134470
22062.166449
21512.307632
21471.101898
21489.599308
21811.340082
21679.172801
21855.685183
21735.264054
21480.097989
21110.247125
21409.352817
21594.474445
21734.904464
21976.948217
22320.953875
22937.179085
23206.406983
23549.338673
23941.909434
24069.240769
24012.833351
23752.684226
23579.180445
23489.470470
23524.982343
23172.000812
23061.486284
23332.985307
23190.252513
23165.732088
23319.993514
23725.910832
23696.182070
23839.797223
23885.839177
24023.894356
23998.898008
24017.603521
24487.142438
24454.159023
23869.064384
23364.962611
23024.778700
22717.672686
23122.533552
23308.548804
23584.535762
23805.603892
23671.878086
23385.726991
24010.611608
24112.150777
24461.104669
24348.372256
23872.563708
23410.993030
23648.192942
23242.904928
23155.536655
23167.909963
23272.155813
23758.443325
24332.764137
24723.438994
25524.947210
25554.361848
25299.066561
25299.066561
25134.171880
24911.079418
24706.265160
24187.950674
23640.178906
23647.130392
23546.781836
23661.733468
24089.245328
24247.759140
24613.126454
25035.357214
25515.266762
25565.587616
25821.920713
25756.898272
25726.021447
25681.855575
25761.254836
25920.298262
25740.663018
25690.057585
25502.463629
25545.428145
25209.329904
25198.308135
25067.252675
25029.450490
24454.810237
24108.102159
24112.188141
24074.845509
23947.203422
23920.262950
23859.718328
23826.061071
23719.814698
23364.962611
22885.365702
22701.337769
22551.271361
22375.501979
22810.063416
23647.279756
24250.587634
24379.958748
24582.924872
24530.706842
24546.402553
24579.509127
24477.293707
23976.002426
23583.807954
23198.737204
22881.478663
22758.340756
23553.963548
23923.601160
23835.545687
23576.855624
23733.344703
23064.626009
22469.482191
21965.434925
21967.299360
21919.257618
22071.682077
22349.221847
22657.060350
22862.087462
22715.632296
22661.292223
22951.806836
23567.218805
24358.059942
24840.814240
25461.266887
25302.105249
24854.820013
24102.377747
23764.407091
23041.837449
22952.079291
22773.028709
22568.342664
22207.588004
22194.684355
21998.377104
21950.689863
22000.828296
22437.251084
22623.690991
22905.084414
23432.724514
23690.726949
23553.655990
23568.027941
24050.463289
24600.554556
25249.629199
26091.091727
26608.899948
27064.434379
27189.340224
26862.957900
26351.601237
26745.729843
26526.586528
26013.856423
26309.939586
26535.286906
25927.595920
25754.968063
25763.309581
25241.240847
24817.935729
24588.090243
24299.516446
24108.970893
23842.229033
24097.275267
24144.881878
24082.125381
23869.395802
24091.125725
23604.373328
23358.189096
23266.301619
23874.747888
24265.113504
24887.281864
25574.902140
25851.756689
25542.271315
25542.271315
25404.313501
25481.541842
25598.794797
25363.566298
24941.790339
24628.437372
23976.385596
23513.269808
23804.951221
24019.896309
24415.103525
25112.769963
25718.214588
25921.606882
26084.925944
25948.265228
25689.787965
25618.806261
25618.806261
25725.794752
25917.201569
26015.027088
26176.404625
26346.139946
26153.983864
25788.874589
25537.902719
25055.653901
24437.751275
24135.112616
23888.513697
23808.927183
23804.951221
23741.652438
23885.839177
24111.836233
24027.757483
23739.493243
23823.360842
23798.463438
23791.685914
23865.262023
24372.548512
24983.607582
25299.005830
25336.214797
25444.666531
25336.214797
24893.667635
25030.458939
25333.884908
25647.055382
26467.530957
27238.618214
27339.207703
27606.357526
27279.131549
26507.952973
25490.169148
25312.077178
25304.349950
25908.024144
25972.662133
26006.137345
25310.873102
24690.717814
23838.560936
23623.691586
24033.379736
24579.794261
24889.201586
25269.499107
25538.547912
25168.133551
24938.302467
24733.533128
24867.101730
24560.154075
24797.670185
24956.624642
25524.374532
25395.389026
25802.423018
26182.206505
26535.091236
26223.258759
26046.661074
25309.681820
24899.861682
24684.607810
24799.509548
24977.138257
25428.105038
25512.116358
25481.946441
25405.044900
25179.856567
25628.948345
25904.615810
25819.368267
25649.685289
25557.918905
25109.421144
25011.484394
25114.058771
25026.542093
25776.689161
26352.111529
26816.714091
26749.416854
26927.370296
26822.055164
26410.817278
25789.011566
25540.385508
25212.724896
24684.462709
24498.486051
24348.990758
24695.755339
24852.839656
24944.269927
25024.045013
25168.754467
24826.027366
24694.353827
24867.483243
25024.407468
25028.697994
25287.603866
25807.538325
25730.495845
25390.357827
25349.496400
24848.241566
24108.553179
23744.005971
23649.279351
23235.392642
23212.425856
23529.708237
23774.450467
24177.557055
24534.844978
24699.503327
24584.289572
24555.356147
24298.943895
24125.062485
24130.595249
24343.742591
24771.977084
25166.991687
25822.165939
26568.477564
27125.602172
27882.224280
27814.941774
27910.018250
27891.249038
27638.540394
26871.590679
26333.071040
25806.245434
25091.828826
24340.186934
23705.428314
23964.500418
23774.450467
23923.019960
23999.914606
23835.154105
23189.326837
22941.002000
22381.014027
22356.059107
22320.460241
22610.719103
22959.346029
23416.713888
23529.196824
23752.887197
24180.760033
24056.715301
23895.628260
24010.611629
24033.520336
24040.009187
24365.686684
24808.355931
25218.916263
25457.625823
25148.622614
25037.498142
24709.575936
24579.914149
24277.320457
24317.390025
24016.617614
24410.844304
24574.217583
24657.731601
24329.831037
24178.010994
23689.778728
23033.804009
22935.598936
23189.903883
23615.846346
24173.499554
24999.745316
25478.191746
25869.055897
26203.202468
25921.783012
25294.815786
24837.916371
24533.051501
24098.656977
23885.745483
24121.594592
24321.631957
24539.467755
24432.951028
24408.067071
23969.370955
23539.204595
23342.964559
23544.287386
23778.522971
24164.166456
24415.204717
24333.134825
24446.593710
24588.955498
24486.711789
24768.117372
24766.458711
24383.993029
24202.127118
24298.518402
24137.514343
24298.518402
24637.891474
24457.940096
24577.209220
24947.156274
25117.855607
24880.577338
24911.744407
24698.893366
24149.996529
23719.522108
23370.803252
23078.430809
22581.492101
22318.357598
22448.039096
22615.326744
22997.381368
23204.588784
23549.009531
23632.200791
23790.626037
23738.342646
23638.216777
23452.553576
23112.108574
22820.194822
22586.637135
23014.194366
23064.380259
22988.976050
22978.029546
23506.357195
23479.242126
23489.603720
23433.118198
23546.376504
22992.960064
22523.329456
22467.084206
22399.711919
22540.646446
22786.534750
22890.927909
22796.929653
23049.499981
22877.644209
22885.901380
23050.909474
23585.725987
23953.450829
24247.261476
24301.694493
24424.776407
24032.878786
23677.116825
23168.221091
22495.961872
21967.421313
22084.293922
22203.575455
22422.973332
22842.478002
22798.481326
22437.251084
22255.494532
22325.728280
22614.343694
23121.430214
23338.947106
23536.797581
23528.295751
23342.361880
23543.048467
23657.983203
23267.100083
23339.283730
23259.827769
22464.441888
21867.330069
21683.521811
21081.120715
20402.900712
20162.977883
19721.608150
19478.044852
19133.509149
18085.179971
17221.106846
16383.545291
15099.654571
14031.999056
13733.315221
13367.484604
13227.873180
13522.250429
13594.481211
13690.578127
13828.559525
14451.003982
14516.838412
14856.854663
15355.682151
15711.244546
15637.588079
15858.926902
15992.347069
16272.747156
16600.508495
17047.736492
17719.640529
18599.740319
19543.850001
20472.833071
22151.833271
23690.575054
24717.497437
25772.665667
26877.245202
27168.264453
27427.139640
27462.775883
27280.951066
26541.373870
25801.013577
24971.638317
24476.203432
23820.513742
23780.600486
23795.226365
23809.343807
24063.501152
24351.146729
24211.698537
23969.208012
24015.136494
23675.932590
23178.873059
22869.628645
22357.921868
21752.824291
21198.025288
20659.465249
20176.878425
20082.529179
19677.948776
19440.449971
19766.549641
20340.376609
20560.324671
20812.324410
21515.943604
21595.338509
21265.800908
21318.042247
21234.160032
20560.463209
20499.678209
20296.580766
19778.915913
19459.463738
19717.002777
19518.732775
19355.958883
19410.186310
19759.009174
19430.419179
18766.889714
18242.183574
17012.377387
15624.326926
14673.513549
14072.430111
13621.108557
13715.175958
13747.059981
13853.128963
13607.041136
13648.466972
13776.229368
14068.109722
14009.512384
14454.141967
14742.281897
15003.514928
15224.395125
15939.584806
16142.402555
16466.238538
17099.003836
17838.171566
18437.395979
19410.243894
20327.563173
20659.317412
21006.121769
21992.290503
23105.300432
23997.003812
24633.591273
25540.194588
25768.485198
25622.488250
25503.207916
25749.341617
25155.125932
24349.282986
23892.340948
23127.668916
22534.963627
22325.728271
22099.823457
21802.808904
21997.287570
21895.400598
21684.094501
21532.541267
21524.100435
21415.303070
21402.748930
21344.475583
20853.288766
20837.340098
20663.810276
20375.295985
20181.077142
20466.284802
20065.007483
19713.079602
19478.517084
19286.606577
19214.031004
19071.938848
18917.467909
18950.626859
19070.066741
18515.773023
18743.599006
18958.044441
19233.514413
19280.213516
19836.693056
19633.814257
19602.314050
19418.430164
19799.245932
19912.291463
20223.143866
20289.918901
20480.143273
20266.797708
20409.806428
20478.775749
20672.551904
20906.864396
20735.519190
20303.257392
19632.868412
19008.505478
18202.781647
17574.235619
17354.048630
16416.546572
15589.338256
14938.530527
14274.525491
13276.223815
13482.951086
13353.749033
13215.513608
13220.469017
13326.603822
13395.303664
13366.556219
13203.203870
13463.561647
13554.851942
13482.299197
13429.524218
13748.617721
13684.337391
13741.158618
14009.663896
14604.888580
14835.052386
15033.276444
15334.840655
15446.454155
15522.518134
15864.707180
16307.634483
16681.289028
16981.223912
17332.228029
17478.608750
17839.792374
18310.748239
18955.883811
19868.167621
20411.372802
20388.340098
20261.803214
20246.961072
19639.019565
19510.082673
19491.110186
19418.295173
19149.203144
18967.590456
18856.529738
18877.911781
18567.596527
17974.272461
17433.971323
16675.831558
15599.983911
14423.587868
12736.613961
10794.379733
8557.665465
6743.120228
5440.130360
4654.724635
4283.314589
4120.173205
4020.130733
3909.390931
3959.191071
3885.925342
4130.276004
4272.323513
4607.139147
4782.886576
5317.013836
5396.825010
5564.120894
5516.422205
5735.487192
5687.609892
5902.139734
5842.149134
5944.089819
5881.114064
5812.431603
5666.067342
5707.583572
5674.077420
5922.578171
6062.429663
6164.409400
6129.243725
6099.836555
5813.617235
5596.554127
5439.990626
5373.335987
5330.026441
5292.282010
5284.264669
5338.338605
5426.097481
5410.022832
5579.564226
5485.734928
5494.174902
5462.579949
5541.535492
5476.975040
5631.301771
5558.363442
5669.021082
5657.403615
5476.215288
5350.709225
5315.651114
5135.606803
5022.614713
5128.795119
5297.986226
5415.105246
5565.840771
5653.637410
5657.551636
5501.366542
5323.609276
5158.871522
5183.833137
5302.763092
5139.633560
5225.237733
5336.077058
5250.175420
5059.994284
5055.574936
5074.626224
5001.537293
4972.203039
4861.705921
5070.133139
5043.269808
5059.872444
5105.105184
5050.896455
5046.592347
5197.100528
5351.560263
5326.758969
5431.437572
5514.857675
5479.055266
5359.993646
5285.545712
5348.048297
5216.622649
4959.789404
4732.224696
4614.418580
4622.967907
4808.738052
5222.276876
5314.401988
5483.682429
5487.686686
5287.342593
4951.175030
5039.052121
5016.299166
4953.595491
4974.711768
5074.626224
5110.434772
5216.622647
5364.991292
5285.545710
5212.505173
5302.289057
5349.529720
5161.461640
5090.699904
5105.268136
5024.024625
4940.608578
5144.639047
5366.026202
5266.047388
5155.085709
5093.831728
4891.771134
4680.427020
4720.529834
4668.601384
4589.191873
4434.298169
4724.778330
5165.513602
5530.750133
5707.387939
5876.704809
5644.446449
5089.169200
4712.797258
4616.003734
4628.393822
4661.934158
4902.306858
5121.270531
5137.311677
5135.132627
5030.451802
4807.464966
4579.818630
4480.031608
4553.391541
4770.468776
4784.997394
4847.446254
4748.041779
4605.908644
4453.794474
4451.569644
4668.910954
4953.750729
5029.001519
5037.707276
5085.146876
5049.832530
5068.471466
5124.251801
5120.070296
5139.115826
4907.022523
4742.019078
4687.570961
4764.811548
5084.600744
5184.702197
5148.647194
5165.369865
5075.424312
4891.771134
4866.662053
4821.503861
4686.117324
4731.711427
4616.641751
4669.018243
4800.173146
5123.822129
5060.719665
5080.124564
5154.969060
5114.630566
4884.461008
4891.160595
5039.262541
5010.196584
5020.943472
5073.613117
5171.634748
5093.929085
5048.527075
5114.329877
5199.591759
5224.727149
5218.235697
5387.593015
5416.715535
5450.475197
5342.036978
5414.980259
5511.170378
5563.412974
5566.913232
5786.072893
5809.509960
5508.370751
5354.855674
5425.968168
5789.475808
5798.216768
5747.380612
5849.649916
5680.001685
5143.661246
4963.742598
5191.780619
5069.297228
5044.257683
5192.628257
5215.717075
5106.724368
5168.061286
5084.600744
5096.826220
5169.828953
5216.179281
5202.449242
5308.794904
5234.021622
5168.904058
5068.994303
5041.818939
5145.831416
5060.226150
5024.712144
5033.398813
5334.196022
5348.655633
5519.583963
5693.240584
5729.429673
5470.589093
5358.186576
5241.347512
5251.646304
5358.186577
5500.741455
5603.416827
5882.874230
5916.242516
5900.019397
5806.608348
5839.895030
5687.850651
5494.027537
5462.458942
5525.721402
5446.518429
5487.813783
5732.163074
5819.921023
5804.018821
5858.588653
5916.695265
5850.299638
5866.899946
6023.353202
6035.936100
6043.458953
6037.488057
5912.615758
5670.068411
5680.480475
5672.306985
5798.216768
6014.741049
6155.375398
6161.178112
6094.588745
5954.547447
5848.486212
6013.367361
6259.384929
6408.419339
6433.017522
6457.748201
6439.661131
6337.514935
6277.162115
6333.281356
6419.392553
6414.298577
6462.457429
6508.291954
6632.035883
6546.371754
6632.350356
6485.837933
6561.180188
6552.509630
6644.182376
6608.552221
6844.428491
6860.846047
7208.250588
7307.927849
7416.596779
7414.702246
7466.905599
7165.949506
7130.570969
7130.570969
7186.850134
7268.516061
7339.164391
7464.310208
7464.310208
7357.597234
7485.670752
7606.685071
7600.393325
7826.779354
8072.624378
8052.801783
8116.859430
8143.886663
8159.629782
8156.165394
8462.549088
8719.574236
8921.739534
8998.488289
9303.876787
9071.917549
8994.364459
9070.303641
9006.651553
8952.736991
9111.259674
9340.302782
9528.794634
9940.179702
10236.983510
10381.223038
10278.965929
10310.215360
10360.169059
10354.026255
10543.614247
10669.231872
10948.842026
11129.693107
11233.976303
11641.233646
12167.461871
12551.887777
13076.724303
13778.195987
14152.474478
14419.486666
14916.884524
15221.785122
15543.686692
15912.648540
16544.046674
17182.814173
17834.372772
18638.552561
19715.499186
20373.862751
20803.666720
22747.237589
24163.403426
24595.497481
25685.426908
26775.640346
26266.529298
25554.213835
25608.554865
25101.344774
24831.435358
24569.948825
24711.155574
24513.415187
24275.122321
23529.314186
23079.181342
22816.380017
22584.179465
22707.540485
22857.657939
22805.955574
22461.077627
22507.510414
22609.675207
22979.221927
23454.368028
23938.083639
23946.965087
23928.485969
23711.276616
23158.906199
22597.056445
22835.891478
22791.545396
22511.537237
22437.045483
22698.167324
22412.111216
22040.817467
22017.380767
21988.131348
21643.286375
21226.078247
21134.375447
20887.252575
20937.166478
20695.314527
20985.046577
20828.347901
20772.152646
20772.152646
21094.106368
21200.353859
21436.641238
21724.439230
21851.428922
22233.411063
22586.637135
23014.194366
23576.614338
23610.024249
23534.983386
23326.134016
23309.079726
22975.130195
22701.337769
22761.966738
22795.380372
23077.127299
23432.724514
23696.949785
23652.907841
23536.012471
23038.994243
22552.504846
22604.625236
22667.361203
22730.611373
22504.229604
22249.858115
22043.411207
21841.360837
21757.469154
21887.839989
22317.474462
22597.567544
22520.306537
22253.451769
22245.456107
22104.773878
21933.119265
22083.649783
22421.992247
22661.877617
22586.983628
22681.848501
22775.938916
22677.920148
22684.169278
23120.436195
23278.747199
23320.280380
23560.816806
23496.191641
23333.154698
23088.278425
23071.597737
23036.712545
22881.753733
22562.212214
22449.200152
22288.308000
21864.776163
22058.626129
22096.711882
22064.819061
22054.285067
22248.460297
22001.922645
22091.838397
22354.374868
22646.429091
22635.592654
22759.243296
22755.119478
22384.239997
21937.164376
22027.209166
22196.355962
22511.431532
23122.347986
23550.193038
23740.299780
23778.522949
23732.628468
23720.305163
23604.076824
23497.093645
23474.104330
23282.325343
22791.368796
22444.755833
22008.373452
21816.250788
21714.059626
21512.307632
21372.570225
21744.565665
21664.929498
21932.211865
22461.419781
22776.863335
22837.705120
22981.838469
22735.385923
22468.694103
22508.077542
22286.078244
21956.767021
21432.204657
21036.594151
20905.233131
20925.774969
21074.180981
21746.712513
22330.393029
22511.651342
22593.285023
22683.485776
22672.838843
22476.150886
22266.965499
22235.558723
22354.958004
22175.139007
22247.426022
22489.849167
22552.388907
22776.103599
23137.287142
23589.336158
23669.015279
23585.562755
22810.790704
22190.457572
21618.310936
21286.041004
21457.398280
21622.017940
21812.305806
21868.815106
21704.071151
21463.645560
21708.206587
21725.057583
21335.742190
21471.431504
21415.010791
21068.781800
21114.660287
21567.005282
21299.726988
21153.437466
21020.058772
20894.490386
20535.081364
20473.489425
20359.879194
20695.732781
20599.445476
20918.439645
21229.261331
21360.946707
21463.460372
21964.897648
22181.649693
22574.876473
22687.006961
22603.861829
21920.948849
21260.194792
20711.053457
20266.465551
20007.072530
20103.631859
20073.091028
20134.646747
20399.795463
20422.656862
20487.006900
20686.258959
20590.531949
20431.343560
20419.205939
20224.516570
20161.562749
19954.955692
19888.195752
19806.351389
19804.476048
19890.272584
19949.111323
19896.589777
19821.485426
19963.239586
19804.986733
20133.299350
20504.545349
20813.649579
20999.579284
21069.782740
20955.017438
20934.199618
21068.302983
20744.027949
20766.642045
21025.787230
21236.629866
21088.740780
21359.846313
21327.512702
20870.975137
20832.888504
21158.801105
21487.293179
21611.030746
21539.704201
21053.543090
20466.607612
19783.981619
19320.387647
19176.166405
19100.766019
18986.279908
18831.262088
18646.026880
18640.118061
18526.515186
18422.765087
18413.949770
18432.322908
18402.908170
18166.486700
18323.749868
18628.691347
19198.820923
19300.991723
19565.855958
19369.524856
19321.846554
19292.627617
19505.302277
19867.092459
20295.109924
20403.215700
20276.970088
20234.952745
20063.840503
19832.456636
19303.907633
18978.219837
18745.794992
18359.853164
18202.990663
18232.564457
18124.274582
17947.977781
18048.170984
17540.852187
17012.377387
16268.685565
15507.907349
15178.636472
14709.997448
14635.492486
14784.885328
14851.609736
14626.021841
15099.952133
15145.519051
15218.714732
15535.701617
15778.000008
15571.050881
15755.394548
16173.487003
16194.545706
16029.524364
16445.398145
16516.270988
16550.456475
16968.219423
17778.112354
18276.962510
19494.640468
20442.213068
21014.644467
21227.561849
21854.490041
21796.041048
21535.644978
21778.505196
21976.513129
21987.153262
22165.884118
22308.287895
22239.765915
22158.285148
21628.032362
21076.514610
20459.088559
19646.583495
18997.623959
18641.924866
18155.283663
17789.454945
17569.425624
17158.749942
16646.817182
16116.023104
15928.731799
15584.297786
15239.678024
15078.591854
14886.544109
14565.484660
14270.962574
13939.039287
13513.114496
13130.826139
12485.946610
11767.066237
11322.884176
10558.620404
10094.771768
9497.554351
9259.625146
8676.636347
8451.758275
7967.115150
7923.459806
7568.910434
7458.016657
7374.819260
7272.286406
7165.949506
7078.600835
7101.246617
7073.852436
7046.549116
7150.966413
7121.734126
7035.887321
6990.102962
6957.140192
6655.589062
6768.896974
6784.828481
7034.015468
7035.753197
7235.231761
7345.389664
7408.288964
7107.477042
7074.008070
7087.968780
7290.421394
7417.787044
7381.674271
7486.808459
7411.950584
6900.490617
6438.558457
6313.747149
6183.686229
6227.329805
6379.479998
6444.309008
6698.827322
6922.418608
6911.327990
6873.565856
7160.113981
6958.916152
6547.653307
6414.181247
6416.209658
6224.498652
6333.007093
6587.743003
6574.035602
6569.927099
6484.557113
6545.052247
6551.229772
6492.210802
6546.852105
6749.502610
6577.951655
6544.750816
6639.543032
6539.307587
6326.411288
6486.747838
6392.740334
6264.932029
6379.245495
6671.172616
6623.504440
6811.314810
6938.302391
6996.627850
6896.325378
7101.178622
7188.445065
7473.646074
7598.890869
7864.202703
7814.013052
7626.352567
7174.211674
6935.679893
6877.307403
6814.346731
6906.068625
7272.630126
7372.946772
7412.546674
7389.357854
7414.969693
7295.135306
7388.932807
7186.562508
6994.117172
7031.839644
6995.623031
6755.210955
6685.833361
6993.717847
6910.311291
6945.549155
7152.721065
7406.032408
7305.753467
7406.032408
7509.406416
7509.406416
7584.917094
7628.393731
7613.875301
7485.332780
7468.438480
7324.702990
7483.299438
7656.395616
7943.221337
8208.870310
8609.398637
8568.254940
8555.546031
8688.781237
8657.693737
8517.229014
8473.502894
8549.664998
8434.198113
8619.260359
8732.327565
9129.354729
9344.377318
9744.658581
9756.762105
9666.988697
9408.275027
9320.660732
9137.464300
9062.338761
9281.742590
9740.475177
9836.808402
10086.013132
10242.683942
10253.494182
10365.789468
10570.051472
10696.959154
10820.174914
10985.451151
10999.675318
11039.524586
11404.227481
11926.299887
12366.430445
12527.591778
12833.855652
12506.346895
12347.886829
12307.995716
12675.962934
13000.825474
13713.995989
14312.993440
14732.488737
14964.870152
15208.682696
15403.579669
15846.069123
16309.746120
16865.452571
17750.189060
18384.357893
19359.682103
20796.549391
23091.623975
24275.321815
25413.486041
25502.884551
25258.847176
24269.446044
23675.932572
23372.741122
23199.071632
22852.284208
22368.301182
21917.177127
21482.851548
21238.377800
20683.316816
20135.689995
19747.609248
18928.588125
18381.399907
18159.959864
17659.293525
17383.141609
17485.321510
17271.377962
17011.248791
17119.279611
17197.185018
17151.866542
17293.392257
17709.242247
17826.392165
17844.758696
17932.745186
17801.447235
17842.962822
17888.895574
17962.471777
17856.077627
17893.631265
17557.318139
17221.106846
16851.253129
16672.649490
16471.559879
16470.479814
16328.907179
16510.010828
16722.579174
16770.539999
16578.439244
16741.376126
16670.393227
16159.029447
16025.317757
15763.924883
15492.256825
15129.303486
14996.272036
14400.444136
13811.496342
13220.620435
12677.960364
12417.855768
12449.118718
12515.953933
12127.540184
11613.863534
10456.071414
9035.376807
7598.772204
6349.781440
5351.705671
4779.431991
4380.286968
4092.468422
4107.001354
3906.372231
3872.478440
3968.647636
4022.927897
4073.229723
4081.660459
4085.927698
4119.423282
4200.751224
4336.426329
4616.336607
4679.695302
4773.028222
4959.648782
5001.289988
5089.029661
5185.895910
5259.265933
5192.628257
5185.895908
5190.686885
5165.667810
5301.378117
5415.862503
5257.729488
5052.955610
5102.896040
5058.895446
4881.253324
5069.191968
5279.973575
5381.896094
5208.690046
5386.204174
5189.935778
5240.151626
4997.682645
5004.213877
5030.900751
5248.621009
5170.985934
5401.896775
5570.853488
5608.494063
5617.196954
5629.719786
5611.268021
5498.748815
5506.913732
5450.653948
5437.972029
5499.117070
5493.333535
5482.428015
5436.890021
5570.170684
5456.868377
5576.188058
5639.045876
5711.991914
5567.312051
5646.896384
5528.115861
5404.734086
5430.158300
5803.398206
6064.105130
6224.619185
6270.015166
6522.635554
6074.179009
5836.642407
5784.240166
5886.768230
5771.871882
6212.762803
6440.522450
6572.689004
6453.409874
6276.398814
6100.457837
5887.466256
5712.458412
5802.522498
5977.882035
5996.388304
6260.639196
6486.484211
6537.202349
6860.501375
6804.567657
6720.440367
6568.440275
6457.255298
6112.749037
6227.616576
6035.792982
6008.246337
6085.270833
6087.605655
6072.579361
6355.894990
6508.138202
6650.804269
6654.073118
6831.901262
6825.245220
6689.639497
6768.896974
7048.552443
6958.600779
7046.549119
7531.895940
7500.396294
7387.344916
7543.958984
7423.581801
7106.658207
7169.286127
7321.772897
7258.771267
7394.558711
7700.125897
7657.709774
7526.409799
7533.919613
7616.085679
7376.283504
7476.396369
7562.222681
7521.765472
7547.139703
7766.615995
7816.383042
7814.247137
7864.349852
7810.473599
7770.272264
7674.240551
7816.383042
7918.393332
8079.341201
8106.579706
8390.542686
8507.852175
8528.188439
8414.999041
8582.549508
8578.047753
8663.493435
8793.371053
8924.334427
9449.127501
9579.980753
9511.924092
9567.686122
9762.409279
9334.601300
9390.111755
9614.152895
9660.296492
9723.870419
9827.618641
9933.798669
10063.275147
10473.355722
10590.788080
10638.210734
10876.720878
11083.101097
11204.410524
11523.544827
11899.627415
12064.327633
12294.335195
12603.289716
13044.372118
13447.550994
14005.339816
14505.909208
14851.260916
14902.751421
15186.599699
15268.376211
15337.037087
15667.413869
16024.831426
16333.624055
17073.280451
18108.498300
19067.079550
20653.174857
22417.384141
24551.832828
26538.027295
28684.600334
30075.510933
30886.181383
30771.325356
30284.753505
28804.155006
27752.178291
26798.000672
25914.841806
24679.676628
24245.968204
23677.875276
23162.186808
23064.123140
23478.030107
23488.251916
23293.494633
23700.984577
23414.138084
22913.398152
22527.224909
22200.919964
21490.978372
21468.413881
21455.702785
21247.027943
21167.880817
21334.851060
21088.832291
20988.286113
21002.828609
21294.511410
21257.135425
20974.878564
21060.783920
20981.390432
20710.100354
20637.298319
21008.175896
20563.361349
20810.513380
20955.017415
20672.905677
20149.070668
20543.775526
20539.536083
20485.011808
20599.695252
20817.279624
20639.328232
20503.617592
20096.986912
19889.896063
19769.055598
19589.148328
19435.297240
19380.157142
19414.182740
19398.649459
19334.267544
19010.293913
19008.505468
18805.988684
18474.348511
18388.265803
18363.060120
17964.816148
17492.801816
17383.836610
17050.270592
16651.587751
16428.209069
16289.680087
15838.937719
15143.117681
14807.176816
14589.906862
14305.531033
14020.059615
13936.281115
13591.692993
13132.497646
12622.872102
11919.479968
11744.003014
11729.432750
11204.387242
10458.207109
9827.691981
8501.703957
6956.947909
5986.320843
5288.341248
4747.706786
4417.724247
4244.529063
4078.890811
3991.454491
3870.238402
3887.151331
3878.884534
3906.132666
3939.354641
4058.415839
4060.331255
4160.995779
4244.529063
4357.377966
4482.558065
4549.326439
4622.657458
4679.253972
4752.080116
4630.969378
4760.640012
4988.371087
5105.590753
5107.568554
5160.042012
5139.218062
5063.838980
5127.450210
5315.651112
5474.086697
5618.140289
5699.390166
5536.740795
5450.987419
5310.909594
5235.892489
5116.546749
5212.023094
5115.601435
5197.248804
5249.535329
5324.295508
5360.559173
5423.652147
5517.504235
5444.125468
5348.192403
5359.467988
5509.883577
5597.624252
5585.305647
5545.527658
5398.457164
5139.418718
4903.290135
4713.001262
4757.425933
4870.516817
5068.994303
5160.697757
5367.529655
5417.332567
5408.497087
5393.949047
5341.906935
5431.629222
5489.826966
5643.783008
5781.836318
5940.326991
6030.197437
6119.807654
5991.064817
5769.365397
5713.120151
5660.837499
5598.218503
5693.240584
5855.955370
5720.362356
5566.209566
5640.825230
5639.207820
5616.176117
5802.150821
5855.807200
5839.476699
5825.595401
5719.370202
5719.370202
5884.261277
5852.928368
5918.542808
6083.380584
6096.132379
6143.912385
6337.968523
6306.618998
6132.869748
6028.898113
5987.431326
5826.071282
5973.761672
6077.745803
6243.402062
6238.302085
6382.733486
6538.803171
6674.606350
6458.945109
6496.981933
6294.909530
6081.759404
6077.645042
6357.073942
6286.247486
6244.773887
6479.507947
6400.229625
6342.162622
6437.874032
6622.162818
6194.543059
6356.965939
6557.951165
6561.716910
6461.889307
6683.559052
6549.862453
6451.756763
6515.681389
6735.269098
6830.495335
6939.335349
7045.423588
6997.500717
7120.934405
7112.287639
7045.054936
6993.434795
6997.026352
6974.308936
6922.013031
7051.373888
7053.744772
7230.921173
7325.161281
7585.029944
7757.896075
7672.836815
7725.354774
7743.357493
7553.571702
7650.404200
7863.212607
7971.443185
8070.201081
8291.156599
8291.156599
8473.237329
8746.845201
8711.608663
8873.860120
8738.424984
8694.788532
8497.995924
8631.409911
8638.637776
8815.667146
8937.354279
8970.325609
9035.323791
9445.132519
9703.579661
9933.329658
10056.951744
10180.640455
10166.244094
10324.939698
10527.643436
10742.742785
10863.942064
10850.880040
10946.816710
10971.853070
11086.155917
11512.236566
11808.765783
12171.725183
12556.074952
13032.309939
13387.621095
13873.380328
14152.948889
14603.107121
15007.485224
15331.164472
15715.749533
16254.425232
16445.278995
16576.746122
16822.456562
17031.617249
17741.262714
18943.589095
20558.564084
22630.021606
25170.120754
26417.222238
27675.770396
28215.268070
28012.342773
27372.109283
26849.623216
26085.779070
26052.204939
25561.412772
24486.936813
24215.523998
23902.426067
23346.727935
22837.541135
23015.524025
22723.392559
22472.861232
22140.984160
22272.821765
22279.107115
22320.772286
22243.919399
22066.047425
21772.178606
21394.499325
21452.504465
21227.094298
20978.715677
20861.398840
20990.770540
20508.110978
20286.858759
20181.894649
19835.863744
19844.641263
19905.438714
20059.912395
20285.463765
20513.238409
20539.830842
21030.694808
21341.976192
21423.486170
21684.427811
21736.598289
21350.211840
20913.681205
20775.723969
20901.353342
20480.328514
20373.973123
20587.381536
20641.232544
20459.382808
20472.930312
20801.210923
20884.749670
20944.883859
20826.034330
20810.513392
20561.535617
20447.072648
20444.989580
20730.701004
20957.397730
21163.697086
21134.719828
20981.826591
20717.101332
20549.657930
20029.308298
20023.328783
20154.671909
20066.811333
20295.632762
20260.109507
19923.529756
19704.500612
19681.462553
19215.352597
19326.085850
19505.410549
18996.730556
18850.388260
18687.250731
18437.221621
18062.790935
18307.291956
18100.076394
17948.361243
17905.674177
17838.296955
17523.287427
17239.158756
17119.090680
16925.023268
16822.353910
16675.887708
16362.623514
15928.731799
15527.668370
15110.005447
14642.613952
14160.116563
13940.447089
13691.461910
13362.020123
12963.273573
12921.755612
12887.002429
12609.207517
12334.031572
12221.208065
11582.332925
10679.357109
9931.800990
9416.134535
8516.163282
8223.222149
7884.574746
7598.474765
7072.447973
6760.762861
6380.732867
6037.085810
5694.051426
5423.190865
5251.646304
5080.565165
4716.409308
4482.408426
4311.308581
4256.827402
3979.379140
3909.196323
3829.356664
3735.576004
3579.215943
3572.770419
3563.587416
3484.393980
3273.437739
3235.931190
3125.240990
3110.893767
3069.992348
3261.321744
3251.562705
3383.664786
3557.759136
3632.545066
3642.807111
3845.731704
3872.478441
3707.225356
3755.709506
3722.073863
3521.280680
3573.787593
3831.839843
3917.220842
4105.436138
4295.290860
4385.284674
4340.036092
4411.054213
4295.891394
4340.036092
4300.151185
4309.115741
4296.635818
4363.550318
4411.496183
4394.862672
4521.521315
4548.808963
4544.397348
4588.682128
4530.116592
4418.699794
4304.008546
4237.097370
4032.861924
3990.877500
4036.524403
4182.224469
4161.529484
4086.114537
4301.453348
4396.375216
4323.253429
4311.004797
4490.652261
4450.699033
4564.324772
4711.785645
4789.354481
4705.867117
4503.325780
4277.280746
4003.436098
3840.455952
3925.876500
4116.403903
3942.249081
4027.478302
4157.160469
4102.479295
3987.633392
4202.823285
4330.272834
4516.104775
4420.033553
4499.541840
4508.478812
4616.927404
4549.993494
4678.098030
4671.271113
4669.130589
4416.689512
4155.620083
4178.333798
4276.787317
4249.548469
4557.965924
4875.749008
5007.332579
4961.562849
4923.232213
4676.528354
4555.503634
4555.503634
4733.152194
4811.847370
4830.517685
4810.099645
4766.227441
4630.609381
4600.896128
4590.466364
4734.689799
4588.815418
4607.139147
4656.962493
4738.516711
4824.147156
4991.208544
4962.089769
4797.057868
4821.817873
4673.562861
4483.405582
4533.693469
4728.253747
4832.960634
4888.989440
5081.113438
5049.832531
4954.590808
4904.510040
4911.030971
4925.692158
4959.236321
5115.121732
5102.896040
5102.896040
4923.232215
4927.009325
4963.237016
5173.938822
5217.971307
5443.387564
5379.154179
5263.396271
5069.297228
4988.220752
4910.809857
5084.234130
5330.347139
5317.874053
5466.177514
5541.423995
5506.183122
5467.583343
5605.301258
5668.139537
5519.319527
5632.630422
5426.463756
5478.622822
5457.824219
5543.536242
5506.183120
5691.767384
5536.886498
5495.277640
5712.325400
5656.149723
5517.931911
5582.602979
5605.636627
5553.317484
5643.351964
5871.829331
5849.208501
5744.758864
5641.847212
5798.650219
5993.097621
6159.953935
6335.685380
6356.512572
6117.051782
5731.751403
5531.058218
5565.189753
5639.943896
5830.248257
5916.001048
6175.242474
6074.723011
5976.687156
5930.364691
5932.800810
5746.933725
5907.941329
5980.914068
5899.943503
5987.865357
6014.741051
5970.577737
6064.783626
6244.673333
6285.411419
6379.318462
6374.839220
6356.273260
6508.370525
6413.777322
6436.818982
6685.256599
7013.061834
6919.392421
7141.197099
7224.540350
7078.481500
6940.208169
6865.324902
6914.229156
6894.061414
7008.671388
7106.939405
7307.557193
7209.813670
7437.727423
7329.017674
7258.309867
7174.629009
7248.760756
7023.646366
7086.629599
7103.153347
7123.842752
7080.967070
7223.193699
7386.068463
7611.662900
7624.021594
7802.718135
7781.475695
7748.273575
7702.147315
7930.270755
7977.533297
7948.415270
7969.702739
8038.022895
8129.871064
8188.835856
8685.976471
8937.986158
9066.111112
9026.133957
9243.275863
9270.738652
9339.594564
9425.079300
9554.618439
9396.519111
9388.116194
9435.882570
9613.946989
9855.961755
10339.943287
10473.549463
10757.811256
10870.097441
11045.530177
11213.579701
11534.949678
11847.756891
12127.589406
12439.319260
12676.413000
12969.078875
13388.524167
13846.209369
14131.931490
14484.753490
14635.410278
14795.985622
15415.933096
15864.829071
16390.227298
17096.026415
17787.475147
18497.188171
19687.504525
21049.520261
22718.060057
23727.060199
24321.417058
24382.535107
24190.052172
23789.153526
23924.382056
23563.588445
23855.857384
24152.470880
24388.183524
24342.548112
24841.369216
24740.881904
24510.179115
24297.710965
24326.789092
23791.685914
23779.663401
23978.998753
24277.061590
24220.960019
24462.990477
24360.790622
24263.735717
23570.006640
23179.954735
23269.684876
23183.820960
22839.726583
22652.190089
22604.150788
22296.914027
22570.694874
22375.738495
22561.826661
22712.397911
22797.746263
22492.471456
22368.551656
22004.996949
21656.851963
21606.504512
21714.974071
22443.133266
22654.041323
22520.306537
22311.998161
22376.138063
21863.625848
21896.610373
22462.137404
22951.378767
22821.591517
22764.881078
23053.459466
23255.594990
22971.590771
22717.239771
22986.379103
23074.586225
22698.035663
22689.613030
23042.712455
22988.323842
22639.761007
22616.408910
22825.361701
22587.278943
22745.630531
23279.938518
23403.635544
23539.204580
24015.317345
23971.953136
23636.346283
23519.106093
23068.377237
22811.356150
22718.401712
22285.900412
22278.051045
22372.085950
22100.511753
22064.421431
22411.177338
22379.888790
22268.539445
22172.874840
21883.249121
21749.088953
21288.032729
21102.847075
20772.152646
20543.900858
20174.531344
20278.253620
20241.105550
20591.262571
20844.808164
21295.968842
21751.823741
22072.752527
22317.474479
22367.273204
22484.140795
22329.884035
22394.326111
22092.951881
21935.296578
21847.641960
21933.119291
21682.982828
21851.916576
22172.984513
22112.389006
21868.186956
21845.147364
21847.398169
21623.059853
21629.687512
21643.649195
21737.411618
21588.214837
21608.213668
21641.776685
21747.701420
21679.000469
21747.701435
21618.736731
21326.605112
21044.628873
20570.330460
20305.674127
20355.209630
20298.781056
20568.441799
21064.822913
21163.471423
21093.668246
21270.802493
21189.189438
21166.345405
21090.785614
21027.786971
20812.667098
20598.452076
20150.512981
20223.750766
20416.291666
20735.779097
20946.165513
21209.539766
21360.090144
21430.343434
21309.596913
21144.477413
21154.574258
20614.394291
19963.826806
19476.016016
19083.179066
18573.064558
18847.205217
19222.108019
19331.002626
19517.319420
19757.538416
19451.863522
19008.784347
18965.048878
18651.424587
18493.705203
18641.330206
18785.628837
18949.494601
19297.726416
19437.676678
19496.181460
19437.509982
19238.902310
19182.947502
19255.578465
19038.940990
19190.528824
19148.864307
19072.537544
19050.078240
19010.153840
19132.696381
19136.992594
18965.524964
18600.026900
18535.277473
18456.502994
18711.344403
19233.051733
19811.442853
20154.165150
20122.443476
20200.203448
20045.177236
19677.781970
19738.613601
19837.297432
19850.144665
19931.210209
20234.764265
20234.764265
20211.942037
19990.661620
19681.339025
19320.387647
19021.295777
18856.429568
18766.734919
18943.735551
19152.740276
19299.015116
19108.830965
19357.221663
19263.606846
19082.481548
18747.792177
18569.114609
17996.384872
17721.389236
17493.063508
17351.573407
17236.500259
17270.084125
17229.666118
17390.544965
17487.097518
17920.985392
18136.940790
18295.003320
18288.318927
18664.500756
18458.583906
18390.103206
18828.647002
19448.965437
19366.906060
19620.424805
19537.301653
19142.241571
18630.915481
18695.677673
18619.018605
18825.016150
18695.965720
18593.588509
18165.593824
17989.469286
17899.088194
17702.528892
17587.937061
17709.242247
17595.821489
17303.352576
17372.177144
17403.739564
17176.389951
17033.469988
16925.137579
16356.738740
15809.832102
15433.820291
15221.393333
15066.758634
15465.453323
15707.498759
16246.587872
16663.064730
17324.558597
18287.883225
19837.091943
20690.730170
21171.021344
21327.237136
21134.146960
20520.891558
19846.755232
19403.950944
18829.372205
18064.571889
17176.812889
16653.393104
16268.728393
16138.657961
15826.090025
15826.090025
15846.375893
15425.872124
15130.954756
14929.031772
14226.967480
13383.959232
13187.035165
12589.069398
12207.678465
11933.655794
11866.641489
11864.999923
11750.162799
11932.348787
11754.178963
11720.929094
11503.588862
11483.221485
11342.746873
11279.705415
11259.201535
11098.670843
11217.153817
11071.655574
11414.344731
11516.395182
11912.188527
12330.111414
12425.632293
12511.893870
12593.165375
12502.520057
12270.840975
12502.520057
12748.757039
13113.883658
13399.304335
13687.622229
13967.328334
14241.057578
14326.067719
14604.660523
14582.105205
14438.126255
14342.089629
14404.723154
14220.851179
14582.174586
14920.843533
15012.557377
15203.057839
15182.349807
15075.840126
14964.884313
14933.639225
15079.440747
15792.486348
16272.939407
16947.439091
17736.936705
18085.120041
18006.297028
17718.078673
17331.952993
16968.347083
16532.197637
16122.912940
15848.390139
15130.132561
13637.534911
11898.227376
10026.868936
8159.725999
6553.405026
5512.128221
4912.525946
4720.529834
4572.298713
4551.262223
4465.739937
4559.261760
4396.705417
4417.616203
4417.616203
4511.606886
4361.386534
4417.724247
4135.837803
3891.203986
3774.510907
3885.122558
3794.622625
3803.120979
3905.824492
3976.251383
3976.251383
4148.600379
4353.051763
4501.239801
4584.571596
4668.704626
4736.101979
4970.112647
5010.023948
5235.432026
5469.220213
5520.710317
5491.945362
5469.090259
5268.578196
5118.403668
5054.718309
5159.340496
5401.522216
5551.988082
5719.151912
5748.120153
5495.619798
5381.116694
5426.581574
5405.888279
5577.523831
5793.233198
5874.123774
6081.250067
5912.304994
5825.755164
5869.702583
5869.702583
5566.804127
5621.154156
5474.251338
5246.687226
5077.297618
4950.281863
4870.817708
5047.111038
5105.590751
5005.403449
5147.519223
5254.009063
5240.588813
5298.671696
5507.426399
5570.311353
5614.280825
5623.292542
5708.079468
5794.180456
5940.614072
5794.180456
5794.180456
5690.281700
5594.217234
5550.110918
5744.758861
5723.955459
5822.299931
5803.261242
5519.051000
5740.710805
6093.565463
6112.620165
6137.681197
6277.483033
5916.126954
5395.579052
5247.774913
5120.070298
5001.165229
5084.707748
5084.707748
5316.343354
5379.336194
5373.241500
5297.589570
5353.963443
5186.780081
5139.218062
5255.752716
5258.331503
5312.191153
5228.867929
5425.388258
5495.956827
5531.273453
5516.112114
5664.142138
5640.825232
5576.441470
5547.381622
5513.201697
5348.192401
5179.213424
4976.452634
4878.606356
4783.553835
4728.996844
4977.348498
5334.577137
5614.595182
5813.617235
5867.919093
5552.601286
5504.876270
5556.764628
5694.359324
5748.763814
6069.010256
6028.898113
5803.261242
5604.265345
5585.561832
5604.265345
5645.693498
5690.041160
5766.552631
5812.909628
5754.183797
5649.662024
5754.183797
5677.427689
5618.909200
5587.170862
5476.975040
5369.927080
5496.797982
5603.733822
5488.428841
5593.519382
5551.463799
5548.997196
5762.064921
5688.920400
5697.389553
5916.460690
6051.946897
5954.263959
6125.457561
6265.591732
6119.055393
6037.567946
6050.919937
6064.783625
6031.443288
6012.847951
6001.224913
5913.693392
5850.885646
5855.179725
6015.698461
6013.849270
6051.433989
6233.126643
6259.825926
6420.655764
6461.889306
6557.951164
6592.938112
6697.730124
6420.005097
6433.403509
6335.254981
6157.921778
6005.578643
6157.921777
6024.503986
5961.829174
6158.007950
6456.661035
6393.690963
6633.575021
7028.487918
7122.475782
7088.862269
7277.319246
7337.864459
7106.373721
7021.064812
7029.011215
6889.185778
6715.045178
6852.563855
6967.600577
7078.600835
7101.246617
7308.858482
7190.169276
7184.560943
7023.125978
7209.166252
7207.692720
7376.283506
7186.384360
7037.802823
6983.503504
7001.531910
6801.174901
7106.093794
7335.398908
7606.947064
7568.784656
7823.094125
7967.425700
8098.519422
7795.931762
7941.529439
8121.217725
8028.161346
8087.410040
8222.936995
8141.207182
7890.874988
7897.237575
8022.096751
8070.779327
8208.789993
8377.124069
8497.404100
8398.861001
8509.531662
8803.361866
9020.370278
9148.091286
9158.449177
9271.111557
9298.839425
9503.172914
9694.740490
10050.025265
10498.684988
10530.700391
10770.874082
11015.697154
11148.896069
11278.332161
11572.485138
11536.890926
11533.102646
12064.776360
12428.230885
13118.822980
13616.148200
14131.725722
14143.592894
14255.075711
14225.572235
14469.782957
14737.152124
15399.187175
16044.259804
16189.033441
16458.515253
16947.320029
17468.724981
18124.718108
19794.254046
22531.882478
25593.670695
27439.617341
28377.273439
28770.916339
27584.766907
26028.970267
24627.970954
24141.209146
23333.402336
22398.059351
21238.927132
20898.890342
20428.932898
20023.541322
20128.149337
19952.614135
19767.132557
19244.753851
19450.593024
19463.650737
19851.857586
20002.426481
20336.508465
20284.194027
19893.754916
19905.842396
20071.292141
19937.400246
19808.711112
20200.641867
20006.799845
20005.005481
20112.928056
20034.762687
20099.077553
20040.158010
19781.179475
19808.833508
19677.709437
19641.953910
19803.249934
19992.394452
19915.556084
20385.924978
20244.169701
20296.127360
20361.143277
20563.216962
20466.284802
20706.712298
20666.666646
20516.564602
20233.392129
20006.236536
20060.438214
20020.994315
19999.820411
20298.489788
20460.858020
20292.361984
20290.073486
20653.559752
20825.053779
21095.685497
21259.819241
21397.038390
21223.499295
20828.637585
20496.379816
20406.626546
20256.075067
20200.276304
20262.307312
20219.618622
20323.622817
20277.971816
20060.696779
20044.560729
20284.063468
20189.956410
20423.654771
20843.910216
21089.719328
20872.843165
20730.701013
20429.663579
19949.949230
19661.411503
19618.753020
19639.376872
19641.623194
19750.288547
19745.924403
19714.362026
19461.623981
19350.917133
19587.660511
19526.820656
19451.362801
19284.231408
19233.797249
18835.548800
18963.681667
18903.876315
18973.355489
19152.643994
19050.119433
18867.006452
18636.016490
18744.668742
18458.312134
18276.850801
18149.490623
18312.146902
18312.146902
18391.058158
18620.831409
18554.444684
18550.230168
18188.448350
17741.363482
17430.887667
17125.734253
16770.539999
16643.507093
16659.662958
16591.138909
16476.095948
16274.090633
15994.705417
15817.841846
15567.137810
15355.682151
14960.281865
14895.209235
14556.885084
14168.911181
13713.738216
13541.781214
13272.419781
12931.280609
12822.835745
12944.499315
12826.406013
12653.495282
12820.537479
12855.913727
12981.212522
13023.944587
13092.636954
13126.514673
13168.031255
13228.792578
13368.328140
13418.908495
13427.291629
13245.443840
12975.842498
12921.994078
12934.665511
12836.401531
13065.796730
13018.274127
12830.243742
12439.653901
12216.335667
11395.594587
10796.269721
10354.718811
9849.567636
8958.189020
8243.582504
7414.969699
6333.281359
5556.626625
5042.945710
4997.131878
4785.966192
4829.000948
4835.433491
4829.000948
4584.425591
4576.299007
4440.649203
4279.453471
4369.865679
4511.606884
4526.167454
4559.833769
4553.983175
4401.476071
4100.700472
4004.566392
3936.639339
3949.045827
3890.687230
3884.632860
3845.264509
3835.882378
3854.434578
3756.554966
3752.140851
3666.550343
3617.013858
3479.203558
3614.600053
3647.809998
3675.278299
3784.125411
3875.856579
4032.772439
4193.389627
4483.405582
4501.517059
4654.076193
4595.406844
4656.245037
4635.430716
4840.948388
4822.155283
4941.659868
4910.461198
4941.659868
4995.663864
5039.492337
4811.715115
4732.777097
4703.469197
4615.095353
4673.562861
4751.046925
4678.288230
4598.679587
4600.577787
4487.960039
4678.459902
4949.574673
5016.299166
4966.202547
4989.449857
4763.891953
4630.469870
4624.089453
4603.784490
4630.855414
4649.728206
4653.789838
4635.177957
4664.016034
4637.197774
4670.486050
4727.041629
4827.181236
4811.320580
4870.051282
4798.784682
4792.587505
4915.715149
5203.133625
5146.646911
5319.939155
5242.841132
5038.579970
4710.470849
4728.843653
4599.526925
4639.158745
4770.886805
4743.320010
4687.168103
4747.706784
4839.682478
4718.608645
4752.306184
4798.261199
4760.826691
4589.568011
4543.757312
4674.417649
4781.501542
4895.902976
5167.799717
5397.697429
5322.938013
5168.193314
5243.268704
5120.070298
4909.695555
4845.955181
4958.948665
4839.682478
4779.174953
4707.754615
4705.867117
4711.785645
4707.584947
4687.043878
4895.594001
5110.834826
5133.719466
5165.232565
5131.763539
5016.659140
4892.272588
4691.624431
4821.503860
4836.098518
4723.096377
4680.038100
4895.144180
4943.059139
5076.930310
5268.983600
5217.082719
5455.421796
5474.086697
5384.140419
5285.984016
5317.409011
5054.455521
4933.236763
4787.134277
4766.443065
4872.614088
4883.108862
4784.997396
4826.730789
4883.108862
4905.571384
4786.642010
4690.563100
4836.878916
4866.237720
4682.676843
4810.265762
4908.645476
4937.462092
5108.874288
5240.303311
5254.504706
5244.015958
5279.743041
5018.912916
5102.756375
5135.761220
5298.485679
5156.517037
5148.484879
4953.750729
4884.640823
4600.735917
4617.349669
4763.741223
4888.218537
4919.580281
5107.215217
5245.074919
5307.968497
5452.510842
5477.576295
5517.504237
5487.948865
5484.061860
5183.342690
5141.137547
5201.951250
5154.193476
5168.467459
5191.436343
5247.774911
5260.068139
5199.390871
5069.806244
5407.140569
5513.565239
5440.516705
5386.356969
5442.590102
5196.106118
5016.414422
5068.897618
5319.307615
5321.243227
5565.974586
5760.026108
5609.397360
5636.800571
5498.875500
5333.813179
5168.610163
5116.179617
4928.126373
5264.556245
5427.166460
5490.130034
5605.126403
5596.854166
5400.417222
5181.095793
5233.596908
5469.220213
5511.170380
5619.480794
5845.632247
5954.400405
5753.964975
5908.474250
5870.851088
5809.819298
5740.859312
5747.081308
5755.176574
5939.573930
6025.182515
6012.847951
6042.071796
6085.600129
6051.946898
6151.464332
6099.836555
6189.560036
6208.183066
6228.737105
6267.414339
6342.670224
6279.732509
6269.406641
6357.073943
6023.119167
6257.095493
6484.436328
6454.895679
6410.919741
6940.338589
6975.542492
6807.065490
6750.219936
6727.586562
6365.143199
6175.660265
6375.590332
6637.054383
6697.625415
6717.495540
6749.502610
6715.589451
6487.837817
6398.674123
6391.528231
6389.769458
6354.410192
6399.842762
6457.969031
6628.051671
6734.489405
6828.766977
6993.717847
7107.980364
7058.391995
6912.104823
6952.718272
7079.511929
6959.739110
6962.996780
7114.447985
7023.125973
6952.825195
7117.643147
7336.311736
7635.493071
7616.370371
7612.336439
7670.870323
7727.444522
7547.425990
7685.520662
7727.444521
7520.997196
7642.916048
7753.508516
7839.682706
7805.874575
7842.964099
7667.107062
7579.140658
7501.995133
7708.491052
8017.628478
8180.493569
8448.081210
8681.749467
8688.314446
8608.607207
8656.506185
8695.641279
8802.169854
9013.674382
9455.593090
9589.008683
9631.385892
9813.104624
10076.607561
9917.504090
10143.482785
10375.414906
10705.129661
10748.428385
11152.151677
11199.326981
11326.756909
11414.828877
11503.286418
11933.005380
12149.482378
12262.461822
12323.566510
12663.335613
12700.995038
13019.721963
13508.617144
14274.819704
14738.261367
15049.792702
15335.335391
15781.889478
15846.278272
16242.950700
16855.421958
17488.696659
18221.890424
19379.092321
20897.046625
23198.067043
25197.843165
25909.853892
25598.906455
25292.731982
23629.743757
22491.686361
22142.900611
22420.845955
22266.242686
22531.334787
22689.769411
22591.841881
22712.722542
22750.280657
22758.610158
22552.622710
22786.655922
22239.682175
22567.290476
22982.808386
22885.700634
22515.863012
22839.480268
22165.213196
22077.799136
22458.307725
22741.724663
22992.420834
23418.507281
22812.732176
22168.189418
22067.428482
22049.132288
21865.073459
21373.781537
21412.715965
21193.370962
20899.275980
20638.074034
20944.883859
20788.684487
20816.191869
20736.548075
20730.536948
20944.077547
21135.295263
21674.827392
22083.892433
22572.547440
22735.534007
23092.676013
22796.239779
22535.302674
22198.904398
22325.975786
22471.005677
22665.489618
22602.863458
22849.699359
22811.723683
22831.936930
22946.737101
23439.718714
23514.719540
23128.284836
23225.715278
23063.171714
23075.553655
22916.526010
23113.160200
22685.385329
22850.676352
22541.390330
22530.996814
22560.609275
22992.420850
22935.819321
22712.509981
22140.434336
22061.193079
21520.877018
20901.884238
21044.130505
21735.609582
21821.168385
22070.119687
22656.663303
22873.962895
22623.580953
22445.908482
22212.383321
21928.821742
21419.529024
21391.926481
21640.623062
21925.435022
22124.024055
22090.747841
21950.518751
21896.481721
21968.457530
21914.505752
22239.965321
22560.149553
22726.432536
22935.126148
23356.497759
23669.872515
23667.879045
23609.213992
23127.423775
22693.218548
22492.257182
22459.201279
22183.787698
22150.096566
22264.661440
22312.413432
22396.283191
22575.710182
22916.834011
22700.222020
22205.330082
21666.354915
21455.318402
21103.106026
21052.512842
21624.925696
22109.079761
22432.544812
22672.681921
23135.814392
23248.883756
23278.514768
23050.353334
22803.782520
22254.516291
21906.225096
22164.951503
22405.320669
22258.124106
22132.928592
21926.101833
21514.509584
21280.414562
21305.820003
21450.134240
21679.118517
21808.897190
21769.049547
21674.622615
21525.863263
21189.458602
20707.421714
20408.737647
20200.499932
20047.692052
20323.568210
20725.079217
21010.881221
21714.516471
21841.669541
21599.716354
21572.277079
21563.574782
21206.760329
21582.896478
22054.428738
22085.460546
22141.846742
22669.269248
22615.040373
22491.686361
22441.532501
22293.169445
21792.977557
21711.782648
21325.910913
21423.723027
21822.787691
21897.249710
21884.179024
22045.575386
21838.854704
21589.800094
21475.117498
21495.898896
21521.295248
21311.914507
21015.282947
21011.002807
20871.215412
20643.145475
20739.261613
20937.775108
21091.439209
21108.913138
21521.915611
21722.321026
21834.939865
21697.229220
21714.059626
21384.233060
21578.529833
21500.863698
21557.076954
21772.616058
22119.085673
22058.513205
22353.141757
22703.472416
22660.042530
22668.374552
22356.938389
21817.883606
21503.958841
21240.952847
20766.642045
20587.458959
20467.609538
20174.430197
20082.163459
19988.470459
20019.469599
20241.039582
20355.564819
20550.181722
20962.203766
20860.005396
20798.802468
21040.739513
21230.474322
20946.646980
21124.867147
21320.570312
20868.309460
20304.510765
20362.804980
20494.553944
20638.410851
20772.006509
21173.286320
21294.154902
21388.042451
20943.959225
20841.060664
20670.719067
20248.228544
19976.791098
20275.512522
20427.712064
20283.409227
20435.618893
20466.607612
20212.013093
20234.822945
20224.031652
20106.956410
19950.828605
19714.538083
19495.245848
19541.120007
19549.615949
19455.366386
19296.560450
19323.977365
19091.705028
19150.614676
19209.265548
19295.069127
19448.965451
19068.791942
18539.757988
18030.212176
17709.242243
17012.160990
17010.904555
17105.816163
17131.371025
17263.223691
17815.228939
18518.799849
19573.208579
21237.502799
22260.516587
22926.134678
23254.214075
23339.283740
22811.168707
22671.348607
22406.383753
22253.924715
21828.229346
21193.231962
20658.628314
20464.355543
19973.263530
19655.344562
19580.776082
19505.302269
18842.849414
18636.016498
18519.071456
18269.667289
18362.395927
18631.351619
19113.875708
19259.822566
19389.928881
19053.645605
18777.596121
18048.170984
17630.354068
16952.345681
16605.192415
15843.739484
15319.011573
14612.901232
14556.852561
14083.139746
14089.695249
14038.871831
14121.040831
13904.250242
14381.781342
14727.851310
14972.220903
15475.669969
16237.858476
16636.706092
17480.242428
18712.373112
19729.588099
20424.707944
21028.379421
21148.393305
20991.703722
20724.985686
20774.631759
20630.575008
20390.606526
20190.203027
19858.247361
19309.500834
19060.265499
18766.665123
18208.825964
17557.318139
16928.264888
16016.069051
15464.060098
15273.966571
15065.053935
14625.144796
14133.621884
13645.665351
12951.833782
12256.120586
11762.000544
11467.278057
11021.797065
10674.494158
10346.938662
10130.147042
9896.318963
9764.381011
9543.441372
9600.006426
9327.845788
9006.651554
8868.630909
8615.982178
8175.190137
7989.862072
7818.291809
7547.009710
7423.305097
7306.839920
7225.121255
7271.158204
7314.243540
7363.806658
7430.678931
7533.275456
7533.275456
7607.590885
7430.394065
7313.890814
7263.403494
7142.311440
6855.282107
6813.110387
6827.848423
6836.211830
6838.362614
6953.731559
7168.957598
7021.015873
6813.667153
6940.839402
6982.167115
6728.900245
6975.281605
7105.459200
7021.391191
6896.797050
7139.533195
6865.730833
6867.666765
6957.909029
6860.398630
6551.373961
6715.991371
6537.089126
6361.379991
6436.276348
6701.159473
6730.288518
6924.468598
7165.437565
7146.519190
7000.474218
6958.600777
7188.283816
7231.802363
7325.161279
7277.319246
7306.519846
6993.501171
6677.311345
6539.594872
6621.440833
6708.922375
6704.650648
6794.934136
6866.712896
7013.061834
6910.910238
6887.197915
6894.061413
6894.061413
7013.061834
7088.250042
7133.955572
7075.418135
7199.694763
7072.717545
7210.010730
7239.568358
7333.900762
7356.108559
7379.656850
7124.231201
7128.892812
7130.797166
6987.486794
6877.650044
7161.292838
7228.656489
7165.866946
7344.787776
7437.053374
7123.137424
7054.430291
7021.114850
7008.965357
6967.699149
6997.026352
7059.532538
7045.054936
6920.490793
6953.962972
6807.965654
6790.483556
7039.992116
7188.752309
6994.559013
7287.024610
7355.913375
7397.138084
7463.720023
7785.219781
7793.140451
7812.061316
7701.556557
7581.621776
7456.632488
7562.569966
7712.804331
7771.214087
7792.442153
7913.144782
8006.977939
7804.951093
7812.875765
7998.263090
7957.947222
7942.268186
8065.532646
8165.577837
8405.394959
8541.011793
8478.317857
8511.541275
8563.883434
8360.762675
8605.140616
8794.503595
8970.260122
9308.661754
9600.369659
9491.613631
9610.817999
9771.774848
9767.457201
9771.972630
9991.010789
9942.616884
9849.366856
9840.778335
9820.392391
9813.501828
9962.186585
10254.651439
10360.650318
10628.514552
10688.763384
10876.720878
11098.518854
11254.557548
11367.417328
11361.302779
11811.011876
11875.478700
12207.634617
12352.090754
12846.550053
12886.768947
13268.497914
13648.664118
14042.505934
14366.410074
14809.382687
15176.817095
15673.535630
16187.469723
16782.589764
17229.257432
17790.473814
18227.510385
18820.550721
19273.468578
19991.461733
20653.559768
22119.496679
23847.770212
25782.040670
26677.578574
27189.424222
26902.803128
25916.568292
24204.161224
23034.619220
22162.274316
21013.796382
20441.110117
19979.350695
19739.305836
19510.082666
19480.059159
19317.866497
19654.285895
19854.073668
19900.205255
19902.528129
19922.755040
19962.528692
19835.084677
19771.843061
19832.945712
19649.314111
18932.928215
18870.442845
18699.661056
18254.717878
18044.332882
18096.526279
17919.264251
17893.749216
18066.992876
17913.830795
17597.613887
17331.498907
17121.696452
16754.420389
16741.247741
16991.393139
17091.680719
16784.479087
16552.940574
16387.870035
16106.382306
15756.944933
15611.146138
15419.198510
15024.373975
14809.663937
14388.060713
13830.233742
13329.905044
12385.595764
11274.570628
10329.584934
9249.342012
7973.005339
7149.998489
6329.154894
5512.720420
5019.879524
4802.764061
4653.510541
4688.697289
4778.877094
4950.117074
4916.436608
4731.190600
4660.151220
4603.784492
4580.562236
4639.158747
4974.155477
5199.390876
5316.343354
5364.775883
5406.269128
5179.982990
5167.664690
5054.589252
4946.270596
5048.527075
5125.391724
4923.077432
4881.095770
4935.693320
4720.414613
4613.952900
4557.325857
4586.920648
4461.620401
4384.309040
4293.926241
4251.842368
4139.022696
4037.022512
3995.195968
4008.667861
4100.569742
3990.091033
3991.810542
3983.729158
3976.588015
3847.693047
3878.741904
3899.626556
3985.338196
4027.952289
4088.700155
4174.623528
4224.222614
4023.912076
3806.457949
3744.040435
3658.588902
3758.841070
3986.250392
4153.709628
4191.296726
4247.465363
4147.749711
4160.227022
4182.595785
4259.834452
4389.213502
4405.897054
4349.671949
4356.708736
4235.351506
4143.632255
4007.675637
3851.039352
3674.874497
3601.685217
3620.379293
3781.294816
3914.877986
4037.124403
3993.338535
4032.952416
3909.871502
3924.239613
3920.127117
4061.275869
4034.540575
4193.389625
4107.610924
4216.395129
4481.592855
4600.420897
4537.892050
4661.112266
4787.645153
4687.431771
4595.406841
4650.043909
4580.856112
4316.447904
4216.242245
4176.350785
4128.215877
4295.431264
4481.037729
4637.580778
4729.330964
4729.330964
4821.503860
4866.662052
4803.939121
4975.372937
5108.874288
5089.972787
4937.994765
5032.278218
4844.573157
4625.147337
4500.020708
4552.147138
4572.930274
4568.445912
4683.427634
4614.579463
4707.134893
4598.981601
4517.056428
4553.075068
4659.416546
4500.960809
4411.267351
4515.708710
4494.736190
4499.088291
4539.442426
4679.585514
4715.127733
4704.831514
4750.638696
5026.794204
4838.689470
4721.414946
4688.017665
4504.543697
4257.713658
4387.145553
4516.610376
4646.236595
4811.184206
4788.588301
4663.135765
4644.616139
4686.588903
4725.895446
4764.331226
4868.761771
4891.900075
4850.032957
4893.715424
5128.907513
5229.158176
5281.311652
5254.383816
5131.425863
4921.003992
4801.837213
4728.695573
4772.430689
4946.148775
5052.513928
5194.142689
5242.373914
5334.196022
5198.279269
5101.393242
4890.342937
4900.677029
4639.579071
4691.624433
4696.172079
4656.692912
4642.140468
4782.271989
4556.495222
4517.802465
4772.524043
4962.808975
5090.149016
5254.890905
5490.260345
5584.777520
5410.629919
5342.276353
5290.069653
5213.072437
5208.931872
5265.090812
5169.053622
5211.089782
5292.282010
5194.142689
5261.219199
5378.528676
5691.625420
5565.007031
5418.252014
5073.875024
5153.596939
5222.276876
5224.419268
5349.529720
5587.302352
5585.692885
5270.263030
5275.042469
5487.686688
5452.199972
5393.949047
5470.728289
5554.794290
5337.827960
5364.991292
5315.246073
5425.544171
5386.958367
5547.813165
5733.393351
6009.406606
6009.406606
5963.433711
5944.707860
6014.151450
6005.709751
5953.718912
6208.846596
6238.211383
5889.796658
5722.893135
5816.658849
5866.401016
6109.108595
6507.811443
6609.496156
6470.346027
6308.780826
5950.199311
5843.793984
5824.666150
5803.691521
5865.236113
5873.135035
5900.434035
6198.695661
6410.152240
6204.277540
6258.523070
6183.086789
5880.489872
5934.453249
6160.798621
6329.942899
6467.693147
6530.655956
6650.254336
6627.154604
6529.404272
6497.210234
6514.292796
6305.049930
6312.812724
6416.366281
6471.038518
6320.330633
6249.652705
6143.362514
6070.120506
5999.111862
6354.573329
6379.318462
6485.551843
6587.879333
6577.644815
6547.904907
6859.838920
6974.717805
7133.432744
7601.180577
7659.095354
7538.380175
7667.412184
7584.485523
7280.706569
7118.465540
7229.108839
7168.133667
7284.936187
7169.689582
7537.929368
7651.822541
7810.841075
7982.346836
8071.408092
7971.443187
7881.560274
7805.236354
7650.517179
7819.338590
7650.517178
7543.854350
7641.748729
7946.312655
7967.115150
8318.190459
8462.185006
8478.099433
8279.210952
8473.377321
8500.770017
8786.489772
8848.045390
8824.774753
8800.061420
8699.194499
8716.798238
9076.314789
9205.665542
9407.903311
9729.102589
9994.852581
9926.755513
10096.105059
10058.163133
10104.168045
10214.576512
10602.051537
10984.254299
11470.846716
11823.423004
11933.839551
12043.078570
12266.268657
12512.293188
12963.340177
13508.617144
13904.473185
14212.119609
14562.121841
14439.261487
14612.793016
14756.968719
15171.169140
15561.841719
16279.565044
16871.208429
17848.130070
18860.458342
19778.400239
20792.679189
22041.696375
22779.043692
23534.983386
24879.962674
27072.319129
28745.160767
30597.634655
32166.303916
32828.292100
32147.509270
31777.881726
31705.487615
30646.723953
30074.945607
29652.697326
29276.804900
28074.919785
28031.491914
27254.816892
27238.473090
27185.492438
27411.924060
27309.808548
27435.523103
27141.253146
26756.529804
26290.183352
25980.800411
25937.519231
25471.505429
25148.432709
24980.477541
25248.320258
25047.300074
25051.325167
24786.756810
24600.836332
24164.166456
24306.374931
24178.958617
24106.448936
24289.206245
24036.817425
23529.080845
23261.920375
22881.613807
22671.525139
22838.124160
23082.909839
23494.374698
23968.256693
23866.283950
23874.747905
24023.490599
24156.441170
24432.719265
24895.885138
24822.887350
24721.083350
24881.516649
24862.290208
25113.880042
25624.997665
25838.728618
26014.037180
26360.196148
26474.024843
26508.810200
26805.671701
26974.811846
26719.829556
26645.215485
27102.307507
27318.211655
27125.589053
27089.927445
26902.727890
26544.981065
26100.780084
26164.841893
26359.618149
26495.308398
26292.890675
26296.401423
26192.468130
26025.367132
25927.658736
25946.943782
25854.913305
25587.354848
25267.945045
24935.328923
24885.667616
25021.308575
25209.329904
25328.061247
25233.142513
24514.224610
23861.389970
23234.605344
22639.760981
22551.429605
22783.237177
23093.761112
23232.306993
23919.031139
24208.290452
24801.771799
25190.555177
25701.919161
25962.506453
25999.474879
25589.538730
25466.653009
25368.425508
25046.834598
25202.764023
25434.984115
25328.061247
25305.038064
25672.873363
25410.886203
25316.339074
25512.638594
25412.578137
24733.740748
24403.897538
24152.883848
23744.005987
23428.205984
23296.639377
23484.550937
23536.296043
23730.811006
24151.121833
24367.618528
24526.137447
24231.855914
23930.885746
23496.669839
23333.497928
22912.899073
23058.849377
23535.234908
23961.334686
24195.114402
24740.353037
25049.922279
25279.167945
25328.777334
25396.201960
25377.686098
25668.490984
25604.091388
25241.835266
24918.251386
24526.649427
23804.578347
23205.098476
22925.675397
22969.515762
23159.068728
23378.380366
23472.577440
23658.343033
23687.543147
23685.455307
23800.138456
23518.618303
23351.239040
23265.761137
23091.731773
22821.999349
23127.082926
23292.336000
23409.080685
23365.907657
23217.728675
23054.542855
23098.576604
22902.428495
23010.723857
23286.400830
23153.270030
23075.653637
23167.591672
23076.783999
23259.063736
23304.556683
23235.519620
23114.643516
23022.284690
22666.695062
22880.209521
23029.847365
23003.043111
22688.611127
22193.930002
21988.663988
21892.801855
21868.034525
22189.408421
22665.374192
22352.358367
21949.020631
21811.340082
21584.235806
21421.947394
21551.406051
21821.168404
21911.017887
22259.143017
22075.163082
22202.814972
22112.827303
22328.105857
22074.503407
22362.844446
22004.091475
21741.046471
21287.248494
20721.446107
20210.435915
20009.440909
19738.613601
19629.590257
19853.528159
19882.821600
20072.575862
20415.376298
20421.547752
20456.186214
20535.147357
20399.484622
20248.449512
20104.282386
20217.572102
20355.376012
20702.024627
20886.176681
21026.054340
20899.419086
20888.856331
20884.925916
21039.415903
21523.666891
21620.611644
21402.109395
20831.453181
20309.476756
19704.125535
19409.931621
19150.824765
19229.817401
18750.050731
18242.029277
18215.433731
18628.803842
18994.130899
19629.220797
21356.438840
22311.331590
22657.357579
22555.423424
22749.222771
21891.327452
21243.674180
20817.969814
20949.814920
20644.488632
20176.764957
19814.542546
19606.083644
19152.740264
19100.728518
19301.076837
19321.573859
19173.185943
18983.168597
18751.267198
18390.349600
18089.846390
18022.087192
17264.227186
16520.585175
15557.884673
14737.201364
13669.344099
13554.987146
13298.741732
13373.449600
13412.244791
13554.435891
13610.168462
13725.685678
13616.329928
13571.836732
13477.300507
13232.818203
13230.899053
13299.857202
13344.896738
13639.104195
13795.966244
13904.473185
13850.482236
13879.490108
13482.896437
13468.438375
13379.015299
13646.034426
13616.329928
13915.449397
14148.841047
14405.514977
14399.842474
14650.760095
14834.803251
14976.961042
14945.391876
14989.062446
15004.762986
14996.311052
15224.151122
15489.560597
15879.676913
16246.537185
16607.848025
16764.600234
17303.135059
17709.560403
18390.918680
19295.394349
20335.903462
21412.883019
22518.052453
22941.002016
23080.533097
22630.021606
21906.831750
21099.093876
20811.507636
20224.402396
20195.507535
20005.635346
19799.182922
19540.998426
19574.231565
19355.249611
18891.029767
18427.522421
17879.829157
17337.507553
16855.273743
16428.556267
15844.486825
15548.188453
14589.731976
12807.755429
11074.325635
9369.047942
7307.684292
5843.957772
5175.369911
4711.679823
4551.028588
4446.879139
4242.199993
4127.381941
4098.554568
4002.361634
3839.663014
4223.528298
4446.879139
4549.326438
4601.406229
4710.470849
4568.014049
4528.357971
4440.793037
4353.051763
4441.259062
4447.295843
4361.841412
4407.654079
4420.453666
4372.895389
4533.693469
4654.724637
4840.466185
5091.288431
5179.511597
5052.352263
5170.985934
5041.818939
4807.917025
4624.555573
4405.144592
4229.866776
4215.331396
4261.231715
4426.157289
4683.042167
4707.941208
4724.943161
4827.181238
4863.487632
4796.903298
4811.184206
4735.929643
4856.974026
4875.324269
5011.091466
5052.955608
5182.484130
4898.610082
4907.237268
4867.380070
4782.271987
4610.982468
4583.594874
4377.859562
4271.286520
4189.878381
4202.441173
4237.690050
4264.811215
4392.526134
4643.018484
4893.335348
4960.417316
5172.957365
5073.016284
4895.144180
4669.652901
4809.763287
4886.728109
4797.057868
4673.562861
4761.140330
4706.850183
4516.749252
4535.762175
4754.826653
4705.165733
4615.095350
4556.338864
4754.508170
4794.223251
4823.429112
4959.511063
5063.467225
4923.655552
4862.950143
4994.320833
4936.324142
4954.040030
4841.138007
4826.730787
4793.261219
4874.899347
4682.297206
4705.597745
4624.089454
4584.147137
4684.918381
4854.388167
4936.019992
5020.943472
5084.234130
4927.142689
4856.974028
4946.913863
5019.985708
4856.974028
4734.134183
4679.695302
4635.829560
4773.028222
4779.817061
4858.976937
5058.611920
5037.916067
4837.037040
4884.834451
4741.063906
4584.571594
4349.018958
4394.862672
4520.221621
4635.177958
4618.939841
4742.299948
4516.610376
4272.323513
4316.447903
4221.323546
4258.765508
4488.642411
4731.000794
4680.427020
4673.794327
4538.187084
4492.182248
4341.616667
4156.276466
4379.781604
4442.673213
4313.060801
4330.058526
4547.047384
4494.991660
4735.123735
4785.304096
4649.728207
4501.239802
4388.034440
4294.432957
4338.325127
4304.625147
4375.747923
4242.016799
4100.318008
4210.749647
4219.437465
4233.998107
4589.191874
4699.725193
4593.217347
4576.427889
4649.728206
4662.990673
4681.683162
4763.412733
4842.785120
4748.676695
4554.291979
4433.205818
4345.540397
4376.901712
4522.899280
4629.264887
4700.181471
4723.096377
5017.519296
5072.032989
5060.340709
4997.775535
4941.748131
4760.346220
4868.277673
5013.174187
5096.680091
5151.002323
5069.530664
4827.343073
4752.542343
4969.954442
5130.747921
5103.673199
5149.547354
5255.546587
5103.538259
4902.905837
4873.842017
4727.602152
4476.618443
4468.199505
4466.054277
4612.241555
4789.711652
4821.503859
4735.595537
4790.046446
4923.791730
4834.109405
4790.829472
4688.343552
4657.098546
4653.228698
4745.000287
4916.803631
5132.049812
5297.118970
5163.466450
5132.049811
4926.177255
5028.597079
4855.340610
4840.328673
4922.172734
4892.400521
4673.318934
4652.635446
4604.398840
4566.665761
4745.528430
4969.131823
5093.831727
5209.062052
5121.270534
4981.024162
4790.989363
4673.910847
4513.155552
4663.428010
4851.468503
4755.116913
4822.035754
5073.016284
5168.755978
5110.283673
5323.183398
5469.220213
5421.715625
5312.388374
5294.611618
5338.338605
5144.136959
4941.748130
4862.286776
4891.771134
4703.844402
4914.388530
5108.874291
5225.522099
5173.477625
5077.429821
5081.689679
5182.301115
5046.264978
5098.658123
5223.651998
5119.375884
5056.530212
5073.477092
5134.451336
5163.927546
5069.530664
4950.739607
5073.875026
5093.831727
5135.917275
5169.204249
5278.201253
5213.217721
5276.766846
5619.053364
5579.564228
5792.663672
6001.131392
5994.645140
5674.977921
5958.640290
5948.668835
5760.454803
5871.452336
6144.571121
6176.248388
6025.642118
5998.822480
5824.521153
5659.953007
5513.378098
5400.617587
5534.493604
5502.608598
5467.139850
5707.387939
5866.080191
5684.160491
5657.046678
5500.521933
5195.731844
5045.253844
5084.919675
5286.304872
5465.871202
5764.683787
6117.853708
6186.575185
6158.789983
6125.693108
5824.964890
5603.851037
5806.202024
5656.937070
5700.941564
5782.358593
5750.803554
5677.918958
5732.019600
5882.601629
5955.719505
5855.302456
5845.002917
5808.825981
5802.640318
6059.498820
6303.722154
6437.233357
6625.075769
6764.887617
6628.932233
6608.552222
6797.958672
6936.407544
6945.067400
6994.741988
7078.720921
6763.149484
6672.136865
6340.400461
6203.054905
6150.677723
6081.617081
6036.681072
6246.859475
6382.950512
6489.683949
6727.697096
6729.708331
6782.282233
6719.741589
6679.883237
6830.071615
7085.929940
7062.718849
7221.314854
7394.558710
7431.719334
7371.274960
7446.445867
7471.359705
7458.582188
7354.769353
7521.713230
7407.335167
7334.068056
7238.035888
7254.829111
7021.495731
7128.333749
7130.459378
7063.144011
7149.423519
7284.936187
7333.562538
7585.129809
7781.475694
7909.626585
7868.267810
7877.286612
8035.355726
8041.618146
7953.961017
8291.123834
8554.692841
8415.739834
8595.953251
8725.549936
8578.203092
8562.105250
8599.131212
8576.877583
8657.758898
8642.356479
8680.042312
8800.488742
8920.046333
8842.733116
9014.347692
9407.255612
9666.422691
9906.411520
10331.904369
10689.092796
10837.630787
10938.114981
11223.878526
10988.302991
10972.426449
11045.514643
11384.099481
11688.633522
12127.430318
12317.388188
12595.224482
12738.985824
12822.766077
13215.232552
13783.649250
14305.384323
14664.335913
15244.879206
15810.222586
16461.971063
17155.353042
17972.160949
18664.037262
19649.038915
20323.385364
20778.383609
21674.727350
22979.525706
24612.552155
26517.058911
28699.740421
30374.550005
31291.309875
30840.238951
30442.071406
29688.198274
29395.837507
28518.544407
28115.714953
27184.152398
26302.382067
24658.571669
23662.707632
22489.399186
22179.508105
21911.935991
22168.710832
22469.375412
23227.370174
23510.231720
22971.472216
22662.297111
22698.035663
22804.363494
22856.725740
23745.871391
24107.492859
23915.500544
23549.829778
23518.525571
23058.603910
22511.431544
22279.485481
22110.494053
21545.092025
21119.271592
21079.479333
21319.606009
21461.843399
21646.892206
21906.225096
21958.039372
21600.733579
21254.280503
21213.695453
21236.759346
21109.603257
21462.499633
21721.865001
21716.436307
21583.216800
21946.361676
21898.065301
21833.858378
21921.858332
22348.007859
22510.869547
22600.721224
23047.661581
22744.167261
22560.857302
22794.444070
22802.689743
22930.650145
23321.290501
23916.552247
23847.655435
23993.956591
23753.872215
24054.548451
23699.898779
23681.072158
23518.428368
24025.506446
23898.143625
24094.891338
24053.480678
24153.396914
23909.002645
23995.220455
24059.665317
24276.920065
24767.698234
24930.696710
24980.373300
24565.127718
24441.709071
24500.348244
24420.950198
24400.115573
24648.659859
24469.334267
24012.191153
23885.188991
23687.796321
23548.058364
23913.905447
24092.973759
24145.052491
24486.865571
24472.013752
24526.299963
25090.421885
25165.447608
24984.738599
25437.255213
25084.490793
24084.829816
23677.116861
23646.075506
23307.566180
23077.302806
23232.307029
23543.465779
23825.758582
24410.594459
24751.471988
24799.277290
24486.424631
24302.605916
23966.307951
24130.763602
24405.137717
25163.212195
25260.058546
25310.582237
24982.443581
24951.326362
24427.078481
24146.364687
23744.005956
23630.730981
23058.483604
22791.201103
22779.978817
22876.079043
23184.830609
23746.454968
24152.197496
24315.455027
24753.137316
25068.918639
25401.215515
25538.408642
25495.843754
24856.398706
24246.751977
23597.290290
23123.230447
22973.969581
23028.462908
23368.563007
23803.122983
24078.662744
24399.735743
24498.235732
24466.971573
24050.887202
24174.202963
23902.799114
24174.202963
24005.167071
24195.293769
24053.480678
24170.853064
24221.067818
24070.563085
23782.464647
23429.387670
23223.888858
22665.983615
22557.155839
22511.431532
22530.660306
22208.781524
22127.485448
22368.012363
22428.075925
22752.211180
23177.289900
23482.516901
23068.760498
22970.889805
22680.070486
22685.022125
22695.499724
23010.644125
23146.054346
22935.598949
22295.636497
22259.760459
22078.106071
22266.103513
22620.774340
23428.684983
23518.709679
23907.242450
23451.952518
23288.900024
23016.938760
22829.506311
22683.485776
22794.003866
22520.055290
22126.755220
21911.626006
21882.622623
21997.133863
22314.683142
22660.834279
22610.564164
22424.761390
22489.606980
22581.369877
22732.767888
23158.752599
24015.136494
24201.017836
24509.989843
24621.545280
24575.201673
23754.311683
23315.886071
22745.630555
22698.167340
22718.726965
22740.379802
23172.207743
23311.949312
22995.198866
22786.534750
22596.407398
22258.315401
22147.256319
22230.991975
22103.780598
22341.943032
22544.007188
22851.419863
23263.091779
23255.176668
23102.731450
22791.201103
22403.191521
21962.237323
22141.200251
22101.627518
22337.825758
22838.348381
22809.451768
22880.621661
22767.709329
22230.669447
21815.659987
21907.555782
21797.859565
22225.619119
22803.782520
23161.151320
23251.374922
23274.259479
23055.058796
22700.408417
22272.597413
22054.874458
22172.416304
22416.195840
22948.585156
23262.096547
23366.053306
23480.896270
23418.507281
23285.046476
23422.607278
23361.211031
22866.317060
22482.084262
22285.742302
22055.892099
21562.993941
21402.406644
21084.599154
20829.792387
20437.284431
20235.606827
20132.054743
20064.610570
19930.947491
19882.930200
20175.242697
20350.363245
20549.045301
20799.332668
21110.247125
21750.915597
21883.991940
22087.011821
22373.165638
22275.030541
21532.825882
21250.910403
21044.243442
20381.894324
19991.588599
20039.206959
20216.742663
20160.537931
20087.818552
20315.383006
20247.085288
19770.807241
19616.456137
19572.630939
18890.097042
18724.745798
18860.170330
18732.594046
18895.860308
19720.651249
20788.330933
22194.063860
23451.198155
24332.358435
24798.072351
24460.905661
23905.370286
23157.811671
22253.566074
21280.211612
20771.441890
19973.480540
19902.707569
19875.280257
19902.707569
19814.222683
19811.936366
19689.006539
19645.194577
19467.986316
19108.409618
18851.083363
18344.446343
18208.501537
18191.677614
17969.969054
17969.969054
17789.892527
17011.359519
15841.591318
15043.290347
14009.512389
13330.360007
12963.273573
13203.203870
13348.254162
13492.107456
13412.389956
13631.709607
13577.356511
13720.856991
13784.282614
14035.676258
14143.659411
14359.532459
14423.009600
14777.624741
14792.267679
14862.820203
15143.032754
15331.101851
15673.496081
16214.614556
16241.645412
16341.731336
16577.100580
16351.641311
15989.851418
16423.895256
16856.329548
17057.897583
17418.682250
18344.614546
18887.587956
19532.665293
20530.346355
22008.691177
23169.527055
23715.213461
23681.561647
23751.531274
23099.945870
22300.157692
22151.952544
22277.652308
21811.504660
21495.954077
21120.127612
20984.177282
20742.312849
20619.820827
20730.623716
20720.163209
20519.958381
20309.008051
20338.017983
19745.060795
19553.129404
19254.479383
18753.413531
18128.791107
17723.608830
17025.778937
16153.283607
15556.129077
14696.112793
13961.335566
13071.402198
12319.784733
11355.330991
10427.183133
9427.211614
8683.698823
7606.521390
6633.103944
5956.813805
5167.522317
4421.689414
4093.853710
3910.295224
3652.535614
3689.924877
3650.373686
3719.333508
3721.146137
3705.451193
3661.665196
3707.225354
3596.739800
3548.454051
3657.464753
3817.996356
3995.675420
4148.256770
4630.609381
5076.205796
5197.248803
5349.529720
5581.354927
5393.699391
5155.682001
5028.731366
4920.093051
4823.910720
4838.689470
4671.065637
4698.335225
4867.251521
4687.714904
4570.834067
4760.924047
4899.100436
4812.781759
4827.691826
4671.065637
4557.696196
4702.444422
4660.475592
4662.403717
4921.581314
5156.517043
4902.156811
4870.666247
5215.367838
5279.858789
4972.203042
5020.094585
5137.311683
4888.685233
4784.395044
4815.967978
4686.698386
4724.047946
4826.440865
4892.985598
4892.985598
4962.246055
4818.066898
4794.943951
4797.327357
4783.728587
4814.779315
4802.376778
4677.394032
4399.328436
4311.308581
4233.998107
4223.397064
4190.053067
4227.635113
4308.912109
4235.740915
4164.599222
4237.901990
4543.185467
4646.744513
4567.529966
4557.070170
4557.070170
4488.286429
4526.500059
4680.900513
4620.855666
4626.952528
4559.833771
4331.458476
4398.496979
4534.176327
4462.919025
4358.524728
4440.364603
4319.000779
4329.832408
4264.642075
4220.995427
4202.823285
4198.601154
4286.338523
4411.624438
4416.142552
4278.040836
4256.957091
4057.076551
3974.959989
4085.839845
4289.093581
4230.792418
4330.933513
4454.350058
4454.350058
4357.221068
4430.253063
4330.058526
4196.283472
4066.713559
4139.022695
4239.717741
4337.654722
4337.654722
4230.958015
3968.647636
3853.711027
3849.828071
3793.266819
3997.828017
3972.963281
3964.742798
3897.708279
3945.876584
3764.382644
3895.297286
3965.969247
3979.283200
4077.035120
4250.708904
4202.823283
4117.073233
4016.944347
3724.660797
3634.914055
3601.088213
3728.300600
3793.119633
3962.249820
3985.338196
4177.391117
4041.755765
3972.752941
3945.713442
3945.713442
3814.772459
3820.911673
3793.545522
3818.408813
3731.056311
3688.264217
3654.291317
3731.674610
3610.807334
3552.048734
3518.465005
3570.448780
3555.708058
3739.909703
3912.839597
4014.966611
4002.361632
3947.664647
3745.457535
3613.720319
3607.206124
3623.343430
3671.600102
3770.027974
3772.142187
3821.790196
3838.621444
3865.480427
3849.138127
3850.908400
3823.696299
3729.903948
3761.028099
3825.872747
4082.526931
4223.122908
4296.063651
4344.353586
4373.298450
4269.057388
4194.228877
4246.664349
4073.392511
3947.664647
3734.929563
3789.347766
3876.822893
4106.702449
4139.932001
4108.514278
4009.233838
3827.667098
3737.532844
3835.882378
4048.807311
4005.722048
3924.359966
3803.282408
3533.858220
3427.622264
3425.288447
3658.915824
3836.464056
3974.340396
4141.257199
4069.114658
3862.360390
3636.848810
3833.247931
3715.763685
3897.141198
3851.039354
3928.675717
3773.794864
3780.282890
3671.439735
3775.777014
3771.994028
3826.071918
3619.468317
3658.034830
3545.006138
3548.907559
3403.019018
3530.346222
3387.822832
3490.329700
3462.787962
3435.838863
3546.746547
3765.736440
3828.703434
3960.392952
4123.255685
3991.454489
4111.480229
4025.905554
4178.333798
4226.233488
4351.679020
4025.905554
4157.448586
4000.953532
3854.434577
3566.098352
3618.658837
3457.945196
3449.157940
3589.348856
3921.271626
3966.229812
3997.828017
3914.496425
3728.455102
3793.266819
3793.266819
3872.478440
3808.059086
3947.550503
3632.545066
3609.793258
3551.344112
3922.982027
3841.049741
3924.835946
3897.853433
3837.228547
3513.677565
3584.528730
3553.332975
3776.984442
3856.808886
3900.670572
3746.147693
3798.407419
3560.777938
3472.677533
3324.668556
3347.550257
3309.957064
3355.281912
3386.914896
3706.297519
3787.834460
4044.756325
4100.974452
4291.245436
4159.509004
4263.912986
4050.891998
4037.317366
3830.474824
3742.838811
3548.454053
3492.137037
3512.985539
3592.351317
3570.987158
3681.812522
3717.328281
3783.171552
3645.290926
3541.070228
3442.484730
3563.587417
3472.807412
3617.447361
3834.415363
3943.361113
3773.794866
3748.920695
3569.857462
3527.917737
3567.379331
3636.361696
3516.579514
3654.018349
3414.058932
3303.377758
3299.354557
3378.088850
3317.678542
3411.986967
3451.685514
3492.827236
3427.733235
3413.159550
3596.739800
3598.833342
3661.665198
3776.448193
3818.408814
3551.344114
3518.229427
3296.656895
3206.098239
3109.995978
3264.891482
3224.676579
3308.211175
3297.092363
3376.558612
3459.933515
3497.388491
3428.496999
3397.218917
3357.276512
3411.817946
3459.566342
3695.954437
3851.468023
4131.305141
4148.427518
4093.853712
3930.884470
3868.087583
3698.448032
3447.754816
3397.708695
3289.024716
3257.689599
3121.872594
3209.483431
3295.337748
3445.823269
3484.054243
3605.181091
3544.444443
3742.838809
3822.226707
3998.578720
3965.082580
3986.135347
3746.147695
3769.262084
3737.223668
4050.590069
4140.327198
4207.355626
3990.235797
3861.478234
3453.392116
3351.879257
3301.314411
3451.941598
3485.582775
3650.890791
3763.658288
3740.524399
3667.193146
3531.415080
3514.607164
3472.807412
3575.223233
3748.786771
3854.900834
3769.694441
3761.028098
3658.808363
3403.986257
3435.696367
3485.701476
3452.388293
3393.756401
3440.004467
3229.140697
3125.240990
3162.768488
3185.738890
3321.520322
3384.834766
3518.585771
3553.739913
3760.705086
3827.667098
4116.955633
4210.912842
4234.176265
4075.445502
4000.124296
4187.909242
4056.918561
4025.136533
4022.927899
4060.331257
3734.784540
3749.205951
3663.724219
3634.481532
3536.363747
3420.969944
3554.215340
3650.890789
3826.071915
3755.368504
3825.095836
3850.398740
3867.245655
3783.691491
3852.165550
3879.405805
3754.212052
3840.050091
3802.407584
3873.107823
3814.772461
3828.953365
3599.287680
3712.202991
3536.625261
3611.593042
3525.624111
3479.972926
3387.822832
3492.137037
3406.200565
3447.896036
3642.334326
3542.610343
3513.119008
3548.741761
3530.182542
3426.283851
3630.383926
3543.144205
3646.829704
3490.329700
3615.243094
3435.838863
3653.304781
3610.199040
3818.713424
3618.658837
3572.592124
3512.295874
3611.773993
3621.924759
3690.676764
3740.916033
3646.942935
3445.948544
3257.874181
3374.519450
3385.094154
3529.291421
3669.604548
3979.039312
3911.540361
3892.962216
3815.764325
3643.634658
3574.741870
3622.669860
3869.228790
3764.876475
3818.886971
3781.624515
3737.532844
3551.737908
3560.209468
3548.592196
3398.210102
3469.770275
3452.598360
3575.622925
3619.144224
3727.653908
3529.291420
3418.135465
3359.870588
3407.482243
3340.948080
3480.736535
3641.616070
3727.144617
3740.646297
3669.746739
3705.274260
3696.953946
3822.075189
3847.397591
3936.639337
3773.794862
3767.713839
3623.188475
3584.781007
3722.816051
3816.955744
3758.354728
3664.240321
3626.253556
3674.297406
3714.091019
3907.582556
4005.879710
4107.766397
3953.443672
3980.094682
3773.629520
3664.864565
3545.210326
3651.970264
3691.083339
3774.873963
3839.934318
3815.055139
3702.080859
3689.673429
3641.616068
3647.391990
3883.232844
3954.034412
4004.058626
4058.415837
4200.290737
3955.970225
3935.222499
3718.292930
3751.609175
3528.253987
3458.054503
3458.054503
3451.817243
3387.087788
3441.326836
3660.438902
3614.453608
3647.654760
3810.535970
4076.241540
4128.039721
4163.419367
4332.666810
4245.360164
4069.678991
4176.040894
4149.115075
4255.713158
4284.718553
4307.527291
3995.510636
4041.502390
3972.330485
4081.332783
4082.829954
4295.729472
4270.807599
4168.211732
4009.749871
4224.544176
4258.590237
4599.255562
4711.679824
4866.531179
4659.802522
4523.949936
4156.573938
4050.003661
3722.073861
3678.486847
3705.451195
3690.547066
3745.076704
3840.747769
3924.475542
3798.169619
3983.902719
3898.007481
4125.722330
4082.012893
4434.574009
4307.379458
4468.354836
4255.526822
4161.408859
3955.315083
3901.106465
3850.908400
3896.985078
4185.182981
4155.964458
4447.803368
4519.038694
4761.140329
4625.457683
4631.988138
4429.795127
4306.674586
4151.867963
4116.626344
4137.133835
4169.918272
4356.338235
4512.650473
4646.367974
4906.434447
4973.552371
4923.518917
4653.931347
4478.521379
4254.664636
4247.988307
4321.275624
4425.761383
4329.949134
4322.841035
4149.707327
4026.311165
3968.109937
4091.319868
4129.507487
4421.822178
4363.550318
4566.083319
4566.083319
4699.579789
4617.806680
4799.779345
4821.014273
4903.948503
4723.096375
4694.159553
4669.018243
4623.124320
4643.901688
4639.301504
4570.130498
4420.033553
4279.763614
4240.584809
4263.185897
4219.437465
4256.827402
4434.167698
4444.722373
4713.691271
5004.378493
5221.764823
5123.407301
5085.411938
4927.142689
4768.560446
4614.107166
4624.555573
4645.478478
4566.215695
4833.814091
4977.348500
5012.952406
4912.697903
5105.105182
5073.875026
4986.313360
5054.844863
5242.986282
5095.681213
4843.293031
4799.374528
4630.469873
4625.983402
4549.207777
4822.431406
4989.752238
5165.369863
5234.311373
5302.121182
5245.445107
5316.451198
5303.988132
5268.578194
5228.287870
5184.143087
5048.324904
5154.754386
5129.325772
5308.366528
5268.701221
5195.731849
5114.487680
5251.999813
5462.579950
5554.161029
5771.445232
5725.040944
5592.129737
5404.370392
5297.589570
5172.381681
5103.538257
5128.471947
4947.392516
5024.573346
4887.057274
5258.682519
5374.754427
5556.626622
5608.677412
5806.919702
5776.148447
6007.603560
6116.910300
6266.376367
6306.172830
6228.571615
6082.757711
5940.326991
5902.283208
6055.175368
6069.934275
6161.548809
6491.933272
6452.361562
6345.931383
6530.037023
6327.267458
6170.552994
6314.463790
6379.579322
6237.860320
6492.354980
6513.227699
6537.930606
6784.124985
6838.572093
6978.331764
7186.745519
7086.629599
6838.097133
6814.828990
6464.226757
6449.002669
6385.292292
6728.025723
7135.025977
7360.892362
7326.823305
7538.059149
7356.012816
7055.499197
7188.904610
7300.044395
7293.518707
7492.281312
7712.927888
7868.093672
7861.446056
8328.799187
8470.883815
8568.896665
8851.057795
9056.798394
8873.697522
9008.394717
9182.683476
9178.050337
9325.339551
9356.982756
9462.909507
9701.578519
9631.763464
9873.617876
10325.011571
10569.905760
10659.177599
11231.071760
11442.241075
11823.788901
11778.270381
11986.812275
12208.090823
12545.330859
12553.483916
13367.975332
13625.036404
14038.631045
14424.555416
14897.088174
14933.274997
15429.445413
15569.758412
15861.938110
16383.545291
17033.301160
17561.319933
18195.934132
18831.657185
19305.679033
19882.700721
20337.575144
20625.608729
21089.503544
22184.043821
23704.741601
24923.791028
25518.927303
25579.717595
24727.434106
23159.427915
21578.859662
20217.164137
19020.829494
18038.863880
17287.233132
16725.444580
16545.297950
16641.459822
16446.066828
15858.210544
15837.345990
16202.341711
16401.451808
17090.932705
17973.828424
18052.648131
18450.417495
18545.076317
18354.942724
18025.316760
18269.332773
18108.498296
18097.227444
18379.821938
18715.388578
19191.837744
19312.594479
19441.019443
19487.623138
19771.368488
19804.856772
19767.584839
20192.991251
19962.943154
19897.773347
20011.031725
20023.473030
19699.696723
19956.223958
19858.438563
19487.447083
19537.339780
19792.742312
20007.640383
19984.913272
20016.795036
20158.085412
19880.503812
19800.356497
19704.500612
19443.594642
19182.879673
18711.881537
18317.038859
18183.923396
18500.695010
19050.078240
19631.694572
20135.015223
20792.781214
21384.094429
21555.171076
21763.301193
22038.754501
22147.128433
22088.898532
22143.136219
22851.304525
23183.331365
23248.353359
23381.684087
23204.588773
22851.304525
22736.239186
23091.731773
23448.688022
23749.672943
23808.076436
23511.612311
23346.601319
23419.376745
23670.169065
24699.417234
25585.437363
25717.099328
25349.236963
24796.192370
23539.859962
22581.492101
22004.996937
21798.617451
21853.073085
22108.498677
22830.900018
23333.881709
23438.817349
23432.724504
23368.922084
23181.369292
23362.863520
23728.053699
23945.631672
23733.097241
23611.498566
23619.758731
23540.450363
23598.818103
23802.772106
23946.707504
24157.738480
24579.419040
24159.553054
24200.632641
23855.857384
23154.410636
22199.589804
22379.888808
22108.240527
21901.376365
22230.991975
22365.203453
22535.774615
22977.190058
23211.366503
23071.313391
23250.652640
23117.362280
22802.689743
22932.137731
23109.541981
23140.494430
23145.291374
23224.547289
23378.740809
23278.747178
23542.229622
23525.089628
23785.483046
23841.522747
23897.637285
23881.305055
24040.255894
23798.227959
23823.115555
24318.036832
24526.462011
24837.916371
24668.215130
23855.857384
22837.353001
21880.495512
21193.298746
21204.663690
21752.188695
22144.391411
22420.069598
22386.749278
22255.182788
21906.620064
21691.206517
21664.341725
21848.024337
22470.003625
22758.475335
23107.385313
23965.496537
24752.840089
25196.621298
25444.646178
25310.976425
25023.591797
24513.526959
23832.825525
23801.086675
23717.753819
23385.482068
23358.649719
23356.051340
23387.410800
23915.896385
24251.924185
24978.957731
25427.086862
25044.635509
24495.102573
24177.894476
23183.820921
22674.521230
22678.953359
22631.312583
22486.900602
22712.509981
22868.751246
23071.244776
23183.820960
23599.069844
23837.349435
23627.245217
23443.334731
23422.607265
23025.513969
22430.800688
22405.645625
22650.538830
23065.087342
23524.982343
24446.065074
24907.496963
24834.678352
24958.898534
25179.393590
24961.539132
24918.368388
24716.262659
24367.361022
24360.998654
24772.322015
24643.641830
25036.422925
25239.352691
24870.646988
24118.198557
24332.358449
24601.244380
24653.452087
24787.641730
24808.474314
24369.295332
23786.827095
23432.436115
23542.905714
23571.679333
23440.518202
23286.171211
23058.358329
22103.936748
21511.184325
21261.469926
20909.234887
20850.802073
20925.774969
20944.721867
20933.766710
21315.378311
21315.378311
21685.124092
22344.865204
23428.684983
23934.127783
24071.960120
24379.107428
24337.297641
23821.575801
23783.729062
24130.384501
24343.313988
24414.754482
24747.108906
24964.731817
25191.640351
25240.072907
25694.838546
26283.368679
26550.723626
26560.982150
26394.029458
26049.365745
25633.577830
24958.175845
24543.231030
24384.274910
24407.410952
24020.081635
24193.697083
24231.416981
24302.315685
24281.603684
24200.336144
24125.196255
24037.101567
24129.040687
23985.058112
23960.004711
24143.621553
24421.554711
24632.762031
24972.513806
25467.658257
25326.454978
25150.048430
24662.028866
24338.582489
24137.256759
24611.425898
24773.684429
24830.470147
24859.556801
24954.308308
24633.064334
24721.172001
24766.883972
24449.606839
23892.845154
23506.470737
23024.566979
22871.661912
23013.902228
23278.590709
23533.273309
24076.026203
24501.942363
25199.212269
25615.967433
25463.582466
25524.267990
26110.466860
25760.384562
25386.800261
25265.883306
24866.955052
23927.111769
24173.644639
24005.602403
24296.551380
24592.638950
24669.757548
24530.525392
24613.540018
24734.515383
24818.445713
24958.069682
24739.548542
24752.743868
24696.297057
24320.624459
24332.764137
24140.916451
24201.813067
24233.136287
24980.580003
25011.769456
25197.843165
25240.994670
25495.886687
25418.657581
25556.617799
25502.259932
25300.835324
24716.188702
24103.924771
23926.848121
24126.804843
24138.273650
24194.739390
24259.569260
24301.340487
24153.017646
23854.493111
23618.325662
23318.054671
23033.804021
22874.931373
22953.863903
22987.891599
23259.232375
23267.381467
23044.236379
23075.653625
23296.965724
23267.661653
23117.480539
23086.327504
23165.387458
23263.233999
23311.267995
23812.846798
24192.747629
24758.402606
25270.115908
26188.361474
26687.760089
27095.062611
26934.345400
26984.824441
26506.858495
25829.492103
25487.089284
25183.954244
24486.791091
23767.756523
23594.980419
23273.109241
22913.583872
22769.445812
22587.605388
22677.920148
22991.103943
23531.500980
23489.733639
23518.998716
23483.817968
22936.201675
22296.314719
22292.166514
22250.264150
21834.500403
21663.150998
21728.985856
21499.289568
21321.407404
21139.990468
21135.371348
20730.772075
20451.420741
20478.597449
20447.186084
20503.186387
20674.715669
20811.076191
20839.949714
21059.194639
21118.231842
21443.641509
21966.156506
22331.191487
22562.804379
22255.794441
22151.952529
21830.520057
21711.388033
21527.316255
21625.539682
21729.792591
21669.118024
21742.376839
22099.665220
22613.525632
22988.612243
23840.597529
24302.315703
25208.950989
26106.628220
26624.675033
26944.588031
27267.885091
27142.268647
26998.312833
26514.637623
25850.433429
25050.547262
24236.106808
23626.772646
23458.445786
23414.478557
23274.754419
22753.021680
21848.267669
21344.242532
20136.965733
19882.700729
19681.745289
18994.821131
18062.790935
17467.684100
16173.092562
15235.327342
15172.304779
15099.996890
15315.048372
15597.530088
15820.366905
16177.782732
16596.343972
17111.955999
17795.210821
18260.158226
18425.433835
18504.677046
18916.769038
19254.586212
20069.260841
21196.960367
22653.352588
24384.736736
25915.710915
27427.339428
28632.306596
29772.087414
29939.663361
30067.049130
29741.275695
29365.383290
28175.405321
27191.207981
26573.693531
25980.508577
25172.238434
24710.775741
24454.159006
23869.064384
23393.455786
23123.742717
23157.811686
22971.716099
22798.330816
22700.577232
22616.704000
22374.904046
22381.014039
22376.452372
22130.503777
22023.854998
22246.022408
22350.001055
22458.878204
22673.699102
22945.437027
22741.724700
22407.309537
22267.471204
22215.895912
22194.550550
22375.387672
22609.517621
22995.464344
23029.242368
23125.420730
23102.823408
23298.859865
22969.064846
22945.891431
22812.414805
22755.511005
22712.156801
23096.437946
23139.948440
23014.369067
22793.180987
22540.767278
22055.600504
22004.091475
22133.048729
22341.243408
22292.989424
22364.496507
22388.789642
22548.129925
22964.702782
23425.595706
23835.279368
24054.319432
23866.283920
23762.151878
23987.975607
23979.762341
23843.868243
23812.740427
23674.656858
23284.089414
23093.477880
23425.720023
23891.933802
24294.351503
24626.817357
24607.571754
24317.390025
23893.258999
23296.125145
22742.709007
22801.437165
23034.779571
23248.353359
23488.067482
23612.983130
23534.091225
23195.764762
22994.936530
22830.019106
22806.937528
22932.137731
22965.756465
22689.922940
22278.322693
21929.474553
21215.250476
20758.211653
20286.234803
20023.473021
19271.762017
18820.712768
17780.828849
16999.671596
16291.715135
16107.552662
15607.233488
15734.270302
15989.083927
16330.140143
16643.759788
17295.545607
17704.381836
18324.151036
18354.203976
18646.116764
19241.825895
20653.431638
22215.895896
24126.804824
25513.501872
26482.257695
26608.389452
26419.864709
26397.476155
26462.369096
26259.173772
26252.711212
25838.310148
25027.630714
24119.428030
23503.539114
22659.877125
22177.269256
21987.712515
21924.499360
21966.646235
21976.948200
22235.558723
22407.441599
22453.914845
22046.190776
22050.822394
21635.273016
20886.297873
20568.888698
20545.964870
20323.814627
20200.685795
20386.518727
20104.344423
20176.085751
20027.627824
19804.225291
19790.786098
19779.923972
19450.173500
19379.372091
19248.130800
19005.932092
18806.564141
17675.451049
16632.863390
15818.257839
14814.241531
14020.390101
14442.503271
15069.179068
15070.930076
15347.595439
15743.989733
15967.425402
15743.989733
16172.688257
16470.619927
16589.877052
16927.976523
17628.171764
18513.102019
19580.839539
20622.897182
21600.171793
21883.897801
21716.696285
21461.843438
21495.625509
21300.539456
21678.838516
22180.058631
22643.656927
22802.412154
22833.568039
22426.452219
21921.247400
21156.672033
20289.771455
20045.412492
20053.979013
19575.533160
18801.764562
18367.133256
17478.161679
16659.601421
16301.853432
16358.428393
16254.370466
16107.713572
15916.579943
15748.678063
15445.595774
14955.127765
14560.605369
13929.809488
13153.101706
12564.639817
12127.000359
11442.746911
11016.773246
10781.506041
10360.460730
10256.099282
10295.699556
10170.510066
10182.979028
10149.433160
9788.070640
9512.506679
9278.468545
9299.105446
9251.716389
9402.006637
9299.320768
9253.913490
8792.272958
8563.763469
8319.092738
7956.433621
7901.844795
7895.685186
7806.766977
7732.149191
7953.667533
7886.242727
8058.162325
8071.217878
8198.843340
8301.035949
8405.457865
8497.645754
8739.629124
8725.236154
8754.373043
8631.164120
8386.302830
8304.895024
8159.056327
7987.468846
8027.619264
7849.810991
7578.836438
7344.787776
7208.946230
7208.946230
7334.068055
7453.646880
7861.446056
7911.582132
8140.794651
8216.419618
8282.121917
8208.824032
8338.056042
8098.296899
7983.025176
8091.870716
8069.463525
7991.088604
8298.647490
8434.302694
8462.049073
8390.475288
8628.656517
8448.540057
8557.494370
8482.824567
8462.255330
8414.284003
8361.667829
8234.276308
8376.859667
8636.286940
8815.526304
8930.064773
9035.054558
9046.381552
8887.110350
8657.618253
8794.899225
8885.392652
9231.542791
9491.826013
9784.305811
9834.529039
10099.800290
10088.631138
10042.594109
10253.807160
10228.310420
10147.560476
10160.718851
10275.332277
10200.031881
10331.858115
10390.799558
10290.491679
10303.377999
10347.057092
10422.706928
10556.388139
10879.905697
11126.246578
11364.207905
11491.502959
11553.852083
11707.760437
11908.587404
11976.781592
12077.782186
12136.260496
12007.835514
12061.834529
12127.724846
12497.784238
12944.768455
13304.505411
13637.044888
14206.645009
14152.525406
14296.862762
14470.052237
14504.320977
14157.573225
14723.419784
14919.878826
15249.962828
15755.455228
16519.931938
17090.293272
17933.060407
19256.632392
21036.107487
22124.157681
23124.312315
24106.311173
23558.357113
22812.883075
22416.095580
21798.234084
20736.773256
20646.939844
19834.324922
19193.120336
18443.273658
17829.426624
17533.090927
17305.648283
17257.942640
17158.953052
17171.875796
16690.392545
16414.631775
16362.461749
16324.445034
16381.303984
16532.271599
16684.532722
16682.592797
16428.347277
16273.314281
16291.715135
16329.593742
15982.511916
15974.244703
15593.994937
15064.676441
14423.502142
13964.215508
13538.238004
13047.762036
12583.706943
12239.272368
11314.224988
10027.199764
8800.061419
7381.164328
5996.580977
5081.857811
4635.305387
4426.157291
4372.140485
4200.751227
4108.651409
4108.651409
4075.603871
4089.046628
4116.403903
4207.997300
4364.806832
4636.132584
4654.226234
4836.098518
4840.071070
4704.646772
4589.568011
4734.413679
4646.494488
4602.854963
4523.404411
4385.830550
4213.701713
4136.483351
4138.481418
4073.903392
4082.111011
4107.001354
4152.834135
4063.279981
3964.919103
3927.535452
3784.727231
3864.253791
3970.768494
4039.277755
3952.080055
4085.659121
3970.634995
4087.187977
4302.615941
4375.747921
4403.100995
4421.558263
4379.625839
4256.701980
4210.581071
4134.088652
4221.501609
4154.792192
4154.792192
4271.604753
4156.426112
3953.741966
4074.958458
4072.905575
4033.047646
4272.575425
4291.802039
4149.707327
4222.815927
4064.241170
4009.749871
4086.617608
4251.842369
4256.324954
4531.739997
4668.120625
4748.838560
4663.135767
4656.962494
4686.588904
4808.567596
4988.371087
5028.045748
5052.955608
4856.523878
4562.619362
4420.453666
4345.412743
4313.794897
4441.259060
4583.736244
4732.224693
4924.229169
4880.524846
4894.826216
4856.523878
4739.637834
4662.250853
4722.722266
4697.740833
4752.080116
4808.567594
4768.703374
4839.816080
4866.901817
4937.136976
4851.468501
4924.567052
5081.113436
5312.820329
5319.693147
5469.904381
5488.618871
5440.796444
5309.120795
5144.136960
5023.304039
5129.167452
5115.005037
4995.910865
5007.139741
5086.410024
5074.007758
5117.959298
5153.763049
5126.341786
5021.579330
4883.835275
4750.421981
4670.866235
4795.379438
4881.095770
4943.508988
4887.381690
5085.411938
5271.020030
5197.969378
5133.342513
5060.111550
4899.587025
4580.428844
4415.729625
4442.673213
4501.101841
4590.846419
4694.906124
4970.633641
4960.247609
5150.169616
5237.494118
5228.867929
5111.736844
5016.065276
5005.403449
5058.001106
5227.776908
5250.337906
5231.491521
4930.960951
4786.642010
4592.249624
4734.275287
5063.947664
5239.802181
5145.274767
5287.930723
5321.496911
5158.718823
5064.291135
5218.785934
5121.864317
4975.802671
5291.286244
5737.784575
5802.758650
5653.325438
5557.227836
5403.014084
5267.503400
5344.003475
5468.826108
5531.058218
5329.068882
5088.769240
4892.272589
4973.958890
5013.402039
5134.626789
5307.968497
5383.012992
5295.012194
5332.592968
5154.859692
5077.429823
4925.325839
5027.411361
5068.994303
5254.504707
5413.755780
5409.181604
5323.292094
5560.948391
5634.133840
5486.428460
5649.210154
5664.653592
5387.112465
5291.286242
5347.517422
5437.270974
5495.839857
5696.503549
5669.315299
5717.620283
5782.224758
5929.575638
5653.479529
5680.480475
5678.595455
5528.455334
5455.856452
5741.782829
5802.640317
5804.387989
5877.649597
5760.129845
5676.641940
5664.024748
5624.220121
5553.171125
5553.171125
5471.480860
5541.032327
5507.164857
5607.415384
5777.233886
5693.506820
5603.977938
5842.149131
6011.454325
6208.000060
6339.100993
6349.781439
6298.041468
6143.362514
5978.154227
5950.847755
6064.105130
6092.968731
6044.510833
6144.160558
6374.074404
6403.391858
6486.613021
6609.799213
6496.981932
6375.590332
6530.568200
6532.133895
6526.320925
6415.110652
6365.089749
6266.849062
6066.442322
5872.488413
5845.263604
6041.881826
6150.472761
6244.492602
6329.595699
6478.786907
6322.347649
6356.024332
6368.628651
6391.398496
6402.965725
6461.586116
6325.420107
6420.999014
6611.295256
6677.045478
6689.796735
6777.434726
6933.911779
6936.112017
7001.711927
7217.217386
7087.501915
6920.153935
6964.452806
6986.317674
6972.653610
7120.569353
7134.699122
7049.491967
7191.732138
7187.583714
7094.037576
7153.703082
7321.568666
7291.836609
7291.836609
7503.083013
7562.997410
7800.006861
7872.314888
8054.017654
8020.295307
8103.861207
8047.202354
7974.632778
7930.781946
8070.961478
8138.058420
8138.058420
8646.742029
8997.698554
9183.455005
9308.777989
9484.140509
9309.679438
9129.735309
9140.900302
9292.856868
9416.245233
9475.154496
9692.502814
9880.656543
10012.407473
10174.611131
10477.637188
10711.895456
11104.320075
11340.817574
11492.462067
11691.861528
11950.889716
12182.784216
12493.994117
12975.842498
13153.034723
13372.505474
13543.546441
13956.752776
13996.733131
14423.676348
14804.505223
15239.951003
15885.193645
16603.750732
17104.207924
17659.675958
18076.721705
18476.046085
18820.712774
19735.019813
20852.120242
22130.043020
23127.951625
24953.343350
26285.309409
26913.889384
26952.013760
27359.429748
27109.038647
26945.651310
26885.316412
27168.896479
26335.720373
25734.596519
25126.171379
24436.973802
23670.311874
23660.041796
23029.351722
22225.839694
22334.701778
22608.558195
22575.243480
22932.037112
23319.080539
22715.351864
22375.033963
22734.202380
22740.786638
22862.389904
23259.396080
23413.555658
22822.644928
22685.143605
22590.132326
22711.592667
22488.178964
22671.696014
22742.538538
22627.022991
22180.301238
22219.973152
22071.682106
22190.559020
21869.102742
21996.828222
21944.935062
21982.280677
21807.050550
21772.793146
21827.044840
21958.256908
21976.117162
21919.061275
22197.355975
22312.198847
22604.510513
22779.978817
22890.671715
22965.517179
23040.413339
22754.450756
22821.270887
22827.474883
22908.821728
22990.308690
22982.093547
22988.323854
23457.946825
23835.979471
23773.731018
23890.623709
24005.062983
23835.979434
23672.786259
23877.542197
24101.336301
24111.932311
24318.426087
24275.321829
24014.306206
23801.278326
23734.297178
23696.836251
23705.670369
23971.108021
23766.678911
23463.231505
23311.105053
23684.691807
23567.711465
23774.450479
23902.168889
24098.124714
23634.087556
23556.708698
23461.118965
23051.554054
22101.489038
21646.766546
21277.521180
20806.866473
21103.744674
21425.043227
21882.622606
22126.755205
22436.105368
22387.333443
22348.143648
21954.662750
21406.969241
21173.428259
20870.859867
20830.790489
21279.034720
21635.828271
22070.615799
22556.714929
22926.582393
22853.906224
23255.278423
23027.296531
22580.634632
22285.820980
22460.052520
22180.422582
22454.037967
22819.502589
23001.349500
22795.215288
22757.719863
22682.764747
22571.686077
22843.110102
22866.090895
23120.710755
22970.619877
23144.211519
22742.709007
22631.994329
22565.129787
23026.253354
22673.563307
22562.643918
22178.556182
21772.957970
21280.211612
21038.434372
20730.840463
20824.170348
20801.210947
20654.634281
21149.198563
21377.472599
21596.650210
21780.250958
22004.341239
21993.443065
22306.540654
22713.510296
22899.913199
22732.606208
22486.301817
22018.220881
21473.353368
21241.768768
21166.345405
21598.893934
21748.530906
21923.264470
22316.039769
22582.682912
22190.457572
22424.451948
22352.358367
21792.190959
21481.419351
21485.289854
21161.633895
20953.607113
20868.017341
20770.043396
20561.137167
20573.607539
20684.701031
21248.352984
21722.254538
21920.791815
21935.296567
21708.898950
21251.361695
20969.866926
20827.697018
20545.964870
20638.410851
20671.883197
20720.060547
21035.568324
21523.959742
21741.593361
21946.006911
21968.638588
21839.464140
22091.921821
21718.137076
21429.039726
21023.245880
20856.712324
20237.803964
20369.767703
20417.416628
20609.509793
20678.723315
20996.226832
21165.461245
21227.925975
21193.029117
20937.775127
20417.840172
19981.075699
19688.825894
19574.057490
19997.745534
20088.050925
20101.248071
20220.742165
20280.902861
19905.343197
19846.530012
19810.465884
19570.679645
19325.925908
19317.866506
19660.145023
19990.522299
20374.453573
20800.813626
21011.390168
21104.639027
21114.725745
21525.863242
21803.314789
21977.092563
22043.411185
22048.396864
21793.111054
21643.203544
21726.758938
21630.563673
21675.719935
21377.472590
21116.003780
20824.170348
20542.062236
20605.351933
20766.296071
20801.976246
20797.698585
20958.250982
20734.808243
20546.214866
20654.815922
20640.227590
20861.507643
21038.434372
21202.953029
21276.584601
21215.467715
20844.148541
20298.638461
19643.187817
18577.405805
17767.474660
17070.155846
16262.506026
15767.623144
15513.270574
15158.228329
14840.310989
14960.296762
15000.343633
15125.092575
15239.865705
15323.594051
15389.713954
15629.385048
15921.510678
16383.465445
16807.797896
17254.662230
17865.868964
18495.890070
19026.079210
19464.453175
19846.755232
20274.945638
20744.564978
20999.579257
21958.039372
22781.843321
22973.778806
22873.845000
23071.597725
22579.262297
22099.665182
21830.441280
21936.219664
21420.644765
21222.375534
20982.252355
20671.474575
20251.506266
19848.251527
19161.736933
18496.647041
17878.023456
17082.827061
16696.627075
16263.427994
15884.172242
15239.477287
14668.694231
14017.267913
13524.093118
12954.253874
12336.131098
11811.834630
11277.777683
10488.005092
9759.435423
9118.355722
8423.004528
7733.583697
7152.958332
6669.377849
6314.009594
5848.877985
5788.145554
5422.754170
5026.794204
4771.882133
4523.235391
3998.923473
3788.378801
3722.533834
3720.424867
3709.812262
3720.424867
3747.765422
3650.552895
3602.184672
3627.324685
3577.368809
3593.664188
3573.613914
3519.271730
3429.166487
3521.108348
3607.206126
3688.822718
3671.600104
3759.723939
3859.504920
4033.047645
4419.807878
4662.094294
4837.539637
4877.016993
4829.162411
4693.607464
4547.268371
4536.834389
4457.700354
4256.957091
3953.888003
3935.106550
3782.778949
3834.785351
3845.568333
3879.145510
3901.995129
3850.127354
3615.844872
3776.448193
3919.807194
3804.439403
3731.444862
3894.366927
3837.860771
3805.934270
3983.902719
4240.704705
4273.637774
4194.570128
4185.641187
4010.226558
3778.358961
3690.547064
3569.958422
3521.838733
3751.850960
3952.426979
4073.558622
4251.104939
4176.194655
4190.791065
4230.477113
4145.021584
4193.120509
4283.645356
4066.181709
3801.285525
3782.372759
3840.552902
3938.018663
3900.520222
3846.487530
3722.816049
3618.658837
3684.035132
3706.986981
3761.139642
3859.270288
3985.002077
3946.378170
4194.748304
4341.052355
4286.715854
4111.274792
4047.707589
4018.728048
4021.019812
4102.011603
3957.941773
3785.839877
3683.872440
3583.777114
3527.552289
3560.777938
3612.845450
3401.918143
3553.971531
3635.843978
3690.048385
3561.122814
3688.822716
3531.544667
3659.026952
3748.920693
4074.958458
4100.069916
4003.740241
3784.498939
3732.074151
3562.655992
3460.297397
3487.024953
3585.159014
3614.600053
3773.164905
3809.156147
3890.221969
3708.002081
3553.739912
3305.028779
3260.763499
3227.939180
3281.889908
3513.786029
3647.163621
3678.773016
3638.848179
3641.356473
3446.889502
3586.990484
3664.240321
3885.571109
3939.931685
3862.695874
3448.529927
3352.996735
3092.163653
3089.486620
3115.043678
3341.078562
3259.462815
3372.388183
3301.167236
3499.186909
3350.478862
3598.833340
3559.093497
3653.304781
3429.290693
3527.145490
3397.503441
3305.511867
3146.570684
3243.295386
3362.836530
3423.380665
3550.905770
3513.355917
3417.088900
3245.254641
3145.562423
3038.518637
3069.992348
3086.487566
3070.481858
3006.079549
3041.289051
3056.226042
3237.659676
3285.729189
3412.827607
3354.222041
3467.587088
3402.215220
3530.992171
3608.252107
3714.929872
3662.917667
3664.530013
3535.972219
3396.570847
3406.200565
3377.294557
3343.281193
3309.437936
3259.597226
3161.537206
3056.734731
3238.280443
3417.346407
3397.030809
3390.381780
3426.283848
3223.433214
3207.214347
3295.337748
3458.166720
3493.247685
3428.636225
3134.850655
3153.248923
3094.828724
3191.280774
3218.932424
3336.031367
3145.991469
2991.166579
2841.074308
2742.796273
2792.474837
2928.271512
3009.574529
3014.163165
3097.141765
2952.715058
3029.729914
2873.279610
2873.279610
2771.061687
2847.923539
2768.722455
2927.576808
3081.868731
3150.798407
3173.044638
3110.340337
3131.545951
3055.082377
3110.340338
3040.750422
3088.635350
3000.942903
3113.991474
3050.705708
3130.708536
3034.499363
3109.616440
3075.731444
3153.000103
3235.055361
3251.413495
3251.413495
3117.184482
3315.967170
3275.574498
3513.464958
3452.598362
3632.545066
3396.931718
3429.833845
3186.024371
3177.618598
3009.851045
2944.172951
2932.912359
2995.043969
3082.636122
3059.980213
3064.822862
2975.879948
2846.641787
2853.165814
2959.210171
3017.610968
3096.542592
3236.758774
3154.769979
3107.238917
2952.715059
2945.601254
2823.206836
2783.041659
2705.517372
2771.811100
2659.638979
2922.556542
2905.930709
3022.738221
3110.253119
3040.652362
2823.442652
2806.579746
2673.128956
2762.315648
2918.513028
2995.838884
3079.706119
3152.644498
2944.172954
2957.863922
2926.787696
2853.353757
2961.648608
3028.518235
3026.177017
2957.693321
3009.467672
2928.023134
3056.968040
3073.383574
3152.644498
3161.169717
3018.902186
2971.035619
2803.100276
2738.354049
2714.048353
2761.907639
2644.756528
2655.381715
2737.444481
2714.243558
2735.374424
2720.963320
2718.234832
2695.795967
2702.126174
2927.684161
3077.549757
3331.011562
3331.011562
3410.726535
3331.011560
3207.877719
3022.573661
2951.840007
2993.549087
2882.705063
3197.772524
3575.344179
3784.498939
3627.830023
3540.302464
3308.211175
3086.559675
2998.728211
3134.850655
3259.860620
3191.280774
2994.412115
2894.354056
2885.920711
2749.703131
2787.304731
2742.638687
2702.393346
2617.055131
2669.013857
2689.785369
2802.898241
2867.674835
2930.046327
2894.989869
2927.034579
2885.920711
2873.225025
2785.357275
2785.357275
2743.066745
2793.059545
3148.374242
3192.270148
3254.975058
3135.589515
3050.314833
2786.729866
2717.959873
2878.633514
2949.516968
3115.186212
3106.640201
3166.877386
2976.767367
2928.821810
2824.930342
2983.336983
3121.760057
3267.772907
3332.329218
3409.396344
3225.206167
3075.281970
2933.396804
2966.329002
2833.424292
2781.374328
2809.957991
2914.837275
2998.333921
3043.494610
3135.072718
3066.035239
3076.501549
2949.183334
2974.315952
3029.997250
3009.574529
3043.356023
2961.805855
2905.457751
2721.204203
2752.786848
2583.462426
2682.098360
2867.402272
2879.195157
3005.615764
3015.455090
3069.992349
2834.365388
2882.705063
2725.812674
2734.080539
2638.203487
2834.730300
2797.505151
2899.691829
2941.412305
2953.807440
2906.343489
2894.354056
2927.684160
2895.671510
2917.244407
2894.560729
2877.930964
2860.977928
2988.002453
2965.279574
2853.976200
3015.304434
3009.328248
2867.350940
2879.107646
2915.723847
2790.833124
2623.695797
2677.339207
2746.751690
2742.588342
2922.055090
3230.537253
3322.582778
3214.107846
3202.953210
3138.488769
2969.039533
3110.431003
3277.726441
3298.218788
3258.729184
3294.388593
3327.904907
3181.705757
3351.309137
3311.305015
3187.854920
3027.168204
3094.009190
2978.929919
2964.031868
2987.263586
2824.183831
2791.082504
2829.148499
2800.223277
2879.020523
2948.224861
3013.583238
2947.352425
3152.262673
3304.568456
3256.531073
3242.034456
3235.410328
3072.233809
2896.179272
2899.244768
2829.485116
2760.154578
2782.959328
2696.942265
2724.621578
2782.959329
2787.172939
2860.791556
3035.473525
2929.104928
3092.634944
3280.267615
3161.169717
3140.114192
3100.307634
2801.994145
2683.864063
2665.434959
2577.416847
2732.560329
2959.680935
3115.934010
3253.786186
3385.248189
3360.072980
3450.164834
3303.013342
3265.385512
3144.943472
3265.385513
3292.451757
3358.132799
3422.960771
3358.132799
3308.035598
3093.171719
2929.636893
2817.682651
2878.053909
2934.052254
2935.644403
3185.376214
3139.483444
3212.589356
3172.693243
3214.204324
3094.297508
3140.331733
3131.801722
3117.079020
2962.777960
2834.036652
2742.588343
2612.590870
2652.604721
2654.343927
2733.458187
2959.210171
3086.487566
3065.773339
3140.540043
3281.193387
3139.345097
3139.345097
3140.753483
3093.293872
2928.023136
3046.632796
2944.705875
2954.676566
3046.632795
3307.408554
3181.897290
3246.370043
3286.288335
3229.521028
3089.486622
3083.033213
3043.740000
2878.633514
2918.415376
2771.218802
2878.053909
2959.315017
3055.831634
3086.559675
3145.835604
3177.212435
3041.036928
3103.798136
3126.565110
3206.006141
3134.919627
3157.942249
2890.932747
2923.801764
2806.498834
2808.690760
2908.339580
3066.695075
2964.945730
2915.348457
2980.118254
2902.788642
2837.508774
2832.034204
2928.821810
2826.830751
2904.064924
2968.865097
2953.807440
2893.582472
3001.356002
2980.600866
2947.161001
3026.514700
3196.201879
3165.116724
3227.852585
3275.762802
3227.852585
3146.152255
2945.448545
2849.474570
2726.126454
2726.126454
2674.362818
2742.958295
2886.639120
2899.777960
2826.970871
2867.522324
2873.446391
2724.032479
2683.754852
2765.180083
2616.272355
2592.727798
2714.124631
2793.059545
2797.548556
3017.009001
3138.638353
3169.491620
3223.896553
3181.983756
3220.664152
3059.877761
3065.902935
3109.907829
3397.819743
3350.696269
3477.779125
3459.026630
3390.184843
3152.262673
3102.503132
3116.715847
3259.037480
3300.784170
3404.889775
3412.154572
3414.058931
3211.263661
3259.462815
3232.287922
3214.160410
3124.665539
3124.665539
2944.817503
2752.786848
2863.251469
2834.255632
2861.173773
2974.315952
3300.280842
3161.976396
3347.644248
3247.554947
3285.729189
3059.877760
3093.643299
2962.087087
3187.475955
3166.669864
3291.968840
3416.498760
3463.905099
3445.948543
3380.869548
3376.947773
3265.688428
3314.099738
3109.616440
3184.941098
3276.139133
3384.957597
3330.576696
3383.504708
3477.084068
3364.117127
3286.799849
3335.319513
3402.065294
3354.065208
3285.619302
3346.682443
3287.166004
3275.464956
3312.716442
3421.342682
3437.006081
3483.287587
3572.941233
3376.757683
3238.280443
3250.366683
3085.709391
2976.411869
3166.569095
3300.417597
3268.467536
3525.305598
3446.197279
3362.468065
3266.127883
3203.238162
3025.908690
2981.364374
3029.651450
3141.933035
3253.494301
3483.287589
3729.484720
3654.149612
3685.620298
3579.455939
3393.228262
3253.640047
3347.462196
3192.969922
3134.605580
3109.502516
3209.352786
3140.331733
3157.301323
3091.981864
3121.515365
2934.645260
3147.672023
3304.568458
3508.204651
3535.532773
3654.149616
3518.711372
3516.845441
3358.132799
3489.874628
3525.169862
3504.384873
3418.282637
3509.028089
3473.186982
3387.930998
3427.847548
3325.276565
3338.856513
3297.232629
3397.503442
3311.733600
3384.957599
3317.014392
3302.430454
3304.568454
3358.695959
3417.219217
3333.561473
3323.022152
3314.822779
3302.229111
3308.301042
3403.515277
3461.961479
3414.058932
3401.626075
3392.915184
3358.987960
3248.608137
3268.913626
3403.019016
3495.496037
3659.769352
4015.289337
4090.420554
4029.450042
3962.920690
3990.235797
3747.931255
3728.932386
3643.291302
3666.224064
3485.331247
3581.178786
3403.832742
3460.297397
3447.614625
3574.456907
3651.970264
3770.988447
3848.273407
3760.475227
3862.263536
3655.173706
3705.627611
3641.087492
3701.619280
3608.417155
3706.731743
3592.222271
3569.506057
3666.858363
3642.181227
3646.460187
3804.888414
3869.572985
3715.134073
3570.448781
3415.959870
3244.935041
3184.683781
3177.683276
3225.051353
3392.273713
3486.057902
3620.082867
3603.105294
3714.493533
3607.700450
3580.320939
3682.857002
3799.746135
3824.539243
3879.017571
3943.985971
3703.717137
3761.698214
3809.666863
3897.288465
3922.122823
3924.359966
3775.904540
3690.171498
3543.987997
3387.498324
3548.066315
3679.472201
3772.579115
3945.876586
4121.162067
4148.600379
4134.088652
4158.472554
4089.787886
4106.552584
4058.415840
4125.237967
4163.419369
4389.066704
4441.428880
4579.552508
4526.746392
4565.722541
4438.240784
4429.795129
4294.271553
4229.401458
4138.737109
3998.747093
4011.286801
3917.438729
3934.467949
3886.518121
3974.340398
3913.982169
4135.144081
4085.443345
4263.774091
4245.150373
4386.866564
4263.774091
4489.475166
4507.358483
4710.298055
4737.015603
4879.474408
4739.259828
4664.163628
4447.152292
4378.440429
4324.319527
4491.333801
4511.606884
4701.919638
4668.601384
4630.736609
4593.064922
4710.906486
4601.994334
4652.476999
4673.185947
4800.542660
4856.861524
4969.805056
4840.198026
4811.043336
4742.161901
4646.876151
4720.414611
4883.108861
5085.411936
5069.091693
5157.205301
5019.543696
4994.191507
4808.567596
4804.206758
4797.573048
4786.970085
4742.989140
4903.769387
5119.238769
5144.022519
5323.501416
5384.140419
5338.212007
5067.216994
4953.595493
4899.470902
4945.586243
4974.711768
4880.661303
4948.352570
4889.904949
4962.946530
4965.091087
5125.975445
5338.469212
5434.160843
5480.780771
5398.924043
5660.334355
5676.120369
5738.447586
5880.641315
5922.578168
5809.664765
5693.910088
5790.176317
5692.300594
5782.095589
5976.362978
6005.641176
5957.424891
6047.293472
6254.253470
6070.212606
6181.347019
6158.095988
6272.850132
6122.587805
6298.216673
6313.924985
6456.035336
6608.552220
6856.600955
6921.682334
6885.863479
6831.039860
6810.484782
6695.414180
6651.776214
6683.418190
6768.962841
6614.777832
6706.083712
6967.389602
7225.121254
7339.511609
7509.278461
7622.175847
7588.268070
7325.957065
7470.274540
7635.446287
7681.375057
7679.378247
7939.076331
8066.350182
8043.500791
8091.783237
8304.854445
8537.593954
8527.743299
8790.836662
9053.060664
9189.388099
9415.886476
9726.486887
9891.682244
10111.060944
10354.718808
10508.481468
10694.559925
10853.004451
11066.948801
11246.191372
11476.964477
11740.126692
12022.485188
12506.414605
12731.960351
13225.164526
13565.151823
13822.831344
14053.895138
14672.725995
15063.940118
15496.009642
15957.585921
16393.673684
16648.294151
17004.321785
17382.480405
17772.711790
18411.464075
19198.820924
19178.123809
19750.593706
20429.194178
20997.264990
21968.118024
23156.360815
23763.862967
23979.193757
23419.006067
22022.485605
21069.667778
19787.595687
18854.122255
18351.284469
18148.745702
17680.095717
17092.448796
16643.941554
16235.237068
15677.698812
15312.683848
15467.125712
15486.779968
15323.529406
15365.127462
15501.000977
15594.316741
15588.484707
15730.167623
15807.985802
15669.357337
15586.646788
15543.982044
15774.714989
16258.794972
16584.139648
16927.223000
17129.925333
17221.269486
16914.318849
17050.208809
17282.508941
17620.429952
17841.825284
17996.207342
18154.947434
18112.982236
18524.983396
18693.224191
19205.022358
19686.970804
19924.146828
19482.521637
19572.230236
19665.968806
19541.252986
19748.250686
20012.913836
19894.446517
19373.990030
18766.462975
18116.969658
17728.517514
17199.293842
16887.012923
16861.548205
16808.862555
16915.632157
17266.541158
17561.306240
17938.947372
18185.101698
18202.694641
18145.870251
18722.185339
18830.620032
19417.691725
19858.175783
20227.569895
19962.637124
20224.516583
19942.938781
19865.964194
20047.359973
20402.558032
20569.700216
20697.196079
20442.213068
20329.309104
20248.099578
20241.319467
20339.520815
21187.349689
21563.180130
21732.622739
21920.451287
22162.600835
22137.756419
22394.326111
22229.671511
22027.625077
21675.123861
21593.680336
21401.975667
21869.010354
22176.889040
22577.857168
22698.938088
22454.252424
21765.787673
21512.093200
21409.817852
21006.683837
21094.519525
21476.669727
21250.626434
20667.838738
21073.217948
21506.719145
21555.482253
21747.458978
22225.722749
21747.458978
21464.669946
21501.254469
21815.908507
22386.243075
22866.165078
23296.307448
23822.740844
24299.837154
24003.167672
24001.359579
23971.713191
24128.568781
23929.995999
24196.497309
24560.245745
24186.923684
23509.701702
22984.935588
22596.407398
21744.741791
21564.323898
21562.900315
21415.405006
21352.874180
21649.586328
21783.431393
21906.519203
22580.798808
23013.477708
23771.299919
24667.351573
25205.462203
25135.340317
25337.412501
25030.724655
24028.650142
23210.441310
22813.937602
22457.922252
22018.220863
22281.597330
22338.229504
22552.748567
22507.387689
22556.932150
22425.577769
22718.060057
22550.754292
22356.335871
22278.982729
22277.378272
22368.796079
22368.796079
22514.892506
22938.970701
23204.588784
23114.457188
23132.494452
23207.632902
22735.793698
22647.745469
22894.208670
23381.035360
23545.744405
23967.729391
24103.106831
24034.101511
23604.485952
23754.981964
23803.122983
23264.093124
23212.014335
23440.518202
23194.607401
22958.542711
23680.951393
23651.139776
23513.418028
23496.760121
23594.980406
23298.419724
23198.067043
23001.467145
23258.707247
23753.251642
23895.143929
24008.074857
24451.076950
24551.522369
24190.214465
24188.174255
24142.103912
24058.474611
23855.857398
23895.628260
23789.153572
24077.254015
24186.288021
24638.982251
24808.355931
24916.880137
24607.689028
24630.347291
24085.488275
23348.168608
23075.109892
23014.047144
22575.361166
22589.713047
23051.110040
23181.063999
23750.631494
24232.762030
24130.384491
24013.470395
24153.274391
23733.683676
23430.613860
23503.649749
23478.662969
23658.185359
23937.450107
24311.234352
24595.353344
24689.560128
24497.329865
24280.399048
24320.726563
24107.620452
24264.305000
24356.210345
24694.353808
24475.127319
24383.249837
24305.827182
23907.242496
23255.447879
23198.590032
23319.858736
23756.522065
24545.845977
25113.880053
25113.880053
25080.676454
24844.987080
24565.007557
24859.132805
25015.005041
25293.317532
25369.681463
25334.573241
24927.623381
24848.241551
24505.252335
24357.411630
24697.967065
24994.323929
25638.855289
26134.708256
26249.102046
26161.776402
26282.650288
25789.053879
25636.284815
25204.611453
24822.647018
24385.795803
24275.122321
24177.166249
24623.275294
24613.126454
24640.390143
24699.238716
24504.863194
24068.766163
23766.116503
23354.479035
23198.193895
23350.610739
23597.133139
23795.533967
24154.215860
24810.525639
25573.070602
25763.085910
25967.378047
25893.040581
25349.634877
24693.874148
24377.091312
24621.475203
24837.916362
24783.477881
24468.511934
24673.085810
24608.064944
24667.282001
24951.976298
25272.991635
25091.590610
24947.992490
25100.435795
24830.732342
24678.505227
24705.867251
24467.627291
23772.278860
23423.530277
23185.253288
22880.860445
23087.388719
23455.121048
24174.202952
24788.485809
25141.375349
25076.754667
25170.345225
24582.651774
23797.451035
23750.933746
23745.002630
23544.422034
23754.798361
24306.103938
24487.281688
24911.744407
25080.917916
25090.150111
25041.909929
24895.716886
24398.770953
24100.222844
23866.757075
23873.825323
23979.996337
23923.529046
23774.942176
23610.024227
23025.282929
22534.830256
22162.847585
21979.027729
21906.620077
22249.344647
22673.140132
22837.943578
22963.667315
22960.810252
22881.613790
22779.524317
23520.409230
24232.882543
24684.964507
24787.801002
24643.641830
24050.463289
23453.357877
23163.713416
22641.459398
22313.562723
22104.633702
22255.019029
22366.133086
22631.576861
22737.500003
22529.473500
21821.318090
21182.900609
20826.034330
20736.176989
20508.726533
20734.676705
20971.592212
21274.105921
21241.302141
21452.146431
21483.174924
21716.226333
22092.005034
22908.685283
23422.607278
23646.315403
23326.538473
22756.645410
21988.304514
21744.197844
21737.240004
22113.089218
22491.237788
22825.361687
22887.713595
23013.728745
23087.701129
22948.081845
22822.498026
22507.637059
22407.026266
22246.601347
22253.069603
22069.257466
22378.084854
22489.192204
22576.820058
22773.133001
22916.936553
23063.723854
23107.543281
22971.590771
22754.600117
22604.276927
22524.338401
22184.351386
22393.186733
22448.909377
22814.072218
23102.823408
23931.355824
24106.311190
24530.321846
24855.676796
25020.783237
25037.136253
25376.676015
25552.639783
25871.812159
26040.649630
26251.708432
26197.275640
26047.013700
25795.607658
25657.995297
25147.707951
25051.445605
24828.295958
24535.558365
24300.009553
24091.234618
23760.784059
23775.163894
23457.946825
22937.880598
22662.297111
22436.484904
22208.387441
22250.392563
22576.072202
22801.865112
22763.152960
22903.148211
22813.304434
22694.602435
22669.269266
22972.159648
23127.082926
23647.130392
24340.186987
24797.670209
24930.888904
25467.447789
25476.735448
24736.558995
24540.446306
24700.726570
24477.600588
24592.517652
25110.379423
25319.217067
25050.356911
24576.238005
23908.085324
23260.154047
22784.434251
22879.630189
23134.144330
23568.249905
23916.974498
23975.764071
23457.584318
23326.134030
23507.529957
23733.459270
23563.916113
23783.526269
23760.557112
23286.400830
22614.343694
22298.676843
22050.270668
21323.014027
21325.715919
21899.420944
22325.569714
22425.073786
22496.223271
22304.009807
21610.808815
21220.254243
21128.891487
21489.055464
21346.622223
21395.143384
21801.783301
21933.336835
21877.164785
22489.192204
23134.144313
23196.925527
23293.795000
23298.252975
22982.679753
22844.690916
22763.464131
22933.030395
23212.886668
23616.119232
24075.455532
24405.506704
24534.603175
24887.126251
24653.263393
24229.059448
24235.987470
23835.545687
23382.199112
23281.983442
23071.244776
22786.890685
22893.438321
23242.189253
23690.648670
24164.766203
24297.043454
24466.674158
24343.180917
23852.707889
23369.915044
23248.883769
23049.659424
22849.836052
22820.194822
22755.243832
22747.067230
22851.186738
22688.241359
22862.024142
23158.066712
22773.472025
22544.872204
22250.819103
21906.420582
21847.846920
22397.185044
22849.974546
23534.720825
24041.831680
24121.227212
24050.352103
24170.376720
24188.921840
24019.498568
23627.335786
23754.626608
23308.857989
23117.117649
22925.010291
22784.925671
22275.422313
22306.630605
22043.411185
22062.472155
22127.221074
22344.503316
22255.949355
22258.492797
22581.839039
22348.265573
22314.892706
22430.600489
22925.360036
23108.682454
24407.908426
25363.869317
25664.793858
25236.954448
24754.185683
23754.311683
22806.273322
22491.686361
22718.971211
22642.025305
22656.794846
22472.861249
22294.346774
21839.050984
21841.261257
21993.443065
22185.165690
22158.389430
22208.387428
22064.699043
21805.939964
21210.095056
20764.867426
19912.606782
19127.429539
18264.925646
17815.841445
17818.291708
18471.918033
19127.485735
20196.400855
22337.696129
24140.611706
25865.256689
27619.571782
29033.258528
29173.730414
29458.674730
29126.273904
28397.460257
27777.410517
26843.752511
25380.450602
24392.415667
23531.879185
22802.976585
22615.181613
22405.130299
22229.671502
22091.658413
21922.377056
21452.504465
21515.817843
21686.879575
21965.076867
21967.054494
22319.853203
22269.480741
22430.975689
22585.725808
22489.500673
22251.179693
22541.089516
22695.499709
22639.443435
22923.041528
23568.136291
23902.911777
23976.002426
24419.295817
24525.769435
24107.745459
23813.531459
23772.087477
23352.077476
23458.311256
23563.257969
23359.651448
22741.434084
22749.554676
22624.275324
22962.565634
23306.756083
23830.518012
23573.676371
23120.710755
22379.729036
21531.156938
20879.360193
20625.949673
20766.642059
21115.157391
21551.740651
22335.039188
22763.152940
23053.688858
23573.389881
24320.399355
24409.867352
24986.345489
25430.648599
25034.435141
24684.213902
24238.772699
23858.873242
23583.301906
23616.348924
23580.462679
24094.109507
24002.088814
23778.977603
23711.556824
23435.864764
23233.143609
23377.535055
23525.475918
23255.862807
23419.006067
23521.034302
23529.566256
23701.175255
24250.251607
24420.210782
24317.702969
24265.225356
23908.491775
23292.697472
22711.274452
22046.421363
21721.785386
21443.235086
21422.425434
21336.399407
21444.958525
21662.283133
22320.027196
22541.390330
22541.390330
22679.095612
22489.399174
22194.684355
22151.091348
22655.405097
22891.215749
22991.876557
22795.215288
22916.309903
22952.633020
22927.304127
22695.759066
22514.140495
22194.550565
21995.451917
21769.772255
21748.530926
21830.520057
21703.365189
21687.060160
21478.290499
21617.301453
21745.967881
22027.458765
21991.585228
22400.092063
22471.697903
23025.176738
23864.715531
24724.266815
25110.524766
25417.807053
25212.970800
24799.509521
24457.801835
24108.675424
23785.628531
23638.748259
23627.074062
23255.594990
23247.873016
23278.747188
22809.047586
22355.778357
22118.014964
21800.607343
21462.661869
21274.105898
21118.069093
21011.390185
20963.704918
20974.057136
21414.652526
21946.800852
22295.791023
22669.269248
22992.960064
23053.688845
22736.021296
22399.171450
22643.322143
23153.269996
23323.910983
23010.723857
22908.956564
22339.003390
21453.341955
20942.405832
20900.303716
20381.827259
19873.082616
19314.684918
18982.994468
18917.797189
19487.796038
20122.677678
21697.473780
23696.409049
25241.358756
26748.475405
27959.441182
28122.327900
27362.018457
26397.476144
25485.647174
24838.055926
24763.399411
24380.869954
24228.275919
23848.103792
23132.091948
22282.168193
21841.559832
21600.972996
21420.421606
21266.074450
20983.786930
20459.551406
19968.947593
18856.306482
17847.692309
16845.409956
16333.550337
16235.461686
16615.531853
17104.161449
17492.303776
17776.804338
17830.063185
18182.018016
18194.082592
18406.780580
18850.043943
19154.158017
19498.073524
20319.170205
21596.942086
23009.137371
23965.221182
25033.399093
25622.057673
25908.157750
25790.305928
25655.633397
25501.982908
25656.194289
25390.686192
24747.491459
24796.192370
24320.726563
23685.694634
23259.584618
22798.042170
21914.890723
21254.208712
20348.414372
19637.796484
19103.369188
18531.329198
17746.880160
16783.238192
15488.912141
14119.029404
12999.726560
11911.892093
11518.509952
11120.061774
10938.114981
10833.364461
10851.652676
10678.656674
10688.853955
10837.496286
10630.811730
10586.935970
10412.485969
10501.757293
10182.445676
10537.280011
10390.736723
10607.820667
10394.175469
10340.169686
9956.100150
9870.397339
9820.088552
9769.707384
9984.574631
9779.893109
10062.958708
9939.728728
10054.488619
9937.785749
10188.014444
10152.167160
10042.137458
10417.150623
10513.509638
10488.145961
10630.986480
10789.596815
10290.161993
10325.269554
10462.223375
10260.519518
10203.977515
10433.672531
10383.745391
10310.260615
10405.557164
10833.316597
10825.365370
11163.574260
11380.636921
11486.971147
11190.309476
11274.023418
11115.280457
10991.993075
11223.200210
11367.149663
11325.316129
11291.907014
11270.934551
10951.794853
11246.208613
11434.276078
11735.128329
12304.979407
12689.642135
12996.706995
13362.024696
13612.257109
13735.485623
14314.694229
14534.338752
14682.839200
15278.123908
15555.797330
15561.949404
15693.940761
16148.836139
16570.791748
17383.243432
18344.703861
19211.538398
20140.644410
21080.084260
22253.924731
23215.368282
24245.441041
24583.340923
25126.390683
25082.300215
24829.018346
24190.052192
24127.135914
23461.411779
22711.888477
22358.340699
22030.488174
21593.000066
21441.786700
21483.378991
21311.619212
21662.525440
21722.666705
21697.690640
21994.548429
22141.424506
21737.732086
21611.030737
21406.488046
20865.399803
20505.894241
20625.251427
20664.526610
20802.795660
20879.647812
21020.336214
20840.067603
20385.518009
20017.870139
19631.294431
19038.940983
18399.823256
18107.859867
17582.982751
17228.389755
16975.053477
16761.773566
16561.707122
16189.273848
15748.593720
15443.987102
15073.840923
14827.443860
14428.818109
14000.358146
13292.554614
13023.419469
12331.604370
11880.666731
11310.395422
10733.386156
9593.014464
8596.988095
7517.257219
6607.587078
5788.574721
5205.348306
4867.131614
4560.010752
4297.222292
4082.206630
4027.801507
3852.362490
3754.482174
3685.451326
3821.382853
3888.238319
3890.221968
3965.082580
3913.076751
3790.701833
3686.453504
3740.776097
3876.486700
4179.280337
4589.068358
4856.278539
5135.917277
5160.962254
5204.919044
5218.235697
5330.933766
5306.435032
5423.340696
5469.090258
5487.210724
5347.393651
5175.928524
5090.328822
4902.563258
4630.969378
4706.139923
4762.372676
4469.783269
4403.515005
4403.515005
4376.358357
4434.432612
4653.931347
4850.222547
4911.267667
4848.526843
4650.383643
4518.631596
4412.081505
4441.604862
4345.662397
4598.509713
4727.775079
4748.518406
4543.022655
4669.963866
4592.910255
4622.341687
4567.697871
4581.194179
4376.901714
4361.970418
4268.069091
4211.556771
4144.101227
4141.508959
4058.284059
4085.659120
4014.606394
4091.472068
4327.204676
4627.900976
4590.293203
4730.368665
4793.582793
4760.546040
4505.196720
4749.769692
4760.546040
4733.334156
4568.014049
4603.784494
4553.688556
4751.962966
4892.148164
5082.044068
5219.795983
5017.308568
4772.709713
4816.218004
4747.177116
4628.053489
4721.952563
4716.085872
4442.148147
4394.087427
4440.217464
4479.634790
4477.884554
4624.704841
4568.162469
4168.950631
4060.549774
4052.314625
4088.700155
4078.010439
4247.207982
4251.596978
4205.793150
4072.373983
4134.862288
4122.418088
3882.315693
3955.146306
3944.138783
4037.609948
4113.212803
4332.178855
4510.070865
4686.588904
4734.413681
4813.384677
4976.452636
4888.836029
4880.113935
4781.921777
4704.646774
4477.047705
4445.436431
4382.161409
4217.103193
4338.530670
4406.964221
4490.943383
4418.069159
4516.352292
4491.462787
4593.663116
4424.597593
4377.238613
4387.302980
4349.801341
4272.450783
4314.390325
4531.566409
4510.918978
4441.785011
4535.762175
4629.944887
4575.646033
4621.648425
4545.950526
4437.808989
4126.393839
4010.986993
3852.165548
3950.925694
4057.488706
4220.103948
4179.124457
4269.057385
4421.425362
4494.596722
4494.596722
4512.491480
4399.795564
4195.111051
4036.796605
4097.052949
4287.074855
4387.145553
4393.549822
4306.037555
4293.557006
4223.262864
4206.731851
4442.501928
4543.022653
4521.850315
4462.802700
4788.783531
4598.981598
4525.814546
4613.474168
4674.153628
4379.781604
4413.321542
4492.706992
4358.830205
4408.912021
4617.496007
4609.550948
4515.559451
4555.150245
4500.815079
4287.726002
4266.956821
4260.619995
4250.561516
4220.842815
4389.665600
4369.354961
4366.701386
4412.799218
4424.226031
4432.746294
4511.888127
4683.042165
4643.543692
4525.939168
4469.285302
4411.160694
4402.952036
4488.286429
4746.156330
4662.553275
4725.256448
4568.445912
4468.503107
4450.392427
4373.032250
4278.954577
4440.062919
4462.693098
4317.904309
4330.505697
4405.581716
4341.052357
4386.866564
4445.793642
4489.911873
4583.594876
4504.423347
4544.017065
4503.325780
4398.837006
4208.557538
4252.378607
4300.735706
4207.870911
4245.762813
4260.024285
4197.686208
4149.573460
4208.127226
4153.908789
4287.569820
4556.934806
4519.440838
4582.788154
4720.640429
4743.320012
4797.825661
4927.142687
5058.753037
5070.929324
4989.597544
4791.153942
4760.346221
4610.830500
4771.597584
4811.043336
4846.535394
4610.830496
4671.696646
4538.042064
4504.654276
4590.131253
4694.676674
4717.336846
4717.336846
4829.841525
4612.955224
4779.817063
4836.568466
4886.728109
4792.587507
4786.307338
4727.940872
4499.541840
4572.620948
4576.562893
4591.258998
4487.004490
4586.406678
4536.276345
4444.370750
4544.524640
4567.529966
4678.893399
4601.059931
4837.199002
4851.799613
4837.199004
4554.454736
4667.782490
4654.549159
4706.707355
4792.409941
4971.180734
5006.591704
4927.142687
4966.725065
5002.307674
4835.260852
4711.679823
4640.722172
4400.606851
4183.623880
4416.850642
4491.731772
4525.365733
4763.229237
4882.299754
4811.847368
4870.666245
4968.988483
4966.356057
5031.058768
4954.314567
5215.717077
5232.496807
5219.325089
5200.906788
5336.778029
5060.583389
5167.664690
5263.396271
5154.859691
5053.246495
5136.626008
5024.024625
5092.937218
5306.047206
5339.630654
5111.901105
5139.317982
4961.923831
4801.044411
4927.408856
5143.012202
5320.072859
5409.901461
5575.206777
5629.631275
5502.057424
5334.715889
5295.400286
5280.336934
5228.695784
5184.702198
5054.971978
5040.552025
4975.935261
4926.177257
4934.659937
5049.394247
4927.819762
4967.983691
4915.715147
5016.183867
5141.137550
5373.422174
5418.903024
5511.980324
5566.314318
5536.886499
5352.867244
5438.827946
5678.595457
5545.007163
5373.659159
5664.024748
5850.052652
5978.636776
6223.636453
6410.919743
6319.706961
6304.240776
6125.693109
6090.460409
6180.099372
6226.371001
5988.129135
5790.973821
5793.521518
5734.703983
5559.156214
5682.616941
5725.040944
5599.830096
5577.041254
5850.765377
5811.281986
6001.131392
6013.849270
6005.578642
5823.796519
5736.075323
5643.351962
5799.807769
5837.536487
6014.886824
6194.636325
6348.551713
6409.302401
6508.643348
6825.041904
7079.370970
6975.047406
6894.002516
6812.154964
6465.685257
6369.374371
6639.024977
6970.940970
7002.238292
6968.329788
6983.503502
7051.261997
6737.961350
6817.546607
7120.447237
7072.499463
6873.352432
7021.304187
7025.580029
6975.162446
7002.580408
7084.046614
7130.213538
7315.615185
7207.903436
7149.159406
7277.603356
7279.898763
7258.677587
7327.725179
7571.866376
7601.377761
7800.193335
7806.196649
8058.765711
8046.594843
8055.052117
7990.624803
8134.731868
8011.409988
8034.683234
7957.378919
7970.395162
8082.959175
8275.177267
8469.867384
8810.242064
9148.700050
9169.919097
9105.660339
9445.232682
9408.798466
9538.670362
9587.448312
9873.235844
9651.468265
9853.169121
10026.620873
10261.757218
10486.525245
10897.715818
11230.427427
11350.914614
11676.686276
11956.528255
12075.141082
12085.077086
12506.414605
12788.455750
13018.274127
13381.514276
14046.665984
14369.982328
14718.868742
15249.781646
15395.520188
15372.612322
15181.004192
15084.802877
15203.810834
15624.058650
15976.131805
16617.416079
17331.952993
17866.461619
18227.549980
18533.188331
18840.115145
19666.771775
20688.194267
22246.258028
23895.313995
25465.840106
25888.076135
25382.065951
24319.571203
23479.876174
22441.754141
21773.193894
21855.106959
22091.436195
22000.577588
21798.357745
21833.858378
21823.256677
21463.727404
21208.507347
21156.411568
20968.408662
20517.083487
20863.704207
21001.630568
20928.677309
21057.819720
21125.285433
20590.531976
20180.815437
20376.896099
20072.285376
20036.646818
20078.146448
20225.012531
20008.125109
20246.730124
20288.348214
20255.197026
19920.549687
19811.319577
19698.916627
19761.521367
19636.264244
20045.412476
20302.363174
20385.830969
20295.997578
20725.938653
20852.919953
20725.514170
20349.633848
19781.283599
19765.085740
19742.113316
20193.583627
20661.316981
21266.783506
21145.919121
21209.104510
21334.395416
22011.352146
22510.276112
22595.867531
22523.429655
22212.085239
21788.157889
21781.893308
22343.773230
23158.066712
24081.018510
24465.741878
24574.217583
24540.446306
23902.601145
23457.707953
23518.618314
23533.056237
23315.886071
23567.218805
23760.905854
23834.689832
23948.677612
24082.428190
24049.117614
23683.270464
23520.087711
23553.859982
23846.064622
24264.735456
24343.899198
24180.947396
24227.411840
24177.309884
23787.875664
23781.601626
23771.455176
23762.848207
23560.584268
24026.383582
24265.850341
24492.083817
24270.269877
24531.364007
24405.137703
24033.450448
23757.332388
23621.608551
23168.661209
22996.540464
23205.304133
23149.258594
23412.508552
23717.390548
23617.536263
23563.482461
23782.633649
23682.364455
23695.451561
24070.412525
24440.126065
24692.831633
25058.013760
24949.466739
25187.597835
24938.856819
24500.348217
23861.389970
23616.631257
22678.151484
22285.479854
22164.294965
21567.168847
21491.326649
21679.172801
21834.157432
21547.851169
22083.136090
22197.508155
22188.708601
22296.914043
22718.616620
23130.189630
23339.124823
23470.649575
24097.091802
24549.811853
25170.120768
25629.280358
25749.153287
25924.581173
26091.456512
25922.766983
26085.779070
26365.991248
25766.726940
25485.393272
24848.115090
24227.875123
23824.978341
24044.377195
24046.426502
24427.974110
25132.157327
25761.254818
25777.554550
26200.369783
26187.583820
25748.783684
25063.208160
24603.766455
23681.072158
23202.842440
22538.971561
22174.269870
21756.725810
21911.371565
22454.091680
22982.441565
23396.592808
23721.294705
23490.226812
22916.197009
22574.283885
22514.767977
22740.786638
23075.109892
23853.593186
24596.578254
25017.557804
25403.806545
25632.135758
25370.140079
24846.729460
24491.615538
23689.778760
23213.052881
22841.573001
22758.054373
22549.894396
22533.177583
22748.233196
22677.681453
22531.107056
22870.121804
23068.760483
23093.477863
22985.333148
22974.816438
22813.937602
22837.541135
22981.538602
22971.012652
23296.639357
23054.393554
23167.430062
23044.377257
23061.048313
22690.979818
22806.588821
22865.461604
23267.973479
23658.440940
23877.644738
23964.017846
23544.152999
23065.333556
22877.799273
23117.983096
23425.595706
24060.224938
24400.534847
24582.924857
24411.077285
24112.263330
24202.430948
24204.496386
24227.772015
24661.978342
25461.034452
25656.854063
25869.815233
26262.591537
26146.002676
25835.233661
25518.495085
25415.701677
25102.898520
24812.532068
24678.855430
25055.181051
24912.681026
25240.732987
25689.680072
25915.945766
25368.615124
25084.490756
24692.165531
24517.119526
23903.327205
23615.763489
23454.732676
23208.038625
22721.647685
22837.451264
23110.553518
23486.218301
23964.801899
24468.163229
24513.472381
24329.684363
24139.525221
23663.063509
23385.482068
23118.459321
23045.328722
22876.444636
22832.482055
22872.459345
23048.698702
23126.239873
23224.219126
23372.451285
23313.901410
23259.485443
23178.020607
23130.024627
23048.698717
23167.751589
23366.623901
23346.131497
23483.983270
23527.791234
23134.747323
22770.924709
22710.570677
22152.317572
21668.261527
21669.747297
22140.868095
22109.392288
22234.984775
22420.654340
22610.564164
22712.509968
23286.484323
23791.685895
23915.500527
23775.050047
23325.293407
22671.696014
22458.780874
22469.081270
22669.420823
22640.098867
23149.436570
23293.590571
23360.428918
23885.188991
24590.619786
24779.337203
24780.574383
24548.897176
23738.342629
23222.878193
22880.495516
22901.150834
23022.589180
23443.781466
23244.722945
22973.371119
22662.156965
22472.273861
21877.308138
21610.536084
21350.979186
20901.967781
20764.470483
20695.732781
20637.182541
20926.949563
21490.607551
21900.161550
22416.000223
22775.747508
22959.466591
23113.949577
23268.348948
23159.627144
23008.439448
22899.797956
22844.954775
22619.722387
22110.166880
22205.508487
22265.958959
22138.418420
22288.657264
22944.873971
23180.157923
23409.768009
23640.791338
23595.341628
23271.666116
23210.951599
22889.328248
22753.381765
22772.288129
23075.286507
23129.076568
23346.481437
23902.257000
24332.239591
24188.059532
23893.765717
23482.712734
22509.589525
21878.334568
21682.879375
21562.707711
21535.521002
21736.086210
21662.637621
21817.026522
21907.299274
22062.166449
22054.008128
22168.710832
22194.063860
22297.680874
22431.396769
22688.429424
22556.714929
22675.841235
22766.855271
22985.732267
22981.695656
23563.916113
23887.543197
24063.923364
24101.863511
24212.686417
23690.355540
23082.909824
22587.278943
22017.281459
21620.049226
21708.206587
21716.337078
22008.373452
22058.396731
21824.251664
21369.210054
21103.884141
20873.178092
20622.707257
20708.475145
20958.578489
21057.355238
21023.068811
21489.055449
21510.196165
21286.192848
21326.116207
21495.848629
21278.739901
21305.819998
21522.763854
21746.434771
21463.460372
21490.474957
21730.747298
22104.363228
21891.719982
21950.429420
22180.180667
22077.909018
21935.552929
21958.256908
22024.153222
21813.057864
22118.179132
22381.218086
22437.451696
22331.335471
22216.551967
21572.755795
20760.956914
20209.904256
19861.200144
19670.960650
19464.453168
19038.940983
17984.026306
16796.203232
15428.335820
14192.375767
13323.009954
13473.850773
13867.468216
14197.786861
14609.390037
15057.758949
15473.707425
15572.398508
15712.724763
15963.025225
16193.621429
16420.492980
16703.551241
17246.895002
17434.211631
17909.985197
18113.061792
18509.398949
19039.281037
19941.398721
20928.868121
21929.587967
23158.066712
24311.071856
24855.893079
25355.036505
25444.646176
25596.325008
25092.453223
25094.696632
24320.624446
24245.535481
23412.727274
23258.707247
22984.515322
22942.531885
22786.269755
22809.047586
22190.559020
21430.573849
20910.389569
20059.057395
19318.679768
18943.296125
18938.708883
18631.398537
18704.473390
19076.373869
19330.398454
18904.027894
18572.606329
18344.754462
17661.093920
17135.069379
16903.409611
16892.857438
16237.637605
15549.076396
14590.649509
14234.462889
13582.389221
13300.238843
13210.514097
13349.575016
13182.630632
13080.590702
13122.464110
13276.166360
13213.790331
13330.360007
13575.031424
13664.735627
13873.235096
14311.692564
14359.545487
14727.638454
15023.463992
15295.038845
15441.403090
15593.791205
15566.967334
15539.318155
15514.052260
15395.509840
15660.623752
15679.158606
15815.579573
16133.585078
16681.460575
16892.588104
17686.054442
18879.634571
19654.371941
20459.635502
21108.001775
21198.974068
21084.506248
20975.390104
20664.526610
20723.554465
20570.330476
20353.388956
20266.984120
19810.294983
19461.461757
19275.455091
18711.769637
17990.340978
17658.941955
16943.933812
16544.789326
16227.876243
15826.551882
15294.975475
14618.044385
13642.675259
12558.843558
11685.752387
10908.900838
10057.081557
9108.325610
8271.606300
7289.965531
6251.083163
5667.171077
5128.232921
4599.811132
4346.312334
4158.310173
3974.640532
3890.927549
3935.106550
3925.665189
4007.285651
3951.355150
3986.366487
4093.165371
4124.752463
4149.832724
4400.261508
4565.607975
4721.764300
4878.109409
4884.134584
4894.656879
4924.075686
4911.397420
5047.111038
5389.486073
5431.629220
5339.431327
5368.722156
5253.557922
5023.911765
4912.867433
5044.584393
5034.137247
5084.234130
5084.234130
5008.957073
4946.270597
4847.789836
4719.246450
4700.181471
4880.113935
4946.640236
4994.461355
4951.630804
5100.145567
4897.392307
4818.066899
4882.801266
5018.703542
4834.915170
4782.732628
4772.124453
4631.834813
4365.204384
4377.859563
4409.174819
4241.840221
4050.003661
4104.151385
4010.226558
3974.640532
4125.077588
4384.132713
4442.841332
4513.733263
4612.069982
4532.684911
4392.809905
4279.319178
4252.233916
4225.076214
4459.238842
4601.059931
4535.594353
4450.094573
4510.769335
4437.665121
4272.323514
4288.180103
4403.378518
4342.185584
4235.882856
4250.977812
4372.895389
4228.919193
4078.141292
3815.463509
3696.513574
3632.856379
3630.843344
3785.066382
3923.209130
3821.083580
3911.261652
3969.977629
4041.038252
4241.214825
4280.874628
4278.714165
4101.117356
3790.034787
3496.101659
3468.804452
3529.572695
3742.508741
3830.048626
3857.364374
3961.963947
3862.360391
3736.938705
3864.436880
3987.232144
4041.878305
4032.952416
4197.976484
4187.457295
4335.664951
4481.934494
4483.824991
4344.353589
4266.956823
4047.370555
3855.292018
3771.994026
3715.240213
3757.075297
3765.342747
3797.029756
3756.291240
3768.977405
3658.194684
3528.720681
3524.564344
3468.229410
3478.125788
3363.413104
3413.626342
3361.272927
3458.549876
3573.442673
3665.050711
3663.335646
3686.106498
3697.592958
3594.945368
3609.793258
3653.662871
3622.251687
3545.417690
3595.355089
3528.867683
3472.108804
3480.736535
3433.361877
3314.248871
3391.343388
3522.968935
3410.347560
3455.440203
3497.130733
3547.376181
3401.323313
3518.347125
3461.510711
3432.663841
3281.792203
3415.571887
3353.144196
3397.938756
3333.389290
3592.588909
3414.828681
3462.649199
3447.037336
3561.967891
3330.131862
3497.130733
3580.463731
3804.591467
3852.564958
3936.077102
3858.645280
3752.236145
3575.622925
3682.502144
3820.506014
3870.238397
3912.012850
3815.189147
3564.165407
3520.320791
3593.390675
3752.140851
3897.141194
3920.411048
3752.587002
3544.128768
3258.229618
3122.099449
3099.431246
3103.665984
3009.523555
3128.205079
3198.630734
3378.088849
3407.482245
3697.906790
3783.691491
3812.982310
3681.269722
3668.948712
3480.893501
3322.163691
3177.480660
3237.775274
3254.611118
3507.529990
3496.889592
3546.746543
3452.493120
3471.340768
3126.677123
3140.986675
3191.386133
3268.467536
3387.610601
3562.981373
3771.994026
3769.694441
3678.103282
3427.400036
3314.392628
3160.028270
3146.152256
3056.393685
3158.735827
3139.998551
3131.545952
3075.176229
3187.605333
3164.924859
3206.402151
3126.888285
3195.159031
3192.969920
3163.944102
3205.803514
3339.088737
3303.013339
3470.210606
3457.834916
3403.185852
3244.829387
3203.838468
2929.766111
3122.099448
3193.292479
3322.722342
3320.650625
3360.072982
3305.892094
3220.566088
3164.102257
3191.280776
3199.226218
3080.437552
3061.111541
3034.661702
2966.329000
3056.393684
2962.351592
3045.865185
3104.337088
3332.886475
3341.337056
3625.601588
3581.178786
3543.856485
3358.277869
3356.102427
3185.267023
3116.058111
3088.969190
3009.574529
3172.693243
3206.098239
3400.394345
3294.009602
3400.165766
3153.380641
3149.565773
3109.907829
3209.851470
3214.241518
3195.801861
3214.241518
2972.018651
2970.471123
2886.240405
3005.905865
3137.491968
3297.842841
3469.454850
3645.856684
3739.909702
3626.882757
3850.398740
3664.240321
3637.278937
3489.219500
3340.948081
3311.442432
3513.898973
3731.325625
3702.080861
3806.096002
3653.895294
3411.986967
3101.888838
3149.894240
3237.534550
3245.754866
3514.999296
3653.429161
3695.476583
3418.969458
3384.296995
3153.809260
3117.376042
3170.021717
3337.288516
3368.969372
3502.512480
3649.214550
3442.484730
3507.529993
3551.211715
3584.401554
3418.969460
3534.350652
3592.812099
3417.219218
3298.218788
3171.802749
3104.679006
2935.224598
3035.473525
3018.997612
3095.966628
3236.083214
3286.195181
3446.889502
3451.393535
3496.550770
3433.774227
3483.890758
3252.075058
3358.418229
3311.014600
3172.958431
3187.605333
3193.965582
3175.074177
3195.659064
3316.668253
3337.553511
3475.622095
3462.649199
3485.460062
3529.431103
3527.552292
3477.282244
3623.049946
3756.811851
3748.520126
3746.493683
3752.338720
3583.651904
3354.982909
3423.796081
3260.635840
3423.796081
3432.663841
3570.344469
3429.833845
3666.224064
3645.679569
3637.142002
3686.858578
3756.012245
3726.657846
3578.681901
3618.175726
3545.624671
3601.938272
3740.047990
3815.189149
3921.390733
3968.976029
3889.833317
3735.079533
3543.263766
3313.384920
3224.793920
3314.822779
3404.433243
3519.422201
3588.588403
3529.572695
3504.476281
3166.344912
3237.252261
3222.770301
3308.301042
3352.700329
3531.672647
3757.366158
3772.288521
3740.524399
3746.856054
3690.295094
3471.046339
3441.968871
3504.968004
3415.377943
3521.644799
3570.150448
3582.653172
3598.430664
3598.430664
3652.875830
3508.478674
3514.438937
3485.331247
3447.614623
3337.151413
3439.434100
3328.856329
3240.183871
3238.083054
3290.995789
3098.439090
3006.497520
3034.355043
3009.122235
2908.228266
2933.590840
3141.736923
3228.182575
3364.117127
3355.591843
3509.960730
3445.823269
3427.622263
3268.553355
3356.287975
3220.774668
3209.978165
3273.652577
3357.079722
3358.987960
3388.171768
3394.802805
3342.532445
3452.941765
3484.733171
3591.584982
3737.223668
3698.693503
3600.909535
3427.622264
3352.548108
3397.938756
3251.271351
3412.154574
3574.741872
3633.099654
3524.810017
3741.775301
3584.905953
3580.786275
3504.106761
3562.315211
3747.931255
3781.294816
3869.024253
3779.166321
3691.083339
3399.427220
3417.994620
3574.869792
3788.208449
3900.817007
3936.838298
3890.804657
3723.796312
3678.377565
3604.993755
3620.688200
3641.749833
3372.388183
3391.047905
3234.923913
3168.872889
3035.039377
3145.991469
3093.643301
3208.525378
3364.553346
3450.409784
3546.400170
3535.972219
3646.589545
3504.204652
3574.869794
3547.802437
3658.588902
3542.119537
3496.550770
3446.326230
3318.742969
3373.123035
3387.717394
3684.035132
3719.724694
4026.458691
3884.632857
3920.411048
3669.133519
3485.194684
3342.914356
3303.555173
3361.956136
3423.107981
3544.128770
3678.252094
3708.718623
3698.569610
3728.144292
3899.413164
3726.195768
3734.495320
3698.693501
3678.680109
3559.424252
3591.174785
3703.717137
3620.082869
3563.439933
3628.185591
3578.521770
3580.058068
3730.726048
3775.646212
3738.136187
3832.443091
3756.941627
3721.533936
3868.809398
3857.851241
4027.130334
3954.182769
3970.896223
3850.908400
3731.795244
3564.593977
3614.749771
3681.812522
3736.122897
4020.309725
4105.937864
4229.082799
4162.002876
4125.887521
3906.454244
3674.982240
3812.781627
3769.122754
3757.366156
3765.597935
3906.042329
3511.095005
3454.471110
3373.267116
3517.841433
3504.686215
3774.144261
3770.211043
4111.675167
3951.222666
3879.703432
3848.775976
4019.948241
4214.385052
4352.279563
4496.027285
4406.240129
4485.797677
4006.039524
4181.583816
4217.103193
4256.827402
4025.136533
4006.723437
3678.968185
3482.985693
3524.690819
3670.636443
3865.172459
3996.915486
4167.982028
4065.721864
3979.879351
3869.228789
3773.164905
3650.180615
3569.199037
3583.382708
3659.769354
3680.864710
3827.290430
3939.783166
3944.292241
3740.524399
3780.282892
3661.193268
3894.962978
3890.687229
3958.573270
3919.435663
3906.372232
3798.169620
3869.024254
4058.890823
4079.545052
4225.841186
4161.408859
4232.302039
4216.539931
4458.821547
4354.184211
4218.642703
4095.178509
4077.185671
4033.265586
4052.029536
4298.385038
4388.225527
4379.174566
4207.997298
4421.142704
4304.008544
4352.279565
4345.540397
4460.206257
4247.094942
4345.540399
4449.939356
4512.981179
4577.891212
4590.293201
4740.894572
4801.356794
5020.463954
4840.948385
4947.570838
4782.886576
4694.906124
4504.861989
4694.906124
4611.584440
4594.542028
4432.146878
4203.258056
4134.602641
4088.515324
4403.943863
4725.410199
5103.408256
5333.202269
5552.304916
5432.706743
5092.937218
4997.682645
4763.891954
4622.177927
4454.683274
4502.841449
4516.352292
4537.395279
4702.588912
4871.453699
5074.007758
5060.226150
5133.530931
5037.916069
4931.088314
4872.436178
4768.424494
4766.443065
4891.771134
4912.352517
4818.432271
4899.967349
4749.563982
4534.526093
4549.207777
4720.529834
4822.035754
5087.693920
5212.792592
5197.969378
4997.589372
5092.787105
5151.002323
5268.253301
5249.379437
5474.616570
5438.598893
5350.897677
5447.198810
5599.050773
5722.893135
5681.866065
5846.630253
5798.753530
5859.036544
5867.749627
5711.894604
5511.347777
5404.734086
5487.948865
5389.793197
5530.387737
5720.175615
5981.519419
5830.893275
5941.876490
6138.502116
5998.693313
5983.465557
6027.751873
6100.728219
5982.975910
6064.689027
5957.919912
5966.975199
5891.139424
5873.135035
5975.904143
5961.382141
6034.499355
6150.941268
6037.643226
6175.902875
6290.029297
6332.735208
6286.247486
6476.593299
6467.888124
6737.702179
6802.128355
6929.661767
6886.469782
6824.857271
6562.603345
6485.697117
6278.771283
6595.388733
6788.151382
6796.357630
7034.313087
7330.463251
7581.871489
7905.170006
8083.024625
8158.492574
8139.472770
8044.083791
7835.321114
8035.821618
8217.475108
8201.389065
8139.932855
7822.828366
7670.268494
7501.007735
7471.498905
7379.262788
7627.510921
7880.309788
7909.711929
8283.108020
8563.763468
8785.075034
8720.424653
8912.474448
8851.453496
8849.920599
8956.855431
8985.113720
9123.271971
9286.109022
9505.929944
9597.673043
9883.482956
10023.904120
10217.517900
10638.164790
10999.638839
11294.018529
11540.440158
11771.814836
11740.395955
11947.649354
12252.445950
12538.194863
12974.950462
13552.120158
13850.482236
14132.089929
14732.074492
15023.768049
15361.131291
15831.261490
16242.370037
16189.559778
16561.919483
16865.402019
17259.182366
17765.344614
18550.297921
19283.247506
19778.822454
20491.065401
21332.390974
22491.400178
23756.898511
24270.186967
24543.840809
24535.362810
24119.910640
23042.712455
22707.608403
22216.736950
21544.817714
21110.109208
20337.443487
19613.672403
19127.215201
18692.914149
18494.375264
18761.253767
19053.645605
18921.900953
18802.188174
18372.618073
18497.891639
18468.320357
18718.806482
19312.081187
19616.948925
19744.603141
19706.021219
19772.098789
20059.271244
20514.199623
20436.771774
20719.854902
20981.022287
21331.833846
21289.888846
21225.285514
21578.467462
22185.165711
22055.892099
22114.339269
22902.123117
23363.649418
23384.727189
23707.872712
24366.023461
24257.450450
24293.698860
24038.850390
23347.354405
22767.303687
22407.441599
21799.216452
21496.093573
21788.604785
21498.646372
21408.920210
21211.990105
20990.770540
20605.943059
20403.323609
20428.932898
20333.577723
20118.725861
19887.389375
19976.593756
19843.099717
20372.483395
20575.030033
21148.884629
21272.379651
21715.138995
21450.855596
21544.722674
21546.205298
21915.949746
21611.030746
21710.858239
21861.005857
21541.196742
21297.316002
21620.611623
21815.789361
21942.829633
22124.568583
22302.368837
22252.092881
22312.809818
22427.528802
22670.144725
22862.264728
23278.346508
23302.781716
23616.021009
23866.405589
23862.522372
23674.656834
23400.288314
23075.286497
22842.947243
22580.116980
22665.603512
22692.823308
22509.215329
22473.314389
22577.857141
22531.727454
22497.819160
22880.495516
22746.544784
22665.251848
22543.589266
22776.863352
22411.770770
22624.390654
22685.143605
22530.774902
22485.299001
22673.284544
22689.922958
22771.647200
23003.218902
23242.904944
23403.784735
23389.188709
23366.196094
23610.523079
24028.931322
24204.329400
24427.641628
24733.194768
24814.015966
24633.147686
24577.032955
24600.417516
24388.770863
24207.530586
24234.530103
24957.224201
25418.657596
25624.907702
25863.035465
25730.042602
25215.997219
24915.599380
25234.673814
25191.215275
25415.164661
25586.009049
25935.438012
25878.053204
25920.543282
25680.540433
25553.389362
25501.745780
25089.898299
25196.452090
25148.622606
24789.341343
24363.541954
24507.434754
24141.949565
24248.291935
24549.121229
24814.015960
25091.828840
25278.174073
25293.856594
24972.029861
24747.013950
24867.483243
24949.064332
25491.810986
26116.086565
26371.381550
26085.383339
26408.995484
26168.660947
26330.197293
26507.393892
26875.305719
26423.829585
26616.267713
26090.408994
25902.287239
25889.191960
25872.807179
25811.817225
26455.239328
26313.034473
26202.184488
26417.381033
26349.585380
26516.626678
27105.280400
26896.192637
27272.012769
27709.025876
26935.949447
26395.307726
26849.057597
26236.467328
25505.541315
25660.422372
25735.493143
25481.205385
25545.694267
25597.876935
25491.335780
25542.993702
25403.305997
25485.393272
25575.729906
25709.663922
25592.750165
25634.067572
25495.982574
25381.155926
25351.355473
25368.339762
25372.002527
25562.179418
25908.374304
25861.020210
26157.047239
26005.087416
26194.084679
26414.170108
26631.603533
26502.080824
26861.378475
26695.528933
25956.647019
25419.224933
25332.239702
25024.777990
24592.517652
24644.267781
25126.828985
24859.556801
24949.323375
25363.185241
25634.335330
25485.935413
25638.678384
25280.988824
25327.570591
25130.560547
24978.458994
24965.927121
25028.128982
24553.890002
24054.319446
24102.245405
24227.772015
24350.655957
24501.407821
25503.097563
25736.672220
25449.247751
25434.930608
25881.697644
25334.132875
25258.847209
25789.053879
26244.791615
26002.095141
25922.915442
25941.459549
25169.347100
24552.945338
24449.112459
24704.378337
24530.965796
24841.740033
25401.942277
25629.202433
25713.164124
26097.281399
26495.813290
26477.491582
26809.373215
26877.245205
27035.785378
27280.678544
27391.077887
27410.067884
27100.478601
26863.435494
26262.591537
25713.226663
25160.022379
25634.624450
25979.787920
25931.363018
26357.869715
26794.006284
26784.564330
26764.068460
26912.638475
26642.970270
26344.166455
26192.586236
25952.990861
26157.059323
26854.738099
27499.636854
27701.673782
27536.388197
27811.889490
27298.323945
26587.994091
26129.028566
26235.903381
25991.226939
26269.175634
26895.612358
27185.052263
27303.652330
27542.130967
27698.882024
27508.723952
27244.027324
27018.491995
26492.105538
26181.329625
26070.093896
26459.224747
26783.130679
27056.777291
26897.544634
26634.873989
26539.874037
26293.413530
26090.947681
26182.675477
26218.729692
26086.827801
26212.519408
26442.166880
26661.198612
26756.757969
26531.810794
26101.147914
25781.982975
25280.087922
24789.432553
24708.080202
24539.234278
24289.885562
24085.732644
24159.058155
24600.488079
25403.806545
26151.547295
26538.145725
27080.553201
26544.936097
25450.062529
24986.688877
24985.125939
24283.309726
24269.795780
24576.703439
24457.503497
23908.491790
23737.243404
23506.357195
23230.627637
23211.883698
23535.487246
24170.508471
24783.393661
25334.692814
25568.380088
25526.699688
25355.718189
24975.642900
24731.723481
24658.143127
25141.102227
25197.183838
25027.218327
25200.562662
25113.322607
24651.668580
24858.440745
25360.586801
25489.980370
25514.873558
25688.597243
25663.802509
25828.340079
26068.806440
26870.675432
27033.571418
27112.230749
26700.898495
26567.918241
26222.707978
26022.482993
25575.598977
25272.128123
24912.838795
24202.741794
24263.735717
24501.637148
24549.121243
24373.029980
24647.616186
24553.094721
24699.330435
24789.574447
25159.865988
24796.445991
24894.775328
24740.019046
24966.117190
24596.220887
24859.447396
24944.929785
25141.443831
25248.234412
25592.869818
25828.340063
25568.987747
25465.138462
25553.389362
26059.112816
26277.853921
26325.878568
26313.092535
26086.827788
25542.019959
25360.586801
25266.532488
24957.444512
25350.909224
25733.317727
25912.693288
26125.708150
26259.116435
26210.056336
25679.460932
25386.830686
25357.241274
25489.262269
25457.607842
25530.676390
25114.564577
25003.954341
24822.740838
24397.582699
24378.895025
24530.965807
24622.739440
24685.076106
25011.070852
24992.629383
24915.418739
24677.596798
24307.334973
23794.144143
24004.948895
24142.582425
24240.764320
24767.156442
25310.377923
25356.046485
26017.850828
26032.725912
25972.356450
25709.851408
25519.296196
25419.143642
25830.387101
25755.776731
25956.872413
26213.176669
26048.970738
25961.463366
25685.426908
25266.875787
24880.739165
24281.478792
23648.473024
23349.737626
22949.270884
22732.174719
22277.378290
21980.138164
21582.111711
21344.134130
21120.402691
22340.161401
23733.344675
25039.997746
26135.614368
27189.627417
27405.054340
27125.545135
26888.994634
26585.993681
25698.702556
24643.843034
23961.156476
23858.873225
23668.655435
23785.769041
23871.305568
23660.515478
22983.447602
22343.605748
21969.575885
21675.228805
21290.757406
21109.603257
21043.902087
20928.737598
20651.310763
20753.925879
21020.754352
21049.988826
21110.306539
21221.368975
21049.988841
20970.944512
20653.972677
20112.886247
19751.670760
19242.151801
18526.158189
18580.645049
18693.139431
18816.461953
19714.362026
21336.855329
23513.269808
25299.005824
27180.179091
28479.251680
28725.670057
28216.289803
27735.979554
26577.843828
25633.789122
24810.403023
24432.891771
24057.297921
23953.102597
23627.074073
23630.889889
23305.036657
23412.025985
23607.841512
23714.759040
23507.529933
23367.260281
23037.704723
22480.037317
22172.984513
21822.282584
21398.726379
20989.972212
20991.703732
20939.391113
20803.666708
21041.151753
21197.907553
21333.950968
21618.168553
22000.079746
21995.451894
21824.028155
21530.067049
21218.999912
21168.465898
21046.233885
21179.878149
21568.419692
21319.868225
20825.195875
20381.622319
19953.304095
19429.805014
19350.619625
19003.181754
18801.764551
19309.605784
19812.219768
20973.894337
23120.576911
24669.934896
26136.435791
26801.873973
26756.529804
26276.607124
26278.041259
25182.045193
25008.945689
24714.882606
24143.987547
23336.401740
22866.407563
22380.312725
22225.619125
22146.192174
21978.791343
21841.154196
21769.772255
21461.207312
21159.982792
20856.942132
20873.346440
20340.835740
20196.502718
20069.734896
20422.656881
20297.157174
20510.314880
20293.204347
20222.337749
19744.835545
19684.215787
19580.330891
19339.442284
19176.659626
18620.070890
17887.718314
17461.048808
16836.552203
16254.331326
16194.936501
16445.768314
16817.825431
17360.307859
17848.648663
18847.158249
19970.275616
21265.729184
23278.590718
24882.052825
26115.211815
26934.112758
27007.445295
26578.788628
26050.153097
25399.050925
24336.046389
23488.251938
22753.021680
22370.999724
22022.698505
21938.964109
21765.787673
21406.418957
20865.273556
20535.261502
20485.011797
20211.780661
20112.105642
20242.622750
20535.081373
20190.075379
20077.840453
20215.519255
20062.859259
19669.186736
20034.887213
20287.307777
20333.312901
20276.970065
20484.924348
20505.725321
20725.252888
20520.439689
20609.723595
20078.146448
19665.254284
19689.995933
20176.660364
21126.951642
22515.665890
23956.803370
24986.440755
25462.821182
25234.673814
24954.003290
24263.477335
23041.668603
22083.331036
21289.584478
20094.955183
19332.693859
19071.737838
19003.021905
18591.580596
18340.023322
18227.532970
17678.133890
16554.772613
15719.436163
14787.701125
13394.746255
12450.124066
11936.917502
12043.110172
11812.053497
11829.229439
11733.463137
11597.768048
10912.951596
10989.229112
10739.188318
10344.330516
10271.341086
10385.699419
10275.163930
10398.296532
10450.613966
10283.842119
10245.576903
10015.209691
9649.339635
9756.190669
9686.954585
9361.838633
9445.166554
9455.525223
9540.969154
9685.639343
9768.790445
9840.939320
10062.766809
9711.870266
9857.688614
9821.904449
9772.287253
9772.287253
9931.528686
9806.539606
9956.269282
10114.768735
10048.488160
10288.532555
10441.203274
10516.090971
10488.300862
10432.475097
10242.582854
10324.109350
10344.423388
10414.294932
10654.455003
10869.957727
10701.116948
10867.750206
10817.992653
10851.463358
10903.667264
11306.475259
11392.775221
11575.581821
11779.916659
11723.427499
11684.735005
11853.295572
12170.154670
12100.969050
12423.255208
12928.240375
13128.629884
13393.501816
13783.844715
14184.972101
14234.578264
14574.836558
14862.482091
15117.328999
14981.483378
15098.867153
15411.941071
15501.833845
16032.407058
16813.712746
17283.724912
17696.799789
17900.498537
18310.536236
18967.815555
19794.391739
20615.525527
22633.431180
24233.005600
24953.451053
25415.164648
25782.400767
25128.641510
24802.717681
24761.492006
24600.620298
23804.702705
23092.175979
21927.127800
21248.353004
20429.368222
20492.148078
20415.376298
20169.209100
19640.536386
19771.738024
19381.145873
19383.993922
19644.960379
20024.257257
19920.874628
20131.950569
20072.483492
19955.527455
19888.981556
20122.561936
20122.561936
19934.708639
19997.356669
20104.098658
19989.674707
19728.537229
19762.263834
19498.672126
19083.408544
18959.973963
18836.754390
18470.767304
18048.290552
17605.872933
16918.835324
16405.523642
15959.249906
15667.462236
15371.202205
14973.593724
14550.647773
14238.034211
13596.646216
12913.419681
12371.281806
12061.967244
11770.521570
11417.033716
10858.009974
10024.308815
8784.215114
7333.830460
6233.126644
5426.698329
4911.146148
4531.095974
4386.385283
4217.103191
4085.751534
3930.884468
3933.216740
3955.649023
4091.623620
4068.632987
4262.866682
4212.510577
4178.665001
4253.732110
4523.235389
4742.434585
4972.203042
5092.276655
5185.747516
5229.547609
5307.419372
5474.251338
5747.825233
5764.796359
5731.365335
5388.730270
5249.073537
5217.238314
5169.053622
5139.752351
5192.370105
5043.930187
5104.940491
5132.188219
5163.704964
5386.958365
5637.634785
5650.897804
5828.771148
5845.263604
5805.588134
5813.894688
5547.219675
5271.148979
5196.285475
5271.148979
5273.404307
5366.026202
5570.711653
5731.622636
5545.891312
5627.618378
5855.545644
5882.874230
5864.527497
6101.517895
5995.681464
6037.959944
6068.136871
6031.881763
5842.551821
5896.275639
5683.879990
5640.051848
5707.233837
5698.564624
5753.098618
5737.049523
5793.644448
5584.916912
5553.171123
5390.123889
5388.088828
5285.833651
5268.983600
5431.929479
5531.700663
5487.091304
5541.320779
5804.198051
5785.271104
5714.457003
5676.302207
5630.102877
5463.084606
5448.426916
5431.826838
5414.047029
5442.858395
5459.650057
5427.728434
5484.888213
5622.730634
5543.333903
5519.857276
5530.750133
5409.637678
5398.457164
5300.175491
5154.317543
5030.599656
5128.795119
4918.741326
4891.635258
5050.138677
5244.182387
5104.440613
5228.867929
5189.380392
5293.529942
5368.722156
5705.475388
5670.879198
5769.229064
5719.261819
5585.561832
5431.340047
5399.067918
5424.517013
5541.320781
5720.793424
5733.201130
5835.369631
5618.140293
5474.086698
5388.252718
5296.696874
5251.150337
5518.351726
5573.001752
5566.509583
5610.264784
5649.129111
5694.359326
5723.955459
5734.332857
5962.027387
5950.737490
5854.784439
5723.289753
5606.110471
5424.698465
5458.476848
5481.511709
5660.837498
5633.688000
5477.200346
5495.396145
5699.949052
5620.412797
5633.208319
5769.072216
5764.560618
5555.666980
5501.366539
5516.112114
5352.707984
5264.556245
5256.227095
5312.597417
5233.740294
5368.938797
5378.628698
5351.077438
5084.082161
5228.287870
5248.922818
5185.209925
5329.687769
5682.440747
5636.645260
5586.238206
5765.008891
5729.939101
5649.919650
5566.604988
5553.971859
5663.002682
5729.939101
5685.651728
5821.598252
6076.638635
5943.299850
5850.765375
5913.554502
5936.388475
5953.363719
6101.685980
6219.265555
6298.655449
6246.371886
6031.443288
5760.129844
5498.996087
5342.393825
5323.501415
5307.118312
5544.478341
5947.735130
5920.152861
5905.916329
6078.934960
6187.446083
5912.304996
6037.306256
6237.860321
6179.226506
5966.975200
5991.569555
5829.013666
5822.640592
5962.224343
5948.969580
6266.118021
6640.006021
6499.844793
6335.031941
6540.492900
6451.482876
6434.301212
6478.373332
6676.854389
6844.375094
7177.775366
7057.086043
7025.851080
7080.113269
6926.137154
6759.748208
7088.975051
7430.043408
7356.203952
7449.550158
7308.858481
7157.087025
7062.818179
7169.387341
7355.122325
7467.830848
7445.696586
7461.854532
7300.144162
7074.159631
6978.252647
7040.828886
7063.550034
7266.552871
7348.020039
7439.645826
7420.911605
7446.344661
7521.444267
7515.394872
7681.524419
7654.660367
7575.056613
7487.241289
7503.336275
7324.142419
7440.050386
7584.852625
7868.318397
8166.907523
8409.992790
8505.293059
8637.538989
8809.119864
8675.255652
8769.652704
8794.043913
8750.274762
8643.428286
8788.169396
8892.925593
9166.638641
9452.155376
9548.087678
9688.305646
9872.917805
10196.773029
10609.490268
10948.410551
11230.780335
11579.568379
11496.009167
11650.683870
11729.617277
11682.846967
11622.001920
11650.724450
11579.803793
11766.111623
12153.140084
12472.088056
13232.391608
13608.640385
14095.132033
14423.173053
14804.976579
15076.527432
15491.918483
15817.975932
16428.512182
17176.463350
17641.636845
17919.854201
17982.625922
18165.751281
18474.982004
19117.930809
20591.645489
22576.072186
24151.269689
24917.174602
25946.898004
26103.019100
25748.337101
25329.213252
25703.274902
25488.585608
25262.659573
24995.084050
25054.913009
24487.615445
23385.641243
22464.851153
21936.219687
21630.786977
21593.680336
21783.616439
21967.421313
22065.419855
21665.105577
21128.259205
20777.713461
20608.930149
20291.019095
20169.209100
19768.109014
19876.372235
20310.113551
20554.714248
21356.438840
21625.399384
21988.564984
21779.905516
21704.705407
20964.862312
21249.299064
21242.616819
21599.951804
21675.123861
21783.616439
21979.636342
22393.691229
22491.549467
23251.552236
23790.199243
24130.465570
23953.361599
23975.925184
23456.261639
23200.320278
22960.100478
22841.244763
22348.381574
22153.657355
22165.336679
21921.247382
21560.416855
21756.225698
21791.727007
21836.762050
21988.905089
22563.352197
22816.590722
23157.018570
23084.085480
22994.496964
23092.546040
22520.177493
22478.748085
22476.481691
22514.140476
22098.683521
22497.099419
22342.873243
22107.843514
22199.184710
22299.544350
22330.919295
22452.418385
22784.758629
23062.724891
23152.631858
23229.427762
23219.342083
23017.176672
22631.576845
22339.003410
22267.811752
22054.874477
22102.356756
22110.669584
22190.247920
21930.981421
21914.635510
22011.986753
22101.627535
22091.436195
22239.603230
22292.011667
22662.441417
23130.349685
23412.508552
23562.996423
23774.019335
23583.807954
23044.854632
23088.278402
22821.436062
22591.841863
22130.187674
21898.065283
21662.409013
21913.172175
21902.159369
22427.144637
23083.150816
23214.470795
23166.763128
22993.273465
22579.433370
22245.616039
22449.597759
22397.681567
22965.756465
23216.734381
23354.648696
23154.259146
23389.756942
23118.459321
22960.100494
22745.057830
22525.709573
22363.004461
22555.423424
22555.423424
22753.568407
23348.746306
23931.098529
23822.870939
24024.102200
24101.476838
23993.014767
23531.089187
23497.275500
23275.995849
23104.611006
22787.141893
22743.533838
22810.417516
22674.374742
22505.553509
22509.942183
22432.182776
22422.168568
22625.368204
22696.608060
23068.472946
23663.187186
23686.204914
23568.502916
23261.920375
22674.679959
21883.481335
21526.336291
21182.493151
21385.022582
21305.867750
21495.898903
21236.893115
21406.488055
21736.598289
22133.099614
22897.675969
24106.970193
25163.325399
25680.964174
26098.681900
25811.154884
25273.335511
24733.425649
24014.799453
23339.830052
22473.495281
21816.022682
21028.379453
20782.156094
20642.079168
20519.139023
20366.458018
20350.699226
20122.677678
19825.069172
20012.194575
19464.716187
19044.441053
18046.885992
17401.126299
16344.663937
16125.223907
15803.907257
16002.233550
15864.574972
15904.083862
16125.467138
16491.474884
16900.819855
17446.889613
17914.073007
18477.722300
18711.241390
18792.271147
18955.768095
19408.490913
19609.093967
20348.792510
21566.222891
23044.742822
23856.773199
24652.721864
25464.960238
25548.445053
25105.539293
25233.015082
24953.230283
24518.821346
24347.840265
23961.334686
23418.507294
23228.131611
23001.998126
22592.640900
22371.586380
22084.995825
21707.578105
20999.226496
20656.442569
20803.047554
20725.514159
20804.441775
20825.465397
20605.821586
19868.378648
19457.695865
18989.557027
18899.554111
18561.156949
18456.584217
18312.229903
18047.381400
17680.638897
17622.475208
17593.267916
17785.351829
17797.581845
17821.899239
17749.388301
17258.793339
16958.351640
16684.303880
16374.134971
15777.453356
15278.164233
14513.890409
14091.996937
13679.976389
13715.332009
13648.664118
13661.455264
13462.863395
13154.991207
12911.473613
12762.771743
12712.254791
12680.946786
12778.619329
12607.001299
12745.373200
12497.254923
12348.061898
12296.185127
12511.893870
12555.372584
12845.642464
13146.151885
13170.938780
13321.734679
13486.603752
13572.195069
13841.072419
14115.304238
14384.943006
14693.688517
15069.423757
15182.486509
15372.444239
15624.833833
15840.010121
15792.412937
15957.362416
16330.140143
16488.938950
16900.704466
17438.927856
17877.712563
18621.415941
19505.302269
20071.643543
20467.772195
20785.677635
20561.535617
20004.352981
19655.126027
19580.545249
19321.303511
19039.915311
18950.626859
18856.580289
18602.191600
18324.017282
18195.445569
17640.036308
17055.105485
16593.626390
16355.789678
15555.484412
14366.436670
12606.467470
10665.894688
8646.742028
6919.110282
5851.012003
5339.431329
4990.820138
4750.848143
4596.785504
4576.047825
4534.176325
4341.738372
4381.735701
4474.438599
4652.312576
4856.638546
4946.513682
4975.802673
5258.564070
5415.105247
5496.227732
5908.084563
6179.395920
6176.909396
5978.636775
5778.346257
5473.814320
5237.017259
4997.589372
4997.589372
5054.018913
4876.350030
4851.468499
4912.352513
4992.008417
5112.998479
5465.871204
5541.222938
5437.170616
5349.164576
5167.799715
4944.269355
4854.583137
4942.372893
4777.775036
4669.130589
4539.442426
4407.829486
4100.442603
4050.301648
4138.106671
4390.431787
4421.822178
4557.448800
4689.078377
4706.002519
4549.326438
4476.389769
4446.742089
4405.000951
4478.270604
4392.670344
4480.235344
4504.966785
4511.470403
4283.970368
4386.261588
4413.151317
4402.197587
4462.476217
4612.955224
4767.584930
4746.480347
4843.810091
4768.560446
4639.158747
4511.745880
4614.107166
4639.010408
4620.229199
4670.131061
4657.551929
4603.617589
4632.538255
4768.560446
5010.961764
5019.413190
5119.510275
5144.253569
5008.767608
4952.139318
4925.133931
4826.876967
4905.908079
5167.369182
4879.281330
4864.381790
4701.706274
4393.720657
4233.077540
4568.867592
4602.641890
4752.672409
4845.803754
4716.409308
4488.642409
4505.077157
4446.742087
4521.521313
4604.986951
4721.764298
4646.618794
4726.072174
4599.526927
4630.855415
4635.177957
4699.725193
4777.149908
4810.897348
4965.405154
4948.765610
4902.791456
4700.181473
4919.748718
4785.966194
4694.305998
4662.700307
4667.571819
4461.233248
4462.919026
4411.160696
4561.175945
4741.063910
4788.393243
4619.153525
4565.374737
4481.592853
4516.749250
4507.937246
4714.670768
4616.492326
4568.305843
4497.682813
4517.601797
4367.309467
4453.261009
4478.270604
4459.380439
4289.451677
4446.298629
4594.389296
4454.573897
4377.557235
4327.563204
4125.077586
4091.778676
4100.194420
4058.284061
4209.647116
4105.610244
3956.863748
3951.222667
3890.341418
3752.140853
3771.354038
3956.713929
4205.602396
4405.735992
4716.085876
4941.659869
4960.247609
4692.902501
4483.824988
4318.824776
4147.919851
3945.233874
3961.963947
4176.843332
4267.417237
4426.026238
4582.788154
4745.688092
4532.684911
4353.834840
4312.102683
4320.406210
4126.224000
4220.403421
4197.837237
4417.140621
4671.696646
4772.008056
4872.101168
4955.522707
4682.097176
4383.797485
4675.700208
4669.652901
4742.161901
4919.748716
5072.247011
4926.023934
4890.562131
4661.934160
4398.837006
4269.455881
4373.567944
4553.541502
4722.909978
5040.333096
5186.217688
5090.512322
4837.907250
4767.887263
4669.509988
4502.382372
4452.498585
4544.270868
4673.318936
4717.178405
4735.760802
4794.223251
4695.976770
4616.927404
4625.299489
4715.340750
4592.066943
4656.692910
4826.440865
4930.960952
4843.126857
4876.350032
4707.134892
4582.967191
4340.795830
4489.040966
4547.486213
4727.041629
4695.155545
4720.529835
4628.393825
4635.043427
4668.601385
4792.587507
4661.112266
4529.781332
4447.803368
4450.244124
4325.909601
4586.920645
4624.403386
4375.960643
4406.964221
4350.402080
4381.950614
4267.113874
4440.507421
4352.760047
4397.967437
4226.629926
4360.536744
4383.468452
4349.801342
4526.276917
4726.844570
4931.438064
4881.418018
4839.682480
4448.007998
4137.329600
3809.495691
3976.099290
3917.873002
4175.739400
4413.659650
4541.251592
4491.205922
4543.483980
4543.483980
4440.941536
4482.704468
4388.588854
4395.050304
4392.809905
4284.282267
4378.151431
4417.724247
4417.724247
4494.736190
4454.796960
4329.949136
4538.471819
4544.653851
4361.611837
4555.847436
4630.969378
4457.881536
4745.844242
5001.412708
5058.169965
5068.697223
5183.342690
4976.321467
4759.838436
4790.518193
5034.634567
5024.339031
4974.531948
5060.111551
4991.405644
4738.700432
4686.698386
4705.459949
4840.773765
4985.180125
5024.573346
4958.258130
4888.989440
4615.277315
4410.943624
4456.594680
4437.949520
4492.024568
4652.938585
4706.850183
4533.693469
4623.604118
4577.429957
4645.478478
4612.069982
4574.584735
4825.168548
5140.021849
5176.481804
5107.387595
5381.357302
5347.774556
5128.471947
4965.545519
4976.064694
4760.924047
4537.569532
4679.585516
4783.728589
4914.952948
5295.400288
5547.947210
5587.170860
5519.319525
5630.220837
5415.228008
5039.373018
4953.750731
4870.213188
4846.973553
4782.581391
5039.262541
5058.324435
5322.938011
5262.095136
5297.589570
5423.190864
5446.170540
5437.076385
5432.362598
5482.775157
5512.128223
5687.609895
5517.791406
5576.318612
5588.273005
5490.383261
5267.664532
5575.024041
5654.156296
5573.001752
5620.588207
5746.252584
5746.252584
5800.576344
5896.191488
5908.849484
5769.156410
5909.124664
5978.277953
5850.765377
5798.650219
5876.266722
5586.238204
5248.307087
5346.622753
5421.878456
5356.862382
5465.291125
5824.377951
5944.932269
5989.427259
6227.525688
6127.806828
5944.253073
5908.597683
5783.293044
5733.010968
5819.048716
6024.047465
6289.122616
6466.347424
6456.194261
6628.051671
6899.725544
6726.736896
6743.046296
6826.064402
6953.385630
6531.010522
6601.925704
6855.282107
6869.354233
6760.862570
6882.462618
6844.480074
6662.867166
6759.546937
6797.240939
6966.844720
7127.635653
7152.323209
7044.192879
6998.397667
6841.867163
6873.426498
7023.475446
7157.186665
7225.121254
7419.379291
7381.427555
7272.814079
7239.568358
7244.090255
7290.306227
7547.139703
7657.580579
7841.432274
7986.120219
8020.126652
7990.526147
8040.782714
8123.552082
8462.882000
8711.994069
8868.630909
9048.158804
9237.944463
9308.661757
9243.327066
9339.676617
9450.795759
9660.952004
9856.109626
10256.630192
10444.600146
10781.364445
10952.014456
11034.020161
11191.973338
11417.550384
11559.800347
11722.997392
11921.481852
12210.021131
12408.629253
12659.055226
12949.235509
13200.813576
13321.734685
13668.566557
13994.160954
14309.797346
14829.466544
15436.942239
15882.440077
16132.763739
16602.424102
17082.721238
17808.568305
18646.088420
19729.775328
20517.311587
20861.293825
20721.083331
21270.635004
22885.084470
23985.345013
24822.689705
25904.356376
25760.473919
24595.014025
23893.113115
23843.619941
22953.570573
22684.629398
21955.831854
22379.888790
22241.409341
22581.724006
22959.837797
23452.865136
22222.527441
21618.543306
21364.211046
20998.609482
20694.073976
21025.787247
21410.114516
21855.006684
22057.547801
22174.451812
22208.006364
21563.086963
20688.194267
20065.432708
19825.537515
20011.516748
20432.313556
20894.233257
20787.621998
20642.986157
20089.736800
19940.747821
19748.394514
20009.244109
19754.541640
19716.825389
19361.924438
19100.766029
19065.625818
19677.641385
19708.346250
19803.856031
19905.763465
20166.715678
19930.860110
19837.010076
20287.307796
20567.189314
20577.311396
20705.142304
21126.800827
21176.415582
21521.386178
21488.142585
21537.944708
21610.884660
21572.277089
21411.714383
21883.481322
22382.077729
22743.847748
22866.165069
23302.656142
23354.812139
23239.864846
23188.033886
23619.626100
23496.669839
23461.275734
23496.669839
23615.846356
23238.022617
23045.470816
22912.147533
23005.892733
22862.147549
22633.431199
22704.111255
22412.111229
21944.587715
21898.065301
22133.196804
21987.829814
22252.914322
22511.431532
22386.571320
22164.649302
21970.262802
21935.108449
21757.245466
21690.417437
21550.716616
21928.504643
22108.113844
22406.383753
23024.877820
23617.149177
23853.434044
23798.956528
23577.472381
23333.315811
23098.098845
22713.375783
22761.810705
22874.605352
23120.977162
23528.443906
23515.538430
23396.767042
23376.134466
23045.629806
22760.909527
22748.233176
22652.301585
22560.735517
22388.607522
22088.352864
22006.541000
21524.243616
21181.923384
21048.373383
20901.353325
20719.746219
21174.240837
21344.024247
21463.107697
21766.225859
21906.225096
21843.227939
22168.842338
22361.507548
22281.985168
22542.793855
22843.614829
23006.484552
23167.591672
23561.266864
23916.155540
23989.036238
24385.968847
24674.045550
24468.511934
24080.019601
24029.372767
23603.980710
22977.190058
22886.341075
23233.279243
23196.094474
23139.664712
23398.551198
23711.042316
23701.777510
23524.879768
23307.900755
22994.332518
22541.723797
21946.578746
21873.678259
21963.580879
22291.860217
22596.518779
23033.491744
22931.265658
22531.727454
21922.198689
21589.284271
21040.378431
20980.480750
21146.914770
21368.507079
21291.005530
21527.025262
21800.744875
22216.467909
22489.990687
22718.401699
22816.933602
22614.343712
22608.071164
22534.963658
22817.591205
22857.299335
22955.177792
22773.349669
22696.409999
22352.747113
22158.285160
22195.957832
22197.974190
22484.140795
22957.126720
23821.760358
23788.050035
24005.167071
24040.748327
23767.026887
23201.023868
23461.972633
23349.339190
23132.091924
23471.863615
23671.713721
23377.630498
23293.795013
23373.214422
23128.870349
22805.412954
22817.878191
22755.119463
22792.986641
22786.122511
23188.974946
23740.151225
23661.262294
23472.897916
22997.858217
22352.873205
21722.191175
21742.919240
21864.473669
22133.099614
22480.037297
22548.687809
22776.496852
23037.704723
23259.312903
23388.908921
24080.019583
24330.686951
24274.665385
24579.419040
24450.017673
23886.049959
23320.133681
22915.394675
22329.625540
22061.930155
21783.891797
21877.984538
22311.049614
22324.487884
22380.565699
22424.293574
22386.749288
22172.198597
22187.641308
21980.343103
22012.110935
21897.120200
21727.713784
21877.438249
22476.591983
22773.028722
22877.499805
23024.316142
22971.590771
22606.107741
22230.241200
22092.181409
21800.179343
21711.782648
21544.998256
21454.954750
21722.321026
22188.367916
21923.428201
22355.778357
22800.726231
22717.239753
22510.435445
22677.920148
22381.014039
22065.562048
21767.085556
21409.957057
21236.081578
20853.288754
20434.095391
20373.624560
20160.537931
20212.158046
20594.279537
21235.916257
21817.883625
22592.938549
22966.250836
23308.755792
23569.579375
23705.504585
23757.460280
23909.083963
23652.311291
23813.268695
23331.282160
22654.041323
22084.156615
21757.904654
20918.625771
20710.244522
20860.774003
20993.672982
21148.393341
21372.024353
21783.431406
21737.072682
21640.296056
21516.452996
21660.995821
21272.523843
21007.000693
20839.730735
20852.581841
20647.920069
20637.635963
21046.563506
21471.761988
21753.874027
21816.492466
21791.621262
21526.188336
20985.373749
20413.423382
20058.958814
19887.585575
19753.399273
20104.098650
20227.254639
20194.047137
20265.552451
20770.529101
21005.861932
21713.694169
22279.230808
22830.749227
22812.077780
22481.600463
22179.165871
21950.885836
21938.822969
22373.165638
22877.499788
22935.937889
22948.459674
23057.218502
22355.630862
21722.191167
21103.815627
20686.071596
19986.478745
19654.751498
19706.634558
19853.032262
19976.329711
19837.490421
20128.299678
20022.630876
19788.188117
19615.310440
19750.733955
20040.625398
20038.790398
20103.757968
20552.713115
20915.674729
20944.883849
21363.813341
21647.102174
21409.578257
21098.767983
20587.313500
20222.585761
20101.248071
19846.529998
19510.203261
19228.556123
18820.895016
18399.793513
18450.801015
18562.331608
18560.672127
18842.961339
18450.474580
17984.301824
17512.370286
17168.221562
16568.893335
16896.528809
16871.547684
17213.980378
17487.552594
17756.820865
18412.227361
19991.203271
21340.167331
22752.049863
24276.601131
24915.938304
25036.912441
24941.004100
24638.152828
23767.026901
23205.098488
22435.035553
21570.081531
20803.565078
20482.534067
19945.904612
19476.094903
19238.572277
19152.323222
19111.750255
18929.707373
18754.592184
18138.489307
17670.973287
16803.851350
16123.427010
15311.331966
14970.928676
14270.973521
14072.363956
13798.176629
13462.559634
13508.547597
13591.692993
13492.107456
13882.530305
14202.433921
14172.760837
14510.898398
14678.688674
14768.523159
14977.237927
15262.932715
15522.518134
15687.713678
16148.807708
16960.870611
18241.515992
19527.483328
20780.915650
21294.628543
21731.413691
21812.520592
21532.825919
21781.622537
22105.086027
22101.345468
21694.185058
21505.822089
20770.997780
19996.037974
19620.201187
18998.074710
18112.906152
17635.101849
17284.209073
16728.759464
16601.390879
16505.697521
16280.855643
15736.569736
15124.920146
14109.229077
13111.487273
12308.036985
12145.427733
11621.551216
11650.671030
11859.178552
11829.399815
11658.587756
11550.109155
11476.964477
11386.776823
11314.606158
11427.721666
11796.574357
11762.000544
11805.514316
11694.970806
11619.931897
11376.762957
11483.333482
11552.896598
11602.334217
11397.509563
11483.298311
11478.511961
11483.298313
11816.310422
12085.202614
12302.455011
12361.398866
12338.074860
12312.679096
12454.786439
12597.186390
12797.517421
12918.404649
13111.378640
13154.752749
13240.468674
13534.942865
13911.169851
14177.762737
14376.166658
14560.319629
14353.538832
14551.810531
14723.425363
15097.682550
15268.399334
15711.409180
15989.178843
16031.986194
16405.584486
17073.621142
17254.079408
16846.150383
16506.846633
15911.702829
15022.909085
14552.242694
14322.788442
14134.440358
13811.238470
13514.656297
13080.549498
11976.006498
10747.110616
9224.169970
7556.187864
5998.565724
5221.913656
4737.397388
4482.704470
4421.960112
4491.205924
4451.386519
4313.239553
4248.459036
4463.358847
4524.359349
4804.073758
5120.724048
5158.562479
4974.886010
4955.522710
4646.618794
4298.251522
4411.267351
4438.399632
4306.817144
4277.743645
4272.700140
4109.692308
4045.717368
4003.586924
4093.459261
4152.079177
4047.531224
3935.106551
3924.475543
3874.545182
3924.239616
4022.497913
4251.968022
4500.663960
4724.047948
4805.431351
4941.567094
5029.001520
5012.008349
4945.744806
4845.955181
4616.173775
4336.262245
4116.955633
4023.073398
4174.896748
4487.960039
4623.766491
4899.470902
4817.969001
4811.043336
4737.964220
4641.950869
4478.939766
4631.310737
4640.346459
4588.682127
4680.038098
4690.563100
4567.356997
4569.339362
4673.910847
4592.752668
4490.652261
4605.134985
4530.678991
4388.411326
4444.899333
4459.527246
4344.961895
4213.521880
4273.637774
4270.000679
4213.521878
4242.581108
4412.255261
4307.839100
4251.596979
4307.839102
4320.406212
4053.090749
3976.099292
4068.279976
4116.403901
4078.274357
4221.155075
4292.297845
4250.708904
4277.743645
4450.861500
4468.912493
4498.464048
4445.967747
4322.647733
4297.720049
4370.307787
4251.229585
4480.842143
4626.952530
4545.221776
4611.280978
4736.277850
4467.119127
4431.849799
4521.364406
4587.171671
4603.784490
4751.962966
4614.107166
4486.831473
4271.759623
4184.205369
4236.033718
4416.142552
4421.960110
4499.237739
4605.435866
4375.960645
4296.437996
4237.901987
4204.012457
4417.270503
4613.474168
4784.699486
4807.764409
4664.634268
4545.750319
4374.613511
4188.879074
4099.515058
4228.217079
4125.722332
4108.785146
4129.832076
4303.168065
4246.775363
4211.072540
4459.681618
4622.812632
4566.215693
4566.215693
4370.161662
4100.569740
3929.341348
3935.468936
3849.828075
3930.884472
3891.059363
3795.102204
3726.503054
3784.950853
3881.381380
3981.239599
3895.860151
4012.563990
4182.405229
4339.402010
4581.194175
4840.198024
4911.267667
4725.727159
4642.323243
4443.848173
4358.161359
4330.933515
4428.448554
4378.295868
4363.767172
4399.167322
4357.526909
4346.030082
4272.700141
4160.446308
3968.243802
3894.962974
4021.884503
4071.955819
4470.250700
4744.146605
4779.681414
4623.766491
4709.414440
4544.270867
4523.404411
4512.813332
4501.517057
4270.000677
4123.741708
4037.715973
3971.150773
3951.222666
3915.212329
3996.915488
4036.796607
4103.015503
4220.995429
4371.456639
4271.126162
4316.952047
4329.832408
4279.453471
4206.902036
4133.949337
4077.185671
4127.221944
4140.846011
4184.877597
4262.183885
4120.040417
4116.160923
3948.019311
3961.162842
3927.758815
3986.018701
3900.520223
3848.600961
3921.390734
3781.624513
3775.210444
3706.449722
3962.106434
3849.495774
4100.069916
4118.534033
4195.867379
4195.867379
4202.307130
4173.373567
4151.867963
4220.995427
4082.664768
4256.453693
4266.792041
4492.182248
4600.735917
4706.992475
4606.774173
4627.753859
4498.628763
4295.729470
4297.994642
4379.323485
4467.311878
4440.217464
4565.607974
4669.375586
4631.558080
4504.543697
4341.392056
4176.510132
3997.828017
4008.272160
3983.394415
4052.029536
4066.713562
4114.607910
4072.737983
4093.459259
4404.556104
4444.195739
4360.759814
4297.861617
4220.694902
4057.940055
4068.279976
4138.358083
4336.601625
4478.652955
4361.723444
4357.667611
4361.970416
4370.610854
4500.020708
4514.610631
4602.207466
4604.546238
4433.354763
4358.045246
4343.323268
4295.431264
4223.122908
4262.866680
4227.232783
4346.165191
4469.285304
4482.989641
4501.663196
4477.047705
4460.020300
4326.494958
4566.215695
4543.483980
4614.261735
4495.114540
4466.054279
4432.294023
4574.178180
4669.963868
4784.997396
4972.939350
4864.381790
4811.847368
4605.284420
4599.255562
4494.736190
4565.251879
4581.380473
4637.965799
4740.373559
4711.149620
4674.417649
4499.541840
4405.287956
4372.140483
4424.226031
4372.301590
4495.239301
4639.440786
4516.228444
4437.161701
4407.312929
4541.251592
4555.847436
4643.543692
4718.819021
4811.320580
4617.067137
4702.999047
4834.578944
4926.324008
4948.972594
5065.777383
4946.773076
4792.228987
4775.848193
4850.222547
4948.352573
5063.313572
5148.952344
5059.184987
4884.640823
4820.498750
4763.741223
4742.702603
4746.998657
5079.779327
4993.951803
4937.462092
4875.043910
4996.155260
4864.939882
4996.606564
4854.583137
4883.546365
4881.589154
4965.254215
4992.610186
5101.165188
5201.258648
5288.657183
5236.655262
5068.342921
5140.521145
4925.862547
4557.826648
4372.754393
4410.691570
4395.739597
4473.148703
4784.236063
4955.702620
4997.682645
4951.793448
5058.611920
5193.956387
5173.477625
5342.770095
5487.091304
5514.191629
5432.362597
5464.414145
5230.079702
5088.643818
5023.911763
5086.164207
5230.985329
5389.637799
5718.068922
5926.586067
5818.024654
5585.178456
5518.071647
5486.969196
5424.336192
5480.780771
5564.640573
5679.086668
5635.211324
5576.674276
5639.610897
5526.340076
5340.539267
5373.736658
5559.386434
5545.179799
5732.646469
5818.482492
5714.019980
5706.279302
5741.152039
5691.767385
5852.019461
5896.008342
5852.019461
5839.618021
5803.398203
5707.455957
5914.160529
5822.469969
5692.836334
5679.244395
5656.449348
5382.684574
5390.915629
5568.316523
5677.269864
5739.848767
5769.156410
5802.640318
5913.288828
6010.851743
6332.502522
6453.125005
6328.093214
6070.605074
6077.745801
5839.618022
5844.117702
6023.751887
6169.892156
6328.229926
6734.976866
6774.993358
6643.245144
6626.810953
6515.406379
6162.860674
6196.435025
6451.348681
6496.981932
6700.821416
6896.730961
7005.520256
7143.127322
7237.598295
7355.122327
7367.945746
7381.589446
7437.053375
7516.186138
7228.656491
7370.697717
7416.436624
7493.577057
7654.660365
7792.633929
7877.892215
8109.714225
7984.407532
8055.130512
8159.529018
8144.715182
8355.710095
8754.603791
8980.352123
9169.993340
9313.736628
9370.611522
9155.545394
9028.266151
8960.256705
8941.630716
8545.152810
8590.596637
8528.122355
8643.428286
8668.676625
8946.486035
9055.232318
9278.573193
9312.539603
9286.920290
9406.879791
9536.503690
9516.553782
9698.033599
10042.535812
10337.171869
10617.238943
11042.744596
11380.391171
11755.501216
11790.985979
12087.779063
12285.590328
12670.965418
12648.226458
13159.545112
13543.765608
13829.642218
14095.041031
14688.001440
14886.298076
15196.837962
15487.680471
15713.361948
16106.638740
16555.075856
16868.668249
17453.233566
17991.432096
18284.170355
18800.431795
19609.763037
19883.083074
20193.733210
20617.687109
21327.237136
22005.816458
24215.681784
26188.209292
27785.938981
28147.213363
27702.004075
26445.938348
25105.793172
23733.914466
23255.594990
23213.758125
22992.680075
22773.028709
22514.282449
22161.746149
21883.481322
21306.807773
21006.360777
21125.572469
21016.529241
21089.608591
21189.716529
21285.279379
21147.210480
21293.496260
21094.794147
20873.346440
20459.468164
20274.104649
20219.618594
20345.212996
20535.147350
20760.956914
20878.277421
20749.126787
20458.543700
20345.347534
20327.702502
19817.840467
19494.392107
19473.635528
19448.735232
19155.814187
18991.548923
19148.742579
19026.395808
18640.671497
18812.635617
19291.017757
19592.995816
19810.780638
20447.619996
20804.611964
21360.482329
21736.598289
22087.475816
22304.402102
22372.540480
22197.047747
21511.985145
21388.443816
21157.006659
20944.559497
21073.927606
21397.450188
21441.361903
21501.984272
21929.474567
21996.343999
22253.333885
22915.394655
23637.939337
24044.942478
24224.759443
24193.248203
23815.012490
23220.154357
22222.251376
21597.944819
21854.908251
21946.578746
22051.261356
22935.707244
23490.739973
23472.475021
23580.846489
23892.340948
23594.139826
23637.702065
23394.874117
23247.433101
23075.653625
23321.998324
23364.159154
23704.883042
23975.846574
24174.120310
23760.325691
23560.244928
23711.741582
23731.033724
23597.290290
24009.350167
24476.907496
24917.460151
25425.331757
25416.366529
25450.062539
25082.896129
24611.311796
23456.429734
22973.778806
22360.863073
22156.471742
21686.085239
22160.282726
22535.774603
22542.623375
22693.412304
22997.991427
22966.676813
23071.313375
23204.847839
23313.413134
23549.481695
23363.649418
23373.571033
23486.944934
23728.964690
23338.947118
23440.997655
23111.142939
23174.489112
22959.466606
23249.384945
23347.749693
23554.323054
23705.767258
23927.498833
23802.234747
24040.374342
24119.529909
23863.949862
23650.587704
23646.984763
22993.112244
22481.449158
22198.606175
22038.237254
21881.656907
21941.638496
22253.208019
22535.588401
22651.233152
22381.116763
22477.117285
22759.063232
22679.782877
22619.351649
22932.490207
22976.434041
22617.130142
22486.129475
22476.029270
22229.671511
22713.375798
22991.876557
23385.312273
23399.695584
23604.373341
23025.778057
23116.143381
23138.856570
23102.985823
23083.921704
23528.963440
23426.253619
23840.438083
24289.382114
24197.358091
23711.276616
23318.810333
22587.605388
22011.748143
22180.546784
22458.686678
22844.416105
22767.805570
23087.289023
23289.741064
23338.163803
23225.164863
23623.393847
23788.225882
23629.563743
23366.337489
23270.468682
22982.808402
22876.615700
23039.157834
23482.317480
23920.515917
24153.515827
24101.609703
24051.003589
23550.015316
22852.284208
22133.099614
21621.307385
20922.509265
20951.051288
20648.432458
20899.740215
20651.310763
20026.970016
19354.797301
19055.289828
18567.304145
18438.930937
19257.990228
20914.205200
22574.876457
24583.340911
26164.101386
27527.821571
27452.682640
27381.680618
27008.245908
26532.287086
25730.391641
25197.738961
24848.788960
24367.230272
24484.653873
24615.642012
24855.893079
24953.766201
24972.029861
24684.333259
24303.736293
23988.567342
23890.809082
23505.997419
23082.076969
22971.244387
22988.124674
22695.626897
22596.092754
22414.681191
22144.832597
21583.315886
21270.021756
21315.212833
20981.203694
20839.155207
20697.095368
20381.693127
19992.244019
20429.108650
20876.279363
22191.177867
23563.588445
24696.967622
25803.803987
26202.524099
25402.683538
24657.625093
24275.122321
23577.382706
23356.051340
23550.103189
23508.486533
23304.870690
23192.052562
22866.317060
22415.704301
22365.467021
22284.011011
22356.778968
22373.707963
22317.334188
22024.682642
21683.401236
21238.377800
21267.656104
21384.707372
21614.131463
22116.836807
22882.730226
23194.607383
23649.138812
23795.533987
24017.413483
24163.582680
24220.231679
23963.194282
24077.706772
24089.245328
23817.748281
23861.759019
23941.178610
23667.486110
23443.334746
23263.542894
22703.807251
22190.354902
21801.620261
21153.029903
20710.100336
20720.269365
20768.552818
20895.529711
21153.681578
20963.812629
21128.372751
21397.830512
21412.564291
21435.304546
21915.439326
22427.020855
23220.710333
24202.127099
24471.129525
24456.757847
23970.252667
23224.865222
22642.025305
22587.605388
22548.226144
22399.711919
22341.418960
22147.011495
21810.260322
21747.338661
21618.239736
21482.459654
21365.250571
21562.499688
21673.397796
22050.959193
21888.144195
21815.144025
21511.752051
21052.311596
20749.507368
20724.883445
20774.486501
21039.415885
21491.678870
21722.191167
22022.923370
22400.092052
23224.383926
23705.000879
24283.163064
24493.987074
24200.046336
23294.185639
22751.705450
21956.128234
21659.511675
21382.290820
21173.501945
20820.678657
20754.163668
20447.072634
20588.919144
20871.654698
21114.465318
20788.115616
20671.242989
20489.517613
20240.967940
19690.727019
19655.344562
19430.208484
18783.288949
18260.037740
18106.128426
18224.841489
18331.437411
18642.211181
19149.313581
20535.461785
22181.274783
23705.670369
25579.160240
27033.690403
27549.614024
27180.160560
27088.364289
26509.089512
26186.583191
25212.970829
24561.021282
23761.343956
23162.186843
22266.379615
21932.211865
21430.929448
21157.350125
20884.224842
20798.099831
20969.333315
20923.398793
20856.775120
20958.502371
20901.967791
20589.133884
20599.445476
20768.771846
20480.328503
20039.206943
20018.415866
19540.643566
18853.270631
18036.326955
17292.358637
16423.664254
15817.975922
15354.970652
15306.350161
15253.869982
15239.726589
15413.025409
15548.528717
15945.511768
16388.821683
16510.068018
16931.827331
16971.475484
16712.498668
16975.155258
17434.211623
17747.877723
18456.263759
19253.789795
20212.242343
21503.349330
22862.389913
24487.074288
25821.773503
27079.987899
27823.100387
28299.136532
28201.261812
27875.213415
26775.641586
26049.109852
25278.591125
24653.548281
24436.973786
24993.338404
25212.724896
25026.835014
25271.354812
25169.053019
24236.601621
23230.066450
22904.193689
22417.561360
22276.068976
22044.996025
22184.645088
22042.696011
21683.790131
21272.379651
21183.970909
20828.799388
20457.654492
20499.525893
20609.628192
20641.532269
20814.589348
21073.927621
21000.421073
20948.782801
20980.726978
21118.231842
21195.311032
21120.127600
21139.267674
21265.880546
20988.031675
20971.224369
20845.213733
20624.904565
20663.223810
20773.627578
20637.965243
20754.822452
20988.714576
20615.525527
20323.308649
20060.046842
19715.001149
19422.401499
19608.823866
19644.369658
19669.186736
19741.989628
19522.834043
19103.925913
18943.526608
18554.775263
18327.777039
18091.757944
18075.198775
17892.587086
18050.758983
17858.546425
17893.805198
17672.427922
17523.877505
17152.124747
16912.832265
16643.322838
16355.703878
15957.153196
15826.551882
15191.942725
14574.588345
13735.019083
12788.585296
11884.518789
11446.234488
11114.625801
10783.240914
10881.414667
10602.116909
10549.879124
10140.319495
9919.026300
9546.871249
9290.462431
9190.140084
9154.405561
9082.371932
9126.266903
9046.669368
8908.835062
8908.835062
9031.334743
8947.086596
9035.267508
8993.837610
9178.747823
9145.549770
9107.860759
9357.838394
9337.453446
9051.696202
8980.798788
9052.164762
8937.425145
9231.590219
9436.059033
9592.793549
9660.037402
9686.395757
9389.956738
9199.950484
9222.919800
9383.454130
9389.823917
9440.170477
9484.017845
9616.716381
9531.508058
9784.124186
10184.736115
10360.460724
10598.482310
10637.934846
10424.977193
10214.046872
10315.767072
10288.946671
9988.372942
9840.572793
9681.327219
9629.426384
9459.436488
9624.418303
9891.722389
9919.026295
9866.685204
9787.956375
10048.775028
10138.245181
10315.692135
10654.188459
10701.352651
10747.260448
10676.473230
10654.061325
10586.835322
10817.690567
10761.218729
10940.264651
11115.663823
11099.135221
10866.756649
11269.955993
11281.665804
11419.886857
11462.101686
11771.386494
11622.648640
11602.334219
11790.651106
12009.509997
12231.546920
12393.794427
12676.214699
12606.930648
12726.226640
12859.693769
13014.249273
13431.504261
13997.815257
14142.524287
14302.682078
14792.863068
14971.033100
15208.608733
15641.108774
16249.776821
16592.319576
17208.269715
17569.370958
18259.384144
18856.226317
19519.650671
20428.740469
21630.786969
22707.214744
23971.247678
24934.135220
25259.636601
25280.331174
25109.659116
24487.074288
24063.568310
23570.417622
23230.066471
22861.394574
22387.333443
22318.703399
22373.165638
22053.740353
21848.353283
21604.716438
21126.497848
20789.871402
20802.926731
20671.243002
20673.239719
20278.349447
19821.468552
19666.630390
19275.948362
19044.838533
18989.234467
18943.412023
18352.366009
17978.534112
17609.532916
17417.663361
17241.606845
16845.642110
16651.388833
16185.471203
15707.239915
15097.589412
14840.283250
14552.071231
14142.896475
13177.822887
11912.239124
10408.640880
8717.308757
7138.019196
5943.995435
5348.341634
5127.266728
4845.316217
4736.457322
4703.300385
4590.293201
4385.986645
4398.323218
4457.302642
4373.431529
4361.261085
4605.284420
4688.697289
4790.672971
4886.895019
4993.452857
4821.924278
4627.753861
4535.072188
4608.077295
4432.900187
4282.639434
4301.273122
4201.832398
4122.418088
4207.870909
4272.450780
4316.575228
4341.282158
4184.877595
4145.146497
4276.957130
4259.834455
4251.104939
4246.775365
4179.796421
4121.373618
4294.877060
4321.778303
4461.956522
4453.625718
4370.161664
4100.569742
4027.952290
4027.952290
4147.391078
4093.002901
4205.793155
4158.012402
3982.882513
3853.171716
3876.169813
3901.252136
4048.110959
4340.795830
4455.215135
4407.312927
4443.007457
4454.350058
4176.510132
4026.171710
4099.667313
4101.263327
4036.186302
4188.196606
4263.488119
4288.328576
4232.100002
4277.591481
4419.117346
4506.926388
4423.438983
4515.559453
4610.673884
4520.743263
4505.642237
4554.135020
4547.908485
4606.417312
4600.265131
4623.442535
4702.861062
4761.027594
4709.152004
4776.283171
4888.685231
4892.675310
4899.353743
4874.420041
4846.973553
4690.401456
4679.920448
4661.275564
4690.563100
4734.551269
4803.493167
4709.664286
4627.900978
4655.103201
4671.912492
4794.943953
4887.057278
4780.330665
4857.089994
4888.685233
4771.882133
4778.147786
4927.967596
4656.828470
4519.038694
4510.918978
4531.566409
4748.676697
5074.453579
5222.763341
5185.083569
5283.471858
4926.324008
4690.866817
4678.893399
4772.334170
4839.391563
5054.315882
5158.562479
5183.672184
4949.763485
4711.473633
4659.416544
4516.610376
4426.788167
4544.017064
4592.066941
4656.692909
4773.724307
4770.250107
4882.957382
4847.283291
4628.053491
4589.699380
4664.469162
4591.875267
4673.318936
4900.898504
4896.068874
4912.867433
4839.944725
5023.911765
5092.787105
5060.583391
4877.016993
4810.429506
4668.704626
4787.300599
4993.452855
5214.759679
5325.092704
5252.187785
5051.988589
5031.058768
4955.894036
5004.378493
4997.775532
5014.961810
4982.927045
5216.927483
5338.086748
5431.929479
5486.574397
5233.288144
5009.672932
4977.851259
4990.629542
4725.410201
4876.838821
4737.015605
4791.323897
4829.000950
4935.860546
4865.523099
5019.879523
4927.679159
4883.982741
4923.930736
5014.543574
4930.960952
4843.126859
4822.035755
4866.237722
4793.582793
4852.134325
5106.724372
5123.688381
5276.291579
5407.305423
5330.026441
5067.454998
4964.532156
4805.915600
4728.843651
4772.524042
4653.789838
4689.078380
4584.571596
4462.585624
4556.647038
4782.429346
4855.518261
4884.293123
5103.962119
4974.711770
5191.940317
5281.121011
5442.277545
5530.517907
5643.351964
5507.293795
5453.093007
5426.097482
5448.560487
5736.903162
5868.417099
5968.483163
5985.376958
5946.988912
5740.224200
5596.251889
5575.388590
5702.301832
5998.960074
6118.194224
6276.874169
6314.093872
6301.978219
6170.363428
6304.019416
6391.765881
6308.369099
6278.878001
6166.341849
6022.665014
5978.154227
5948.969582
5967.572825
6150.855312
6196.866469
6265.789311
6621.254835
6825.397566
6728.025723
6750.842260
6714.245522
6484.204704
6534.051471
6775.851872
6798.353215
6703.261293
6709.215882
6744.180901
6669.975202
6732.912439
6784.470422
6778.530468
6695.255639
6574.958674
6585.168554
6662.867167
6923.583650
6860.974480
6886.247341
6829.823372
6808.826819
6564.081528
6606.675926
6805.773373
6738.116609
6832.650622
6999.674459
7437.932754
7377.081233
7518.779822
7492.196328
7550.353635
7149.648525
6911.808518
6817.849761
6981.087871
7003.677678
7045.322862
7160.947480
7388.678247
7146.226539
7133.691489
7305.503809
7503.854733
7558.485077
7800.481502
7950.561158
7961.348924
8054.486354
8098.296899
8027.528532
7970.773763
7985.171661
7872.418549
7819.595826
8062.177770
8258.446344
8243.582500
8429.393518
8694.904262
8623.609131
8502.242819
8732.244467
8842.867187
8703.123948
8796.740025
9024.833824
8945.666613
8990.263938
9283.084346
9484.784514
9587.826794
9798.537396
10093.236437
10153.095506
10303.515531
10498.045027
10673.809580
10777.524377
10973.725138
11082.794503
11395.594584
11627.887497
11794.974557
12122.727028
12600.498716
13112.227718
13515.007385
14185.015408
14314.506979
14438.242362
14312.521093
14279.462628
14369.925510
14977.309107
15420.164436
16127.536079
16900.725967
17457.609287
17780.914790
18587.016660
19464.256722
20149.161127
20630.758627
21902.302306
23612.773104
25279.448366
26743.584785
28354.128273
28865.759569
28324.771785
27512.541210
26957.063121
26101.859574
25448.842322
24464.895350
23867.002200
23512.549198
23553.422999
24183.907093
24125.535994
24311.234343
24469.635531
24408.870584
23589.598301
23786.496858
23212.147491
22613.152155
22447.913327
22541.605729
22903.001569
23255.671422
23504.448507
23228.324532
22771.295288
22184.254470
21510.196179
20749.590653
20458.022209
20484.924359
20418.001040
20407.660835
20996.710517
20820.253624
20728.169082
20935.068235
21122.773424
20832.450669
20837.463041
21073.384556
21088.453786
21476.204638
21833.621878
22296.914043
22873.722649
23140.287138
23299.259108
23448.005444
23580.939870
23359.908849
23697.802268
23604.172368
23851.038535
23585.884184
23370.606433
23255.671422
23270.603155
22877.799253
22841.727565
22691.151245
22231.677946
22250.665438
22731.311772
22855.500866
22987.433381
23076.616665
23080.938039
22807.558214
23108.259620
23457.187063
23937.160958
24171.096949
24302.752755
24501.840082
24153.147974
23737.675866
23318.221407
23294.544909
22993.981483
23334.055530
23449.153348
23637.560415
23634.980408
23567.484556
23561.099346
23467.102075
23352.077458
23391.732395
23412.396239
23232.686736
23403.784724
24049.433033
24049.433033
24225.703904
24196.156623
23780.763059
23054.011582
22594.851236
22343.605748
22374.904046
22491.686361
22616.847032
22752.851006
23162.186825
23201.846683
23262.549246
23223.054875
23515.017528
23519.478697
23766.416481
23611.498566
23505.319308
22978.928208
22374.904046
21733.915122
21992.583458
22138.740146
22345.205871
22311.897470
22405.645640
22417.908045
22416.095580
22417.908066
22915.958618
23170.161041
23293.689680
23352.218388
23749.548645
23846.279708
24172.091202
24329.092318
24411.683697
24257.846501
23947.443206
23154.410617
22575.827801
22320.772297
22120.741231
21957.720676
22273.165724
22561.337739
22885.084470
23403.360489
23615.763489
23567.601258
23377.535055
22934.972957
22387.218565
22152.072163
22071.044420
22173.105933
22229.746013
22198.133223
22344.977775
22172.416327
21986.665361
21833.858391
21601.235901
21463.645560
21588.975822
21766.655899
21678.927281
21908.016164
21897.249726
21874.123777
21891.327452
22012.240546
21924.341200
21935.552941
22151.091348
21768.552654
21618.383904
21704.071166
21699.138251
21349.045242
21572.104060
21755.826971
21810.260368
21767.085574
21800.468253
21595.922812
21299.605213
20862.581185
20360.846302
19873.905959
19362.271015
19646.374182
19548.639904
19634.198424
20023.051084
20502.913633
20300.061702
20306.834301
20435.761148
20348.414372
20362.601660
20178.874214
20246.074726
20234.706672
20234.706672
20374.198307
20603.759613
20755.958293
20598.676139
20671.243002
20289.035210
20003.243007
19923.313286
20120.803185
19955.327031
19825.580293
19629.590257
19427.312339
19112.695864
18878.484743
18851.378594
18872.479247
18901.950072
18937.987881
19318.020697
19606.083648
19876.987494
19896.339990
19995.942753
20089.736800
19952.084401
19868.285597
19778.822443
19595.636475
19183.814340
19125.662929
19100.699079
19205.022358
19469.402253
19645.073820
19735.056840
19751.393365
19841.917921
19644.741120
19588.562201
19494.392121
19450.314972
19283.247494
19091.206762
18980.002814
18756.871726
18581.043305
18384.910923
18432.409387
18169.327878
18094.084651
18138.440148
18073.989494
17978.534104
18020.330169
17976.398735
17307.785233
16887.846770
16555.270962
16031.746498
15757.630099
15874.957650
16025.317757
16174.081416
16461.037856
16778.212752
16914.028213
17213.107245
17614.909197
18035.406330
18400.080487
19660.028028
20839.515524
21830.520062
22595.065287
23160.744264
23076.954397
22565.729386
21836.938471
21580.036345
21388.042451
21273.058653
20872.369524
20744.947662
20294.795356
19649.134563
18903.585519
18237.927204
17848.297378
17236.613792
16808.483819
16383.761128
16115.590202
15420.480836
15608.482894
15650.322129
15480.846510
15343.382348
15205.575503
14474.869971
13822.958339
13203.087757
12551.650585
12098.799184
11795.807696
11584.510343
11463.383934
11599.491610
11393.814165
11126.265710
10928.028222
10694.271079
10487.763707
10462.601840
10518.977404
10537.417233
10516.789096
10372.172270
10243.341923
9982.996620
9850.835131
9853.289292
9915.657512
10044.326431
9967.523728
9750.442351
9692.376807
9393.673398
9266.932041
9397.768537
9199.927805
8884.774633
8963.738197
8895.941554
8622.843725
8695.437680
8682.942080
8578.203093
8503.649341
8503.649341
8338.295586
8405.479315
8253.709098
8160.013236
8398.861001
8576.667698
8509.531664
8540.873153
8423.004528
8128.900971
8158.053489
8187.234697
8510.888010
8960.481445
9152.813116
9188.650347
9318.031272
9190.474636
8762.747349
8606.490622
8652.535501
8754.556253
8902.510225
9237.813554
9728.629487
9803.848553
9849.508785
9525.725379
9302.035966
9076.411798
8843.686317
8688.314446
8901.423821
8985.008269
8815.572788
8928.855569
9166.638643
9237.758714
9255.586639
9596.172763
9857.033220
9792.516586
10117.921034
10335.596177
10354.175540
10496.084753
10437.000015
10337.235651
10450.598894
10306.443161
10214.298406
10359.138931
10321.316982
10182.838752
10466.428447
10577.375456
10949.160906
11224.414219
11559.783099
11856.149377
12133.884407
12255.486369
12363.335675
12472.088056
12599.641675
12801.916810
13019.320644
13268.328437
13933.347427
14192.326124
14492.832930
14827.167618
15063.442678
14922.196839
15206.691826
15436.529713
15839.393031
16496.615885
17033.359846
17701.634714
18194.529880
18570.257578
18795.992608
19008.505468
19447.795749
19808.586815
20148.991719
20165.278957
20137.809588
19390.121767
18921.404332
17918.928401
17458.829074
17133.504821
16799.005762
16391.776904
16368.625005
15982.511916
15611.533296
15490.490980
15323.529406
15223.111196
15076.746425
14859.768405
14442.229888
14066.628436
13721.265696
13203.279893
12182.962115
10924.185575
9616.623543
8019.928224
6547.223299
5890.981938
5370.932431
5076.670525
4855.518263
5028.731368
4856.638547
4961.174290
4937.762871
4961.174290
4733.677047
4753.527694
4597.225135
4492.706989
4454.920035
4505.077157
4505.077157
4620.229196
4582.599205
4636.824345
4707.584947
4517.601797
4350.586588
4348.872432
4386.385283
4223.397062
4223.397062
4190.053065
4108.372570
4033.265585
4164.599218
4264.334080
4477.742241
4650.964627
4761.265430
4888.836029
5185.083568
5343.654182
5452.351236
5523.724851
5598.500290
5668.874367
5712.604951
5724.824047
5670.708962
5702.021912
5548.359549
5446.346530
5437.641564
5558.809873
5517.204479
5506.060475
5707.783795
5831.217578
5818.903554
5764.796359
5927.673003
5950.620739
5919.309303
6069.836176
6061.315132
5891.223045
5784.842452
5802.150821
5607.415386
5541.032327
5692.433169
5730.220610
5830.370247
5991.064817
6235.182450
6124.667548
6157.921777
6015.572885
5876.266723
5944.541182
6150.768481
6229.674612
6301.326186
6478.483024
6584.875387
6761.188021
6732.551150
6869.868003
7033.180291
7026.447861
6938.769567
6817.546605
6715.143295
6462.315875
6368.628652
6182.861386
6172.484301
6298.041469
6623.649937
6809.405630
7067.118274
7209.275679
7157.135877
6931.604757
6731.041795
6489.031413
6647.752451
6850.196440
6986.050305
7050.925296
7021.304187
7004.479424
7040.260743
6910.910238
7013.061834
7101.246617
6974.209030
6856.600957
6986.181904
6825.481979
6902.897912
7079.956392
7081.943194
7190.557952
7422.348379
7830.015906
7917.597243
8132.999401
8272.033809
8142.791476
7742.579952
7552.643140
7314.522834
7045.054937
6867.384657
7050.925297
6986.050306
7063.029188
7253.399843
7500.240699
7492.905571
7705.684943
7574.766119
7351.345318
7353.175030
7457.258452
7333.979083
7358.586359
7565.946905
7667.793992
7492.042176
7541.771548
7585.129809
7601.701200
7717.362593
7950.039042
7991.244716
8092.024386
8034.220635
7921.453003
7781.163567
7786.581927
7736.525229
7922.651054
7972.385537
8203.391149
8414.558667
8583.498105
8550.180065
8736.196433
8712.939136
8775.838929
8920.156360
9049.670873
9304.229785
9598.768116
9614.916194
9821.586546
9937.174288
9788.264807
9505.983569
9702.229712
9810.890731
9942.154308
9948.788376
10344.375250
10598.831772
10742.925205
10872.465212
11333.808536
11490.770536
11636.374129
11691.224405
12202.413777
12344.459850
12833.299203
12785.247602
12956.286007
13010.716985
13182.235030
13274.612845
13679.916283
14247.717641
14625.878308
15164.323685
15422.137796
15869.292799
16289.292295
16600.348131
16716.691469
17174.219340
17569.217702
18119.522401
18984.575744
20228.718722
21233.907335
22557.283564
24086.002830
25865.347540
27435.622773
28555.819125
29098.778077
29284.549572
28795.975845
28255.124269
27940.649656
27627.556850
26474.369969
25392.692799
24398.915029
23423.705906
23016.361537
22974.816438
22730.962356
22254.202262
22663.867056
22601.254736
22511.328637
22306.540654
22342.305150
21396.723348
20690.502168
20089.378053
20099.787918
19663.710977
20063.840503
20134.894485
20625.480431
20902.506343
21018.102873
20685.504859
20625.251427
20317.947124
19865.416877
19904.958374
20042.680398
20328.778990
20370.340685
20414.464407
20697.753480
20795.674573
20632.592091
20484.656706
20670.719067
20683.143309
20465.822355
20401.091583
20576.186590
20348.792498
20117.416129
20157.591047
20122.307111
19720.953394
19510.172355
19549.919970
19497.582504
19384.661772
19516.923745
19679.407239
19576.943003
19188.283871
19107.174039
19044.301227
18760.301909
18550.600589
18567.304139
18209.337772
17723.512279
17723.512279
17593.655340
17606.965846
17546.757991
17747.634945
17496.970924
17082.993435
16769.378346
16601.684313
16319.826669
15910.743544
15653.901562
15088.098075
14642.799821
14160.476077
13611.569269
12993.142450
12505.476500
11959.951496
11400.164776
11051.417184
10535.975113
9736.666836
8834.717174
7895.334602
6886.393695
6113.241777
5711.594688
5253.870535
4807.154950
4556.338866
4297.401073
4046.379059
3910.574621
3929.341346
3933.699199
3954.334254
3968.109939
3976.099292
4005.406067
4235.225508
4381.300202
4327.049592
4310.644868
4348.168402
4270.807599
4278.954579
4484.661252
4720.864092
4911.030971
5019.662223
5031.812624
5059.329970
5019.662223
5082.044070
5028.187611
5268.253301
5288.200742
5321.999112
5206.992437
5250.825866
4993.951803
4969.266511
4962.808975
4893.715424
4825.168548
4789.535872
4696.572368
4849.089618
4891.160595
4784.549055
4790.672971
4668.807065
4482.704470
4493.099032
4660.315417
4728.996846
4921.581311
4902.678620
4867.016301
4858.322950
5011.216147
4945.889215
5129.029836
5323.501416
5346.902868
5139.633560
5325.092704
5394.184396
5277.450558
5143.788066
5519.186249
5442.590102
5382.047507
5597.160071
5816.498726
5555.460327
5580.413871
5586.376346
5404.866823
5342.276353
5444.358271
5408.322077
5333.372183
5295.788106
5287.176658
5299.619253
5241.027698
5343.048404
5529.263769
5494.027539
5385.172648
5507.038454
5319.307615
5204.492438
5292.020342
5422.031801
5356.172695
5359.993644
5426.698329
5326.758967
5193.013943
5297.240563
5222.163926
4900.284805
4833.814091
4812.273798
4762.819460
4883.835275
5149.247692
5466.524821
5502.204534
5551.988084
5695.849138
5779.530255
5556.198538
5487.210725
5310.603015
5208.570578
5102.260750
5154.317543
5224.988800
5431.340046
5537.118494
5455.975953
5599.650110
5629.631275
5631.539170
5454.404669
5506.424651
5481.373960
5683.735193
5652.199921
5727.484156
5706.922781
5643.783009
5639.725976
5630.353609
5729.303944
5802.150823
5814.195317
5830.893276
5853.791150
5836.942013
5816.165716
5682.440747
5398.457166
5414.455446
5416.008892
5431.340047
5447.807607
5629.631276
5457.224812
5440.651330
5482.428015
5503.196620
5392.906625
5494.748960
5427.166460
5310.603015
5356.862386
5560.948391
5701.549707
5674.503751
5916.460690
6173.834445
6094.138896
5956.328858
5954.133357
5812.258431
5559.156214
5684.445264
5858.793407
5969.495308
6030.197440
6005.451887
5759.093714
5776.795267
5877.115694
5910.262157
5944.089818
6107.136890
5993.539998
5982.873720
6026.552684
6282.060209
6268.984960
6286.957032
6268.358965
6109.585121
5959.417980
6082.589452
6121.201137
6308.708700
6559.967845
6708.189960
6630.695678
6581.307313
6457.515521
6453.409878
6282.488948
6167.363815
6420.553028
6385.073215
6475.630002
6704.751857
6982.713511
6903.288970
6949.134203
6818.988422
6755.161676
6738.070091
6815.165012
6865.511979
7168.527506
7243.570273
7151.518882
7131.059929
7305.211833
7225.121255
7329.305420
7496.001377
7584.917095
7566.078910
7580.880776
7562.222680
7617.734276
7613.606860
7742.961086
7647.249455
7650.999317
7768.351106
7840.969205
7986.570042
8103.932231
8247.927922
8156.456631
8133.458883
8242.315019
8414.999040
8653.026267
9017.051151
9451.225492
9491.327179
9859.967820
9955.033562
9949.899532
10035.896642
10077.624665
10034.217128
10151.174502
10464.093131
10496.084760
10746.899916
10815.798191
11009.736924
11168.776255
11685.975664
12018.366245
12605.880738
13118.838528
13457.214698
13726.786047
14026.873642
14415.669485
14609.665998
15054.384640
15689.925673
16423.607448
17076.931262
18108.498300
19088.369007
19737.964246
20599.606390
21888.259140
23377.440565
25091.590610
26600.442157
27341.976191
28198.345735
28008.169747
27281.033598
26362.874676
25876.211803
25024.407468
24433.085225
24063.688620
23936.968895
23519.221341
22713.032708
22571.248293
22074.133427
21603.932615
21402.825786
21409.578271
20820.678674
20830.961919
20991.620160
21342.670082
21423.836352
21607.908345
21371.862448
21277.175364
20838.379690
20573.170016
20629.989225
20827.697018
20671.601492
20860.166157
21103.815627
20878.514605
20546.214866
20423.923460
20221.963256
19805.726171
19636.910082
19762.263821
19897.488180
20077.879150
20186.456201
20411.646965
20294.958488
20652.422263
20802.795643
21042.808936
21224.350136
21697.967387
21668.892225
21618.634497
21504.096923
21453.680733
21625.251117
21514.049876
21685.459350
21869.010354
22019.385480
22013.209747
21929.587967
21706.310930
21290.521400
21242.505588
20685.180174
20501.862397
20405.653921
20466.284802
20420.369146
20614.894944
20619.114140
20569.026827
20602.602003
20886.415676
20878.277435
21103.951650
21334.105614
22052.643840
21659.819873
21569.873948
21350.435539
21212.821899
20958.049268
21083.719780
21043.775739
21226.969171
21406.418965
20950.954966
20749.126796
20865.273571
20991.864259
21077.778996
21537.430655
21800.325983
21905.368212
21999.938839
21780.250974
21817.732250
21732.622721
21705.178154
21561.123024
21869.196391
21928.337866
21953.231771
22208.006353
22264.661424
22024.153202
21708.898950
21773.193894
21481.615163
21309.831232
21336.550437
21217.967108
21250.910414
21537.236969
21865.073459
22027.625077
22216.215853
22372.690224
22514.530808
22195.548273
22099.665201
22243.678613
21873.880355
21915.597102
22330.009722
22277.784758
22181.274804
22317.334205
21433.638908
20735.158091
20532.707392
20258.736836
19575.688572
19709.293354
19738.996476
19538.045088
19164.901983
19554.294953
19553.129392
19394.616490
19455.153217
19684.849081
19770.527757
20006.522679
20381.827251
20741.677302
20956.705200
20743.441571
20655.537643
20784.752781
20602.932117
20878.642432
21221.030964
21285.762104
21206.760329
21269.381931
21219.400258
21346.330797
21290.157510
21213.219132
21120.770926
20728.862493
20423.654787
20476.154845
20526.204613
20590.637685
20886.925022
20906.313487
20803.465824
20688.194267
20351.732170
19830.354117
19648.411449
19478.785613
19526.900432
19741.621999
19735.256503
19785.475209
20077.959219
19876.372235
19770.120279
19757.673127
19368.891889
18715.388589
18588.495680
18203.637354
18060.922929
18183.923405
18406.835793
18499.817035
18550.230175
18577.143326
18577.143326
18487.423828
18238.316475
18417.636257
18610.699233
18499.603100
18327.959154
18475.351221
18450.444291
18159.959864
18259.977011
18138.620092
17535.148307
17050.329028
16745.648281
16330.017836
16229.347760
16600.957924
17383.613708
18124.908837
18382.305053
18386.092646
18103.754297
17429.653705
16790.382513
16344.969644
16324.441481
16224.760425
15949.512483
15624.970745
15452.353557
15318.916072
15128.866314
14909.393316
14859.354920
14678.908104
14083.918188
13652.267114
13069.824234
12558.022464
11969.037147
11668.632498
11424.347053
11233.935019
11073.215016
11068.672196
10996.199907
10762.962291
10858.645789
10543.614247
10537.280008
10284.164412
10198.511056
9870.906678
9883.420367
9643.920113
9647.655561
9724.220342
9692.678674
9538.245551
9452.423459
9515.089013
9513.180316
9661.008858
9798.727570
9891.613345
9910.343417
9724.294056
9762.354752
9614.080391
9820.503287
9749.985044
10063.401919
9896.930745
10080.826026
9919.928115
10007.620196
9704.086528
9813.171548
9846.840119
10019.549296
10174.576802
10371.192801
10536.417842
10721.902686
10796.737461
10763.336386
10820.174914
10828.633086
10899.160159
10876.720877
11187.836734
11467.908579
11503.664949
11376.538587
11405.830702
10989.840165
10687.263484
10637.583052
10831.164666
10975.008546
11503.588857
11894.857506
12239.307546
12174.923591
12176.570945
11936.857031
11696.714111
11442.284410
11538.045225
11214.686823
10840.572752
10706.839071
10537.516905
10197.723363
10078.040278
9849.321130
9421.352876
8730.416008
8158.200798
7585.177946
7055.343243
6485.253457
6067.651658
5545.527660
5167.664692
4937.561712
4711.473632
4765.793992
4870.366967
4847.125968
4861.989841
4918.565172
4824.589824
4649.213821
4705.597745
4640.528963
4613.637800
4611.584442
4872.436178
4939.032068
4970.633641
4921.003992
4768.424494
4467.865759
4302.754803
4250.846597
4137.677500
4041.502388
3951.765145
3874.354135
3751.290180
3728.455102
3726.503054
3714.235605
3674.469570
3714.235605
3829.081298
3929.472941
3894.077057
3851.976562
3835.544918
3817.426867
3921.646160
4038.236194
4057.832078
4059.627168
4089.046626
4003.436098
4056.154459
4193.516811
4258.060284
4285.289824
4462.693098
4573.597996
4686.588903
4817.969000
4910.809856
4881.418016
4877.016993
4950.439635
4941.926174
4842.410010
4779.681413
4829.717194
4641.950869
4501.819497
4563.514063
4594.241208
4454.464182
4494.281849
4717.666895
4672.530461
4758.396910
4933.236760
5133.906513
5093.831727
5076.205796
4865.328485
4712.283263
4535.250386
4410.367469
4389.359518
4539.834013
4694.560582
4848.902266
4803.144900
4829.964834
4702.999045
4445.967747
4076.402814
4161.880924
4193.645264
4454.573896
4458.961587
4554.972509
4544.397345
4449.593733
4129.832078
4060.663077
4152.834133
4276.423723
4545.068396
4764.483661
4931.558482
4875.324271
4693.811786
4499.237741
4442.673215
4467.865762
4440.649205
4473.988466
4437.949522
4341.502441
4289.266110
4348.168404
4283.480324
4346.474341
4639.010409
4751.839214
4720.529835
4695.155545
4724.778330
4720.640429
4680.573612
4589.191874
4847.789836
4913.363260
4761.027595
4732.049906
4965.677884
4998.816738
4936.174014
4831.118189
4846.102959
4716.717407
4491.205922
4361.970416
4500.020706
4512.335765
4627.298578
4589.699380
4646.236595
4608.685973
4616.927404
4671.271116
4924.075686
4976.064694
5011.460706
5038.944888
4819.523971
4588.047319
4723.283053
4658.548423
4552.349059
4641.950867
4842.410010
4740.723331
4880.661303
4918.194612
4989.172078
5039.262542
5068.897618
4876.350034
4932.645119
5055.774990
4913.861012
5011.338297
5144.784318
5259.854869
5347.644166
5470.454417
5283.044898
5299.619251
5184.831122
5017.747919
4948.972591
4785.966192
4656.552385
4498.101917
4460.206255
4443.506828
4848.339353
4969.663701
5172.213048
5236.655261
5297.472322
5193.294638
5230.742853
5126.707181
4957.575931
4825.992408
4660.791849
4798.426107
4936.614460
5115.732213
5249.693159
5188.586299
4990.083848
4854.583140
4511.888127
4307.236056
4465.739937
4400.800323
4378.006319
4653.650020
4783.210240
4733.509500
4672.885663
4731.370396
4791.678943
4720.750520
4759.838436
4899.353743
4821.817872
4880.524848
5063.947664
5111.450262
5132.477950
5318.357960
5096.826222
5105.268136
4989.914350
4969.266509
4802.009409
5033.876514
4950.439637
4965.932474
4962.089767
4913.692917
4840.613654
4836.723190
4951.962901
4960.417316
5092.088360
4968.988483
5093.737621
5243.268702
5373.241500
5341.764106
5335.028782
5243.268702
5030.451802
4809.423774
4809.423774
4922.367236
4786.307338
4734.413681
4905.402625
5011.857683
5001.537295
5045.424962
5111.077394
4975.522374
4950.439637
5111.077393
5305.412087
5470.183754
5629.539454
5618.762296
5432.475183
5506.183122
5548.826707
5413.592343
5398.563628
5609.397360
5548.826705
5485.926343
5617.349559
5677.752288
5584.088891
5398.128020
5208.157112
5270.435715
5408.322077
5383.182719
5550.304466
5769.441717
5920.009096
5982.666521
6058.322402
6065.990118
6025.415181
5961.246727
5833.279846
5900.335216
5933.414891
5992.318991
5932.087377
5923.571877
5869.210181
6149.556954
6312.677279
6299.409807
6525.253158
6573.140999
6337.132101
6244.580669
6258.872516
6177.246533
6244.580669
6139.464339
6132.759708
6148.151583
5974.688049
6014.151451
6095.784335
6064.221221
6337.395886
6494.076131
6357.651745
6373.212081
6475.386937
6170.004799
6071.093056
6143.083923
6190.170213
6301.803715
6675.585174
6811.200511
6790.009187
6769.190324
6651.848734
6530.655957
6634.758823
6685.256599
6760.447318
6794.823710
6616.544925
6704.554947
6978.051874
6965.745802
7055.981711
7352.789516
7306.839918
7260.167087
7319.111883
7309.278313
7307.927849
7539.355490
7531.895939
7773.630868
8040.782712
8190.714864
8318.593617
8376.859667
8327.147374
8170.811251
7942.886569
7643.781253
7681.592499
7732.149190
7897.237574
8133.350772
8396.532905
8542.056548
8655.590222
8786.361192
8892.938461
9032.927290
9162.300223
9327.572716
9397.441732
9580.474972
9767.361210
9827.618644
9921.368964
10062.301568
10158.242721
10337.371254
10759.468874
11057.723613
11438.102237
11766.111623
12037.148159
12131.748548
12576.217713
12562.944746
12785.890250
12928.240373
13230.899034
13358.297513
13688.224028
14001.315506
14513.653289
14969.239840
15478.309922
15799.101949
15962.665506
16143.863533
16344.713675
16644.964214
17602.150438
18755.052649
19890.681177
21966.926117
24635.352139
27291.536012
29108.343736
30722.598516
31156.963095
30735.128258
29458.819796
28632.305423
27777.714789
26986.753953
26418.630058
26078.841034
25862.232075
25294.082004
24726.174670
23734.035819
23299.546644
23013.902228
23084.461001
23001.349485
22988.513051
22988.513051
22833.880833
22027.625077
21812.631999
22041.001802
22178.770225
22189.235725
22767.615122
23091.513157
23055.446616
22824.980429
22768.281868
22785.272059
22626.389861
22580.634652
22523.762528
22168.776346
22027.112431
21907.425012
21972.263316
21918.353302
21935.207654
21830.563344
21941.223518
21611.105759
21425.664046
21273.191568
21064.507213
20561.329570
20675.467717
20974.665607
21927.307836
22965.269809
24054.827953
24015.317390
24058.341654
23968.577813
23496.669851
23068.561542
23469.692702
23727.514867
23866.876651
24036.703006
24136.790635
24531.148485
24479.281220
24107.620467
23963.689579
24174.202963
23945.147803
23304.400319
23183.331365
23099.635608
22847.314951
22651.371517
23101.103832
23061.684868
22698.035647
22386.835587
22184.254458
22046.083387
22052.832696
22181.860810
22365.845328
22542.963152
22731.311772
22890.030620
23407.669325
23484.893448
23449.282916
23279.423907
22995.464344
22436.363554
22490.318500
22719.664523
23118.128298
23529.436122
23861.925835
23759.478835
23364.800980
22921.464757
22747.903715
22416.000235
22250.819103
22315.856508
22365.590885
22303.100900
22489.076584
23044.377240
22939.969074
22577.633846
22184.754020
21844.763625
21364.690494
21437.315749
21593.680336
21447.244351
21531.156938
21420.320753
21157.115741
21288.442120
21538.824262
21468.233884
21563.574782
21950.429420
21846.564704
21808.709027
22038.508525
22023.712482
21772.957970
22175.815757
22645.519418
22883.826745
23211.754559
23456.261639
23288.694829
23403.635552
23547.691507
23694.229580
24080.162397
23985.149209
23705.352502
23908.085324
23648.739016
23510.990587
23800.517599
23865.430063
23834.574772
23865.430063
23602.846035
23439.407752
23471.009165
22959.224925
22894.076569
22819.143746
22886.474514
22786.655908
23033.491744
23083.266360
23191.630337
23175.921055
23222.092935
23225.992486
23075.762194
22973.371093
22882.730226
22682.764747
22405.130299
22325.482339
22680.070468
22915.831060
23164.318592
22876.079066
22794.592173
22754.870685
22481.148828
22476.831814
23126.710106
23483.817988
23425.022977
23440.836290
23229.904390
22685.022110
22480.365399
22212.600968
22058.875339
22011.497144
22280.106748
22280.106748
22614.765052
23220.875971
23767.651418
23882.860876
24215.041692
24108.215319
24237.257867
24342.132533
24262.961314
24086.599740
24212.543079
23782.464667
23302.410615
23406.471461
23408.908195
22909.367722
22253.566087
21796.715531
21430.689703
21069.549294
21115.157377
21373.020806
21523.666872
21475.742831
21315.032926
21010.123854
21179.680156
21290.282356
21173.428259
21326.010972
21824.483483
22035.422322
21830.563344
22041.812663
22268.783271
22177.269256
22199.589788
22519.459884
22788.724097
22440.393143
22396.442661
22013.597263
21830.441285
21807.319811
22174.629531
22218.446845
22331.488359
22373.520279
22137.756408
21753.375981
21285.511560
21005.297532
20510.112824
19962.843629
19799.781349
19044.301232
18264.001782
17789.632717
17372.039114
16968.423651
17365.907193
17322.880892
17240.867632
17366.104689
16936.390622
16539.841813
16948.460601
17239.356161
17254.124358
17876.180734
18604.609396
19152.440406
20271.991765
21462.334675
22817.460554
24066.144898
24543.538276
24765.132992
25512.535385
25255.811496
25105.268819
25491.810986
25348.429255
24913.505346
24896.287167
24635.810683
24543.342588
24363.726129
23987.790845
23543.188240
23281.805020
22551.271380
22093.142131
21287.634267
20656.731760
19873.804243
19100.652123
18835.178576
18456.917423
17548.225999
16675.831558
15809.364053
14397.823940
13426.867372
12983.260288
12566.260714
12441.319123
12537.907183
12683.935803
12974.644085
13103.744486
13395.380285
13700.160686
13727.320956
13794.749212
13721.177520
13861.356789
13642.510788
13742.529562
14032.451523
14243.483279
14225.675994
14263.214668
14561.679706
14543.353851
14688.829589
14747.871294
15338.250180
15433.384577
15959.100758
16487.828227
17073.486881
17466.532224
18249.234942
18505.455743
19071.938848
19913.320862
20690.330979
21471.431493
22396.741971
22899.913214
23130.507745
23166.248125
22712.825633
22447.913312
22234.984775
21904.973573
21710.328536
21737.072682
21420.124180
21046.062350
20760.956914
20412.118840
19961.792411
19580.959113
19366.287572
19096.505141
18712.373112
18512.744245
18241.176165
18044.472119
17480.496358
17449.071805
17055.048208
16621.002358
16138.383090
15543.650656
14635.228728
14131.795410
13457.212152
12724.402467
12355.761219
11993.779730
11476.753127
10998.240419
10507.238596
10158.589295
9473.922075
8725.872502
8174.855862
7532.106497
6527.298495
5819.201221
5244.892138
4645.801199
4265.600045
3998.578720
3823.210048
3627.022190
3662.768066
3789.908490
4162.892073
4330.272832
4445.077403
4428.448552
4326.212638
4421.142704
4544.270865
4769.809845
5149.855555
5425.692430
5343.821684
5394.184396
5315.397818
5028.865935
4855.688374
4857.339967
4734.551269
4594.389296
4496.237728
4504.759080
4525.365737
4675.054467
4825.992412
4888.533580
4936.753733
4807.764409
4684.650946
4686.698386
4742.702602
4705.459951
5028.865935
5093.439932
4924.392844
4997.491548
5070.316235
4839.816080
4808.567594
4887.885692
4977.348498
4979.392533
4959.511060
4986.702489
5044.915473
4963.394781
5005.251730
4910.583142
4856.144708
4801.672240
4620.016862
4403.100995
4386.866564
4458.218935
4510.441580
4585.063274
4698.135109
4890.562128
4923.930734
4904.878950
5011.460705
4992.981090
4748.361231
4679.585514
4804.638764
4733.988482
4687.714904
4843.994253
4927.275723
4804.206756
4825.343718
4892.024849
5106.724368
5138.610203
5029.563985
5000.556457
5079.959719
4745.000284
4575.919868
4694.790601
4797.327358
4761.405976
4784.395044
4627.607219
4537.892050
4445.967749
4329.390187
4281.630834
4404.707239
4327.374633
4166.827382
4181.276952
4269.645145
4378.151431
4469.652592
4532.684911
4417.724247
4433.640188
4274.826879
4120.308534
4045.555376
3902.966416
3853.362115
4085.558197
4181.276952
4231.311986
4473.700345
4462.361344
4313.987685
4462.361344
4462.361344
4554.291981
4509.050747
4588.682127
4498.786035
4588.682127
4462.802701
4465.400467
4264.642075
4216.817479
4091.623622
4070.421007
4149.832726
4465.207870
4644.792041
4696.771797
4845.316219
4625.623831
4277.280746
3984.822405
3974.192599
3880.064912
3869.024253
3810.113057
3902.145222
3939.783165
3914.877985
4005.244560
4236.908006
4285.141777
4354.007048
4312.245416
4339.717644
4172.935381
3928.351024
3612.845450
3558.599975
3603.524282
3731.197377
3764.642441
4025.630309
4121.591311
4012.762388
3906.372231
4065.300458
3956.421726
3964.919103
3915.099954
3971.428772
3931.679071
3956.713927
4145.021584
4314.600858
4262.532567
4197.837237
4226.829908
4042.899620
3979.704757
4052.572540
3944.446830
3902.296930
3804.283462
3890.341415
3633.246228
3821.519830
3790.034786
3871.567948
3869.228788
4006.906945
4105.436135
4023.723575
4002.985672
4009.749871
3943.195313
3715.134072
3871.920823
3798.758297
3798.758297
3823.696301
3947.025051
3823.696301
3713.571198
3645.490817
3768.820198
3778.976207
3875.062370
3956.274603
4042.263655
4000.752272
4127.869373
4113.611251
4050.738457
4012.046500
3955.811661
3776.031920
3663.596800
3723.999532
3563.439933
3609.384020
3580.058068
3646.942934
3765.736438
3743.316358
3772.724379
3634.914052
3451.393533
3198.314318
3470.067902
3365.176569
3626.624095
3921.037251
4157.014498
4034.787350
4120.308534
3947.025051
3834.244217
3675.384479
3601.088213
3507.223563
3707.225356
3736.637809
3895.297286
4015.445934
3964.999831
3702.080859
3664.240319
3722.816049
3643.634656
3779.539128
3833.790684
3741.775296
3570.562070
3547.936063
3518.842914
3637.668577
3656.607930
3637.668579
3547.376181
3461.666526
3370.191691
3498.870686
3551.471755
3741.404749
3749.732685
3833.519758
3701.956924
3839.934319
3817.117683
3986.135347
3988.098795
4021.884505
3773.164903
3558.497155
3499.355649
3428.636223
3496.101659
3602.061057
3764.990747
3754.734688
3836.036941
3954.978193
4023.912076
4060.089486
4122.936148
4005.722048
3707.107421
3679.815000
3874.725569
4037.412544
4298.385038
4501.101841
4538.616476
4222.079208
4077.747522
3816.955742
3678.968186
3482.985695
3722.533834
3507.668474
3672.291154
3638.848179
3805.779254
3613.720319
3724.435315
3528.414100
3530.182542
3336.204840
3327.291891
3149.565771
3337.421891
3372.979588
3579.692969
3509.308241
3655.577812
3434.430962
3501.153578
3373.710659
3471.046339
3402.215220
3497.956750
3374.886105
3389.519394
3323.943869
3378.088849
3370.327382
3370.327382
3470.350381
3621.748337
3701.495576
3764.065674
3947.431430
3740.776097
3670.636443
3518.465005
3704.246568
3752.047954
4046.608475
3979.172088
4193.778678
4031.276812
3970.491762
3832.794094
3956.713929
3856.808891
3841.397146
3800.405150
3881.961533
3802.677808
3691.509371
3543.732162
3470.625848
3255.498291
3126.444508
3264.764161
3356.102425
3542.610341
3642.334326
3882.315693
3706.731743
3719.467856
3654.291319
3685.783843
3561.456911
3776.162576
3883.232844
3801.832036
3878.884534
3828.953365
3889.833318
3743.316360
3705.972624
3551.344112
3481.238861
3291.385510
3220.475749
3259.729537
3188.516135
3349.241599
3403.675771
3572.941235
3669.133521
3938.385082
3895.297288
3817.996356
3876.486700
3805.330273
3960.192819
4070.807350
4386.385283
4294.587028
4465.739935
4225.263447
4053.090747
3888.847973
4078.274357
3974.192599
3915.459379
4243.749878
4162.130712
4076.723431
3995.351178
4072.737983
3740.173679
3764.990747
3656.397813
3735.756062
3854.578384
3800.633151
3733.799248
3679.194458
3733.799248
3647.654762
3881.167063
4158.648232
4234.176267
4204.835889
4102.163808
4023.223486
3737.081048
3764.517499
3670.325197
3854.017056
3906.215359
3929.213273
3632.648964
3592.922401
3354.833866
3307.571213
3374.020606
3579.092093
3607.957671
3595.355089
3607.066954
3435.555147
3508.616419
3491.893224
3598.567053
3551.067734
3592.812099
3511.349608
3524.099035
3398.210102
3364.553346
3306.105149
3193.292477
3199.383171
3255.997896
3353.443581
3704.246564
3921.271625
4025.771153
4108.917700
4100.318007
3964.637216
3809.829367
3705.627609
3605.370774
3553.169449
3543.144204
3538.246951
3618.175723
3653.547629
3701.352576
3546.576543
3659.026953
3646.712341
3744.874035
3672.291154
3745.636030
3547.225450
3384.509450
3259.037478
3507.935859
3583.230256
3793.829763
3731.325625
3773.016706
3415.571885
3421.894686
3365.176568
3442.615746
3354.982909
3275.850838
3150.600229
3186.024369
3194.354727
3365.299599
3503.997873
3530.676030
3558.290389
3593.266324
3696.096430
3743.155424
3824.539243
3728.610041
3756.012245
3457.593677
3427.847549
3342.080868
3235.788708
3300.544415
3346.810337
3536.363748
3531.802726
3742.997362
3646.942935
3689.131579
3437.538005
3343.281193
3414.661294
3374.886107
3640.589314
3841.049743
4075.603871
4015.130629
4117.073235
3784.950855
3715.031494
3673.419791
3719.467854
3729.690620
3979.980180
3953.287876
4036.914054
3905.533426
3857.111259
3708.335485
3790.159177
3744.244661
3771.686685
3938.561181
4005.244562
4150.066751
4060.215499
4081.508789
3897.429684
4003.897227
3759.903241
3789.032380
3719.984725
3870.042929
3640.938944
3697.269174
3732.431235
3707.342839
3546.910953
3417.219215
3320.135877
3173.342017
3228.098346
3317.842097
3405.404253
3565.895338
3637.278935
3812.781627
3833.653860
3964.999832
3874.725569
3935.222502
4037.412545
4008.272162
4210.749647
4312.552199
4417.270504
4264.483709
4396.215562
4272.700143
4365.586279
4380.110519
4373.863077
4319.696106
4198.601152
3997.394233
3884.632858
3759.526772
3809.583999
4018.102515
3979.704757
4105.252247
4203.101671
4334.819261
4150.701833
4307.095757
4229.866776
4227.833241
4175.592095
4258.940070
4349.545169
4433.205818
4526.746392
4439.536989
4504.289208
4320.759116
4335.514434
4358.277122
4285.289826
4253.963491
4319.521304
4278.040837
4185.972262
4271.604755
4188.051439
4224.072798
4190.791067
4257.547405
4119.904518
4222.274809
4224.222614
4236.721719
4283.148361
4316.447901
4339.559866
4350.402080
4507.147091
4509.459279
4622.341687
4657.390355
4512.650471
4356.338233
4235.096835
4235.096835
4264.190752
4436.236858
4384.132711
4438.399630
4411.267349
4442.501926
4446.879138
4492.899325
4551.493428
4647.177916
4561.896718
4448.709082
4454.796960
4432.294023
4354.744508
4335.957920
4471.752725
4611.741500
4636.643083
4883.108862
4976.875154
5051.988589
5039.262542
5061.954126
4997.491548
4955.352065
4951.175032
4903.025294
4978.020645
4840.328676
4936.753735
4834.915168
4993.587629
4993.587629
5087.693920
4926.604284
5064.291137
4803.651246
4742.841881
4636.466646
4795.154674
4838.296858
5139.115826
5059.611493
5103.538257
4997.131877
4976.452634
4692.421501
4882.639703
4932.463856
5279.499278
5252.187785
5559.045451
5498.748815
5671.853056
5563.783413
5748.591548
5859.111206
5880.489873
5917.820951
5824.091774
5763.066732
5470.320047
5547.947210
5299.245613
5424.878300
5404.489429
5736.431662
5679.851102
5857.509292
5780.311806
5637.834323
5414.455444
5399.402050
5535.851097
5381.116692
5550.499400
5546.474749
5734.148709
5523.565227
5692.566753
5527.535928
5750.629915
5757.239719
5878.044928
5886.673100
6085.435453
6118.903310
6127.175598
6083.380586
5995.802158
6001.998170
5724.599860
5779.204561
5967.265983
6150.855310
6336.474993
6742.420214
6734.976866
6781.433733
6611.860001
6589.571436
6493.210441
6394.966302
6361.610906
6751.731624
6652.349095
6616.734867
6834.311652
6734.234977
6661.290765
6727.112814
6774.848172
6680.788210
6922.793698
6806.417027
6873.710369
6877.980308
6876.223503
6671.172616
6738.019452
6848.929326
6890.758699
7170.113227
7279.369034
7481.908160
7597.957908
7872.604488
7948.087631
7930.932080
8047.718966
8020.900277
7712.409809
7672.394638
7929.761068
7930.932079
7938.549418
8213.395759
8054.905025
8203.306033
8244.267721
8267.584396
8217.418826
8422.817975
8453.291425
8688.944351
8997.553251
9406.959578
9604.665832
9857.501453
9857.501453
9949.979226
10160.934435
10121.595784
10081.498042
10261.272588
10491.970033
10582.071373
10999.638834
11223.326441
11358.728115
11483.298311
11589.941386
12009.509997
12262.448868
12425.123627
12633.297694
12969.132481
13167.974311
13343.912476
13834.141737
14197.939229
14475.888101
14544.640565
15179.949941
15618.456389
16188.735504
16654.053756
17353.836766
17760.823970
18538.075481
18883.508823
19581.019668
19961.924095
20544.187484
20638.074034
20968.565671
21250.517755
22365.590885
23232.306975
24827.569067
26893.371914
27826.445572
27809.991085
27770.102826
26507.003351
24332.571869
22375.618304
20951.253876
19211.997357
17906.865068
17393.308335
17639.995210
17828.078405
17772.940158
17921.260454
17806.390451
17343.101668
16690.780485
16821.084479
17142.260877
17680.638897
18185.593086
18745.538528
18877.795721
18974.975389
18649.960708
18945.935344
18903.955660
19449.606864
19576.618739
19654.285895
19606.030315
19739.305836
19468.111466
19858.311456
20448.562841
20889.352643
21489.055433
22027.458755
21992.152685
21978.660706
21932.558560
21583.696929
21477.306744
21767.540280
21729.161439
21754.132889
21679.000477
21511.985159
21441.151243
21370.875676
20928.403037
20879.920695
20915.558493
20650.529516
20591.165874
20566.737688
20599.695241
20100.793517
19612.258599
19238.856843
19408.084137
19683.796547
20308.323751
20625.480431
21242.854280
21351.488144
21040.499468
20907.102439
21094.701997
21269.201864
21483.731256
22246.485936
22645.046956
22997.991427
22785.625771
22948.338441
22683.485776
22372.240376
21701.758134
21437.085340
21462.334675
21593.680336
21653.935563
22211.860912
22901.955063
22736.471078
22763.767596
22945.657599
22991.876557
22916.630100
22891.743801
22588.851131
22450.949730
22225.670943
22207.814767
22395.737718
22723.266380
23029.961825
23399.796782
23836.583551
24147.632492
24504.767709
24630.119609
24924.153624
24333.474204
24622.367058
24196.156623
23949.619501
23753.724958
24063.628734
23434.499278
23750.281802
24057.590865
24243.004936
24091.447223
24369.076799
24193.852546
24321.115204
24216.694918
24533.785345
24721.578703
24621.707704
24163.855179
23980.226160
23790.199262
23443.455957
23804.702705
24331.277420
24245.631215
23844.715043
23508.665905
23233.020768
23003.392169
23214.116558
23698.178685
24074.482399
24182.920126
24159.654815
24180.760033
23945.752466
24257.172303
24288.531287
24386.138688
24269.635558
24142.420233
23618.325662
23996.407618
23808.317115
23783.333497
24299.222747
24163.582680
23240.350792
22995.763808
22547.570327
22042.469604
21988.304514
22149.443037
22476.831814
23512.847411
24042.002066
24526.379943
24911.213627
24927.717786
23701.472243
23014.047144
22754.996266
22892.961710
23385.561188
24346.517007
24998.146622
25601.095235
25406.606456
25343.916446
25434.880739
25241.710732
24590.619768
24611.544145
24452.822134
23991.216457
23909.238140
24306.374948
24329.684345
24284.879420
24342.280674
24033.962603
23560.584268
23303.378044
22952.633020
22850.538613
23196.598331
23403.505724
23290.172223
23607.736333
24058.757527
24590.619750
25026.965722
25643.187361
25967.085160
26050.006556
26168.176298
26295.214948
26458.351232
26122.284381
26090.803743
25746.760923
25130.560561
24690.180845
24379.107428
23958.970211
23664.994336
23984.869913
24017.768828
24281.365333
24543.965060
24903.545451
24879.333925
24799.509548
24647.475194
24835.031142
24405.249166
24221.301097
24094.109507
23837.037712
23458.759409
23490.471450
23219.640207
22820.553201
22690.818680
22459.201279
22210.367116
22367.066778
22772.288129
23156.711224
23544.699594
24126.101933
24796.677230
25253.952116
25537.902703
25727.985455
25304.824021
24780.650155
24423.455230
24026.791439
23701.175245
23667.355184
23768.892557
23923.752286
23953.450829
24011.853961
24371.808858
24479.837253
24837.391714
25279.714383
25858.223109
26351.601237
26343.134021
26347.049762
25956.825871
25211.518742
24238.413653
23791.271581
23292.844851
23133.853482
23311.105032
23786.341122
24265.979967
23970.068665
24003.386261
23943.226816
23462.933278
23394.264902
23828.790387
24283.877083
24427.732602
24722.202005
24858.237605
25083.424361
25260.693078
25396.614527
25502.884563
25435.752917
25548.687318
25548.687318
25401.215531
25604.615131
25834.150488
25477.112780
24986.345477
24825.588233
24637.891441
24146.693276
23779.519815
23449.282933
23265.761160
22604.867620
22523.599725
22306.329065
22105.708236
21892.801855
21583.216800
21411.874769
21382.942740
21568.419710
21675.023308
22980.295660
24644.267781
26269.323123
27656.349521
29174.114997
29606.626748
28420.083419
27336.204803
26258.916518
25265.061221
24733.313514
24426.192852
24321.314172
24522.524569
24423.804011
23779.380823
23572.396176
23188.438611
22824.980429
22503.623611
22634.304181
23156.869461
23526.020272
23555.188857
23956.379587
24153.147974
23965.221215
24000.807493
24416.034381
24339.002274
24379.676483
24578.358006
24762.121254
24538.853662
24458.795922
24565.255875
24957.860088
25492.011163
26148.191943
26526.466997
26682.787617
26265.012694
25734.482945
25239.832723
24690.302119
24531.493998
24767.698217
24901.383528
25240.072907
26150.386741
26282.098089
25765.655976
25688.732636
25634.156385
24994.804119
24603.620634
24641.479472
24225.894882
23716.315294
23534.720809
23548.248816
23661.094989
23648.335200
23462.214627
23527.393120
23477.892867
23519.106107
23855.498524
24153.746021
24223.032236
24578.358006
24634.084696
24882.662762
24667.950457
24438.053052
23891.154634
23717.570138
23383.613123
23333.234474
23502.958567
23662.826985
23711.206518
23844.437808
23859.264194
23997.003831
24408.870604
24253.662931
24337.966189
24895.525870
25081.115554
25332.750396
25839.238246
25821.325777
25664.435571
25481.032316
25050.751666
25217.976495
25560.451849
25572.933517
25589.397925
25510.772380
25401.942304
25148.802487
24971.740908
24535.063486
24678.036773
24771.763395
24708.682420
24780.373501
25402.289833
25402.289833
24876.254428
24652.721878
24602.160622
24802.717690
24780.505996
24970.772508
25316.726402
25582.357537
24974.544986
24422.477737
24017.513927
23225.851790
22612.107257
22188.367896
22278.593933
22107.688014
22015.479346
21779.588688
21865.073446
21946.470794
21848.106408
22213.554360
22593.915207
22744.167261
22902.714627
23506.243609
23904.947055
24477.158913
25038.546407
25310.582213
25114.058782
24769.305283
24658.571683
24525.660195
24502.313884
24498.486051
24855.676796
24869.929736
24592.392452
24565.216893
24439.969004
23896.841357
23497.485498
23506.470723
23330.583305
23580.670537
24115.160803
24662.069520
25017.452618
25320.258779
25536.145458
25466.796132
24848.470711
24393.018041
24085.652966
23893.415651
23933.365416
24196.156623
23958.066869
23385.641243
22968.171127
22333.448673
22084.712600
22072.172436
22246.601347
22436.717493
22384.518106
21873.236541
22162.989471
22468.795518
22449.469085
22614.765052
22849.140451
22616.558159
22184.446859
21835.658209
21505.708321
21677.028683
21618.543306
21372.174687
21620.241874
21538.934482
20720.381359
20350.855477
20054.417944
19561.840250
19440.527587
19843.639607
20401.483879
21545.702168
23350.043655
25342.765949
26756.495635
27625.129131
28224.566085
27944.645892
27226.674876
26743.819002
26597.653585
26192.586221
25604.312865
25347.526131
25271.878135
24894.341026
24802.844299
24559.559002
24091.234618
23629.743778
23176.460626
22441.345974
22036.304530
21929.587967
21812.520579
22042.360766
22426.891925
22638.626826
22721.466924
22967.754515
22796.586250
22423.460147
22344.086209
22339.817623
22183.458591
22055.600521
22230.010748
21958.191703
21901.920480
21736.986635
21635.190398
21159.704113
21040.618878
20779.447937
20633.456327
20689.959852
21391.237449
21714.974071
21967.546448
22157.850185
22041.165580
21402.616917
21141.285109
21089.402574
21018.563337
21026.755325
21359.582773
21532.681170
21563.574782
21451.628590
21599.716370
22000.079763
21914.505752
21807.878061
22058.396731
22023.043651
21825.707456
22246.142148
22627.825662
22964.702782
23519.478714
24026.522736
24383.710841
24450.255959
24153.631872
23807.391233
22981.695638
22211.058558
21888.899283
21845.540906
21707.850762
21843.227963
21935.296578
21824.251650
21812.074646
21703.676633
21841.458543
21860.550402
21857.705104
21618.239744
21628.654454
21700.852506
21901.376365
22521.254727
23135.135775
23433.614075
23705.504585
23718.339265
23243.716674
22908.000130
22581.839025
22041.696361
21874.123777
21926.744287
21930.391431
22064.568335
22333.623736
22412.742721
22026.876859
21657.187694
21429.738090
21063.236785
21365.455753
22004.725470
22541.390330
22988.323831
23656.192744
23785.329248
23914.941564
24357.276671
24380.117236
24348.609744
24321.213686
24187.950674
23661.733468
23824.276839
23485.001527
23319.993514
22927.304114
22771.112470
22430.800710
22222.251376
22132.852536
22137.396931
22034.935486
21790.479221
21726.758949
21357.129695
21267.299146
21254.409361
21513.383845
21540.408181
21551.307834
21377.699741
21284.530808
21035.699410
20895.034900
20715.677236
20901.596810
21146.081207
21179.513744
21463.879038
21618.634509
21349.791128
20754.489552
20349.150422
19720.456645
18696.719428
17537.579076
16715.103564
15748.383499
15300.082458
15142.442926
15030.794727
14888.527434
14872.303541
14709.590187
14865.927896
14918.435106
15054.286370
14909.552729
14510.023364
14279.495819
14477.859437
14626.132640
15121.265843
15673.496081
16082.632758
16496.426741
16644.155566
16959.761142
17220.328614
17748.295057
18562.525138
20235.113992
21605.284417
23014.369067
24213.441891
24867.101730
24860.361555
24827.419538
25055.914076
25256.415835
25435.521637
25232.059957
24751.286047
23981.353166
22975.130195
21939.391908
21279.614790
20810.238599
20140.119031
19678.282606
19394.597472
19204.894048
19175.640622
18964.804530
18553.825826
18119.057985
17749.388318
17303.007150
17191.689495
16765.294216
16466.692137
15381.087038
14215.599389
13229.595827
12911.982868
12277.259183
12408.635472
12283.744319
11993.745051
11818.098462
11967.130793
11770.826801
11937.071511
12143.926125
12108.276605
11972.103724
11717.589708
11953.019396
11790.685949
11871.972337
11822.384549
11991.311621
11744.189975
11921.145236
11805.736017
11774.677156
11941.922743
11926.868506
11950.411899
12188.367150
12282.292320
12424.117326
12822.800996
12974.704235
12771.510315
12981.089018
12907.560443
12928.293271
13141.100669
13832.283876
14255.854130
14566.899037
14809.598674
15312.048024
15218.428625
15046.298491
15253.525555
15220.149755
14950.668804
15251.280495
15729.797458
16028.444102
16663.076072
17296.367817
17869.066288
18443.257788
18940.031773
19574.901333
20217.298817
21227.925991
21831.229755
22489.606994
22612.956074
22631.178685
21966.926133
21711.782648
21417.315542
21043.902073
20417.140564
19842.969620
19211.997357
18974.108504
18780.167150
18767.776647
18645.817932
18405.404016
17875.310126
17438.671733
16632.790114
15910.682816
15283.861335
13878.855722
11976.114553
10385.614188
8572.953931
6768.896972
5730.957191
5077.052257
4604.398840
4372.608595
4209.451288
3994.740531
4034.085665
4101.860862
4246.416990
4580.302153
4849.653535
5041.992643
5216.179280
5358.053082
5217.971307
5169.828953
5234.941331
5241.687713
5216.622649
5270.746782
5279.367251
5233.596911
5260.489746
5385.886277
5506.790171
5465.135912
5525.721404
5495.956829
5502.477466
5431.629222
5446.346532
5450.286010
5459.379839
5503.029634
5632.797500
5636.953666
5498.996087
5426.463756
5167.799715
5046.428253
5052.955608
5029.710210
5054.589252
5202.953553
5167.664694
5209.202437
5276.291577
5173.938822
4950.885022
5007.139736
5042.786950
5159.682780
5315.958176
5373.895310
5280.089903
5426.344313
5405.511051
5382.847520
5545.891312
5731.622636
5487.328592
5270.080090
5182.112023
5194.335444
5077.297618
5175.563935
5278.201253
5330.026441
5271.277409
5284.264671
5336.315541
5474.165692
5517.204477
5540.589263
5560.535475
5381.481935
5308.232699
5317.013836
5244.015958
5202.449240
5212.931899
5229.273953
5310.909594
5248.621009
5047.907014
5043.765286
4903.598856
4772.430688
4687.043878
4691.012969
4635.043426
4833.510261
4787.825081
4950.885024
5044.749083
5143.200914
4873.631227
4823.669372
4732.049904
4652.788998
4418.350835
4435.072654
4263.488119
4141.949152
4123.577093
4246.775365
4365.586277
4635.177957
4566.083318
4497.207561
4396.877544
4207.062592
4089.219366
4175.031732
4176.843330
4289.451674
4385.986645
4469.285304
4433.908694
4530.265636
4651.375888
4820.691243
4673.318934
4882.122967
4865.523099
4817.654654
4798.426109
4931.822537
4767.242686
4858.527717
4702.588912
4539.259292
4521.364408
4569.016282
4458.821547
4452.498583
4339.876389
4086.114538
4046.608475
3996.564562
4115.883566
4416.517582
4717.178403
4704.831514
4852.842843
4867.251521
4752.421361
4777.602122
4842.206070
4821.503860
4686.117322
4631.194697
4536.276345
4490.652259
4358.524727
4506.926385
4646.744512
4649.398438
4546.824266
4609.761447
4527.843533
4319.174654
4316.952045
4457.081683
4365.076341
4469.285304
4594.542030
4533.693469
4535.762177
4746.649084
4736.101981
4694.560583
4685.972618
4668.910955
4549.565411
4522.553336
4637.388463
4691.461182
4760.732825
4689.475077
4568.305845
4434.574009
4450.699033
4352.609311
4446.453333
4423.438981
4567.529966
4655.892808
4655.892808
4879.651861
5090.149016
5209.202437
5200.179114
5258.682521
5124.984223
5141.604736
4966.063133
4850.956757
4917.799692
4740.373559
4548.302594
4399.795564
4311.705429
4157.160471
4207.355626
4449.593735
4658.116499
4884.293121
5111.901103
5254.138849
5323.183398
5183.342692
5176.290190
4911.146149
4814.954317
4378.585650
4474.594243
4515.559451
4772.232649
4797.451068
4862.135805
4797.451068
4711.369235
4583.874426
4659.208632
4913.692917
5116.179622
4962.672877
4914.388532
4785.148868
4425.895769
4037.412542
4086.978057
4001.867935
3970.491759
4093.593790
4137.677500
4069.543316
4096.682593
4107.151618
4144.897001
4238.838213
4286.148616
4403.378518
4453.447000
4307.095759
4409.701482
4420.822658
4349.671947
4209.647113
4278.714165
4138.737109
4082.206631
4147.197269
4138.606840
4140.686310
4046.722829
4074.080963
4107.303178
4286.898337
4473.004888
4583.448797
4707.584949
4711.785645
4553.541502
4679.019141
4811.983230
4801.044409
4829.964833
4892.675309
4686.479168
4585.675204
4644.792038
4575.919866
4830.221202
4874.589631
4887.057274
4638.155397
4711.261705
4362.276360
4193.389624
4193.389624
4405.735988
4416.689512
4577.034750
4867.251521
4894.479757
4788.200049
4807.313022
4836.413481
4842.602904
4746.480347
4752.971033
4596.577089
4590.293203
4366.701388
4329.703504
4421.960112
4557.571310
4557.571310
4687.297432
5004.820938
5106.400923
4941.748131
4918.741328
4962.535428
4711.679825
4804.484742
4954.733404
5019.772873
5074.007758
5169.828955
5002.507951
4940.329115
4856.523880
4837.720045
4902.563258
4981.637078
5052.812007
5148.802181
5153.225211
4994.069708
4930.960951
4910.330585
4634.540199
4511.199647
4569.172843
4720.984762
4836.098516
5019.772871
5228.695784
5253.720734
5122.496449
5069.963027
5228.867930
5218.235698
5218.235698
5374.063659
5518.492592
5773.400325
5886.469365
5982.311471
5844.427181
5652.199921
5316.052400
5161.203903
5081.857809
4973.552371
4994.191507
5054.718309
5121.660442
5161.203903
5193.013942
5261.950898
5282.825307
5216.179280
5337.371110
5459.379836
5457.042801
5660.101896
5745.738563
5655.801894
5753.098620
5782.224759
5581.487696
5679.701482
5664.975534
5730.957191
5862.633038
5855.807200
5789.475809
5816.498724
5814.040598
5730.812931
5826.385013
5878.686010
6064.689027
5981.125917
5970.358016
6016.064083
5895.532600
6037.401412
6333.508077
6285.781439
6287.549901
6505.618589
6355.037452
6245.939478
6371.964687
6346.346378
6156.734542
6023.119164
5900.434033
6125.816953
6182.501635
6315.216919
6637.860575
6807.534492
6692.202221
6838.572094
6945.215986
6811.430703
6716.136711
6808.373944
6720.542729
6672.136867
6768.896975
6829.823372
6773.479979
6909.571708
6825.481980
6886.247341
7044.766785
7048.734352
7094.398536
7368.137673
7244.494138
7062.125348
7084.894093
7174.560504
7176.548437
7516.849415
7695.315163
7656.063482
7555.862134
7485.015013
7184.560941
7210.341221
7385.135256
7474.159027
7614.008235
7913.049745
8139.176384
8212.364431
8239.596859
8341.583478
8230.446420
8380.167503
8641.797455
8902.332829
8937.636597
9299.105443
9292.552405
9286.109020
9311.365144
9513.546174
9639.036951
9752.112137
9910.595564
10207.146346
10474.224923
10681.499706
11034.229251
11583.572878
11805.392765
12074.591984
12247.659913
12686.467805
12728.059861
13096.053222
13557.404218
14229.632896
14139.452019
14642.667938
14824.419867
14727.879088
14682.724732
15121.250730
15336.501751
16148.725507
16872.885393
17566.975796
18383.554029
18784.017333
19020.715533
19404.477839
19515.669658
20044.781133
21187.006789
22598.147903
23607.298684
24739.415562
25242.942928
25069.466700
24462.467123
24622.971079
24190.801656
23930.786998
23957.729059
23945.631672
23740.446539
24170.853064
24023.993960
24013.470395
23971.492811
23424.478535
22701.686811
22437.149413
22368.429438
22004.903589
21877.669185
21710.697578
21877.879741
21539.284227
21339.251683
21285.166062
21325.228584
21037.406007
20915.909240
21026.755345
21320.989455
21498.942136
21635.046735
21572.002934
21164.444527
20634.067477
20421.168880
20247.085288
20060.977909
19946.285450
20053.431825
19791.622017
19847.893369
20122.228288
20520.613402
20618.970585
20923.810425
21240.766655
21503.818535
22126.151739
22602.016790
23097.256096
23158.066712
22941.129745
22610.883651
22696.608035
22685.922341
23157.018553
23949.933155
24265.331420
24708.188127
25009.165981
24800.621717
24702.920170
25277.524468
25045.265954
24723.590373
24601.122428
24426.192831
23989.293362
24236.106808
24570.195532
24420.950180
24283.163064
23631.365360
22743.847787
22234.699889
22091.838397
21803.314811
22102.196535
22620.040235
22941.726990
23319.598899
23895.925719
24372.267790
24305.338199
24184.184562
23729.159815
23472.577440
22836.162729
23248.995911
23416.137306
23993.301005
24437.751275
24834.841559
24769.762789
25009.969323
24933.316673
24879.333925
24866.821735
24458.795943
24264.868707
24099.775151
23877.954526
23936.864559
24396.819394
24726.279005
25197.057069
25548.021373
25585.506703
25351.205229
25412.172922
25013.839764
24479.126364
24399.606008
24163.762354
23426.253619
23261.515025
23685.455307
23547.691507
23599.318368
23737.675850
23837.037712
23638.460534
24029.053037
24455.063372
24647.743182
24868.816097
25148.739631
25294.724204
25622.749825
25862.904846
25621.450896
24912.996729
24656.812208
24217.352682
24098.656959
24112.150772
24348.372242
24227.411840
24145.551489
24304.324055
24632.762031
25058.081447
25194.440085
25312.831519
25536.934987
25679.460932
26138.438620
26782.256526
26885.737752
26664.858756
26402.028914
25648.197352
25124.754197
24752.743880
24389.063962
24629.023329
25353.923282
25397.365404
25571.083618
25643.570686
25343.087945
24917.174637
25036.422925
25127.794702
25363.796407
25585.721344
25405.947922
24889.972989
24541.635405
24011.326014
23859.553658
23968.256653
23909.238131
23607.158530
23535.745558
23448.005424
23577.214730
23662.707632
23934.245166
23696.409049
23239.286693
22566.772224
22299.388576
21971.364135
22199.046551
22190.247920
22121.328542
22336.671359
22783.420078
23307.739212
24033.591929
24336.643213
24108.438466
23826.580734
23797.964183
23478.799475
23480.712207
23852.707872
24134.837986
23808.436977
23670.454410
23714.759040
23798.227959
23602.257025
23603.980710
23734.761011
23490.347814
23079.181342
22909.859727
22908.134080
22797.099374
22511.114000
22112.222697
21962.350299
22001.280399
22268.273373
22773.472025
23473.149204
23775.729758
23603.426770
23075.762207
23215.557013
23293.200770
23627.245217
24042.521924
24262.637761
24379.212659
24834.678331
25092.565260
25396.201960
25689.975162
25526.931943
25124.580511
24867.273791
24813.400804
25308.879210
25521.518320
25734.596506
25467.167421
25008.467370
24444.830255
24037.203008
23604.756781
23531.879185
23567.601258
23836.583551
24239.642405
24396.819381
24404.927353
24118.995770
23345.239673
22678.670126
22014.212270
21646.892206
21653.548287
21766.513314
21799.870695
22065.047439
22292.560629
22472.273861
22375.033978
22101.489055
21746.576526
21771.876065
21420.528425
21676.022226
22303.100919
22486.484749
22358.750367
22693.412328
22297.186707
21948.471537
22435.645961
22639.981915
22468.892483
22828.344375
23097.802479
23423.366781
24077.102629
24469.536841
24752.644095
24466.674158
24107.363269
23764.986402
23823.236487
23843.749380
24219.873772
24390.387086
24283.975020
24476.513124
24616.120857
24614.227467
24449.707446
24547.987686
24154.493424
23670.747541
23568.371265
23248.995925
22881.478679
22591.531460
22324.781107
21963.238393
21989.948351
21919.257642
22038.412385
22137.946200
21943.802974
21979.027715
22071.178234
21979.027715
22225.670943
22426.113025
22476.373601
22745.630531
22743.533838
22953.713383
23413.178341
23442.709838
23319.470775
23766.551672
23628.155252
23624.121021
23853.933861
24119.246968
24344.427332
24808.474314
25183.999364
25401.714697
25464.246411
25259.373348
24911.294707
24367.885303
23963.194261
23263.233999
22783.237199
22579.602652
22677.920148
22596.197416
22907.608154
22953.168491
23127.423761
22920.939763
22801.865096
22926.975302
23071.244785
23270.332725
23568.502933
23649.899654
23549.925365
23174.237324
22056.220877
21135.219867
20619.674992
19984.913281
20064.226824
20327.148956
20422.815812
20381.380858
20316.138990
19418.222868
18666.968447
17666.734614
16453.774442
15445.026960
14960.304314
14534.646797
14845.967046
15073.930028
15337.037087
15463.041190
15645.857999
15737.118265
16391.172249
16855.211594
17393.341241
17868.885914
17854.289758
17772.744748
17448.781563
17315.457572
17229.351525
17511.578642
17759.844598
18515.773013
19039.448249
19485.922896
20112.445758
21561.827290
23139.948440
25015.152478
26687.390816
27775.459335
28061.245320
27823.106927
27121.526676
26705.247557
26568.981442
25957.040134
25289.098541
25222.709362
25008.382585
24596.106037
24640.007526
24708.682420
24249.609240
23668.164614
23108.397113
22640.630141
22131.388864
21746.971089
21457.398297
21300.539443
21020.852730
20928.787885
20755.399799
20810.421159
20947.904917
20788.818847
20861.881396
21234.026856
21120.487559
20811.663536
20590.531976
20164.446798
19648.700606
19861.136402
20207.812330
20439.566541
20792.679176
20790.332946
20367.258094
19999.820395
19747.460076
19406.752867
18743.263738
18217.971920
17315.515646
16580.150561
15873.173250
15949.663482
15687.741919
15844.486825
15873.479471
16094.873655
16393.341290
16836.552203
16877.133661
17208.343066
17448.709106
17498.842276
17467.343585
17993.171406
18352.609664
18526.086328
18611.569116
18964.576534
19647.449369
20069.369563
21414.133260
22687.845046
24002.214920
24513.707070
25161.234725
24918.591926
24921.010778
24753.372379
24643.304161
24609.963823
24810.029363
24498.904951
24112.110067
23753.075855
23145.291397
22458.594191
21929.701491
21271.532416
20588.712187
20402.791637
19841.670324
19281.403726
19077.770239
18968.866166
18900.472116
18835.452916
18856.429568
18331.447897
17798.578339
17084.219606
16608.288461
15620.984408
14623.852779
13919.424229
13094.717804
12194.582485
11733.374988
11825.512557
11503.729561
11345.319154
11036.312062
11230.722607
11060.928956
11186.691537
11067.201687
10950.115775
10670.155366
10441.780400
10153.251344
9892.055448
9702.758648
9614.769777
9579.265441
9304.688300
9240.653817
9416.079371
9148.474796
8945.378105
9143.634808
9287.011010
9187.468104
9158.287520
9280.425835
9334.724606
9276.359977
9336.481262
9435.340747
9455.352858
9342.101320
9283.780049
9312.924695
9365.229954
9475.522246
9655.832824
9964.731808
9862.152490
10183.876467
10227.458632
10331.672019
10051.543405
10260.630460
10271.310001
10490.000712
10413.036395
10609.381472
10617.386042
10558.893633
10586.795405
10687.074146
10782.550536
11012.441101
11056.649124
10988.442505
11207.848555
11428.653680
11416.709581
11543.637606
11969.083808
12090.179391
12063.146966
12132.013096
12113.403713
12031.582420
12115.138398
12535.261179
12917.708430
13245.412119
13462.605178
13572.714938
13744.049742
13846.290929
14105.410995
14148.779019
14215.494612
14202.515005
14323.900007
14422.739407
14881.227814
15309.923485
15645.857999
15894.167856
16107.170286
16383.417674
16562.205912
16681.705065
17099.453506
17991.090448
18515.908719
19940.606587
21395.869229
22109.857121
22396.283171
22509.405187
21801.021713
20688.194267
20165.836254
19483.123489
18838.520058
18489.590028
18399.896181
18502.245775
18533.469911
18828.191097
18834.388784
18650.172353
18193.191795
17808.407551
17471.546235
17197.854705
16817.843611
16334.985629
16030.780457
15381.094168
14813.708393
14531.645818
14337.144416
13292.796699
11933.402871
10303.022056
8617.013299
6848.547831
5824.964892
5293.318021
4892.400522
4689.866121
4608.477410
4477.242604
4388.588856
4370.161666
4298.686532
4205.031369
4217.424614
4378.151431
4411.496183
4553.688556
4680.573612
4687.168105
4490.652261
4438.240784
4250.561516
4018.304833
3851.175223
3862.571209
3854.158339
3848.273409
4010.836438
4077.612688
3991.625574
4096.141738
4244.529063
4317.384662
4515.978708
4737.587961
4825.512732
4861.090797
4829.455316
4837.907252
5050.488858
5106.724370
5111.077394
5234.462666
5328.465018
5330.347137
5579.149324
5781.836316
5747.972088
5766.762766
5613.271433
5356.530006
5180.892790
5291.663431
5406.453575
5413.592345
5250.337910
5331.596115
5423.815381
5264.724179
5235.590725
5343.821688
5224.988803
4978.359622
5020.208961
5029.419861
4883.256762
4868.514775
4893.522706
4937.462092
4998.237863
5278.747780
5382.847518
5368.375746
5476.975039
5687.487249
5624.443001
5605.797272
5566.314317
5315.861539
5154.859692
5205.032844
5211.476786
5268.043236
5403.820071
5340.066523
5363.594788
5436.670401
5465.439529
5296.532389
5484.061860
5508.761720
5406.805607
5433.248354
5494.748960
5080.565165
4965.545519
4942.372893
4815.131585
4896.440225
5188.586294
5080.124564
5125.975445
5224.054040
5171.838924
4984.050412
4988.512764
4911.030971
4900.471419
4909.306272
4963.088337
5205.241848
5385.172646
5288.657183
5184.569751
5279.623934
5100.145569
4803.493167
4935.324263
5187.442446
5278.388371
5403.820073
5760.454803
5697.894559
5530.750133
5347.644166
5253.720734
5088.769238
5268.357095
5316.242653
5388.573706
5455.636559
5507.426399
5200.729228
5150.488921
5236.420366
5269.889778
5154.969060
5205.138696
5271.698175
5163.704964
5046.428257
5138.758941
5184.432773
5042.474131
4902.306861
4979.042046
5092.276655
5242.535558
5415.596319
5605.797271
5580.841742
5495.277640
5543.126378
5614.280825
5705.091109
5543.924795
5410.022833
5316.242654
5168.061288
5159.023999
5570.311353
5749.722846
5808.413661
5914.936776
5894.889694
5765.008891
5798.560982
5806.608348
5714.728362
5644.587439
5552.886300
5425.692432
5166.827649
5091.490736
5059.744930
5091.088340
5093.207281
5275.042469
5243.409899
5284.448171
5077.297618
5192.500784
5160.962254
5388.573706
5365.862349
5424.698462
5236.420366
5251.150335
5213.535867
5272.044469
5401.896775
5577.041252
5540.267299
5479.055263
5551.645158
5810.488473
6061.180551
6158.789985
6198.553103
6156.321715
5949.306151
5849.360697
5988.854962
5961.829175
6017.613587
6081.139586
5913.839212
5649.043285
5822.129575
5894.776954
5783.617613
5783.617613
5929.916669
5944.397365
5919.602400
6122.087788
6100.985901
6186.943849
6138.729950
6383.074527
6285.273592
6481.341763
6537.784671
6769.284890
6706.083712
6751.621611
6444.546583
6217.630593
5962.430723
5851.626024
5745.738563
5956.505042
6096.226786
6142.804460
6037.716466
6176.018479
6386.257113
6537.417991
6616.467015
6725.965070
6628.797659
6601.801618
6788.151381
6929.730772
6904.679064
7126.486607
7141.317470
7017.744486
6812.916442
6896.658137
7053.543394
7147.301926
7203.789050
7408.288962
7439.779233
7248.021450
7209.914437
7088.975051
7080.790355
7219.123096
7313.504597
7308.398932
7494.221347
7446.445868
7566.219922
7579.047461
7508.480957
7480.800743
7612.336439
7446.675414
7516.386304
7728.506585
7867.411562
7872.692536
8040.782713
8140.660101
8212.161814
8251.350582
8355.710095
8331.180275
8362.040207
8385.786017
8550.265238
8527.800844
8624.142895
8562.259050
8532.753092
8453.259589
8649.752916
8973.027645
9357.456962
9733.522623
10013.055308
10026.133429
10098.060857
10152.440260
10052.015996
10058.163140
10354.650737
10436.399036
10632.062279
10920.803632
11273.929094
11622.358691
11961.445557
12283.744319
12542.096985
12949.420029
13132.999312
13292.385714
13395.630638
13840.788422
14072.468668
14499.068610
14939.629786
15557.808744
15898.269370
16482.839970
17033.775901
17605.104896
18166.097796
19091.462474
19738.996464
20448.562863
21270.170804
22345.205885
24302.315685
25882.798814
26912.740880
27629.995482
28080.910100
27405.808272
26597.868062
26251.708441
25995.989564
25356.767521
24406.842619
24074.719434
23727.939853
23547.157288
23528.443906
23855.972611
23877.076762
23837.191964
23828.314983
23955.786077
23876.435576
23598.381616
23352.077476
23286.400830
23161.329808
22787.141909
22587.083741
22883.355901
22707.364160
22700.867490
22971.998173
23506.714585
23715.804843
23620.299340
23484.893461
23397.259791
23332.887862
22931.734190
22782.343861
22493.324492
21988.474403
21746.576526
21610.808805
21947.352371
21941.360020
22615.943051
22851.764116
22979.369854
22893.438321
23062.878541
22956.024794
22945.657585
23219.496773
23169.168420
23346.864277
23090.507660
22965.139787
22655.846841
22994.936530
22953.168507
23423.077513
23510.792324
23665.510479
23461.753132
23605.834097
23457.584302
23555.591716
23658.185350
23658.185350
23489.049532
23175.550251
22868.919635
22701.449670
22828.344375
22909.517357
23285.994573
23379.637909
23360.717523
23102.985813
23197.083938
22712.509968
22121.453185
22031.014175
21823.538428
21395.557510
21320.145020
21783.703048
21758.164289
21711.265333
21692.038179
22113.942993
22124.729126
22153.484343
22416.304467
22541.605715
22318.197168
22790.249380
23259.827786
23250.839959
23503.773025
23881.540586
23756.522083
23409.956086
23518.618314
23361.587381
23171.563635
23075.653637
22789.559686
22814.072218
22716.563466
22324.144512
21970.578796
21726.588146
21260.274352
21047.278004
20880.054309
20690.226030
21110.027717
21227.561863
21557.187498
22150.963130
22818.957335
22927.304127
23239.715523
23419.118092
23237.811250
22659.352492
22567.152804
22483.624705
22180.675708
22187.177288
22339.488076
22407.970320
22564.457770
22647.745450
22399.536678
22219.973136
21765.008269
21452.504465
21778.807837
22216.640634
22739.134470
23308.857989
23521.200341
23145.569919
22826.094317
22541.987865
22412.589932
22157.461636
22061.354236
22239.095977
22503.850702
22492.700848
22633.584940
22702.118382
22620.774340
22295.636477
22029.886876
21991.738385
21676.022206
21433.793862
21227.332080
21179.513744
20697.287568
20774.631777
20847.747047
20901.884238
21077.360555
21563.469737
21939.711953
22127.485466
22284.635516
22184.153039
22111.657394
22055.171098
22247.262787
22333.067399
22316.567307
22071.924198
22013.339736
21689.894174
21460.518172
21642.161400
22066.920759
21986.305916
21910.880550
22092.005034
22027.378991
21812.413499
21785.176887
21873.414570
21716.337065
21588.975810
21206.870296
20850.058298
20605.351933
20580.119692
20684.957392
20759.737359
20617.513516
20403.849820
20003.702277
19360.201771
19082.481548
18895.892712
18577.025843
17866.534807
17476.508477
17249.542092
16978.549609
16936.400377
17254.173344
17629.795886
17686.153582
17663.531227
17909.614323
17884.993796
17906.109959
18138.564303
18998.654375
19565.387363
20958.049282
21768.038174
22453.914845
22634.917780
22837.862247
22510.276092
22146.657857
21866.005935
21659.511675
21076.671149
20562.752602
20007.349072
19232.036332
18269.208126
17465.519536
16387.701561
15548.188453
14768.995777
14241.168391
13514.552239
13018.006608
12371.847852
11822.746517
11089.502987
10740.902677
10450.613968
10369.551688
10077.243997
9914.382013
9713.464943
9256.128259
8958.120376
8953.044584
8830.211065
8809.518382
8794.503596
8615.576294
8355.487288
8173.341098
7981.841401
7766.485976
7672.092243
7486.673060
7478.378694
7263.278002
7170.469318
7087.819176
7087.819176
7089.321109
7257.087656
7277.603355
7292.102879
7509.371620
7450.975423
7396.403426
7741.682132
7814.247138
7685.514459
7606.437378
7388.932807
6958.600776
6919.392420
6833.086625
6833.086625
6933.444059
7265.516775
7263.337371
7417.066676
7582.018269
7606.947064
7389.418928
7437.825405
7315.615185
7105.340419
6973.886503
6968.600348
7006.820875
7000.003539
7143.727536
7411.556842
7463.812066
7137.737540
7107.980362
6959.483862
6817.936825
6997.500716
7229.584799
7195.664173
7335.230056
7295.901416
7145.442286
6940.587741
6848.375017
6592.938112
6669.089269
6616.280212
6778.900563
7039.789710
7149.998489
7003.677676
7122.819009
7133.297682
7151.337568
7394.053959
7353.998833
7232.262557
7090.196687
6749.502611
6433.646892
6319.631155
6373.437395
6743.046296
6948.960282
7113.705583
7394.053959
7506.244906
7427.155087
7727.724194
7742.579953
7800.668058
7675.035079
7769.676996
7394.217874
7446.396494
7352.662697
7333.830457
7141.661950
7195.785803
7290.039913
7437.825407
7526.138115
7558.843050
7849.015652
7892.645008
7723.882644
7650.517180
7694.460761
7533.365036
7533.365036
7725.814646
7794.246412
7934.384221
8108.438244
8254.643972
8115.052153
8071.046916
8212.897486
8022.400262
7829.355472
8211.474294
8638.866273
8737.345565
9006.627809
8791.631527
8511.457029
8290.747257
8089.509773
7983.152072
8240.589881
8183.631548
8037.557065
8020.775036
8034.683233
8087.244582
8153.713405
8274.941548
7957.205441
8054.670017
8077.698539
8082.280206
8157.266403
8488.789330
8657.953661
8946.720239
9017.581230
9088.650097
9107.790193
8978.622358
8754.683429
8842.821722
8998.799645
9190.961219
9345.019207
9470.876594
9806.962955
9921.454773
9914.002547
9906.455701
10186.182989
10184.166485
10435.066842
10731.823090
11023.085357
11169.164421
11633.090103
11472.484929
11668.672334
11912.422933
12242.940032
12432.994759
12670.970330
12877.408077
13092.523703
13366.636013
13384.935632
13948.528097
14121.826065
14626.220325
15144.240659
15679.091738
16412.074715
17350.241194
17749.949092
18015.523835
18646.059095
18943.230130
19458.671563
20345.298649
21475.277253
22368.796079
23550.399832
25382.128475
26656.037824
27524.767958
28192.981760
28332.897243
27604.246010
26742.562988
25794.481734
25326.454978
24668.357089
23885.569253
24125.428321
24221.180333
23920.387484
23774.450467
23897.268254
23205.098476
23157.428304
23057.029835
23390.828813
23205.098476
23413.178327
23085.646209
22874.605352
22083.432036
22235.476569
21928.168245
21932.029505
21742.106004
21763.116642
21228.062041
21006.579585
21021.070439
21016.903333
21278.448344
21618.460586
21754.132872
21765.008269
21944.587693
21929.587967
21538.934496
21562.262991
21436.777384
21463.557124
21428.707749
21446.955873
21440.616896
21409.086922
21373.020819
21068.781800
20995.798102
20793.610352
20620.483455
20351.151258
20274.196241
20370.146000
19967.613106
19620.530230
19249.201359
19228.432120
18810.796876
19025.759636
19192.534936
19309.605791
19096.318653
18843.122273
18513.270626
18108.413019
17931.224579
17920.288708
17934.332882
17801.447228
17659.605246
17369.243206
17087.295018
17037.003755
16836.072789
16714.818815
16470.520481
16044.260976
15399.222210
15195.780861
14876.024870
14656.677874
14510.498817
14439.392918
14025.850918
13486.613765
12981.402562
12378.223966
11782.503731
10959.097724
10324.599903
9470.610667
8833.887373
8250.976126
7922.651055
7408.539629
7141.781821
6867.804598
6481.776743
5988.538718
5585.561832
5197.100528
4618.334435
4190.506722
3982.487592
3888.652245
3691.654015
3752.338721
3802.818823
3775.509449
3658.700661
3646.323229
3790.159178
3915.330843
4058.162866
4179.124457
4247.790863
4164.260886
4145.738512
4102.479297
4219.947352
4326.356010
4292.993533
4184.383935
4392.526132
4643.018482
4814.021115
4928.710066
4905.908081
4836.098518
4662.553275
4508.118167
4424.597591
4451.754231
4302.471438
4260.619993
4126.897266
4240.056427
4432.146880
4504.423347
4341.282159
4525.365733
4595.982493
4577.223289
4581.780604
4809.593869
4820.282810
4684.381263
4606.774170
4670.131059
4384.309040
4373.567944
4436.489902
4651.773695
4640.014750
4945.410721
5024.339033
5103.814299
5041.226288
4930.470605
4767.584928
4623.442537
4452.124837
4284.998819
4332.345515
4374.027980
4474.438601
4618.334435
4643.722220
4725.101753
4720.864092
4825.512732
5009.319705
5197.100528
5138.610205
5217.544114
5029.563987
4854.388169
4651.961560
4579.552510
4504.289210
4495.510627
4311.966156
4399.642120
4530.953084
4673.042212
4616.492328
4624.852131
4599.811132
4767.419105
4771.597582
4886.364600
4982.299906
4957.321283
4853.219213
4813.175304
4761.140329
4809.423772
4863.667302
4928.949537
5089.972787
5156.746667
5364.163050
5422.467528
5349.529722
5180.505974
5042.786952
4923.791730
4971.700694
4951.322767
4832.482946
4953.431478
5076.670524
5061.698433
4980.367364
5049.542377
5099.920688
4951.322767
5055.399649
5157.643340
5395.370225
5633.563318
5566.702290
5387.269653
5468.826108
5554.161027
5660.722103
5950.956377
5957.311175
6011.868625
5731.751401
5462.579949
5364.666483
5447.938044
5214.972350
5287.793433
5406.974510
5329.808554
5346.769122
5549.918995
5769.229063
5723.419114
5746.380988
5612.645788
5574.335173
5409.181602
5365.326989
5419.528315
5450.987423
5319.693148
5309.120795
5369.431111
5482.599702
5463.796079
5615.548096
5536.466044
5669.612370
5573.872145
5655.195683
5693.373997
5724.599861
5490.634712
5509.648954
5476.581702
5460.419085
5398.128018
5452.052595
5494.319846
5556.626625
5696.878195
5886.861284
5982.771591
5939.437385
5901.257778
5645.516353
5529.097997
5633.327471
5756.546869
5905.226013
6006.284871
6031.532670
5810.309420
5576.441469
5760.233383
6090.633383
5990.452022
6132.179163
6174.387509
5962.659531
5746.126117
5967.362293
5906.911649
5929.836236
6163.435652
6249.652704
6245.292924
6320.330632
6385.073215
6258.153020
6099.729099
6118.409604
5976.521742
5905.648679
6020.488576
6040.933620
6042.454539
6178.269123
6374.525196
6232.897452
6303.089438
6423.849938
6365.143199
6319.859869
6384.122146
6284.964053
6355.894990
6514.412461
6399.657539
6382.838217
6540.601164
6449.749897
6413.876101
6624.731061
6643.372565
6591.621761
6616.467016
6714.950645
6669.215217
6954.648540
7124.231201
7113.889166
7137.090766
7575.230230
7642.697942
7651.106247
7841.432274
7996.281602
7781.250143
7990.111999
8229.811051
8229.811051
8168.891657
8271.606300
7985.171659
7922.220125
7913.394861
8147.825538
8322.856887
8410.519790
8688.720542
8993.934169
8997.857609
8947.221267
9123.271971
9098.808040
9166.945242
9129.548967
9056.681060
8887.204908
8740.088200
8439.574323
8643.876017
8740.088199
8941.078066
9169.644959
9373.942197
9451.331479
9655.839060
9685.568700
9600.968762
9920.942190
9971.269894
10102.815109
10330.708069
10507.070459
10721.901514
11045.514640
11041.266040
11198.304766
11408.246034
11333.560323
11424.768103
11828.537354
12181.685468
12667.425239
13064.495599
13448.012135
13899.500136
14333.888280
14799.896025
15390.493019
15823.421939
16217.966375
16846.150383
17246.960222
17821.338740
18323.062354
18812.792498
19238.902316
19868.093032
20035.149443
20813.799285
21668.261527
22576.340422
24687.332006
27111.876156
28991.231080
30225.411202
30597.489568
29771.836444
28551.823016
28098.660587
27904.449508
27935.773996
27630.062495
27665.448798
26752.894194
25999.572776
25485.647183
24979.118154
24419.606972
23974.944388
23755.177344
23414.303051
23503.341165
23259.063736
22761.661342
22381.319851
22368.928057
21806.134748
21939.391908
22478.091001
22561.703073
22235.642544
22053.008688
21929.474567
21864.872064
21923.264490
21929.474567
22406.713669
22377.271876
21947.050153
21504.682114
21552.394103
21340.027667
21284.170955
21636.391351
22162.847569
22518.242069
22784.925671
23411.732059
23727.060184
23749.887666
23588.899265
23803.830374
23671.878066
23874.747888
24241.977014
24632.913172
24643.942181
24445.964919
23931.691744
24209.348398
24259.788574
24372.718913
24611.311796
24876.300706
24325.156383
24135.021553
24017.413470
23892.210105
23595.341611
23484.784046
23607.841499
23454.194455
23627.434849
23788.225860
23610.682162
23239.145574
23299.887956
23078.624922
23103.473932
23322.858122
23523.990873
23442.109459
23508.841086
23709.727771
23577.570191
23433.388618
23508.302010
23412.508565
22779.671691
22781.843300
22443.133218
22418.251902
22475.170813
22656.663303
22677.804097
23286.826331
23092.546040
22652.190089
22634.917794
22514.282449
21963.083873
21562.707699
21483.071976
21773.037632
21779.694651
21798.617451
22108.498677
22183.787680
21463.236379
21197.793738
21365.048788
20922.133777
21034.687553
21767.232797
21896.864488
21756.868382
21895.195076
21708.898950
21134.808175
21007.000665
21140.666336
21457.686568
21737.156693
22082.811393
22207.707398
21994.367501
22080.228331
22004.996949
22122.025625
22172.594110
22596.197403
22971.590756
23092.675997
22907.331224
22742.037889
22399.536678
21863.964785
21763.301216
21856.598098
22165.884139
21823.669406
21891.719997
21873.236541
21690.802601
21440.863801
21538.600854
21568.118495
21490.607551
21365.350461
21127.409677
21192.733293
20861.622553
20776.112954
20945.063558
21181.368063
21402.616917
21547.284149
21153.129702
20670.825193
20047.692046
19565.653887
18572.606317
18175.959097
17659.815326
17254.488127
17033.415601
17323.035910
17431.448542
17583.516294
18311.142904
18696.823134
19437.283999
20811.076191
22548.433829
23354.648716
24153.974258
24717.216406
24968.235055
24741.948205
24642.886034
24583.755069
24454.934500
23790.888609
23176.959903
22863.325006
22454.195887
21972.263300
21415.010779
20981.022287
21015.968557
20953.607113
20971.592197
21245.036728
21261.351560
20773.223062
20270.134141
19754.090097
19035.956034
18557.550123
18150.189630
17970.822264
17767.156555
17613.002834
17733.391441
18000.906027
18312.146881
18757.479798
19194.121010
19123.406681
18979.064087
18659.651838
18503.880678
18108.561528
17829.224231
17676.869777
17225.882767
16877.474359
16672.588163
16528.511532
15499.233525
14836.992573
13674.430775
12934.698403
12379.002385
12325.193618
12285.035470
12527.612497
12648.301439
12782.547177
12654.518979
12606.792096
12563.945165
12459.446404
12284.061692
12527.742780
12745.474522
12743.824325
12806.176428
12948.127093
12958.111377
12903.883917
12902.027908
12782.681239
12695.287069
12599.091871
12567.703546
12597.186377
12855.976716
13047.857960
13308.962585
13445.038370
13687.420329
13946.271789
13912.301998
14238.173713
14499.112058
14636.624643
14717.101893
14852.090406
14921.434813
15262.154142
15852.199172
16772.800070
18074.192501
18921.974072
19325.287136
19487.710491
18913.518779
18437.457917
18113.268826
17791.838985
17723.762735
17695.013075
17333.170314
16849.454925
16584.081523
15862.516003
15325.297327
14632.543517
14267.040771
13630.422497
12393.016036
10918.407919
9362.174021
7516.574550
5914.730467
5080.124566
4572.620950
4294.877062
4255.326778
4311.576763
4266.233651
4270.491166
4241.078891
4232.888997
4203.428278
4483.824989
4625.983402
4741.063908
4734.689799
4696.968657
4500.347220
4383.468450
4264.190753
4228.919193
4149.573461
4260.218852
4157.870769
4183.000242
4320.759114
4458.821547
4377.400165
4558.460503
4665.015506
4544.270868
4556.793721
4631.310737
4565.122218
4621.261553
4650.383646
4627.298582
4466.738254
4324.890733
4134.730698
4034.305319
3921.514501
4005.244560
4046.960299
3990.749893
4036.914056
4117.854341
4190.506723
4292.993535
4413.833627
4545.221776
4553.983177
4512.981177
4479.634788
4688.343552
4636.296119
4615.461613
4599.666970
4528.625986
4313.421506
4330.272834
4411.624438
4473.004889
4579.552510
4554.291979
4473.004888
4355.948553
4328.983131
4247.094940
4242.972364
4288.776056
4316.313844
4284.576781
4339.077661
4422.106632
4499.698445
4618.334435
4530.543885
4365.330602
4317.230646
4202.569115
4058.415839
4139.732523
4350.586591
4354.940441
4311.308581
4330.058527
4257.388012
4211.391646
4188.512739
4311.834400
4270.168411
4256.578354
4371.456637
4373.298450
4272.828157
4333.545041
4378.878701
4284.998817
4318.276992
4389.213502
4443.676522
4482.254985
4494.736190
4348.715832
4365.204382
4308.717019
4361.118685
4235.477577
4346.165191
4298.123062
4208.262771
4077.185669
4206.902036
4078.890809
4102.011600
4252.378605
4243.557342
4173.075803
4270.807597
4130.574445
4139.022696
4184.554948
4230.323961
4361.841414
4418.069159
4349.418584
4306.527004
4195.670789
4095.376883
3857.364374
3761.139642
3625.970380
3658.915823
3726.037822
4003.586922
3982.882508
4057.722466
4065.721862
4032.679812
4074.260076
4153.343855
4452.124835
4518.836062
4521.057651
4450.094573
4504.423347
4330.165077
4382.367012
4240.463184
4315.656602
4300.915956
4198.865170
4259.468166
4265.814277
4242.776176
4380.472892
4498.628767
4460.816418
4462.693099
4502.382372
4287.409889
4330.385359
4219.947350
4339.077661
4186.336563
4063.279981
4223.659276
4386.621550
4469.783269
4545.068396
4579.048946
4309.548849
4044.519112
3877.196218
3802.272864
3947.893652
3930.065862
4001.337391
4251.719122
4314.390322
4356.338233
4383.468450
4335.356940
4078.141288
4042.721208
3944.917347
4021.884505
4297.401073
4357.925638
4537.569530
4579.552510
4549.694644
4365.860844
4207.490401
4129.983704
4332.507299
4185.641187
4123.096697
4214.936696
4141.508961
4002.035549
4295.891392
4404.556106
4462.802701
4467.311878
4454.573897
4479.446299
4431.849801
4508.854132
4527.208728
4508.854132
4352.760049
4371.631714
4252.233916
4196.071620
4145.924398
4037.317365
4077.035118
4148.256768
4444.546264
4557.200191
4718.020636
4580.180149
4609.550948
4473.700345
4459.100004
4391.146697
4291.033563
4161.529486
3925.122806
3931.511830
3958.782140
4174.334408
4253.079570
4267.894118
4161.529484
4140.992740
4069.952995
4143.097627
4285.141777
4274.572280
4150.181176
4233.998107
4175.447634
4221.323548
4298.385038
4339.559868
4324.890733
4295.431266
4232.888997
4032.679813
4084.713761
3850.527636
3689.800144
3662.768066
3840.157533
3973.548346
3979.704757
4205.412741
4223.929742
4161.529484
4030.165232
4193.259192
4069.814550
4109.192734
4101.117358
4099.350074
4124.078416
4194.928975
4167.864453
4383.126299
4459.845538
4390.902808
4292.993535
4207.355626
4069.405124
3854.296117
3818.713424
3891.750363
3946.378170
3938.018663
4270.649474
4320.583372
4502.176886
4548.484140
4690.231511
4486.831473
4731.190603
4595.040492
4674.282410
4515.978710
4576.863402
4322.113731
4297.222295
4075.920891
4150.701833
4198.476421
4261.231712
4202.695095
4276.019253
4135.837805
4147.391078
4268.253802
4431.529125
4439.723108
4514.825933
4354.007045
4316.575229
4216.395128
4358.161358
4395.899590
4470.077719
4313.794897
4305.665298
4240.825546
4228.400962
4230.477115
4209.451288
4349.545169
4262.003227
4343.061580
4370.610852
4593.808184
4364.341657
4389.066704
4224.072796
4287.569822
4160.446311
4254.197537
4197.976484
4059.950096
3847.693049
3692.270548
3629.996043
3711.581133
3995.675423
3986.366490
4161.880925
4138.874919
4163.765587
4124.418329
4207.997298
4141.128696
4222.815927
4218.642703
4199.489327
4098.104781
4164.426809
4167.014272
4022.784760
4198.231817
4379.026342
4519.038694
4527.038281
4752.672407
4414.618741
4330.778698
4109.192732
4266.233649
4197.520996
4324.890731
4204.835886
4317.384660
4046.260386
4150.298370
4173.859306
4358.667271
4308.717019
4317.086891
4175.306263
4123.096697
4204.429854
4131.097433
4306.817144
4300.550191
4252.233916
4093.986632
4357.377966
4434.298169
4457.700354
4538.765742
4604.546237
4368.708690
4291.443065
4310.226648
4468.781200
4690.401454
4845.139823
4853.411474
4920.269585
4882.639705
4751.561875
4864.202234
5127.450210
5112.507828
5119.095845
5058.169967
4907.461324
4483.405582
4533.693469
4475.099696
4755.418796
4711.679824
4793.261219
4741.231381
4663.575025
4342.185586
4326.063930
4444.899335
4503.557081
4632.538253
4632.538253
4614.107164
4501.239799
4484.291499
4401.010553
4541.451199
4428.607736
4541.451202
4626.952530
4814.779317
4991.405646
5292.020342
5427.289665
5619.773484
5502.879640
5258.682519
5386.204172
5346.769122
5210.690671
5233.880915
5228.957700
5172.685842
5164.664400
5195.731844
5222.763338
5310.909594
5190.121173
5131.604108
5085.273066
5041.818939
4971.531368
4904.510037
4988.512762
4912.867431
4942.127288
4928.300386
5014.543574
4943.059139
5016.414422
4993.587627
5113.502875
5115.355903
5046.428255
5009.140484
4975.665408
5025.055774
4941.835764
5035.437764
5127.795697
5267.929724
5235.892489
5277.822394
5507.164857
5503.029634
5636.953668
5772.541791
5854.159371
5603.624210
5486.712115
5327.840502
5208.157108
5351.846492
5541.794687
5628.110082
5579.751755
5622.539664
5516.267012
5300.971325
5388.573708
5593.668100
5597.776716
5794.031684
6197.102329
6201.547162
6347.666704
6320.249509
6328.752026
6151.029431
6246.859473
6096.656464
6099.516495
6197.220555
6364.779512
6431.437294
6360.661710
6373.802093
6227.616576
6158.395448
6083.380584
6217.346526
6635.594561
6825.574084
6768.077857
6782.133975
6704.650650
6476.330464
6235.845041
6258.872516
6265.496037
6513.934351
6651.848734
6670.429243
6743.380081
6829.436092
6783.310998
6835.315600
6865.013268
6795.925416
6653.162512
6601.529823
6521.975490
6833.355991
7079.804269
7054.887137
7128.036044
7132.436588
7040.455621
6902.972837
7007.170067
7065.220985
7327.896356
7610.019085
7864.422880
8006.880939
8242.758644
8238.715069
8031.541946
8179.739029
8365.186320
8309.148501
8458.556742
8500.554460
8360.762675
8159.629782
8333.005644
8453.169679
8569.407874
8696.775742
9017.139126
9031.579030
8886.764606
9099.734877
9152.374204
9262.317131
9299.636841
9539.679388
9644.378565
9713.240770
9833.004451
9924.091279
9634.551438
9644.673174
9977.159594
10077.340692
10369.951827
10980.849934
11473.065128
11901.079462
12486.018724
13014.341186
13326.675798
13513.023634
13727.372852
14053.819908
14220.818316
14747.861918
15183.648881
15576.738533
16073.757511
16420.328950
16793.359490
17111.686429
17701.980764
18150.753056
18902.943787
19544.988095
20288.872915
20788.005538
21471.101898
22464.714528
23087.078213
23798.956511
24381.724623
25810.720364
27344.902280
28826.778126
29334.232903
29557.680053
28534.417360
26805.553682
25214.327257
24672.257116
24352.117880
23711.343651
23467.102075
23283.855162
22707.480501
22519.459884
22736.351851
22841.066473
23123.742695
23969.538156
24017.603521
24009.501796
24119.769057
24074.719449
23368.744738
23103.351423
23145.382836
22702.290937
22306.540654
22534.683054
22356.778968
21791.296038
22296.433395
22325.650859
22465.512583
23117.362280
23735.138699
23336.401740
23168.925944
22707.540477
21955.979650
21429.864469
21429.864469
21327.339358
21039.710058
20713.304377
20428.246797
19872.912332
19706.867152
19597.924616
19906.600096
19628.043896
19778.521215
20035.814582
20662.743360
20726.757462
22399.711919
23122.348009
23774.250078
24152.197496
24535.663845
23914.360575
24118.995770
24347.326353
24224.096318
24645.466209
24870.646978
24726.763573
24225.054359
24049.719399
23627.545870
23381.295203
23254.214049
23147.385983
22730.490885
22700.729444
22917.154674
23360.428901
24029.593810
24765.483166
25038.384694
24923.872542
24771.647002
24504.544350
24345.888505
24441.877951
24494.111629
24456.320063
24621.901358
25089.774279
25066.588879
24980.580016
24986.766490
25029.931596
24432.891764
24159.278716
24213.613166
23774.838966
22768.142835
22538.971561
22415.704301
22296.433381
22239.858908
22742.201679
22731.791736
22704.271962
22721.277096
23164.124708
23521.034322
24041.336138
24321.115204
24534.469715
24200.428453
24389.845118
23999.752366
23997.509652
24166.941235
24469.437637
24125.751400
24418.362636
24173.868726
24263.735700
24259.450810
24191.297634
24225.054359
24726.174670
24678.275930
24427.324667
24355.381952
24216.941442
24002.088814
23716.139265
23864.330447
23712.176931
23681.430078
23794.326624
23570.611872
23201.023849
23169.168406
23008.908491
22541.089528
22511.431544
22731.194711
23169.403667
23679.369026
24228.275894
24648.275215
24948.943750
25062.530003
24895.305315
24869.767200
24560.653515
24734.051835
25010.125868
25310.873114
25277.908981
25812.091031
25605.168621
25286.658946
25141.934739
25204.990516
25125.920711
25368.176077
25213.641055
25400.413656
25336.917412
25491.652804
25360.528873
25414.819146
24827.712370
24472.621325
24046.585693
24077.871115
24449.388685
25286.658957
26096.764870
26685.911440
26752.401128
26428.956847
25718.822581
25438.780991
25173.549597
25357.241259
25538.408659
25381.993645
25104.303968
24509.347066
23874.390708
23786.048009
23750.388678
23433.038008
23439.407752
23581.046418
23341.528789
23911.258286
24281.478792
24694.669248
25316.726402
25746.884673
25180.912596
24782.047225
24730.280458
24283.163064
24310.520988
24942.964627
24863.127184
24518.892391
24134.948733
23367.620791
22605.307062
22945.891447
23182.062099
23666.766771
24288.853385
25201.103975
25390.878585
25700.050002
25744.396032
25902.608073
25605.467347
25812.382067
25850.433429
26284.583958
26221.521536
25858.123780
25254.527201
24696.796729
24162.875759
23865.887626
23863.766756
24180.947396
24496.705485
24387.865508
24627.970954
25079.390075
25089.647249
24882.295480
24866.610625
24707.653148
24260.353377
24152.197496
24216.566689
24273.609144
24205.052230
24411.420617
24731.905342
25017.510461
25103.334150
25164.076842
25536.405538
25325.490906
25115.588613
24836.579780
24530.965796
23862.807977
23676.823896
23539.077016
23419.709039
23200.515719
23106.695433
23413.299429
23563.802367
23749.986244
24190.801656
24410.176292
23798.463410
23253.531228
23004.806716
22561.458887
22530.416982
22960.100478
23248.567118
23262.954596
23308.437793
23201.657112
22679.511341
22531.334802
22523.329469
23116.143381
23554.192161
24410.461260
25210.586945
26245.890476
26682.829761
27002.300768
26998.301312
26709.946653
26060.322003
25261.562673
24597.468031
24295.126301
24240.612587
24236.467944
24446.741499
24783.199459
24895.803326
24766.603882
24638.982251
24439.969004
24348.250508
24187.628475
24017.853730
24141.354440
24188.744931
24134.889215
24667.429575
25126.495529
25222.709362
25188.716820
25382.272715
25103.190683
25119.719109
25435.105377
25812.493647
25599.410367
25257.472315
24810.283089
24311.303156
24408.706234
24736.147809
25202.058820
25594.528420
25703.219268
25334.573255
25069.250589
24835.450001
25111.052862
25281.747975
25576.356520
25532.511159
25568.028670
25353.214873
25616.196430
25512.334925
25677.389080
25614.762170
25211.684953
25092.042833
25017.557804
24675.019837
24579.222425
24422.477718
23862.953892
23815.167844
24068.228152
23834.689846
23930.489412
23976.002426
24037.203008
24018.050537
24518.014267
24824.738424
24780.650155
24357.540605
24050.570222
23708.061695
23816.724109
23781.259883
24238.227854
24652.034308
24942.092400
24860.207659
25280.087922
25402.414123
25504.243319
25763.507133
25713.323219
25256.415853
24573.611903
24178.267801
23604.172357
23063.451453
23013.616949
23198.452519
23238.555123
23607.841512
23933.876999
24229.870792
24392.945667
24386.815731
23998.503717
23683.084463
23498.582108
23452.106464
23524.982355
23399.590202
23694.580829
23957.096426
23944.101559
24025.085232
24342.674327
24578.699166
24442.625772
24587.973854
24228.172965
23825.144297
23267.661653
22789.559664
22463.796048
22731.311772
23063.312817
23432.883073
23624.954174
23222.301462
22672.991663
22518.707942
22478.748110
22502.074579
22967.555563
23166.248125
22825.617342
22529.660797
22468.892483
22235.476569
22191.355516
22350.454936
22463.184189
22723.905720
23025.176725
23125.642418
23181.923635
23495.248087
23536.449683
23993.817986
24421.861610
24559.974024
24326.058057
24081.342642
22961.277111
22407.830380
22162.161381
22042.580806
21938.515522
22612.753292
22685.510000
23174.364591
23443.568309
23971.713191
24074.119990
24353.748031
23958.780013
23854.682951
23683.270487
23760.325706
23781.092316
24192.554962
24315.966405
24551.678945
25090.282832
25305.038064
24854.687865
24740.987932
24565.365378
23851.544790
23896.841376
24143.262667
24187.628475
23863.590393
23564.684350
23283.025708
23425.022957
23053.578781
23005.308412
22896.824010
22416.304467
22017.481644
22097.096350
21716.526865
21524.393726
21411.874750
21215.360611
21050.246806
20974.990900
20787.762492
20590.991669
20647.790454
20484.838911
20837.885340
21385.022582
22022.485618
22283.121958
22662.942682
22535.588401
22399.787561
21982.409689
21600.171793
21285.166076
21445.904213
21463.645560
21537.035436
21747.579582
21764.835341
21490.735144
21319.245002
21135.063263
20907.591967
20907.591967
20909.736130
21020.657512
20938.952000
21064.426517
21331.908325
21382.394469
21196.668595
21242.281812
21014.644480
20718.494621
20805.399031
20841.823594
20936.123221
21075.856568
20889.628413
20725.252888
20822.322990
20837.340069
20964.274060
21311.009800
21242.164077
21260.194792
21697.021986
21847.258290
22089.207708
22255.949374
22344.503332
22045.855624
21521.789741
20949.814939
20755.164745
20316.267976
20189.340750
20222.585776
20472.930323
20262.173438
20112.788734
19117.171983
18118.769662
17082.827066
16383.417674
15702.017608
15518.454268
15611.855683
15704.197878
15825.906182
15918.108498
16367.774458
16532.217322
16592.748514
16574.060607
16578.439244
16603.143436
16772.572775
16887.485823
17016.964267
17222.165816
17306.472504
17337.523471
17673.989369
18165.323895
18269.170811
18602.638485
18998.873194
19329.911360
19893.631533
21108.770375
21707.850747
23167.430042
24167.801620
24859.022704
25057.834021
25488.219577
25141.443840
24679.507176
24168.385173
23616.227969
23093.761130
22542.623396
22102.196516
22021.417723
22285.574448
21930.226529
21461.044306
21084.599154
20370.450223
19696.639684
19309.902622
18856.580283
18499.817011
18021.502685
17525.880951
17062.562915
16712.131699
16315.265891
16097.713670
15425.780793
14922.196839
14419.450360
13620.051657
12663.299748
11875.522075
11278.421877
10890.096581
10694.193451
10405.577662
10457.521660
10314.082987
9819.379976
9416.760069
9242.606724
8809.904175
8403.189683
8223.101562
8166.689996
8106.515505
8020.465877
7953.732352
8016.736299
7923.747429
7913.555493
7904.875222
7917.597242
7488.702851
7401.606963
7240.398367
7107.212928
7030.037970
7094.445883
7017.691722
7008.829747
7258.204934
7270.613881
7230.798934
7220.215400
7280.637563
6957.774241
6836.384534
7145.442283
7230.921173
7208.488693
7273.052290
7378.172960
7209.056576
7113.137784
7085.929940
7065.045547
6883.792086
6912.379801
6904.288263
6697.826327
6537.417994
6410.028184
6158.789985
5933.414890
5845.758807
5916.126954
5968.124364
6024.793560
6112.620165
6131.216203
6092.830197
6153.138017
6100.859587
6130.356772
6224.498652
6423.542218
6599.188998
6815.980892
6922.418608
6744.510777
6568.687409
6464.226757
6211.558610
6025.415180
6069.731452
6087.605653
6148.485475
6181.735130
6265.401501
6333.643483
6207.669381
6125.693108
6408.311355
6476.739771
6457.634663
6722.171906
6772.819064
6628.430274
6584.687346
6737.407523
6728.025725
6507.395369
6521.516560
6561.180188
6413.117836
6204.527809
6490.932338
6496.981932
6572.355630
6772.819064
6933.444059
6743.199242
6690.853338
6574.035600
6337.852146
6265.789311
6330.372912
6389.468805
6378.990009
6384.664635
6278.418856
6433.017522
6745.691749
6733.821248
6919.658698
7177.351775
7135.378205
6841.079051
6838.848815
6789.103443
6734.610590
6797.240939
6749.569201
6855.868090
7068.529634
7209.166250
7271.850622
7269.764876
7315.503111
7056.628218
7072.631813
6872.660989
6903.288970
6836.563675
6880.177180
6568.508236
6507.897879
6478.373332
6632.989971
6708.342240
6860.027501
6985.476918
7114.060549
6911.808516
6926.216854
7008.050306
7133.297682
7223.193697
7430.109706
7494.221347
7406.442987
7226.452168
7045.054936
6925.957824
6811.200510
6978.331764
6976.054754
6939.048888
7013.248650
7003.531648
6919.880263
7085.078235
7235.371357
7389.357853
7395.682993
7255.886450
7093.262329
7082.237641
6903.045423
7062.006092
7308.046451
7385.769014
7387.557994
7450.283445
7408.288963
7381.164329
7370.927196
7479.190320
7487.421816
7546.768470
7732.023243
8164.025733
8230.367624
8590.407583
8750.543779
8724.261144
8594.707545
8784.433288
8765.265082
8721.234129
8646.782579
8546.495440
8423.192358
8327.421168
8279.290355
8399.082381
8560.391597
8581.141395
8551.135252
8791.992771
8916.407384
9018.185822
9302.783801
9551.046117
9798.090319
10019.474041
10353.959769
10519.834635
10704.570943
10829.359808
10992.131183
10827.472451
10959.096479
11121.636381
11220.052513
11385.061953
11685.807810
11635.990835
11691.933815
11884.501261
12137.276229
12626.320834
13106.585686
13576.558795
13933.478272
14171.342115
14440.344585
14678.688674
14881.187396
15271.788157
15826.090025
16270.938474
16782.647140
17448.627482
17858.070295
18118.431006
18656.829593
19628.197519
20262.376193
21338.119502
22575.710182
24169.083065
25939.618628
27894.504719
29149.954538
30631.409844
31282.931306
31303.839618
30955.094978
30533.260141
29284.548400
28386.496751
27168.850105
26083.946869
25719.410445
25389.995956
24859.132818
25294.903685
25803.160852
25725.885402
25924.416625
25971.297639
25306.381882
24481.427540
24135.112629
24024.223100
23750.504203
23756.898511
23936.619792
23767.240866
23475.149121
23097.661969
22600.721206
22249.858097
22078.304098
21734.904464
21619.294480
21433.638908
21446.600281
21319.244988
21045.127877
21070.126016
21521.573802
21521.573802
21490.046761
21722.666705
21741.991841
21357.581803
21261.096840
21071.314853
20991.947706
20812.667056
20967.447172
20957.240678
21260.000674
21657.831180
22167.554879
22098.683544
21736.986646
21636.696643
21075.856568
20630.864957
20278.069519
20539.469517
20366.074674
20451.673309
20587.756484
20750.076276
20664.629001
20719.503418
20673.678538
20602.932117
20241.409974
19984.836669
19437.589089
18998.502525
18635.860579
18619.118282
18185.813278
18027.760779
17700.234950
17012.316368
16450.989340
15930.498002
15295.319752
14534.023587
13854.633528
13096.574613
12771.435624
12050.664441
11410.180661
10792.725111
10042.535810
8958.511365
8177.632696
7494.221347
6669.704242
5995.306735
5464.796730
4976.064696
4656.962494
4535.930165
4529.956366
4511.061658
4458.821549
4304.838337
4373.567944
4150.181176
4077.185671
4160.995779
4246.775365
4215.528823
4440.941536
4668.807065
4777.290623
5005.560925
5016.183867
5299.987978
5515.453856
5556.908327
5529.937508
5698.890166
5515.453861
5324.875477
5358.460938
5462.697272
5569.037174
5566.804126
5533.633946
5548.217925
5595.932521
5543.536245
5441.128350
5365.862349
5334.577137
5273.632403
5093.737621
5173.214096
5165.232567
5093.737622
5123.551623
5154.754386
5010.825040
4857.781815
4682.676843
4632.761197
4764.483663
4821.276965
4879.815844
4931.558482
4703.300387
4580.060601
4622.008342
4845.316219
5110.575715
5316.242653
5432.706743
5596.251889
5663.194755
5548.081226
5455.530551
5352.707984
5281.721073
5154.650089
5279.858788
5334.196021
5468.005256
5526.340076
5586.648358
5674.652408
5774.209542
5640.277125
5448.302174
5489.986837
5573.872145
5598.360455
5603.202025
5540.589263
5541.946968
5258.331501
5160.834712
5240.447456
5478.049164
5427.564501
5308.952831
5241.347512
5291.544413
5301.946613
5241.347512
5594.361766
5926.750308
5924.359830
5820.129238
5830.693348
5839.315489
5583.632546
5617.043713
5581.227203
5821.598250
5731.622636
6000.921509
5978.023042
6069.934275
6011.590371
6155.728003
6026.025569
6120.448140
6431.688430
6521.516560
6283.381484
6534.523717
6764.309661
6722.041360
6515.294415
6642.995556
6451.072013
6250.045141
6131.216205
6166.896645
5995.561575
5805.402832
5886.861283
5974.868442
6024.793560
6283.775373
6512.549509
6451.756763
6271.926407
6578.533153
6521.186038
6466.080799
6453.556232
6495.716295
6257.748895
6240.698777
6444.309008
6609.110570
6797.121124
6945.329191
7051.784479
6773.827871
6583.807128
6577.644815
6268.182915
6099.516495
6332.627328
6413.777321
6227.707820
6301.168105
6382.527464
6364.685675
6303.722153
6470.960242
6623.357118
6997.026353
6985.905191
7111.430497
7081.640676
7169.387341
7008.575924
7160.552319
7193.595488
7209.914437
7062.334190
7143.263134
7088.975050
7166.294239
7112.580742
7219.003718
7161.686230
6967.699149
6775.544638
7059.532538
7247.872393
7226.452168
7296.489514
7380.601501
7221.517715
7161.035377
7131.787602
7090.574371
7237.598294
7356.108559
7362.664330
7492.281313
7831.080391
7913.049746
8163.609328
8266.236329
8263.877872
8166.382183
8043.245375
7773.701225
7741.076693
8074.369420
8389.643106
8725.399728
8978.321273
9268.090953
9282.936070
9207.745308
8935.065974
8997.553252
8841.448203
8842.777973
9128.250473
9537.339335
9562.203794
9948.788375
10190.529006
10249.521280
10280.730915
10593.826593
10593.826593
10880.150512
10898.248745
11109.192999
11272.144780
11455.451526
11159.314871
11252.187428
11448.599587
11717.619131
11884.527070
12427.833284
12884.962461
13429.701265
13860.392403
14354.561813
14693.614886
15073.607154
15125.134070
15413.590361
15748.216230
16147.135456
16698.468033
17536.186781
18484.203770
19415.867705
20445.373050
21458.548968
22454.252424
23404.572079
24911.079426
26694.496748
29033.257356
31255.112820
32823.419665
33717.208182
34047.158197
33515.514044
32304.305127
31433.487688
30765.234496
29990.478438
29144.770416
28601.416718
28031.482544
27480.004321
27189.566320
26988.022439
26840.121889
26819.333603
27069.949462
26618.637862
26455.638547
26420.001676
25927.559001
25088.478657
24939.840203
24773.991243
24672.572412
24584.070833
24551.187045
24453.193253
23991.676830
23594.877288
23588.652746
23638.378637
23577.680544
23720.133215
23902.426057
23663.809183
23562.079457
23568.027928
23658.440927
23648.192942
24088.954214
24103.106831
24059.367363
23985.058112
24012.191132
23876.435599
24072.909677
24058.089613
24119.246958
24269.717326
24382.340496
24298.805055
24455.063389
24307.989417
24040.885043
23892.718390
23662.826985
23445.362412
23389.188709
23549.925354
23750.388678
24207.790964
24600.620298
25014.515605
25024.778027
25315.563022
25618.014498
25664.162888
25530.602558
25515.466078
25050.356922
24557.369412
24085.488275
23974.944409
23917.776617
23757.110117
23241.481564
22988.612231
22850.940186
22660.834279
22431.066964
22698.299559
22685.639930
22798.642607
22732.043429
22869.738084
22423.132358
22366.661607
21970.578814
21895.923106
21799.545044
22141.689811
22273.598347
22196.719435
22012.798921
21855.821684
21593.464003
21666.155643
21630.129505
21780.128247
21736.598289
21772.304041
21618.020351
21572.194194
21607.908327
21676.375327
21496.633021
21279.874793
21139.641832
20863.916606
20776.112930
20907.733924
21014.431778
20950.856249
20894.581751
20963.704918
20760.867468
20704.875173
20763.363054
20513.072703
20047.079895
19710.849594
19571.332738
19339.621298
19365.646548
19421.881705
19527.624894
19329.978910
19214.324780
18911.828868
18784.017342
18782.393377
18619.411003
18419.956379
18202.932967
17659.815326
17225.882759
16793.255161
16453.812449
16416.449862
16262.310935
15890.164193
15687.741919
15221.522083
14212.670278
13674.430781
13024.187775
12552.417815
12095.795920
12147.767919
12037.075802
12035.359019
12035.359019
12188.615756
12182.784216
12157.685997
12031.915140
11696.421202
11376.762949
11039.176500
10746.899916
10604.490815
10477.380997
10377.399514
10258.706979
10181.708637
9960.082216
9857.501460
9740.257124
9706.696486
9762.674623
9898.689732
10076.685861
10272.411237
10394.043070
10135.301881
9997.231704
9826.869148
9577.747723
9370.502850
9339.413803
9271.758527
9159.030350
9202.469993
9152.564562
9129.491672
9071.177036
8834.765985
8511.457030
8315.270375
8011.739840
7673.954857
7386.068460
7013.013923
6720.343426
6486.232688
6411.085181
6289.833370
6088.779486
5759.257469
5525.084386
5105.105182
4719.032997
4569.172843
4465.207868
4178.972311
4028.387298
3918.094482
3947.304946
3868.418392
3953.741970
3945.392683
3903.382105
3869.448669
3742.151789
3804.740744
3953.287876
4134.862288
4218.642703
4437.949520
4475.288373
4481.766481
4506.469725
4543.185465
4524.150546
4651.773693
4699.579787
4856.278539
4992.008420
5077.297618
4947.950640
4910.698542
4739.259828
4565.374735
4644.438966
4765.375630
4742.434581
4817.872092
4770.250104
4565.722541
4542.849246
4504.861989
4617.496006
4658.328779
4846.392016
4911.146148
4921.777999
4794.060927
4979.392533
4862.776057
4710.628148
4626.764778
4747.876537
4713.691271
4739.071804
4786.970085
4910.583142
4845.647498
4589.835971
4443.676524
4330.778700
4397.785676
4234.963042
4219.251396
4267.113876
4240.202365
3979.283200
4070.605552
4186.150296
4388.588856
4580.704143
4925.512809
4892.024851
4826.440865
4711.473633
4686.698387
4530.116592
4630.314342
4756.676704
4687.714904
4505.826349
4623.282489
4637.773689
4660.475592
4779.431990
4954.590810
4937.762871
4898.793628
4758.634692
4718.608645
4607.695422
4413.490028
4334.184822
4461.026609
4580.060601
4673.794327
4799.173404
4989.308398
5109.334399
5169.509805
5115.355904
5092.626796
4952.509897
4904.878953
4988.779523
4986.702492
4984.430461
5049.239963
4931.438061
4663.869140
4772.524042
4837.539639
4710.470849
4655.892808
4829.162411
4857.950521
4881.418021
5002.307678
5102.441405
5016.414423
5100.145569
5143.907318
5114.762198
4958.794310
4899.967347
4679.019141
4768.424493
4761.938617
4839.231170
4947.570836
5081.250460
4856.001965
4916.257709
5088.517009
4952.509894
4979.392536
4965.091087
4944.269358
4977.851259
5030.155454
4982.299908
5103.538259
5279.076302
5380.993252
5449.449174
5443.112396
5407.805060
5234.618555
4976.452636
4976.452636
5116.179620
5114.630566
5365.100219
5591.275326
5505.933834
5455.636559
5459.650057
5263.224545
5426.222520
5649.555586
5602.098701
5549.355487
5323.723604
5088.769240
5042.786952
5193.013942
5228.695783
5447.938043
5285.110374
5107.215217
5028.326092
5147.081531
5126.341788
5151.002325
5165.835437
5123.957696
5292.924390
5226.132364
5357.637919
5468.373952
5368.091505
5368.091505
5865.236112
6129.738670
6096.226785
6204.616284
6152.151707
5607.415386
5252.383512
5235.744545
5306.958376
5440.388327
5724.225218
5758.735202
5826.886667
5816.819905
5516.267012
5547.533153
5877.649597
6000.921510
6051.260959
6157.743327
6015.309892
5798.482755
5641.388776
5464.209907
5495.509682
5566.509582
5783.617613
5823.483852
5979.794871
6136.877020
6213.886154
6012.672489
6227.616576
6246.237577
6121.201137
6146.000150
6157.743327
6096.656465
6333.007093
6615.175831
6497.372820
6570.252635
6626.810953
6582.868271
6382.527466
6591.366213
6765.123427
6834.127107
6709.068540
6742.836775
6716.925506
6484.557113
6323.805089
6490.774195
6552.891916
6592.735755
6783.014695
6878.646512
6714.582594
6641.065847
6683.055170
6642.214145
6865.511978
7043.114485
7153.183073
7157.401596
7386.303333
7219.345769
7215.528447
7156.975407
7006.302892
6755.161675
6859.936191
6986.392418
7149.874988
7193.595490
7381.256942
7487.512413
7377.234058
7277.319246
7527.021669
7421.068531
7504.319881
7609.121380
7830.617260
7847.683965
7947.035514
7767.173224
7854.577606
7806.566242
7718.939363
7956.935943
8242.873775
8390.751546
8800.312150
9190.655906
9267.882698
9562.204969
9574.986734
9472.472805
9537.443091
9677.499299
9604.578426
9672.922128
9648.228654
9546.079297
9543.656089
9424.928373
9416.189200
9514.093701
9736.082133
9914.468741
10138.144826
10331.904370
10564.390057
10682.613541
10938.275464
11216.234967
11665.467498
11778.270381
11959.951496
12009.510005
12074.591989
12153.323366
12527.612499
12882.712650
13388.826167
13828.357860
14435.846114
15045.263322
15678.417668
16038.044081
16916.747328
17100.143500
17290.906417
17618.913651
17804.443868
17731.048982
18319.941302
19464.328676
20725.514159
23003.736533
25876.791714
29145.019866
30797.254949
31279.675626
31116.763502
29771.940609
28289.247063
27044.595570
26551.130885
26137.978084
26283.992176
25628.742348
25657.223543
25784.662249
25746.538068
25134.562625
24612.398434
23814.531298
23457.584302
22740.786638
22519.216808
22312.303099
22540.516119
22132.928592
22304.552784
22158.389443
22437.784315
22686.606483
22851.648195
23048.698717
23278.590709
23318.378232
23195.163145
23485.001514
22869.628632
22930.827366
22874.080041
22909.226893
22855.110290
22778.198015
22483.803280
22371.207393
22496.336883
22260.160473
22459.322875
22885.485742
23217.522097
23273.598616
23589.092656
23749.986244
23418.167693
23300.809428
23010.570974
22646.973307
22678.810949
22827.096623
22755.826192
22707.790057
22833.277842
22919.092862
22698.035663
22601.838802
22750.087035
22952.769599
23029.549729
23207.104535
23318.221407
23349.205486
23182.204359
22969.731312
22837.862257
22576.647724
22532.925216
22405.645640
22399.015203
22634.563000
22857.815788
22822.498026
23267.519896
23466.951715
23445.362440
23441.516526
23412.508565
23161.779500
22937.524389
22862.389904
22931.734203
22735.385942
22745.630555
22958.696673
22813.937618
22436.484904
22642.970802
22403.191521
21950.429420
21741.788645
21522.213409
21453.183885
20983.178099
21187.168008
21368.847844
21416.304760
21084.599159
21157.628211
20818.465096
20649.240416
20465.822372
20020.994315
20306.994927
20329.248555
20609.439686
20918.439645
21488.808589
21144.359150
21281.345189
21281.345189
21352.710987
21432.011813
21972.645469
22301.164228
22480.842503
22904.509609
23139.019980
22975.601267
23077.302784
22793.698284
22653.352607
22617.741216
22710.367642
22582.864777
22837.943589
22536.867994
22362.144875
22217.462453
22357.921868
22431.165846
22794.592155
22731.916111
22712.928456
22292.344736
21657.539660
21158.164722
21114.725745
21356.888690
21368.379282
21562.606389
21430.689703
21057.264526
20520.340094
20237.203631
20030.233827
19713.823007
19706.867138
19592.169495
19438.046803
19373.631883
19686.970804
19726.721798
19979.072611
20293.814168
20471.647558
20725.709671
20974.448556
20949.658263
21050.939394
21155.912078
21068.422622
21069.895757
21289.416141
21556.259223
21566.834645
21453.680711
21510.576024
21443.374949
20999.815804
20722.110982
20354.844439
19834.895495
19496.323270
19421.950477
19164.941807
19440.527596
20063.059183
20125.590491
20419.767448
20711.999435
20513.790076
20255.112481
20300.214755
19873.347802
19994.294615
20336.854869
20215.774529
20223.750784
20194.552866
19837.165700
19469.484249
19131.637563
18956.102888
18969.401873
18748.271071
18664.568701
18946.453893
19232.878306
19719.724844
20186.833736
20180.677283
19769.552647
19228.556123
18425.296410
17795.016318
17472.747632
17532.196373
17681.199121
17729.768819
17909.028949
17898.792572
17953.173791
17717.347456
17659.964001
17476.833019
17545.537666
17288.407492
17537.006984
17507.733444
17733.065696
17958.805703
18025.516150
18259.718028
18700.836094
18830.179561
18792.289811
18949.494590
18479.212080
17805.251496
17247.166318
16975.627987
16785.966088
16741.627313
17068.169063
17312.360014
17431.249778
17270.504190
17004.896042
16511.705248
15845.825383
14935.099380
14322.004816
13419.011745
12860.076959
12551.753163
12541.580623
12506.879508
12858.863482
12930.993712
13029.053260
13092.001759
13006.058046
12982.974933
13146.142460
13273.430663
13598.969734
13810.636525
14006.033694
13999.735075
14287.746417
14469.747909
14768.428275
15183.341339
15646.849569
15655.488708
15561.892643
15898.235062
16315.341621
16410.773036
16598.843502
16654.445906
16383.507055
15919.680638
16025.896283
15982.510583
15749.818046
15636.001084
15159.398818
14451.222315
13528.722764
13167.738634
12678.427149
12210.355787
11900.790724
11853.221040
11668.702467
10858.599375
9956.312706
8753.673273
7547.628214
6025.528097
5119.510275
4555.677024
4263.774091
4065.439533
3952.783558
3956.567436
4117.337389
3999.912946
3840.846498
3872.478440
3916.128995
3847.834283
3906.293971
4119.423282
4286.338521
4440.941536
4545.068398
4662.845784
4763.229241
4874.045520
4687.863694
4604.546237
4640.528963
4532.109832
4335.811660
4511.335217
4576.047827
4582.788154
4428.276105
4484.291501
4465.897542
4442.841330
4374.835854
4661.112266
4848.902263
4871.939087
4828.070237
4785.148866
4777.015680
4593.064923
4547.047387
4605.435868
4653.228698
4412.799221
4400.261508
4246.119228
4049.665530
3958.988012
3988.098795
4029.911441
4004.910691
4180.380718
4284.576781
4376.545370
4365.720174
4664.163630
4541.451202
4403.515006
4457.881536
4447.014722
4301.094292
4332.178855
4549.444179
4480.642370
4559.651017
4584.725013
4733.509502
4493.510884
4428.758668
4278.458994
4192.968620
3904.916793
4002.035549
4145.924400
4198.231819
4302.615941
4411.267351
4168.684587
3853.711027
3884.992969
3818.132451
3809.829367
3947.664648
4098.554568
3920.918435
3929.213273
3997.970473
4124.752463
4095.376883
4212.303033
4187.457295
4358.396589
4412.799223
4642.674355
4811.584467
4830.221204
4512.981177
4610.673882
4673.185948
4624.998969
4662.553275
4852.659876
4610.830498
4403.943863
4345.540397
4199.007429
4193.120511
4278.835597
4341.392056
4235.096836
4174.761292
4078.141290
4105.776809
4024.111353
4022.200369
4191.111622
4120.173205
4120.173205
4103.219832
4101.263327
4051.214928
4155.964460
4060.441010
4096.141741
4185.972262
4127.381941
3972.963281
3902.613219
3809.468942
2792.151663
1852.372243
