3553.086254
4695.140009
5928.551707
5949.044170
5936.357778
6108.368407
6225.149827
6105.171442
6136.089825
5939.715626
5751.275384
5645.036705
5700.339172
5579.524000
5528.514813
5426.215959
5207.311079
5083.533939
4907.234611
4883.035003
5064.664029
5134.606923
5462.477499
5605.749500
5869.528147
5670.816795
5769.243402
5450.308786
5319.155970
5149.545661
4979.808099
4999.995915
5211.001954
5476.830142
5474.600738
5527.824655
5664.743362
5423.418474
5455.966211
5615.570354
5961.020656
5644.306789
5870.206608
5646.802058
5812.910306
5706.796443
6027.772720
5672.950618
5851.164424
5724.407350
5624.201379
5679.334723
5843.684102
5830.900112
5630.658301
5657.586322
5567.171204
5711.411489
5754.137274
5817.657175
5971.155355
5989.204842
6186.660415
6094.607247
6276.588299
6483.454173
6724.438802
6884.350672
6927.370039
6820.824546
6395.402495
6057.587930
5911.575090
5729.210210
5796.857666
6173.532514
6681.055888
6714.182499
6894.195768
7051.615286
6595.348829
5993.717806
5437.483586
5357.779773
5046.647963
5244.737622
5443.876216
5678.638510
5619.080970
5807.225085
5696.895281
5762.275951
6054.871037
6220.527238
6329.264611
6310.453104
6054.871482
5919.827836
5367.557383
4878.453634
4906.870287
4732.970278
4783.919776
5493.826566
5988.960712
6212.030085
6660.159338
6292.408001
6148.824281
6101.799917
6163.173401
6104.235130
6296.779205
6122.871286
5992.019742
6020.644122
6215.101100
6430.027493
6565.246230
6642.837784
6505.666087
6473.037984
6293.655411
6217.803977
6144.206026
6006.933929
5839.363870
5564.644730
5668.886502
5725.755779
5989.706156
5865.435998
6077.960824
5996.410450
5660.501305
5337.495616
5537.806063
5402.479024
5580.617041
5666.760167
5789.487158
5433.673978
5502.203656
5415.973270
5565.688669
5636.887075
5960.209698
5858.522060
5702.649092
5864.692766
5830.051915
5692.465357
5812.225042
5615.905258
5413.459486
5305.088001
5286.542823
5538.840797
5615.042250
5907.613816
6046.676331
6021.853626
6061.796446
5967.662414
5609.972538
5419.567803
5165.602484
5292.314509
5615.442715
5637.760812
5699.493662
6010.438697
5872.933538
5424.579613
5197.819526
4974.848891
4637.032800
4338.054483
4428.035685
4348.473998
4786.072342
5111.333267
5173.406831
5582.665001
5831.566181
5586.725479
5466.267406
5871.402261
5781.565657
6055.569616
6192.278950
6180.191200
5925.411117
5563.649895
5505.998884
5518.189999
5888.617730
5926.351154
5887.639982
5787.146984
5392.274743
5158.899016
5070.520708
5646.959007
5614.903916
5747.854653
5945.883663
5797.819710
5660.501305
5468.470321
5609.752395
5382.311612
5437.697858
5331.278744
5458.365281
5423.521646
5124.776088
5126.999815
5114.591738
5260.017362
5558.442862
5945.239109
6268.791733
6076.935159
5997.013805
5524.450150
5225.487337
4942.077569
5111.639815
5240.743457
5628.795484
5993.404108
6174.897677
6441.090228
6469.442885
6302.053252
5968.157634
5821.851819
5531.723615
5621.622593
5517.543458
5581.321385
5417.012230
5396.576051
5085.524614
5241.632966
5343.695072
5554.662049
5450.174995
5675.104402
5550.117372
5713.976005
5888.840540
5928.066738
5772.432328
5899.045024
5637.076737
5568.405728
5640.245924
5646.140067
6004.189706
6174.037244
6091.907960
6090.113303
5993.847140
5772.974426
5996.267912
5889.577872
5934.605198
5891.276764
5601.099244
5373.987152
5309.867075
5557.187195
5704.610700
5747.773649
5805.003764
5518.670960
5285.865217
5236.781237
5318.292474
4894.761938
4983.601712
5083.979266
5120.764313
5153.665575
5355.894106
5566.656021
5497.419432
5524.000187
5781.424443
5658.767663
5809.235596
5586.437645
5566.059443
5401.939130
5737.560876
5762.052454
5741.504447
5858.394739
5530.983958
5400.295901
5021.042447
4930.940742
4792.098360
4752.866310
4532.079647
4571.913555
4631.219540
4905.477529
5365.680715
5826.218309
6220.384053
6314.432154
6030.479664
5800.795415
5330.684807
5175.456310
5140.889745
5230.393772
5212.213694
5314.709296
5232.557792
5300.424772
5310.169217
5468.028566
5496.698222
5518.369906
5651.498206
5569.556708
5401.782913
5655.300150
6001.215310
5987.115567
6072.696182
6019.924019
5997.426195
5589.464980
5669.496941
5761.449798
5734.841473
5728.761858
5741.695682
5760.246696
5883.243834
6200.030631
6104.267302
6148.428457
6420.583436
6136.133462
5866.190215
5661.412101
5532.389502
5391.694559
5142.060283
5111.522137
5305.836608
5241.776938
4830.577767
4803.807001
4816.010158
4746.441579
5012.487609
5006.082259
5031.015872
5055.369609
5296.731076
5135.102560
5180.350605
5509.153017
5345.758911
5194.464350
5096.798994
5420.093586
5624.571567
5806.863082
5450.597737
5703.201145
5506.882644
5343.389058
5734.383512
6495.422174
6435.265762
6381.568780
6357.739676
5897.502780
5596.359054
5749.327684
5911.262478
5849.787691
6213.849941
6191.266590
6213.479325
6011.010110
6191.032584
6002.848558
6104.979421
6000.832615
6072.366571
6031.413521
6276.697925
6119.273665
6327.724447
6572.721462
6227.131651
5955.025788
5963.492099
5781.650813
5568.612552
5701.470809
5769.203914
5889.954403
5766.034667
5518.116322
5508.146701
5170.435977
4857.367868
5141.364440
5186.254967
5251.565196
5433.885388
5401.120743
5234.476496
5286.045983
5091.378585
5199.843499
5423.290119
5320.920700
5689.327800
5680.720904
5654.288486
5670.674963
5826.245341
5631.792475
5785.028967
5686.980881
5691.111449
5620.053660
5515.873980
5659.053993
6006.775908
5928.895949
5758.484692
5735.930292
5695.000674
5250.947892
5103.346148
5241.362468
5271.589912
5040.541107
5048.741956
5036.905017
4989.767671
4992.225845
5065.315104
5204.821351
5215.570441
5228.658934
5277.195230
5320.357114
5166.711402
5230.172152
5349.922175
5415.491417
5605.829529
5839.161041
6156.285373
6125.048582
6053.443517
5953.518338
6229.340716
6245.813750
6471.890238
6516.952582
6399.805756
6101.399731
5651.407381
5314.743568
5453.707727
5414.847977
5512.880293
5557.869772
5644.526163
5644.526163
5832.095881
5989.998669
6154.114387
6251.232700
6087.725721
6171.763552
5856.573356
5821.558118
5768.765883
5778.826614
5756.336665
5924.022501
5827.797859
5865.803932
5916.727816
5941.055643
5715.909681
5951.353511
6224.021687
6117.747128
6042.523788
6263.094550
6512.623134
6022.688664
6133.313234
5672.613119
5394.732489
5114.301678
4992.610944
4918.948569
5096.836144
5017.273940
4945.628529
5118.599201
5157.250060
5476.575946
5529.530600
5850.745933
5664.409916
5662.622567
5566.548729
5926.450590
5795.366781
5919.745574
5903.547449
5643.684708
5469.423353
5095.414069
4948.828450
5094.633161
5315.189017
5305.009069
5460.139607
5739.613359
5839.795490
6011.626124
6361.485522
6342.873658
6358.646378
6246.028066
6190.944625
5849.396439
5918.910916
5932.109857
5889.073055
5596.389212
5663.844289
5721.306520
5883.291348
6087.725575
6167.691178
6116.464830
6020.280069
5818.621124
5456.342145
5593.116238
5527.743826
5369.852955
5285.770810
5263.097005
5046.236289
5222.226622
5324.637346
5293.430112
5379.406807
5624.683706
5669.957735
5753.850486
5984.372844
6006.740960
6307.552590
6244.183452
6573.081202
6435.869503
6405.021080
5887.775597
6037.065417
5955.141664
6165.518953
6294.741010
6734.864528
6579.204898
6429.697979
6653.429218
6984.763927
7009.522769
7136.296862
7148.932275
6977.954955
6675.194802
6503.020620
6349.856444
6267.885087
6370.081203
6116.411407
6018.121594
5923.977738
5987.484726
5836.891893
6190.785791
6339.620777
6501.556051
6474.919694
6339.416596
6053.393909
5724.170721
5445.624963
5271.687860
5112.325938
5425.127409
5683.378288
5793.671199
6018.658071
6040.556260
5838.457601
5789.325976
5965.116555
6247.267281
6533.263412
6545.493961
6424.715047
6335.251518
5954.391291
5921.042696
6087.126179
6192.794821
5903.007752
5876.312708
5663.276933
5679.635527
5820.994859
6338.245102
6598.026768
6483.207655
6254.150813
6354.090424
6286.615942
6104.628817
6463.685975
6422.672962
6281.423977
5948.342789
5911.372034
5979.800160
6215.304997
6298.955541
6520.119553
6552.772053
6381.563045
6142.987423
5799.186440
5671.682155
5623.320545
5778.425689
5721.018673
5956.342953
6101.353011
6124.053151
5898.016394
5998.075128
5967.463515
5953.468709
5695.386432
5715.111730
5699.252616
5569.840142
5367.747990
5555.833888
5748.459879
5887.775597
6086.544971
6043.390857
6147.802213
5888.164023
5575.053914
5413.633518
5427.680378
5278.297988
5349.401508
5384.487954
5318.630011
5469.814810
5617.614944
5748.202733
6087.807844
6513.247006
6722.338302
6873.674890
6722.867376
6691.842325
6125.252022
5884.045915
5615.932643
5618.213992
5538.118926
5871.758636
6039.549102
6364.827274
6282.884646
6276.618015
6272.847128
6231.787278
5881.702830
5844.405653
5852.237563
5885.162262
5964.920726
6079.278739
6223.374639
6372.867707
6207.069114
5820.775499
5757.226922
5737.230205
5769.536561
5986.564788
6374.625903
6790.551133
6688.127035
6563.266388
6221.732375
5935.337883
5806.708712
6225.474213
6303.091862
6724.315392
6900.561319
6808.336625
6633.075541
6414.462967
6348.759641
5974.801023
5890.578783
5391.930717
5136.229924
4893.009383
5091.202145
5408.756750
5876.263495
6354.676914
6612.558107
6841.746525
6591.947351
6864.682092
7077.251365
7106.272177
6840.351143
6866.790257
6501.171667
6218.657553
5920.121448
5823.734596
5691.023708
5653.365688
5659.386585
5830.997215
6160.686247
6015.641056
5959.949782
5945.476581
5638.919797
5579.184569
5714.395378
5975.847193
5908.452664
6141.640475
6117.165061
6330.018509
6110.523778
6149.071429
6135.155196
6190.503777
6218.796428
6777.314359
6935.134501
7158.124714
7231.886162
7383.530318
6879.637814
6650.639703
6595.521580
6538.299105
6374.229358
6161.725200
6057.265615
5826.392123
5691.308067
5208.232098
5480.940188
5840.961205
6094.720898
6426.340716
6698.140403
6465.477502
6140.221364
6281.383574
6283.539820
6576.036130
6775.625008
7012.763539
7088.542107
6990.065414
7029.078469
7106.685079
7409.764184
7250.080086
6988.360152
6595.404211
6610.651869
6230.303443
6025.636622
6342.705399
6557.463051
6648.688244
6644.258490
6664.899629
6628.195354
6742.932281
6598.288387
6762.338125
7056.602753
6966.779519
6960.498376
6874.099281
6684.066875
6283.019518
6078.369236
5820.859919
5964.687346
6087.544480
6083.013199
6296.067594
6114.235716
6098.991883
6043.448749
6509.848427
6319.247654
6425.922385
6124.535145
6010.129059
5330.773053
5367.706610
5359.143351
5516.629152
5488.030070
5764.195253
5762.138581
5850.168789
5686.090592
5706.798143
5821.177020
5897.174123
6011.385391
6126.191612
6337.467197
6131.030295
6108.257769
5766.700193
5744.494283
5529.613163
5451.454594
5310.473677
5384.623708
5515.460447
5732.030254
6403.286898
6576.618443
6632.185101
6838.196067
6684.672607
6576.257586
6433.177908
6514.895347
6078.369236
5880.007806
5616.078273
5565.163640
5693.891160
5899.732293
6149.257632
5806.151990
5863.031574
5587.055783
5567.063612
5618.209829
5689.787015
5890.201704
5802.067542
5782.325938
5446.463876
5796.471715
5620.642499
5780.022435
5574.138575
5684.499323
5408.784131
5578.328451
5445.298940
5520.388996
5142.046910
5036.151439
4833.248711
5355.184928
5800.238311
6330.264828
6737.323244
6772.013321
6295.484677
5854.391782
5741.685136
5586.585370
5567.921429
5754.161713
5732.071380
5963.444866
5910.329794
6118.720978
6538.178452
6766.303095
6842.071990
7126.168353
7187.732204
6921.849735
6928.589235
6675.036237
6560.316995
6193.753664
6067.502552
6297.751074
6140.098248
6115.755912
6305.844233
6445.231389
6227.753855
6346.838099
6276.728095
6450.576775
6362.769852
6327.647942
6572.674835
6832.503561
6722.461166
6879.543728
7234.663091
7097.033643
6851.453196
7227.945728
7203.288581
7037.393193
6988.509070
6984.245911
6816.821787
6965.846819
7074.684636
7289.382323
7466.930738
7450.781266
7315.905409
6846.020205
6666.106434
6537.335442
6580.259392
6606.707074
6936.915559
7117.121856
7249.969396
7450.361817
7679.593822
8073.751947
8155.417175
8263.588155
7983.809250
7654.507353
7202.366878
7026.889363
6827.977709
7210.615306
7018.288617
6889.851441
6715.891375
6484.625541
5666.647688
5811.699113
5583.478725
5618.210003
5528.125021
5628.173415
5382.867747
5779.349558
5670.841196
5810.624824
5830.733271
6043.540835
5997.159758
6191.253710
6338.370217
6420.568092
6416.249659
6345.571076
6396.472887
5975.175942
5950.323440
5791.164903
5554.304289
5150.695013
5566.349697
5510.991929
5566.349879
5659.276216
5970.248657
5544.082077
5537.007259
5325.628837
5197.369820
5133.979237
5561.228698
5577.958150
5798.909223
5958.268388
5831.119235
5944.039599
6124.047410
6412.376691
6357.316885
6336.906179
6103.600952
5784.194873
5391.412412
5479.873302
5426.817611
5387.832133
5537.542569
5880.823451
5967.460091
6632.300306
6748.702516
6903.962275
6777.083655
6690.789803
6631.304872
6467.633704
6416.271761
6228.099976
6323.468759
5831.894110
5859.196149
5795.483256
5993.987926
6051.821801
6299.111091
6716.416487
6718.124663
6726.682324
6602.871318
6430.840008
6148.531547
6287.510517
6602.871495
6480.886720
6450.178007
6425.564934
6427.647115
5985.793672
6189.986804
5987.121116
5960.360161
5956.556691
6164.958989
6200.270864
6595.446944
6841.086214
6965.707255
7225.431780
7309.574535
7510.338448
6879.823910
6857.847123
6293.178089
6131.334592
5773.082703
6421.631564
6413.479693
6912.440194
7287.351966
7843.373686
7759.701897
7745.486720
7410.019459
7340.907983
6723.452940
6825.719393
6850.410650
7073.328327
6687.698618
6722.609745
6284.565015
6057.322693
5777.633295
5522.620682
5532.217679
5587.869300
6062.121846
6381.368319
6791.765711
6824.499901
7045.499505
6622.028409
6394.807658
6133.273344
6122.918623
5926.612763
6079.758517
6218.990079
6613.539694
6398.832794
6464.136770
6464.136770
6556.266848
6394.634463
6513.131170
6631.949055
6570.937577
6501.086286
6241.376407
6184.414775
6251.610462
6205.264365
6298.833265
6161.509240
6486.615121
6364.242381
6523.545697
6081.695060
6369.928781
6437.250683
6255.390302
6206.295503
6208.027791
6427.647115
6053.259651
6280.441722
6218.846973
6404.922368
6540.237789
6648.903097
6652.945430
6431.846040
6763.298541
6650.260803
6715.778707
6545.692947
6648.440662
6265.844770
6117.222647
6280.854696
6399.318970
6567.154238
6528.466807
6530.556613
6260.716001
6469.097874
6374.596510
6606.511690
6889.964139
7158.167651
6930.747675
7207.121836
7076.216144
6991.997782
6952.761011
7196.507277
6838.407103
6871.205820
6729.153877
6807.178764
6606.721216
6764.029177
6770.317435
6998.664141
7166.378541
7372.979047
7456.953544
7502.023876
7379.634838
7398.414736
7269.486526
7322.776658
7486.287991
7577.021159
7513.886918
7751.282984
7632.619208
7468.122994
7479.542950
7262.844856
7050.584038
7036.002409
6925.257853
6745.861077
6716.844071
6997.648036
6964.891836
7065.289872
6976.242888
7021.417386
6644.556135
6986.403959
7174.825660
7496.119390
7549.603987
7440.893544
7127.784330
7099.150756
7023.861128
7136.341524
7604.906548
7680.849742
7684.736597
7704.289854
7575.743603
7291.094985
7420.116608
7502.140435
7320.308308
7326.378557
7236.374937
7242.347343
6843.750314
7018.590122
7039.035058
7450.414975
7550.567169
8141.678864
8418.859879
8431.549778
8128.633111
7901.465542
7684.594413
7192.307659
7208.687241
7307.230409
7495.319961
7241.495250
7150.498285
7106.008128
6815.313288
6449.463624
6307.880767
6279.104760
6276.769286
6399.451053
6595.958819
6866.203212
7366.522601
7994.923225
8046.124353
8095.061020
8039.925905
7819.065432
7149.578728
7088.125189
7407.211541
7378.610554
7301.137262
7471.117832
7916.919467
7319.561032
7186.729152
6927.291065
6788.215323
6317.767605
6569.250406
6576.990384
6874.151829
6931.482129
7076.772014
6908.987968
7046.261946
7203.173150
7115.847968
7133.825832
7191.385558
7334.298878
7540.573100
7994.655602
8391.244679
8649.404119
8829.546829
8634.266075
8411.417866
8000.261902
7990.210250
7897.755087
7846.961274
7527.666022
7390.528369
7052.995067
6638.235061
6540.257365
6650.729805
6785.774831
7025.241400
7262.466423
7519.852913
7591.198046
7820.252902
7850.981707
7900.445926
7363.887053
7365.542152
7085.501533
6895.227622
6660.076103
6677.627227
6434.207728
6370.972597
6659.348858
6980.552656
7235.604445
7593.487145
7753.052225
7554.502088
7365.931295
7140.230608
7130.001682
7209.738669
7324.361532
7651.514032
7906.628383
7949.452413
7802.311526
7978.380495
7630.021528
7807.667166
7373.875714
7396.731062
7425.187006
7506.645536
7320.778676
7601.114125
7727.829685
7648.081280
7550.070671
7622.946056
7864.606713
7486.042566
7441.069370
7887.025115
8022.313838
7948.638508
8032.255894
7682.532064
7384.184723
7328.473398
7453.313688
7754.126195
7732.106978
7856.784651
7961.325398
7927.920311
8365.686081
8720.380704
8797.979239
8706.298291
8543.020090
8084.625986
8015.537010
7880.152357
8028.870750
8313.193277
8646.904639
8681.551678
8576.892774
8373.334391
8262.797441
7864.067357
8039.481129
8029.498881
8022.926871
8029.036088
8329.747843
8268.343350
8423.428318
8518.850629
8631.617966
8664.411750
8756.423680
8922.426721
9271.992028
9593.242528
9744.600428
9697.799439
9822.634478
9729.699669
9602.520047
9744.170294
10102.227700
10048.612507
9940.375719
9835.592975
9572.525427
9455.413203
9696.788986
9297.874685
9070.790996
9350.907292
9132.321972
8749.127938
9221.297813
9449.053619
9288.801260
9468.940271
9489.147258
9529.143621
9279.954305
8936.085930
8801.049119
8737.948318
8587.192884
8636.206859
8830.134473
9002.199031
9824.166384
10124.024775
10455.279534
10277.207270
9730.596572
8605.524164
8047.087856
7288.577316
6879.257483
6924.507771
6858.704779
6499.813617
6399.337119
6483.526722
6583.381333
6674.379205
6921.881940
6879.055061
6788.920994
6512.756509
6788.921191
7066.097427
7579.598502
7663.672095
8262.797441
8332.350171
8323.369904
8260.505329
8738.965083
8660.799755
8683.384838
8588.063130
8756.025170
8396.089854
8359.087097
8132.055388
7865.803422
7657.470109
7904.495448
7951.659205
7955.688123
8158.086256
8081.994426
8016.658506
7791.725916
8059.453719
7937.575215
7841.563822
7593.965817
7356.500067
7092.670786
7558.300159
7768.685149
8045.035498
8403.250228
8588.925667
8577.989485
8960.529454
9148.699786
9122.064605
9386.618125
9561.335727
9534.879347
9636.603421
9428.507491
9070.597889
8740.198743
8805.714766
8660.357127
9042.837448
9169.664287
9234.053577
8988.538565
8824.491083
8417.543868
8100.721600
7814.402843
7737.350869
8146.076784
8618.676676
8982.942633
9000.250478
9176.131270
8982.360280
9000.249673
8714.092672
8900.537646
8604.008781
8004.171846
7464.529331
7535.876193
7693.061401
7601.048994
7940.322230
8314.329605
8594.521984
8605.443180
8941.181753
8728.252984
8353.928578
7891.461094
7395.278771
6871.673546
7304.985125
7667.396819
8278.873194
8839.656199
9786.992498
9629.650007
9668.217665
9255.226537
9126.373324
8437.352698
8320.344113
8263.064177
8142.338858
8020.573103
8081.974075
8497.210070
8464.793733
8939.427846
9435.737243
9683.409540
9789.112552
10051.591041
9922.270746
9740.723488
9419.823698
8977.755586
8846.631831
8738.609191
8255.006249
8533.256657
8516.992795
8504.967431
8576.152492
9041.977855
8984.562241
8980.151591
9051.549324
9342.168188
9288.982553
9547.490868
9823.141877
9892.720328
9974.793397
10110.060629
10231.215950
10512.772008
10594.868616
10225.024802
10164.261344
9999.096456
9835.117363
9897.192371
9984.593305
9876.262599
9886.338553
10078.276599
10095.347658
10285.432212
10491.119061
10409.709876
10298.958904
10116.711508
10012.554395
10037.264001
10247.389104
10102.392637
10276.459910
10484.551062
10637.860114
10645.889237
10840.319543
10840.319543
10592.935390
10324.666187
9995.475366
9850.319408
9592.385190
9766.097103
9795.121772
9799.138774
9723.753138
9880.965031
9883.111959
10022.839398
10370.196000
10483.211889
10882.190898
10906.286257
10787.192203
10739.694932
10522.274065
10246.883791
10225.675654
10370.073163
10159.552817
10517.167063
10386.533664
10357.594211
10124.903498
10634.295558
10399.074847
10677.842444
10888.358160
11253.959196
11397.119984
12037.350521
12360.723484
12681.910608
12905.747965
13104.193561
12656.171341
12152.959022
11784.667468
11669.423430
11415.745687
11873.999976
12043.799278
11925.444848
11914.062995
11905.880848
11834.284978
12010.594990
12480.496118
12591.294407
12669.085768
12869.781796
12990.482902
13325.990432
13188.581048
13170.166785
13180.398901
13315.420959
12928.769811
13221.315856
13421.801344
13164.235463
13080.158242
12793.749831
12711.749669
12568.545463
12453.980869
12300.547510
12480.448816
12296.628288
11934.524211
12194.335835
12579.170981
12630.084021
13157.554128
13818.359165
13918.641378
14035.271854
14407.854195
14409.717583
13988.501295
13873.936684
14064.200184
14495.852625
15118.620441
16417.689092
17755.628139
18334.582611
18653.723769
18042.036551
17733.125867
17737.213436
17958.158110
18602.578074
19735.086623
20336.545117
20901.179792
21476.043190
21964.983650
22157.798099
22270.316134
21895.938208
21153.322084
20946.698962
21199.352378
21710.796860
22410.451515
23369.921562
23893.639266
24339.093081
24746.215725
25141.051098
25773.195763
25818.198304
25038.080287
24428.439644
23168.241389
22497.226328
22421.532113
23844.369772
24611.536495
25386.885365
25814.456910
25661.018477
25448.257706
25509.630046
26450.687134
26737.449836
26677.769791
27119.097028
27239.506016
27094.348157
27147.447505
28004.628241
27335.319007
27198.252451
26688.919734
25962.602715
24990.859446
24724.908482
24229.830373
24379.170151
24851.744237
25483.888902
26018.005703
26717.662436
26660.685401
26781.083430
26727.893237
26444.617431
26182.353011
26548.815600
26660.758437
26738.449180
26595.122715
26629.522546
26486.318341
25919.702542
25226.122163
24816.113041
23963.025456
22948.320718
22299.809681
21334.201983
20168.451642
18730.269858
17275.723780
15665.698196
14164.099574
13027.159202
12165.887392
11212.551415
10343.448958
9842.142637
9125.959606
8614.352968
8457.135725
8614.353145
8792.425155
9291.432177
9976.813670
10828.022045
11586.590716
12392.627188
13142.090735
13557.014555
13655.210715
13166.072645
12479.330310
11926.738724
11376.753330
10621.803566
10462.329284
10574.718350
10056.087316
9800.566022
9765.840517
9685.653622
9532.601296
9621.050886
9514.874584
9645.368048
9556.104840
9600.463822
9618.463796
9532.601588
9321.867263
9174.430371
8985.972864
8682.542316
8445.193530
8375.846666
8216.290346
8001.345449
7943.727582
8121.354276
7909.089317
7917.247515
8158.705663
8539.996803
8760.482546
9143.232816
9311.245807
9385.064531
9244.770271
8942.077027
8612.987659
8420.393377
8271.347660
7823.571026
7935.984419
7862.538822
7895.186502
7688.507249
7968.064685
7857.393393
7849.027448
7838.460762
7877.426528
7759.815191
7780.587699
7586.305657
7663.910796
7850.054492
8058.468223
8227.897143
8391.303709
8221.925191
7968.452066
7737.761049
7457.295090
7455.580364
7533.274932
7729.413915
7498.922950
7339.521244
7511.215150
7552.112358
7321.038882
7637.919823
7875.556167
7912.173026
7643.974202
7805.998112
7779.624614
7637.919823
7521.531643
7928.134646
8020.541069
7841.177286
7931.258188
8125.469268
7976.085423
7677.487450
7901.407176
8038.346157
7841.969861
7903.144371
8016.019828
8000.338801
8120.860955
8319.694995
8221.273508
8370.606058
8465.640531
8349.069267
8435.234986
8541.705842
8222.354559
8322.040549
8727.387579
8340.663598
8301.800668
8610.607709
8604.214749
8120.959458
8125.346421
8178.154862
8244.088086
8020.085609
7991.403060
8494.489530
8525.397678
8435.362219
8572.614244
8582.896297
8055.297905
7965.535191
7918.224662
7849.546124
7685.544808
7861.695984
7978.456655
7992.402230
8063.495340
8288.730532
8173.884771
8037.269454
7826.078858
7979.074465
8032.205360
8181.893707
8330.829359
8727.886792
8464.620943
8294.242599
8151.195884
7926.384603
7732.119591
7689.405306
7753.133703
7820.458359
8143.651694
8121.063468
8263.047482
8414.828817
8480.046132
8072.974567
7927.511674
8173.667165
8147.179668
8114.248153
8288.475062
8443.758517
8215.456905
8256.045105
8059.881554
8209.523579
8219.661158
8390.480605
8472.446347
8878.903910
8740.148489
8772.909166
8579.974778
8483.629416
8416.201970
8557.244493
8528.933000
8807.997519
8836.569628
8666.585070
8613.633282
8603.846676
8541.581617
8357.201417
8410.595775
8439.081460
8705.240873
8610.064208
8810.022506
8853.275692
9106.653643
9448.993193
9193.697376
8778.411679
8819.247022
8850.089730
8362.856055
8732.999784
9371.262109
9764.623923
9708.471384
9880.926001
9803.351763
9623.308959
9349.431712
9135.905731
8935.882054
8776.100247
8683.990109
8810.505822
8900.971602
8888.728053
8680.852548
8752.297369
8639.424730
8629.062693
8797.413359
9264.737037
9374.825958
9223.708861
8777.464195
8274.229027
8358.471842
8360.938963
8415.943851
8802.531701
9103.432202
9121.016540
9217.310054
9206.632422
9288.672904
9540.308699
9422.702195
9306.215941
9293.937486
9424.414426
9292.016078
9267.382521
9408.633329
9474.134623
9283.893476
9302.174058
9156.108833
8973.756645
8863.588198
8967.989031
8521.992210
8282.756345
8319.654806
8382.555286
8309.389800
8957.942101
9396.692959
9635.850469
9852.857249
9962.570645
9954.247767
9988.919875
9407.213051
9538.230236
9548.338873
9468.600678
9508.527721
9809.315744
9526.853741
9426.853068
9312.118400
9119.281188
9084.071234
9035.740088
8884.072846
8477.095958
8353.059449
8244.416362
8361.178670
8477.421543
8902.965760
8978.310131
9107.098949
9080.585526
9205.460452
9330.467894
9751.196711
9933.712868
9935.473059
9665.421150
9622.638408
9548.829060
9915.640778
10119.936378
10433.325093
10684.701996
10397.197717
9795.281541
9556.269375
9404.652208
9306.216346
9572.716635
9680.624435
9637.388365
9750.486699
9917.912290
9806.809380
9500.464930
9486.123340
9387.966744
9279.539647
9219.575269
9467.349263
9377.509011
9420.320911
9411.903187
9338.508418
9324.649157
9349.269878
8849.951095
8283.081363
8209.811900
8211.850656
8678.132088
8876.765558
9095.773033
9330.711112
9197.715594
8900.944128
9187.697126
8829.571542
8390.740915
8403.153679
8441.872738
8542.039113
8701.645806
8672.906150
8605.140592
8365.625580
8263.270966
8740.381969
9152.823048
9291.773456
9363.060749
9291.773303
8984.820192
8716.232012
8411.770099
8458.854700
8694.480924
9013.165133
9026.409275
9433.367528
9411.376687
9325.228119
8905.896177
8910.482736
8850.812009
9184.580514
8901.722185
8809.857953
8954.097349
9142.311267
8659.780482
8552.817478
8690.187568
8637.131248
8336.255421
8150.099512
8244.296690
8405.414020
8357.009143
8023.504372
8133.775868
8068.596302
7692.427650
7594.717451
7852.377998
7927.858154
8137.010154
8247.165648
7793.120069
7678.452844
7619.551715
7056.416063
6804.897080
7186.387725
7413.086388
7410.923764
7476.833073
7759.115458
7887.479351
7772.786280
7779.497882
8157.899164
8147.441973
8271.432644
8332.873105
8160.424231
8023.726839
8029.924249
7837.293835
7708.817680
7813.164054
7663.662994
7562.974171
7545.285853
7334.419041
7359.342728
7504.287469
7439.287297
7372.621608
7634.240718
7808.176462
7912.470886
8051.634287
8177.936419
8492.922749
8618.111176
8830.256993
9117.150091
9469.203347
9882.879554
10272.928656
10788.732749
11318.363089
11770.871256
11699.268114
11856.792117
11938.622291
11834.284978
11379.931439
11048.542220
10583.939695
10166.877272
9671.688222
9378.935304
9011.010099
8536.269584
8262.413868
7846.945800
7733.285072
7870.718946
8282.550521
7883.143230
8093.972745
8244.601467
8154.555833
7688.189997
7788.024072
7682.103593
7573.702896
7587.562332
7651.191912
7851.615386
7931.566694
7907.285747
7755.689872
7837.516824
7868.291315
7806.746250
7727.141546
7692.488507
7630.609152
7520.642109
7725.013126
7857.983027
7939.843643
7806.746068
7692.488507
7426.023147
7247.095820
7326.587881
7463.915556
7516.675029
7549.826232
7527.356992
7224.658480
6962.828670
7007.967697
7052.705412
7132.869939
7212.370671
7363.862868
7169.255585
7085.483416
6733.370499
6733.370499
6835.560420
6737.207232
6859.640291
7338.846583
7496.249885
7467.096779
7647.576198
7612.948537
7364.586364
7223.470531
7145.656623
7192.602505
7289.069609
7304.116411
7191.855471
7328.817257
7423.011422
7030.190144
7110.161390
7453.761874
7543.804839
7232.765592
7355.575917
7271.357190
7125.990828
7011.648245
7324.458511
7338.984549
7449.737245
7206.451093
7259.214268
7259.214268
7484.460313
7220.621574
7392.921166
7210.461450
7143.047478
7028.351660
7338.846414
7510.528699
7451.071999
7406.110839
7586.487326
7670.168500
7709.277535
8044.890334
8046.674109
8177.860180
8237.855327
7875.564568
7629.241989
7786.650279
7632.820604
7350.915160
7794.370746
8158.816236
8060.505308
7909.179803
8000.115357
7975.297214
7688.893319
7830.010650
8026.649619
8253.018523
8416.228898
8731.565454
8596.130883
8618.771230
8361.751922
7983.521922
7825.733326
8079.456274
8109.946682
8050.481142
8007.438592
8174.578552
8594.267285
8431.336003
8333.313510
8419.107589
8404.789392
7854.554929
7911.934369
8193.462069
8348.653420
8217.848148
8021.517137
7835.645394
7261.565640
6895.021416
6805.019144
7140.476058
7780.980661
8563.066209
8949.816868
9364.880186
9223.911585
8910.873961
9059.214922
9229.166981
9298.984978
9401.181820
9444.030661
9242.579312
9109.552787
8824.713489
8657.384889
8563.066209
8195.707018
7909.083012
7778.200658
7776.080228
7704.192538
8081.416607
8394.170791
8496.538032
8533.141335
8518.633805
8129.061711
7947.021435
8110.124190
7823.998574
7713.557948
8063.674707
8291.022855
8222.964698
8833.419484
9134.020337
8881.126056
8699.565380
8590.358330
8214.302957
8201.950526
8241.938569
8065.728245
7926.800678
7787.451540
7486.694185
7404.908761
7691.584832
7938.963241
8108.937374
8360.605264
8932.244388
8815.439829
8273.111881
8577.966986
8885.071237
8614.342395
8798.784909
9347.068492
9244.540699
8821.344286
8825.122101
8829.706158
9048.716899
9061.411852
9058.438369
9260.332365
9473.290911
9260.332183
9313.461513
9577.103731
9473.440498
9305.934310
9528.678024
9821.554526
9665.583216
9528.384410
9847.139370
9688.270585
8951.499572
8834.438095
9034.396791
8668.174726
8490.141246
8807.272991
8870.734814
8655.257924
8627.381591
8798.908284
8688.769343
8759.989118
8979.224537
9036.787052
8889.165510
8641.847922
8418.833897
8381.195501
8370.912445
8381.195501
8466.747952
8669.309705
8525.493464
8746.234141
9159.499273
9755.161150
9773.506265
9522.976361
9402.277752
8868.774517
8677.967984
8705.023771
9147.754445
9205.240325
9117.376755
9008.826175
9158.484768
9058.176867
9259.446530
9741.802719
9607.069403
9355.722575
9362.808988
9260.410929
9262.820098
9457.241508
9610.674248
9796.389088
9612.748596
9375.125986
9154.001283
9305.937136
9248.193653
9628.717019
9773.685651
10006.913397
9915.248848
9862.070009
9568.921150
9446.366189
9170.166857
9092.686546
9336.513956
9219.727404
9029.400977
9008.901544
9076.493817
8721.798917
8529.651327
8652.359093
9200.756137
9620.245149
9788.389209
9692.409421
9605.168863
9397.846658
9074.482825
9132.511456
9580.564423
9733.618988
9414.697945
9563.825440
9898.125700
9704.122511
9814.777209
10180.800032
10037.435602
9665.286753
9655.228968
9462.682353
9237.417221
9125.307417
9408.720285
9457.824959
9901.946716
10059.311253
10102.397535
9801.040813
9954.010184
9992.957550
10067.018127
10099.364370
9953.480163
9717.933045
9305.340564
9411.452589
9564.436497
9755.257404
10076.865732
10343.023533
10131.320993
9761.211153
9617.358394
9373.768068
9414.908519
9668.366834
10161.805156
10159.384272
10220.301428
10157.453008
10212.287053
10476.558162
10917.118226
10760.104592
10645.695062
10477.754332
9751.151394
9330.410168
9583.780797
9768.054533
9897.351778
10277.292562
10592.490642
10901.060300
10872.133057
10790.171652
10941.368482
10835.447523
10490.535104
10254.720687
9937.047374
9606.174259
9707.921949
9644.684400
9663.231426
9887.767982
9883.843526
9664.851114
9582.450006
9543.914336
9323.446905
9443.708498
9461.173821
9600.344594
9872.362133
10541.213076
10420.630911
10496.042469
10890.939564
10882.444613
10409.881260
10433.171059
10053.955932
9847.076680
10225.435691
10330.323512
10080.543598
10102.463324
9877.522762
9685.244407
9740.538149
10124.823470
10204.933994
10180.398728
9754.975043
9548.223665
9656.445075
9694.158035
9655.479559
9689.860269
9620.664402
9256.504498
9404.961693
9382.598872
9472.526151
9656.445778
9890.027647
10202.883095
10596.998938
10951.412058
10656.731507
10135.179153
9758.005357
9342.307699
9116.053230
9395.909067
9917.483590
9904.408019
9926.284008
9830.839354
10116.840779
9521.870679
9202.910196
9366.113977
9495.359038
9227.822397
9685.476744
10162.269152
10493.368947
10707.938174
10798.306639
10744.765125
10793.877460
10607.545435
10319.186343
10174.133856
10356.725260
10349.051320
10239.053813
10801.636551
10990.163573
10940.903756
11013.542397
10845.834847
10219.975781
9884.288339
9765.943653
9768.100818
9886.882667
9992.858698
10563.529234
11341.299988
12037.345049
12677.534025
12669.099298
12155.807680
11507.347925
10598.446010
10119.852899
10068.780608
10062.689409
9968.671085
9892.921297
9761.775228
9371.326354
9267.061220
9449.577325
9573.297379
9309.643042
9444.359564
9512.052958
9193.022445
9057.671017
9223.612442
9325.523195
9131.508019
8967.846617
8828.427765
9057.352127
8897.690938
8871.019374
9041.082316
9242.608173
8876.255566
8627.114277
8493.638881
8622.332266
8604.900696
8533.171763
8701.021820
8993.408538
8834.034929
8598.655859
8621.730789
8654.553601
8590.897918
8461.601886
8282.737777
8120.811648
8171.920679
8202.744166
8130.866659
8153.329476
8128.957075
8104.312410
8069.097198
8067.659705
8253.503328
8304.693823
8227.115933
8313.060309
8759.298138
9036.190034
9281.218653
9879.088153
10634.015969
11196.361873
11985.206540
13059.239537
13769.124993
13857.092430
13840.728135
13725.482024
13216.011756
12869.886942
12921.491481
12892.849808
12719.981682
12750.667853
12216.719348
11422.959971
10897.360701
10691.094520
10059.079619
9672.094712
9645.388218
9453.531528
8923.978812
8639.343395
8438.906395
8223.569632
7923.581573
7920.684431
7894.806312
7787.822705
7890.381302
8058.398252
7847.397554
7909.107795
8038.066806
8168.750015
8023.477016
7948.397987
7929.644440
8318.735419
7997.138052
8111.383706
8313.357823
8373.014101
8240.259942
8364.646281
8223.111764
8041.752078
7920.684431
7557.244066
7188.499595
7043.559228
7160.532180
6925.517351
6946.272974
7056.442991
6925.517351
6684.154144
6815.137625
6946.115911
6851.507314
6964.640364
7292.301561
7517.019747
7750.226746
8018.001155
8140.625744
7670.249291
7727.679408
7451.348637
7332.955328
7294.134429
7497.906579
7125.753385
6790.241630
6623.988062
6753.176293
6844.266507
6623.174929
6850.417945
7085.482584
6958.827901
6879.042852
7294.272106
7339.263573
7238.952627
7081.270474
6873.476401
6779.105220
6827.998524
6906.161926
6950.843928
6984.142186
6982.229002
7070.100953
6969.829285
6992.367914
6947.918293
7179.214703
6941.911930
7027.802197
7042.284560
7239.274522
6780.759934
6697.176777
6409.052784
6490.688921
6486.013641
6504.348209
6629.401042
6825.728679
6565.952052
6306.758768
6722.234616
6717.382155
6983.879441
7153.720383
7262.195481
7194.574160
7309.281112
6994.181268
7158.055067
7246.891085
7053.805974
7015.236865
7162.573282
6984.524591
6818.233263
6965.716014
6926.848254
6756.948870
7002.220924
7261.954876
7304.415390
7541.878538
7840.875086
7564.605495
7466.872417
7444.416185
7524.114349
7749.073499
7814.500346
7783.678491
7806.357561
7415.472525
7077.862112
7368.271638
7530.156766
7399.052019
7201.289947
7108.788251
6740.373268
6675.917463
6801.240408
7106.212514
7240.996486
7181.817661
7051.194667
7024.296795
7212.517357
6928.311566
7271.943302
7409.575370
7505.540175
7362.309257
7315.358438
7067.583057
7245.155038
7686.543080
7823.851967
8163.598015
8606.854942
8760.203419
8070.930185
7737.587722
7635.221593
7420.254638
7373.695394
7709.277188
7961.347002
8071.568835
8104.281814
8126.083040
8081.531610
8214.421938
8154.813243
8028.142861
8125.616125
8140.146649
7867.884077
7820.626514
7910.918440
7762.281286
7700.764927
8046.538903
8189.672689
8198.008199
8007.582290
7800.685179
7651.389759
7542.937061
7494.279838
7733.038741
8169.068581
8082.996320
8130.056621
8214.304802
7977.210309
7682.363785
7669.914835
7799.020200
7903.178941
7799.135842
7527.092296
7201.966631
6763.888768
6287.263914
6583.702886
6983.458999
7235.192628
7502.691101
7686.747561
7498.508702
7394.370269
7772.595768
7698.900921
7664.046869
7712.498306
7692.401184
7550.863394
7607.964466
7689.853432
7344.491250
7117.450717
6846.964619
7014.990522
7068.057887
7320.785366
7423.044916
7613.323809
7717.602597
7748.320985
7759.518844
7837.316676
7667.435557
7333.868905
7135.519011
7171.011133
6831.247560
6694.439664
6573.292817
6454.991185
6594.762027
6965.026861
7071.405171
7259.252402
7623.319663
7698.990396
7843.958028
8124.721959
8050.916351
7733.219520
7481.385782
7425.673776
7550.573053
7698.042379
7961.908736
8285.140003
8664.010293
8502.077744
8488.126628
8749.406551
8353.217234
7856.026301
7949.915506
7978.765674
7939.869067
8272.029725
8302.827557
8253.718570
8368.693480
8245.422992
8216.969586
8374.701900
8216.969767
8243.751203
8384.248104
8377.962601
8496.722375
8613.295365
8461.383647
8197.911878
8118.444594
7909.423556
7999.810658
8120.351883
8355.579210
8302.258159
8375.984514
8562.064690
8594.523634
8541.761973
8732.272892
8662.901922
8474.299720
8575.030141
8572.525189
8535.140194
8846.133699
8991.802060
8815.359120
8788.426382
8538.192886
8196.904045
7987.699482
7962.794641
7787.358419
7683.261227
7748.558284
7818.975047
7961.702323
8399.007261
8769.227893
9021.087383
8931.661297
8836.772734
8581.282045
8465.709982
8173.464747
8298.206174
8355.578985
8071.208852
8009.052298
8017.192646
7722.723941
7665.301886
7718.280253
7747.391252
7814.523784
8013.393159
8019.562312
8283.320563
8875.415560
9042.851523
9079.715896
9057.347625
9192.570101
8908.775767
9029.180175
9193.017740
9102.991952
8914.315577
8910.459416
8824.188327
8763.016648
8816.013552
8988.148633
8932.579263
8791.746309
8998.496288
9153.518428
9067.415157
8939.308604
9237.434302
8977.892293
8787.788694
8869.960470
9022.262860
8893.298233
8891.522245
8891.522245
8903.598036
8507.229315
8136.914453
8228.548012
8543.694059
8529.542125
8922.028703
9310.783265
9504.881932
9422.789465
9328.904790
9280.242936
9136.857146
8889.065775
8995.202491
9195.823947
9288.757293
9309.461679
9208.894169
8804.059289
8742.439722
8931.669002
9145.575133
9516.361855
9972.560144
10154.207577
9919.395749
9635.476028
9536.837624
9497.970435
9242.503869
9492.900834
9838.590361
9527.530612
9480.684162
9506.898528
9301.191579
9004.136780
9028.940200
8926.020441
9016.504058
9185.058862
9093.177919
9045.987660
8958.152699
8567.307695
8026.549514
8134.466604
8411.129325
8609.906260
8924.562863
9088.251526
9152.375385
9153.834849
9025.197203
9025.197203
9268.964146
9526.667320
9485.954021
9142.113136
9100.968234
9209.428244
9197.523991
9457.388051
9905.309041
9999.370684
10167.850835
9932.749374
9562.554418
9504.992694
9360.357371
8967.733137
9096.315987
8965.639880
8863.043193
8649.834404
8450.826122
8369.451803
8733.078792
9072.765626
9306.121446
9598.558144
9580.584267
9473.787452
9256.983761
9228.610612
9233.054405
9406.586936
9518.837036
9244.795217
9197.991804
9012.052505
8661.963542
8563.480972
8745.782603
8905.476689
8973.883208
9074.382974
9223.774448
9649.561734
9953.878203
9976.623261
10098.793480
10056.004612
9644.840312
9315.292543
9272.931154
9162.740740
8892.662992
9216.142739
9353.133245
9703.485530
9887.313745
9927.662834
9891.551292
10026.177521
10023.871341
10173.982035
10521.600120
10357.543310
10142.769901
9635.663614
9189.199557
9031.807437
9252.715883
9234.524060
9400.775792
9600.782301
9619.771555
9111.902947
9355.605609
9854.588455
10105.542497
10349.052900
10965.167292
11012.665876
10817.569280
10706.970659
10312.638158
9868.159255
9436.281492
9070.806238
8860.072141
8935.651049
9252.573334
9596.870260
9884.295291
10332.238164
10754.693817
10596.492582
10490.620449
10244.343441
10174.407412
10236.105578
9925.365809
9573.084812
9586.450681
8956.415022
8391.256466
8937.965195
9469.579030
9715.921968
10237.483467
10508.183619
9918.222828
9558.104044
9642.270245
9755.096061
9707.859682
9996.478521
10083.892977
9811.735351
9283.876764
9214.965765
9723.949084
9715.807336
9943.595817
10179.225961
10246.937973
9641.290516
9704.429416
9323.832945
9206.509397
9219.304230
9612.141428
9575.048354
9976.537803
10015.223423
9847.092509
9548.425919
9778.281650
9859.470195
9982.141895
9915.198719
9904.765627
9726.704384
9562.933874
9734.364238
9876.153153
9943.131723
10037.369982
10119.528164
9969.772342
10018.692894
9935.252291
9947.485688
10014.203134
10338.971841
10279.544307
10259.308701
9864.860125
9494.673532
9134.374200
9539.380353
9613.175034
9795.292462
9961.460269
10006.602972
9756.811866
10061.592091
10614.021393
10678.310093
10539.342235
10135.854572
9839.232508
9111.090548
9124.841486
9311.013365
9433.269021
9453.977394
9586.780584
9615.591731
9075.431443
8908.085154
8784.748908
9223.346943
9280.552391
9779.841784
9869.768948
9943.246233
9736.778085
9284.400886
9024.963348
8924.589960
8793.267915
8773.197810
9422.489181
9481.819178
9561.846132
9876.735993
9892.868831
9389.762851
9313.968939
9594.247648
9410.742013
9504.690889
9325.133537
9261.052859
9110.179097
9431.491856
8934.036646
8903.169164
9062.684726
8780.654075
8551.776262
8713.301744
8970.150074
8982.592635
9500.177285
9573.481279
9639.225121
9565.534248
9345.290360
9128.041246
8821.432692
8878.580617
8995.720753
9182.019509
8924.489963
8924.489963
8666.383200
8491.712402
8417.855697
8432.062300
8233.949957
8340.395416
8457.658312
8353.348127
8404.505347
8476.459908
8556.181021
8416.180698
8381.363728
8432.214041
8313.589432
8105.069528
7949.970462
7987.199555
7853.959920
7890.696193
7780.565156
7836.106997
8005.538171
8199.756459
8183.609544
8083.091571
8123.352817
7979.672871
7695.435530
7699.608660
7916.655901
7969.488681
7969.488681
7842.782345
7785.760466
7673.222497
7522.403334
7418.352825
7657.552869
7813.356335
7743.735522
7716.874244
7663.797852
7607.996578
7622.572938
7810.733923
7924.020261
7801.008926
7846.493875
7650.128957
7316.267863
7005.911980
7202.294133
6903.188974
6840.091271
7136.364435
7557.585124
7643.309510
7847.491156
8201.784635
8665.866493
9047.195010
9746.597635
10664.984933
11408.074657
11964.525113
12290.315044
12374.191407
12580.761670
12783.348655
12582.603569
12576.299121
12502.566769
12367.544711
11712.896439
11113.483346
10546.680446
10077.552784
9099.769757
8731.704252
8617.385480
8541.730502
8150.884693
8130.174698
8138.794909
8187.701844
8234.239557
8449.303817
8684.014603
8388.133622
7980.181615
7439.899265
7179.891796
6754.087572
6799.263381
6926.197499
7154.437975
7099.257198
7225.986063
7086.983876
6960.106368
6931.279687
7162.562185
7354.952467
7595.916545
7614.210881
7563.642547
7166.911620
6753.410723
6467.348929
6520.399569
6631.305722
6974.880774
7150.604942
7373.687938
7257.224506
6993.552755
6938.060143
6917.789202
6743.947983
6645.266249
6492.844848
6007.699699
5956.909232
6173.689524
6635.569396
6793.169169
7323.330869
7290.452973
7043.112931
6791.475125
7092.638982
7143.715292
6890.057592
6974.215577
7027.432284
6683.832249
6785.909114
7207.400298
7395.655756
7506.110134
7878.518047
7565.433040
7606.512849
7536.628358
7477.617787
7125.527466
6922.365851
7069.854650
7158.049044
7047.149185
7091.521998
7236.802681
6970.950503
6700.405192
6496.664541
6372.242246
6302.728111
6171.939212
6280.298634
6521.322651
6825.222326
6747.493729
6792.457616
6868.077300
6958.391399
6918.125767
7129.017047
7398.824524
7400.941767
7208.650529
7188.616739
7295.180836
7053.486701
6988.525258
7281.105143
7429.286382
7474.293856
7658.517617
7854.891488
7716.059379
7412.034110
7211.734864
7113.276639
7076.614823
6950.059506
7133.687467
6882.207771
6823.079102
6712.595168
6918.657406
7251.057849
7771.158929
8016.636968
8145.439824
8159.585825
7916.105973
7797.588369
7668.307586
7625.722077
7420.806890
7336.621450
7410.237714
7477.892039
7279.363505
7156.960200
7238.623683
7136.312656
7125.985986
7121.752660
7404.410728
7187.235941
6988.758126
7175.043486
7445.119060
7363.451500
7283.067886
7502.440941
7424.884884
7385.412528
7613.065994
7843.238175
7814.500887
7593.947217
7502.029060
7350.718298
6931.455411
6964.607661
6606.518096
6174.462032
5877.874847
6283.610625
6303.842960
6736.041056
7183.565705
7447.623738
7361.268450
6915.335247
6728.918903
6818.685673
7111.651055
7273.353404
7529.032028
7629.195838
7586.621103
6970.715855
7017.339238
7184.897833
7111.377998
6933.228769
7295.365055
7328.568512
7574.319109
7570.128658
7568.069943
7715.629222
7879.294734
7962.668627
8194.295297
8403.234320
8349.539281
8265.219508
8089.545644
7993.499233
7944.187950
7932.088198
7961.347728
7854.558060
8102.166930
8329.470265
8292.204606
8104.154926
8140.762568
8261.780943
8212.517676
8267.833477
8540.557816
8241.767074
7846.850669
7711.684656
7562.346352
7332.042450
7669.351314
7912.731373
7986.951414
7984.097584
8133.094940
7969.201425
7729.927578
7709.351354
7727.808559
7583.945275
7968.616659
8451.057231
8498.116696
8594.269284
8576.504789
8155.051224
7813.787148
7770.817781
7566.002651
7402.244609
7340.573127
7314.279485
7185.355834
7365.129082
7556.065601
7732.149361
7594.812683
7340.804408
7121.887272
7128.881740
7282.104532
7587.092278
8114.585079
8378.749935
8316.974414
8108.420800
7768.404398
7603.125268
7840.118968
7866.426850
7911.796072
8330.877208
8421.055559
8109.948516
7937.142295
7918.896281
7808.339337
7775.862851
7612.340839
7873.557678
8100.709237
8197.012626
8360.752806
8730.885052
8735.091996
8548.477062
8213.790142
8110.555827
7842.970851
7723.352811
7868.823294
7903.315349
7723.352811
7999.893785
8099.842048
8209.774989
8393.947938
8547.506646
8547.506646
8465.268688
8088.956432
8094.930152
7966.644778
7773.592777
7722.947636
7837.516961
7722.947483
7722.947483
7857.983184
8168.196732
8329.842075
8221.483591
8354.308673
8446.211908
8320.158447
8340.696211
8743.695476
8925.272909
8823.693339
9080.376134
9460.785354
9387.455201
9339.438127
9337.507451
9049.263201
8720.228177
8560.348792
8648.644110
8897.683177
9003.892721
8693.077615
8782.850531
8543.528014
8312.884887
8492.029385
9044.367334
8870.642256
8807.142010
9013.504462
8763.202450
8528.206417
8792.008717
8777.411366
8452.188967
8705.173586
8752.254546
8606.168660
8823.811415
8901.113134
8473.582070
8261.160030
8318.301345
8229.991448
8256.283653
8362.925418
8253.036186
8045.970650
8115.300474
8160.205873
8169.473116
8337.045700
8660.469367
8652.168068
8677.103484
8798.810098
8432.184614
8234.156694
7892.280363
7523.986324
7346.940766
7725.383181
7506.352246
7567.950192
7842.035135
7733.054208
7802.940893
8128.457275
8825.305713
8936.244291
9244.303806
9074.503860
9023.303032
8544.480693
8409.908196
8163.749561
8306.905435
8442.000987
8474.488116
8263.422357
8184.237142
7820.002920
7467.412409
7316.615314
7472.189951
7846.867867
8398.905402
8932.900458
8973.717562
9223.688283
9289.739913
9228.780305
9013.628791
9209.675854
9071.092203
8547.877870
8388.964788
8411.114091
8568.625542
8875.661345
9248.009531
9184.548766
8983.875745
8763.014530
8537.767671
8535.797032
8609.770303
8690.696204
8605.113245
8605.113245
8561.000622
8525.812593
8589.263166
8616.290650
8419.543100
8227.109428
8059.181115
8171.549995
8306.773686
8454.233444
8872.534012
9116.679900
8995.282388
9057.223721
9188.064514
8932.900458
8870.082954
8932.900595
8949.447488
9078.505193
9065.033393
8960.540920
8709.253428
8320.270752
8148.590805
8454.433250
8699.936011
9014.524785
9370.880012
9378.873570
9363.273515
9332.768694
9241.052121
9298.161002
9124.426751
8851.373730
8757.580217
8763.400235
8896.812106
9127.564679
9198.546534
9538.334723
9456.724331
9202.923695
9153.624005
9224.225038
8954.309232
8911.152017
8752.254424
8128.258675
7653.745453
7398.215117
7324.363800
7584.333192
8142.547496
8342.176927
8226.025854
8342.176927
8221.513516
8133.434634
8308.849421
8875.548612
8891.679443
8860.989985
8992.455358
9134.079706
9008.876218
9489.528429
9460.973318
9283.260383
9525.061954
9688.797307
9355.144926
9492.253512
9723.641373
9459.431668
9439.026701
9338.541495
9134.242555
9020.012636
9046.190901
8759.863818
8886.939872
9154.165561
9195.498533
9140.164266
9140.164266
9201.510725
9328.244261
9518.320383
9502.936796
9388.423604
9390.245461
9087.791850
9215.089148
9496.034518
9921.339141
9643.449398
9715.271327
9500.349625
9672.649751
9697.610892
9871.663931
9907.977479
9666.786146
9281.128113
9219.793994
9541.022227
9838.032276
10260.912150
10409.764381
10483.505136
10332.053159
10163.885679
10348.695812
10521.519993
10345.085919
10275.924494
10478.060910
10478.060910
10491.289308
10755.645970
10788.247226
10465.434326
10176.314900
9935.031975
9695.864686
9615.609894
9572.947940
9491.325036
9721.849153
9598.611527
9277.715825
9378.177567
9551.820744
9480.853001
9783.579086
9914.889895
9685.316576
9294.280239
9252.347742
9037.432520
8888.379821
9134.084227
9581.613547
9500.036604
9260.309594
9596.356497
9651.176608
9487.408653
9350.270039
9728.870708
9812.261311
9744.636887
9702.369025
9805.844369
9593.196134
9428.129173
9609.722065
9586.996689
9443.497554
9518.601911
9805.108458
9707.384509
9657.851016
9421.192185
9557.843345
9487.967905
9389.932438
9353.430197
9563.907418
9394.033735
9277.715336
9316.389985
9392.286475
9387.888358
9303.648790
9393.755644
9250.646895
9180.954933
9531.261423
9887.155893
9842.426022
9855.999628
9883.198701
9761.094995
9350.121556
9354.286339
9538.263753
9882.199459
9924.558619
10206.307293
9936.013138
9588.035643
9146.333134
9414.872796
9422.728129
9627.821983
9788.903345
9905.659983
9575.528834
9663.718573
9780.085251
9892.575022
9884.206157
9835.526557
9798.917370
9581.764264
9514.683181
9487.622276
9332.648743
9140.449530
9201.845841
9430.984785
9879.332142
9901.239047
9884.515643
9962.046772
9620.872245
9167.075192
9525.860354
9675.312862
9670.883667
9737.825265
9740.211177
9473.733875
9696.831521
9984.839027
10040.565340
9717.170066
9641.695560
9535.484459
9502.469418
9455.879469
9428.932014
9351.361812
9371.634161
9118.124328
8870.784366
9285.815722
9569.221916
9522.501581
9105.462044
9195.341330
9050.255404
9061.641307
8596.633619
8866.430526
9220.350764
9689.346843
9487.378433
9833.174344
10115.968777
10074.566989
9865.719188
10083.105639
10211.929872
9942.354273
9446.759897
9109.470189
9027.422077
9021.264139
9504.201583
9950.144562
9911.096501
9689.523461
9355.756287
8889.407222
8611.345204
8709.677130
9139.737639
9702.466540
10193.007613
10316.032247
10656.212140
10657.418137
10441.178631
10233.875658
10485.086495
10160.772542
9608.466065
9160.423395
8768.179681
8407.960763
8219.767761
8525.448026
8908.230952
9120.854070
9070.133528
9143.289803
8983.737085
8817.951191
8699.721869
8773.074400
8910.378557
8945.583490
9134.059438
9301.601740
8992.850037
8802.353346
8871.040038
8678.389877
8377.995407
8494.431806
8603.591225
8414.948157
8398.418148
8320.390462
8363.297590
8243.148656
8533.075521
8064.495162
7669.705576
7737.536452
7813.446358
7473.966229
7471.897380
7969.023111
8052.685801
8091.897786
7990.045198
8210.372001
8106.033151
8088.292389
8487.228650
8320.495784
8124.601972
8138.876686
8068.890955
7680.714108
8061.744961
8202.769407
7969.356908
8032.627067
8041.205082
7806.291497
7765.531098
7886.094588
7826.376487
7374.388510
7283.161516
7324.504000
7342.670326
7068.709716
7206.233040
7340.848569
7281.814424
7138.665576
7157.415766
7146.813302
6889.809625
6916.435322
6873.631453
6889.809625
6867.232229
6931.355710
6858.060347
6921.466342
6837.504363
7039.613537
7210.538494
7261.882999
7245.791292
7296.441898
7239.177990
7254.853436
7240.387076
7125.858747
7205.944962
7078.774029
6892.846781
6833.080485
6894.639531
6999.090632
7146.233826
7372.552470
7540.228744
7889.938621
7971.852798
7900.485725
7924.670699
8186.415238
8473.150961
8970.241081
9432.697943
9240.067507
9078.608400
8855.644621
8276.217151
7983.808711
8119.228312
8092.621133
7960.002826
8025.050463
7810.055958
7424.692313
7365.102185
7473.744571
7483.866049
7220.107019
7503.447756
7595.625494
7403.521861
7208.967804
7569.002311
7542.356175
7274.397707
7149.783060
7155.986220
6963.932854
7036.769184
7251.190084
7282.081902
7249.625749
7554.279860
7592.078904
7328.205649
7215.555830
7297.132174
7121.303890
6766.708133
6775.194205
6695.442452
6670.410930
6744.411521
7028.038270
6911.502658
7017.914622
6983.278944
6911.502658
6873.856679
7118.998825
7139.767200
6937.227278
7017.107186
7149.912221
6947.373112
7125.666283
7460.898298
7276.982855
6890.639917
6716.931675
6540.771675
6418.707316
6540.771675
6607.528487
6869.532269
6896.344990
6591.528238
6358.293108
6291.927916
6236.361821
6187.323181
6580.386058
6823.896350
7038.544643
7104.003137
7193.955515
7028.321431
6946.655885
7046.343873
6868.209999
6694.540638
6937.780922
6721.567279
6446.236723
6709.789521
6697.753635
6597.409069
6757.027812
6768.377189
6680.625457
6631.279296
6387.707466
6657.871717
6873.174856
6829.663444
7036.475522
7220.472562
7011.908555
6902.952269
6993.357231
6890.520282
7001.394574
6846.019369
6824.048831
6753.900165
6815.858468
6742.132011
7003.646870
6994.757212
6946.044067
7011.463462
7066.639466
7262.834897
7174.445867
6998.484714
7282.418488
7149.783060
6845.103125
6833.672630
7093.917938
6776.584090
6404.310410
6039.919881
6319.132008
6247.715113
6016.740422
6533.885372
6855.465409
6842.070872
6919.630404
7247.265108
6917.771876
6811.355500
6647.670656
6571.785912
6653.425064
6964.714245
7065.071439
7009.365029
6667.764286
6371.074825
6117.358832
6338.112767
6460.264820
6949.375330
7325.215008
7902.424271
8043.912524
8222.832933
7928.141559
7672.869484
7312.881014
6592.345828
6266.729816
6588.141190
6557.175740
6590.447260
6935.934299
6909.101436
6422.325462
6307.863763
5912.700326
6000.886037
6298.044997
6698.655195
6770.514553
6958.908883
6610.817774
6325.008778
6186.119254
6233.351263
6337.469950
6560.449812
6737.596007
6747.918457
6610.655266
6686.520357
6966.782689
6740.473425
6785.684166
6804.315832
6544.728749
6360.190451
6298.216137
6306.476459
6455.702116
6613.182170
6580.608280
6770.912127
6560.450016
6239.431928
5891.093293
5766.704368
5886.625289
6215.782826
6501.886844
6428.308368
6452.848631
6330.752157
6155.381737
6237.075245
6746.397886
6509.144253
6260.938238
6031.684250
5929.163100
6164.610392
6629.193865
7050.566535
7526.910495
7745.687549
7410.199106
7269.182249
7209.107491
7090.475785
6898.246902
7059.977577
7315.741584
7565.943714
7439.480624
7334.650576
7277.843931
7240.766198
7176.530519
7604.129127
7837.361176
7769.726472
7489.344719
7290.150107
6928.086315
7071.326684
7083.452458
7290.150277
7301.212357
7409.766790
7282.396141
7247.784597
7061.619415
6952.891200
6903.897054
6828.176292
6675.098540
6666.811134
6744.377707
6705.253585
6766.680299
6797.917654
6868.992090
7143.802610
7336.110081
7299.473680
7634.949758
7317.715543
7056.260894
6710.215252
6549.180977
6233.903938
6213.422145
6000.674282
6274.877727
6364.803404
6669.760774
7305.850625
7693.559844
7781.594915
7593.557299
7466.692386
7515.833274
7435.791472
7317.135480
7583.344393
7446.479775
7268.497135
7529.642757
7785.590833
7983.794322
8380.935543
8362.255448
7948.181256
7545.005242
7340.256837
7252.165519
7545.005242
7881.858354
8096.149107
8055.687607
7967.995391
7529.800133
7219.806706
7133.650473
7102.942850
6873.927133
6994.507608
7424.659398
7528.778786
7909.351477
7946.271765
7956.096385
7668.250151
7470.247536
6958.637573
6858.331667
6762.202116
6314.241544
6175.059398
5945.873155
5845.788767
5702.462734
5815.523722
5895.505567
6216.808734
6538.002508
6684.920847
7000.105380
7008.255565
7052.922260
6787.304132
6973.539990
6971.029893
7116.533663
7142.609046
7557.828705
7471.507259
7424.745389
7442.856497
7491.947138
7170.877170
7168.702632
7046.806537
7045.025857
7032.248178
7312.975934
7396.976609
7653.784584
7813.638563
8067.317431
7739.709514
7512.973560
7603.706618
7509.791394
7220.805291
7546.030947
7918.642267
7993.931197
7895.613925
7908.422078
7795.098154
7502.745694
7516.218434
7371.514850
7281.173592
7360.866805
7393.859669
7189.547765
7433.184988
7586.671250
7496.465933
7530.901274
7633.152231
7595.952313
7540.993000
7355.028511
7164.876903
6869.804067
6540.362286
6565.355563
6994.597968
6994.597968
7085.528483
7136.637750
7242.781054
7333.158882
7531.200210
7580.353429
7815.006018
7522.986307
7236.555540
7001.350609
6706.432055
6516.522627
6501.860152
6497.956761
6438.750371
6779.883495
7156.619887
7466.973662
7191.291223
7447.002950
7442.446646
7341.608484
7393.729452
7808.554727
8025.597690
8402.611815
8416.394909
8533.074568
8633.170706
8435.037968
7938.671884
8153.354214
8204.350931
7987.512265
8018.257151
8184.521427
8133.354903
7982.320208
8100.754839
8090.387828
7979.396818
7685.020680
7461.652215
7451.562075
7404.815906
7466.754257
7558.912747
7429.870827
7293.034886
7219.446074
7359.086999
7428.279620
7678.022834
7895.018414
7841.765006
7717.501414
7903.500561
7954.770950
7770.887570
7969.134362
8100.307585
7621.038451
7471.896258
7075.246099
6870.318845
6524.480810
6716.739280
6659.769020
6929.639169
7584.557720
8109.708705
8447.091284
8872.431409
9097.548422
8676.750869
8547.722079
8482.774993
8320.494844
8459.851347
8587.017363
8701.980939
8677.471416
8505.641413
8302.858613
8252.576490
7983.707513
8245.301216
8566.866798
8681.469209
8755.039743
9144.774052
9022.142032
8960.725202
8651.739376
8253.232854
7647.941074
7419.070430
6805.072397
6540.725117
6553.674242
6540.187054
6217.109824
6479.317413
6846.859771
6851.070595
6901.970311
7082.069878
7088.335449
7096.360751
7398.981715
7636.569780
7612.223557
7685.261682
7744.889633
7568.467031
7466.598836
7636.364707
7801.949234
7717.853060
7716.238483
7487.479018
7506.135845
7377.291822
7577.444559
7858.004691
8050.911310
7872.871790
7590.503859
7265.080905
6899.047013
6759.549635
6788.216149
6955.823389
7129.648566
7413.801978
7522.647895
7485.898738
7504.108358
7455.233028
7132.222775
7171.673058
6975.336795
6883.244997
6906.184633
7001.790684
7236.839644
7273.670973
7177.477964
6911.669136
6817.660687
6669.330272
6867.499768
7207.152515
7321.647528
7485.422953
7243.394250
7139.520999
7198.878538
7329.543861
7503.336104
7727.445449
7752.190269
7547.416823
7545.304827
7506.350888
7756.593644
7934.954189
8057.910497
8072.098227
7922.889574
7721.131779
7559.275217
7350.820660
7446.973877
7422.305117
7539.916638
7742.148008
7934.652249
8092.190488
8073.573803
7938.628789
7870.748284
7785.140616
7637.695775
7559.812611
7140.954365
7309.079647
7380.086188
7324.965339
7394.828104
7580.811300
7087.955428
6717.264546
6748.313215
7065.699632
7165.226313
7367.309498
7732.168690
7668.344394
7496.587615
7390.231273
7363.735241
7060.659099
6974.910116
6634.960086
6632.904197
6874.246929
6866.382749
6763.914033
6976.848023
7118.501549
7128.906070
7824.353005
8381.000982
8775.567205
9050.637702
9121.937994
9029.821630
8940.189035
8423.968036
8327.188619
8361.777220
8260.163820
8335.114736
8782.951311
8422.188784
8049.871659
7886.059045
7526.039491
7394.981084
7813.896503
8314.850861
8675.293835
8618.131159
8638.712252
8077.588136
7492.607707
7160.686709
7158.924726
6829.515096
6769.998597
6864.045977
6497.788170
6479.730698
6423.951759
6663.309883
6790.475385
6765.754902
6675.479025
6739.022183
6927.667270
6853.856890
7201.872110
7487.845675
7727.445289
7915.984397
7819.760005
7607.019766
7258.900489
7009.574970
6878.954350
7095.736112
7513.248634
7850.538318
7919.965923
7911.344050
7747.574620
7479.213046
7158.427156
7223.838183
7183.750653
7433.581051
7695.049912
8069.153825
8255.405122
8323.844922
8201.488000
7847.273524
7636.855345
7465.278142
7250.028932
7356.189187
7720.528989
8159.983625
8532.716449
8763.111686
8881.808061
8744.971488
8654.743831
8511.589319
8444.886043
8068.572883
8240.735036
8246.305463
8113.791974
8210.672803
8423.438426
8276.277890
7903.878415
7484.885652
6973.081555
6818.959057
6784.762310
6983.342031
7519.278983
8026.682320
8297.061858
8435.680575
8552.452729
8343.532313
8248.027430
8125.640530
8051.975335
7824.915804
8170.666091
8126.111319
8022.144318
8126.111157
8343.123422
8124.572759
8398.908126
8417.352895
8045.188530
7943.083328
8006.506702
7862.368490
8044.548579
8244.747346
7786.683323
7559.409544
7364.475659
7219.413082
6918.276518
7004.131695
7231.843966
7417.939942
7523.839448
8109.367498
8516.563206
8432.110752
8521.055850
8629.180470
8443.404103
8476.395610
8531.311987
8431.728154
8216.819775
8188.010326
8038.608274
7873.055840
7702.557828
7624.473388
7450.701776
7182.798367
7043.698692
6629.284109
6336.955034
6125.632730
6193.043139
6426.827786
6967.249634
7239.476982
7486.863484
7472.759699
7585.507314
7436.263077
7398.094480
7230.338591
7148.705253
6997.075635
6474.050056
6245.104587
6211.959139
6320.155312
5983.064169
6404.109920
6684.276572
6537.248171
6594.342447
7134.100298
7360.524361
7339.900660
7654.879803
7865.530471
7472.954642
7362.162417
7290.484408
7136.894174
6936.652910
7003.852947
7021.955988
6944.174977
6951.941898
6915.512619
7197.751993
7029.184839
7264.526119
7264.526119
7377.108027
7254.488694
7347.255373
7294.301835
7165.375199
7071.405950
6921.892479
6877.925945
6622.074685
6715.944016
6742.868838
6474.608410
6678.484312
6794.691155
6743.987087
6917.818790
7318.904791
7376.311700
7595.310497
7943.234719
7836.962930
7834.951662
7969.566698
7765.511802
7828.650144
8039.135485
7898.074896
7506.020555
7563.169380
7667.581464
7732.884203
7902.783381
8219.897021
8283.184409
8215.758547
8019.421142
7955.575712
7928.958649
8152.385538
8271.207396
8483.596488
8653.815852
8604.810627
8408.620295
8193.604481
7919.446891
7831.494283
7962.134225
7557.438952
7405.726516
7131.894284
6642.803570
6245.951117
6238.064480
6221.375811
6571.516255
6726.585381
6753.234593
7009.169370
6896.653965
6966.124253
7620.651835
7724.919257
7865.856072
8167.066889
7948.162497
7497.819473
7783.571230
8159.897675
8295.204978
8493.515667
8579.547066
8333.512269
7887.550019
7685.029480
7697.369033
7562.260002
7460.510931
7785.744613
7900.496515
7858.967578
7857.338247
7852.710710
7840.598110
7918.339570
7883.352224
7650.574532
7539.638477
7324.511508
7171.200439
7038.170313
7390.163616
7612.145700
7803.967591
7773.041849
8084.086777
7924.886844
7913.333454
7946.471208
8114.128202
7780.794851
8126.145405
8219.614738
7961.833346
7972.065398
8325.412564
8289.116873
8550.716516
8971.756985
8839.289529
8516.353057
8349.758089
8002.084852
7435.466293
7351.437959
7860.884401
8200.567637
8271.475670
8459.730239
8834.050198
8535.548984
8449.641441
8593.707288
8650.119323
8460.303254
8358.096521
8102.691325
7570.761975
7353.667834
6705.092652
6390.558113
6050.738212
6190.488983
6266.069854
6622.118361
6984.074006
7528.036451
7765.537723
7398.879344
7225.214363
6867.242262
6173.748298
6091.415107
6400.152352
6662.283486
6715.715189
7253.842547
7419.860737
7540.610591
7403.633928
7372.918304
7309.428689
6886.078178
6505.628258
6280.653132
6370.696235
6530.084045
7133.198065
7474.501015
7853.054801
8217.299701
7677.299542
7262.642118
7256.687270
7324.157366
7205.797222
7620.651835
7780.553939
7653.405738
7410.075195
7408.176795
7346.768712
7333.315811
7640.136500
8008.427592
8014.614326
8057.781149
7924.683708
7787.390197
7881.628907
7703.772546
7708.384384
7944.528511
7920.120679
7576.574243
7715.989021
7852.710296
7961.624187
8190.087629
7978.000418
7752.816648
7372.446275
7055.286263
7010.267850
7265.474428
7425.282364
7836.704618
7831.936303
7545.327490
7620.892005
7300.039011
7034.001302
7211.284986
7213.159103
7102.779988
7604.094641
7591.807234
7110.973249
7059.846137
6873.726547
6493.078333
6679.287941
7200.206067
7402.654513
7919.990690
8304.715072
8306.798056
8067.680882
7991.574681
7537.379908
7235.100949
7138.658739
7280.659616
7229.108870
7196.573601
6994.092846
6715.834685
6452.002525
6409.403389
6580.963153
7190.860957
7649.021967
7712.986164
7864.631976
7793.027714
7416.642249
7318.322084
7418.320432
7201.504809
7125.707560
7346.655333
7563.195097
7729.336399
8028.210626
8196.338377
8154.858207
8048.490565
8150.612886
8205.286243
8238.748708
8334.565495
8309.903461
8026.561163
8065.201896
8030.467866
8073.478208
8365.709299
8569.911827
8412.382247
8477.579110
8622.654890
8129.980725
8052.417305
8128.491323
8023.782420
7717.117330
7733.069389
7571.486223
7575.778274
7364.910242
7309.617646
7119.228403
7190.684316
6828.149350
7114.770155
7108.470868
7378.638901
7501.024129
7659.364680
7664.202275
7547.682045
7650.264724
7217.760383
7359.082692
7096.792891
7180.813448
7143.908111
7620.521651
7587.611018
7931.613172
7876.360432
8029.683171
7923.598186
7927.343878
7643.237290
7682.024714
7460.957902
7419.066889
7333.009586
7417.029057
7709.303856
7754.365970
7805.678797
8227.020676
8298.310766
8052.680881
8118.569397
8220.390752
8380.087805
8228.270109
8134.010673
7833.866981
7782.465975
7674.394134
7797.290294
7776.451322
7590.374753
7187.161743
6571.504830
6738.888626
6743.338841
7209.416133
8140.446168
8823.828486
8833.973768
8940.355845
9048.787661
8330.424140
7882.650909
7794.414579
7847.550926
7786.555539
8103.630476
8309.826537
8261.187871
8676.602990
8862.001104
9021.844212
8874.925956
8919.720747
8763.777351
8729.097338
8372.681570
8450.312404
8773.418240
8963.723083
9008.783312
9179.724953
9153.069014
9040.540894
8682.262563
8361.288908
8416.391461
8497.945833
8430.906040
8581.224859
8695.311641
8747.948855
8952.563302
8999.509386
8829.658646
8967.027700
8823.059400
8519.678606
8593.704951
8654.847291
8575.245643
8739.348334
8923.546316
8448.949893
8068.269877
7753.091347
7442.730858
7168.563205
7665.741198
8199.528628
8545.230185
8330.283388
8269.204713
8282.208594
8074.237556
8077.203318
8300.538894
8552.382586
8165.999154
8171.593789
8085.530431
8198.618111
8155.518949
8253.875269
8088.531417
7940.864929
7959.122407
8181.954642
8406.470518
8658.674426
8803.685324
8857.031003
8891.694248
9163.427143
9362.367410
9650.896435
9978.447140
9925.639109
9679.938307
9475.351232
9307.310022
9024.016816
9020.197283
9162.894074
9365.337575
9271.482290
9497.423072
9495.542131
9442.902519
9274.697819
9487.269383
9398.469847
9419.279491
9392.794191
9466.598759
9302.284838
9205.015235
9223.628648
9117.200192
9129.357853
9301.349549
9184.026554
9009.393385
8985.271113
8948.619302
8962.631720
9188.728024
9422.122208
9949.999113
10082.781151
10197.597002
10474.591782
10817.760106
10829.877383
10675.292369
10343.811784
10059.525835
9677.471221
9245.179557
9337.675583
9337.675583
9277.958108
9263.894552
9159.071776
9220.219839
9439.286740
9308.708986
9114.590656
9247.668484
9139.246567
8911.278178
9120.194846
8941.993862
8946.139011
9089.117480
9157.455992
8925.889913
9036.951845
8860.991429
8748.422411
8836.369010
8971.495010
8946.909569
9008.652919
9096.339184
9051.188745
8870.113957
9143.768985
9319.614655
9062.198754
8978.039529
9144.206429
8931.986267
8665.522938
8894.535611
9091.083281
9259.845333
9613.407529
9670.934525
9362.149890
9306.394541
9049.748942
8857.267399
9292.938975
9556.954885
9511.956010
9605.524833
9678.529478
9404.651892
9623.384958
9883.286009
9958.954166
10060.445344
10316.422403
10031.901025
9619.040428
9459.381535
9203.891316
8645.355503
8673.642848
8397.830184
8209.499731
8152.032636
7886.100493
7664.974229
8298.829530
8695.631017
8745.362520
9105.657050
9580.709153
9398.500564
9237.191494
9421.713902
9660.915431
9355.749081
9439.609050
9656.933147
9468.834715
9378.805398
9665.312584
9833.033492
9719.607723
9936.503551
10037.317642
10016.703542
10151.884438
10277.598601
10022.746705
10051.234076
9887.216517
9492.593247
9288.593753
9724.168023
10029.492514
10258.266462
10616.143852
10637.992211
10572.665889
10225.253262
10069.487159
9850.687638
10180.963977
10080.842943
10561.626844
10845.793923
11023.957791
10664.875372
10508.969154
10123.177242
10135.260351
9823.680997
9968.163540
10054.110240
10018.771909
9795.959986
9855.383787
9607.040063
9292.254583
9204.446847
9071.215165
9139.228204
9450.873783
9903.694252
9872.434135
10163.182368
10140.974393
10316.020679
10166.638901
10056.006335
9697.945517
9667.355227
9538.732024
9630.936444
9793.123301
9757.720991
9698.172205
9678.391190
9613.024834
9494.490707
9639.788645
9606.652224
9407.370289
9341.658405
9331.418651
9613.807823
9718.096073
9698.172339
9772.287030
9827.592061
9653.397825
9415.739609
9378.557587
9533.946295
9568.532751
9180.135982
9355.678968
9428.919734
9199.859569
9220.078696
9379.279992
9394.123750
9485.421139
9707.944374
9726.426347
9712.314546
9618.173325
9544.928367
9415.740287
9349.008665
9600.107652
9630.936193
9234.227828
8865.760725
8704.639631
8511.899986
8642.602602
9055.274326
9415.140414
9615.551747
9460.232138
9509.233389
9797.234334
9817.863993
9795.369691
9859.014508
9717.577705
9296.689272
9104.581266
8834.107432
8627.880017
8320.483763
8214.457287
8283.817655
8817.824681
9235.196501
9188.203810
9407.547375
9383.075880
9260.205319
9378.804927
9556.936222
9349.007913
9497.772997
9559.072245
9283.200264
9385.719211
9460.647978
9536.272958
9125.342375
9041.581540
8904.098114
8853.384864
8507.697849
8626.652296
8542.283842
8307.053944
8207.625699
8364.834708
8072.431783
7904.187656
8381.228494
8669.148268
8583.085565
8612.138635
8683.554662
8649.216926
8684.056840
8567.749793
8559.873013
8493.820517
8092.997254
7576.471158
7396.608074
7627.847003
7926.493197
8234.695887
8414.975668
8404.505804
8253.247926
7901.381829
7547.285111
7695.611152
7918.826144
7976.046217
8382.929960
8763.440183
8834.286467
8488.703593
8038.646999
7748.241531
7651.817346
7457.101916
7808.880703
7960.881974
7988.854432
7839.608473
7726.735126
7399.000898
7362.602826
7039.089670
6781.136904
6697.264832
6867.103419
6965.347020
7071.694211
7035.043317
6886.211015
6882.290362
7129.715000
7187.186627
7494.221079
7924.020435
7913.347357
7449.284965
7441.139863
7207.780000
6992.975315
6804.721328
7031.503340
7199.664386
7152.297542
6802.150415
6886.089471
6937.340221
6670.768044
6602.076574
6785.677794
6589.615654
6576.751027
6613.808670
6632.319632
6641.376891
6796.902560
6872.768890
6794.262632
7015.459149
7316.811130
7331.473415
7128.817164
7079.614368
7003.760451
7001.591845
6929.971838
7091.633879
7513.436742
7809.682372
7725.617208
7837.946708
7944.258677
8055.115075
8196.524597
8559.991913
9087.624201
9151.219804
9029.879191
8776.227316
8508.219609
8170.717599
8174.380579
8066.504947
8000.920431
8140.588932
7934.080479
7747.816358
7494.355603
7422.503100
6948.236844
6980.937148
7050.868685
7525.000711
7760.151422
7855.715729
7763.798640
7446.761672
7332.132366
7374.738090
7255.388192
7359.756327
7410.560137
7075.424256
6485.941675
6550.201826
6411.193571
6538.141963
6761.359614
7027.264918
6987.224824
6794.415880
6776.394938
6567.619696
6371.358272
6572.773177
6951.300665
6716.115096
6603.714687
6986.050538
6992.975315
6982.914309
6837.525943
6798.704452
6496.083921
6380.772782
6450.144872
6845.063855
6842.883878
6826.593953
6739.860184
6351.324876
6193.498270
6463.872942
6410.809247
6310.776137
6664.895665
6695.744758
6435.687483
6411.193571
6668.565593
6294.110472
6263.293169
6420.814535
6537.583306
6468.632735
6726.190272
6830.754339
6826.785525
6865.537865
6763.538106
6597.584251
6532.266512
6470.156700
6429.301426
6191.696044
6109.919311
6021.872109
5817.501784
5617.078005
5645.708579
5349.053363
5228.764613
5304.269806
5230.246194
5542.839608
5884.624858
5962.529850
6103.783974
6197.426442
5913.689193
5731.882728
5803.412253
5623.694832
5777.356007
5923.273114
6158.350765
6152.090712
6273.118290
6173.046101
6274.728700
6362.567330
6372.859324
6526.421094
6771.604448
6924.840015
6846.781960
6967.429401
6961.281159
6738.450193
6621.312233
6549.580618
6428.695171
6394.060734
6713.450589
6713.450589
6805.123457
6879.019904
6960.527110
6921.846806
6994.755099
7076.721866
7076.721866
7052.239555
6925.307669
6805.590431
6750.444778
6860.877743
6894.015874
6924.599439
6808.998254
6798.924055
6950.435359
6846.016693
6631.276089
6764.004232
6807.150486
6559.606203
6487.371197
6395.883946
6342.625022
6420.564295
6510.521831
6688.231229
6894.987807
6888.583996
6841.494033
6951.593885
6935.627387
6906.895118
6836.043358
6807.316103
6606.803780
6506.620233
6377.982135
6395.434561
6096.425542
5912.349870
5826.621736
5724.434846
5684.390819
6028.096967
6587.192680
6779.067107
7202.364097
7065.378757
6874.415750
6602.846994
6657.991758
6588.453372
6816.970679
6757.126729
6446.347481
6055.586390
5793.787269
5862.480986
5700.621795
5796.905774
5907.631008
5842.108898
5735.641610
5682.447450
5569.685890
5549.708663
5746.479069
5932.070247
6028.096967
6023.955851
6144.715103
5807.143791
5399.687279
5708.159703
5914.912540
5980.192638
6330.262052
6450.077341
6476.022181
6251.315414
6122.550953
6222.735138
6276.117765
6179.784593
6626.016903
6814.178821
6773.336549
6839.783239
6749.570125
6598.018706
6217.820086
6037.954142
5893.675632
5850.679966
5867.005541
5922.374859
5795.308537
5855.320080
5986.225381
5894.072024
5904.364758
6145.498809
6347.579117
6300.253541
6240.959273
6521.150770
6779.236486
6801.375479
7253.524418
7560.060107
7585.021308
7521.536238
7756.179591
7739.810211
7798.979998
7851.825595
7763.859175
7413.145251
6805.405971
6290.081729
6120.297927
6105.586005
5811.311012
6042.819263
6390.466519
6277.247747
6171.212360
6483.734675
6475.250020
6313.873549
6390.092291
6749.555394
6858.341685
7046.458735
6821.570781
6639.534132
6381.350652
6137.541222
6115.413149
6397.508515
6518.334388
6241.768414
6303.943008
6050.600734
5710.989462
5589.975346
5758.094613
5766.888175
5830.423456
6000.106996
6233.489828
6229.073681
6517.326571
6703.869474
6707.779705
6521.138711
6498.767745
6361.410730
6269.272195
6048.360886
6111.711648
6125.803130
6010.980380
5825.039742
6019.182690
6221.583115
6211.474096
6441.700426
6593.011414
6832.484965
6572.660678
6564.897698
6445.210164
6483.867199
6534.866628
6844.031473
6739.429033
6657.739355
6915.435956
6911.363933
6850.058983
7232.445218
7318.993515
7257.495248
7278.152195
7292.169883
7077.268931
7101.959808
6707.002159
6596.337617
6582.172176
6621.298470
6587.988652
6524.209297
6399.400100
6330.146396
6342.420332
6464.107731
6693.485962
6801.785447
6918.213417
6746.582976
6323.258920
6141.068048
6190.518345
5865.276670
5866.994027
6090.725955
5929.053600
5718.513513
5898.562896
6111.311083
6268.621979
6364.812815
6403.910779
6432.355272
6591.847739
6527.970219
6476.009526
6540.009529
6359.852460
6069.530272
5586.400329
5860.253587
5567.758254
5680.111415
5966.970979
6469.579336
6570.536971
7212.472937
7228.594359
6983.560295
6593.011414
6251.438398
5879.341335
6071.764287
6133.044992
6372.364881
6320.893302
6210.977331
6004.039431
5881.113750
5980.846691
6416.739997
6642.030288
6670.304473
6709.317253
6775.951154
6912.735653
7238.240221
7485.828075
7577.524163
7431.871933
7490.571870
7167.677550
7150.984507
7410.874249
7384.565644
7075.747008
7159.270877
7140.876579
7024.404238
7061.978196
7319.937388
7278.985250
7358.973301
7399.273670
7658.798036
7446.493640
7278.559083
7319.489431
7159.556269
6885.141058
7031.986362
6954.574677
6381.465525
6075.275263
5999.778488
5639.910132
5836.326788
5852.267187
6030.625138
6156.855224
6248.990251
6206.057538
6404.345456
6508.696206
6433.253838
6566.223127
6723.746862
6868.904244
7026.931211
7095.500878
7001.205882
7066.682481
7004.952844
6811.044637
6546.769717
6446.751649
6234.055209
6127.663784
6158.397886
6391.263194
6507.903495
6317.758834
6329.957028
6033.319580
6199.216432
5951.818293
6197.243741
6088.860991
6215.864292
5936.264113
5940.501212
5670.465416
5817.925882
5983.720547
5766.465049
5725.229253
5553.982741
5408.695955
5019.795474
5325.394899
5501.630005
5949.458312
6060.231282
6372.906108
6583.284236
6669.578754
6337.895558
6377.020284
6544.910932
6418.384107
6596.087493
7091.187653
6901.068284
6621.043744
6062.036133
5659.314804
5409.931207
5517.959238
5591.771244
6066.505349
6550.726760
6990.578706
7217.872773
7389.916938
7405.228523
6977.689448
6396.514840
6163.251411
5977.319166
5904.182951
6094.435874
6033.157398
5750.528309
5552.041038
5627.712857
5478.169856
5967.269090
6231.046133
6533.644896
6606.934205
6901.491304
6703.725543
6770.573553
6838.123714
7001.916592
6950.981913
6592.700994
6591.213210
6314.629965
6006.766961
5847.130411
6288.869342
6497.775989
6831.093579
7106.221193
7322.992483
7278.064767
7122.029682
6946.551134
6802.223937
6900.636668
6845.473690
6947.576648
7240.153851
7136.041593
7047.782802
7068.337656
7217.872576
6974.504714
7003.000566
6847.382006
6595.947637
6274.964944
6149.860797
6156.855047
6148.545020
6453.197092
6825.743405
7149.210123
7306.422146
7398.429073
7269.504402
6614.856083
6483.919269
6556.902272
6129.684757
6068.424731
6295.225293
6330.077197
6017.503264
6205.931138
6085.133580
6021.418773
5800.406461
5793.956369
6053.734368
6508.055968
6583.378409
6792.337027
6894.364363
6822.925130
6724.253746
7080.240741
7372.996313
7565.729301
7899.388243
7970.563461
7825.600540
7514.738529
7352.732040
6950.154677
6856.095822
6835.884160
6842.100237
6766.753320
6846.643854
6777.169965
6720.168361
6562.393802
6812.605895
6890.304356
6622.766028
6512.238167
6550.821817
6535.602969
6287.727918
6517.173481
6615.307715
6793.128372
6542.979725
6733.324040
6716.509826
6537.008430
6395.570864
6555.242237
6591.844355
6984.610243
7457.197734
7330.547798
7128.832146
6529.233723
5911.585920
5475.866361
5678.495544
5574.122458
6216.649179
6222.563534
6257.398656
6196.220392
6103.138246
5826.722363
5675.552516
5825.032956
5589.430337
6143.794796
6168.415499
6391.207673
6099.005571
6264.175310
6024.749274
5928.756205
5971.669000
5899.860006
5795.590997
5680.230992
5897.601646
5737.640176
6110.120498
6044.223291
6053.518688
5844.888204
5852.715812
5846.876169
5873.687002
5928.848788
5777.861579
5818.529193
5628.064457
5712.513170
5880.409005
6355.085120
6696.818126
6954.492904
7024.094824
6961.812291
6779.918214
6788.283247
6620.690246
6575.543692
6623.803235
6491.165030
6503.163123
6765.276645
6975.945503
7039.960449
7263.134545
7459.896784
7332.907388
7218.324080
6978.933279
7238.739616
7097.381293
7261.519539
7286.007347
7396.832199
7263.493343
7030.302715
6979.309221
6950.675252
7003.626979
6879.112023
7079.488801
7102.118459
7202.249349
7140.164022
7303.730821
7489.768674
7350.962642
7539.297139
7871.412714
7879.646732
7451.955801
7343.668573
6780.855430
6120.831186
5635.917415
5707.532282
5736.244655
5922.352005
6121.787341
6134.080435
6090.846999
6371.374749
6790.941184
6937.053271
7223.412578
7196.779211
6924.827118
6704.043920
6756.915939
6771.070377
6887.851969
6850.991210
6775.483762
6463.161987
6309.319255
5998.351694
5924.699357
5953.730586
6219.251363
6317.822123
6690.121339
7033.606408
7176.804994
7212.320083
7040.134181
6890.622834
6919.597859
6868.507452
7061.261933
7346.219108
7506.914089
7574.997646
7632.436578
7516.758891
7643.722551
7787.032323
7598.949881
7394.364080
7358.968712
7164.564571
6985.787070
6940.479293
6989.311227
7035.985089
6804.604287
6520.228262
6178.610321
6008.763478
5658.732229
5625.708656
5779.094644
5959.345110
6218.944560
6464.831816
6661.269272
6657.610547
6765.834119
6757.329780
6735.859601
6913.332083
6854.163863
6632.960163
6422.460246
6302.824353
6284.362342
6266.092080
6532.104951
6712.068465
6658.697379
6670.582246
7102.683391
7153.942881
7380.538743
7476.366144
7150.697957
6739.573394
6666.233854
6512.689531
6548.283979
6769.382517
6848.772780
6828.179078
6629.972784
6629.972784
6597.034195
6791.721095
6977.773242
7051.528477
7224.256190
7247.059629
7101.583693
7017.757590
7144.259299
7013.679411
7195.820148
7134.165316
7103.552825
7191.682309
7213.671042
7133.883213
7434.938069
7798.977726
7522.718294
7442.887312
7739.592871
7494.364552
7250.537695
7447.163312
7571.156446
6977.924347
7076.172877
6750.763060
6462.663322
6333.901804
6483.323851
6448.735479
6554.945849
6595.643282
6615.602753
6681.318375
6413.074740
6320.719529
6313.047908
6286.198634
6234.729691
6684.924519
6992.124722
7059.764540
6822.668147
6705.552048
6302.824353
6000.096367
6030.807114
6192.124478
6497.453994
6777.486699
7254.391090
7636.918321
7689.735911
7734.210587
7522.262891
7098.769472
6681.562201
6687.989005
6657.610696
6790.565495
6781.838829
6671.013639
6611.806833
6239.753367
6135.343588
6300.836712
6294.859278
6033.405097
5998.346225
6006.719467
5867.403098
6068.344072
6435.840886
6609.864798
6748.862155
6515.805711
6374.235026
6197.194688
6227.888176
6158.327999
6371.208769
6550.984752
6699.186120
6675.178812
6657.046667
6502.986018
6574.973259
6639.386191
6704.579033
6622.893413
6911.355746
6469.184897
6338.347721
6003.196089
6013.102906
5960.083426
6121.782342
6121.782342
6606.689556
6989.017090
7242.541856
7309.998050
7458.664342
7176.534065
7121.105080
6620.391592
6669.392891
6622.761380
6770.052019
6452.714405
6722.979399
6751.460863
6886.482403
6990.830846
7001.140594
6831.049985
6687.818060
6603.512050
6353.787740
6358.014006
6666.852429
6687.415394
6591.867677
6743.531961
7240.469529
7193.257811
7385.291016
7748.901876
8004.813964
7560.814025
7235.814807
7227.263549
6748.739050
6415.348646
6777.361174
7276.792993
7489.238579
7655.498699
7876.556814
7868.455445
7610.953903
7405.937322
7501.721361
7149.543637
6697.312930
6338.921368
6038.743162
5794.689123
5866.465312
5931.975435
6078.991008
6318.450259
6471.441166
6360.946278
6432.567699
6884.812737
6988.935321
7044.517803
7527.206672
7823.834028
7603.256563
7732.134532
7782.548301
7613.050965
7117.936308
7193.431277
7216.174881
7158.510601
7095.357411
7166.726451
7176.832291
7101.221142
7098.966173
6951.472558
7045.953865
6691.699004
6298.961105
6279.254438
6408.493755
6463.458065
6647.683539
6984.769312
6898.455086
7211.552151
7250.354050
7242.036535
7254.598680
7303.353286
6697.617496
6425.549459
6343.359210
6233.511392
6257.596188
6556.256406
6781.032711
6592.847005
6274.057853
6010.466865
5916.116149
5779.012608
5969.111535
5887.663143
6038.456322
6255.246893
6285.675033
6136.375107
6295.955277
6393.509084
6043.621961
6049.889420
6043.621867
6233.931005
6267.013778
6396.042128
6134.289111
6281.430047
6242.281336
6240.469572
6125.594995
6410.448901
6179.124440
6148.424555
6230.352256
6543.793750
6851.883670
7125.093278
7453.740149
7526.945981
7379.366774
6870.056082
6929.426199
6610.275806
6508.494184
6461.547339
6657.880852
6735.892388
6670.014468
6761.253597
6901.893989
6824.490041
6511.386205
6466.489967
5994.122305
5640.352592
5636.215376
5732.470587
5767.292875
6072.691446
6424.722823
6780.603164
6936.429608
7067.262669
7182.625956
7188.441072
7059.900386
7039.132102
7074.353662
7027.663012
6994.652023
6859.446637
6921.394442
6832.996650
6944.112322
7001.293665
7128.170295
7099.379532
7148.937535
7075.623388
6897.521551
6913.849139
7130.744884
7150.868795
7159.726834
7362.586437
7265.768869
6889.752242
6555.995462
6207.722408
6038.305311
5851.852671
6169.226230
6461.741295
6845.115352
6409.483786
6220.927445
5793.555908
5908.082169
5482.535034
5887.662860
5991.876256
6196.582858
5746.928152
5841.670764
5698.832302
5925.446965
5747.769364
6080.884706
5954.668683
6011.897962
5592.616929
5699.257674
5486.110911
5736.832011
5669.309186
5975.897900
5867.437941
6158.054275
6308.711693
6807.938900
6995.984588
7294.837215
7278.583057
7158.756181
7107.431963
6968.100855
6921.643649
6843.880840
6932.258513
6308.409613
6201.919468
5799.191626
5572.015031
5410.388254
5823.072529
5880.562305
6427.092749
6863.049893
7084.569928
6881.892886
6898.130513
6421.455078
5932.394466
5877.250569
6120.691589
6529.609841
6883.572934
7006.386472
6928.886302
6775.515371
6675.197893
6709.670752
7094.938460
7043.649001
7053.476144
6935.338799
6882.053352
6832.679092
6828.206908
6943.100456
6818.102329
6669.143066
6374.026173
6571.677331
6219.449552
5970.037100
6090.625817
6238.301658
5983.344590
6392.254787
6752.411267
7052.957390
7125.343212
7253.343394
7083.512507
6715.346237
6173.329411
5990.972869
6108.401812
6276.266081
6545.895504
6855.318368
7071.991047
6608.817211
6572.039839
6455.445314
6285.497200
6082.776811
6444.378264
6284.706095
6572.946477
6681.721409
6908.616666
7265.278586
7314.826763
7316.572591
7118.197919
6991.388630
6652.442258
6850.788500
6468.222830
6482.704463
6380.542294
6349.004224
6191.499725
6420.858231
6494.689381
6705.009599
6915.775538
7167.388446
7177.424807
7250.907778
7208.139738
7004.083904
6846.669301
6875.004339
6945.209823
7018.551509
7062.776914
6874.426401
6784.859280
6592.222008
6723.442433
6590.781175
6660.027846
6803.134722
7003.501978
6792.870521
6979.160111
7312.728389
7410.602746
7441.548887
7363.843047
7507.228541
7096.424972
6849.070296
6571.207993
6681.468909
6410.975043
6681.224978
6922.205910
7315.338763
7440.029614
7242.441086
7281.600850
7019.300655
6992.951957
6743.400748
7017.974389
6747.820457
6847.719976
6498.184055
6500.416614
6043.629987
5920.906619
5814.833077
5904.490082
5939.483391
6298.420832
6517.369506
6292.460516
6474.450766
6658.429744
6762.688650
6957.045950
7118.475907
7022.505179
6799.266693
6857.316349
6241.113761
6427.521993
6441.609260
6552.200270
6381.370351
6917.676336
6709.048463
6575.968261
6136.141312
5852.254531
5316.590091
5386.037671
5449.902661
5702.870620
6079.603713
6188.426545
6034.668619
5677.242554
5424.974736
5068.580892
5084.551851
5064.244174
5561.258567
5966.716534
6571.689491
6608.144433
6796.763911
6330.177124
6078.425759
5737.246369
6009.493488
6064.109117
6246.382285
6336.926798
6318.732936
6486.478739
6419.294963
6544.354263
6679.009754
6774.434825
6408.509605
6575.852698
6438.850851
6469.228211
6148.226788
6207.224475
6053.874952
6381.221142
6025.153818
6175.806200
6456.180604
6658.756656
6538.204638
6736.667091
7077.663308
6722.232220
6525.368751
6317.310152
6562.308831
5997.307970
5911.388666
5798.933487
5974.850607
5698.848098
5887.184329
6169.371771
6396.201988
6674.891199
6907.704510
7222.363334
7433.273634
7559.784286
7322.782301
7118.080480
6896.565399
6603.941894
6481.174365
6331.312005
6561.033210
6893.798817
7283.618120
7324.807517
7677.064221
7703.716391
7827.259968
7819.624741
7913.261076
7927.659539
8222.384284
8138.447158
7991.115148
7935.678221
7974.309427
8095.040582
7815.363712
7838.304644
7926.674661
7813.974199
7206.582552
7248.345379
6986.594903
6915.187400
6602.293753
6597.751946
6577.720311
6743.808714
6762.253424
6997.616486
7235.041262
7174.951562
7074.872453
6683.983005
6417.976669
5928.877816
5802.525100
5700.266376
5800.392437
6154.760268
6571.928174
7096.891898
7430.593904
7755.826540
7972.732630
8050.615856
7968.613242
7972.607267
7835.826043
7202.983803
6798.532365
6487.392143
6265.080343
6338.392122
6844.082378
6942.312021
6653.821684
6566.151450
6226.691680
5918.213285
5799.599691
5910.896682
5957.765242
6240.187242
6405.340667
6855.917612
6897.946328
7131.328736
6988.236712
6824.463329
6708.006702
7018.026967
7119.950041
7353.336212
7331.143023
7515.204630
7794.219499
7505.951834
7465.365136
7409.885050
7213.206928
6652.757045
6793.562533
6828.304679
7239.729807
7319.639073
7158.016824
6985.678708
6779.378105
6390.824970
6077.694553
6186.271021
6043.295629
6304.566473
6783.628097
7106.696731
7656.413888
7826.071533
7693.135204
7316.684640
7523.326752
7142.256841
7504.218392
7328.420031
7375.266021
7111.608622
6863.585679
6499.120029
6568.723478
6558.358316
6216.990445
6358.724382
6393.472458
6428.162110
6522.185592
6718.255332
7241.722895
7630.114362
7810.378825
7675.434027
7826.533597
7776.049093
7632.831641
7667.504725
7819.292541
7427.938324
6984.743761
6798.816869
6369.235826
6295.466473
6604.427621
6914.834630
7051.799386
7485.509658
7434.436991
7567.304114
7225.812386
6906.882042
6602.249864
6420.104202
6070.028275
6021.206972
6225.908113
6225.908113
6440.836592
6733.466720
6917.378091
6933.579944
7011.445585
6937.634317
6483.601895
6443.402036
6044.225826
5950.304382
5799.298677
6108.152553
5832.763942
6005.028976
5859.846939
6052.268028
6093.253440
6501.050395
6635.529917
7106.482369
7484.975000
7274.054531
7079.185188
6811.237501
6440.966979
5845.468591
6017.442190
5698.642452
5822.616785
5988.722856
6191.239413
6210.044629
6480.346556
6396.159034
6289.874087
6017.758468
5651.469360
5503.225744
5691.321793
5560.237312
5754.497508
6062.986532
6422.646548
6576.047208
6797.369533
6907.493651
7028.160959
6919.368521
6450.853125
6318.171404
6342.615642
6467.596663
6520.617388
6643.473080
6469.316962
6248.752779
5984.846961
5800.486634
5708.386514
5933.472798
6218.108475
6033.985782
5865.735286
6043.531879
6190.887611
6047.617123
6434.124779
6440.967134
6369.391867
6009.435232
5782.170972
5526.346623
5785.563056
6031.045457
6337.564794
6595.093735
6868.563906
7076.598448
7195.112900
7225.681426
7278.990134
7256.571880
7278.699398
7280.905123
7350.606202
7296.879990
7352.156443
7403.345679
7360.445786
7081.952398
6840.897630
6562.401274
6287.483061
6089.196821
6099.703427
6142.553766
6545.390993
6724.588513
6951.724970
7082.848883
7085.119431
6708.811634
6606.699124
6297.736895
6371.384367
6709.023450
6950.428335
6653.298830
6747.456418
6698.159452
6452.727855
6186.823131
6721.556747
6827.482725
6939.576797
7195.665425
7557.938952
7411.220728
7383.414359
7284.244962
6977.787629
6887.630500
6797.166096
6763.996204
7126.057281
7385.495559
7247.164574
7220.343304
7236.605991
7095.686641
6808.988995
6936.079398
7330.561342
7741.504776
7664.012222
8312.835656
8604.955006
8500.846033
8329.370856
8418.937983
7962.447921
7614.393948
7297.692059
6983.267471
6632.971381
6780.312736
6549.451188
6677.757975
6935.769791
7037.878733
6841.626176
6845.724080
6752.556415
6556.088987
6826.237022
6793.281171
6981.745488
6906.500058
7041.267042
6540.121216
6521.445236
6456.144138
6886.109151
6616.022054
6777.678629
6736.894102
6485.117047
5898.001570
6124.991665
6143.655465
6366.280343
6777.502848
7261.003487
7363.172962
7334.235923
7516.389127
7213.523976
6690.844867
6173.310879
6256.906690
5835.704231
6077.195601
6276.373198
6599.388065
6474.790234
6705.724920
6415.480185
6269.122240
6275.452224
6447.010207
6312.308800
6273.402404
6342.212250
5899.868887
5450.240902
5126.859233
5462.371928
5240.940105
5588.508152
5807.229622
6132.673029
6280.114977
6528.331683
6792.150782
6873.937465
6775.801296
6653.051451
6845.869208
7015.483575
7365.224840
7592.606568
7473.875460
7403.028755
6866.972808
6549.823837
6304.094912
6216.488655
6242.635796
6811.551856
6824.185345
7110.498357
6924.450842
6667.157130
6044.788545
6229.260266
6350.049412
6687.672188
7027.024624
7421.566474
7462.069869
7521.828125
7515.702025
7466.779064
7319.601625
7053.210586
6924.662924
7164.073990
7247.720729
7182.480574
7235.685761
7126.776248
6801.801577
6606.808241
6915.767177
6582.196314
6480.234716
6463.684493
6649.822636
6402.304774
6533.149006
6369.574801
6580.389099
6391.788757
6710.642332
7076.993787
7303.967265
7042.633022
6971.331120
6359.702008
6148.842097
6052.934573
6104.255159
5968.501656
6040.199846
6048.549966
6028.103824
5928.208909
6284.698890
6379.056429
6417.747443
6221.266119
5998.220412
5508.530775
5549.712998
5631.454741
5846.003057
6085.758735
6209.868867
6262.880460
6367.217374
6485.648449
6655.541555
6910.589444
6912.270825
6660.750757
6599.206880
6519.824185
6391.228837
6405.129604
6591.641899
6730.381724
6704.255515
6781.336312
6525.982536
6364.501404
6069.780006
6131.319794
5847.452452
5992.776500
5806.738253
5747.545645
5229.694851
5637.223995
5508.530775
5686.557241
5414.436557
5651.619091
5100.021698
5316.875822
5191.881128
5490.683693
5270.016907
5478.005888
5031.963022
5134.487916
5293.884669
5627.566559
5786.819621
6190.265801
6368.176224
6337.377897
6750.452561
6779.399346
7055.573676
6943.093266
6926.596973
6601.599920
6634.138235
6364.616764
6031.076481
6010.731373
5591.050127
5549.514743
5309.857403
5559.203459
5589.856031
5849.914885
6189.259374
6467.331015
6616.314687
6724.601907
7031.540639
6670.317356
6298.250086
6239.133381
5989.104790
5594.296241
5550.108358
5965.525940
5918.534841
5738.023236
5902.264186
5680.127032
5557.499297
5713.516251
6287.748736
6794.999744
7090.082914
7321.222947
7270.031198
7000.328382
6475.882962
6487.074962
6616.172224
6798.626564
6908.765119
6875.880654
7000.498899
6501.202826
6519.663328
6234.757388
6272.276448
5779.644807
5747.545645
5366.886514
5415.724575
5505.761398
5658.881555
6006.629615
5818.381093
5920.587944
5795.614760
6136.892567
5926.380865
6308.860483
6513.378019
6545.889808
6391.228837
6450.352365
6348.046903
6129.448692
6012.530356
6070.207244
6023.076465
6079.994171
5855.090636
5821.812348
5474.186050
5525.049288
5214.186047
5500.633267
5566.208560
5734.602922
5562.660389
5644.484608
5589.172940
5691.474633
5684.622938
5885.373016
6151.116895
6118.558481
6495.235150
6528.347576
6493.515101
6511.930122
6348.052407
5982.023434
6206.030669
6273.424033
5990.972158
6442.824716
6394.077558
6440.724925
6373.028150
6632.745371
6148.214844
6088.618711
5707.559160
5748.330465
5557.980553
5613.358781
5607.158601
5793.555763
5666.784885
5801.272096
5799.586513
6120.866829
5978.968881
6013.466383
5602.430299
5805.202492
5635.384503
5626.489628
5549.215271
5724.575220
5511.832377
5315.479322
5434.853127
5361.378722
5445.305563
5535.827269
5844.409751
5815.348397
5975.069611
5803.076259
5768.588797
5543.102252
5574.263511
5520.936081
5613.139805
5590.467086
5627.689611
5368.380318
5386.564609
5347.649429
5355.888523
5282.225903
5541.833542
5729.485016
6128.927393
6533.617838
6714.073866
6751.503796
6510.220790
6279.041303
6045.565983
6094.753505
6141.290469
6481.012321
6704.158299
6587.652892
6540.231075
6600.062064
6240.211979
5976.080655
6256.423410
6428.190698
6335.668719
6320.595407
6545.685688
6449.998269
6453.673710
6651.016929
6798.631683
6955.943299
6917.256462
6595.791991
6394.262460
6351.237879
6023.813714
6161.068909
6613.073148
6879.132714
6817.744874
6648.140686
6357.596917
5913.137946
5372.865218
5274.521329
5610.108755
5874.008931
6133.777822
6610.150096
6882.330367
6775.978329
6450.463636
6452.605601
6497.225231
6529.609408
6613.527866
6959.349802
6850.902953
6751.149699
6540.318420
6356.708178
6100.693263
6061.711035
5988.623409
6094.868085
5921.048458
5947.950226
5600.145432
5323.089756
5061.155880
5063.273720
4868.861533
4885.116518
4641.424642
4843.739871
5064.578472
5168.929360
5492.438731
5895.818396
5646.006131
5592.874240
5584.733710
5320.746175
4946.121833
5167.056320
5263.485717
5316.732616
5377.843741
5637.069249
5904.975635
5567.748151
5760.092619
5890.966427
5922.447380
5826.372942
5891.348712
5576.922393
5298.182502
5411.474528
5298.962445
5634.614708
5906.476142
6385.371714
6562.483047
6670.560060
6697.545387
6392.677555
5862.832217
5621.124307
5423.216631
5181.154439
5242.746205
5621.124307
5707.754387
5677.478952
5644.418784
5621.576843
5517.402579
5677.478760
5821.943472
6047.434496
6213.017476
6481.087252
6372.478771
6342.047609
6347.874048
6399.025276
6440.176183
6501.859842
6631.027210
6538.981095
6835.627952
6771.926559
6945.125236
6589.152360
6433.450485
6138.827008
6069.495141
5754.459188
5963.521208
6155.852688
6077.922251
6062.938176
5611.434453
5466.513863
5218.197015
5355.716244
5306.405169
5929.136147
6066.858214
6144.298279
5884.414538
5640.780353
5640.780353
5553.172446
5589.664500
5657.735630
5943.815103
5848.568719
6222.675971
6460.193912
6591.251261
6605.653621
6709.389472
6957.130112
6906.213460
6959.146565
6844.690932
6900.038485
6623.539692
6683.217808
6427.445765
6169.679673
5658.052021
5180.884741
5080.594886
5089.162586
5450.747458
5440.167676
5689.534241
5423.591960
5415.377050
5239.531830
5542.916981
5338.426892
5135.881656
5064.291694
4859.734860
4664.833249
4582.862689
4967.306366
5217.282248
5703.846633
5967.631625
6072.131993
5849.278729
5667.104808
5358.273049
5413.567386
5611.906250
5851.306029
6096.556807
6317.902440
6138.061529
5974.776756
5894.600330
5874.351474
5581.961228
5532.433809
5479.607901
5269.308484
5281.495597
5582.296310
5788.220125
5829.490708
6111.400848
5691.934340
5792.619568
5670.393232
5954.744737
5807.290857
6343.146021
6038.816113
6114.202873
5827.433772
6038.532119
6025.988210
6245.276738
6187.249972
6709.089623
6858.418708
6803.026293
6937.987603
6851.403695
6751.418316
6556.951472
6520.328038
6303.338417
6633.301346
6314.352932
6410.787627
6378.204787
6419.003903
6046.622115
6013.560732
5716.864334
5618.877314
5420.468299
5593.182425
5672.799731
6059.900238
6161.670527
6370.326944
6261.468107
6380.397404
6204.671225
6267.343032
6332.786579
6572.303050
6631.795348
6539.780094
6658.276095
6698.824727
6641.752005
6387.954316
6414.523969
6269.154026
6263.206018
6170.016788
6441.864366
6591.543149
6309.036965
6034.784315
5651.500207
5467.695846
5089.235737
5350.701179
5667.962006
6124.590527
5874.909471
5938.624409
5653.969119
5216.643246
4803.937547
5290.998057
5515.968034
5781.925287
6061.923109
6580.773836
6273.903278
6210.743489
6157.281401
5782.794260
5503.818501
5229.595816
5137.282866
4762.925812
4842.609241
4598.949335
4803.676794
4957.060963
5605.660382
5699.777296
5812.593711
5849.650332
5794.220754
5628.288320
5683.991005
6027.386368
6061.923229
6162.183951
5923.138574
6000.714124
5615.208529
5688.815590
5347.034821
5301.924227
5290.005943
5555.845391
5619.123063
5844.417335
5932.187934
5827.746220
5615.208529
5447.113924
5230.265125
5126.311730
5079.209606
5057.028253
5153.263183
5724.038680
5793.562736
5953.324632
6168.276756
6184.412510
5863.050513
5943.059246
5967.473777
5750.208442
5768.860189
5582.705798
5668.538905
5494.230648
5474.651355
5151.226361
5349.732759
5206.537141
5331.309925
5342.635556
5614.794214
5289.507257
5477.628212
5542.858727
5849.039499
5916.301258
6215.146218
5899.753077
5765.158425
5459.042877
5416.007402
5381.507107
5524.702327
5469.289325
5646.375858
5642.683647
5769.278095
5873.877376
6017.036871
6183.338702
6416.269428
6950.454379
6882.729663
6864.432120
6755.987296
6710.459552
6266.746705
6543.335916
6708.942534
6644.298842
6683.500429
6859.025237
6748.747917
6660.764726
6641.109348
6501.681783
6452.614339
6503.558929
6545.008018
6963.958097
7027.309869
6902.049191
6900.300579
6879.558275
6538.524379
6233.734964
6245.893549
5928.780430
5795.630517
5631.895318
5938.916761
5820.393221
6139.106411
6234.923646
6643.200982
6131.710350
5908.661248
5505.651417
5094.895215
4813.055837
4909.334841
5097.108474
5053.879541
5270.999096
4958.489116
4964.308271
4892.920829
4906.906036
4919.434307
5185.391838
5344.834291
5052.545702
5252.666761
5330.679057
5620.791467
5555.603861
5860.137828
5643.638466
5723.340235
5508.259432
5666.022891
5272.991179
5229.916038
4859.653983
4666.765518
4327.196413
4368.069642
4499.023194
4550.091726
4825.128898
4949.737801
5352.862454
5203.713368
5344.656049
4945.809159
5043.665417
5113.464514
5344.656263
5473.870753
5391.555057
5146.098353
4726.693236
4988.438802
4933.631713
5225.854878
5301.531152
5415.999719
5119.742599
5209.369612
5211.922371
5301.649948
5602.430843
5610.664167
5684.299892
5385.315165
5346.260030
5229.700302
5315.662177
5057.597455
5274.877797
5199.193927
5355.051695
5530.805270
5588.024306
5696.507711
5978.969250
5721.142368
5271.107039
5346.725049
5249.460236
5525.314707
5216.891173
5339.096121
5130.411609
5394.458715
5404.526068
5725.473754
5793.436121
6144.965556
6134.116032
5679.766972
5649.616486
5661.404388
5475.303236
5326.541688
5198.000524
5058.689333
5075.240668
5349.242158
5389.343717
5677.977248
6117.533167
6344.316563
6101.089475
5963.829446
5898.297222
5728.660422
5714.192872
5777.889621
6032.562543
6089.791821
5850.367239
5750.041191
5474.125079
5232.355119
4995.141723
5437.159910
5504.680376
5782.627832
5815.674110
5795.322908
5458.096932
5020.304508
5061.156502
5071.919817
5373.018090
5296.926471
5628.282087
5376.886590
5255.069067
5097.382783
5084.911055
4993.135876
5122.021784
5212.638200
5507.516458
5524.244673
5578.937219
5525.791327
5738.356912
5628.083960
5669.309411
5505.521500
5227.348625
4974.757287
4565.573409
4766.132584
4732.990599
5297.453919
5610.364769
6113.738719
6180.935961
6238.634352
5984.877347
5678.954049
5913.912555
6061.479303
6374.147451
6462.706723
6817.256099
6135.860821
5515.961151
5231.265220
4846.937946
4563.376714
4457.047533
4964.169637
4959.956852
5162.738393
5005.433129
5334.822952
5287.539896
5365.400744
5559.770466
5506.551153
5355.494254
5118.232228
4987.264811
4930.126389
4947.293664
4945.650045
5276.711052
5314.099326
5219.274527
5226.277172
5453.331094
5164.942244
5031.903061
5455.464879
5586.342791
5653.789415
6001.280621
6463.851495
6185.771062
6280.911984
6240.143994
6023.081941
6021.017563
5953.823141
6272.919674
6266.552058
5869.663213
5417.324892
5266.257520
4785.163059
4538.098196
4916.268068
5233.299247
5296.677379
5828.805847
5867.364220
5949.376057
5908.420758
5932.706184
5573.975679
5481.810225
5132.060306
4944.011176
5041.919803
4997.654751
5450.128763
5556.153067
5985.855642
5963.517162
6030.090715
5904.751234
6263.123760
6015.785023
5958.191663
5712.652162
5679.442016
5317.352975
5585.388874
5693.816897
5829.273179
5857.773026
5865.972618
5677.907782
5391.216285
5462.187414
5445.572283
5633.986727
5572.778626
5998.007722
6087.067544
6125.426578
6283.157806
6307.768960
6197.165049
6221.526967
5902.748813
5354.410779
5039.004738
4859.038516
4597.635171
4705.857947
4904.718698
4828.885777
4789.985030
4608.509290
4542.906622
4510.107068
4757.398499
5012.959405
5418.711208
5803.339116
5791.257423
5905.332176
5633.564384
5389.967017
5150.313218
5281.491496
5307.784503
5424.366458
5369.175060
5222.017932
5291.595087
5137.812867
4853.429487
4865.100317
4721.703094
4680.728590
4439.270541
4387.991187
4587.493502
4644.981237
4738.837578
4732.743678
5080.431841
5053.759248
5350.428520
5156.310730
5358.798438
5567.423660
5089.020725
5021.240674
4996.445164
4888.399669
4460.548027
4680.353209
4934.051646
5164.942244
5617.186615
5643.864495
5758.923605
5762.759831
5936.744052
5728.496900
5611.593755
5587.295200
5217.174918
4773.025516
4803.734250
4814.010092
4858.082151
4786.741408
4981.186705
4631.133244
4674.204724
4869.283459
4842.376413
4727.921659
4554.173176
4533.501791
4551.322809
4553.684625
4453.094468
4678.217070
4700.473133
4490.134436
4399.669368
4420.151740
4221.237897
4130.669391
4210.277227
4222.243692
4437.086399
4582.537252
4840.129965
4738.140593
5104.047184
5069.849623
5211.158952
5135.164064
5128.561774
4856.430517
4827.654792
4727.420764
4792.891504
4744.100832
5102.155161
4842.227577
4905.789087
5118.824473
5362.631552
5425.592233
5317.352186
5274.461051
4832.624616
4427.262638
3872.584897
3942.062721
4195.565245
4416.539043
4877.645077
4953.155426
5100.979142
4912.308029
4871.537978
4838.302367
5020.539665
4995.735384
5200.198916
5503.347713
5653.906803
5821.469330
5993.501471
6351.423683
6163.112203
5997.229777
5847.749437
5600.325820
5242.234428
5041.611273
4897.874841
4983.544508
5259.818685
5277.888218
5245.061435
5043.364973
4516.061151
4472.950475
4211.099459
4245.854748
4498.482880
4621.375280
4568.046197
4880.973669
5095.975741
4894.079754
5238.196461
5338.146902
5098.607095
4728.420239
4850.520856
4891.357703
4813.655524
4838.120650
5038.557415
5076.446950
4970.093465
4900.140262
4935.163324
5427.860761
5162.338632
5200.923088
5062.100985
5125.544176
4681.428144
4856.557654
4797.139875
4918.001100
4915.878806
4727.586133
4667.609884
4575.950842
4589.985594
4547.139151
4708.741072
4808.544541
4952.033598
4910.914637
5035.883213
5012.846871
4946.295177
5004.197672
5142.665340
5261.429150
5275.666838
5595.082690
5343.456611
5339.178283
4915.878806
4735.965224
4492.184602
4520.767168
4330.238288
4567.711543
4543.309442
4616.192863
4833.190581
4986.784565
5185.143536
5678.313407
5994.973346
5811.141023
5966.614546
5718.850687
5485.586020
4998.117953
4820.096991
4459.893146
4509.260753
4482.486926
4686.374770
4817.275038
4903.387194
4909.624958
5007.205266
5166.950849
5130.179315
5107.878176
4839.836943
4588.042477
4297.965240
4340.932131
4639.557515
4774.469073
4938.124027
4543.783816
4378.085665
4024.078241
3829.613208
3856.465303
4290.675042
4382.881725
4497.317547
4312.939321
4288.903604
4375.224509
4399.388756
4348.782623
4632.836615
4700.283263
4410.160929
4776.579437
4741.662421
4880.695895
4909.635458
4945.143790
4773.031605
4875.232574
4668.525963
4705.442103
4866.968281
4670.962095
4761.208305
4674.931308
4431.505874
4402.903807
4410.862540
4500.772591
4580.824409
4517.286616
4738.848112
4685.927153
4520.137167
4626.348516
4685.927319
4605.703019
4652.943554
4493.445453
4544.713420
4699.944056
4571.545076
4399.382150
4635.124137
4900.712283
4953.763884
4911.881251
5042.621067
4989.435898
4474.033930
4181.782243
4155.109495
4300.323394
4157.137426
4285.695672
4674.649621
4578.997712
4470.918604
4212.921656
4049.634672
3987.945864
4092.279897
4450.275662
4548.173005
4963.827871
4826.614682
4797.695405
4491.053608
4756.942547
4587.298070
4636.308269
4762.624206
5051.325832
5057.186979
5190.338730
5135.032151
4877.851284
4587.395276
4380.574214
4030.878041
3971.542705
3998.238605
4129.016779
4454.100154
4626.155110
4661.229448
4625.414687
4789.009006
4648.460048
4587.010466
4648.460048
4763.127170
4640.619793
4726.451850
4802.320413
4595.397693
4526.672075
4675.819770
4496.139456
4434.904880
4553.692076
4684.266629
4367.078343
4207.565533
4201.507026
4215.774179
4095.982807
4028.433308
4122.571135
4075.590183
4091.882233
4149.679010
4192.585968
4395.133080
4509.783001
4493.299760
4444.696783
4624.455110
4624.455110
4847.431502
5017.442591
5123.544210
5027.531838
5097.021039
4825.056772
4947.515669
5184.998840
5274.821624
5195.090885
5113.246757
4912.623196
4542.913917
4420.066889
4182.639986
4258.255104
4391.235734
4493.299760
4659.239934
4689.844134
4865.670956
4587.395276
4709.253476
4762.508671
5218.200298
5384.594486
5428.846679
5511.487302
5386.503680
5292.594573
4825.993831
4936.162970
4752.325098
4587.109447
4161.271487
4496.814603
4384.116772
4787.604232
5164.334105
5391.224233
5362.820285
5610.174972
5550.167920
5341.874304
5374.189983
5184.287813
4995.743358
4945.143603
4746.339292
4764.974926
4824.159715
4546.065084
4156.022459
4266.365575
4106.644343
4030.991249
4223.276962
4112.692902
3887.481968
4010.415280
3899.922024
3852.806802
4240.397720
4531.074255
4600.592639
4831.925012
4598.535221
4199.436897
3755.649048
3307.617617
3033.634019
3166.440251
3379.142325
3782.488867
3976.743953
4142.349964
4267.109063
4171.720296
4151.264979
4302.624939
4380.411242
4501.079756
4629.748753
4852.671410
4815.889112
4977.351374
4711.464017
4607.656434
4267.711426
4141.286956
4049.072356
4085.912270
4088.067279
4171.720296
4368.112139
4487.020570
4437.770049
4422.048815
4389.629364
4043.915143
3792.289373
3831.136831
3609.477813
3390.864557
3439.712826
3392.722054
3625.730615
3714.477248
3943.577273
4291.244426
4514.409021
4573.594722
4558.113961
4435.451351
4230.482275
3940.265201
3807.249949
3911.681516
4093.653943
4496.603864
4825.954967
5202.425162
5098.046785
4893.619819
4413.071536
4226.840671
3580.279288
3746.644252
3691.394916
3726.123617
3777.246434
4104.512092
4621.078335
4886.877682
4923.588304
5069.191388
4762.243105
4108.280643
4114.357911
4022.182766
4024.436682
4458.029443
4664.358108
4699.187136
4993.543594
4627.456811
4383.822943
4188.974700
3994.639140
3910.939428
4033.525346
4215.592936
4306.510867
4246.727093
4208.168886
4144.647544
3844.216243
3928.197763
4036.618736
4030.539920
4237.104498
4296.290320
4240.860857
4394.581012
4275.855014
4388.326030
4648.594400
4623.805263
4674.896610
4549.961549
4208.497450
3948.695711
3922.128223
3684.860850
4224.941251
4278.101980
4318.947808
4456.666031
4578.828522
4513.531495
4865.649081
5221.703709
5232.605117
5326.427422
5062.976174
4796.880904
4880.661820
4736.712284
4562.734595
4548.135624
4605.505884
4210.905069
4308.594784
4439.413928
4584.455725
4787.174343
4649.908068
4709.902606
4517.529493
4366.260290
4114.509833
4065.692677
3970.217388
4193.188395
4240.096275
4454.894046
4645.568252
4705.117355
4832.059397
4565.882851
4473.671037
4555.429491
4555.348050
4273.267865
4565.697147
4434.838416
4448.903805
4464.526782
4302.780696
4548.104710
4282.402670
3987.741470
4109.808210
4334.864385
4124.150687
4396.221621
4660.306914
4635.845043
4576.597229
4539.091677
4547.580772
4379.995349
4462.095656
4396.573722
4388.284831
4171.350847
4048.858245
3789.418497
3693.150151
3562.469274
3511.277217
3818.157272
3749.340008
3759.486773
3737.095300
3692.007881
3462.752664
3465.181302
3684.207244
3952.293790
4359.155232
4207.811042
4484.696820
4507.252894
4317.050671
4368.081415
4546.349123
4373.257211
4635.387980
4619.027264
4541.090226
4675.765002
4640.715029
4573.020855
4466.679872
4538.412364
4824.819497
4833.523552
4614.639648
4931.592995
4629.058994
4342.642309
4123.163933
4125.468216
4078.134720
4121.288740
4194.775917
4445.426898
4117.792391
3923.479976
4093.456340
3999.188494
3957.116385
4163.974554
4311.068073
4182.273873
4000.027368
3860.637240
3977.187590
3735.718986
3598.683781
3799.151032
3661.623714
3684.366420
3764.023362
3913.366567
3845.986984
4287.026606
4293.154945
4387.231604
4405.548288
4280.794808
4127.760533
3833.313502
3776.241977
3966.047199
3925.263146
3936.276747
4382.407167
4275.978380
3948.662626
4063.051179
3806.071820
3321.383610
3875.614355
4264.316466
4356.406178
4653.339717
4880.499890
4356.856274
4195.066422
4284.910057
4418.266842
4630.908345
4604.209991
4649.446990
4671.921605
4228.657304
3864.287960
4015.724862
3727.503822
3479.772467
3783.433218
3994.174057
3861.352049
4035.115818
4239.627579
3907.156194
3860.250732
4179.135900
4087.470128
3923.479976
4291.366448
4220.125705
4142.174648
4220.125509
4334.538684
4013.099608
4058.035949
3939.544797
3978.280967
3884.371581
4285.068619
4136.064145
4029.672829
3964.224950
3679.920408
3156.654669
3373.873038
3320.731454
3126.151591
3598.683971
3804.885435
3614.632162
3698.344002
3765.749094
3454.890914
3475.016135
3568.766224
3400.992863
3259.724589
3478.387233
3478.240412
3408.801496
3668.522368
3777.060803
3604.962673
3917.569097
3741.723685
3496.144294
3739.536075
3627.067354
3214.586934
3319.433253
3362.197148
3431.511477
3828.586266
4032.528745
4218.765901
4283.996410
4110.194396
3938.661394
3672.275120
3510.989151
3672.275300
3639.563676
3872.991435
4032.529468
4116.337671
4153.286675
4188.050583
3995.694737
3951.440195
3810.156872
3693.502565
3777.447335
3482.955653
3513.763865
3679.697542
3518.113159
3505.752663
3886.320793
4045.724073
4548.727924
4794.404858
5129.955175
4923.390805
4952.487127
4483.594399
4459.163193
4199.206791
4602.571974
4363.010162
4342.611637
4207.615938
3980.683694
3691.978505
3991.398602
4206.227185
4494.429849
4529.268109
4498.541860
4609.618850
4212.358411
3954.731014
4089.768086
3858.426824
3703.463195
3889.583536
3846.701485
4008.416898
4141.498392
4112.613938
4079.775825
4274.189563
4061.449333
4167.885606
3870.857558
3807.179423
3805.279246
3651.907890
3557.642658
3557.642658
3549.659544
3647.732352
3825.586973
3971.008465
4061.951051
4061.951051
3965.583180
3689.511711
3466.824689
3526.364597
3530.458690
3393.372569
3839.451182
3906.846361
4006.686998
3871.625335
3660.729832
3515.495884
3466.824513
3497.568034
3763.597718
4321.992445
4354.666933
4815.058544
4675.244161
4479.120537
4114.759657
3957.247953
3566.435420
3593.080771
3804.120119
3912.373201
3864.998084
3834.426924
4104.873831
4078.256395
3963.777916
4379.200193
4172.296961
3764.513284
3830.027390
3783.130799
3419.003326
3596.828538
3481.699587
3483.604154
3352.624232
3146.211382
3262.705778
3358.132777
3077.713796
3184.467588
3511.516496
3538.246512
3691.205386
3995.834749
3954.885183
4040.799548
3926.280480
3941.790086
3806.689953
3743.425050
3608.526102
3501.862431
3377.912629
3512.772014
3803.621412
3938.661604
4163.655149
4387.325028
4346.306944
4380.911161
4323.812563
4493.638794
4466.944538
4665.449466
4628.632692
4295.026390
4059.743381
4013.138031
3738.899835
3575.151762
3843.514554
3726.806330
3806.409964
3632.651898
3698.068260
3581.442563
3481.135313
3173.152142
3361.398488
3107.588398
2935.527627
3034.160966
3040.904527
2928.321038
3065.439896
3220.406016
3439.694883
3424.319829
3377.120201
3563.429157
3728.864396
3704.462389
4169.810041
4315.177190
4372.292570
4368.092480
4051.271565
3552.568406
3552.568406
3402.829347
3225.414004
3638.267702
4196.828181
4041.334202
4010.818729
4368.532738
3990.303461
3566.844087
3677.384117
3704.109829
3329.571837
3501.545171
3752.042612
3839.932841
3954.466748
3991.444094
4140.955974
4260.188282
4215.424386
4143.676104
4387.240983
4162.093303
4091.072862
3909.015494
4080.931856
3892.751808
3794.279065
3524.327806
3468.773335
3174.081225
3145.723948
3530.330139
3554.717210
4002.619494
4037.506319
3912.741539
3767.585275
3991.444279
3598.535898
3729.303745
3966.590958
3727.517365
3474.877713
3836.726995
3589.265218
3358.172095
3370.155270
3350.602150
3170.444925
3258.339044
3378.986965
3788.282268
3845.998423
3719.052327
3864.163893
3743.607106
3477.536805
3692.457520
3698.664363
3696.920208
3899.256463
3768.303267
3779.164679
3836.575833
3783.444367
3877.694983
4113.013407
3891.163215
4099.957974
4026.255651
3713.267263
3784.804388
3915.509381
3717.037549
3807.065520
3999.357419
3891.009879
3986.601729
3849.183134
3611.722584
3648.754951
3609.853376
3430.292585
3524.688522
3565.327696
3485.870532
3514.135724
3354.737802
3405.895654
3712.777488
3487.577497
3370.812581
3486.524218
3574.280202
3756.301248
3909.945899
4141.267703
4349.351562
4294.273531
3821.370659
3821.370659
3594.622423
3235.364132
3149.476666
3431.561113
3527.897972
3525.952929
3740.912803
3933.279216
4104.917168
4010.957354
3943.382106
3754.946840
3650.702477
3222.996112
2938.687205
2830.567539
2992.152027
2748.729793
2922.737533
3243.768967
3491.286177
3420.242616
3753.733811
3812.805924
3921.087682
4104.561984
4263.756212
4034.581392
3993.483117
3907.536277
3656.097760
3505.451005
3802.006519
3550.529120
3558.475801
3535.905569
3392.237618
3338.943358
3420.475575
3204.035188
3430.704737
3565.919246
3494.453017
3735.841240
3905.788807
3697.193443
3827.761136
4087.728986
4028.124879
4212.215472
4435.386412
4353.543543
3970.846484
3907.262708
3729.257030
3721.269911
3694.643583
3657.818680
3578.392843
3731.460693
3424.754145
3362.532691
3550.792096
3728.683956
3675.611100
3961.958052
4132.513301
4118.123209
4142.759048
4013.843913
4081.241937
4227.792982
4037.448712
3840.924109
4049.864466
3789.853880
3738.852653
4068.198055
4209.450016
3984.554359
4211.477190
3863.574616
3740.860111
3616.080082
3470.772485
3421.349337
3725.389124
3524.976640
3637.335042
3848.072345
3528.798570
3489.003240
3345.847769
3227.245466
3331.571680
3953.487457
3818.280172
4004.331069
3992.077082
3705.647752
3089.885973
3030.469654
2954.052284
3003.902660
3649.887075
3737.933313
3831.041213
4342.471503
4508.210647
4021.429798
4362.851494
4380.483814
3965.320799
3881.367833
4010.497963
3809.835344
3894.252672
4280.755230
4403.624099
4233.929560
4229.521233
4127.553914
3757.280267
3783.850330
4051.935973
4035.573506
4013.371123
4193.444227
3896.742298
3763.865469
3682.032996
3608.995034
3467.745132
3790.944008
3692.570429
3625.201474
3680.666567
3576.154728
3361.517099
3439.395820
3441.249600
3540.907556
3618.652772
3596.226441
3878.657235
3991.236374
3862.644552
4177.584471
4318.704123
3968.860202
4065.204278
4056.114246
3818.889512
3833.283695
3747.350929
3765.497795
4199.920889
4443.565831
4523.265473
4733.623406
4649.980493
4393.089394
3949.080180
3740.498070
3633.917120
3368.302536
3188.285031
3585.445966
3646.945809
3879.968134
3971.977041
3967.684198
3720.402369
3718.064477
3449.974995
3638.220878
3795.697625
3660.584324
3615.763960
3879.494259
3685.249647
3512.275291
3690.579978
3459.417218
3156.258016
3401.647905
3313.189068
3155.653149
3124.905047
2977.590603
2828.324283
3118.516577
3151.511083
3407.160477
3499.289590
3562.928617
3866.198425
3993.024083
4048.556986
4144.509714
4349.258876
4351.496738
4238.935720
4132.419566
4017.949210
3786.747792
3565.072606
3691.922111
3837.057684
3982.319631
3857.689186
3815.534044
3764.325296
3578.629059
3496.427557
3377.843567
3120.783874
3239.263303
3329.300703
3474.768523
3570.833795
3657.235794
3438.529128
3225.836655
3047.760859
3151.803050
3167.321981
3414.784629
3552.038975
3668.627558
3758.660002
3574.618135
3349.896853
3378.318388
3243.288510
3186.044548
3086.497903
3071.788324
3088.330450
3352.007433
3532.259679
3913.422391
4050.668995
4085.429921
4210.078332
3849.857013
3626.081054
3501.458272
3468.512597
3100.473846
3460.714519
3715.295740
3664.296284
3486.422902
3498.448621
3071.111761
2820.221862
3071.903693
3323.652713
3487.324374
3706.254747
3743.916383
3553.751219
3363.437954
3261.258210
3396.057467
3742.006949
3586.368050
3586.368050
3647.824750
3379.593198
3195.947883
3506.799756
3535.388757
3592.639243
4188.157536
3926.557748
3777.264921
3947.054309
3760.704914
3316.766171
3580.653748
3388.237316
3155.139941
3351.405184
3431.116217
3641.926193
3731.850770
3846.478576
3915.986262
3901.780398
3804.361136
3939.337393
4006.790225
3988.075953
3916.757789
3701.577086
3585.092733
3470.513808
3345.774839
3329.300523
3447.018113
3412.104802
3301.543141
3262.649981
3528.570963
3466.906154
3527.942648
3843.214671
3753.124688
3429.758194
3301.296049
3368.760623
3282.860711
3436.197978
3493.592758
3588.754541
3666.417377
3355.436706
3321.043391
3435.576693
3539.513739
3398.432728
3754.366673
3774.973797
3527.279477
3367.937910
3508.817526
3369.585791
3293.935693
3418.936729
3219.538875
3135.799527
3378.888430
3286.882839
3301.296049
3454.136172
3513.366563
3163.699096
3268.077908
3448.230490
3354.905335
3273.201383
3510.312094
3425.945461
3167.928812
3411.597880
3609.743404
3583.122990
3816.316373
3984.196421
3813.711109
3850.163242
3737.844733
3596.583838
3697.109889
3663.869233
3350.750213
3432.289073
3547.033513
3401.532515
3494.851946
3699.382190
3578.997709
3339.485179
3171.922903
3388.711274
3082.101589
3002.834669
3184.529700
3503.314100
3188.347778
3460.992100
3818.806632
3902.505299
4025.509535
4526.260246
4647.092311
4614.174511
4753.376644
4630.615192
4329.104895
4429.279473
4744.360699
4664.804848
4795.826875
4751.098079
4510.078192
4010.840539
3589.295771
3391.219806
3441.761092
3300.888567
3175.585519
3337.572287
3247.308112
3076.878842
3158.761280
3336.545624
3439.187404
3684.559206
3691.267280
3609.345939
3652.245881
3398.572872
3012.050977
3042.655443
2916.496889
2713.876813
3118.330757
3251.418513
3340.232748
3642.876866
3620.408703
3358.598308
3135.934120
2998.388342
3117.059412
3442.037606
3579.368275
3841.006767
4213.243798
3863.640077
3595.744152
3470.852168
3370.337408
3076.105047
3591.445857
3806.110053
3955.424231
4241.685443
4474.450967
4079.866773
4100.327126
4059.347759
3731.978624
3627.893129
3756.658296
3715.729242
3693.195820
3863.196476
3803.524252
3697.109697
3471.774535
3559.856800
3293.759256
3253.921360
3407.317923
3573.158561
3579.368118
3924.947224
3816.316155
3579.241387
3421.262413
3305.031731
3140.922030
3220.742354
3487.047688
3374.661632
3313.006443
3646.710006
3815.074352
3688.128798
4154.666497
4050.475051
3704.653592
3571.764263
3301.527941
2853.566286
3058.097865
2912.339409
2626.963486
2794.779473
3018.028722
2872.692076
2992.794748
3416.610241
3539.207075
3349.068011
3398.112221
3482.006785
3539.495822
3374.062398
3598.871333
3584.618051
3385.906874
3077.938334
3237.612284
3362.442177
3266.572380
3499.459363
3778.488083
3623.409412
3404.493892
3697.109889
3721.462289
3557.404587
3911.540595
4066.945169
3944.078597
3960.656052
3811.978956
3361.971987
3327.398121
3384.714828
3147.351743
3138.403057
3343.154605
3030.549714
2818.087608
2823.718277
2949.778294
2933.942294
3207.414710
3504.414256
3708.613535
3759.684023
3907.070993
3898.906886
3853.838398
3958.224347
4100.182083
3954.823932
4022.204941
4269.902745
4169.717139
4063.104376
3848.477565
3725.816367
3334.995300
3072.785888
2868.997682
2934.749455
2788.816593
2658.523946
2990.172187
3229.186835
3419.564508
3720.504835
3763.399800
3483.036242
3452.055943
3386.278411
3104.785962
3257.657286
3128.991166
2973.631744
3114.635116
3480.814114
3652.652286
3732.450870
3878.879030
3888.998843
3680.455560
3490.181036
3829.609975
3659.129126
3591.609977
3464.462514
3499.487838
3491.335372
3783.786938
3675.536421
3644.943909
3657.066288
3599.613556
3167.520103
3122.533993
2998.121334
2809.296766
2897.363338
3112.593443
3290.354840
3441.781191
3400.948349
3155.391680
3306.196116
3091.032874
3105.692135
3246.871396
3400.383237
3056.830810
3062.949121
3085.589995
3144.860392
3038.157826
3244.592296
3205.514741
3428.667385
3557.426667
3819.301749
3846.041838
3872.581532
3823.669918
3839.838253
3645.666081
3678.513044
3879.151699
4104.250719
3829.954864
3768.622673
3888.317902
3741.137110
3419.861682
3495.549306
3467.175972
3138.717899
3302.408880
3306.666884
3208.412633
3104.785962
3042.084492
2833.340988
2858.185673
2937.868396
3021.729895
3107.866717
3230.978222
3249.327626
3245.437367
3490.685090
3565.853135
3400.383045
3314.336386
3252.794929
2999.070103
3187.555027
3549.991101
3647.989176
3805.512652
4218.887382
4114.535906
3758.664115
3744.197266
3713.654702
3420.836401
3347.896404
3417.737479
3409.481720
3462.438505
3364.310712
3401.672468
3684.426276
3665.772919
3886.896327
4081.083478
4227.558510
4110.745660
4188.682794
3986.366982
4081.834750
4319.311180
4151.474815
3906.199600
4004.259098
3633.846648
3082.275558
3057.609932
3173.980428
2881.402888
3031.170469
3201.504249
3080.842889
2947.391263
3059.739332
3049.293747
3129.127819
3640.028938
3672.686497
3633.860957
3900.178024
3902.163033
3624.104871
3898.030725
3785.602448
3378.482018
3553.613831
3543.335998
3361.294372
3449.111222
3428.852163
3085.406681
3036.247017
2975.179260
2764.221828
2878.082649
2967.234087
2826.147800
2807.989159
3024.754316
2842.263825
2838.084900
3118.065639
3132.621034
2991.560641
3161.275912
3194.675651
2975.737310
3079.848835
3076.131212
3178.434889
3359.860917
3595.355492
3476.477078
3611.236916
3783.358588
3566.034704
3408.739897
3527.297633
3384.308846
3071.244619
2876.132154
2788.239354
2868.020398
3260.714984
3307.658324
3321.185294
3308.633260
3275.845027
2987.592746
2916.408974
3090.786730
3230.295392
3205.527252
3467.573180
3655.721130
3640.029155
3799.634001
4067.725647
3734.339886
3756.696136
4104.687116
3934.797768
3507.283568
3728.358830
3577.034810
3250.997791
3339.213123
3236.807711
3126.430338
3441.357463
3315.037779
3155.402028
3251.453776
3276.011300
3034.916558
3219.007533
3292.567256
3509.299811
3697.576787
3652.403254
3652.403254
3850.721133
3816.013082
3611.236705
3894.051842
3721.097824
3510.520097
3510.520097
3676.112827
3338.550892
3502.216669
3782.816819
3985.546020
4005.759513
4328.843061
4142.705847
3764.210146
3512.552689
3314.163950
2984.567548
3297.372790
3538.814821
3487.483458
3702.217755
3835.219919
3715.612345
3529.444712
3392.617489
3066.920620
3038.268472
2786.485009
2849.779226
3137.797267
3137.797267
3160.283875
3366.380081
3556.662342
3315.193486
3605.744248
3462.448566
3557.748930
3510.947314
3574.184535
3467.835763
3455.469585
3519.793578
3507.434870
3427.827644
3339.816523
3393.036087
3297.652787
3293.495980
3708.625566
3770.190352
4138.354879
4311.335397
4113.075439
3832.836211
3695.643694
3386.484584
3278.074474
3302.422352
3319.135567
3595.354956
3452.069802
3199.269725
3301.556096
3555.331069
3600.155062
3712.838742
4056.211376
3952.092442
3620.138092
3448.405474
3691.575700
3587.126963
3587.030746
3730.184935
4299.096831
3924.545262
3579.090739
3625.857422
3448.183401
2617.500342
2743.768619
3200.781437
3186.434434
3219.376299
3574.996011
3546.620005
3267.472227
3432.837843
3324.391687
3281.447581
3578.579258
3498.394510
3324.391507
3658.025489
3772.594796
3697.072980
3738.888324
3753.395707
3479.086892
3227.497503
3460.958080
3425.353323
3322.889946
3609.449804
3752.725408
3345.545244
3425.353673
3595.287555
3486.772823
3390.825363
3507.059593
3525.013961
3273.388172
3250.644973
3334.687635
3042.042082
2999.602065
3155.344277
3161.495026
2940.730766
3145.213515
3417.982253
3428.086295
3397.446920
3497.605920
3583.467288
3368.591348
3372.751659
3485.200845
3497.436703
3476.873380
3632.239153
3456.076374
3312.808228
3550.421833
3427.586138
3347.675040
3531.817581
3501.285235
3282.220248
3541.872041
3460.345121
3411.151439
3574.567136
4139.200721
3820.057395
3981.898808
4131.028519
3940.930996
3347.674851
3298.629375
3140.880966
3077.748112
3178.372519
3325.141361
3468.461181
3406.462190
3809.533355
3805.456897
3780.974196
3793.124003
3666.704943
3122.646724
3241.217678
3079.592983
3014.184404
3280.186254
3298.629614
2950.922742
3083.630751
2967.193390
2728.267177
3079.592771
3347.674851
3546.326893
3869.632143
4192.992808
4145.885005
4614.302124
4274.890029
3976.247709
3887.449939
3791.379492
3206.073165
3754.464392
4173.681917
4021.196341
3853.209161
3826.461149
3450.018439
2981.484653
2981.484653
3157.773945
3300.994200
3135.410288
3325.141361
3697.785266
3597.404371
3601.690325
3652.602309
3444.021504
3113.451119
3158.863074
2903.493396
2833.376630
3042.153889
3066.556319
2970.620619
3218.177267
3596.400643
3856.390059
4060.163499
4358.800039
4307.914749
4045.754668
3955.716128
3955.716128
3957.794762
4045.754835
4050.081378
3800.161549
3822.589035
3609.713205
3617.982604
3579.212720
3601.690110
3373.544314
3412.251543
3618.831611
4062.880462
4449.677157
4711.311118
4916.079244
4840.280174
4821.895404
4750.371484
4839.037074
4935.166941
4599.499983
4215.163905
3914.195172
3721.487842
3263.067228
3504.777757
3520.804467
3512.713491
3528.269585
3771.801273
3671.541787
3945.636089
4258.582616
4081.201969
3805.228461
3852.333590
3498.305575
3226.525465
3239.424532
3347.904176
3397.152709
3220.775407
3024.848789
3024.848789
3108.192597
3143.965421
3419.571548
4033.392459
4115.216526
4090.647890
4184.832400
4227.901144
3757.215444
3797.410673
3565.860611
3322.456052
3633.372141
3923.906124
4028.061644
4295.967883
4294.323518
3889.006736
3625.148993
3352.368621
3436.338207
3573.523615
3610.166451
3845.756881
3898.720432
3553.146329
3434.632303
3387.268952
2922.895976
2818.829740
3014.867339
3035.715163
3003.509544
3281.003768
3460.873360
3581.338908
3571.259642
3747.157850
4051.888470
4027.374355
4027.374355
3880.077720
3828.988904
3878.304851
3782.949051
3459.893004
3474.136767
3541.330439
2966.766605
2917.543492
3163.409077
3337.204973
3339.362193
3768.776234
3890.746058
4046.093935
3825.264157
3579.819326
3631.111786
3724.078495
3554.248897
3721.917098
3807.777635
3486.825182
3360.417796
3208.978329
3165.951534
3137.522484
3335.672629
3493.271631
3593.417925
3634.225044
3808.123686
3671.285796
3420.564538
3467.831067
3199.864322
3024.341886
3222.177556
3204.675297
2956.981631
3274.082785
3308.799464
2990.046246
3007.239156
3093.302103
3120.045798
3271.357722
3322.456052
3530.909308
3794.516480
3692.355892
3590.312586
3559.536878
3694.754803
3684.588463
3586.200902
3531.068888
3463.162839
3060.013032
2812.611793
2976.105143
3019.003109
3385.366591
3653.462463
3874.634794
3698.561144
3894.985172
3768.214978
3495.557269
3395.141431
3687.847287
3632.697074
3655.229369
4076.263469
3971.801604
3753.136281
3726.509574
3646.738742
3263.066876
3150.773233
3273.568862
2945.953625
2765.576380
3185.147677
3491.788391
3287.075900
3475.296234
3489.454629
3061.521012
3047.301340
3298.879604
3223.029161
3298.879847
3799.606580
3564.508596
3429.456139
3566.345033
3474.602105
3153.006274
3476.292212
3316.575804
3148.966820
3376.166100
3269.509196
3040.741879
3155.128899
3040.742134
2788.623831
2928.644472
3139.010869
3049.240913
3163.820051
3427.795461
3179.279794
2868.583600
2866.620622
2948.276506
2916.184352
3057.432021
3589.302177
3957.497677
4211.239032
4315.824279
4227.025096
3969.118272
4224.950072
3971.234721
3824.154922
4098.801444
3863.501016
3305.037186
3305.037186
3448.347639
3412.684848
3711.604709
3975.522021
3846.465228
3709.113714
3777.905103
3626.595029
3356.594364
3550.991455
3462.783560
3494.055732
3518.674449
3573.830977
3711.131580
4275.557017
3967.406649
3828.349817
3850.685416
3732.128716
3380.069634
3845.880717
4193.525769
4021.720327
3933.769057
3637.108613
3278.038756
3161.389807
3147.120860
3169.622107
3327.272282
3311.783413
3246.420887
3450.677401
3452.854492
3651.322680
4027.856869
3849.842702
3962.467564
4120.119487
3870.634459
3639.819042
3844.747311
3869.302362
3595.174683
3701.276653
3778.657539
3887.337219
3670.702210
3776.993448
3873.073140
3642.476134
3429.745558
3581.150293
3884.040366
3730.439790
3878.999626
4085.746385
4093.825520
3968.944535
4122.387540
4117.840833
3995.338060
4111.911354
4066.949749
3962.467564
4113.354999
3900.711050
3663.396049
3579.372064
3339.935846
2852.544677
3159.178247
3236.941887
3171.750426
3412.833877
3567.920829
3283.713899
3342.952769
3610.719578
3471.779176
3474.281495
3735.919446
3595.014012
3187.538699
3175.051749
3055.911207
2775.248121
2949.272251
3356.366428
3442.184100
3615.366731
4016.063660
3995.762688
3805.495876
3932.504148
3832.809016
3388.541243
3214.507715
3169.768422
3053.469758
3261.603168
3463.579484
3425.248827
3486.680272
3546.044382
3311.222618
3358.064565
3474.755237
3249.662610
3202.424202
3585.832720
3618.445543
3526.140574
3771.246879
3629.768918
3288.118815
3300.457680
3302.101374
3351.283814
3556.016034
3493.927431
3418.341496
3677.808457
3385.369566
3432.329278
3561.043563
3526.313384
3430.055602
3677.546697
3565.086002
3631.847694
3797.576654
3556.015833
3433.145121
3682.887456
3636.347616
3478.634244
3550.484397
3452.237614
3217.082904
2984.266076
2941.240414
3054.072868
3096.674790
3004.651144
3199.672385
3269.078995
3185.460224
3150.614847
3197.730586
3199.868789
3123.902326
3267.535312
3525.246848
3602.825099
3735.789918
3897.391909
4183.843936
4150.976796
4142.873712
4107.381912
4494.047757
4271.052912
4156.691095
4109.583917
4003.032739
3614.533072
3456.851898
3383.451473
3501.823143
3517.614956
3539.836764
3519.500791
3480.484155
3441.651140
3472.705046
3096.477510
3147.464420
3161.711517
3149.545265
3149.545265
3388.750813
3370.213549
3628.271205
3427.825821
3205.988693
3099.957046
3087.617661
2802.849023
2929.824811
3105.263204
3076.494082
3029.736888
3244.207941
3616.527809
3463.165982
3631.498050
3582.122276
3492.198961
3449.109397
3661.931432
3649.654364
3592.334630
3512.550666
3144.644952
3164.216048
3006.799784
3418.194330
3366.973995
3305.577653
3107.983061
3184.291191
3004.191652
3009.891259
3087.906295
3227.435444
3117.084198
3163.968492
3511.756030
3495.390389
3586.205221
3837.730118
3649.654364
3483.850283
3565.700670
3577.032047
3306.838185
3213.016580
3292.700368
2987.738868
2850.199925
3177.970058
3406.681537
3267.814423
3611.065522
3392.190131
3105.578060
2992.729645
3117.670517
2992.729747
3347.589960
3502.926437
3357.953083
3044.745701
3063.233914
2897.011645
2677.767882
2833.402539
2825.768700
2729.223364
2899.625944
3308.984793
3270.036909
3456.326591
3550.618703
3271.153489
2945.839944
3320.654614
3340.745102
3387.793880
3625.003227
3498.155532
3101.010796
3279.311973
3422.229529
3371.265849
3962.645916
3927.926787
3682.521259
3535.131175
3661.325541
3555.142846
3749.402199
3941.703829
4021.600239
4021.592372
3831.332190
3610.122852
3419.966442
3127.606069
2833.058196
2764.960862
2838.510512
2800.226007
2875.942861
3006.470345
3037.292479
3339.912120
3518.010261
3659.081422
3588.037633
3700.633794
3383.755323
3354.873085
3346.771571
3519.597480
3192.189465
3169.744292
3071.539406
3210.689931
3412.364450
3670.335896
3966.596549
4085.551346
3952.648186
3925.811837
3759.943499
3398.092907
3197.687368
3232.300980
3185.860558
3400.641581
3453.776647
3603.057034
3873.214097
3549.731422
3281.466066
3461.708750
3435.261034
3027.478220
3411.471836
3538.301548
3384.820230
3728.450527
4102.851843
3916.714692
3877.897936
4070.048609
3689.583853
3585.201600
3598.540528
3590.439948
3453.301740
3596.415500
3322.246885
3213.769931
3156.265692
3105.428742
3117.507964
3270.885616
3219.934778
3449.063286
3776.701492
3670.335674
3625.101029
4017.302560
4199.257043
4035.788191
4074.776515
3988.503448
3645.454114
3244.335704
3267.043302
3136.065607
3280.952332
3427.436228
3517.563112
3476.421854
3768.880326
3777.232479
3697.528083
3699.358093
3805.773302
3658.556570
3707.662092
3756.305475
3766.646961
3641.886048
3756.305677
3469.871769
3301.512025
3481.555613
3203.549648
3092.619790
3283.171086
3314.096078
3037.935182
3332.518149
3404.265369
3285.550951
3460.826078
4008.980135
3820.546353
3640.524941
3622.290729
3289.615279
2743.671686
3123.857281
3304.048143
3428.959918
3621.735698
3617.691194
3194.225594
3079.437214
3030.767720
2961.756179
3180.306737
3158.324867
3307.435852
3548.763556
3686.263504
3397.944428
3510.619611
3530.857396
3539.047808
3556.764329
3605.881645
3632.525397
3699.917135
3372.773980
3228.307081
3396.220156
3320.880777
2850.060216
3003.938663
3256.411677
3200.930043
3587.557869
3698.072337
3534.546181
3490.134435
3672.033627
3390.004155
3633.183286
3882.777674
3612.359354
3301.511873
3325.908540
3234.131640
3111.923357
3239.680366
3401.227577
3378.666985
3372.491787
3482.839567
3914.599139
4227.763200
4487.544747
4773.671684
4927.266856
4583.549032
4583.549032
4565.537303
4092.877003
3741.003269
3745.273045
3381.098795
2953.632401
2988.535740
3117.332026
2860.012936
2860.012936
3179.211362
3361.487126
3234.676066
3467.461928
3755.715727
3467.461928
3362.993713
3682.183450
3593.455675
3335.549474
3476.810210
3595.657788
3217.258958
3123.791856
3277.341182
3410.602043
3277.341182
3418.664820
3493.951279
3160.499355
3154.481358
3393.648458
3301.573680
3417.089675
3539.550326
3471.989208
3494.585473
3967.084547
3878.632353
3970.647515
4062.611421
3839.729476
3563.687117
4031.050978
4131.124372
3961.637453
4008.717494
3920.945699
3508.262099
3473.797161
3753.955086
3831.858396
3735.503696
3786.454436
3929.541074
3751.783712
3702.421583
3860.171432
3911.304774
3741.345680
3796.743806
3870.385988
4029.781757
4207.116693
4264.243291
4311.360724
4229.497240
4198.768260
3753.491369
3546.831464
3380.897974
3183.024669
2892.622908
3171.624540
3265.690602
3140.343190
3355.327748
3394.265703
3174.618934
3195.488740
3315.972444
3265.046188
3330.443864
3782.695400
3835.618632
4009.818819
4089.398143
4003.412495
3733.007878
3698.285737
3418.216819
3340.289024
3514.058884
3627.223874
3770.398880
4191.955022
4294.347819
4187.825129
4041.419576
3728.520280
3374.718788
3290.609612
3284.655373
3227.104953
3311.111912
3406.863924
3335.275399
3458.169992
3741.869829
3934.107269
4251.425877
4459.771120
4486.612882
4393.408399
4352.507307
3947.438997
3734.715649
3704.021126
3688.343895
3584.162971
3825.421595
4165.030588
3897.075860
3844.111379
3815.275045
3514.381639
3268.955010
3502.095206
3222.914830
3323.170465
3333.582440
3364.168079
3302.618331
3378.202920
3153.076249
3238.997759
3371.964950
3322.820189
3331.838608
3636.694845
3732.651240
3429.934534
3475.106939
3572.585235
3523.430353
3275.704319
3249.369425
3228.583341
3273.334472
3166.740881
3312.235238
3314.407600
3143.169965
3014.241974
3190.373919
3063.441937
3219.231441
3262.037743
3275.104402
3146.413551
3166.723554
3035.970910
3099.469343
3077.129695
3187.489535
3471.881520
3815.619101
4024.381613
4319.067819
4294.654044
4493.075243
4262.148115
4112.641731
4170.065975
4544.615083
4270.324747
4309.336615
4227.482362
4125.614565
3742.992384
3914.579589
4188.930102
4203.136713
4220.966526
3913.969705
3691.226130
3580.578847
3807.528994
3752.365780
3938.687097
4116.361385
3729.607557
3660.177259
3498.382698
3837.823563
3680.537966
3962.720183
3840.046186
3853.336431
3581.258459
3632.501955
3413.388572
3507.505534
3365.791209
3184.092020
3116.502435
3083.294897
3187.633007
3280.767960
3225.938872
3231.825130
3377.095117
3078.207302
3007.185698
3230.565675
3007.185698
2935.508601
3144.695978
3105.030818
2853.099996
3026.466470
3211.053785
3098.175630
3196.054494
3541.557495
3568.190448
3400.616228
3472.043482
3780.146743
3452.958994
3397.765133
3191.215773
2961.835595
2567.413115
2720.495321
2759.596858
2990.945300
3154.686438
3429.405977
3259.556518
3130.515392
3004.135537
2782.949193
2463.760181
2701.070304
2801.373904
2854.195637
3161.342251
3458.426696
3290.467245
3376.598921
3707.915634
3677.249078
3783.566649
3685.426822
3628.184150
3672.927073
3728.425694
3551.085794
3747.513001
3591.968011
3219.709644
3238.076794
3191.651752
3269.149985
3436.890246
3535.194876
3623.355480
3742.992384
3476.861643
3441.994684
3413.388761
3112.723254
3112.723254
3344.004267
3317.225894
3423.913076
3339.885707
3016.365054
3089.909850
2998.174683
2787.584297
2899.489295
2895.306466
2762.773723
2909.851160
2971.110477
3138.508124
3617.497941
3824.256412
3850.448329
3948.804869
4169.790352
3901.725263
3686.753351
3697.216530
3664.373341
3547.478957
3764.673852
3799.559022
3818.146106
3934.576414
3910.342645
3775.098028
3854.623548
3961.234530
3680.845138
3699.146171
3825.466697
3725.332682
3477.431273
3418.195936
3188.380858
3144.545716
3201.308447
3348.795968
3506.256882
3673.874117
3354.858598
3242.331341
3056.312395
3082.764779
3075.019173
3468.920346
3804.743364
3880.175018
4174.922036
3952.107168
3515.138815
3055.301782
3398.697735
3022.415967
3353.698591
3832.623756
3953.225740
3660.472225
3814.144415
3603.180440
3435.086602
3430.582409
3533.192407
3608.876422
3752.027467
3942.497450
4312.638058
4302.385552
4392.605532
4367.935319
4177.482637
3895.060652
3942.161753
3890.996804
3909.462397
3789.728550
3873.700850
3818.466837
3493.197474
3355.885745
3451.434899
3297.893733
3285.687416
3455.390038
3238.588444
3055.001839
3242.871026
3267.611438
3204.218003
3400.477377
3495.654803
3569.158638
3385.185351
3338.288548
3315.575174
3411.149552
3400.765165
3539.764073
3564.471506
3889.620876
3772.257015
3553.390013
3512.310453
3444.866645
3246.622080
3441.438364
3439.553283
3376.121184
3668.561056
3660.329996
3480.744907
3603.461620
3861.521138
3654.800170
3613.911863
4012.782273
4098.757794
3965.611563
4343.938956
4235.700557
3856.927190
3885.530912
3834.154792
3505.030176
3734.063959
3900.477301
3748.802378
3996.330224
4076.187137
4059.811883
4135.205482
4253.977705
4153.625874
4284.321670
4030.807274
3647.448008
3684.365268
3338.642844
3087.095011
3315.877720
3637.366566
3502.149094
3664.112859
3643.333859
3475.783265
3318.374705
2964.543800
2917.368428
2976.416282
3083.023771
3289.157058
3471.292580
3534.805320
3590.036522
3575.446925
3347.372015
3695.192210
3758.601104
3699.157419
3856.927190
3843.670158
3814.890562
3880.175018
3972.137463
3798.580329
4095.419502
3923.478702
3690.608925
3737.457139
3976.866940
3728.574584
3724.561618
3902.349221
3652.735314
3419.656756
3747.663908
3739.391385
3698.493884
3839.784666
3864.152122
3462.868009
3459.227181
3590.036046
3622.823199
3714.769837
3985.455244
4224.557875
4036.250704
4003.481339
3962.576230
3805.309572
3702.793563
3706.876560
3835.443447
3939.765717
3890.808907
3716.725650
3700.504365
3420.140884
3279.123279
3402.892168
3601.750133
3478.792563
3691.664165
3820.427689
3789.471704
3785.407600
4215.150293
4243.844466
3992.022572
3943.254843
3720.499165
3607.957049
3433.999652
3783.628088
3655.215900
3691.920664
3628.582335
3718.524395
3319.973304
3629.940077
3701.431625
3466.606312
3345.602267
3400.812752
3152.443292
2892.972109
3019.276715
3005.228295
2833.338967
2803.989079
3273.299782
3436.618446
3645.660564
3848.001869
3885.751993
3574.616552
3273.937019
3204.535470
3529.612983
3587.264750
3759.112033
4166.225228
4151.861139
3804.359317
3799.617434
3805.810471
3611.216484
3683.232682
3764.734382
3585.382162
3489.296664
3659.123198
3810.402449
3708.094011
3987.391524
3971.096336
3572.247339
3246.867778
3334.864577
3263.711752
3147.290020
3327.490630
3550.469841
3599.312309
3730.054624
3787.438776
4002.159647
3959.410191
3697.560985
3342.789211
3377.674893
3252.612280
3430.637464
3815.384578
4105.592746
4416.529096
4480.111869
4700.818978
4651.898642
4594.467318
4610.663157
4457.351001
3921.521944
3798.631833
3767.627656
3301.169490
3284.783865
3270.192989
3118.695783
3178.885654
3493.910494
3559.336807
3857.939321
4254.864191
4081.682312
3840.524647
3763.093238
3392.740143
3116.702803
3446.799780
3418.179166
3274.678129
3303.310128
3305.560852
2886.069012
2925.712229
2962.112313
3037.959151
3213.909939
3395.463503
3594.272067
3657.576493
3763.939387
3626.795534
3482.895381
3266.230654
3449.893815
3482.895381
3431.440208
3755.157282
3984.455042
4147.863791
4762.004585
4870.217811
4632.915186
4543.162354
4526.529952
3788.152587
3726.854816
3689.002703
3631.991552
3411.048616
3429.317336
3335.115784
3590.104921
3923.366316
3731.221508
3735.311339
3825.253930
3625.751378
3357.938244
3826.156989
3975.846466
4071.654176
4209.199514
4414.004839
3967.785012
3751.025721
3476.769858
3233.040293
2959.110880
3216.844710
3341.308715
3546.085734
3603.359985
3599.285582
3595.455599
3650.520534
3793.552753
4236.926158
4349.494757
4456.095176
4415.007922
4441.369738
4120.279264
4281.812802
4191.879847
4071.052256
3935.919814
4013.583722
3806.915320
3833.605689
3886.861350
3827.462184
3894.160567
3773.242766
3501.305406
3715.869325
3730.215132
3790.082726
3914.778821
3922.994464
3751.350350
4074.633315
3828.489595
3879.550932
3859.039906
3697.670800
3380.229311
3349.675100
3382.204582
3564.358186
3815.805719
3848.593492
3875.214624
3609.334761
3398.559627
3331.141204
3300.573701
3058.802455
3132.413479
3500.850454
3629.550317
3520.916943
3667.291095
3884.400113
3501.671282
3321.671198
3456.623928
3290.309838
2975.618139
3108.057442
3120.751624
2979.604480
3232.154810
3350.865084
3267.202876
3363.082519
3391.998416
3285.403546
3391.998416
3823.629094
3618.706045
3714.955570
3881.088874
3604.835198
3273.659500
3480.118130
3382.006518
3328.862970
3594.995545
3471.917544
3385.894204
3520.916943
3392.713939
3255.699753
3611.184079
3488.689126
3357.911559
3550.711026
3744.797515
3360.368334
3335.631624
3268.327019
3336.941633
3273.659500
3523.125636
3766.657405
3737.994602
3545.308896
3759.798205
3588.045437
3350.865236
3451.067825
3236.069803
2800.522471
3004.881312
3056.186711
3108.685885
3401.522587
3401.522587
3323.952434
3682.101855
3514.147905
3297.203972
3438.487651
3468.785235
3100.663550
3471.005881
3849.824879
3901.342675
3839.807533
4109.829950
3954.321711
3701.547907
3949.135516
3846.928889
3615.823090
3368.353462
3219.733145
2945.587715
3105.331734
3107.151472
3270.703749
3483.519682
3426.368185
3489.798165
3354.748335
3385.332135
3558.189769
3539.789845
3376.311012
3588.900476
3363.909830
3259.771053
3497.113618
3599.285410
3515.366977
3671.119068
3593.360622
3247.437308
3086.288783
3301.014680
3298.857247
3429.586214
3607.756914
3672.798460
3638.125502
3867.211032
3610.129461
3553.119633
3731.064140
3469.033718
3462.854524
3655.983193
3641.729859
3486.397933
3625.262949
3394.048595
3502.492770
3580.448558
3635.782455
3969.104315
4087.924989
3834.990780
3776.109798
3970.211959
3622.489472
3534.557019
3725.124025
3800.521350
3743.482460
3798.753512
3829.258593
3749.552478
3921.631735
3769.953339
3638.946284
3638.946284
3461.867028
3105.798745
3048.804687
3150.892753
3204.245601
3303.667701
3567.570190
3700.647048
4058.635079
3988.860694
4022.178968
4312.661819
4165.465331
3703.133261
3962.922724
4166.962455
3896.818851
4234.497222
4467.508647
4127.962310
4150.242548
4309.810647
3886.386993
3679.773895
3998.775271
3646.550655
3405.174282
3740.573602
3947.196493
3582.925297
3653.817257
3697.101627
3482.198384
3271.306749
3316.225437
3453.789057
3279.913018
3470.088487
3791.414069
4255.554199
4319.961145
4342.528372
4324.156171
4219.992026
3953.854130
4073.594711
4235.059975
4122.528057
4288.614679
4288.614679
3951.528664
4114.997091
4215.440552
3828.648577
3863.488938
3987.499536
3752.410109
3676.748609
3553.880699
3374.054704
3473.714239
3328.464158
3148.250597
3392.002987
3324.116051
3036.195913
3349.273249
3520.767386
3424.957354
3459.848530
3698.845761
3257.225197
3066.677333
3044.143307
3038.041538
2841.276169
3293.052463
3575.167431
3724.777357
3935.218621
4137.073877
3975.667910
3959.176396
4153.503905
4073.791295
3874.251934
3870.322166
4019.582542
3935.385222
4039.915214
4252.824665
4457.330795
4052.125123
3831.348923
3603.938334
3581.925129
3404.065190
3336.335378
3195.425046
3520.468529
3190.436829
3018.517558
3268.192161
3306.956798
3035.034033
3544.785332
3704.308939
3458.868594
3552.943244
3378.865062
3092.844297
2984.458817
3138.016927
3369.129678
3776.571068
4228.524882
4549.383310
4715.418821
4522.964581
4668.095851
4612.863503
4578.048890
4639.517661
4471.810905
4209.873306
4107.883671
3885.080049
3815.361077
4136.608592
4116.072203
3963.093057
4067.496329
4308.935140
4065.411723
4075.389426
4124.072283
4093.347635
3988.710811
3935.585808
3769.981349
3685.805832
3824.994986
3461.006693
3597.855949
3720.806794
3421.122594
3106.292175
3275.990024
3220.593570
3214.518335
3553.905055
3598.886354
3412.695176
3471.946378
3819.786537
3759.825463
3946.166481
4238.768134
4068.737224
3569.573506
3609.625953
3439.865884
3327.488952
3648.468902
3564.652555
3334.285752
3632.814548
3507.876775
3219.646996
3438.719763
3425.258783
3253.150221
3519.332161
3613.431644
3746.483614
4103.260620
3820.740166
3573.341189
3606.140345
3462.675303
3338.870997
3997.541734
4283.774140
4267.424229
4419.107862
4230.225464
3757.953923
3510.654031
3518.686355
3406.075081
3519.175907
3525.385597
3523.163633
3306.344962
3105.819659
3096.851950
3207.223862
3121.506593
3360.932054
3448.837928
3401.936660
3527.107105
3647.821432
3850.179755
4118.231514
4355.246097
4275.720457
4378.074646
4459.731325
4167.392944
3786.082859
3647.032460
3501.692556
3105.159236
3348.247346
3691.789723
3787.972856
3894.465891
3875.805429
3793.857093
3729.679155
3666.246710
3838.118372
3901.777903
3813.888252
3663.224028
3476.768521
3118.513189
3468.509744
3571.040908
3581.948895
3692.342523
3913.419538
3798.918133
3862.408541
4247.697333
4417.710054
4131.081699
3848.919038
3832.818789
3486.936625
3358.073864
3476.612492
3672.828419
3783.480977
3699.218995
3648.143440
4069.485062
3959.207728
3965.262443
4171.239239
4079.275669
3659.941486
3702.755738
3346.969754
3280.382193
3417.730868
3562.924884
3460.711585
3666.948244
3607.449697
3639.831311
3580.649912
3836.295175
3691.280587
3648.962795
3777.779897
3826.914181
3681.771633
3794.003526
3670.377023
3453.338058
3306.033702
3379.441369
3312.164318
3343.146571
3212.502987
3357.633534
3122.163618
2981.067889
3076.479742
3415.979903
3419.999426
3479.321417
3671.659432
3609.625953
3503.115397
3460.558386
3478.613813
3579.130975
3587.755776
3407.679358
3358.531851
3434.428738
3121.172837
3083.251502
3332.942063
3205.987571
3136.747297
3427.151349
3467.184026
3358.486611
3461.022348
3620.255882
3528.272056
3572.713645
3609.508120
3648.322899
3707.711468
3707.711468
3805.230725
3874.801073
3891.065983
3889.009228
3778.363211
3787.456050
3879.444674
3744.352621
3394.541768
3486.826980
3455.636353
3345.286686
3664.442834
4104.259785
4098.199441
4494.717087
4464.090351
4230.516249
3883.040365
3862.753136
3417.422858
3359.857174
3308.630173
3584.958778
3932.857305
3906.209406
4018.697579
4182.337681
3987.802179
3857.157775
3985.905304
3954.833490
3930.294098
3972.989994
3768.631956
3992.424084
3967.974208
3816.539259
4057.930002
4215.626349
4058.120441
4328.186845
4436.583659
4189.163457
4068.293408
4409.682778
4180.789491
4113.229970
4186.626482
4297.157643
3681.090592
3492.925402
3715.760652
3744.352804
3654.498356
3955.790651
3984.705243
3810.575715
4045.814580
4039.801290
3871.411490
3897.869235
4053.265806
3836.476546
3854.910164
3834.862050
3787.991590
3878.140764
4141.964696
4397.710173
4732.448061
4910.457302
4689.554215
4409.074624
4126.701968
3659.140129
3757.218569
3744.849429
3446.384102
3288.776677
3439.611521
3112.438155
3234.949489
3519.348263
3388.250504
3368.520745
3857.442435
3914.503342
3722.238125
3994.482028
3916.935667
3372.847722
3542.282443
3806.305886
3871.902066
4093.528466
4234.663219
3803.187435
3991.345289
3952.541241
3777.275880
3983.777007
4090.193129
3668.829246
3754.685450
3639.334172
3792.908645
3848.178582
3921.910019
3811.250617
4352.140945
3957.190996
3705.595707
3597.114974
3335.254906
2967.315183
3206.591673
3343.913862
3401.081011
3526.007749
3300.099608
3042.091454
3090.910057
2964.473560
3005.245177
3193.669354
3144.752169
3060.482081
3312.305007
3414.447870
3527.630435
3427.492778
3455.979617
3523.606337
3566.376158
3521.983120
3640.794335
3499.704020
3311.678185
3231.753975
3131.924918
3295.745132
3330.320899
3330.260671
3694.404886
3714.294452
3755.096745
3697.917840
3644.861854
3532.186403
3538.889146
3448.794754
3520.294433
3604.067853
3467.382446
3529.174243
3778.610199
3637.657666
3656.132440
3535.337477
3792.557604
3507.981583
3864.017028
3862.185240
4101.429963
4068.085527
4289.250420
4250.344400
4106.953380
4029.295209
3982.544135
3894.800479
3890.673004
3849.637545
3706.563153
3737.631974
3637.365666
3508.333032
3661.830082
3800.842734
3433.044638
3559.983365
3533.567546
3363.540977
3273.638344
3457.489399
3269.158164
3312.245950
3332.669901
3152.558341
3303.240849
3438.652889
3459.026846
3728.851446
3857.767734
3656.132237
3727.832999
4165.430332
4071.308233
4224.902596
4408.853797
4167.523490
3727.669676
3997.661373
3825.616522
3836.712908
3847.071372
3771.359087
3605.642178
3632.375553
3494.810295
3677.005265
3732.087274
3814.143303
3697.511474
3546.751804
3626.363104
3538.597707
3239.661385
3628.523364
3632.898391
3387.372686
3467.382290
3360.870670
3051.845875
3342.210687
3323.759432
3448.675246
3704.446916
3603.906729
3435.783331
3529.736119
3314.961240
3268.026403
3429.561474
3385.184436
3419.949014
3448.675246
3450.618425
3278.886597
3356.303345
3425.977944
3413.553149
3338.102642
3773.698035
3715.997832
3583.074973
3785.691698
3726.431312
3302.685970
3564.470356
3455.900281
3159.287032
3096.194548
3329.106105
2967.513527
2953.572433
3454.724107
3569.157204
3274.619466
3447.888247
3480.248768
3048.904170
3117.999383
3300.546164
3286.990615
3421.734558
3788.265929
3786.188870
3796.624538
4015.722520
4265.479261
4052.516085
4077.219502
4206.258876
4046.330241
3715.085340
3520.586489
3418.570555
3590.417325
3391.177340
3345.883793
3550.557053
3425.648805
3010.054835
3287.337529
3375.445619
3418.420415
3706.757598
3794.435609
3599.552154
3464.360812
3458.631768
3519.867759
3611.703744
3587.537807
3857.642391
4045.752005
4068.227436
4299.598821
4410.267061
4221.924659
4015.171215
3845.438403
3941.172323
3841.196943
3965.853413
3943.494571
4041.605350
3744.902836
3683.121322
3611.112367
3711.817090
3492.797019
3365.917574
3350.556685
3413.670834
3450.565626
3503.872108
3395.190010
3448.645016
3603.867060
3297.277466
3346.366580
3630.777687
3978.552930
3962.242447
4150.451510
4299.892135
4119.841703
3758.558181
3429.222376
3500.947852
3758.558181
3801.373364
3952.422190
4179.082713
3988.779707
3727.282841
3902.842321
3847.729929
3731.112429
4017.428927
3763.859575
3659.528618
3752.678156
3928.426640
3869.393649
4100.410380
4161.642830
3999.802575
4077.645168
4081.471513
3922.194200
3918.015029
3986.940979
3767.981927
3487.524023
3477.313172
3172.726964
3088.386852
3344.151843
3526.202930
3630.580527
4111.176346
4084.861510
3798.393264
3896.351706
3773.655040
3597.738305
3735.216863
3579.714192
3299.573893
3551.057309
3385.278207
3230.346706
3473.822471
3586.078995
3651.747022
3774.409082
3758.874355
3754.730771
4164.071861
3914.241173
3799.672283
4061.440504
4239.299316
3965.180551
4130.673917
4247.159653
4143.273708
3764.645779
3466.504394
3476.364200
3322.842886
3214.177542
3349.592551
3603.004636
3427.201640
3607.345891
3828.732067
3826.600081
3675.414516
3634.285167
3409.547072
3158.960678
3477.986812
3742.075119
3833.969529
3920.179052
4088.427976
3672.893606
3462.356009
3577.102626
3607.853688
3341.653157
3292.737266
3331.564653
3034.960211
2917.676510
3208.481133
3349.961401
3251.339339
3431.339425
3462.224427
3378.066166
3828.099383
3979.456359
4014.176126
4233.474851
4193.272802
3726.924683
3671.580967
3710.635900
3642.804101
3596.361294
3817.393373
3782.714108
3535.036115
3506.376035
3778.736745
3610.948389
3633.571833
3842.526697
3668.513265
3440.225927
3734.901671
3785.982964
3857.610104
4146.019644
4256.730210
4215.959538
4416.260560
4303.881361
4354.888197
4574.440436
4333.080848
3981.331524
3987.313860
3866.444797
3669.473183
4209.521954
4453.056737
4631.227261
4569.976968
4437.162322
3999.391622
3790.848706
3404.303830
3385.615750
3348.053547
3186.477319
3173.967768
3411.649025
3593.604794
3653.251763
4013.449871
4277.436925
4027.687873
3833.487493
3715.890329
3468.359140
3241.271297
3501.323262
3493.075341
3430.785595
3148.616751
3244.994856
2944.587676
2802.711084
3018.136941
3169.346203
2964.708462
3191.824877
3230.799238
3024.737623
3077.639025
3077.639025
3059.305641
3409.278452
3484.364241
3595.178481
3785.218018
3717.622452
3590.994545
3985.701077
3780.830646
3866.542363
4052.713978
3880.936773
3630.690377
4152.265200
4025.518366
4011.130864
4205.652565
4125.818811
3763.667692
3753.441642
3524.366880
3511.882194
3693.605201
3816.325981
4014.810302
4577.524447
4622.344565
4595.668371
4434.450173
4188.829339
3865.258706
3802.116024
3462.786533
3311.786333
3407.707750
3264.531170
3107.003940
3393.011772
3315.167187
3421.270935
3679.393173
3799.898993
3585.083144
3820.262195
3767.280480
3560.520689
3534.126670
3545.153469
3379.152888
3447.004063
3276.888507
3096.847446
3307.465723
3522.141875
3403.617580
3847.653463
4291.412367
4289.437752
4050.131885
3982.310996
3962.033025
3793.996773
3874.096985
4062.311202
3908.623948
3548.569395
3342.092845
3129.544476
3105.154982
3362.617386
3462.669713
3602.068985
3659.620004
3610.285412
3690.476642
3987.010084
4021.722787
4008.499625
4435.918807
4398.952658
4026.726743
3963.292359
3741.814540
3369.283988
3533.250405
3752.079711
3772.477068
4129.152773
4008.664649
3834.507326
3902.142243
3871.546199
3729.498760
3870.932790
3895.241412
3711.458721
3844.402063
3970.593285
4146.467819
3958.207211
3937.995435
3864.058221
3806.445206
3405.639022
3380.835750
3411.798060
3311.657998
3158.635594
3344.770894
3416.406372
3712.972952
3592.162371
3645.651483
3716.894612
3721.206179
3612.615967
3852.113340
3932.010816
3939.975406
4169.305679
3933.919398
3974.987905
4254.172994
4041.114302
3920.565622
3922.159876
3846.325216
3628.884785
3733.014249
3657.455770
3708.376462
3487.509617
3195.191862
3084.582358
3250.312751
3217.741660
3350.674204
4008.896669
4196.949129
3934.974210
4006.840657
4207.277738
3863.696527
3892.237497
4313.426688
4319.865616
4364.925188
4466.773566
4659.412775
4448.353201
4509.978108
4501.558476
4384.003915
4036.355703
4138.553629
3921.933710
3596.493398
3780.496031
3968.668084
4007.738610
4234.689525
4433.340304
3965.433108
3656.585443
3415.020484
3386.326241
3296.739826
3750.897266
4350.217997
4293.074518
4190.702304
4354.431370
4265.779809
3770.585624
3860.756539
3782.977695
3394.118109
3159.233524
3586.784391
3732.036646
3928.412344
4235.293796
4024.887432
3572.743565
3396.780331
3306.707669
3063.259398
3351.308046
3496.658950
3410.936426
3283.952456
3328.925956
3257.965843
3323.353364
3321.467221
3579.291711
3566.765117
3682.189900
3718.963171
3845.934427
3894.883193
4136.350558
4195.935474
4194.087940
4189.985619
4206.512534
4237.007037
4456.731770
4452.497110
4327.493515
4427.908112
4387.069799
4136.518461
4316.591133
4338.852780
3921.812083
3995.392471
3966.323893
3651.566505
4021.761547
3948.121851
3729.086441
3984.055114
4131.129906
3718.039722
4033.255541
4012.723782
3631.710150
3756.227869
3854.386262
3864.515000
3972.841156
4017.409934
3814.985697
3792.506233
3495.766688
3393.501083
3158.681692
3027.187359
3082.847182
3336.424583
3414.142423
3715.638564
3701.329896
3462.074319
3234.978395
3271.845106
3535.427721
3598.929808
3721.654352
4026.482845
3924.120920
3596.206765
3491.878247
3551.190849
3448.874541
3590.161333
3820.473031
3959.855481
3916.804818
3840.899405
3699.829246
3422.720314
3439.377297
3441.226933
3439.377297
3596.645234
3608.005410
3871.766719
3992.316229
3845.322260
3564.830065
3389.894390
3146.362855
2980.727704
2972.464227
3188.883639
3151.551486
2877.169287
2798.031625
2934.778578
2854.410837
3273.845162
3554.121705
3760.581323
3754.587725
3967.333236
4025.120796
4295.033440
4569.058138
4665.352113
4434.405925
4185.845975
4083.730367
3582.368665
3355.243461
3582.368864
3496.003528
3365.152311
3534.937914
3453.125680
3401.623736
3596.863114
3498.704796
3652.213253
3711.709321
3376.120184
3218.927928
3353.697592
2961.205130
3059.106929
3541.715770
3628.359806
3630.435710
3869.974025
3853.344529
3748.979363
3715.691288
3637.950296
3848.717228
3758.759670
3519.430974
3853.934442
4113.892081
3927.694383
4042.160136
4128.099203
3953.225033
3705.525845
3664.656247
3720.070465
3814.143489
3694.325509
3722.856863
3851.845343
4103.551933
4277.381869
4472.444173
4640.189954
4744.325380
4652.370728
4603.314860
4547.701895
4367.786661
4177.611842
4240.825527
4175.761142
4193.314082
4379.558146
4612.652684
4414.408487
4479.751405
4295.576672
3872.340019
3506.095992
3722.856863
3239.976910
3042.621612
3312.805197
3368.330863
3063.308005
3288.382537
3399.235489
3141.060217
3258.016277
3513.634268
3448.436505
3441.584630
3642.170875
3376.283296
3024.612269
3300.704714
3491.110079
3452.326908
3863.459868
3953.518691
3622.084286
3493.532325
3609.972719
3286.819679
3315.424507
3393.255297
3570.535721
3400.764334
3537.927940
3744.284869
3951.044269
4106.063628
4249.362451
4339.207647
4214.717123
4122.497533
3901.165581
3743.454718
3688.089972
3780.158533
3823.410634
4115.682755
4316.375333
4416.301067
4369.209952
4236.398215
4194.308233
3844.698059
3545.996310
3531.475250
3668.559943
3384.933580
3708.049629
4086.799592
3810.345894
3665.094590
3520.890396
3384.235534
3396.194191
3903.367885
3911.941920
4244.508546
4463.239734
4273.104146
3927.192743
4076.539483
3834.784684
3697.918337
4021.329450
3875.754541
3632.509834
3834.006708
3909.925041
3705.226878
4052.826193
4208.459894
4046.493345
3907.427668
4198.142724
4159.047197
4126.488377
4115.317845
4326.279844
3689.999270
3706.187251
3823.010357
3858.158638
3792.884155
4077.353946
4214.594738
4343.343422
4469.974226
4433.372937
4561.921949
4523.079275
4392.218341
4326.026192
4577.456975
4569.027156
4440.342668
4757.304837
4597.866941
4329.634206
4442.075572
4178.256149
3787.696882
3823.373717
3819.048103
3467.358183
3546.979908
3606.436422
3675.047301
3671.070623
3744.406122
4067.773937
3799.681496
4010.500423
4059.441796
3936.637449
3993.911475
4352.038859
4126.035383
3978.563124
4033.942300
3501.864491
3342.348860
3444.351737
3540.397325
3671.460998
4142.011110
4103.162231
4063.023611
4147.010025
3965.049096
3809.496558
3952.905986
3917.286765
3841.501779
4220.250007
4181.389608
4191.468654
4255.493601
4075.644444
3801.386371
3777.062874
4008.259007
3748.767104
3810.159367
3847.038653
3642.414700
3204.723093
3455.022536
3539.003894
3471.412319
3872.480595
3804.997683
3483.472177
3379.084995
3421.889526
3090.580990
3197.365813
3376.740100
3354.234661
3037.241016
3153.761659
3297.031739
3204.038088
3224.324834
3604.568029
3517.014669
3293.692000
3453.410555
3475.908486
3502.266775
3887.113428
3891.120439
3729.260022
4142.596359
4122.167743
3792.818149
4126.318374
4283.525866
3978.727635
4234.577155
4427.179176
4478.196542
4562.080420
4296.032183
3750.020735
3627.260884
3191.634445
3145.040943
3453.886527
3687.080745
3683.132858
4137.165854
3922.202371
3705.346949
3670.784154
3521.017648
3312.485359
3857.744425
4052.073034
4019.505993
3994.937123
3786.157935
3405.113105
3288.350989
3266.127034
3505.304599
3640.089310
3748.767536
4066.127972
4041.288538
4156.118118
4121.256008
4050.398111
4172.779262
4217.989222
4127.896235
4504.429187
4304.921071
3920.605953
4026.653404
3797.790220
3507.027127
3476.064207
3547.462205
3649.890772
3956.738145
3897.448894
4012.750116
3937.050596
3781.721819
3652.574977
3791.891724
3687.587517
3589.405373
3716.126513
3691.721050
3466.966599
3728.262820
3894.105328
3660.587299
3591.231791
3585.010748
3496.326279
3387.865523
3414.393322
3435.296525
3756.215952
3649.888380
3478.014642
3692.760688
3662.257343
3418.864464
3651.610335
3759.759415
3596.242777
3712.908620
3698.478736
3468.027812
3547.604644
3566.107887
3506.885084
3811.711635
3866.990354
4116.666559
4233.660543
4321.370727
4278.366456
4420.253720
4495.868981
4565.570501
4368.825897
4068.214385
4066.296721
3642.557230
3501.522966
3963.800821
4278.833750
4245.667932
4482.856297
4280.411261
4020.873037
3832.609077
3705.994253
3622.251645
3705.994463
3456.404153
3466.979823
3251.522184
3127.025495
3405.283751
3636.420282
3671.216736
4147.465466
4129.087624
3932.929721
3987.865110
4102.628539
3956.221635
4291.678194
4099.577590
3982.681683
3806.872326
3753.847813
3694.488781
3853.919212
3753.847813
3788.597405
3979.098206
3858.289791
4007.950805
3825.603566
3627.279365
3492.099388
3400.139666
3101.062961
3232.267776
3197.660276
2955.716371
2923.003996
3227.835934
3442.598875
3723.023842
4046.478246
4290.142686
4126.475373
3854.254839
3686.571854
3538.265994
3491.094915
3787.714520
4055.721065
4379.049491
4210.515721
4155.397007
3877.009724
3801.206366
3531.300075
3930.180956
3952.920221
4051.088079
4175.937349
4353.925358
4092.167129
3842.757286
3746.586949
3617.657074
3310.987585
3301.739806
3533.172872
3694.663520
3645.748145
3901.449245
3874.712163
3981.206902
3557.505723
3535.057834
3412.332837
3354.712753
3342.365897
3698.328684
3755.594008
3700.426027
4026.228880
3780.751056
3483.921914
3384.060877
3275.263262
3224.562382
3435.376334
3695.003085
3664.368244
3873.010141
3994.954391
3718.625870
3462.740316
3642.827245
3685.895810
3317.957715
3563.734476
3663.962266
3573.769184
3657.669576
3859.190621
4098.742135
4252.274077
4301.068667
4176.626634
4067.788163
3824.540468
3885.842268
3728.276846
3726.240486
3624.324277
3540.242374
3798.268002
4260.353404
4289.237981
4504.197961
4696.403975
4352.752869
3857.630983
3599.695335
3422.326098
2990.963184
2837.826859
3300.133590
3442.974696
3401.052782
3452.388024
3591.463729
3206.579304
3090.124831
3234.336141
3224.014799
3031.700848
3401.670015
3764.069470
3821.613147
4181.906681
4365.968032
4310.603041
4283.932986
4492.521142
4492.521142
4609.267201
4522.997051
4553.929686
4225.804615
4051.879413
4078.349705
3824.869166
3616.174628
3919.884959
3946.351406
3846.183394
4290.059732
4067.114531
3701.290211
3711.763260
3560.209633
3234.936830
3828.203215
3876.893900
3772.652216
3981.421578
3754.217882
3328.758637
3279.940000
3066.909208
2862.294330
3113.905164
3269.523918
3533.635013
3744.053474
3821.812174
4052.888346
4161.412739
4452.021559
4594.990584
4568.348822
4372.065183
4267.579521
4272.240147
4386.910546
4824.538976
4965.544924
5076.274171
4774.716390
4705.138720
4684.846265
4574.179579
4576.489448
4600.623282
4686.467452
4721.563863
4629.275956
4586.769221
4424.304714
4166.800289
3536.567212
3442.347718
3413.771087
3269.685253
3273.938782
3378.318572
3488.728942
3562.539806
3728.625783
4101.004151
4203.206346
4293.447107
3928.985587
3926.909751
3626.081465
3703.975072
3474.919696
3581.165370
3714.163187
3867.430448
4137.552329
4215.466862
4245.970651
3882.458022
3776.450375
3540.837542
3716.728026
3823.481463
4102.530649
3961.451239
3926.557962
3830.326800
3809.930415
3752.440416
3817.883305
3778.673192
3840.239174
4089.863609
4116.429844
4030.562131
3811.608091
3723.680117
3210.168043
3247.630261
3538.502095
3665.151386
3519.921237
3687.678198
3304.296181
2881.018858
2956.411682
3130.291945
3384.292864
3649.991641
3746.291439
3805.509221
3676.775206
3345.273129
3464.724576
3376.999485
3123.210811
3186.639036
3299.299010
3213.002510
3394.677347
3705.739628
3462.307774
3480.635261
3700.149599
3735.002385
3489.480696
3655.218148
3708.217858
3708.217858
3608.292631
3602.079659
3812.819822
3681.775598
3358.208874
3213.153152
3204.797138
3061.472349
3151.511436
3138.166007
3461.616763
3680.508645
3782.888545
3786.896109
3962.060335
3724.851739
3685.848830
3683.978352
3461.045644
3254.832101
3268.955010
2992.657299
2788.342529
3005.103539
2967.327931
3057.484984
3112.695118
2975.749798
3041.338393
3165.016953
3009.672979
3089.527963
3261.485667
3146.858127
3297.528288
3401.576767
3387.484695
3585.888219
3631.146817
3498.024179
4062.611730
4674.380316
4498.358094
4469.840647
4538.463051
3990.197436
3609.660706
3391.112031
3225.322554
3318.095343
3467.591545
3273.334799
3737.565416
4001.378547
4118.875718
3986.252395
4045.287075
3887.698522
3599.207990
3530.604335
3561.245835
3665.495788
3686.011646
3677.691802
3310.085393
3285.472973
3400.089743
3469.380422
3565.564538
3738.522738
3789.666585
3591.352620
3429.650452
3470.559503
3435.334302
3694.953867
3658.126821
3596.640309
3731.740484
3818.253120
3568.455507
3437.678332
3652.421307
3675.010531
3468.699255
3636.695424
3820.624383
3802.397008
3777.683160
3953.024199
3864.655433
3883.278494
3995.809586
4061.417016
4141.341293
4210.636155
4171.618993
3885.467778
4132.923932
3962.223474
3859.967626
4070.673140
4113.695720
3776.336179
4011.031523
4051.912485
4047.801392
3961.932591
3849.264040
3827.163153
3749.448229
3477.291737
3773.987133
3767.963560
3424.573727
3555.356280
3931.892948
3884.822969
4435.068804
4875.782369
4782.070554
4481.167205
4472.980678
4176.581057
3968.001219
4011.031523
4303.484534
4195.009755
3873.977508
4064.471471
4068.463918
3886.616443
4246.364816
4320.213045
4389.001272
4618.212642
4462.727084
4043.217533
4104.566934
3864.969004
3632.181435
4121.058869
4039.209056
4069.744795
4105.144955
4095.040590
3577.790229
3577.790229
3444.489157
3444.489157
3144.246053
3135.837873
3442.233415
3380.898219
3259.139058
3502.394202
3868.959219
3844.456529
4015.962796
4241.940914
4074.548712
3599.648548
3429.934707
3370.396027
3024.969637
3204.963937
3542.312302
3701.912473
3978.220014
4164.447226
4099.062651
3927.267368
3878.390946
3483.436273
3390.836967
3429.467152
3378.315813
3335.241730
3515.205596
3528.568274
3784.291413
4015.476711
3917.364518
4015.476711
4270.389796
4002.325177
3933.001971
4282.615824
4524.170273
4446.579262
4845.736104
5037.905855
4845.735912
4558.881041
4448.148369
4147.382373
4065.891133
4255.742766
4130.923910
4157.720977
4343.690146
4133.308801
3885.751391
4057.345859
3913.420299
3534.984795
3494.067820
3721.213173
3725.317375
3917.952836
4030.559543
4087.946537
3772.808336
3727.889918
4015.775279
4073.210077
4208.189939
4234.787463
4101.822319
3893.674524
3817.880331
3697.277789
3832.362362
3965.126394
3728.045437
3818.050058
4221.022323
4176.202805
4020.779524
4169.174853
4326.550062
4170.904653
4404.309970
4308.291780
4121.953023
3999.088982
3857.939165
3635.026911
4093.348641
4398.959393
4223.114141
4088.225390
3998.220122
3763.092665
3782.937495
3789.002467
3778.504916
3934.212032
3752.263197
3517.445983
3488.529446
3408.909864
3437.386963
3556.161955
3607.278475
3748.175558
3711.615614
3541.469497
3560.043272
3604.127822
3632.945443
3913.263304
4056.339957
3974.791159
3863.794310
3882.116643
3648.963602
3602.076993
3751.383602
3798.030779
3617.883507
3580.995526
3519.631679
3380.263455
3345.106699
3420.552669
3488.142542
3574.165642
3809.415338
3864.617064
3750.299503
3551.840248
3474.293948
3467.953342
3572.246792
3543.526388
3660.091261
3825.669336
3623.427506
3594.672838
3574.006591
3600.542196
3453.338827
3608.929686
3633.078282
4025.998307
4197.878905
4291.756578
4042.223057
3900.724502
3777.648935
3843.387983
3824.866959
4111.101017
4295.078580
4464.938216
4577.531608
4831.271705
4692.081130
4694.098996
4550.907126
4489.640018
4235.939638
4311.671495
4203.043021
4025.188924
4229.596256
4602.189885
4996.604496
5187.108220
5541.624302
5101.682930
4853.812295
4393.717339
4198.605446
3848.770239
3674.959958
3648.306432
3685.183288
3727.390164
3729.142126
3948.075589
3849.592470
3741.250214
3614.879314
3847.954446
3927.705803
3919.605580
4003.316480
3903.380914
3891.310787
3950.631603
3811.550437
3739.974535
3833.187961
3808.421262
3878.244816
3818.779479
3769.556934
3900.673700
3863.614653
3671.366670
3804.464602
4000.583627
4113.760309
3974.729599
4029.862736
4070.744421
4054.446307
4380.135514
4568.303248
4512.931061
4547.710845
4664.636846
4143.672658
4164.244332
4213.024647
3990.299129
3986.463156
4003.845772
3649.937492
3555.950830
3805.464782
3381.986962
3379.547924
3664.256069
3715.250201
3598.693312
3977.197545
3804.464959
3818.628194
3871.837687
3652.744774
3436.036516
3557.843509
3328.850043
3252.915955
3739.974297
3713.431053
3835.146358
3953.990653
4095.113481
3722.689510
3782.304603
4114.485982
4137.055137
4259.656018
4564.986349
4793.553523
4576.768293
4723.903978
4799.606834
4609.514388
4504.860045
4338.634203
4152.624713
3784.240034
3933.737855
3902.747212
4077.991770
4249.945784
4145.515546
3945.037733
4016.521957
3750.792557
3640.136594
3967.553808
3920.847267
3769.032285
3791.390022
3799.437224
3789.272866
3956.956342
4006.212438
4236.578437
4105.543582
3757.901267
3514.293611
3232.140097
3090.223666
3139.138238
3394.929880
3487.151496
3814.603513
3912.104296
4177.881897
4214.924071
4366.236556
4276.148757
4001.286711
3545.291478
3397.937311
3322.087054
3358.875981
3775.916813
4043.695744
4010.954454
4254.423696
4278.859867
4070.584905
4127.770478
4070.584905
3804.752525
3706.385822
3546.888957
3411.911987
3569.169717
3397.625705
3501.776720
3490.796582
3378.272921
3439.691982
3705.536803
3609.456982
3711.573665
3834.017012
3545.834494
3392.421026
3365.654648
3412.208902
3461.405584
3563.760815
3553.400070
3620.764329
3476.724857
3581.115583
3982.029130
4241.653603
4387.238673
4894.469394
4732.903964
4397.646469
4501.877831
4397.646266
3961.100407
4147.047989
4233.357362
4042.723943
4102.118362
4168.837437
4172.672613
3960.664340
3993.415610
4122.751911
4023.311444
3862.159074
4318.190963
4436.815279
4427.036736
4346.877538
4169.102029
3960.423223
3579.728386
3221.442726
3312.489552
3402.171715
3613.335275
3852.746414
3944.661208
4086.770377
4194.897156
3818.592685
3824.799974
3781.914768
3535.599399
3523.477392
3881.376067
3760.597913
3879.355029
4109.923127
3982.834076
3758.044930
3524.984486
3455.194069
3397.748732
3522.244628
3614.601003
3986.952644
4085.189942
3989.581526
3953.056651
3985.969916
3991.827729
4229.100710
4521.544634
4631.959169
4595.178911
4699.645181
4511.539110
4704.316207
4851.621624
4931.143781
4755.531255
4634.821965
4463.988272
4414.961330
4251.463780
4224.704210
4290.131931
3957.592130
3736.697973
3671.337022
3573.091152
3663.315943
3873.671982
3783.551172
3982.000207
4376.884824
4489.403692
4693.287282
4746.414915
4681.055432
4511.384451
4179.751757
3927.164815
3793.927905
3505.759545
3362.540376
3344.168921
3270.831139
3663.952726
3584.017956
3571.860419
4103.695090
3999.317131
3747.785330
3907.269354
4020.112906
3848.079829
4176.287123
4325.764817
4603.576349
4448.067478
4319.218389
4059.955275
3894.398280
3904.380427
3665.070720
3628.333451
3692.417636
3698.623923
3406.144839
3635.329649
3582.024404
3805.885425
3814.270420
4030.932797
4077.956871
3965.458064
3832.746269
3934.704869
4071.730009
4053.340749
4141.632285
3853.322440
4055.847000
3953.645130
3861.661272
3783.700718
3863.581602
4121.420276
3998.582560
4354.563223
4401.572346
4665.327559
4143.633990
4192.803888
4088.442031
4309.469515
4001.247411
3964.570061
3946.073666
3988.796540
3876.380356
3947.477509
3945.347783
3773.505837
3519.845390
3468.581660
3499.783054
3518.276571
3522.053990
3511.964324
3436.258106
3374.447071
3392.806798
3249.588587
3278.141583
3351.612966
3599.851881
3491.571770
3720.876115
3855.768329
3597.950159
3427.388815
3597.005888
3666.497747
3701.357037
3901.964032
4147.774007
4156.179534
4006.523338
3799.503855
4100.154818
3743.147130
3730.637534
3669.375963
3601.902312
3302.915243
3236.603941
2953.993793
3071.098219
3081.185895
2958.618946
3009.295422
3107.474875
3046.068553
3219.949597
3404.295214
3583.712717
3767.913499
4031.655678
4013.291033
3972.172186
4012.312495
3887.487784
3850.504032
3725.960677
3766.886594
3511.875879
3673.336472
3647.018868
3812.798356
3647.018868
4016.931444
4164.400353
4035.487762
4025.344541
3935.069287
3607.434718
3519.318453
3406.650231
3273.795960
3517.431513
3687.819354
3687.819354
3912.929998
4105.090969
4504.240484
4741.347669
4495.756523
4493.708949
4491.787662
3967.941063
3691.131724
3854.497540
4051.144091
3907.602224
4044.942392
4332.992089
4171.224666
3713.130274
3876.660073
3901.499343
3606.719253
3968.603873
4156.957580
4077.099727
4371.782759
4391.567277
3982.305414
4027.345332
4011.124790
3628.566659
3677.286945
3902.258611
4117.019458
4245.957490
4464.921873
4385.006906
4379.110793
4276.698817
4080.406780
3875.649638
3826.897127
3857.675869
3696.198229
3855.654511
3947.720048
4530.582767
4358.672997
4387.382385
4481.464723
4358.673198
3882.101628
4144.025951
3865.618683
3497.646391
3671.518974
3862.229102
3784.274817
4263.147021
4522.792451
4440.978121
4106.293221
4167.978881
4149.460628
4026.572582
4126.823880
4395.097633
4235.396830
4525.997644
4992.489856
4865.652394
4674.901868
4920.565293
4367.972794
3928.203118
3735.916323
3516.709163
3283.367734
3219.845824
3138.025083
3400.028227
3475.357855
3444.594663
3782.335750
4074.797947
3984.884875
4164.269326
4176.681737
3900.525414
3579.243053
3728.470813
3533.615408
3369.569940
3410.874344
3453.640574
3417.021719
3871.226700
4159.445857
4229.164085
4527.500559
4628.154594
4322.198289
4211.702158
4326.422522
3931.653612
3667.499537
3629.922556
3564.506135
3726.129651
3846.777773
4071.639651
4335.597473
4413.468596
4045.092148
4051.297924
3938.902040
3807.747913
3902.002556
3893.961033
3711.810583
3650.195154
3608.272201
3376.959750
3430.008733
3747.258260
3661.094675
3692.163953
3923.327988
3986.989547
4185.240563
4389.911982
4338.780588
4342.940698
4201.942249
3721.184553
3735.430380
3770.849682
3514.977915
3723.827492
4008.311348
3834.174248
3789.910259
4270.669002
4221.561116
4323.894834
4624.552665
4624.552665
4262.763698
4055.887190
3677.389389
3448.453248
3523.746455
3490.970227
3738.451355
3996.186641
3947.186238
3927.216419
3833.196895
3782.146884
4174.733465
4254.568919
4228.017640
4491.952060
4418.292323
3976.418288
4170.544754
4177.368606
4040.216251
3933.894924
3923.501648
3901.337828
3945.400913
4229.697677
4587.697869
4716.512330
4589.833117
4955.519530
5037.622652
5096.674911
5268.624620
5043.146317
4704.510022
4788.065419
4460.874832
4074.474065
4174.517260
3955.092043
3331.308906
3265.996766
3541.736789
3513.162573
3737.118338
4252.814333
4463.409361
4338.508872
4547.230581
4208.154201
3815.351931
3819.422929
3803.318250
3649.598369
4039.752590
4109.378152
3925.106530
4035.629606
4240.082684
4230.980875
4566.731405
4662.899857
4421.359605
4341.949300
4177.759530
4128.628790
4456.295630
4646.364535
4768.871420
4691.507037
4556.467765
4339.399688
4008.311543
3621.550933
3940.587960
3721.723803
3490.642343
3916.145377
3965.233680
3665.889788
3905.501267
3995.462641
3862.537574
3970.903371
3875.491997
3677.151107
4004.394147
4066.020525
4198.706443
4659.970568
4624.857440
4354.816458
4238.377409
4252.814333
4046.352470
4091.433827
4005.699191
4277.757780
4099.792032
4387.778939
4326.524075
4207.830813
4103.575668
4326.524075
4016.041821
4492.955455
4629.904708
4515.526441
4460.004237
4442.133779
4262.634791
4352.422017
4544.833645
4579.092968
4661.568312
4418.085499
4280.993446
4031.291401
4115.162382
3917.918549
3811.562995
3985.850091
4134.928309
3928.184087
3852.943223
3844.896687
3961.415755
3963.261738
4300.834191
4613.351322
5125.177929
5021.253677
4610.536471
4097.672536
3949.445320
3583.607302
3467.219162
3798.539322
3857.734062
3846.691094
3828.260956
3848.676930
4304.907255
4251.927796
4282.676099
4368.477451
4301.044582
3724.324139
3986.414887
3939.634771
3749.289148
4015.221274
4105.162064
3878.350699
3924.673014
4229.512543
4207.134041
4129.222473
4348.472769
4445.846017
4134.870618
3854.400519
3952.893885
3850.242295
3648.694921
4027.098256
4088.577827
3980.282750
4170.327176
4281.264994
3908.713363
3939.634617
3914.873648
3712.561119
3608.515592
3976.665146
4033.929526
4160.674182
4095.217980
4068.481017
3919.321942
3753.666804
3393.513091
3368.933983
3501.854940
3309.656266
3350.684154
3416.062236
3273.061689
3228.241523
3602.862293
3619.083326
4024.340110
4202.336585
4058.171890
3741.194108
3716.442731
3665.358699
3597.929093
3837.110142
4013.209278
3998.850814
3829.032590
3996.831507
3899.391551
3934.123353
4011.855604
4224.684721
4222.466321
4238.113511
4278.965262
4505.866435
4579.352825
4718.710118
5009.142379
4865.861639
4680.144741
4571.430376
4397.589093
4146.998053
4159.170893
4146.998053
4012.035892
3934.264661
3918.719414
4150.035053
4387.316934
4512.063492
4586.142898
4459.318555
3960.404088
3561.265675
3565.272569
3274.738437
3297.148475
3368.680182
3272.716291
3117.114946
3777.697852
3946.234928
4068.800631
4185.483920
4281.745054
3772.380499
3674.837896
3907.814416
3742.437089
3609.410816
3814.102245
3782.988204
3480.048548
3840.151615
3846.381975
3844.475849
3733.415614
3866.263000
3913.477995
4138.396745
4148.733332
4221.806343
4275.163074
4195.168862
4068.332787
4101.223309
4446.959435
4344.383929
4375.414617
4209.614352
4011.193551
4015.533277
4029.977035
3941.948098
4115.814285
4197.769627
3864.987350
3809.987838
3832.730120
3857.198608
3730.127294
4042.658760
4126.594178
4357.850574
4474.222556
4529.646807
4354.551006
4473.147302
4203.102327
4225.694262
4225.694262
4177.042138
4174.698849
4106.864077
3902.103742
3998.085581
3902.347571
3738.616658
3765.030433
3814.480395
3773.410482
4081.293591
4306.716397
4587.086961
4494.679648
4443.667521
4647.772397
4402.065850
4428.470706
4299.808539
4178.801217
3837.507351
3917.490252
3764.052663
4021.827733
4226.487768
4255.118952
4185.564132
4161.080741
3831.981940
3792.878874
3711.124779
3764.052818
3575.656064
3846.020051
3956.281363
3932.169049
3921.884272
4034.330064
4065.083725
4116.079922
4107.168729
4182.924500
4066.497013
3902.504366
3679.782271
3659.770388
3772.297762
3939.966985
3954.333431
4150.654570
4241.341320
4102.507103
4165.832961
4300.848073
4370.567222
4503.747308
4568.779661
4654.696594
4842.806266
4818.459644
4725.354162
4594.585369
4609.101498
4328.492404
4080.949723
3863.778855
3665.284154
3297.213711
3295.051251
3246.284216
3385.471262
3665.749228
3797.039739
4036.127534
4246.582139
4322.195289
4451.269964
4404.139065
4221.888154
4166.775155
4075.882604
3955.108250
4080.056569
4210.907686
4417.476135
4309.076259
4204.680152
4059.346318
3850.500198
3564.368301
3701.558443
3646.557453
3687.327147
3777.376700
3875.506747
3975.515470
3862.879909
3956.812955
4218.856424
4163.723585
4152.458701
4483.666158
4661.809256
4917.653440
4878.731138
4661.580824
4589.846645
4336.357689
3921.217004
3949.441674
3938.737898
3962.930218
4132.839895
4008.168246
4274.098962
4364.845542
4287.338857
4428.216353
4430.325870
4465.094715
4598.091212
4457.087363
4360.810515
4614.339621
4420.168121
4451.269964
4590.076574
4309.961614
4422.225820
4457.336563
4381.783548
4189.592581
4251.186578
3995.332430
3704.811050
3576.039105
4022.059448
4104.078997
4155.264045
4392.471838
4383.580434
4033.852348
3884.591110
3857.798524
4183.093617
4271.789362
4422.893171
4625.551152
4509.230381
3977.224673
3965.927515
4013.134851
3849.361113
3878.272842
4203.350026
4116.866657
4156.020772
4289.011893
4225.443380
4278.573213
4444.990607
4168.963371
4021.711026
4023.890969
3694.817709
3664.128010
3944.324541
3989.156712
3913.639382
4220.673756
4069.776281
3775.480533
4108.781758
4045.308733
3793.498539
4001.898790
3977.468482
3701.202629
3852.735619
3887.412211
4169.092244
4334.662072
4293.906032
4530.997449
4778.289865
4685.671903
4877.715018
4812.272702
4671.176671
4339.513822
4166.878372
4019.696477
3882.353836
3747.488811
4011.354149
3805.275747
3760.047207
4157.180718
4067.174169
4011.863007
4164.748072
4119.846135
3925.397943
4072.654628
4033.936300
3887.565973
3948.928915
3973.254010
3946.950229
4012.401955
3861.816371
3761.444149
3833.147659
3790.015208
3556.866537
3632.344524
3652.569884
3636.397935
3871.621960
3980.085953
3964.557584
4058.556134
3759.739092
3457.084484
3578.219239
3642.138079
3603.147459
3901.955640
3946.950229
3906.104155
4021.427232
3874.004117
3902.444344
4023.106278
3939.514280
4023.524359
4111.591212
4117.574979
4156.736665
4134.309274
4141.068131
4343.172244
4320.795281
4484.267323
4566.179153
4397.920576
4405.945503
4651.395234
4819.275667
4782.577683
5117.065086
4802.203610
4403.305493
3930.567066
3824.379155
3569.119257
3589.793108
3567.144495
3628.649355
3401.357481
3201.898148
3357.701474
3247.014621
3206.035374
3676.833954
3829.507490
3780.520566
4020.099188
4142.589846
3821.312488
4021.161012
3986.420579
3922.614624
4031.074861
4258.137136
4045.447853
4094.572072
4393.260249
4053.529633
3953.484558
3857.992763
3753.827218
3557.330878
3735.374254
3825.308032
4038.207221
4220.393398
4113.859598
4078.958214
3837.427567
3700.222639
3886.480562
4093.081411
4277.158190
4412.166933
4503.374001
4320.982210
4040.634898
3711.529177
3864.532236
3782.857779
3745.955463
4061.069052
4245.247112
4130.366192
4478.661959
4517.327358
4239.153908
4075.477711
4169.633975
3923.437553
4068.642759
4251.100104
4418.814206
4686.505646
4768.444305
4435.236537
4561.915790
4445.543814
4173.102753
4257.462241
4637.939157
4513.199499
4550.124039
4355.867356
4021.595605
3714.679804
3555.147043
3731.059228
3976.621828
4094.017263
4362.014056
4366.139776
4290.379550
4124.842489
3872.072147
3634.630867
3878.306812
3820.756017
3937.607782
4305.374262
4383.210080
4358.541285
4495.612482
4757.403174
4560.286229
4341.518590
4275.890116
4177.670358
3891.217354
4150.546307
4328.526549
4326.561628
4357.334773
4408.434660
4055.929662
4086.881467
4180.983626
4141.963901
3884.267008
3879.593903
3760.931228
3646.588897
3695.639014
3969.696810
4226.880177
4400.449657
4453.618791
4636.042438
4714.015126
4655.931978
4564.398779
4627.497911
4500.431128
4437.092563
4652.098913
4756.469832
4897.880521
4944.978965
4961.013191
4865.753733
4851.557031
4685.923647
4618.382520
4689.972382
4492.695382
4476.191613
4146.807668
3946.365201
4048.756770
4020.035117
3888.838522
3872.591624
3721.225568
3301.680389
3419.263995
3321.182013
3505.250628
3501.207333
3331.360817
3238.163663
3377.351045
3250.424741
3628.923348
3827.324970
3947.067970
4010.591621
4452.470419
4437.995159
4339.641929
4383.977471
4390.241970
4024.085673
3887.058763
3907.352856
4060.427951
4136.141969
4103.456793
4220.195036
4217.922343
3961.004732
3956.674825
4071.231608
3932.368317
4142.871401
4189.468960
4326.561628
4107.558642
4048.380720
4046.095890
4084.063532
3734.149048
3946.895248
4126.852581
4362.172913
4661.486965
4696.140108
4894.377515
4787.974830
4376.998740
4031.181626
4184.679975
3986.515453
4354.520721
4504.024324
4428.366972
4454.948485
4195.129244
3792.324283
3777.793355
3764.467294
3598.901134
4014.124902
3981.569489
4026.454033
3864.486799
4030.420727
3958.822404
3770.549619
3494.398777
3753.778220
3632.957944
3473.561105
3774.147278
3925.518317
3992.034156
4155.881162
4219.299907
4456.701133
4963.824189
4952.750695
4907.627630
5103.694154
4705.150277
4146.653467
4188.853102
4000.471315
3822.682622
3861.596070
3914.502392
3859.096928
3861.483213
3787.810854
4012.959033
4015.063306
3691.673522
3675.418184
3828.735033
3744.725706
4145.837375
4478.506612
4529.463095
4572.328558
4625.465841
4590.461446
4395.839973
4538.739368
4548.909721
4236.186986
3880.133200
4141.875361
3982.114824
3943.325177
4106.913096
4123.302042
4156.735940
4301.627274
4271.106025
4512.444009
4637.193640
4459.947028
4525.646048
4597.134783
4500.822008
4587.137023
4595.584642
4665.316170
4575.427528
4497.550787
4190.723624
3942.456914
3846.387612
3686.722059
3547.456391
3705.192009
3875.720561
3544.540739
3748.937306
3916.823658
3747.057959
3848.831314
4215.217175
3953.336247
3834.422547
3977.781588
4059.770643
3976.058602
4186.498585
4812.655105
4804.309439
4711.266543
4590.344999
4697.067079
4197.947612
4206.222619
4361.240095
4396.007795
4398.072693
4594.521681
4518.571610
4288.556088
4431.399393
4157.329427
4116.332951
4249.321176
4182.845883
4068.194757
4070.359996
3759.311681
3634.489859
3745.304637
3802.848751
3870.408479
3999.001467
4015.385875
3986.818118
3933.540099
3988.445482
4125.885740
4058.179068
4213.150966
4170.332512
4078.251949
3988.134310
4356.579081
4137.159084
4210.828508
4372.384893
4546.470393
4411.255040
4664.108781
4488.070695
4312.065524
4447.124044
4424.387466
4497.722474
4992.812996
5062.525807
5046.081630
5234.039215
5300.955667
4889.258789
4856.732678
4515.292668
4206.377347
4013.367402
3984.994062
3949.834620
4011.353185
3849.600586
3725.712609
3701.053639
4012.042503
3995.690841
4179.734620
4326.253357
4334.333098
4142.005153
4027.264117
3888.211974
3808.364269
3833.146846
3790.014184
3888.211974
4211.473026
4266.894171
4618.985347
4964.426112
4878.642507
4669.962691
4547.798549
4611.328015
4257.461396
4556.205457
4625.645994
4481.731458
4142.140109
4080.766721
3808.551354
3908.721441
4196.974123
4336.265576
4368.637990
4231.588813
4170.332696
4052.787968
3807.336917
3866.622685
4063.017672
4222.646587
4074.415187
4115.170217
4375.311665
4512.325521
4310.024234
4482.944029
4345.963390
4122.971160
4207.009654
4165.957094
4422.841082
4390.310121
4273.883601
4422.840885
4558.072450
4190.204714
4556.425922
4674.992478
4462.445618
4400.756110
4427.704393
4435.706159
4493.072001
4437.714034
4499.021312
4312.750869
4061.472194
3873.180377
3750.401769
3717.552981
4398.095592
4675.872162
4680.537650
4870.633545
4629.203310
4312.235109
4224.361974
4238.695043
4126.192417
4520.981718
4367.922668
4153.306614
4185.832784
4051.090202
3911.929890
4472.582788
4857.025974
4910.531744
5070.049278
4744.456064
4301.205720
4198.940366
4129.418379
4072.086868
4170.355952
4101.748595
3950.209597
4079.187569
4046.318140
4202.063094
4273.090861
4604.195226
4582.152321
4639.086373
4921.464767
4699.767280
4239.470432
4262.313193
3995.998164
3632.078014
3911.348998
4087.300645
4080.910912
4310.060441
4254.805765
4139.628840
4014.742200
4174.259559
4438.266330
4736.964465
4694.683819
4825.752222
4850.438068
4553.874983
4441.066643
4640.698550
4698.045044
4622.119390
4888.331815
4724.484767
4793.093204
4609.347092
4557.937875
4363.518268
4367.623035
4206.089156
4526.859176
4392.057370
4298.060055
4211.946734
4181.244813
4009.313181
4201.583342
4547.203347
4837.684152
4982.094917
4603.303731
4243.328477
3891.287916
3743.991120
3719.852805
4241.127220
4599.250923
4740.702709
4755.116412
4792.576129
4721.237238
4565.571886
4569.390537
4642.807337
4321.863260
4326.157165
4340.157576
4305.458466
4495.695696
4433.935387
4210.687276
4265.996736
4028.516146
3692.942790
3981.356605
3952.772080
3923.814177
4265.648912
4652.182287
4783.010053
4911.804140
4631.515083
4503.021316
4355.179640
4038.595602
4054.982637
4312.502250
4416.810825
4441.335647
4558.805332
4763.350872
4466.813630
4245.916145
3967.707261
3639.584967
3422.782917
3676.705597
3646.058378
3817.803322
4112.637263
4008.276584
4051.245411
4153.461683
4173.663295
4147.171648
4531.945901
4893.988113
5068.232992
5008.784644
5126.532749
4938.198181
4651.792187
4600.712344
4565.912185
4446.328958
4370.683389
4378.857212
4384.682728
4624.206888
4865.782662
4847.332149
4839.270316
4833.109863
4527.971586
4317.656116
4510.170405
4546.923269
4665.476734
4642.691804
4653.927740
4525.344934
4396.358274
4289.970163
4377.976148
4189.522908
4148.534737
4244.956529
4183.365910
4310.191753
4520.822518
4968.832531
5144.658509
5021.876615
5191.645420
5021.154589
4438.059032
4441.904409
4380.617498
4116.800230
4225.536555
4362.539465
4250.094136
4419.974523
4497.556461
4482.076237
4538.946711
4320.428035
4124.105553
4310.191568
4208.261998
4067.178586
4179.515413
4459.799347
4568.261821
4676.375941
4889.381733
5114.603999
4869.343746
4421.012288
4288.560577
4237.031694
4282.061306
4478.666073
4883.757020
4945.690669
4919.048778
4783.783440
4900.393874
4458.639582
4372.253285
4384.316876
4192.315641
4120.746993
4300.654525
4704.161195
4722.498931
5002.956100
4857.301712
4914.531014
4660.086397
4762.311735
4577.995704
4326.484123
3986.947191
4184.078359
3885.496945
3631.901914
4010.350707
4329.184130
4158.542094
4238.497234
4322.270559
4109.633102
4080.896002
3961.364320
3683.130640
3619.415373
3636.066224
3398.662783
3296.899528
3562.818105
3531.958767
3491.077186
3759.030719
3878.797419
3813.464410
4034.258327
4288.267230
4175.517946
4352.730867
4622.611006
4395.679362
4262.845631
4393.617808
4380.228926
4357.860376
4312.612270
4263.617591
4114.294074
3786.319731
3397.742225
3512.115245
3649.203215
3522.236394
3582.175035
3596.515372
3474.021650
3384.042845
3668.159373
3958.493172
4275.635472
4637.532932
4596.723368
4662.126640
4699.866254
4591.135197
4605.594586
4802.373807
4714.514995
4550.067156
4666.745317
4409.125728
4124.908142
3991.822321
4051.663890
3834.586300
4010.778178
4129.233885
4033.280995
3997.803840
4337.495111
4637.893996
5022.466443
5264.133503
5359.159959
4935.735732
4534.664565
4095.187630
3999.011332
3886.210767
4201.290367
4366.886976
4399.352741
4403.845419
4835.948129
4874.835022
4995.460811
4913.375753
5052.904935
4693.645283
4458.371411
4171.892148
4200.678987
3887.644856
3863.352488
4022.637710
3971.649332
4123.032886
4489.316150
4606.657539
4655.753302
4815.431424
4782.790958
4578.059407
4587.185172
4452.161847
4519.506538
4797.512980
5053.414877
5177.546070
5124.248016
4894.978143
4553.795138
4263.148379
4254.312788
4190.818808
4029.156759
3961.735308
4062.023867
3855.854658
3954.022483
4338.527283
4229.965305
4103.425664
4351.644485
4445.775958
4347.596414
4658.736679
4478.585785
4035.159828
4192.713669
4157.860652
3959.591659
4452.579193
4503.751549
4331.520049
4691.712819
4853.080467
4632.188174
4762.962712
4560.624104
4135.093900
4106.294987
4108.488864
3944.405742
4150.947667
4150.947667
4036.458627
4169.568531
4282.443444
4227.368618
4565.144471
4527.678219
4237.464605
4447.979616
4671.094193
4609.830610
4716.024043
4796.023218
4720.851337
4289.016241
3969.663772
3930.879326
3853.105785
3635.975521
3928.356077
4210.746976
4165.657017
4259.689087
4217.704798
3925.131197
3734.986889
3923.012040
3859.687318
4167.981044
4177.908766
4055.354166
4004.058833
4225.116512
4338.127595
4587.590156
4732.826074
4516.199508
4481.285951
4255.123510
4318.616027
4472.171775
4517.117124
4298.304279
4424.284711
4181.304029
3972.173502
4060.394739
3982.441485
3738.772805
4143.869095
4229.715138
4450.861403
4573.421722
4482.615947
4167.782149
4241.025507
4112.517192
4296.299564
4325.680606
4106.295207
3873.240045
3811.783950
3772.951307
4127.467072
4348.716093
4321.916424
4526.391790
4851.853729
4711.938776
4996.264313
5086.142872
4853.080647
4554.538707
4565.727827
4614.684590
4745.515770
4661.813036
4801.117854
4781.066507
4406.456981
4398.429766
4365.785567
4046.374493
4175.196554
4371.643002
4667.929481
4757.989794
4897.527675
4766.589498
4554.059032
4098.259452
4196.637846
4342.442030
4387.224397
4726.888909
4714.827645
4582.050231
4244.361279
4172.997173
3978.783254
4070.904848
4480.077844
4658.319935
4636.000308
4506.867521
4611.224519
4220.723668
4067.230294
4071.471532
3954.938541
4186.036330
4282.266745
4294.678778
4316.788019
4500.715221
4038.634101
3981.388589
4333.153689
4399.333453
4262.764158
4262.764158
4297.302817
4041.505689
4063.532692
4317.378742
4509.892878
4538.422907
4679.935332
4664.175245
4649.666776
4547.354108
4748.063773
4776.648570
4787.562072
4714.284125
4779.375908
4761.337102
4517.517286
4291.386254
4405.997108
4193.337064
3804.762026
3917.189952
3903.582131
3658.386965
4006.223789
4055.334081
4104.358261
4233.181296
4141.125956
4026.262425
4144.799102
4071.187743
4337.393989
4601.207610
4394.565753
4328.941919
4269.677810
3963.847943
4082.131446
4082.131446
4129.454184
4141.923415
4075.379030
3735.738945
3799.168841
3928.031728
3750.079995
3681.377892
3511.565151
3394.790927
3427.772005
3564.759793
3759.647151
3917.333690
3868.197139
3739.238136
3948.037107
4050.102960
4405.856932
4461.079566
4273.127186
4101.128250
3981.527575
3713.442726
3926.165890
4026.408550
4114.344825
4145.338600
4118.781612
4358.193305
4466.551162
4499.211470
4512.493528
4463.561003
4361.303470
4320.307892
4248.682420
4514.805628
4565.830676
4283.414332
4564.131680
4496.252112
4030.827361
3854.849471
3883.599249
3615.662122
3625.716294
3570.347881
3789.283453
3854.660244
3543.891260
3480.271719
3613.392254
3684.999062
3885.552873
4182.151036
4312.777999
4363.895221
4398.675443
4298.620808
4466.250509
4576.932571
4838.252159
5079.656100
5112.368439
5239.302018
5294.444012
5491.888040
5537.161237
5759.565713
6056.261550
5935.528297
5485.691229
5444.994349
5195.199656
4875.860526
4871.968966
4830.122032
4514.998496
4725.513148
4254.968617
4013.579148
4117.638220
3941.848674
3700.466101
3907.035472
4191.527303
4051.847740
4295.191133
4362.792245
4375.251525
4264.654619
4395.542802
4518.094861
4595.791406
4532.592580
4397.644439
4457.439089
4222.019857
3882.403603
4131.927550
4354.926434
4288.857628
4415.418293
4398.921088
4440.066660
4141.532590
4023.797061
4031.990240
4130.093597
3962.434697
4044.424098
4055.466738
4080.022123
4135.213442
3993.965724
4343.646331
4421.194570
4413.430136
4589.178661
4732.510945
4738.415132
4816.023468
4885.584203
4856.906093
4820.210844
4946.668911
4747.644144
4479.610065
4225.923558
4094.950149
3648.914371
3655.654179
3813.333001
4337.055495
4488.293025
4842.022140
4968.393747
4911.284829
4587.826137
4755.830573
4913.025517
4977.326764
4975.344316
5141.342142
4766.826407
4376.054615
4322.722595
4114.186148
3829.721433
4150.915023
4325.293471
4573.028656
4884.241355
4871.798747
4681.524833
4505.444264
4447.945947
4394.895292
4613.658450
5012.601038
4961.511633
4744.192529
4768.673977
4582.709643
4255.233646
4456.071290
4724.055293
4844.953569
5321.172532
5454.427842
5401.206372
5006.336463
4732.611200
4609.940657
4505.293062
4366.388040
4665.518265
4767.673148
4329.833770
4293.381457
4066.319767
3877.886056
4061.991486
4184.618413
4041.328838
4266.492820
3951.920810
3622.463822
3436.158515
3327.982375
3536.309306
3815.636652
3805.462989
4233.355168
4316.914047
3940.401557
3949.266288
3822.597729
3503.271618
3630.255915
3585.192759
3587.383003
3748.990266
3701.826456
3990.515282
4241.834069
4370.737416
4450.395141
4468.902014
4511.850805
4767.377401
4836.262121
5063.458645
5226.955411
5437.619205
5204.518911
5224.347976
5199.663072
5440.922981
4862.314624
4755.968830
5099.363613
5083.284417
4927.477658
4942.125238
4925.381920
4766.150519
4669.827471
4483.478942
4395.722437
4610.485701
4483.965816
4483.965816
4852.394115
4920.010103
4811.334557
4603.182950
5075.872203
4850.799141
5098.019235
4999.945907
5146.270168
4436.355247
4599.962555
4594.151886
4880.372993
4692.029213
4898.639820
4855.912406
4935.473975
4857.669189
4999.790823
5275.684468
5190.231124
5106.371885
5044.784763
5075.956316
4848.710312
5073.632120
5063.679056
5004.562765
5217.185821
5472.965584
5317.236391
5394.880693
5759.066187
5641.459755
5291.950702
5398.183313
5138.160738
4780.379039
4636.313969
4673.292916
4335.645233
4239.412932
4302.683219
4318.311414
4439.108901
4344.710457
4586.788543
4571.993547
4401.300596
4186.454633
4026.910977
3691.559175
3548.003584
3508.245220
3579.992181
3743.666051
4036.172785
3911.579987
3960.369348
4097.329253
4111.539179
3939.735873
4547.278459
4354.528481
4119.244170
4127.342179
4178.360387
3857.451245
4307.504379
4640.806155
4669.327729
4642.569890
4673.614850
4252.539039
3980.441535
4041.568701
3857.581955
3804.530570
3997.186961
4130.007249
4449.160709
4850.371802
4870.733230
4821.906374
4693.087879
4398.462837
4316.705570
4390.252225
4589.752531
4597.979960
4622.382049
4878.232095
4610.278729
4805.145808
4782.824516
4670.287300
4502.711155
4561.730604
4362.340728
4323.314953
4470.748479
4624.165844
4589.447104
4168.583208
4237.883953
4117.058394
3793.739728
3961.771865
3921.918160
3844.266951
3833.794452
3731.575187
3776.756795
4135.621229
4006.817388
4074.376077
3982.084823
3857.451245
4121.208942
4589.608706
4712.183592
4908.948442
5025.431033
4602.216960
4244.252007
4272.851256
4270.572137
4234.026703
4444.528925
4837.133168
4776.089167
5011.318746
4933.551944
4731.961774
4453.231167
4181.499634
3915.198503
4027.724928
4089.887779
4161.436706
4106.158472
3995.796367
3940.480486
3829.631029
3664.182327
3876.713499
3788.867405
3637.442571
4058.509969
4183.317001
4191.595195
4488.200852
4465.664369
4182.065198
4435.645832
4462.376075
4464.269724
4400.672727
4414.338120
4144.066303
4103.291368
4052.034336
4430.574171
4282.019582
4318.828870
4081.325780
3856.669823
3596.625579
3574.494622
3582.625117
4010.458691
4290.541426
4321.302266
4525.300973
4325.027976
4126.390996
4153.132991
4042.594284
4038.417292
4158.913362
4116.069697
4056.622166
4044.613268
4133.271856
4157.695074
4415.436317
4565.133205
4793.732850
5022.085641
5241.356142
5202.224852
4874.950036
4866.353701
4835.743311
4436.704788
4387.636550
4541.138937
4447.032156
4172.039500
4526.121082
4366.560988
4407.374259
4749.303234
4682.524103
4559.832375
4565.962037
4537.868313
4140.795073
4107.158592
4121.628561
4019.384428
3914.781469
4168.854965
4126.515161
4279.908938
4621.602385
4582.723105
4398.551078
4742.076155
4441.236385
4234.763351
4373.921301
4228.685087
4235.216906
4582.947422
4758.773194
4938.963614
4971.539640
5000.230940
4697.896241
4525.986905
4435.900472
4427.853819
4440.967568
4590.176227
4903.553030
4970.648129
5326.583171
5260.379109
5348.209477
5078.510034
5109.020031
4711.922677
4497.105791
4382.650460
4161.546084
3903.590970
4159.430954
4121.927640
4011.420249
4354.941903
4226.298898
4009.552766
4084.931962
3925.115045
3917.048512
4326.300680
4516.503182
4551.927496
5037.057113
4703.461760
4365.769771
4281.815233
4000.239679
3599.287475
3785.552408
3728.316938
3824.578643
3964.059370
4119.555563
4246.187700
4457.205187
4612.505778
5071.115602
5222.719268
5347.370988
5490.748823
5206.226476
5135.409839
4865.553869
4620.078360
4687.016955
4761.345589
4357.771702
4369.888805
4472.318089
4195.853806
4058.992177
4098.946789
4143.854812
4193.019675
4479.479171
4428.209368
4415.010519
4341.472193
3979.150403
3733.706028
4013.909152
4016.049088
4036.611678
4257.533974
4095.933265
3922.122695
4055.188994
4055.188994
4245.442820
4218.844635
4122.525601
4195.529580
4234.626679
4038.283612
4326.651829
4341.091926
4216.814482
4280.277532
4341.803723
4206.744829
4358.057356
4542.293994
4595.094223
4666.653206
4865.452986
5059.603810
4904.681847
4613.838410
4366.407464
4180.296198
4049.410984
4115.716351
4694.555219
5056.940134
5423.286491
5609.570999
5868.322715
5954.469291
5864.769384
5862.598065
6034.452740
6054.534586
5887.205877
5985.227201
5713.428507
5320.192583
5107.554842
5025.713447
4831.408596
4839.497555
4831.408798
4800.372551
4434.287218
4578.957879
4493.403520
4329.538529
4170.101049
4571.182136
4366.561738
4337.980571
4511.868103
4525.247104
4396.252479
4279.550067
4150.647344
4465.776928
4525.707877
4404.936165
4593.430093
4740.579920
4439.755724
4497.278836
4666.952589
4595.358325
4722.399413
4802.272933
4749.145506
4814.488009
4930.963420
4834.712481
4800.189128
4975.125252
4872.837859
4733.375353
4686.546242
4676.025020
4188.968454
3912.757246
3800.032624
3630.472742
3624.366955
3961.272281
4171.714262
4487.015013
4659.047977
4730.488364
4572.880085
4352.098553
4229.298915
4130.897979
3986.187332
4067.828787
4088.345975
3979.964732
4503.870050
4348.380318
4434.720890
4563.684619
4612.506447
4039.760423
4191.174371
4277.593837
4103.753334
4416.500060
4441.102816
4275.542889
3996.194882
4184.479508
4102.680248
4239.653333
4716.276662
4840.392186
4881.264673
4662.336121
4478.572789
4255.252823
4459.230442
4496.090950
4680.447565
4923.583214
5001.020331
4779.773053
5003.035943
4959.670871
4855.713758
4918.942648
4787.941112
4372.747268
4290.938596
4380.817245
4067.971519
4469.296927
4684.017459
4602.325164
4700.152793
4667.410960
4537.458509
4489.771408
4847.698480
4898.888593
5142.210597
4943.061560
5038.968080
4750.596060
4793.418320
4830.611262
5131.812981
5549.545337
5573.834084
5346.612661
5283.133530
4906.301243
4339.591873
4669.061046
4730.723508
4773.332158
4859.845928
4794.281495
4448.601868
4446.713285
4211.383537
4415.295230
4539.593867
4519.696513
4439.924357
4587.270978
4469.777330
4412.450224
4469.777512
4664.184652
4819.528981
4947.880914
4872.299135
4917.480430
4806.876218
4649.465162
4164.130161
4284.492104
4127.125484
4178.168569
4196.634465
4821.726851
4952.726091
5012.169341
4907.569561
4709.205930
4299.293248
4344.208257
4285.354916
4253.604314
4468.830171
4688.799281
4719.858988
4572.242039
4668.281352
4711.324511
4655.893623
4408.563432
4682.525833
4684.810286
4803.424603
4974.307040
5217.453421
5331.725335
5450.525395
5127.392044
4889.860468
4708.151514
4822.553772
5311.464452
5849.818433
6006.983771
6052.178332
5949.696548
5622.400758
5589.629964
5880.081907
6055.960924
5988.530006
5877.893446
5757.465470
5205.400068
5086.569246
5283.134732
5203.580667
4734.837273
4858.995874
4756.741501
4533.604083
4409.035774
4390.503100
4304.140964
4390.062484
3944.069889
3864.177798
4210.048129
4192.380001
3887.477467
4100.318089
4323.066526
3998.038991
4193.021441
4194.948962
4037.526179
3814.622166
4111.070449
3987.120660
3995.325331
4019.983452
3978.792817
3665.741974
3517.574881
3664.684141
3664.684141
3533.948072
3754.645005
3778.815426
3770.860257
4354.121518
4458.187642
4517.525254
4446.714264
4380.976809
4170.398344
4055.895110
3732.581163
3754.802232
3804.182553
3638.129397
3621.935480
4059.674466
4221.421283
4282.752697
4526.253300
4829.237408
4595.651262
4757.517257
4911.167222
4534.303851
4393.511272
4649.363955
4299.126659
3932.976470
4452.568743
4454.233514
4153.804510
4109.543355
4172.680048
3835.168869
3962.162536
4144.170900
4359.188829
4420.540937
4273.454346
4252.998283
4074.935898
4170.101746
4059.674466
4458.532561
4380.672508
4527.852210
4598.981101
4750.470075
4588.795741
4869.246557
5067.538730
5109.764845
4988.753727
5101.663743
4589.960647
4176.967172
4176.967172
4436.540806
4309.810472
4815.119278
5064.491824
4818.630727
4468.929172
4403.533076
3889.831263
3838.754580
4018.290882
4192.217517
4284.057069
4720.299269
4852.795535
4952.726552
5157.245975
5187.526388
5284.172215
5265.774787
5072.752681
5359.096559
5212.046423
4865.995520
4686.251802
4828.013415
4338.931453
4300.281198
4494.498107
4294.288811
4025.974384
4015.603500
3899.070160
3798.896187
4042.194661
4102.140416
4181.976398
4650.040925
4555.983409
4379.989419
4339.817567
4227.493699
3820.215576
4047.250687
4429.853595
4631.528460
4817.720030
5255.410557
5155.332316
4975.219196
5165.641757
4983.712801
4683.040109
4893.731427
4613.491026
4163.835926
4296.441628
4147.184769
3821.943785
3850.459924
3941.479647
3998.748590
4209.488540
4199.091675
4438.651469
4594.004954
4493.523366
4479.303020
4681.670154
4749.431990
4689.638793
4724.198598
4705.658712
4818.240943
4595.200642
4595.200642
4709.863641
4574.878926
4384.351760
4329.215344
4267.224448
4332.761304
4326.629987
4195.502997
4381.730922
4333.129632
4030.351807
3981.369759
4199.966451
4396.573286
4463.092636
4508.058369
4814.938684
4608.606866
4448.572061
4725.669060
4729.770100
4603.035988
4905.737107
4989.353717
4870.004116
4921.158866
4894.312692
4716.377769
4483.166893
4430.068705
4538.496130
4557.004543
4941.821602
5102.883734
5209.386765
5217.623955
5154.487633
4837.209772
5041.704901
4988.449049
5039.604709
5039.604709
4888.476171
4675.399927
4440.666317
4403.954068
4395.714378
4436.509939
4579.404107
4723.894115
4615.324997
4539.227014
4443.614673
4574.490350
4508.058131
4389.433694
4460.849129
4645.345784
4534.274245
4860.229990
4913.333280
5101.875184
5177.505308
5042.288358
5266.340352
5718.368167
5601.797440
5440.354740
5413.651076
4932.735630
4560.392920
4398.658754
4431.435728
4198.290311
4171.518053
3889.275137
3911.943562
3952.935680
4116.372317
4125.468020
4413.948461
4845.680697
5260.641205
5164.664352
5051.732919
5004.798348
4513.283622
4024.585390
4022.287861
4162.076049
3947.335833
4039.426449
3869.807684
3910.733710
3848.419105
3987.475054
4226.978083
4355.533387
4398.658754
4547.214694
4621.046872
4168.980677
4070.574631
4056.145114
3692.606839
3651.939517
3864.424893
4101.934048
4189.877899
4486.987398
4476.752226
4458.156256
4335.550527
4075.676666
3944.856102
4032.957031
4057.281855
4202.680236
4386.991366
4440.058555
4309.293548
4474.878188
4497.806376
4354.750604
4208.770267
4477.061618
4164.040226
4171.929427
4311.157951
4512.684732
4568.060587
4633.540318
4416.554336
4427.275065
4349.405508
4050.860426
4083.361629
4373.989088
4308.639766
4621.117685
4506.169855
4477.980411
4387.682884
4398.033275
4074.531161
4213.293367
4372.971539
3951.807151
3943.453287
4005.584716
3841.853383
3698.571062
4021.857202
3997.379510
4108.137049
4128.522662
4302.289099
4462.189557
4691.210047
4728.764788
5009.098281
4777.700971
4743.165171
4546.882391
4331.748735
4489.351697
4516.075485
4360.512293
4464.788004
4460.220247
4278.303606
4466.457284
4409.230901
4732.556124
4810.136794
4728.102748
4822.167491
4902.020138
4699.606310
4615.239590
4431.215321
4378.101431
4369.737280
4026.169423
4066.235456
4205.324772
4205.324772
4311.521680
4389.348081
4582.335913
4545.421821
4494.054331
4488.026017
4538.810892
4337.600988
4409.081907
4693.386227
4899.809014
5063.814721
5440.501843
5579.324682
5415.808683
5434.191308
5587.786604
5301.721542
5193.737196
5271.163854
4839.547148
4485.649712
4554.305751
4664.840994
4660.927706
4918.492908
4887.959691
4741.522311
4610.546056
4146.157414
3937.618609
4330.077795
4396.842097
4597.281348
4945.293474
4974.090057
4623.851133
4548.177035
4413.693595
4441.857421
4532.170702
4605.548804
4966.885232
4876.838235
4610.969715
4662.086551
4623.321833
4157.895215
4289.046624
4362.493707
4125.385390
4153.851707
4349.021466
4154.524892
4193.397178
4483.708388
4447.082794
4296.155989
4318.825567
4173.403585
4134.839045
4492.859217
4486.248025
4463.616777
4598.576156
4199.484319
3839.713596
3793.053651
3723.513414
4008.048763
4390.397561
4359.803019
4508.348668
4514.468695
4187.016478
4181.174094
4037.777748
3889.188511
4181.924836
4105.973840
4013.962723
4470.263894
4687.067410
4650.385663
4884.013917
4611.632100
4603.528168
4605.548804
4444.340873
4446.282317
4587.397964
4337.886129
4863.296377
4836.513548
4840.476026
5120.896052
5069.937114
4582.412407
4725.364043
4525.097834
4547.373535
4510.780321
4295.474170
4344.484889
4406.019681
4418.527204
4680.460896
4784.166045
4657.646764
4888.752227
4708.720949
4524.741338
4666.363894
4369.691856
4253.366169
4737.959505
4922.222821
4899.774961
5174.281778
5165.683643
5131.019818
5198.651318
5178.885792
5309.793682
5060.190175
4491.407955
4395.268709
4246.453252
4187.369412
4496.279135
4526.778000
4404.301031
4594.853318
4500.573230
4328.816204
4656.058079
4936.139700
4952.310614
5078.969959
5144.167221
5269.275978
5123.682397
4973.627995
5053.047960
4883.346230
4316.545430
4183.455341
4427.507413
4251.539761
4357.788282
4809.992435
4791.748143
4614.018600
4649.161077
4485.174456
4489.319575
4507.719011
4474.307805
4280.113678
4552.403309
4720.319999
4824.342344
4675.559638
4956.025059
5318.024270
5132.035843
5038.022759
5390.440674
5251.110723
5101.908521
4935.894697
4966.712904
4656.367159
4869.423595
4773.119055
4744.367773
4766.992980
4842.210513
4631.572051
4525.424071
4619.575384
4672.728381
4515.384623
4646.249106
4598.996845
4474.157976
4298.480036
4704.086650
4941.559317
4830.941963
4832.904942
4816.396746
4326.666326
4236.615908
4433.268530
4341.115082
4631.421418
5023.450873
5005.473472
5154.795419
5508.583126
5408.715119
5202.246588
5184.099889
5161.703602
4922.045121
5073.291377
5363.765189
5335.205666
4925.784142
4856.415675
4582.420632
4194.356488
4016.222908
4202.572731
4296.498794
4259.692887
4399.215767
4442.163314
4487.494665
4517.975172
4573.246643
4664.369612
4732.071471
4819.724441
4911.719089
4911.719089
4892.065464
4955.185872
4818.116090
4901.983209
4994.158005
4921.047194
4610.112348
4511.882118
4483.061235
4289.019464
4209.016351
3998.361005
4002.315800
3677.171063
3624.077379
3517.738824
3798.021945
3818.358800
3908.062059
3934.771799
4174.131295
3983.973128
4022.641460
4184.497212
4176.530166
4025.679619
4320.348754
4110.013921
3777.038790
4206.984596
4391.128010
4481.408696
4868.044867
4986.875751
4849.767116
4796.597647
4722.868177
4653.175707
4835.294083
5005.321787
5374.998587
5395.435565
5311.644306
5172.682849
4927.166810
4736.671884
4714.400047
5071.924000
5186.609023
5102.602766
4772.748682
4885.120354
4572.056903
4516.925675
4985.278533
5027.464871
4763.356579
4757.326972
4599.761311
4174.266934
4063.335388
4311.057426
4230.944712
4515.824821
4566.698637
4963.601460
5061.844953
5200.648414
5112.846602
5411.556264
5314.308865
5217.712898
5385.749090
5440.717391
4882.469601
4791.838622
4431.427382
4167.717099
4044.894790
4245.411641
4360.589466
4616.120330
4499.503734
4411.638820
4683.781900
4441.930167
4407.325797
4689.907283
4581.692488
4186.351901
4412.605807
4498.410888
4739.963972
5018.067273
5146.859239
5053.707735
5233.801994
4857.326002
4732.698657
4904.799398
5006.197696
4930.834785
5180.570764
5313.720304
5190.604733
5135.239348
4736.373714
4310.701889
4265.832582
4116.363144
4087.751637
4372.009893
4351.592470
4233.143979
4372.009893
4376.367429
4599.256578
4977.600599
5057.469856
5129.315548
5217.712898
5131.967210
5036.167866
5177.032296
5058.081104
5012.009474
5034.404920
4966.662453
4768.133922
4856.372214
4920.677701
4578.664719
4722.204882
4628.103610
4480.696647
4702.525474
4739.134646
4550.829961
4567.260605
4520.390452
4371.877151
4375.883926
4263.362351
4363.523942
4288.292153
4216.944190
4372.411054
4521.714996
5045.676728
5651.161268
5784.037566
5988.626594
6203.963552
5821.001289
5489.350052
5331.834683
5021.176324
5121.355842
5250.329005
5164.534391
5492.442579
5445.308548
5168.932912
4919.623269
5031.972372
4661.891981
4706.713547
4616.793936
4494.125593
4328.444351
4244.500540
4117.278439
4137.794802
4534.428438
4694.190736
4718.509539
5387.467685
5487.911195
5199.346280
5186.944658
5122.845366
4850.953570
5006.080026
5329.742940
5505.524362
5609.886557
5855.332875
5612.110496
5146.076508
5038.076783
4858.702015
4337.471060
4349.559732
4717.372564
4480.475655
4686.492742
4889.016734
4975.062715
5095.865116
5392.256939
5512.036975
5694.239634
5837.486165
5462.825876
5213.073450
4929.987908
4404.047533
4420.345862
4518.362817
4815.185428
5165.199922
5261.307734
5171.529155
5134.762050
4776.700063
4524.025561
4374.787465
4090.220883
4204.961479
4274.496449
4487.235116
4702.015454
4675.223239
4793.808503
4977.852767
4692.300143
4747.558561
4856.071102
4673.938667
4360.877339
4491.667565
4667.323807
4917.217167
4884.473542
4945.778774
5229.556175
5223.273665
5147.527861
5165.733530
5370.393308
5474.745651
5837.002482
6078.225902
6100.788179
6362.528872
6169.832822
5654.134321
5506.813744
5541.925058
5332.866707
5324.488394
5217.682903
5180.900243
5393.959550
5340.788018
5482.472231
5715.366020
5556.049298
5296.382952
5355.626821
5284.848814
5335.965074
5440.313769
5478.795894
5404.943799
5203.836395
5017.597860
5107.618788
5277.094874
5080.791090
4981.418176
5337.332972
4987.443957
4700.681704
4856.458662
4834.046300
4621.532276
4918.194412
4938.531445
4846.631147
4988.264439
4693.697682
4650.583630
4814.561963
5102.694722
5242.515681
5512.419739
5559.529950
5555.685929
5275.098555
5109.103526
5129.545549
4949.361812
5193.215070
5037.687964
4818.001040
4590.573987
4732.358854
4359.826918
4576.855949
4732.116689
4772.829716
4428.817898
4281.730918
4314.304460
4299.033494
4470.768235
4673.474608
4671.321894
4900.180011
5077.918617
4993.821553
5169.475633
5464.145009
4942.814849
4621.404173
4457.646797
4107.777199
3935.819916
4171.118834
4514.902617
4754.345130
5056.990043
4901.316410
4962.872831
4874.311862
4450.726674
4113.257506
4256.144562
4090.525346
4044.174329
4543.341876
4778.264100
4866.149360
4935.817116
4792.179541
4530.154028
4493.322812
4796.258120
4632.247972
4608.372336
4565.309975
4384.862165
4053.501413
4315.709640
4479.546423
4659.731780
4671.896292
4602.457359
4749.766468
4472.647803
4448.005190
4578.726733
4603.518917
4552.651974
4765.396776
5000.158033
4949.177188
4847.005964
4935.030852
4791.299456
4522.824359
4821.621410
4846.332286
4545.580708
4616.196909
4372.788038
4331.921711
4710.470422
4974.582181
5073.929669
5296.875594
5352.278866
5368.750436
5327.577199
5230.081773
5180.969030
5191.204152
4945.861164
4737.195326
4750.501655
4883.701702
4447.696089
4562.186763
4621.635250
4663.853131
4432.644641
4379.470483
4334.444635
4389.662155
4316.563830
4408.604327
4688.977611
4646.012619
4406.328039
4433.297618
4545.750129
4596.647106
4480.124381
4472.030928
4414.473182
4545.410603
4420.446425
4436.747764
4463.454811
4445.801425
4452.032448
4607.462923
4852.698677
4946.572640
5248.548743
4963.964003
4982.745892
4716.307730
5150.031074
5298.430319
5797.972726
5765.245579
6115.037519
5770.882078
5525.114131
5310.217679
5807.289617
5805.706807
6087.751514
6156.609209
6105.148994
5600.207847
5358.684184
5190.776404
5120.119834
5040.036745
5201.699901
5038.165660
4800.967566
4690.101768
4744.999390
4356.504763
4446.592586
4471.097308
4428.787015
4531.283139
4776.783788
4860.413288
4807.342464
4875.907082
4618.573474
4414.017726
4278.759898
4004.634634
3878.460314
4211.728314
4371.518271
4404.168681
4831.789458
4648.043283
4228.400032
4169.186956
4107.556876
4158.640417
4621.901910
4828.685528
4983.884904
4920.755361
4810.245108
4790.479400
4953.582202
4859.733358
4921.226694
4874.279287
4628.183296
4376.451820
4331.363695
4472.659858
4519.747023
4621.635250
4525.597938
4582.750738
4854.997912
4746.336903
4513.576652
4628.343332
4434.174491
3987.799985
4125.205629
4495.070951
4450.066650
4802.149444
5123.071123
5149.771006
5326.797559
5198.225275
5136.702568
4848.287115
4653.870602
4354.737585
4614.541388
4307.982799
4457.236919
4677.915764
4735.789148
5056.968619
5206.098455
5005.701540
5108.034132
4906.194532
4493.215780
4477.124265
4411.599995
4389.373883
4697.578787
4832.719529
4885.732571
5063.883869
5053.498746
4849.780224
4872.110227
4783.964459
4927.328638
4726.871363
4809.137194
4696.425262
4741.455323
4457.186112
4512.224484
4273.109166
3998.751533
3776.081980
3945.561815
3751.325548
3955.075290
4200.624941
4270.177679
4223.053688
4400.989279
4228.332362
4052.238551
4220.283909
4121.905294
4164.786717
4284.325184
4323.219338
4366.383930
4603.603825
4659.173771
4765.507254
4875.559223
4906.278008
4857.186488
4810.312961
4852.390447
4776.740981
4758.106954
4770.498661
4958.861467
5131.576034
5205.223386
5305.572322
5096.807474
4792.227226
4479.605857
4451.020257
4344.264602
4275.052784
4467.137427
4418.671161
4377.658748
4126.066681
4183.230183
4109.667370
4105.055661
4127.594149
4540.808459
4591.992849
4508.257402
4949.114285
5037.474131
5080.073283
5270.682516
5348.004884
5111.075620
5088.819182
4797.786221
4758.918103
4853.044969
5134.821411
5165.247659
5292.362489
5508.907124
5275.604519
4981.301344
4721.518881
4533.038810
4439.019631
4534.827681
4406.418190
4453.424635
4674.585400
4764.660713
4813.764418
4675.885477
4821.562401
4675.885477
4371.607339
4156.775394
4209.843552
4310.076646
4277.387369
4185.224149
4263.117997
4451.616998
4543.553799
4692.855147
4931.996573
5112.178463
5030.381393
5027.982982
5198.015126
5091.357270
5194.096999
5373.455599
5420.402234
5289.687318
5459.175675
5303.921370
5315.002401
5300.866135
5196.316087
4958.983440
4979.450139
5129.986748
5079.073957
5083.279697
5050.563599
5027.724841
4564.980642
4621.845284
4621.845284
4863.575006
4742.554531
4826.702740
4681.520787
4636.511356
4659.321279
4669.229263
4802.412753
5039.435567
5065.801564
4847.223406
4742.906315
4538.764505
4127.763434
4078.632352
4320.108049
4281.315167
4529.514498
4603.179025
4558.087650
4367.791394
4498.731797
4403.660196
4442.114579
4420.006347
4295.037276
4305.299487
4254.417979
4360.670804
4427.975149
4556.634213
4863.534895
5053.561026
5078.321818
5217.337171
5266.338809
5091.991381
4844.243702
4633.437786
4545.675775
4459.522473
4516.932497
4552.557436
4494.991541
4444.043695
4245.551059
4192.348054
4097.028623
4178.590040
4273.104146
4346.527496
4011.086645
4310.222713
4269.274589
4289.846605
4480.056555
4684.771084
4554.004506
4983.503283
5010.216514
5288.261005
5423.452634
5394.590049
5181.325906
5157.218618
4803.395683
4610.895375
4626.450106
4327.739546
4420.002179
4380.788327
4581.879191
4741.169131
4847.361198
4702.322844
4855.839091
4561.074242
4503.714317
4736.678736
4800.154260
4730.679216
4885.885017
4677.217411
4350.284249
4358.470521
4270.490615
4055.733575
3933.874997
3946.102717
3819.238090
3974.926052
4203.838844
4709.173899
4799.192874
4616.996793
4406.262660
4234.602318
3806.723980
3874.390732
3980.898174
4169.124805
4420.516410
4681.983895
4995.151218
5046.250761
5039.957473
5162.935908
4965.474622
4620.045032
4452.268402
4452.268402
4266.009721
4387.757401
4604.530934
4876.533774
4756.102739
4874.799608
4916.929532
4777.465880
4833.002674
5064.124794
4880.086626
4675.763272
4733.104350
4741.593425
4766.282553
4960.335060
5066.600181
4743.584419
4518.428421
4473.496561
4338.490487
4158.883812
4416.642088
4394.366241
4255.085504
4686.626659
4815.389906
4796.972108
4721.514706
4522.744004
4185.219725
4185.219725
4169.124805
4538.860939
4699.000067
4609.065546
4449.070675
4525.046572
4297.886138
4661.897329
5060.997851
5025.513394
4839.303901
4864.119732
4268.335188
4098.756634
4468.890764
4649.126900
4741.025048
4837.051438
4649.126900
4673.371731
4505.284678
4746.835752
4812.317666
4642.421799
4509.703120
4521.722226
4278.380662
4382.806687
4472.742207
4279.875297
4629.710302
4584.647051
4558.083564
4832.397336
4934.420600
4823.672554
4870.812266
5054.618334
4985.288887
5326.390874
5414.632407
5639.891535
5347.036292
5296.169315
4976.648079
4794.783058
4612.932822
4711.253796
4674.686551
4590.349475
4480.265791
4459.729277
4486.567850
4537.992222
4834.346402
4805.934447
4732.436008
4542.320960
4363.930528
4266.535278
4364.669581
4661.473318
4765.895764
4849.657230
5051.463905
5347.717109
5345.823709
5636.270212
5706.097815
5624.051328
5224.911361
5007.812534
4809.869146
4621.494451
4612.534270
4622.712986
4626.908103
4589.977326
4737.334169
4515.887693
4441.831476
4519.925286
4662.944824
4822.424038
5068.840405
5230.070497
5058.153285
5219.766305
5127.966279
5318.353651
5518.728217
5778.839067
5815.488837
5833.736707
5621.109203
5567.992643
5516.901216
4934.187750
4665.888284
4770.015467
4608.817186
4505.968473
4694.251399
5056.714719
4628.797126
4743.308882
4909.275805
5177.094565
5101.559193
5254.396163
5268.665113
4996.274116
4988.224777
5095.065710
5438.063335
5505.694284
5395.095654
5317.472338
5239.883821
5051.624734
4922.576426
5237.911238
5530.144073
5654.514841
5459.638282
5343.291903
5450.033442
5296.347361
4999.684091
5156.975389
5232.625810
4962.640061
4684.437039
4639.358093
4415.458339
4305.009584
4671.271847
4836.948118
4840.891986
5177.873702
5459.973113
5341.855005
5325.164381
5593.044790
5564.580066
5390.607552
4895.169837
4666.212374
4651.894769
4248.531711
4240.262958
4445.166120
4518.491443
4308.128133
4669.091497
4810.349183
4920.897565
5086.156548
5151.853341
5070.102746
5047.402229
5176.395007
5401.339398
5268.466611
5159.760384
4953.034704
4666.676670
4470.390896
4357.937876
4421.894189
4477.602773
4426.613445
4728.903780
4911.187163
4731.935073
4711.072973
5030.435516
4533.082882
4439.076101
4616.181315
4653.079879
4548.470960
4702.396664
4896.733967
4807.858791
5356.076465
5391.063401
5411.456998
5448.609939
5457.252346
5146.160863
4878.198607
4898.656408
5053.864964
5073.913638
4724.247990
4914.249120
4773.233057
4762.971299
5084.360666
5223.554480
5286.910250
5524.517969
5569.138066
5398.759536
5325.238141
5519.903279
5305.875348
5032.170772
5141.541285
5374.719835
4980.299058
5017.133351
5062.062981
4851.514250
4783.699612
4889.860879
4847.247129
4724.527267
4742.242124
4576.788405
4666.503617
4879.465699
4999.958354
5321.193157
5364.256429
5174.264475
5042.856881
5018.608883
4670.750223
4744.212527
5204.678809
5241.665692
5450.274098
5771.342063
5875.970423
5699.925099
5740.976835
5542.380232
5161.556893
5255.212483
5095.804002
5038.392406
5046.566574
4856.146026
4671.956305
5005.462503
4905.248772
4937.651429
5037.760340
5041.576961
4888.370272
4875.721777
5003.037902
5243.980549
5031.614336
4708.343825
4716.400628
4624.413998
4593.744348
4914.413763
4943.401265
4765.538046
4865.646726
4953.901814
4829.612881
4991.129015
5222.270598
5017.674102
4833.547697
4853.998977
4995.318286
5205.887030
5338.821599
5607.009158
5705.521021
5654.091861
5466.335531
5584.609840
5217.040550
5030.742392
5200.163060
5204.539040
5042.583983
4983.225086
4817.238002
4860.124704
4798.812498
4983.225086
5468.540581
5578.716469
5468.540398
5560.310870
5394.729557
5141.967658
5477.656154
5469.312581
5688.357713
6011.468465
6215.531194
5941.052042
6131.606679
5663.065006
5041.072588
4905.891383
4809.980318
4611.234439
4754.835414
4805.705417
4958.757330
4888.967890
4649.673600
4404.285850
4158.603750
3766.447290
3922.000741
4046.527111
4359.746763
4668.472089
4994.527706
5205.101126
5225.565330
5381.291715
5379.008783
5358.991899
5412.331495
5207.558734
4984.484395
4835.345630
4735.743676
4748.076351
4811.178960
4940.404364
4866.218175
4704.817931
4467.331445
4328.316705
4195.236578
4224.039954
4341.645680
4300.571927
4558.245162
4488.824642
4642.225170
4848.240509
4772.778390
4725.524251
4764.464064
4709.207553
4511.997516
4683.828551
4696.093082
5017.405215
5393.878385
5617.663933
5717.633036
5904.076275
5486.484157
5316.921542
5265.932465
5243.106876
4694.918944
4750.339339
4603.062529
4387.952851
4472.031137
4740.111384
4821.826184
5306.496696
5229.411379
4918.315547
5084.029501
5129.081845
4838.484426
4856.301928
4956.365783
4856.301928
4815.300022
4958.652765
5036.426876
4945.959468
4927.527104
5234.246245
5062.826196
5133.721728
5186.660793
5346.334663
5143.580090
5022.831013
5089.724162
5179.974360
5179.974360
5126.517554
4903.599386
4810.356291
4847.136604
4752.961430
4565.160414
4896.280272
4625.763012
4453.757960
4278.129606
4315.011741
4372.200424
4385.538549
4405.893662
4876.234235
5080.925193
5103.225024
5380.932169
5180.402495
4703.651291
4556.135460
4457.900970
4333.928269
4673.595749
4571.217497
4634.737930
4652.931332
4865.749437
4816.585020
4841.071908
4886.119257
4538.444814
4128.336577
4093.681829
3991.490601
3862.580940
4005.746267
4071.993293
4121.350718
4415.753751
4751.117777
4962.114841
5221.578049
5274.576528
5362.807382
5027.106539
5022.691373
4792.512912
4571.533633
4657.423038
4663.633380
4704.549204
5034.904029
5192.432662
4967.369328
5095.086267
5060.339908
5164.756359
5287.408919
5387.587979
5659.838254
5793.136345
5646.333553
5560.536123
5243.301522
4771.001721
4654.227850
4257.607205
3967.084308
4255.463187
4341.713175
4480.638946
4839.717860
5228.726762
5455.494641
5734.069633
5674.544259
5567.884328
5255.031304
4934.081059
4964.404592
5123.919900
5252.433248
5371.180477
5256.434546
4884.470117
4892.753983
4737.376543
4739.475565
4796.807488
4837.632868
4293.695121
4220.514104
4208.069449
4428.814614
4787.085255
4952.766081
4970.403721
4992.932907
4661.623652
4610.425890
4767.758477
4816.621370
4820.843705
5168.476963
5258.797950
5238.351498
5561.544455
5737.523515
5723.471536
5535.506466
5809.131622
5487.851574
5164.735677
5129.801230
5101.466261
4865.851882
4987.860336
5186.310188
5126.981896
5049.213484
5073.645919
5135.755948
5090.826575
5270.975138
5260.584839
5352.639697
5324.225887
5373.117937
5532.183744
5708.250897
5595.951926
5445.272114
5617.222393
5498.488110
5357.317472
5222.330863
5111.466869
4945.776379
4659.558278
4610.291238
4602.232109
4949.860986
5029.920064
4962.330883
5079.014943
4925.303912
4936.181223
4834.042896
5136.900300
5091.650090
5632.111714
5904.550835
6093.003261
5992.728214
6111.292858
5820.965278
5614.886433
5469.357748
5321.981316
5156.526652
5113.417478
5038.187661
5050.672938
5187.140394
5344.958471
5440.875650
5089.047669
5023.005850
5178.959954
5201.154033
5229.881644
5737.419065
6136.336184
5978.921177
5721.104188
5555.566580
5194.296664
4594.765232
4396.326223
4482.208149
4490.339046
4457.258507
4659.880847
4804.773636
4770.064154
5013.248224
5243.737449
5141.781284
5156.160293
5238.222563
4824.753088
4675.835918
4706.654464
4757.887915
5056.874606
5320.563036
5543.936600
5720.619432
5742.258554
5415.548013
5342.167259
5202.307446
4926.029355
4944.833046
4870.914361
5073.341148
5082.422401
5168.160673
5027.138592
4810.265021
4804.018128
4861.448321
4882.151231
4810.470798
4924.878516
4732.706194
4511.225469
4478.509078
4733.621526
4844.670275
4942.837089
5168.642580
5230.008120
5084.639321
5493.832767
5588.168143
5652.318337
5826.406556
5871.248604
5687.243761
5537.810337
5355.998286
5137.091399
5116.734574
5028.613604
5249.883070
5242.918251
5296.400040
5141.016901
5224.643987
5175.584053
5042.393716
5120.455855
5161.636555
5051.050072
5016.304368
5016.304368
5005.737000
5369.792643
5400.851326
5725.600687
5670.428043
5426.971783
5216.747166
4948.207126
4178.898662
4471.734185
4649.628868
4453.138952
4573.882032
4737.559301
4629.022862
4649.525287
5005.526023
5463.356759
5377.665695
5293.563320
5223.961506
5115.636576
4894.426123
4880.335644
4838.186859
5034.778922
4946.341289
5102.080186
5431.892666
5531.274585
5300.392278
5238.776530
4930.014433
4674.109958
4660.972812
4621.811355
4728.149169
4673.168677
4654.431113
4710.001714
4892.343053
4941.476760
5344.130192
5458.766568
5307.872589
5265.181532
5289.811620
4868.232901
4806.819285
5070.526287
5129.822605
4780.066342
4949.711406
5053.918515
4721.888284
4660.629526
4736.191794
4517.188847
4705.342545
5055.587255
5448.733114
5638.714965
5720.641365
5450.402749
5627.780900
5212.290551
5020.279202
5130.387339
5167.231496
4759.441304
4716.470130
4905.059393
4912.825765
4804.462236
5119.562480
5141.800897
5285.221384
5047.643474
5133.789046
5157.852921
5223.461841
5037.575541
5101.042900
4946.969235
4579.040703
4405.513159
4192.794337
4602.093298
5129.694107
5163.089828
5328.740981
5494.083529
4948.003757
4590.026163
4284.143279
4358.000153
4386.830551
4707.660696
4826.349545
5107.933183
5314.683053
5410.798602
5324.856491
5527.380148
5447.310013
5161.496273
4987.318597
4811.105891
4847.972977
5031.949732
4898.964745
5197.826931
5154.860207
4897.251042
4959.074570
5016.631220
4911.924169
5145.220582
5118.891324
5293.714299
5052.521119
4984.597078
4892.901925
4798.509651
4590.133687
4872.566232
4946.092215
4981.216018
5079.281538
5309.806973
5299.704447
5117.371884
5137.650820
5303.576107
4840.271165
4930.549167
5102.150801
5190.327916
4760.752743
4714.318831
4539.630694
4163.887877
4225.133739
4262.224008
4490.127684
4621.238424
5198.067427
4858.261382
5146.768521
5216.123173
5550.720239
5248.537986
5369.027395
5221.870744
4997.877395
4858.646003
5005.905871
5071.298137
5149.385606
5528.193650
5477.266583
5296.869534
5344.066757
5358.550738
5218.321710
5122.598564
5221.033906
5341.860410
5358.093436
5273.917256
5242.865916
5400.802263
5373.907276
5226.629159
5450.453487
5701.865469
5501.831323
5382.966787
5610.162886
5370.524546
5135.436769
5184.696655
5018.831183
4992.377516
5158.197985
4999.140003
4833.185997
4864.192223
4583.362366
4370.997651
4426.423878
4420.053627
4728.743631
5060.379719
5064.513238
5348.972421
5619.023625
5350.959240
4817.097233
4466.882170
4326.094290
3988.077033
4170.274544
4391.217610
4767.878156
4680.348004
4692.424655
4547.134606
4520.614358
4600.216306
4522.453786
4545.228850
4651.316661
4864.575684
4846.596576
5145.146730
5374.176890
5247.708960
5296.573630
5274.456883
4842.517514
4621.757431
4775.482864
4589.042789
4715.446236
4770.563077
4729.639744
4782.939098
4842.071532
4733.267533
4983.344764
5153.133910
5195.989659
5369.734965
5336.810898
5504.590060
5484.079787
5217.753663
5455.305562
5386.490560
5141.250101
5270.289083
5396.463715
5106.524482
5139.590233
5123.061914
5084.254216
5121.112783
5251.904361
5564.752372
5492.919456
5484.841629
5267.889938
5038.694689
4970.197158
4842.999982
4560.977125
4958.002034
4998.961932
4865.747595
4923.052542
5052.124002
4923.052364
4724.554371
4485.191504
4769.476293
4777.522790
4483.073148
4724.554558
4888.644723
4925.262514
5166.546365
5443.170837
5493.909754
5813.294880
6120.229541
6234.422667
6138.436759
6136.429783
6003.625603
5360.970884
5119.962907
5121.755528
4964.231240
4911.192344
5066.468940
4935.906629
5038.699650
5042.888764
4691.198382
4664.832733
4468.365090
4063.111392
4057.002107
4101.503551
3915.184142
4062.590068
4248.738637
4142.382722
4301.738441
4312.167034
4297.971937
4465.651740
4555.573650
4546.874658
4649.286378
4851.721988
4892.732638
5062.468240
5308.299096
5525.115383
5395.957850
5168.998690
5148.950039
4714.601562
5017.304279
4961.945387
4880.151342
4786.015688
4965.372515
4738.311923
4795.866216
5184.568426
5305.196619
5391.490397
5180.799210
5242.238628
5057.821815
5164.596140
5849.429513
5982.354747
6270.745513
6182.917279
6364.781347
6050.178029
5967.982191
5949.726777
5857.957516
5286.925621
4837.121687
4693.815942
4354.408011
4415.616344
4403.571347
4527.211528
4717.340788
4822.027717
5071.472270
5090.202802
5030.453760
4833.715850
4699.070649
4526.797335
4661.951503
4766.344263
4716.785399
4841.765089
4923.619292
5003.838786
4945.862035
5459.230082
5424.370707
5342.851180
5273.349587
5355.383885
5334.887128
5154.815308
5181.058331
4983.143763
4898.669839
4571.386329
4751.124006
4734.900371
4812.780686
4830.651780
4840.585375
5186.422618
5441.868438
5969.924927
5887.967287
5883.981167
5494.714646
5206.615952
4901.831030
5019.454338
5216.286120
5405.379968
5305.766620
5174.935882
5310.016500
5095.441786
5144.197256
5089.298664
5217.760236
4956.373705
5042.211053
4772.548181
4925.629913
4778.227685
4716.308941
4521.954339
4636.566894
4884.298823
4988.373320
5030.781461
5040.761693
5096.126032
4954.808252
4991.964556
4923.062466
5199.121602
5397.516634
5544.261545
5487.641342
5611.755261
5511.634976
5403.122246
5302.719499
5425.411062
5492.233158
5500.304691
5381.689309
5271.158150
5113.540286
5151.131341
5103.866004
5071.308961
5059.241131
5401.039225
5203.803821
5054.004192
5011.642399
5154.681986
4721.172213
4667.452010
4942.035290
4970.388979
5064.405287
5099.227567
5139.156176
5208.514945
5290.732613
4952.942423
4854.999537
4970.204024
4751.025077
4462.962472
4372.815040
4649.350304
4420.839148
4281.902669
4422.814543
4463.974301
4380.094127
4435.530166
4274.019221
4280.013873
4566.327729
4584.844070
5121.169441
5239.963582
5084.295836
5137.401919
5133.606855
4577.310654
4898.460093
5052.020049
4857.295201
4826.658573
4912.977817
4905.190147
4911.243566
4762.056975
4821.209067
4836.700138
4640.319943
4646.455206
4898.203909
4898.203909
4818.195935
5018.711594
4953.079568
4888.002141
4638.074706
4642.496355
4554.606579
4630.358239
4783.638682
5194.978029
5141.797749
5033.286003
5037.703068
4740.988528
4380.611526
4303.123792
4327.694255
4252.248746
4362.532629
4474.843979
4818.551018
4908.799659
5180.738954
5276.593724
5129.561091
5038.604940
5142.719407
4923.956721
4858.524618
4850.577776
4642.170914
4484.450470
4636.082893
4707.448419
4889.376391
4867.266022
5006.297324
5022.740231
4740.836502
4808.160629
5007.272247
4559.537157
4283.349880
4389.856820
4107.433317
4246.809507
4635.947905
4772.954151
4875.143470
5227.097955
5293.559111
5266.887801
5463.076665
5504.485426
5686.330342
5843.997833
6023.629189
6191.358478
6347.227764
6226.199301
6075.972308
5750.171880
5443.688165
5027.945508
4686.407964
4402.955206
4376.166874
4466.191474
4470.301463
4498.842547
4833.490110
4945.996080
4944.279749
5437.257106
5520.720192
5175.271127
5228.750421
5080.988230
4874.631868
5126.276447
5190.475375
5376.487135
5691.578446
5667.144446
5830.722769
6193.941388
6105.925817
6191.856643
6249.519023
6153.425776
5556.983278
5270.884787
4865.694728
4749.235200
4611.862604
5095.356126
5358.944531
5538.654132
5422.903641
5301.628115
5038.079520
4897.043088
4815.052452
4806.815554
4884.639701
5064.095874
5258.662235
5252.124070
5522.554922
5311.364233
5121.019797
5135.349876
4967.351938
4724.159875
4943.153840
4827.721598
4518.765892
4586.817631
4326.598504
4126.169193
4228.120343
4338.457676
4587.932742
5040.093189
5343.048786
5662.166320
5584.493851
5503.088821
5435.696517
5264.158924
5416.975739
5734.631093
5869.451093
5931.082172
6160.021324
5967.274127
6003.972125
5826.240647
5959.071136
5713.781884
5700.163679
5558.883962
5636.663026
5696.014184
5735.003684
5830.469296
5867.052947
5840.341447
5519.029980
5646.039482
5590.512198
5451.222070
5469.736118
5412.886192
5099.856954
5090.902361
5217.640395
5217.640395
5385.640450
5336.603627
5212.233269
5116.208185
4958.754995
4792.861312
4909.752225
4975.779131
4750.840359
5045.712577
5180.687787
5370.674822
5306.371073
5410.992361
5175.649818
5142.629337
5281.982275
5140.393397
5259.035770
5318.007016
5418.245680
5395.610100
5411.431879
5499.217818
5417.281706
5352.062493
5212.671404
5343.726765
5147.242171
4952.916043
4938.624623
4869.244775
4931.069695
4923.023844
5065.829877
5137.620864
5197.257637
4955.527632
5147.860722
5274.667739
5340.185301
5164.432673
5199.530432
5013.185074
5173.099026
5193.841281
5699.156413
5944.886581
6362.104310
6215.002864
6217.064611
6022.494625
5982.875921
5700.284602
5542.757552
5242.204816
5047.710647
5018.990375
4975.779131
5014.940100
5157.905414
5307.101222
5110.296776
5242.971310
5353.695190
5709.216073
5404.643050
5635.422137
5627.330944
5887.204539
5831.258916
6077.369373
6039.458344
5931.296284
5726.244206
5301.118521
5122.880671
4985.553140
5217.038606
5083.882563
5057.155736
5132.962857
5294.647588
4723.921383
4482.451850
4682.886611
4515.364991
4646.105579
4793.129695
5091.598724
5280.195498
5450.192166
5399.134243
5313.395940
5040.892860
4705.399905
4705.399905
4472.768893
4804.092256
4892.408993
5021.070843
4914.410682
4666.345941
4590.392385
4662.181178
4664.506308
4680.828919
4951.373056
4766.977483
4852.794111
4850.993458
4914.035901
4943.226257
5295.067100
5196.911251
5301.227952
5188.470962
5139.985290
5053.732828
5045.861553
4816.547679
4931.069829
5106.490563
5020.504695
5142.789985
5347.528825
5110.466277
4811.006270
4846.160219
4807.024737
4776.562811
5250.969933
5242.235673
5434.300159
5344.402298
5264.756175
4867.683453
5007.023005
4749.804726
5015.884254
5138.148590
5228.698826
5328.016440
5315.947672
4965.927809
4898.546681
5011.306148
4970.801630
5159.045355
5453.948317
5386.365643
5351.555701
5271.621959
5247.550266
5224.759037
5196.201771
5444.006371
5162.344122
5111.139896
4869.760603
5033.221857
4875.616886
5250.398943
5526.498993
5935.568018
5724.890247
5663.465930
5630.378771
5243.419927
5084.150502
5198.674434
5024.830657
5102.280947
5450.294366
5333.487414
5524.187221
5871.517778
5660.953022
5485.152155
5478.767906
5333.709044
5478.768270
5578.627603
5404.667224
5450.131650
5316.957526
4983.449612
5129.651886
5133.907248
5309.810742
5346.499145
5325.854154
5304.005285
5217.760589
4909.295141
5070.610027
4952.330238
4885.493286
4860.684401
5165.562661
5491.221773
5597.176259
5670.497469
5601.014819
5537.688772
5181.261002
5369.745308
5469.447404
5618.877125
5484.091078
5404.250601
5281.495761
4975.393493
4948.865572
4768.745564
4721.983004
4445.803124
4354.739073
4512.276824
4598.272765
4565.632718
4688.198703
4705.862092
4538.365093
4722.441791
4624.155033
4609.995504
4886.926644
5056.855441
5140.803250
5412.755490
5306.153624
5335.231714
5396.122619
5226.642156
5329.082676
5345.298184
5194.652625
5218.651126
5079.989000
4983.763558
5079.989000
5255.129140
5036.609538
5249.224810
5576.521654
5746.720508
5517.710405
5437.924902
5022.558831
4568.510177
4601.477189
4690.103373
4886.309824
5135.881656
5047.920829
4825.052695
4831.791555
4852.177080
4899.053318
5048.423873
5259.373455
5390.138896
5590.223884
5960.537519
6043.061602
6159.107210
6019.665116
5917.393582
5678.182233
5847.756452
6285.414971
6484.889900
6597.341505
6633.886056
6339.332980
5859.113697
5675.179038
5728.500614
5456.104063
5359.585219
5196.398103
5105.488015
5144.197500
5618.876937
5948.603659
6130.696459
6250.050870
5855.272517
5556.483357
5505.512150
5525.806434
5342.243386
5301.236420
5264.375106
4996.115842
5061.898408
5110.643358
5249.808507
5221.210012
5239.497288
5339.523992
5632.198519
5777.798978
5773.210465
5722.143958
5562.733639
5330.134783
5164.443216
5039.304872
5194.904049
5011.086813
4835.758306
4686.359820
4833.555994
4612.700019
4690.496289
4714.983308
5038.142967
5363.514701
5627.486020
5727.817776
5893.736098
5741.910302
5513.116297
5683.253407
5713.898726
5700.293809
5839.554782
5585.948206
5512.110698
5186.757689
5262.123120
5372.916960
5589.504012
5603.775344
5612.024172
5503.685283
5042.865119
4904.361920
4762.835046
5061.724968
5378.405212
5877.643034
6069.959542
6356.767362
6644.560718
6261.440041
5756.136996
5588.419562
5034.047976
4833.426796
4902.156715
5180.601114
5317.462018
5532.062180
5196.925016
5329.969331
5223.376110
5446.047390
5460.563946
5591.579150
5693.582820
5734.639803
5570.521597
5675.307205
5748.664118
5715.311261
5640.049739
5556.001475
5707.470374
5833.940172
6020.433925
6208.518749
6124.782669
5871.000191
5752.564496
5752.564496
5856.778141
5977.529173
6159.441918
6014.150711
5609.134027
5711.105380
5829.982833
5944.265206
6016.089322
6177.506265
5938.507670
5650.254394
5680.173375
5923.892477
5977.148869
6122.305450
6324.775832
6143.057563
5793.224823
5655.139859
5467.572922
5408.467707
5440.656614
5606.363068
5677.747079
5728.693023
5790.118508
5904.408929
6017.075550
6327.574475
6182.096184
6218.743392
5713.790430
5515.416434
5189.553678
5070.586027
4995.042571
5076.932448
5023.265922
4888.508135
5025.557952
5056.387119
5041.744110
5182.918572
5382.399427
5699.687068
5758.902979
6008.424036
5887.819327
5779.047792
5785.181548
5960.954225
6136.948938
6108.438470
6197.147232
5959.899238
5701.843787
5519.752711
5861.677284
6211.810556
6195.562288
6373.380851
6240.510742
5867.968915
5681.775505
5811.121078
5676.044700
5724.866670
5945.679306
5844.199021
6253.376237
6446.112956
6740.739553
6939.523726
6894.014267
6263.740868
5911.856105
5666.664997
5427.006512
5708.296337
5714.567817
6077.096950
6195.508466
6210.093998
5815.260077
5874.576779
5555.611128
5584.105731
5612.585458
5920.749163
6049.707462
6031.231999
5898.306243
5859.480780
5642.224998
5568.409104
5517.330377
5492.864547
5566.658971
5470.748471
5509.853902
5692.012887
5498.127614
5381.387438
5899.613965
6179.940487
6386.658963
6609.768137
6497.364186
6085.098670
5970.493576
5690.194168
5855.808873
5888.491507
6019.407908
5628.288841
5845.351627
5871.954459
5810.950901
5635.681535
5877.132986
5694.966260
5557.676397
5928.362211
6307.268818
6319.152355
6399.091807
6654.658290
6571.338800
6218.569109
6263.605029
6300.284869
5905.257148
5612.948521
5750.359957
5793.563608
5689.130510
5658.646299
5705.675405
5592.481640
5440.813796
5541.574428
5915.633934
6298.267101
6316.405839
6219.635437
5959.996064
5898.598845
5587.703522
5650.212732
5643.802163
5799.200048
5582.384888
5598.763368
5352.537711
5620.513927
5467.361475
5550.670193
5383.291047
5381.266971
5215.897723
5346.270030
5389.355688
5489.356861
5414.116357
5475.510637
5436.893829
5444.977422
5598.252354
6079.000245
6019.927241
6099.866529
6067.218898
5860.146560
5853.266225
5589.603342
5663.289330
5469.057745
5368.830480
4943.365715
4980.263592
5012.697626
4849.213646
5039.260606
5041.543974
5403.879289
5216.062904
5438.372274
5502.086918
5794.375970
5502.086918
5596.000895
5964.249198
6121.827073
5988.753229
6189.654365
6060.650770
5890.494975
5436.727964
5540.909662
5266.479597
5350.197219
4988.179314
5248.305573
4902.290933
5012.697626
4873.828849
4992.455949
4977.753692
5106.790692
5133.291553
5167.871623
5274.411597
5162.028434
5529.684529
5584.923997
5650.744512
5304.813841
5343.545513
5028.657920
5345.937667
5421.916679
5714.199982
5812.264453
5918.873504
5581.319668
5691.609023
5877.733677
5877.733677
5931.258379
6078.246468
6072.119467
6108.631019
5881.419149
5790.876017
5498.310944
5125.973459
5076.854957
5135.938253
5127.166826
5276.251696
5434.024599
5082.250312
5342.195011
5109.324799
4889.970136
5041.675503
5278.819643
5141.922915
5137.412051
5393.376968
5186.593346
4806.209222
4930.924880
4831.347778
5015.554441
5244.078491
5700.488525
5463.085085
5551.712961
5541.948903
5306.325501
5157.193461
5273.987622
5564.334084
5275.414070
5525.163640
5625.307376
5670.432271
5588.514329
5800.921588
5923.967873
5815.435683
5827.710293
5998.367394
6010.856036
5818.546682
6131.558482
6231.771240
5997.025325
5947.926548
5890.336851
5714.417866
5481.147838
5620.776389
5653.711154
5641.144402
5516.502281
5620.776389
5769.262002
5830.729234
5890.046846
5884.035348
6119.233749
6043.692335
6070.372488
6285.148847
6745.630118
6627.018753
6545.098192
6575.699740
6369.095309
6389.958831
6260.690258
6183.151373
5785.910602
5759.372972
5223.468678
5065.583741
5301.078037
5302.798119
5650.942218
5670.836725
5798.251015
5684.739505
5997.925283
5658.624858
5807.422809
5877.357354
5879.547094
5783.284802
5918.524764
5769.062817
5791.693353
5979.790790
5959.536689
6018.827828
5877.590665
5844.901048
5515.103530
5696.692857
5578.204966
5663.782609
5498.408787
5440.618336
5174.843771
5025.482860
5064.219637
4994.813765
4992.559758
4816.485655
4886.019814
4849.374234
5123.281107
5420.369830
5698.964613
5452.975280
5851.975012
5940.037715
5838.258607
5784.821461
6185.994213
6118.365456
5885.147691
5860.576658
5920.148220
5815.540900
5762.411833
6147.392530
6284.536849
6178.262442
6245.771741
6413.447809
6333.705000
6131.975433
6281.256849
6301.886693
5866.169008
5741.284927
5752.461543
5504.971963
5337.208314
5778.892147
5777.353982
5783.468064
5687.419564
5646.242023
5090.103365
4934.670755
4655.172579
4608.576293
4616.257474
4700.105641
4673.815178
5090.418913
5404.960435
5347.968393
5626.463900
5924.886977
5869.560952
5978.356622
6279.560445
6089.617874
5842.690174
5754.160691
5692.923273
5688.986854
5717.406646
5918.244815
6015.899417
5999.167022
5831.141434
6093.525161
6121.984738
6072.826927
6230.703266
6197.685874
5821.433213
5668.165324
5624.019284
5439.960206
5556.244372
5721.914881
5821.895479
5935.263952
6021.111250
6043.633493
6094.770769
6017.194033
5911.023250
5761.468513
5366.736810
5366.736810
5385.187213
5606.480438
5514.990661
5631.326712
5445.103581
5322.088393
5231.086997
5624.251161
5875.945436
6012.712329
6115.303915
5906.876054
5432.821477
5450.514863
5454.776579
5489.370913
5635.830112
5893.560213
5971.361215
6144.983577
5866.901709
5787.031647
5772.874001
5451.206838
5263.512834
5363.738978
5392.338549
5251.231052
4999.761444
4934.431686
4977.016794
5125.848207
5211.832755
5602.301708
5778.449661
5874.440461
6189.488717
6254.851333
6522.467011
6510.402306
6401.867360
5943.261481
5740.821721
5587.242408
5423.555005
5793.817702
5950.890609
5985.955046
5859.207492
5830.560761
5629.767476
5528.020802
5489.051370
5695.695585
5894.103309
6133.635107
6217.857449
6600.323316
6358.928346
6553.403746
6160.584433
6071.961101
6175.975109
6368.683877
6043.405614
6125.030035
5877.009528
5385.906285
5584.271107
5680.151350
5938.477595
6170.866382
6283.444535
6318.213108
6336.932228
5986.766688
5831.247680
5985.210428
5659.754344
5776.980515
5954.415606
6016.633588
6112.484467
5748.350033
5660.395124
5517.183584
5506.046021
5021.332586
5127.727597
5060.327804
4835.109797
4892.939109
4925.385795
5039.971903
4913.028763
5267.103665
5444.732129
5737.132410
5612.142462
5700.151229
5679.659396
5719.858802
5977.495860
6330.911833
6480.767092
6589.285745
6555.847144
6420.879369
6606.928108
6490.574649
6216.368334
5750.668349
5660.721828
5341.958784
5233.247550
5646.272231
5925.657260
6034.166142
6079.012506
6101.525896
5469.407900
5578.236058
5428.310661
5584.270919
5707.164923
6077.481622
5715.731056
5697.897209
5470.030793
5779.178241
5945.031116
6313.086191
6378.535394
6433.502623
6191.862958
5922.164152
6143.947231
6387.138221
6528.444100
6513.795884
6696.236778
6381.281027
6101.072274
6195.260144
6299.375948
6549.328866
6540.219414
6538.324896
6294.875577
6081.989659
5820.511501
6012.820192
6170.449079
6391.491286
6699.796939
7015.340501
7346.086425
7722.253982
8072.030228
8229.124675
8193.062840
8148.395908
7820.729684
7328.074853
7250.226391
6951.323614
6552.554258
6611.829739
6804.337582
6626.398538
6830.779327
7223.076784
7365.875647
7446.341527
7685.298690
7832.855236
7620.091345
7288.683410
7310.715766
7384.673857
7217.057010
7119.135348
7084.866138
6712.551558
6225.497770
5814.487916
5654.346203
5703.527002
5830.631656
5812.089320
6096.218340
5941.143018
5880.027121
5716.002355
5759.233439
5661.013749
5729.467760
5461.936497
5416.548424
5128.445276
4935.836126
4780.976471
4977.133878
5372.319081
5821.860049
5932.495322
6151.893696
6033.570960
5477.180792
5337.926678
5119.241088
4952.783538
4995.656827
5380.685816
5617.758452
5785.262363
5820.985196
5632.558073
5389.318237
4957.678114
5021.018872
5098.313701
5313.694203
5477.180792
5714.293839
5971.881877
6368.942028
6624.106954
6581.468769
6536.855615
6328.017745
6039.662811
5814.929344
5945.496018
5722.682504
5336.175585
5409.351874
5427.416521
5194.442869
5349.703783
6020.792412
5971.881877
6082.393540
6119.404798
5873.991531
5624.329454
5338.336762
5383.457737
5270.994152
5483.831548
5342.608236
5415.574200
5331.536883
5577.510046
5618.200633
5614.226468
5512.056332
5324.252116
5458.894159
5389.507442
5632.712762
5914.093237
5889.721027
5779.106819
5634.067822
5445.614446
5246.342653
5324.384609
5301.516033
5516.349678
5537.235294
5437.262397
5576.382922
5451.027736
5424.590992
5600.765283
5859.985529
5915.268222
5868.064935
6138.130011
5923.560337
6205.372762
6235.229507
6206.923410
5967.561172
5738.161649
5319.582767
5053.646040
5022.998080
4970.325650
5185.388362
5433.873787
5433.923580
5662.994808
5845.015765
6217.475991
6150.746664
6259.352490
6292.227651
6300.031707
6496.916393
6551.926591
6531.711333
6654.061201
6394.576090
6100.098922
5891.232985
5904.013877
5586.872381
5592.843040
5394.551003
5548.267185
5440.783176
5563.985999
5774.096142
5915.581674
5840.116730
5973.035555
6104.359154
6296.406675
6572.521518
6705.399962
6912.102275
6777.162237
6705.399962
6317.385615
6427.733967
6431.785380
6423.585571
6464.346392
6523.779144
6483.992356
6261.070433
6328.666609
6125.678034
6520.733522
6317.385615
6519.628547
6523.497497
6722.311116
6445.978301
6414.815404
6246.814820
6330.648145
6271.903263
6367.966089
6644.492489
6736.879576
6630.508437
6433.946101
6417.705834
6140.544654
6134.603578
6277.406832
6723.684522
6615.299889
6704.133537
6826.795407
6607.499591
6300.833631
6276.359916
6626.699620
6423.871979
6818.529164
6931.222742
7047.703335
6877.596428
6850.758059
6327.365484
5975.154239
6048.688829
6061.891999
6319.561581
6699.776443
6825.170999
6567.273119
6693.841642
6638.855510
6808.194874
7139.740841
7258.237803
6775.321316
6973.872300
6615.600856
6666.812980
6210.837003
6474.402691
6169.580658
6245.431270
5985.448729
6773.090026
6777.319637
6846.761553
6591.394964
6560.620058
5899.569447
6079.099373
5991.299489
6273.693347
6128.504907
6506.974954
6371.691193
6567.982155
6917.863936
7214.363453
7273.737405
7262.662752
7287.465934
6879.928922
6661.124086
6549.042492
6564.446582
6513.088314
6591.155547
6932.388341
7241.411454
7347.560496
7265.613277
7413.176209
7309.131559
7116.952543
7103.222311
7279.303143
7250.536176
7236.297988
7277.515165
7323.910518
7432.507293
7634.755455
7364.670919
7307.683350
7117.095478
6789.554714
6533.586090
6523.497497
6069.520977
6111.429453
6115.724971
6048.037509
6211.728264
6385.655523
6318.961819
6136.862396
6024.407340
6081.810713
6249.647025
6256.217380
6571.544380
6581.497180
6555.163565
6475.090259
6670.186304
6474.113045
6482.245908
6250.867919
6249.074125
6107.054428
5966.104410
5988.460319
5971.868526
5943.530691
5821.389484
5909.619246
6122.217419
6179.499858
6390.575154
6684.795471
7075.882954
7030.623123
7272.230205
6998.165496
6785.245540
6691.192922
6330.752814
6378.371545
6498.753796
6773.874887
6572.911417
6875.580647
6675.340061
6947.500097
6683.931031
6728.747320
6722.836141
6798.603514
6696.217665
6452.239314
6503.153908
6392.895232
6538.303773
6380.897733
6644.261902
6900.247756
7051.655835
7364.531670
7247.785579
7206.122209
6663.551610
6379.603571
5912.611436
6211.592718
6282.470041
6587.624716
6695.913458
6928.987718
6890.026327
7220.329244
7357.374126
7355.375414
7062.572034
6774.535631
6257.878237
5820.493055
5879.519033
5965.481550
6460.583080
6799.348497
7092.010574
7188.108998
7331.650252
6828.065542
6628.889141
6696.364811
6518.318705
6681.968831
6675.521379
6545.186179
6438.787725
6688.093964
6514.103643
6703.306142
6724.443891
6908.731689
6855.747585
6696.217665
6737.013163
6814.675065
6617.992616
6660.986837
6575.370714
6435.977687
6640.166228
6817.953116
6799.348334
7220.835145
7679.344738
7718.859912
7414.009541
7406.049933
7261.178147
6980.621391
6860.837169
7133.214984
6793.264650
6738.084299
6392.374683
5933.457319
5667.730385
5931.833296
5931.833296
6099.688203
6691.192922
7006.131064
7235.536104
6934.794140
7024.551054
6532.749032
6364.804031
6211.463273
6301.462353
6172.863596
6436.118236
6562.917549
6583.335672
7060.193711
7281.347605
7409.877447
7391.002009
7274.535965
6967.524312
7037.361508
7221.138836
6910.547445
6715.994980
6341.937298
6282.279707
6035.976760
6337.236420
6220.326562
6623.350261
6533.351070
6863.838786
6800.056502
7135.792956
7387.108501
7935.624244
8041.960964
8074.259172
7954.255173
7892.629018
7732.919650
7551.243886
7641.195031
7993.219589
7876.655446
7669.865439
7519.566545
7384.494673
7429.434489
7482.934159
7466.681265
7515.634122
7521.823031
7478.602349
7435.703879
7255.920435
7113.776747
7060.587323
7109.899763
6929.682323
7062.584647
6879.010732
6960.514445
6643.622375
6901.294910
6686.542206
6817.482242
6577.656646
6540.650591
6322.034700
6639.533433
6661.278086
6937.635292
7086.930920
6933.581754
6653.294934
6225.633649
6225.633649
6165.994695
6348.158423
6481.287585
6928.998833
6980.176219
7145.775834
7154.067187
7247.940729
7571.531161
7604.457772
7671.748102
7587.802496
7751.955906
7501.701256
7587.168975
7372.585883
7517.341720
7389.159735
7576.990186
7397.405030
7587.281605
7589.397037
7483.074517
7332.465034
7238.239788
6978.405458
6458.797156
6526.400844
6304.400633
6320.729449
6228.895310
6801.784989
6347.680580
6447.192897
6545.480869
6921.943769
6750.082012
6929.993157
6872.987847
6847.665485
7013.691298
6970.800479
7247.161242
7213.518526
7628.919447
7424.497004
7620.678547
7479.302487
7628.278741
6975.419450
6889.731895
7100.115032
7425.495113
7673.978490
7915.338684
8125.807606
8027.723975
8058.595757
8089.333018
8396.438634
8290.125466
8173.388307
8288.170275
8247.727870
8153.895719
8204.731648
8123.384045
7575.001843
7275.691873
6885.140850
6258.954381
6060.760533
5882.564474
5933.268960
6056.201538
6475.366393
6682.312948
7073.047534
7439.108791
7911.435317
8148.659403
8399.849861
8520.950575
8349.960718
7968.009241
7940.909261
7699.627391
7605.774279
7685.292894
7842.799769
7820.320822
8143.457443
7828.547116
7684.670730
7682.461927
7549.790163
7328.532953
7793.079371
8158.781131
8299.364185
8473.642285
8649.491962
8488.178826
8064.542512
7821.022977
7633.065614
7528.611766
7659.128377
8038.552000
8516.156637
8817.984095
8799.550568
8773.103936
8690.651980
8606.589416
8553.589034
8824.044849
8942.433394
8898.284561
8699.984633
8597.428418
8301.080960
8123.139845
8347.058554
8054.325092
7784.238818
7577.375664
7154.177950
6520.366534
6450.587828
6690.456417
6911.363619
7119.665291
7359.581836
7441.340982
7169.045916
6745.776316
6782.273137
6266.230001
6321.059768
6145.194113
6366.273025
6157.712730
6430.352276
6331.605179
6567.286980
6825.183158
7019.250412
7203.094800
7117.649321
7246.857058
6655.036092
6432.170758
6299.075680
6411.651651
6123.245278
6337.973041
6165.995599
6035.128993
5978.308361
5971.876956
5826.725661
6189.233141
6581.150184
7131.739723
7432.518524
7890.444434
7890.444434
8030.029378
7688.455602
7510.498610
7256.876569
7439.247805
7347.735759
7350.508143
7303.222417
7247.668715
7460.664139
7447.303425
7776.492622
8009.743647
8451.469179
8271.595474
7987.758546
7666.898748
7701.509344
7666.898549
7488.718888
7535.623544
7179.457692
7169.046105
7224.437565
7363.661119
7502.933551
7654.490388
7409.398504
7000.122361
7014.267017
6958.920497
7095.907698
7327.220071
7482.681107
7663.311617
7844.066581
7927.868090
8104.243295
7858.447231
7592.770868
7238.059083
6986.297052
6747.108567
7135.807997
7250.334359
7443.026497
7600.814196
7692.776423
7619.521470
7466.045778
7432.658139
7865.889743
7684.182321
7452.768651
7457.024389
7425.732143
6834.731991
6736.631310
6846.771443
7474.858127
7819.113897
8170.434162
8336.138124
8649.314220
7943.438330
7761.518701
7258.248699
7315.753606
6990.086864
7137.490283
6960.218164
7435.100182
7258.826721
7068.591218
6831.316705
6791.729769
6558.170031
6660.600035
6932.583471
7210.975641
7481.688327
7595.716633
7644.824459
7653.019180
7962.057774
7687.114324
7717.791488
7552.103519
7400.646489
6989.402384
7096.023779
7200.676627
7640.167818
8186.403930
8227.388967
8220.764747
8317.069533
8298.339958
8165.844389
8454.179074
8892.572306
8843.833995
8941.747606
8843.833995
8878.482237
8958.312177
9040.179468
9228.557470
9244.506297
8945.909874
8500.578533
8148.660232
7888.662967
7798.867313
8293.738811
8619.393265
9004.069214
9070.179607
9220.731989
9073.842203
9248.812216
9306.154171
9637.229209
9756.010899
9631.246064
9314.134395
9074.968698
8782.594898
8753.881805
8919.737041
9185.577740
9472.145418
9236.907726
9142.667135
9189.349581
9174.344859
8728.097132
8759.342528
8582.884069
8355.990524
7850.599579
7942.810511
8069.141988
8306.828716
8642.164580
9045.731643
9324.265910
9414.245622
9563.381227
9612.568296
9838.514995
10172.572939
10104.232078
9947.158687
9698.781784
9408.810702
8999.738038
8690.557504
8614.933351
8525.306217
8467.100941
8649.486801
8993.246149
9181.356793
9389.920751
9784.667537
9897.479022
10046.509113
10292.307520
10525.781094
10474.534765
10484.288448
10300.436177
10157.427198
9950.540292
9822.159592
9969.283049
10095.987060
9760.801821
9723.962717
10023.012693
9859.255987
9916.509239
10556.853323
10698.135171
10270.931025
10192.629463
10211.008756
9947.327007
9865.332164
10011.536187
9947.948684
9892.784315
9786.745771
9676.170264
9631.430189
9580.770185
9494.820973
9411.105623
9107.938287
8890.931499
9021.731970
8943.824253
9044.252181
9414.760872
9412.395660
9486.144758
9729.640676
9608.502509
9563.772412
9574.871123
9517.550246
9769.165813
10300.938702
10501.526388
10834.377872
10657.553921
10033.726239
9225.676432
8839.483978
8746.049401
9036.857283
9730.116365
10452.451449
11109.164615
11454.772309
11651.295130
11307.604415
11283.053943
11201.105957
11077.112278
10837.722495
10876.624372
10727.265226
10809.713690
11143.848045
11389.363910
11143.848085
10932.707029
10951.550708
10641.099224
10508.429127
11032.168079
11545.021201
11346.986972
11466.570542
11198.641746
10974.007000
10718.595568
10656.791838
10625.342291
10760.449032
10924.130425
11091.944154
11316.864951
11452.090229
11738.581788
11544.639950
11474.598719
11497.011086
11539.290011
11369.866365
11471.497133
11461.649159
11847.783386
12402.265858
12887.115243
13357.642752
13707.470079
13374.009125
12901.950785
12624.028334
12599.171379
12591.251279
12869.675741
12459.206356
12668.499752
12493.972939
12283.289155
11999.031449
12417.780355
12229.759256
12263.279801
12183.469939
12257.501275
11814.632656
11921.207144
12283.289165
12344.681239
12528.968257
12852.375397
12528.977577
12178.989485
12735.764210
13245.162116
14031.952522
15193.936507
16255.695866
16765.093773
16863.292011
17335.354972
17136.913998
16776.855869
17022.349387
17494.923473
17727.630572
18382.279255
19069.660688
19176.041074
19153.537051
19246.619889
19653.728483
20024.015335
19659.868210
19647.592911
19824.892861
20002.876389
19935.364321
20274.964667
20279.054335
20396.519138
20036.463087
19811.429094
20525.405624
21581.025256
22256.983264
23003.690463
23993.844603
24568.705923
24902.166877
25219.091084
25943.296337
26403.597202
27037.788443
27557.417150
27898.721580
28136.030872
28631.108981
28741.580441
28925.699540
28730.668140
28452.443955
26995.851300
26688.920253
26981.886507
27582.138123
28073.123081
29842.719243
30589.428519
30685.580181
30532.658376
30281.029287
29421.804054
28576.898617
27723.808955
27061.148495
26444.963603
26349.216463
26316.483717
26261.249026
26285.627172
26541.349413
26917.771837
26807.300377
26901.405464
27076.490541
27461.097191
27096.857144
27119.158737
26982.028373
27113.141911
26587.377630
26550.284921
26597.298966
26595.397459
26303.013716
25922.434767
25722.012669
25437.650833
24960.985673
24597.520048
24335.676285
23957.193236
23719.883943
23390.514062
22878.558456
22774.222568
22450.990337
21728.829582
21372.864605
20854.260224
20346.908894
19186.953374
18008.586984
16787.257045
15643.667899
14009.091717
13213.357777
12263.639199
11494.988108
10526.186336
9920.624829
9363.930065
9125.156151
8593.453907
8396.051778
8293.437301
8081.148750
8323.879998
8827.539978
9576.276720
10577.240152
11491.435549
12076.513324
12387.472357
12660.068727
12322.517966
11948.142118
11573.764192
11316.420877
10580.185258
10257.313725
9989.159826
9641.318304
9598.266897
9766.423512
9948.576730
10163.375155
10419.836833
10490.946446
10010.246982
9713.474578
9582.098538
9443.510834
9066.838931
9288.561865
8887.763172
8631.745833
8290.351893
8167.465107
7962.865678
8323.426928
8483.154448
8382.423059
8517.364660
8732.479632
8764.655386
8621.990431
8552.486095
8247.442620
8139.273445
8081.818517
8063.326498
8532.013807
8910.496541
8876.989925
8754.272712
8782.791973
8622.809674
8613.211080
8728.211898
9022.807727
9235.869081
9205.037036
9014.417293
9121.188421
8857.284819
8431.839468
8204.497052
8145.384029
8105.193143
8301.918085
8422.699201
8291.570004
8375.673931
8167.316951
7745.686629
7651.452354
7629.028749
7461.187435
7607.604362
7887.861164
7920.356600
8342.075785
8700.082335
8243.804988
8002.104502
8037.243453
8059.377829
7858.696076
8056.138731
7923.493343
7794.209070
7757.163071
7593.879600
7607.225560
7926.497343
7897.534681
7562.114466
7551.740368
7791.491630
7682.763055
7879.239511
8343.449214
8621.887056
8316.233436
8338.488879
8353.072473
8162.742047
8129.771657
8517.406438
8317.330090
8313.156509
8253.647535
8151.522440
7765.848595
7685.794488
7559.201072
7704.242900
7853.788120
7995.347647
8255.316438
8423.104498
8270.241695
8265.382898
8370.063786
8578.428276
8611.194007
8738.386929
8603.610997
8605.156301
8642.052785
8773.093907
8756.634717
8523.468665
8572.159876
8629.222280
8529.327629
8781.013316
9118.334387
9109.635838
8714.486411
8841.118089
8516.594438
8628.804054
8466.694071
8542.618844
8174.163085
8135.430288
8176.885410
8231.908930
8383.105177
8632.743135
8797.178324
9105.599013
9650.910756
9429.532732
9237.292277
9182.026744
8562.289790
8374.179612
8677.032567
8856.922937
8944.697730
9100.126227
9011.780337
9144.369255
9224.056898
9228.638533
9300.288597
9083.007497
9070.741543
8910.841632
9037.542523
9087.356972
9372.603334
9438.599262
9730.401348
9575.375405
9542.598009
9496.022279
9350.834418
9105.484274
9250.634748
9264.989893
9021.143833
8957.959391
8906.696150
8836.826611
8951.617209
8949.372906
8759.459301
8787.836032
8865.461824
8721.998947
8753.155408
8978.190219
9023.183847
8968.131084
9070.645598
9008.593396
8971.458734
8942.818349
8722.113701
8665.255454
8999.968599
9334.032407
9585.657644
9677.621635
9821.068802
9661.079715
9158.177649
8919.220117
8920.228425
8993.762243
9350.938087
9778.928837
9760.381436
10081.238349
9977.044184
9535.847179
9104.588699
9259.944613
9188.209441
9349.924705
9436.165378
9886.417885
9880.234209
9661.246499
9450.285042
9337.523153
9402.932950
9496.892584
9630.278740
9445.840546
9370.715525
9194.763257
9282.643180
9088.029876
8924.567914
8762.929899
8517.139649
8292.093647
8486.735409
8593.405410
8586.817846
8575.907812
8571.992242
8631.263364
9075.075211
9505.094959
9799.920469
10004.207729
10066.052919
10135.404583
10357.160832
10508.476546
10375.337884
10197.590709
9685.682021
9423.911361
9428.624800
9526.676109
9684.477920
10097.255660
10299.226914
10091.989621
10369.041009
10271.020732
10241.723343
9654.888858
9774.461129
9501.146619
9752.429106
9750.778004
10247.164498
10030.403850
10037.807649
9825.282685
9449.588092
9224.983355
9505.397612
9548.484546
9610.073704
9751.079960
9793.731191
9421.290472
9238.604669
9134.428710
9144.617917
9568.198895
10016.393656
10425.228280
10650.156291
10760.589867
10552.499270
10292.494378
10123.302387
9887.423668
9752.204127
9644.154421
9631.404347
9204.316129
9228.794319
9388.267629
9306.207063
8977.331593
9134.358943
9028.189658
8925.314645
8965.831413
9471.055494
9524.467687
9288.738625
9163.724125
9487.479559
9450.494794
9340.076569
9422.231237
9606.315776
9397.980367
9025.587029
9036.203297
9109.601224
8710.460420
8464.824234
8712.518941
8605.440864
8695.554069
9043.478019
9216.448686
9050.774315
9050.774315
9140.708191
9288.385673
9083.857796
9198.569836
9229.208777
9167.763895
9051.178658
9268.524755
9401.528924
9311.702835
9512.064779
9659.352840
9759.199717
9810.392014
10166.347058
9951.161846
9345.746120
8878.305246
8677.684416
8886.705888
8806.662309
9142.122551
9613.973725
9606.103291
9020.962009
8859.243386
8969.767183
8872.041561
8857.785400
8888.692675
9050.639343
8988.926349
9335.311255
9165.787842
9269.940015
9294.117594
9230.424590
8497.221084
8593.665308
8764.722036
8855.509211
8846.892392
9208.082721
9134.478529
8897.542469
8913.522954
8878.831024
8613.131275
8814.125471
9065.208986
9097.663689
9139.194700
9477.418803
9355.308497
9367.093604
9037.727529
9020.048014
8545.147542
8398.240980
8158.821655
8426.695479
8780.732235
8922.782357
9055.571311
8932.665923
8531.905425
8245.108381
8495.791611
8297.650447
8271.070678
8506.072674
8348.359585
8217.690151
8432.172647
8620.798210
8839.589851
8759.896850
8622.219854
8604.250642
8401.895296
7822.510136
8016.904741
8255.965247
8143.518164
8025.101064
8272.327223
8378.940267
8303.527535
8295.561292
8587.917437
8649.395911
8170.638197
7962.188982
8218.031304
8353.200782
8405.794097
8431.340603
8501.585651
8297.513055
8023.051790
7951.154798
8068.219217
7842.012183
7700.594207
7553.480877
7502.331679
7414.072890
7410.028267
7360.963789
7363.051709
7313.904960
7309.583242
7486.837893
7523.666922
7526.011057
7448.093649
7587.206475
7407.841727
7290.940449
7607.948470
7790.429452
7651.194301
7635.800142
7785.113589
7668.320638
7588.407498
7754.303251
8036.159672
8017.308637
8002.980760
8477.467351
8913.115689
9203.983358
9639.734815
10140.957807
10578.437104
11171.802788
11790.139398
12407.963023
12831.437992
12817.118194
12760.216758
12438.478820
11742.914935
10947.113369
10345.209904
9915.970986
9552.377143
9354.358103
9581.119378
9675.560479
9051.148771
8714.303050
8706.006579
8710.239286
8632.521751
8716.181719
8809.499037
8860.816799
8412.656111
7718.940063
7718.940063
7520.001428
7282.218158
7288.731782
7515.747906
7466.645021
7820.919218
7884.604274
7540.808515
7823.263720
7894.982626
7482.723701
7447.776102
7857.101556
7897.735484
7865.096034
8013.707066
7980.590431
8038.269442
7768.155030
7647.451102
7693.793250
7837.296850
7740.904471
7751.493450
7704.113285
7535.867415
7498.785602
7406.716366
7094.039727
7247.288744
7435.500771
7116.652882
7032.116079
7451.599602
7611.896519
7755.481506
8002.914671
8205.057991
8041.808186
7681.932946
7282.515783
7112.886072
6938.886848
7180.471905
6947.347256
6745.765699
6807.124454
6905.632372
6735.858768
7079.176131
7449.297659
7238.570855
6915.426133
6411.979513
6287.214747
6030.441450
6261.351378
6736.247099
7333.339067
6967.056678
6863.307559
6799.350463
6576.377362
6468.184583
7079.758628
7270.322133
7495.557017
7471.169689
7143.544360
6724.074378
6788.549309
6753.489933
6751.640879
6868.182995
6897.018324
7029.777257
6817.351387
6581.793737
6532.884583
6528.662231
6313.742235
6555.236886
6774.216058
7082.829755
7207.641422
7154.398401
6951.711253
7164.904770
7191.441495
7050.570417
7247.441975
7374.105677
7171.606812
7337.617592
7791.804720
8010.894498
8068.406019
8284.948772
8438.723744
8695.786837
8809.267176
8957.025986
8846.300770
8429.061853
8003.248874
7894.943748
7954.256799
8011.233493
8185.045813
8232.246424
8226.113957
7859.152887
7693.563128
7656.992389
7613.722839
7521.053826
7623.003743
7944.141885
7875.022842
7944.141885
8059.531633
8149.591619
7902.101487
8022.858503
8106.285078
7995.471322
7895.501179
8073.509615
8061.431037
7891.256470
8002.270312
8035.279063
8100.666353
8427.579368
8820.890088
8567.997918
8594.338162
8803.196596
8797.505653
8682.469984
8968.412932
9223.966916
8888.598539
8663.799826
8745.502781
8851.619201
8672.278796
8561.345080
8628.807407
8720.958027
8536.757238
8741.424591
8884.817564
8948.264937
8857.917945
8988.745942
8882.401346
9324.672117
9255.004039
9129.962257
9398.115326
9795.194814
9623.295118
9959.075897
10135.155865
10115.164864
9902.042423
9793.929121
9515.435073
9474.336881
9115.818460
8876.050793
8929.512751
9129.671116
8992.871335
8808.590099
8702.338255
8749.071372
8450.610475
8477.280661
9033.554331
9099.045406
8953.936834
8900.692530
9002.889859
8705.772958
8824.426174
8888.452353
8993.106584
8972.627905
9121.619934
8999.307408
9062.490997
9154.159473
9152.846166
9096.945645
9401.880427
9285.003913
9457.311529
9325.942519
9206.379689
9016.236051
9362.277458
9255.815725
9362.277458
9576.605710
9573.025049
9078.042429
8992.465480
9206.517818
8993.670942
9167.671649
9323.841814
9219.309704
9038.705043
9083.412036
9034.321742
9197.895188
9545.556511
9590.977102
9067.474585
8742.170862
8324.510859
7936.218447
8136.990983
8695.338663
9026.638369
9219.310170
9393.102099
9393.102099
9517.204165
9355.467441
9451.096922
9455.921791
9337.125657
9607.086668
9634.519419
9605.733349
9591.266597
9404.916252
8768.722714
8764.226579
8744.530817
8668.635577
8805.787984
9251.075285
9475.879256
9496.472063
9656.103521
9486.454744
9258.119820
8969.639695
9122.845405
9174.346409
9446.167474
9729.944602
9854.902550
9635.865829
9517.322985
9515.262041
9614.757240
9793.376926
9932.221695
10128.759240
10056.501892
9810.919869
9870.042752
9970.068989
9804.543316
9862.110284
9773.370947
9376.656653
9390.404570
9312.849193
9223.354190
9158.769495
9620.994102
9548.847390
9733.583511
9516.938325
9494.682234
9449.720511
9338.822060
9457.652719
9989.461279
10266.531410
10023.092043
10348.764655
10291.960365
9990.196918
9833.074223
10168.446054
9906.553020
9718.267165
9696.291146
9751.215800
9405.546119
9417.802602
9586.011123
9829.250683
9926.229918
10444.161655
10757.207851
10727.991640
10755.504392
10757.328093
10006.720786
9655.054592
9636.156053
9178.488897
9027.467719
9318.037955
9665.541729
9689.927975
9925.652605
10000.505896
10025.050323
9880.271106
9804.398808
9802.511014
10046.405444
10471.615272
10735.637297
11069.455502
11007.731721
10433.516604
10175.734090
9965.637534
9788.998975
9787.184124
10004.231295
10016.734961
9944.857114
9517.553600
9611.995080
10004.030351
10030.611654
9893.012534
10225.157286
10458.409645
10613.636586
10691.012099
10932.624238
11016.108740
10664.799339
10174.441229
10069.783403
9906.018260
9634.257668
9862.379978
10203.965899
10207.396972
10375.335879
10657.406542
10582.177924
10344.920529
10091.362016
10031.685538
10135.826411
10314.044334
10336.722477
10475.225672
10219.767406
9773.618749
9740.851588
9393.184202
9186.535400
9313.082069
9787.719203
9724.243840
9806.095377
10129.830639
10209.507185
10017.000806
9831.101218
10004.008646
9820.181268
9635.746437
9801.397128
9787.025627
9897.789153
10249.587566
10526.028184
10513.059919
10814.297570
10678.613668
10169.187639
10018.086543
9934.722384
9887.309721
9907.144381
10175.090284
10067.043845
9891.090195
9914.273119
9884.444721
9800.918485
10056.324237
10185.997394
9999.285703
9999.285703
9716.995904
9387.843819
9100.962425
8724.959196
8689.580440
9158.167048
9521.920052
9689.596686
9880.093779
9953.247481
9803.738577
9525.674405
9580.828041
9648.422947
9991.709713
10112.421590
10014.460926
9823.675350
10042.753302
9608.237294
9415.876103
9616.549311
9872.313091
9798.840917
9794.660165
9716.683503
9677.903828
9534.731977
9031.058969
8998.502699
8932.583616
8993.626985
8455.679820
8644.121651
8628.657410
8980.200766
9373.122952
10187.309219
10719.278780
10701.908100
10316.741631
9889.664466
9672.333684
9233.048489
9250.584309
9119.623885
8894.324706
9017.232783
9062.363484
9144.178449
9508.498420
9891.090195
9862.268354
10206.116277
10447.669296
10412.830069
10225.087261
9981.118272
9727.572141
10053.661747
10297.217077
10225.250088
10313.286405
10571.012967
10037.235500
9692.958089
9783.290303
9736.252287
9736.252287
10272.211385
10872.012082
10845.667938
11069.687557
10801.874542
10232.653972
9584.072448
9207.359296
8876.256060
8898.776258
9111.332875
9502.101179
9670.225915
9741.311603
9804.911836
9680.864478
9335.387730
9388.371843
9012.193899
8735.723919
8959.551483
9025.192496
8932.907613
9417.725711
9618.495418
9230.131472
9070.995710
8872.287154
8649.466551
8426.610817
8118.675663
7993.731512
8439.567055
8825.855060
8887.960615
9138.676039
8958.440379
8639.546308
8214.807777
8274.437912
7984.424254
8263.125478
8457.674554
8298.157497
8132.605917
8362.695715
8362.695715
8088.791583
8209.594118
8037.867502
8019.931263
8079.085304
8243.195932
8187.663245
8296.372154
8105.202703
7939.802601
8036.265342
7941.754073
7782.045682
7903.804184
7709.495526
7495.083131
7674.973180
7918.528880
7869.641607
8094.649433
8231.767104
8499.980857
8977.086540
9592.626706
10455.570392
11245.560955
11955.445381
12624.105432
13490.969373
13887.851321
14067.874673
14055.606125
13646.450955
13142.994151
12760.421170
12476.581729
11846.074464
11328.757074
10760.872900
10561.348462
10067.791666
9897.913402
9789.169122
9312.999209
8582.802806
8519.149368
8470.453694
8480.717249
8624.388501
8735.037227
8552.747275
8516.519887
8321.542901
8381.491649
8262.951941
7933.738580
7808.746851
7847.453590
7721.590433
7837.831136
8181.887254
7989.384552
7909.483756
7836.757695
7466.422570
7324.769713
7300.588296
7226.538089
7355.384554
7596.129931
7361.537450
7398.385358
7418.973992
7290.293963
7261.792059
7513.451187
7846.819166
7541.655922
7419.890086
7397.733663
7383.667508
6885.982601
7043.620177
7303.095760
7527.744084
7456.551816
7628.275945
7605.770462
7352.829524
7107.234702
7119.430170
6902.613731
6931.401081
7095.681066
7034.288693
7232.571358
7269.450909
7076.973125
6811.236425
6882.694619
6649.652466
6798.913799
6890.506461
6731.281515
6516.727591
6424.336922
6627.158507
6874.297421
7080.491813
7182.980198
7383.903230
7084.991262
6984.483093
7015.475520
6864.252177
6674.582750
6929.536716
7212.014806
7151.851278
7510.314370
7571.395907
7442.626603
6953.517050
6933.790917
6696.520737
6571.771037
6516.568434
6694.519075
6723.271643
6882.694619
7106.068848
7334.660788
7637.627532
7651.060169
7471.175137
7440.305019
6920.828487
6523.649480
6610.125606
6886.224738
6590.051555
6745.288417
6714.679510
6650.223527
6627.842641
6979.676513
7212.761874
7421.556458
7732.111000
7639.613446
7412.263703
7385.213553
7311.752921
7096.453931
7035.385632
7301.206664
7448.356861
7587.383696
7882.383234
7857.793340
7647.159711
7606.282643
7549.222945
7294.075841
7267.440107
7476.134275
7580.373757
7717.398319
7533.681622
7694.929977
7901.803352
8077.616395
7627.848032
7656.391655
7697.388305
7533.900459
7388.746190
7920.132221
8133.160497
8180.213277
8253.645062
8231.278330
8081.930448
8068.608976
8087.359695
7888.467295
7589.921520
7502.083250
7568.397391
7426.919656
7501.428028
7821.967933
7987.628357
7885.968739
7863.647440
7900.512608
7935.014437
8004.414600
8077.616395
8268.014942
8296.946307
8038.648368
7709.318818
7787.019446
7991.488275
8163.544680
8345.605071
8805.922468
8619.372412
8390.661705
8011.894234
8009.877940
8088.057289
8362.392403
8484.923173
8886.569022
9019.802628
8575.351202
8007.960091
7745.952289
7768.476323
7766.395388
7954.680863
8588.401083
8649.607974
8535.564860
8439.183147
8203.953165
8091.029818
8271.216417
8285.063995
8390.076359
8988.815763
9112.880473
9242.315156
9270.840382
9299.504737
9063.769094
9148.029175
9054.387018
9019.902451
9013.180049
9142.162180
9170.557345
9275.442995
9514.806448
9338.525551
9095.408546
8853.820332
8522.304679
8491.714161
8839.481315
8859.934338
8939.823202
9340.294018
9371.124599
9195.361743
9330.483930
9219.587181
8890.064580
8464.842529
8219.285757
8358.114741
8808.118945
9248.148716
9405.396445
9509.791700
9532.543690
9414.964023
9651.775282
9744.383831
9771.025319
9729.940374
9463.791721
8799.105368
8678.147104
8639.440739
8298.052111
8202.640559
8347.864616
8356.142928
8376.439744
8740.676370
8793.387092
8677.378929
8603.943340
8618.177897
8347.864616
8152.898688
8220.422914
8457.659865
8197.835330
8048.291739
8252.890851
8334.088081
8227.740846
8309.693225
8649.368824
8655.460916
8586.840545
8420.502961
8639.440739
8648.362391
8900.587569
8888.251557
9139.885813
9153.862557
8959.607117
8669.172975
8688.289552
8690.181018
8491.955452
8541.459976
8760.645001
8849.394771
8855.260978
9071.663461
9067.622869
8865.913766
8772.439246
8649.371170
8690.203296
8469.199719
8229.663292
8254.198321
8694.652980
8665.546850
8993.058361
9564.510601
9505.218337
9083.791482
9141.275781
9086.433354
8937.603158
8690.103741
8683.727930
8681.859355
9095.295228
9134.603432
9586.886150
10088.258523
10150.005249
9662.987147
9450.015696
9462.206118
9100.128312
9065.519483
9192.619616
9249.990431
8979.647613
9192.841092
9057.605984
8893.702830
8980.098926
9505.690833
9129.669407
9057.913525
9397.803537
9681.171201
9947.407256
10450.859698
10675.572285
10583.633236
10466.076575
9754.546515
9338.674705
9422.607630
9288.232905
9057.393026
9061.800803
9087.869339
8726.096597
8729.855956
8865.239676
9184.478822
9270.384813
9413.680448
9351.849751
9225.228416
9095.057067
9029.229255
8923.235105
9021.146330
9062.923737
9038.292451
8940.532153
8919.899775
8844.284884
8815.508095
8942.152440
9159.090205
9559.991490
9576.251934
9507.895472
9096.508033
8998.825564
9066.052846
9405.402948
9769.009345
10194.079125
10198.015421
10010.556813
9779.482044
9592.974010
9678.827352
9628.075456
9325.138394
9331.067850
9399.918543
9048.078415
8919.540586
9152.710432
8775.779341
8445.587953
8508.773237
8760.574842
8748.447641
8858.857694
8892.124182
9135.055875
9037.308242
9080.321094
9387.664412
9475.768420
9283.670090
9335.056136
9414.762043
9463.538369
9724.720349
9690.051168
9804.822029
9831.624518
9702.925346
9552.023914
9525.592107
9153.220353
9146.658326
9243.025970
9189.467101
9218.993448
9413.005606
9521.369175
9701.753340
9916.194459
9783.454192
9815.943198
9325.137738
9022.172795
9117.571393
9313.685444
9199.315284
9480.161627
9667.902730
9796.155192
9890.733818
9755.423068
9598.136427
9750.004153
9565.039619
9397.802255
9821.503500
10477.895923
10588.305917
10508.566456
10727.373993
10915.942115
10598.360319
10353.114061
10619.343684
10526.446711
10420.689064
10719.436954
10906.285680
10361.274270
10391.806184
10547.188427
10498.733565
10684.699376
10952.157162
10828.132852
10345.056488
10097.410030
9758.031464
9855.372218
10244.459761
10757.526882
10725.403738
10391.774972
10214.206611
9997.626677
10007.136360
10380.083567
10744.304631
10739.704009
10570.275417
10146.099276
9839.193101
9389.225948
9265.361746
9058.326099
9140.524915
9077.153619
9453.656921
9672.578287
9961.427968
9760.958311
9615.531947
9457.983149
9591.344813
9897.869408
10274.207213
10174.210201
10209.068237
10095.832217
9858.928759
9961.163900
10337.160652
10869.364167
11053.172435
10901.261994
10566.549813
10318.816270
9715.485470
9054.956352
8954.308134
9042.569061
9091.562291
9370.387900
9651.216397
9769.978424
9786.585574
10058.703506
10143.862408
10547.242660
10797.747521
10512.785627
10371.189043
10406.639251
10484.009376
10811.171662
11402.660070
11427.207601
11165.348698
10799.511276
10302.256521
10116.493558
10042.685500
9883.254241
10104.647007
10112.842169
9765.557874
9450.070877
9597.752646
9378.350172
9363.399489
9889.648065
10739.934318
10237.332026
9641.248686
9297.613137
9111.033774
8546.798847
9438.785097
10493.359756
11240.191256
11471.348412
11143.858309
10690.211428
10594.747851
9960.812619
9659.710304
9989.181774
10031.778939
9774.226725
10193.920450
10081.661884
10157.534691
10501.315533
10458.678920
9814.803232
9749.860377
9773.613125
9706.317370
9750.661020
10130.983605
10220.454838
10483.238108
10219.266724
9899.333261
9785.521415
10063.435015
9472.393069
9237.076650
9237.076650
9517.387439
9134.489348
9106.019895
9189.535610
9420.799105
9256.821630
9062.449126
9080.697288
9440.724835
9325.515356
9503.738879
9556.921797
9025.049545
8560.732906
8564.771945
8562.828149
8622.141590
8939.618957
8780.015948
8861.540503
8685.574153
8685.574153
8782.192532
8712.823140
8654.825225
8575.220840
7995.663709
7883.460182
8227.329622
8094.306021
7973.373332
8319.617350
8376.534697
8288.786043
8477.161169
8405.129129
8323.458632
8346.265140
8153.699257
7579.809347
7434.530608
7682.005088
7951.675993
8140.304743
8140.304743
8119.868112
8050.372326
7849.811930
7627.066707
7888.096932
7780.141344
7487.007027
7350.558710
7558.887740
7474.464251
7654.569221
7759.147348
7681.487142
7568.604151
7384.721789
7433.989861
7652.471132
7536.111858
7407.221121
7628.861195
7802.798023
7698.535325
7768.044087
7846.168202
7885.762552
7850.835339
7949.032509
7932.624398
7738.258298
7722.849053
7614.019919
7379.021886
7364.752678
7436.036187
7356.517315
7027.463483
6863.785965
6988.554505
7364.752511
7426.500560
7582.278985
7876.881003
7858.386248
7772.601382
7969.566401
8561.142264
9154.019769
9972.764453
10441.214558
11152.264734
11645.602120
12011.417565
12177.829546
12490.520311
12545.914698
12533.638920
12304.509527
11393.981800
10596.348847
10022.741910
9563.973011
9370.312051
9711.393067
9459.726990
9195.831988
8954.311834
8946.240543
8688.969246
8641.553670
8672.780863
8432.587892
7680.678924
7271.195940
7377.667722
7397.815931
7415.981899
7502.048907
7781.975857
7737.440052
7404.786270
7328.846047
7323.016840
7089.695790
7022.250615
7030.873271
6875.067016
7098.517421
7313.418408
7497.432161
7535.457415
7465.972919
7361.301222
7172.801247
6817.298923
6938.662638
7489.138957
7258.032010
7298.900964
7395.151773
7051.735479
6824.676499
6693.770615
6620.326250
6959.542305
7531.018388
7592.856480
7744.560134
7721.854379
7474.071151
7068.357567
6606.426409
6749.297406
6950.096220
6988.764199
6953.012906
7309.303172
7114.965234
6861.226135
6894.167712
6945.093006
6865.115424
6943.000879
7030.718464
6910.252111
6956.703949
6838.003776
6684.513313
6684.513313
6879.065187
6901.086805
7062.511318
7265.085871
7279.603311
7308.516212
7347.831870
7290.718471
7268.589425
7444.043969
7315.542526
7162.385809
6992.746810
7199.419267
7023.364464
6769.884004
6648.045554
6715.396527
6633.152492
6565.978854
6749.997416
7058.178875
7007.092485
6698.060580
6880.082096
6669.808632
6381.408690
6359.204270
6698.553050
6484.017390
6666.258514
6845.734520
7076.724233
7164.924819
7487.774505
7948.467664
8261.102000
8189.053632
8138.242473
8062.445242
7949.698165
7872.247824
7999.560988
8119.972720
8293.595017
8375.697890
8340.303591
8364.561858
8346.461089
8343.901779
8084.137472
7727.526703
7457.299887
7394.260664
7361.394644
7666.202455
7878.985824
8052.604842
8013.990398
8130.286202
7779.080539
7696.633172
7811.246476
7645.560613
7273.178692
7201.827821
7252.442873
7520.767553
7987.218648
7911.453317
8021.876506
8263.135641
7938.147371
7649.991388
8036.608550
7978.959599
7686.138359
7402.206535
7356.998545
6947.880161
6792.436266
6856.870023
7000.141778
6946.798934
7106.393421
7202.366119
7208.967383
7558.966429
7781.766568
8074.050913
8291.360694
8329.376283
8101.919593
8009.759049
8130.286369
8226.958168
8450.501873
8810.242810
8910.775868
8720.736647
8618.427119
8760.070952
8621.182133
8560.026260
8639.383570
8600.608056
8308.066821
8105.217884
8271.325326
8309.858755
8203.667358
8208.728065
8582.602308
8218.363310
7901.413937
7878.832173
7876.546703
7788.121069
8077.342040
8091.446584
8124.352348
8148.538524
7987.134916
7620.571992
7685.823904
8044.370217
8188.091878
8503.044538
9106.510199
9415.418499
9161.910445
9335.079270
8977.284607
8768.311552
8759.970389
9054.756693
8361.101602
8113.603240
7999.325894
7879.947106
7483.229785
7684.947635
7781.082293
7613.275760
7457.512493
7576.479379
7815.186533
7860.751746
8020.389735
8222.721957
8527.940837
8829.419742
9119.725229
9254.854159
9291.689953
9285.033842
9079.376223
8878.708793
8648.209214
8410.453313
8103.699301
7972.710652
7933.947074
8105.340834
7962.263817
7896.959908
7974.276073
8031.799763
7939.818063
8118.218295
8185.069939
7865.905118
7847.470053
7851.750535
7708.975723
7692.466099
7767.657266
7651.072111
7644.637028
7896.404432
8031.469668
8337.131243
8621.788760
8762.954234
8721.723711
8762.923565
8762.907806
8742.083234
8556.344786
8285.628841
8014.031162
7608.040300
7293.544212
7385.105434
7477.632274
7457.056643
7913.271806
8044.650413
8030.084711
8412.660064
8774.740381
8305.008209
8284.447527
8464.802169
8431.874983
8234.811707
8443.798926
8333.322471
8118.650826
8052.774476
8110.041161
8141.173285
8431.875171
8593.667636
8501.298445
8726.680055
9025.549162
8982.801564
9097.009638
9201.571532
9099.312927
8935.246323
9467.437028
9411.988979
9501.778005
9327.960245
9082.085680
8764.429895
8390.705742
8120.582929
8261.956244
8687.478857
8437.979434
8628.130781
8527.784707
8132.975873
8041.872330
7833.443985
7651.196451
7819.326779
8164.786951
8169.078219
8556.120482
8756.284078
8823.893625
9188.047062
9318.873966
9345.431581
9605.582359
9472.216056
8985.217121
8728.035067
8347.657015
8046.680413
8140.894936
7940.347067
7874.142938
8226.361053
8044.122219
8062.330270
8293.306532
8282.634220
8228.840921
8967.824554
9178.722986
9567.088564
9830.933771
10041.859350
9847.077689
9828.841203
9563.011072
9062.162407
8491.385565
8173.915163
8184.354574
7813.981324
8055.613312
8341.982615
8409.733720
8442.335789
8849.698743
8833.951415
8856.556528
9083.458537
8821.693100
8927.519795
9127.178539
9180.617096
8924.735318
8985.972864
8808.190492
8949.975874
9125.960111
9132.518115
8932.047706
8978.557150
8723.885474
8626.076488
8627.989537
8854.991456
8681.192117
8561.261572
8500.044929
8704.756432
8197.281657
8209.546940
8200.481822
8145.296365
7825.998343
8202.562025
8390.793596
8488.320466
8309.962440
8402.698067
8441.284408
8617.572663
8768.146219
9174.616051
9404.304398
9492.299941
9281.187402
9316.772320
8977.480233
8768.539971
8680.904294
8377.768104
8109.674871
8197.653163
8056.408102
8027.788730
8414.697514
8649.397414
9066.732946
9363.134171
9340.560617
9144.292986
9008.986634
8716.300066
8823.466428
8931.947407
9046.099672
9068.081750
8884.192007
8446.091991
8354.170959
8158.268483
8508.097236
8597.788076
8954.105379
9008.005442
9066.661551
8565.821326
8492.074788
8455.012335
8592.945946
8800.949564
8971.507274
9159.576222
9143.472787
8963.376622
8936.790654
9029.731452
8900.952748
8714.608950
8645.523475
8649.425900
8709.455681
8772.888727
9169.571075
9167.459405
8942.277457
8772.274923
8782.242664
8769.617889
9076.603364
9361.611423
9544.961003
9966.418587
9942.260229
9942.260229
10189.507170
10375.365110
10250.512656
10176.959598
10232.442650
10023.368724
9556.395446
9302.184337
9300.624132
9326.639248
9233.095521
9543.102992
9418.203171
9150.652337
8961.900101
8954.021762
8910.021991
8911.186189
8735.619697
8833.986138
9028.395484
9141.263173
9351.837922
9897.990970
9981.905384
9943.129235
9807.788017
9588.952611
9271.823545
9161.492316
9331.180315
9200.672914
9668.965297
9961.543872
10072.338034
9665.144564
9689.448151
9370.569045
9280.286995
9071.367600
9243.333918
9271.930511
9251.707337
9305.427516
9663.147158
9623.733482
9708.048045
9783.937981
9759.674301
9724.358961
9733.142518
9650.998507
9606.021217
9513.997622
9073.981033
9026.825293
9252.753384
9528.980557
9547.878654
9883.181592
10110.215256
9972.799098
9707.053108
9823.218280
9528.750459
9242.531567
9240.289901
9264.854957
9117.441635
9415.774272
9538.763225
9561.000019
9487.280729
9264.613014
8857.278691
8888.127173
8713.163938
8800.774520
9046.316813
9267.102390
9496.310962
9846.963208
9613.294926
9355.546391
9504.917170
9414.960943
8805.632469
8664.328931
8740.118987
8557.755781
8459.739880
9102.458358
9648.843668
9897.990970
10433.667954
10509.392315
10433.020985
10297.431068
10620.660844
10706.762472
10990.441999
10571.882349
10622.759458
10422.082817
9882.820403
9325.794639
9680.638160
9850.535584
10139.466666
10605.459481
10689.868259
10474.530536
10287.826568
9966.870599
9950.533036
10271.823074
10466.323768
10499.602355
10546.837321
10282.727846
10239.552511
10512.574714
10479.132651
10694.102610
10602.568784
10398.590584
10077.249699
9925.769073
9545.172741
9678.255237
9606.515267
9196.506367
9319.377959
9812.192134
10074.221274
10589.453791
11470.120431
11392.018434
10974.198473
10704.777007
10961.949521
10556.848306
10562.740267
10360.831983
10735.187818
10433.598256
10702.006620
10912.930714
11221.771858
10781.930867
10454.982184
10481.498410
10736.650389
10693.742543
10822.846660
10921.105280
10707.929268
10268.547635
10313.475593
10471.330196
10577.453721
10929.909949
11289.795050
11604.845133
11150.987562
11033.843898
10739.616548
10774.345710
10567.184350
10811.039506
10775.876197
10718.884761
10247.629195
10246.443405
10458.607269
10759.674013
10750.576410
11081.977142
11370.056845
10961.668314
10932.662572
10897.355108
10811.132028
10501.785786
10637.747608
9843.473441
9597.865035
9174.316239
8705.618099
8866.923226
9378.713359
9294.227274
9466.714047
10042.854713
10226.432105
10368.943379
10441.297926
10059.156974
9388.137344
9105.774488
9205.869390
9696.080351
10272.416730
10669.585735
10722.890802
10382.865908
9802.597966
9471.210289
9270.774729
8654.821392
8460.266929
8872.398038
9271.561158
9548.052531
10091.670954
10382.721801
10251.161336
9977.470859
9744.421276
9834.258524
9724.002504
9719.056370
9891.367253
9991.511071
10136.209565
10726.250636
10692.613769
10541.134003
10580.222342
10271.563043
9520.390518
9535.950906
9370.615593
9511.660511
9612.075804
9623.702192
9681.401715
9623.861141
9266.338867
8985.853602
9063.478646
8784.101622
9138.949069
9641.663266
9600.574319
9780.650482
10173.713903
10073.025431
9837.950890
10187.296498
10095.578406
9816.023814
9797.633019
9703.751839
9613.497303
9572.906216
9643.752781
9925.845945
10192.087675
10077.378512
9803.255552
9761.045626
9762.748556
9319.270417
9485.263349
10083.880914
10264.047477
10088.137938
10059.239561
9822.096045
9498.777992
9525.531871
9416.518193
9408.587457
9433.115482
9337.203855
9228.685555
9185.495075
9512.805866
9475.826013
9453.651447
9475.587984
9733.556894
9567.980923
9651.476075
9943.996408
9893.029062
9635.818810
9678.610939
9457.706826
8895.039379
8274.442629
8298.783911
8129.467817
8333.866999
8724.929063
9041.851792
8780.002177
8705.916422
8483.242428
8390.966045
8557.145892
8583.315289
8603.124796
8544.791526
8320.069054
8357.551471
8703.597955
8570.327358
8646.271879
8940.747579
8971.577186
8900.412599
9083.927302
9159.655033
9008.696387
8788.783149
8638.130705
8774.745624
8549.595635
8108.226797
7950.367182
7959.050470
7535.556957
7596.083515
8044.775468
8339.775764
8241.454644
8388.946681
8404.800066
8273.883197
7994.643725
7732.780265
7794.147400
8062.334433
8168.545136
8177.702620
8422.964544
8256.576670
7880.695269
7483.915616
7351.005825
7232.372260
7013.380965
6808.715226
6919.031511
6938.960937
6914.900078
7307.769905
7444.435134
7290.947241
7477.492779
7659.000408
7466.878492
7573.716582
7943.730848
8083.181261
7935.988917
8016.075539
8126.093829
8298.194955
8329.476483
8443.803014
8597.077725
8713.865465
8977.769923
9494.307014
10218.683847
10924.125852
11452.063808
11845.286302
12017.569863
11999.035130
11845.737704
11534.768648
10743.595339
10239.699188
9973.884002
9709.703927
9327.393399
9450.159939
9443.714265
9278.051760
9081.411491
9167.419740
8999.683703
8629.277269
8118.431970
7934.168131
7717.210065
7574.188816
7902.021823
8221.162182
8028.866040
8032.590523
7977.941381
7365.660484
7133.021563
7482.730380
7614.712528
7447.784068
7664.909869
7607.658286
7255.985528
7180.053249
7419.541008
7255.648045
7269.776398
7637.969455
7633.876358
7517.086283
7459.977048
7678.647159
7106.114811
7066.988598
7089.513378
7313.397568
7076.095292
7413.381959
7282.336289
7133.381839
6938.077436
6862.924245
6698.589212
6760.608122
7261.716054
7268.413706
6940.568315
6627.917884
6644.078542
6439.759874
6544.208329
6864.923404
7171.662287
7071.635826
7112.339282
7072.509394
7193.121995
7174.968065
7017.524676
7031.435465
7322.016037
7518.232678
7460.971146
7732.874673
7606.307635
7413.134210
6965.286198
7024.473515
7089.984197
6998.097196
7053.119059
6967.240192
6684.860094
6437.512948
6384.639192
6052.014914
6033.627868
6227.807022
6360.818402
6688.041784
7202.297396
7591.009510
7498.823358
7126.330011
6623.299011
6151.157335
5893.577774
6030.749058
6317.444007
6554.547825
6906.806500
6923.009019
6851.259672
6779.849628
6884.258247
6806.663283
6837.466746
6849.774496
6988.755771
6988.755771
6724.643261
6811.051238
6958.419696
6821.219829
6774.298333
7117.707180
6994.681137
6649.254932
6747.356510
6882.364251
6498.842275
6441.504993
6787.597896
6858.814717
6681.257093
7028.838801
7258.020240
7065.961366
7018.585595
7090.266813
6709.162027
6457.356893
6594.747783
6748.000097
6545.428863
6607.284324
6703.995826
6729.888328
6658.613432
6908.203344
7209.552255
7450.956601
7619.382955
7688.371609
7655.545906
7522.642324
7199.585239
6874.059384
6442.183477
6099.223916
5932.423589
6190.574427
6450.194365
6852.954057
6885.916981
7143.067406
7079.554778
7079.554778
7008.172632
7351.540066
7338.581042
7303.579006
7009.120138
7011.189979
7074.737910
7012.384853
7071.764065
7365.927091
7243.203541
6949.241862
6984.414496
6980.396385
6818.474938
6869.759533
7117.574895
7088.639269
7106.872065
7256.478876
7303.481308
7422.151097
7586.363162
7643.445768
7782.269791
7950.059537
7707.161700
7580.438396
7439.542718
7206.332783
7030.039876
7085.386128
6752.927983
6607.424967
6503.071533
6609.795991
6662.783408
6973.455420
7136.738447
7296.401950
7067.301954
6858.602085
6865.277667
6908.203344
7077.889121
7311.030719
7491.039069
7571.099507
7628.470427
7651.004353
7589.483280
7783.706699
7969.683387
8027.282597
7973.813333
8082.388761
7799.964382
7651.510507
7371.931911
7248.589423
7150.358517
7197.549088
7421.451508
7902.175950
8109.102272
8456.570224
8440.095373
8255.977329
8356.525340
8045.478677
7554.497022
7368.118552
7020.285397
6715.726343
6623.539166
6656.976865
6873.791103
6583.266246
6079.991394
5979.863800
5814.587726
5807.727126
6457.391741
6760.652230
6807.402742
6788.954946
7019.900659
7031.039392
7035.507082
7323.868641
7638.683383
7647.130307
7542.623570
7607.974905
7456.989519
7248.041272
6888.247265
7085.406910
7333.002674
7608.495387
7858.527450
8044.931060
7781.149515
7535.793160
7114.101223
6950.631368
6917.830970
6738.203431
6660.549380
6952.834979
6924.668999
6887.537271
7149.357412
7486.605312
7629.600615
7894.284134
7883.483309
7934.675117
8171.747416
7926.591222
7564.282893
7353.451173
7205.397656
6714.300452
6693.790043
6922.611522
7159.791457
7496.936227
7711.739448
7834.786699
8167.936149
8041.191720
7908.562664
8170.040211
8178.037254
7930.846992
8061.730485
7948.658297
7846.580602
7930.179714
7864.750299
7932.134690
7803.566577
7744.708153
7554.042667
7398.558055
7220.536251
7295.951727
7001.342509
7058.940911
6713.217483
6532.971445
6347.054188
6090.803401
5980.270449
6240.399629
6459.288500
6490.487113
6675.964195
6756.410059
6792.934640
6799.079261
6779.322649
7010.488575
7147.743973
7106.548196
7286.776085
7579.219029
7241.519328
7069.707798
7303.177683
7169.872250
7125.777095
7328.266579
7483.616231
7368.816442
7371.670930
7293.749775
7146.219885
7095.411674
6980.576910
6935.708886
6982.296663
7176.490644
7095.008787
7186.891906
7272.666798
7316.775979
7261.872825
7130.837985
7097.931697
7081.517760
7201.639556
6959.858315
7046.015942
7252.331606
7393.971713
7537.555895
7983.702165
8231.235774
8404.935814
8317.291820
8097.705835
7917.823442
7852.179362
8009.686694
7931.992103
7927.459612
7870.139407
7640.956598
7436.153723
7182.936646
7036.698638
7118.388932
7398.658873
7257.592338
7658.559731
8117.970369
8309.673629
8274.604781
8317.932228
8166.799552
7982.954308
7853.559987
7792.381434
7968.394005
7845.810298
7568.366743
7340.948835
7423.063680
6989.216629
7052.749312
7096.949495
7179.151835
7203.351185
7172.903867
7168.972982
7102.700275
7080.087486
6935.206868
7270.391854
7503.489732
7951.155379
8104.770055
8184.596765
7869.555725
7595.419051
7087.932276
7022.513265
6756.635605
6739.928523
7049.103456
7028.986745
7108.795099
7753.317031
8610.519176
8639.252325
8896.371123
8745.085238
8460.256683
8043.338629
8051.327648
7940.344651
8104.285936
7971.043049
7875.271145
7850.519463
7905.728824
7688.899784
7746.179283
7969.204926
7897.595648
7671.373574
7896.641754
7839.280410
7716.800486
7787.911546
7790.666289
7669.654771
7559.257830
7303.569620
7051.987145
7138.385561
7443.071362
7309.919039
7158.776657
7478.033310
7537.690684
7320.919972
7551.987033
7513.497786
7198.293694
7309.178103
7079.813021
7165.840457
7145.293846
6998.225533
6827.525349
7107.459404
7138.385053
7486.163526
7703.307619
8181.918286
8167.490263
7983.526065
8142.686502
8365.586317
7920.184400
7887.634042
8063.536801
7854.905753
7748.419348
7777.238486
7744.919105
7663.425808
7529.710486
7478.523106
7505.362952
7550.289918
7378.447847
7675.022447
7814.078662
8095.275533
8154.817549
8488.421353
8733.717545
9169.651536
9107.394776
9312.198112
9281.349654
8970.560229
8741.335071
9180.361825
9071.575346
9047.211624
9394.886271
8910.442644
8222.858947
7797.936880
7677.073311
7398.629843
7905.945607
8384.363353
8720.551251
8767.798689
8689.813257
8298.557449
7859.783391
7715.156505
7912.995311
7966.787521
7991.121252
7864.714381
7846.548301
7666.247678
7422.711493
7390.120680
7467.099048
7694.493248
8058.899320
8248.513570
8422.959858
8706.194111
8702.570276
8483.546528
8449.179172
8449.179172
8041.145876
8004.158503
7756.448489
7560.101583
7337.495966
7627.912657
7607.285474
7973.222916
7824.005805
7464.328519
7080.387819
7056.076426
6691.721325
6867.782122
7037.594873
7257.082639
7295.901982
7258.879059
7340.695088
7862.740929
7942.506539
8046.543573
8063.093886
8329.394553
8525.419486
8503.090790
8323.249440
8253.619636
8006.377092
7523.337459
7536.630447
7741.234171
8133.847680
8569.869130
8569.869130
8636.525978
8478.364562
8227.317213
7979.480179
8120.793872
8291.507114
8416.237923
8618.780268
8762.312335
8705.034599
8454.422187
8376.517178
8073.673631
7912.215358
7640.079160
7398.531810
7081.282832
7099.680554
6954.566194
7073.355281
7250.478985
7739.504579
7731.767532
7819.526732
8197.775016
8383.651975
8298.100246
8322.570935
8472.348668
8001.347549
8019.198101
8150.031177
8536.534465
8272.518965
8538.793652
8727.292093
8571.646726
8477.392177
8635.096315
8810.447653
8509.071285
8517.468136
8814.835822
8660.794324
8542.252579
8774.919173
8879.050991
8915.864191
9556.677840
9558.392947
9564.825431
9311.666590
9033.267926
8452.160469
8260.500258
8031.684352
8129.827235
8017.314302
8253.025680
8649.456115
8851.045462
8985.974989
9145.538345
9307.031151
9090.475751
9052.414892
8678.207742
8167.254579
7761.952865
7903.049613
7962.576233
8298.373304
8759.274991
9037.021785
9047.217839
9094.213699
9005.848977
8933.934179
9079.556461
9089.455979
9012.310309
9001.758419
9032.517352
8619.146092
8453.969455
8438.419897
8444.217538
8364.420120
8569.126399
8313.263193
8182.498417
8331.924793
8481.709657
8381.098763
8628.637196
8415.900465
8198.717979
7712.012141
7683.441180
7521.878870
7658.917422
7523.967972
7855.623327
7514.053437
7448.444746
7215.811640
7047.780248
6925.215806
7301.883293
7482.074912
7561.462878
7627.344613
7557.685595
7482.074912
6896.757896
6950.075718
6902.519990
7076.629772
7256.779792
7931.827293
8171.076269
8404.442823
8539.604127
8706.516463
8832.080939
8805.563448
8907.840920
8770.546141
8441.287270
8302.111502
8069.075380
7860.606435
7840.330144
8189.801305
8284.120938
8454.712205
8786.227391
8747.164065
8516.551240
8361.014226
8746.108625
8443.666147
8396.646149
8378.102077
8508.713397
8209.780200
8516.811451
8674.085120
8891.193649
9087.664334
9025.422549
8988.636847
9031.475059
8745.409835
8663.719246
9020.542660
8865.099621
8547.726435
8566.385449
8109.899111
7664.484115
7629.489531
7709.386692
7781.165895
8077.682664
8385.392770
8782.679687
8938.423581
8618.938740
8525.202101
8152.716150
8023.644930
8084.821520
8422.797487
8660.176347
8783.642852
8610.341502
8284.796793
7820.419274
7364.367525
6898.910976
6616.406828
6737.271097
6927.716973
6913.076579
7236.720308
7461.518151
7275.641433
7118.142447
6862.817588
6771.362532
6571.398856
6714.480382
7074.625788
7682.034385
7936.670882
8343.702231
8681.591027
8861.334637
8575.246207
8517.265797
8098.188776
7936.345159
7797.675296
7549.989803
7414.304403
7793.199634
7829.771151
7926.343743
8457.936119
8823.836737
8799.089940
8672.605941
8522.866797
8361.421717
8068.695821
7966.847363
7966.847363
7915.498833
7882.662231
7681.226999
7466.398199
7449.815923
7357.773193
7286.329024
7478.694466
7869.611619
8072.298466
8319.899735
8536.452455
8454.552225
8129.388090
7957.314631
7775.652258
7838.559242
8124.902782
8204.357728
8337.226040
8392.152428
8505.355311
8824.211970
9357.847596
9464.431489
9675.609990
9665.232384
9501.161286
9335.553930
9126.599263
8965.314997
8752.477867
8561.779238
8522.866601
8658.102484
9161.065136
9122.112052
9335.284219
9320.432257
9167.368239
8745.800530
9062.782581
9008.237890
8774.258206
8892.846231
8880.787240
8340.754502
8121.031684
8336.098779
8587.710172
8706.046036
9140.132945
9510.169301
9557.212423
9385.743499
9195.220405
9319.720847
9022.782594
8726.581280
8861.221086
8941.105572
8924.676272
9030.907980
9186.794196
8808.100572
8629.747851
8182.148567
8033.163218
7927.230770
8062.391498
8276.682310
8379.443844
8313.075326
8445.708040
8484.414523
8352.264309
8488.689735
8594.827323
8543.893495
8740.520048
8840.190766
9028.961565
9292.582877
9555.168716
9309.113137
9028.829596
8398.640798
8063.887208
7646.891943
7573.183115
8032.871774
8732.822144
9194.026337
9421.287579
9498.762172
9373.733361
9073.037628
8556.682613
8483.154448
8714.097466
8736.631090
8898.200208
9288.516489
9529.362049
9707.762052
9625.518299
9582.637860
9361.797924
8982.947784
8933.414446
9036.316540
8882.482962
8820.826403
9277.064074
9278.943235
9266.495317
9580.225866
9803.417693
9496.403762
9189.299382
9020.166301
8702.771370
8547.614869
8347.263725
8234.440633
8228.239208
7909.301420
7885.054067
7876.730185
7850.257846
7946.399930
8101.794155
8063.991649
8403.878627
8426.351569
8291.287373
8563.087612
8419.130165
8065.161258
7704.686411
7658.293937
7556.098577
7709.079124
7954.429101
8263.082456
8167.265297
8093.507486
8046.694775
8026.531427
8282.562493
8705.621064
8575.024601
8802.965876
8943.945797
8952.504820
8850.137139
9482.047775
9218.936508
8817.551326
8731.732683
8919.777674
9050.753890
9494.160553
9839.296009
10162.912174
10054.542326
9501.935452
9134.277018
9158.826640
8782.441111
8454.833631
8371.091734
8415.668174
8262.290866
8529.953848
8483.154448
8450.283865
8791.831028
8690.787908
8409.273677
8699.772938
9045.324511
8958.744178
9431.422208
9623.544335
9517.385619
9388.360803
9352.896456
9158.720118
9051.700855
9174.623485
9336.718866
9229.830391
9167.114761
9400.034197
9704.635761
9667.978709
9685.565686
9683.981344
9555.447609
9266.343387
9325.513765
9445.289294
9518.670901
9079.284068
8807.137362
8741.504641
8770.336609
8831.830247
9087.671320
9424.533735
9468.167884
9279.813477
8800.883025
8512.083177
8031.699515
7632.886482
7530.595101
7715.345594
8177.614709
8543.358887
8563.599989
8473.234678
8530.277853
8673.460985
9013.128853
9575.722573
9704.261366
9782.178878
9773.697685
9772.074437
9671.577991
9931.440950
10141.356319
10182.021326
10116.802275
9979.724109
9869.371947
9500.987349
9394.405269
9400.755835
9670.893914
9559.724759
9689.122699
9645.488070
9293.901221
9044.361803
9257.113711
9480.447109
9414.819727
9704.941867
9864.945481
10055.453026
10186.580621
10217.626212
9965.926104
9468.668627
9043.229670
9051.261286
9258.248666
9388.910104
9691.898525
10266.104638
10249.390240
10174.050528
10141.098014
10247.319114
9939.645385
9736.847982
9501.525592
9260.197122
8979.735614
8864.932945
8870.881850
9379.470472
9846.989366
9979.398489
9977.354769
10190.359342
9903.999855
9795.359025
10271.995751
10719.397108
10647.997463
10940.901238
11208.656366
11026.493163
10583.494988
10300.888990
9947.294690
9699.024410
9586.843349
9853.169882
9818.175309
9519.136723
9402.900965
9605.788571
9416.715244
9580.823250
10143.086556
10053.655867
9713.925975
9862.204439
10209.900968
10375.378747
10539.378780
10361.315779
10177.221586
10003.879301
9786.807240
9891.080823
10756.478133
11122.046479
10899.110686
10493.649301
10539.284070
9908.415710
9248.437018
9095.245430
9356.135869
9056.405893
9062.358811
9412.505230
9606.639698
9686.177850
9780.515595
9541.270863
9421.833522
9646.196652
9822.644694
9832.890302
9951.308289
10168.510878
10319.532922
10037.495272
9897.210820
9919.036801
9766.120924
9533.007158
9559.384304
9750.260262
9866.070925
9724.326823
9517.858917
9644.828496
9556.923853
9301.315502
9558.087588
9828.468217
9771.142932
9801.725054
9977.477980
9463.351870
9288.069649
9072.530567
9328.332823
9620.937059
10375.162077
10292.487606
10515.573807
10584.621842
10361.589115
9843.479474
10152.361638
10225.697400
10600.236241
11140.713750
11464.250943
11069.503944
10848.184146
10345.057514
10124.294360
10110.748892
10616.135417
10491.235968
10399.085180
10292.564061
10204.507433
10079.704626
10286.011673
10141.031524
9727.746209
9484.162768
9229.835112
8872.021933
8886.855958
9167.117615
9501.393304
9485.406994
9476.368118
9482.927041
9470.819069
9641.458509
9684.605695
9989.251346
9978.744463
10191.967184
10178.292736
10233.416258
10016.788847
9953.497991
9683.646922
9586.088314
9540.781630
9897.287465
10095.510967
10091.358486
10297.401329
10512.472812
10669.585777
10691.949441
10900.930992
10415.291361
10181.891467
10162.259921
10302.909089
10125.121923
10108.578203
9658.059772
9275.841056
9042.516897
8911.115433
8969.123068
9529.320738
9920.312504
10206.694239
10214.764019
10091.276476
10064.149288
9723.331187
9499.886761
9761.279791
10420.054445
10763.075822
10851.381683
10587.833188
10231.867976
9898.537631
9215.944066
8857.662983
9173.395569
9692.521756
9481.853283
9740.051632
10001.400335
9843.726740
9467.832176
9312.444301
9151.262053
9159.000831
9598.772485
9535.533142
9351.418356
9302.212638
9283.935133
9048.868921
9316.731223
9693.311294
9621.859939
9423.102362
8940.704728
8482.819473
8305.140819
8540.698778
8882.013042
9311.763584
9542.805003
9737.595083
9772.883552
9527.080338
9142.534741
9170.715449
9204.513675
9157.841738
9235.103372
9302.325077
9188.140878
9095.198230
9162.390295
9422.285223
9676.044693
9395.633748
8958.981699
8580.671372
8159.169259
7952.406654
7991.407531
7987.218160
8026.026770
7864.434375
7729.031281
7813.485504
7968.457973
8178.486403
8353.089901
8309.784067
8141.964058
8093.446581
8244.696245
8038.243563
7895.057178
8251.698857
8412.615990
8222.360313
8030.044404
8060.877200
7788.253051
7711.015969
7623.023745
7772.554636
7565.827631
7514.867175
7275.306887
6884.796696
6766.018540
6983.119906
6784.545180
6779.933921
6929.280239
6917.244089
6792.297188
6925.182042
6794.148832
6675.539039
6575.703473
6518.352161
6573.225647
6917.244089
7078.652248
7408.251787
7628.931858
7619.355558
7425.743731
7454.565938
7360.616581
7264.280005
7235.804441
7450.644679
7745.353132
7966.615751
8193.444846
8489.846917
8742.356685
8961.248208
9294.489585
9423.372016
9558.670824
9146.351468
8977.284076
9083.316325
9492.523230
9942.607661
10828.650147
11356.735739
11278.996899
10744.740499
10029.439897
9397.598550
8779.815801
8365.833457
8362.140901
8507.628005
8356.766707
8146.023957
8291.360136
7939.555518
7577.126190
7464.652673
7365.751948
7202.365487
7564.566657
7498.930518
7459.236043
7489.619585
7352.580756
7060.100135
6949.822911
6827.645737
6980.966440
7111.878785
7095.687593
7263.145755
7400.422788
7095.912293
6809.373275
6938.163947
6877.160920
6894.683302
6761.948315
6626.865888
6299.224873
6422.118711
6222.573958
6335.641657
6645.932377
7022.618030
6960.960406
7120.547855
7090.069957
6945.007565
6568.357727
6302.551177
6293.827688
6430.658907
6397.919152
6344.519066
6455.261858
6499.522694
6709.919342
6569.152674
6486.958786
6572.927660
6467.014592
6090.361171
6362.375376
6685.403346
6657.365716
6679.363561
6783.638123
6691.428810
6545.879468
6830.632969
7207.369766
7600.517384
7637.080088
7640.859675
7516.262094
7148.781586
6794.140313
6818.654527
7015.338952
6994.749613
6928.577972
6728.010883
6871.158252
6478.841656
6134.810678
6223.191237
6051.624650
5624.105569
5912.209225
6034.881573
5753.838966
5927.856935
5768.243260
5684.185261
5700.358998
5957.624934
6047.623810
6352.209746
6403.778315
6430.201615
6179.646774
5923.963767
6046.868162
6100.115533
6095.522591
6592.081212
6808.990285
6770.292935
6651.581146
6580.249824
6276.373941
6423.602199
6310.994394
6501.430766
6704.144677
6531.116418
6391.923262
6442.798623
6164.782237
6043.868089
6309.980090
6077.196511
5804.965897
5806.948619
5684.185385
5386.961874
5755.179472
5730.588215
5608.365031
5644.904850
5799.965165
5949.418544
6501.658777
6951.587585
7111.479938
6949.881888
6714.526439
6873.938097
6972.073210
7141.840433
7361.384288
7242.422529
6927.767012
6974.720745
7224.273222
7133.451844
7207.092551
7272.575837
7207.092551
7012.627725
7067.987853
7108.930372
7082.303029
7133.557512
6951.322346
7071.343491
7281.851756
7265.262690
6939.927528
6762.359320
6651.373526
6622.906441
6780.183052
7001.278159
7218.152685
7442.036433
7231.661948
7214.758535
7570.932963
7754.988250
7799.221555
7991.505601
7780.949404
7355.393670
7339.085124
7478.487405
7674.981185
7476.783477
7403.029900
7140.882859
6573.382755
6223.615637
6528.477048
6640.934686
6793.717867
7075.436322
7334.720190
7099.540699
6974.897452
7022.086234
6846.694328
6724.005457
6881.751183
6951.109072
6912.164993
7384.500728
7404.923632
7511.084037
7658.532367
7443.500660
7055.949517
6998.685482
6669.451660
6505.556770
6689.738049
6889.391307
7222.580467
7417.163737
7423.023524
7574.611185
7650.216586
7336.867046
7521.123604
7506.441216
7207.858154
7001.652760
6842.272253
6351.263772
6077.363306
6318.476746
6145.388370
6012.568800
6250.002950
6569.230115
6486.996275
6511.787980
6466.906034
6270.219424
6264.071338
6161.790570
6303.570855
6937.817157
7613.075005
7813.701750
8173.583678
8375.484632
8246.089088
8009.031171
7643.056521
7264.330857
7087.009152
7101.472844
7236.362167
7643.548638
7856.382950
7869.561457
7822.520575
7640.352613
7470.991645
7294.713761
7427.410481
7217.110156
7167.895571
7014.510668
7149.567848
6817.281771
6763.755643
6688.035800
6612.470813
6728.927887
6802.084905
6623.857132
6175.983914
6073.517738
5668.965856
5604.613783
5897.389115
6337.173961
6582.425686
6965.141664
7184.275458
7646.975796
7520.174950
7435.835447
7435.835447
7724.071939
7806.147334
8413.644126
8484.838000
8133.322290
7823.105038
7029.162104
6507.748040
6499.389422
6479.422751
6528.020258
6918.259493
6961.167260
6758.744210
6791.783945
6774.124894
6438.517788
6395.480729
6843.546795
6967.827564
6766.471211
6629.562937
6870.813986
6555.854647
6553.998656
6906.421090
7454.439570
7699.824243
7732.684030
7799.954900
7268.569065
7028.829694
6791.783945
7012.526271
6943.131309
7286.738936
7419.540228
7159.467442
6955.107905
7047.029602
7047.029602
7226.944029
7411.105149
7558.731700
7506.965028
7412.058802
7160.195655
7352.731435
7375.160148
7483.741691
7725.365197
7972.864672
8011.638415
8007.737332
7987.318980
8007.308865
7927.308214
7878.354870
7340.181056
7053.504560
6603.958287
6381.051817
6161.923215
6486.996144
6716.305481
7255.134855
7565.851403
7782.525157
8011.710305
7991.355240
7574.751838
7288.379338
7232.922060
7187.881040
7400.469097
7794.858464
7948.734977
8233.109287
8285.771067
8077.571476
7720.888590
7728.700252
7638.800069
7502.022494
7589.812625
7879.967371
8047.525777
7780.236729
8066.365316
8160.065061
8081.020743
7849.581702
7560.825594
7221.192071
7153.979197
7065.536683
7214.421792
7409.283166
7603.527910
7478.391822
7538.278174
7390.741296
7155.769537
6877.870776
7233.548363
7516.924788
7825.984375
8198.254948
8484.489136
8120.678980
7819.512584
7410.125083
7363.208745
7179.044672
7093.042912
7139.638849
7514.032714
7540.544449
7613.874276
7843.093191
7765.779992
7526.531272
7172.186337
7258.283230
7232.032348
7368.922708
7448.975317
7819.512711
7954.405112
7925.964095
7806.131530
7583.032318
7235.450841
6713.778896
6409.043893
6056.238785
5632.743287
5815.062924
5903.193235
6039.810650
6060.208724
6274.756069
5869.589889
5757.244853
5714.199563
5880.316632
6072.491857
6510.546162
6365.057435
6291.786892
6191.629958
6398.519729
6294.314128
6482.519207
6664.340004
6768.871693
6727.676424
6813.591398
7150.877118
6985.209956
7109.551488
6990.761282
6753.408726
6776.143167
7027.794041
7125.602682
7296.905426
7350.624929
7137.347189
6908.324535
6726.475517
6632.500999
6696.116449
6812.260828
6929.165742
7225.983532
6984.645019
7164.941262
7457.221296
7582.010250
7746.005695
7926.409633
7725.681679
7351.222943
7247.184069
7036.495025
7327.051233
7756.316287
7842.428958
7772.779255
7684.400094
7575.873122
7338.696752
7461.118590
7651.383148
7864.452396
7455.182852
7405.946023
7001.073748
6694.228151
6450.266713
6628.439929
6691.573479
7168.337692
7510.245529
7217.542326
7225.571711
6804.366796
6472.898130
5940.746510
6071.801903
5911.978499
6319.006780
6620.281743
6787.896940
6747.813754
6604.681932
6385.698812
5708.295755
5784.216601
5695.540822
6004.328093
5971.696866
6176.121728
6174.168251
6595.445940
6323.311131
6290.759600
6550.300470
6576.727264
6200.105375
6188.110631
6411.066175
6186.116786
6233.348947
6514.280527
6999.512962
6968.229545
6756.118676
6709.009758
6762.199771
6653.518493
6966.631358
7619.610855
7889.216636
7829.360796
7821.006397
7502.182228
7297.231311
7074.811141
6988.361102
6877.998033
7051.652789
7118.829116
7158.125435
7425.841155
7526.476457
7626.970092
7335.892416
7296.984765
7086.502892
6818.413919
6485.093250
6728.613383
6837.241730
6752.849294
6967.407805
7002.151456
6996.167096
6617.612578
6608.978350
6277.230152
6330.543791
6310.116567
6590.885396
6457.440672
6753.869066
6954.661819
6746.071131
6590.885570
6745.759819
6911.476643
6757.590238
7103.544607
7056.482496
6885.972156
6613.813120
6685.206841
6849.236399
7112.879726
7419.095927
7562.113226
7375.797533
6866.626387
6958.773073
7105.218028
6865.542138
6841.181797
7215.313736
7112.879528
6698.400258
6921.721912
6721.680353
6467.582720
6449.527562
6675.175354
6607.346403
6738.418098
6779.510470
6900.244096
6587.849701
6575.531926
6327.996549
6060.155231
5761.205386
6211.212450
6206.902734
6304.916183
6501.528017
6769.806630
6609.989847
6427.862495
6554.939043
6617.987794
6717.905823
6485.608110
6674.572935
6655.483684
6880.293572
6708.906529
6976.928392
6956.410751
7334.648071
7171.217270
7158.848253
7154.393686
7207.635711
7346.881460
7250.533393
7412.157869
7126.144742
7085.436634
7111.992512
7331.126142
7222.485217
7419.738772
7581.174983
7307.493218
7143.539361
7290.762885
7237.658256
7366.125490
7280.881339
7466.768786
7595.602371
7555.975827
7099.474397
7167.182053
7160.588530
7140.422001
7626.284586
7916.504223
7867.139277
7803.792831
7771.270341
7622.577145
7524.212157
7219.803987
6814.671139
6415.611255
6072.154146
6156.198427
6839.308628
7250.429583
7553.212238
7422.506867
7227.909277
6714.828467
6518.314620
5994.401192
6120.990205
5939.008696
6004.148240
6276.356468
6562.632577
6374.113714
6691.412886
6924.820371
6783.614266
6842.895899
6989.018034
6897.180154
6518.706759
6416.224796
6510.501017
6962.489486
6956.421044
7167.191725
7191.683956
7019.582233
6357.431757
6434.853493
6390.341574
6289.656869
6140.231976
6565.908534
6586.851851
6846.134218
7245.336993
7580.498510
7972.813570
8267.667027
8234.479648
7766.095392
7837.705556
7281.608551
6929.532793
6465.036156
6545.189751
6291.574925
6641.707751
6373.446885
6629.349035
6398.100656
6426.900500
6145.060301
6505.291235
6472.664163
6736.625285
6497.326916
6421.750831
6147.930689
5928.754399
5787.498236
5934.914138
5640.215844
5666.882650
5701.205919
5983.992848
6020.640365
6423.876366
6397.302942
6446.446284
5949.408910
5891.741475
5701.206124
5887.753533
5715.524487
5850.828985
5920.420650
6033.557199
6139.747769
6546.457994
6663.390173
6530.498709
6415.313096
6198.074410
6419.595414
6468.495711
6495.374191
6069.640217
6104.487920
5478.244824
5451.302445
5492.683485
5980.038072
5741.041702
5773.362057
5667.274409
5628.158066
5499.701626
5671.175090
5728.923009
5763.523506
5728.923122
5618.187608
5549.192163
5830.812811
6174.408771
6233.908483
6431.103493
6267.295324
6255.350694
5960.444743
6040.173290
5971.666950
6507.836783
6227.391307
6249.939064
5957.468225
6026.038490
5670.194836
5932.056800
5817.475356
6181.533856
6183.897367
6296.242250
6083.183240
6255.485431
5964.884847
5956.101857
6176.763541
6287.348218
6361.077145
6580.238928
6830.459484
6421.263192
6558.161657
6578.910988
6740.165161
6441.207581
6668.582202
6514.692743
6623.246490
6557.638020
6661.758594
6649.797240
6352.994193
6105.303841
5684.176939
5386.949671
5063.969265
5325.606868
5385.281300
5679.611366
6105.063156
6770.168570
6827.471450
6907.169835
7111.736098
7027.635621
6853.525519
6704.344608
6571.536862
6336.491080
6540.004011
6325.015945
6392.548295
6450.066006
6822.494218
6633.468127
6946.919067
7217.041920
7384.664226
7051.403425
7281.727416
7116.332151
7134.192776
7107.614235
7240.833953
6970.599140
7066.695295
6682.055205
6436.347938
5908.700499
5742.003303
5081.681384
4987.669356
4852.544223
5306.504991
5466.623754
6018.718041
6061.632682
6212.975528
5963.617970
6100.866179
5845.091718
6154.288481
6090.539952
6104.894364
5803.479867
5901.906145
5901.906145
6396.685690
6642.427648
7045.851580
7133.603235
7272.793863
7072.180716
7262.466423
6801.584661
6801.584661
6272.002309
6218.462126
5911.644499
6150.841155
6069.349371
6439.591610
6412.811517
6629.732206
6359.262733
6545.431810
6492.368058
6430.873197
6295.844431
6431.027166
6087.498923
6107.950750
5979.013287
5968.388617
5662.932014
5857.362335
5599.786430
6034.934530
5910.753390
6329.530642
6136.798232
6269.841980
5729.525386
5594.824642
5404.344611
5852.155264
5862.534822
5991.398363
6159.067290
6480.659164
6511.258162
6650.291567
6635.601415
6717.406078
6864.181609
6898.858603
7001.215291
7132.405593
7264.956478
7038.895442
6897.867540
6675.064320
6433.416700
6423.222106
6274.798279
5886.328658
5939.367276
6233.859808
6145.564306
6414.038795
6669.825313
6565.598041
6643.238360
6410.191504
6266.027698
5967.278734
6102.088974
5789.389654
6001.775577
5846.786211
6192.202301
6161.801985
6423.664300
6323.504564
6549.628224
6060.829128
5753.886527
5670.003424
5851.893500
5524.278710
5963.866294
6328.077597
6366.847540
6190.944481
6412.443137
6154.961494
5768.319023
5364.905748
4929.486700
4889.196417
5005.889296
5229.264239
5570.342861
6266.288309
6144.395924
6293.895958
6347.162891
6420.618676
6156.722186
6535.723166
6410.885422
6725.485279
6682.978722
7049.137755
6873.975369
7058.166550
6606.292947
6550.582899
6274.619066
6498.362233
6259.049504
6391.988517
6035.674781
5972.305970
5394.365405
5232.604214
4846.161776
5252.911566
4991.358067
5423.473446
5650.770057
6211.160645
5734.524958
5912.134998
5504.726882
5391.869555
5101.667241
5713.558060
5684.430713
5957.252977
6026.705112
6163.575537
6032.875043
6302.764364
6158.530969
6213.826755
6260.962538
6164.639159
6074.768654
6072.380937
5929.064222
5720.776451
5663.271613
5657.627560
5769.806704
6105.455040
6242.450166
6294.144905
6206.147841
6456.299977
6174.021812
6429.873265
6351.887020
6484.957247
6341.172932
6472.001224
6449.799627
7012.049075
7122.131981
7222.123512
7482.311524
7453.374701
7026.109955
6768.127828
6562.017900
6380.206844
6338.630391
6811.456200
6966.947666
7219.833852
7205.681065
7133.670218
6540.311601
6591.638015
6536.503652
6548.743862
6626.406773
6396.959630
6108.504719
5820.770418
5941.001091
5540.414771
5706.184794
5538.008835
5480.437258
4832.203921
4783.000834
4703.408641
4776.826653
4758.886480
5082.472832
5528.257410
5765.827041
6113.521618
6461.531137
6743.783041
6559.608320
6811.249141
6463.567516
6184.225133
5695.238095
6004.050753
5515.484397
5709.151399
5877.845332
6604.258025
6238.287653
6612.420059
6583.439323
6745.634548
6160.541302
6350.808408
6213.640643
6373.168791
6000.817465
6080.454264
5988.613525
6003.032615
6144.220892
6272.841098
6458.816129
6342.328365
6082.274412
5799.972740
5968.174274
5974.827520
5966.686305
6561.868838
6471.821337
6296.615500
6263.864453
6811.917011
6173.901210
5940.595652
5958.444117
5819.609786
5430.662837
5575.944671
5987.091338
5741.177318
5896.882395
6131.829977
6405.482511
6027.516399
6317.947178
6057.805903
5651.048030
5530.241220
5935.232700
6034.767358
6251.588455
6319.130584
6354.083535
6223.042524
6123.458377
6021.078034
6000.697031
5792.305659
5843.556799
5943.031727
5775.216480
5679.085211
5680.661107
5762.678466
5667.595172
6136.117854
6469.330295
6682.330816
6818.903090
6828.085176
6566.321958
6539.898346
6296.265904
6294.440446
6278.797882
6106.853555
6057.625441
6119.238417
6068.372645
6138.900066
6509.359343
6257.582510
6521.298702
6423.317408
6454.284036
6129.262772
6175.937893
5967.458511
6028.859139
5957.934752
6258.696722
6592.175646
6901.430100
6723.708414
6735.455499
6583.415681
6374.548247
6217.619915
6295.289939
6313.185442
6212.677008
6325.170662
6241.183672
5889.505674
5603.449927
5229.431600
4885.510615
4699.495546
5078.082331
5005.021988
5401.473401
5479.100418
5483.628711
5293.230559
5295.571303
5242.253859
5252.257307
5555.442016
5600.344317
5670.810363
5527.952794
5325.320417
4961.230189
5149.538031
5064.917538
5423.413127
5860.898116
6131.281042
6051.424589
6501.287665
6617.598533
6670.570809
6632.174695
6738.404643
6419.570840
6214.891769
6241.183511
6231.121171
6368.450728
6662.851555
7059.967451
7151.610342
7090.461904
6609.848277
6173.407607
5682.114515
5250.557589
5410.332212
5457.298804
5569.937825
5498.587973
5862.714822
5811.661821
6034.487847
6207.299209
6297.513200
6135.949316
6076.913184
5912.596085
6116.837918
6272.525007
5852.562409
5679.045048
5603.113506
5257.649660
5026.460597
5302.348531
5386.381225
5486.548011
5830.403350
6024.389676
6076.131635
6253.876425
5957.154657
5509.098306
5341.887262
5440.039208
5368.325616
5515.679798
5688.420493
5653.675945
5624.772213
5800.597909
5753.923521
5569.645815
5434.602832
5484.108742
5395.666683
5515.066087
5583.432429
5904.441073
5538.083540
5290.924841
5531.995832
5574.220117
5615.284769
5830.289719
6220.681968
6126.180408
6399.158904
6256.042514
6400.993360
6184.511741
6317.697889
6497.177694
6384.710467
6157.370911
5758.535047
5387.978546
5084.385989
5037.678971
5127.455765
5413.888312
5645.026624
5443.650950
5715.209813
5508.735499
5592.702958
5420.841610
5531.663605
5261.453710
5458.195060
5605.448449
5826.384529
6218.509573
6513.074392
6858.746847
6605.467900
6676.333029
6094.104698
6016.425085
5572.390072
5795.113526
5404.489967
5508.616206
5390.158241
5474.079853
5324.715741
5602.669675
5815.410549
5791.116852
5923.933942
5756.201522
5739.951100
5904.001056
5678.901487
5353.561710
5128.590788
5087.701092
4566.630082
4767.132186
5014.589198
5423.681028
5485.056154
5781.970191
6186.861490
6023.189181
6082.423796
5911.018673
5890.631029
5666.045042
5839.650911
5939.924487
6087.371421
5996.631500
6280.724316
6413.660440
6178.495561
5852.761678
5824.365242
5400.996096
5128.857816
5149.341825
5363.977861
5627.808457
5580.688170
5572.704117
5619.478149
5355.671745
5255.651842
5069.935490
4928.504363
4836.588049
5057.360994
4882.490431
5320.169087
5616.926050
5651.507622
5404.197344
5377.397698
5158.291816
5162.759085
5131.985998
5573.933412
5567.229868
5485.387132
5405.078279
5516.105171
5595.876709
5478.290238
5582.875147
5554.509718
5647.889695
5363.855971
5620.807290
5769.833537
5790.877334
5610.682615
5401.793698
5331.074663
4983.410045
5116.334813
4905.613810
4840.076151
4587.453519
4943.553968
4726.547076
4841.011504
5164.546167
5640.725746
5411.743012
5612.137894
5368.838002
5446.163555
5413.355243
5317.174361
5198.464953
5249.777786
5149.472333
4905.614121
4911.685208
5097.701352
5292.365249
5433.701343
5171.901793
5277.991670
4889.291891
4732.291765
4642.079872
4888.206951
5012.703160
5427.817915
5593.551612
5509.658695
5609.896957
5394.826481
5190.400436
5139.067609
5126.897554
4776.742753
4852.392839
4819.680198
4915.805802
5130.430384
5139.515648
5235.227009
5172.203204
5045.527076
4777.196649
4717.125909
4715.548896
4883.475746
5040.689777
4973.746746
5077.629225
4860.363129
4723.579099
4922.000862
4860.362973
5122.041470
5107.823943
5026.023033
4784.293328
4962.587501
4762.933445
5067.950482
5337.960405
5184.650989
5250.062195
5458.409169
5120.774654
4987.783161
4895.511181
4860.627180
4566.076980
4533.318130
4772.876443
4975.223453
5116.478477
5255.787868
5550.437995
5319.435720
5769.381396
5577.549384
5670.349201
5748.104875
6018.148301
5537.559865
5596.490416
5550.124811
5687.288678
5151.061664
5394.711945
5257.761553
5217.627492
4871.954373
4706.091357
4538.499323
4575.483902
4506.454194
4590.245109
4893.237024
5120.346232
5271.383879
5506.203516
5635.390169
5477.757186
5375.171601
5113.469729
4863.382481
4924.315318
5204.785547
5120.905692
5181.798694
5344.001980
5091.985954
4998.468864
4552.550559
4570.786113
4322.429213
4240.511395
4291.688327
4334.856614
4386.158969
4642.708636
4921.310625
5109.538804
5211.926212
5180.928542
5119.269069
5059.758761
4924.486616
5296.828252
5364.364827
5486.276748
5433.604221
5116.176243
5034.407702
4919.810674
4828.995797
4515.989200
4702.092181
4759.086682
5000.315381
5129.317638
5385.170137
5225.358660
5452.099908
5235.211255
4927.465030
4690.308557
4983.089132
4706.382838
4870.315513
5047.507695
5260.347708
5386.987674
5469.054310
5624.456879
5908.220496
5961.084854
5963.586172
6006.517436
5846.740321
5680.261465
5498.524271
5418.616154
5234.317144
5122.027649
5133.286500
5337.811858
5376.528073
5374.395399
5470.206075
5473.256577
5550.428937
5049.500633
4799.964056
4699.659667
4511.404923
4404.899362
4679.408052
4881.405713
4912.093917
5178.166030
5413.494756
5505.526019
5554.967274
5642.679539
5296.730602
5053.379957
4959.222025
4934.828526
4820.195077
4773.430480
4945.600058
4755.412702
4620.394138
4718.029648
4696.235374
4421.829990
4620.732955
4438.459895
4221.535851
4022.026480
4036.407991
4030.345283
4216.452719
4394.536243
4649.442539
4732.994364
4575.864743
4569.399642
4649.442663
4611.535903
4781.581884
4803.934728
4787.540460
4855.318495
5065.273901
5094.751033
5253.922103
5437.856095
5164.099581
4822.369466
4509.697823
4491.148779
4474.560189
4650.464770
4555.299837
4463.383981
4348.951465
4375.449147
4633.032867
5238.396855
5678.252509
5798.923874
5737.350106
5583.951244
5488.570793
5324.996686
5619.463788
5398.684023
5261.359000
4849.402689
4587.445378
4104.616069
4149.761785
4198.684723
4520.223953
4571.310083
4401.392677
4348.512699
3977.967264
4144.135420
4373.248038
4974.875500
5168.934688
5578.340501
5372.352017
5122.444864
5279.780044
5471.865105
5332.380102
5321.185445
5274.365036
4973.970379
4885.516821
4619.800606
4526.434522
4583.548452
4326.235889
4405.781761
4475.171022
4428.661546
4363.302736
4158.666390
3919.507315
3884.821962
3729.385380
3903.128787
4325.203083
4705.317877
5020.569244
5135.610002
5219.085371
5090.686373
4792.176134
4910.794616
4952.765507
4613.102049
4529.230095
4332.871786
4361.550640
4470.131470
4871.079825
4999.906017
5230.806069
5294.534130
5531.668788
5588.971367
5339.212353
5304.750670
5116.415725
5136.224893
4923.502801
5410.635023
5625.084355
5410.635023
5466.248747
5461.904376
5032.058285
4809.445839
4821.500105
4952.467099
4782.554108
4837.632255
4813.164809
4727.126776
4512.172565
4499.780404
4520.495636
4524.611795
4728.948915
4420.850142
4649.956470
4781.129416
4449.529423
4445.672820
4507.579900
4182.359734
4194.563281
4292.840405
4129.038866
4277.667248
4561.891302
4723.671401
5038.584682
5208.227455
5480.934822
5583.439081
5254.057498
5272.192371
5004.737294
4569.910654
4467.584921
4725.419219
4699.095688
4768.244212
4752.785696
4536.389689
4423.270643
4380.460287
4529.981309
4638.435313
4750.892281
4538.378342
4630.333103
4454.123967
4494.232233
4610.838722
4909.822792
5097.634226
5331.021146
5543.440726
5578.529533
5640.090706
5255.257502
5051.021651
4853.289241
4810.500791
4556.931908
4822.620019
4822.620019
4616.552771
4706.485816
4806.934107
4735.414769
5009.515782
4810.149003
4636.195162
4619.975924
4783.355862
4666.716699
5052.653330
5357.316086
5557.615311
5557.615311
5375.471888
5247.399938
4950.493883
4776.697288
4428.661368
4281.570241
4374.782894
4299.028849
3992.054074
3894.073354
3791.677984
3459.346873
3655.582389
3860.170205
3907.100823
4230.131127
4664.855799
4554.318895
4415.212571
4756.806505
4779.270012
4730.821213
4820.665387
4945.559202
4554.585963
4393.057794
4419.805417
4090.216951
4049.484450
4292.840405
4517.724448
4331.582602
4638.515984
4583.285640
4311.548427
4635.123702
4517.538487
4307.185767
4358.130855
4317.153395
4270.124495
4301.041334
4217.245548
4172.122815
4254.230963
3847.020358
4117.239521
4066.416565
4195.022015
4238.108655
4154.204224
4134.447489
4246.507593
4365.508492
4230.143095
4226.391982
4077.787969
4149.542299
3948.919105
4392.900306
4362.212237
4207.130268
4301.041334
4239.727367
3981.983789
4315.722582
4505.862420
4497.882054
4939.848145
4892.892159
4745.220844
4871.743068
4826.650626
4779.681191
5070.272075
5162.380120
5018.183264
5359.488582
4948.568721
4590.338107
4322.529415
4081.003739
3749.642549
3847.893098
3905.226797
3800.609218
4057.786339
3771.486396
3747.048783
3595.669653
3693.685992
3768.972830
4075.961133
4061.778715
4405.346851
4212.794388
3827.373628
3939.892208
3894.889887
3878.644988
4095.371700
4361.398506
4285.356666
4500.305094
4629.329386
4954.428612
4695.209999
4686.815236
4703.697455
4656.272053
4533.539046
4662.113696
4811.457158
4807.384011
4623.359406
4414.799562
4516.738289
4318.167060
4097.364162
4101.381769
4091.007712
3814.249879
3730.122471
3942.964295
3632.193995
3691.455734
3995.090560
3976.661132
4044.185942
4095.213731
4091.007712
4075.626823
4018.382865
3834.109564
3954.871140
4018.382865
4067.164229
4410.730001
4230.407070
4361.731452
4363.649429
3969.193658
3461.940220
3650.052308
3617.457323
3639.719671
3987.699030
4276.252991
4487.092953
4307.185988
4051.363372
4104.438288
3903.694389
3605.151640
3950.979117
4010.485104
3782.243163
4097.168659
4226.036659
4201.546464
4465.350954
4549.286161
4359.282796
4674.393129
4334.813651
4228.443422
4048.980565
3895.299895
3762.652949
3848.372501
3815.583747
4119.278864
4178.387741
3998.563341
4326.132224
4391.277250
4291.476392
4520.808869
4313.838087
4144.248918
4193.429736
4259.759646
4421.291908
4767.185547
4632.095598
4489.068133
4504.542230
4160.837150
4134.447489
4189.508107
4038.194757
3896.153102
3949.346755
3748.873771
4039.457474
4362.573272
4544.405171
4802.194999
4806.190911
4578.762478
4726.323502
4487.095175
4204.776869
4392.903055
4251.926262
3944.807328
4042.287872
3932.080892
3848.060308
3848.060308
4052.475255
4032.710306
4218.952281
4276.090955
4210.653011
4022.247755
3966.907737
3876.968835
3972.853337
4091.733549
4337.483290
4636.470078
4661.262798
4399.005917
4722.485428
4352.182849
4026.346925
4089.755754
3872.978064
3279.681933
3257.297911
3363.494814
3287.816798
3463.336538
3772.707690
3756.239174
3694.273561
4183.175862
4440.903994
4342.740946
4418.609991
4427.559362
3950.558578
3592.531082
3772.707301
4001.726205
3957.402555
3977.928673
3906.398369
3654.745441
3413.200637
3761.208711
3716.111703
3933.219927
4158.078834
4062.089240
3711.957741
3895.789140
3989.995926
4049.502997
4327.505780
4240.937813
4538.125770
4445.844315
4243.283271
4218.750965
4706.043406
4172.125162
4342.179811
4511.936421
4708.252903
4488.909632
4703.850847
4860.879364
4959.318911
4889.497501
4830.217581
4568.094788
4347.262592
4091.356982
4320.598567
4409.262750
4749.069236
4806.191127
5137.396286
5233.632355
5036.822286
4649.730337
4567.933440
4120.018009
3418.378984
3420.328780
3303.770021
3090.816741
3172.979178
3139.896341
3169.116526
3461.649082
3697.024416
3954.564596
4026.200802
3895.302061
3848.374549
3445.289221
3169.263358
3314.396205
3236.847794
3214.174282
3392.511732
3191.876820
3036.481626
3204.842628
3149.591736
3147.504644
3601.811020
3614.038505
3647.245202
3816.985359
3966.162331
3892.668655
3986.937340
4117.400558
4068.331192
3890.455138
4037.818688
4033.768321
3781.114314
3965.176874
4159.345736
3973.040017
4235.141652
4578.507342
4494.763073
4312.602594
4396.700408
3946.591217
3729.245836
3664.073678
3563.861971
3465.641753
3764.113458
3591.367959
3519.684596
3709.912437
3419.460947
3474.821173
3700.733032
3551.361756
3651.742954
3944.154430
3858.119416
3858.119416
4259.196132
4173.338679
4249.377439
4349.766185
4396.566967
4631.745041
4910.292604
4983.651181
4807.684712
4927.389505
4635.118922
4391.415069
4168.737418
4266.700116
4244.745485
4334.609178
4486.047159
4530.942710
4627.121638
4766.745000
4357.661418
4132.436570
4212.166482
4085.605051
3956.848466
4202.444660
4300.606046
4151.132905
4251.725243
3794.711601
3680.463430
3776.746392
3921.908835
4054.900350
4150.137948
4194.985024
4111.118406
3849.237694
3468.673119
3455.464631
3174.913558
3032.017450
3183.887661
3240.562361
3708.226940
4146.147150
4270.879788
4410.005941
4725.044405
4461.355706
4309.991077
4211.729592
3927.438234
3798.644621
3827.324266
3939.857557
4034.043615
4074.973445
4312.167211
4299.002210
4141.582510
4221.172268
4364.309906
3926.571263
3853.406659
3965.810176
3747.158916
3624.405455
3753.302584
3704.522268
3536.582239
3608.469839
3555.146159
3497.839250
3845.905042
4080.973781
4068.591581
4363.276159
4201.833812
3722.938447
3602.392614
3547.056964
3647.359721
3688.159165
3878.885998
3964.841918
3880.784527
3567.782111
3686.491396
3542.280658
3350.380121
3603.670371
3699.978129
3806.304291
4127.664382
4199.155077
4268.783260
4170.593847
4199.155077
4206.172764
4138.350048
3982.768319
4259.076494
4308.468377
4290.530248
4337.737537
4484.785033
4407.018583
4630.131299
4508.337637
4806.911397
4729.092157
4408.056852
3986.777790
4230.110789
3958.234424
3882.471311
4050.509523
3982.610892
3725.824828
4179.892595
4595.127717
4771.176351
4652.446782
4751.917171
4105.607908
3506.327782
3367.389902
3739.471886
3484.608044
3713.833940
3787.454538
3654.496389
3617.743115
3737.356937
3608.631805
3712.834229
3600.149333
3297.504190
3379.311853
3625.000505
3567.612632
3757.971794
3790.681666
3746.501580
3556.176847
3511.203288
3613.449088
3932.693520
3925.869097
4402.708666
4641.996942
4490.486504
4357.661603
4512.535167
3949.948634
3722.938895
3667.724319
3469.166807
3243.301770
3443.587248
3762.835205
3686.700425
3921.917864
3919.462691
3958.120717
3665.530186
3819.052711
3743.431314
4098.099035
4036.552636
4010.200705
4008.102774
4022.133128
3567.847821
3621.110309
3987.325846
4062.895017
3989.169846
4087.123375
3855.768329
3555.035418
3166.203240
3014.644751
2994.550758
2866.433377
2841.707814
3338.785196
3242.482448
3198.147134
3468.154777
3376.256938
3079.388249
3335.176053
3235.488999
2992.115616
3163.890929
3233.527395
2984.132255
3172.471383
3301.229979
3049.386423
3172.471045
3618.242895
3939.648316
4009.297771
4448.874360
4721.361255
4526.590968
4280.763772
4399.153370
4096.599884
3658.857282
3712.121693
3986.952341
3600.032949
3540.747087
3739.186106
3608.533629
3204.994422
3475.140675
3462.614772
3350.434950
3438.418940
3595.688335
3704.063089
4078.263947
3965.724655
4100.917796
3921.585410
3518.437717
3117.357972
3285.194304
3172.739027
3365.458572
3424.905970
3514.581689
3400.294155
3252.696298
3062.387647
3332.310763
3381.344294
3340.480608
3536.869931
3780.736791
3680.522384
3690.919988
3925.937642
3684.649373
3460.931859
3554.853129
3415.655936
3489.384344
3583.431987
3426.125761
3325.646790
3553.049194
3362.705137
3401.365361
3625.359661
3742.092031
3588.485537
3840.166233
4192.158521
4189.849465
4136.710914
4380.104991
4173.286063
3948.478329
4012.754524
4096.599884
4066.132371
3808.017581
3754.905952
4051.942538
3853.461614
3875.878016
4043.842166
4182.857658
3879.213588
3948.789355
3646.197043
3615.456602
3470.016416
3505.607961
3391.317959
3603.581269
3738.706313
3585.305948
3372.712156
3495.284216
3376.745101
3619.951319
3765.132323
3829.518572
4032.142207
4038.403206
3526.854009
3530.973786
3511.124703
3249.219272
3425.186942
3521.022280
3449.458934
3518.437518
3538.866598
3340.323207
3430.254966
3262.579816
3351.201441
3564.174136
3582.342347
3584.550938
3694.991697
3506.553272
3328.687946
3442.955952
3567.847619
3758.228240
4086.395673
4225.365737
4419.811667
4339.656843
4221.166003
4414.149531
4510.241621
4203.180793
4045.645427
3818.649549
3322.108657
3268.897246
3131.877439
3274.984136
3491.977189
3547.267736
3490.150675
3792.874953
3964.804856
4445.612151
4917.648877
5032.006256
5038.264032
4988.903586
4911.439961
4561.257389
4379.271155
4256.252043
4084.775668
3558.739844
3408.089330
3352.707146
3340.541295
3645.637424
4017.724146
4150.650872
4273.614288
4386.213110
4220.457678
4140.800725
4191.541144
4301.700292
4244.866948
4318.257607
4711.055803
4566.931451
4360.462652
4378.930375
3936.926719
3364.095449
3559.120222
3522.124754
3436.307755
3657.381309
3532.630958
3317.457086
3399.465856
3350.486137
3256.428369
3698.085781
3744.469527
3658.748318
3707.818665
3585.070347
3172.083029
3287.027955
3366.922099
3483.395603
3712.637948
3972.165612
4156.502813
4240.094824
4176.970120
4346.567668
3964.066242
3636.138392
3639.983207
3560.345908
3562.509114
3848.749721
4056.962150
3729.655457
3609.202259
3529.213458
3578.743130
3469.690532
3756.155835
4052.700388
3846.306008
3584.446680
3597.635604
3593.585373
3333.901283
3591.584723
3650.925100
3353.940649
3200.520037
3198.336041
3044.871007
3186.168249
3369.865687
3601.354201
3621.753672
3547.791255
3539.797180
3544.447339
3274.192486
3217.198252
3458.479501
3313.000958
3326.370784
3531.033570
3459.661409
3107.467944
3406.198921
3414.939423
3179.498091
3382.413296
3505.214989
3331.321529
3453.159077
3641.357688
3962.457977
4019.987637
3862.386463
3776.113029
3718.498239
3411.784826
3507.699045
3471.013222
3351.250788
3506.775007
3412.675065
3246.956165
3433.091469
3244.976091
3095.788248
3447.585455
3355.140462
3179.171281
3440.817559
3494.045946
3060.125341
3146.286343
3671.908145
3481.364408
3217.667437
3456.807970
3585.662710
3129.657016
3324.420616
3547.388478
3496.399395
3578.607182
3721.457718
3858.668251
3977.538922
4194.343576
4204.674949
4335.588951
4490.626474
4339.086236
4233.205056
4141.148786
4194.032132
3810.557869
3777.780869
3735.000063
3593.836615
3385.104350
3564.653543
3777.391384
3830.524311
4039.325117
4147.534533
4045.664664
3910.960117
3820.583524
3783.780981
3683.764293
3581.640510
3419.999772
3505.994041
3344.439004
3137.781737
3312.706895
3517.598704
3638.003146
3791.631541
4004.252277
3895.557174
3871.240669
3451.873667
3392.600874
3232.850880
3294.859004
3384.978731
3515.837011
3513.692585
3863.655064
3804.050986
3695.433504
3998.220308
3783.341978
3556.324104
3611.392897
3460.559334
3175.606520
3315.018621
3132.901429
3237.121135
3396.716015
3237.121135
3414.965480
3449.712874
3201.498486
3312.164929
3504.590725
3289.500273
3651.841941
3777.915074
3368.885484
3162.218553
3377.164911
3158.360634
3151.508967
3683.590133
3922.703928
3687.513163
3738.633677
3736.434259
3272.227596
3227.194411
3280.236030
3231.287593
3410.889287
3486.559803
3705.279807
3877.108445
4038.841759
3770.532785
3846.326655
3907.476429
3797.396898
3537.402028
3564.105683
3510.931571
3116.244304
3226.664790
3340.894624
3511.595420
3783.627542
4287.114931
4352.460942
4642.649161
4622.907914
4229.975244
3741.301141
3825.123734
3368.885641
3151.653979
3352.004807
3288.761051
2736.435405
2740.476500
2873.549329
2654.602204
2896.036110
3121.077927
3227.423296
3185.443553
3246.764723
3275.172423
3254.979692
3213.909532
3344.779603
3332.392691
3066.487520
3088.966979
3227.893468
3152.624941
3373.926479
3647.822213
3813.728107
3725.645473
3716.550028
3569.217837
3710.765782
3681.954016
3882.283164
4048.739470
4101.822319
3715.140701
3852.317821
4071.078509
3641.184644
3510.501084
3637.119886
3219.752478
2632.607044
2743.646348
2992.720668
2894.914379
2941.715113
3150.597110
3137.365428
2948.975910
3268.214097
3511.595592
3466.904121
3564.246720
3989.478828
3580.475875
3439.469280
3560.043272
3763.939072
3534.852283
3933.780269
3888.651731
3753.763819
3733.739975
3609.090345
3500.749906
3455.518357
3453.587265
3200.926017
3247.773696
2963.768519
3076.331559
3170.261028
3398.559627
3368.066601
3369.706196
3369.706196
3382.204825
3049.520090
2951.816415
3137.757530
3105.235356
3112.936069
3733.703117
3940.255849
3911.818824
3940.255849
3788.972698
3405.619407
3315.450258
3407.488935
3837.028632
3792.280598
3763.510789
3967.925257
3728.597661
3264.070395
3454.426641
3469.881828
3163.187520
3445.363963
3414.571758
3289.779321
3440.635511
3579.778306
3565.339573
3759.651723
4066.783451
4066.783451
3915.132304
3769.947870
3800.516519
3320.301254
3049.418719
3440.295257
3534.553237
3385.081037
3624.513811
3624.513811
3135.768642
3035.349579
3350.480371
3168.301848
3325.336662
3810.373011
3734.808181
3478.936429
3609.863591
3756.148127
3750.085267
3746.041349
3750.085486
3864.447186
3633.985626
3280.208738
3261.918190
3292.661622
3341.553784
3718.309326
3992.385216
4405.718658
4295.183332
4350.512832
3976.119658
3656.851981
3574.875019
3595.596133
3278.382965
3198.479921
3263.867188
2740.449322
2615.903873
2640.076528
2542.561244
2710.341427
3111.929880
3033.623037
3113.047803
3514.309571
3334.568392
3129.891663
3457.156754
3322.102055
2961.228679
3106.094082
3212.811788
2953.025199
3120.585431
3457.337663
3154.719315
3025.523076
3117.634563
2967.838172
2768.956079
3059.430664
3094.310169
3108.163647
3405.323760
3440.635511
3232.005944
3598.200483
3489.798165
3303.466878
3631.798952
4095.930998
3965.100681
4386.743440
4527.322305
4066.783451
3643.016600
3714.796603
3375.304180
3209.440641
3313.529270
3471.164984
3151.923292
3305.530102
3462.771094
3584.916169
3767.067613
4051.432266
3854.855294
3756.644835
3574.874845
3235.377225
2945.160968
3118.481900
2990.143196
2976.305232
3104.185063
3385.597030
3494.196073
4038.462855
4053.826898
3914.616051
3740.926606
3898.310691
3260.119163
3213.658457
3242.178265
3056.187254
2617.850224
2961.858280
3179.067541
3213.893647
3426.763246
3572.100841
3262.930763
3311.942353
3553.328140
3504.260880
3391.913027
3602.415638
3557.928734
3238.841602
3351.301731
3390.548692
3169.387693
3069.784904
3474.803520
3452.260404
3562.779834
3965.557709
3998.832655
3667.373350
3710.604324
3894.625671
3522.009828
3398.164464
3578.518153
3582.143988
3379.478086
3647.701419
3738.520372
3660.701729
3425.587370
3276.032238
3435.857505
3318.291945
3013.661944
3283.597298
3395.895505
2978.682804
3041.000485
3306.700086
3184.309087
3263.572945
3222.742053
3127.698939
3123.391188
3000.476727
2713.984455
2798.292055
2858.197132
2835.061377
3109.234178
3414.302165
3324.329830
3397.711412
3346.515719
2972.175917
2826.555047
2970.152487
3136.447966
3287.619422
3651.879087
3823.881324
3729.384014
3579.040263
3627.954576
3564.551722
3552.282028
3768.956243
3738.063365
3666.288103
3623.641178
3420.724944
3275.539592
3419.745745
3184.720304
2984.199683
2990.327328
3129.454608
2952.291323
3334.629717
3448.994940
3354.934739
3285.470708
3675.575364
3368.664347
3268.387190
3413.491171
3442.086906
3009.906084
3316.806836
4014.506478
4276.405225
4276.405225
4515.929914
4382.914748
4084.303626
3672.706966
3572.736026
3541.506246
3418.973067
3007.371021
3349.563722
3564.280587
3384.751910
3341.628236
3495.075714
3233.283071
3286.417658
3359.501759
3486.592369
3633.549477
3537.656902
3296.411463
3376.054427
3449.421209
3486.592048
3993.651308
4028.456457
3944.296982
3925.896220
3586.229679
3181.095517
3277.338323
3106.697995
2875.902755
3020.784205
3165.981278
2946.894900
3164.233518
3461.189232
3395.331875
3379.056499
3332.124463
3159.226120
2964.882950
3096.143165
3296.580074
3568.295235
3898.563616
4246.238841
4033.749909
3751.427873
3718.569596
3399.539376
3066.170684
3246.332846
3461.043332
3331.979648
3434.051714
3493.299400
3256.141215
3038.683631
3413.335924
3289.243743
3267.117232
3708.501635
3637.157298
3236.145782
3418.068159
3540.521091
3328.034064
3677.516692
3747.247479
3580.919540
3671.073435
3668.899600
3257.715250
3423.458678
3873.333017
3875.309075
4043.063251
4360.220502
4229.246720
3808.015449
3714.070335
3638.226920
3493.167149
3448.290523
3789.390294
3482.667034
3420.898471
3695.337699
3879.353452
3715.364848
4089.774141
3997.809579
3535.314149
3394.145451
3467.489430
3150.337594
3121.578534
3215.687560
3043.649687
2959.885493
3006.718285
2921.203015
2842.517046
3031.353021
2832.406298
2854.095351
3431.029185
3688.900370
3582.506731
3711.385764
3934.137859
3465.915972
3220.009964
3347.044437
3267.445450
3066.639610
3179.132835
3688.543107
3690.918647
3836.834929
3949.379963
3802.228660
3558.667298
3726.579193
3544.893876
3378.951212
3309.459391
2977.900599
2663.033338
2888.999834
2772.774602
2925.897385
3238.876817
3257.449182
3177.852278
3613.333195
3754.435825
3691.210381
3754.435825
3670.461606
3398.198195
3381.740738
3393.991099
3557.647772
3630.991692
3671.721852
3538.865209
3342.352391
3139.592059
3321.625133
3299.190306
3254.042866
3808.376221
3765.312111
3475.291390
3794.076079
3755.407652
3272.914165
3299.390476
3308.039803
3187.324549
3320.706263
3342.872346
3369.359220
3402.349960
3071.397958
2925.973007
3057.051215
3231.048052
3241.930223
3288.984033
3640.870392
3636.885640
3358.538351
3258.813673
3363.188662
3148.359473
3179.033807
3549.434519
3835.102462
3855.766400
3765.505324
3728.827976
3677.591559
3535.750510
3854.982185
4088.293531
3955.199489
3906.265605
4154.401015
3753.525296
3657.314907
3708.273729
3458.993210
3097.223412
3320.842303
3116.325624
3112.304244
3234.707748
3250.196846
3063.908652
3025.103233
3004.697891
3006.718446
3394.448537
3496.873035
3662.695750
4016.309598
3959.303904
3693.114212
3820.026628
3756.587927
3337.284809
3351.468669
3251.670725
3004.454033
3076.172198
3117.010052
3045.132637
3127.364570
3071.840790
2961.634855
3057.681653
3217.444230
3186.258291
3173.728662
3562.675580
3691.436989
3560.318472
3555.861488
3656.013794
3384.121685
3463.274898
3498.434885
3394.214851
3420.680587
3308.273462
2938.176022
2907.037342
2996.216073
3038.631427
3173.824832
3419.547250
3626.065847
3907.466055
3842.226510
3653.834575
3592.461592
3637.553657
3234.321871
3062.466202
3187.088110
2964.314387
2972.413027
3202.902100
3219.409492
3262.233898
3518.034840
3513.680455
3487.178922
3581.313639
3495.359276
3468.648098
3311.520520
3317.838995
3475.515000
3680.131693
3905.141398
3845.880895
3867.803765
3700.133029
3434.403832
3164.068816
3262.372631
3351.004063
3477.737307
3643.386271
3717.072181
3678.097548
3441.167431
3412.536467
3230.625165
3222.147396
3607.090060
3680.131693
3753.752392
4095.305435
3956.109953
3485.907196
3583.128813
3664.986976
3787.781202
3971.780845
4166.210377
4088.664968
3886.236168
3544.629028
3501.567666
3550.725760
3610.282690
3921.642298
4181.463112
4318.268982
4457.467420
4504.123294
4150.114829
3890.202680
3732.595341
3325.356220
3341.052756
3564.236566
3725.797851
3535.376760
3834.047839
3665.599310
3462.900315
3446.999112
3851.904498
3616.671759
3616.671759
3721.072234
3475.515000
3111.944157
3129.785459
3220.297030
3136.881939
3347.412891
3547.655815
3441.479586
3363.929494
3462.161832
3591.150175
3582.759078
3918.271935
4007.137350
3912.933128
3965.933604
4236.103149
4379.445371
4835.949689
5183.915633
4872.665192
4706.772025
4715.279293
4289.735403
4099.468595
4191.552588
3874.439049
3700.491294
3840.091841
3936.133574
4267.565534
4322.756205
4136.780747
4147.681459
3887.966035
3560.678597
3701.709766
3605.702779
3277.663392
3385.912159
3584.623565
3463.419561
3692.827249
3732.766614
3516.047431
3209.123730
3622.505224
3395.116357
3370.671032
3599.930258
3524.545242
3115.377691
3268.622347
3301.789977
3461.584787
3569.752183
3637.407499
3880.755386
3902.776679
3448.829581
3412.091786
3311.908188
2906.783638
3055.485695
3112.581390
3147.260762
3257.751699
3448.184720
3374.932894
3693.928352
3960.088562
3779.729320
3663.506970
3543.645043
3154.956768
2719.487945
2917.440294
3068.932187
3173.130566
3592.404654
3872.843008
3674.269322
3762.511928
3968.382432
3923.290196
4121.888336
4316.364654
4275.348056
4268.499293
4156.299540
4278.835682
4109.174713
3849.156610
3616.607922
3673.654871
3401.492934
3645.419345
3616.607707
3399.409383
3088.413150
2801.999550
2677.574915
2748.730559
2930.307125
3161.627655
3474.851477
3499.205169
3992.220967
4570.776658
4488.942103
4368.067708
4360.059202
3793.246981
3112.811531
3454.548100
3566.992092
3505.771835
3536.283015
3551.950346
3181.651099
3025.905126
3257.461426
3637.791835
4043.472576
4366.674552
4542.841277
4681.656276
4307.571019
3866.115603
3575.599418
3444.853202
2961.936776
3125.708752
3187.629736
3161.196734
3173.382566
3482.516015
3414.703692
3428.239826
3499.799868
3424.289275
3219.600245
3356.511623
3374.459111
3292.627639
3366.108425
3675.068322
3534.065132
3618.113291
3812.525117
3910.888506
3744.752852
3971.863940
4047.232047
4098.586401
4342.064664
4395.206157
3963.408003
3808.209630
3869.960945
3391.331432
3247.554172
3472.800632
3517.377190
3476.236014
3435.516565
3265.752623
3308.376017
3499.025214
3292.627639
3613.717254
3779.131836
3758.900833
3880.690721
3837.628189
3700.765754
3690.770013
3633.155275
3329.542959
3440.096141
3454.385804
3526.077430
3564.867010
3793.110327
3787.011868
3635.730610
3578.703743
3664.370052
3644.404664
3717.910425
3879.513361
4016.495139
3818.300268
3587.686968
3618.393385
3507.808632
3528.344221
3743.298258
3610.095829
3393.391283
3430.121170
3546.870014
3266.853163
3461.679206
3658.009014
3682.604644
3375.773766
3531.144594
3743.855108
3607.024841
3747.948028
3698.798941
3633.296210
3635.730836
3989.387485
3848.405211
3922.089402
4429.215451
4045.878463
3491.585116
3428.239826
3536.476542
3260.429412
3324.523567
3625.334857
3705.105444
3445.125733
3267.354392
3293.529103
3087.166246
3037.866845
3201.370448
3138.049862
3146.991846
3184.159805
3073.003173
3069.299871
3425.274089
3498.308568
3827.701352
4003.561527
3889.010059
3610.595982
3624.256221
3249.849768
2965.357286
3051.096902
2981.541641
2906.665256
3054.071993
3227.547032
3256.471210
3505.854970
3725.334895
3929.698434
4032.068600
4526.931444
4208.044557
3833.508708
3581.811306
3500.125012
2876.130875
2984.404789
2986.865430
2884.729308
2730.617800
2755.772812
2757.306718
2772.923101
2768.961646
3100.483617
3157.862224
3133.065839
3192.874574
3448.730123
3154.283332
3139.531252
3227.661191
3285.448798
2986.865430
3037.866974
3246.671172
3270.952168
3335.255691
3601.402270
3744.353354
3527.630840
3468.240482
3911.714892
3907.353686
4056.666429
4351.511580
4664.547781
4161.269024
4062.976781
4267.592786
4153.233024
3987.404584
4182.485190
4350.182721
4104.685235
4184.523465
4182.485190
3980.976023
3880.430201
3755.688908
3520.361038
3604.145103
3919.060861
3939.600867
3941.559071
4031.513666
3857.700497
3587.281588
3628.270394
3886.100030
3775.806413
3632.438107
3763.262366
3687.364200
3439.881485
3462.319230
3417.589643
3195.786686
3514.685766
3387.948682
3283.745088
3436.988546
3567.784562
3160.821577
3355.043733
3586.204357
3848.178968
3750.681274
3942.921596
3965.408467
3775.417369
3378.331977
3480.164100
3511.075705
3511.075705
3684.896105
3834.073966
3667.913718
3487.801041
3250.566183
3148.295578
3195.464799
3130.934436
3155.529347
3280.397924
3409.493940
3294.673547
3684.896105
3815.697325
3901.791916
4143.047437
4472.514096
4474.482684
4351.984678
4345.685772
4149.497273
3895.574184
3829.144220
4389.814026
4260.931094
3931.689011
3820.917803
3603.672354
2877.285987
2975.823882
3158.049693
3082.285384
3192.874574
3334.303739
3227.661050
3393.472335
3685.985983
3701.446113
3926.573623
3977.734384
3732.155291
3740.436093
3525.556241
3324.791125
3533.969730
3517.681046
3417.594174
3825.215748
3776.448020
3757.765338
4144.350525
4169.175194
3949.458830
4029.363901
4029.363901
3824.867432
3603.657411
3610.293247
3571.782325
3370.860270
3483.544757
3815.090159
3642.220930
3623.929167
3824.463546
3496.968471
3161.401030
3245.996419
3393.019524
3055.637963
2953.295944
2893.898196
3121.988783
3085.382387
3236.619786
3602.809993
3807.270891
3873.932799
3828.825121
3767.627656
3970.054695
4178.487460
4149.980019
3992.277618
4035.338723
3971.790832
3691.663858
3361.443524
3504.763667
3445.231046
3281.509802
3707.205206
3944.257622
3833.771234
3993.202489
3962.629654
3490.174801
3405.933378
3583.926040
3311.917527
3230.073304
3238.147666
3120.781573
2975.635935
3368.378588
3366.182498
3636.329892
3835.570239
3815.237237
3471.493164
3584.115192
3344.779805
3134.182659
3676.449507
4011.789717
3987.265030
4230.358917
4357.131613
3980.785919
4029.735495
3949.768454
3767.927079
3738.941942
3728.762383
3444.445718
3513.855323
3722.562979
3682.867835
3633.511163
3883.224706
3824.166507
3517.285939
3525.992888
3423.792189
3257.924341
3509.732848
3672.996878
3613.432325
3809.763018
3521.104668
3238.958193
3441.490801
3521.104864
3347.424114
3574.470368
3828.200620
3451.873885
3540.319330
3546.666365
3724.626453
3824.867275
3949.458830
3796.881830
3827.307120
3670.000509
3444.767113
3587.916179
3700.991914
3582.264559
3512.699476
3576.062913
3731.702098
3806.946133
3874.621179
3780.436707
3714.985497
3712.981886
3692.840587
3907.615595
4091.858661
4055.215904
3764.454592
3485.506777
3246.299673
3305.395768
3094.808742
3006.654175
3199.448748
3234.333639
3019.128050
3268.917631
3684.420749
3706.440438
3841.410886
4087.209757
3990.981578
3735.156870
4129.489984
3816.519854
3696.015357
3927.081084
3839.197541
3566.358454
3889.682540
3738.334268
3443.686016
3633.840476
3487.619299
3291.464032
3420.140884
3461.300178
3066.379776
2942.018123
3038.097519
3123.792014
3268.932422
3796.871365
4257.352433
4073.254074
3989.115454
4126.425138
3788.873589
3279.157898
3587.948179
3457.046731
3087.024700
3238.182126
3289.091882
3033.507971
3201.117815
3144.348131
2998.614141
3240.068272
3459.337218
3534.879392
3743.533193
3798.805315
3803.397447
3596.480027
3310.300154
3365.413548
3232.370455
2868.824852
3026.135292
3547.844247
3484.633186
3627.947354
3987.041919
3890.765841
3462.932930
3565.399181
3557.298314
3533.104517
3561.602589
3716.941078
3741.682574
3659.820168
3646.605651
3675.190924
3636.363490
3488.958959
3750.881153
3959.249850
3981.714714
3975.724209
4196.296251
4263.889015
4275.136795
4715.026131
4741.530637
4639.210179
4567.559341
4363.625217
3934.099478
4071.107059
4087.695865
3897.240023
4163.450653
4302.111152
4040.440983
4040.440983
3958.643765
3686.002414
3731.078835
3732.997205
3591.914009
3638.836667
3780.882146
3725.678820
3815.562131
3897.407569
3991.656562
3958.255549
4312.183672
4273.511517
4177.292114
4242.562177
3956.693902
3345.140408
3480.021866
3353.187154
3042.214127
3173.085561
3334.760477
3291.929042
3510.824878
3780.680655
3942.422068
3942.422068
4055.089566
3891.233875
3784.893000
3727.425736
3561.602589
3354.929461
3598.446265
3731.422986
3677.975288
4126.282812
4341.167179
4173.067228
4107.762789
4295.988252
4179.462243
4343.142067
4564.599763
4656.096887
4518.726788
4520.930855
4246.488170
3948.107059
3565.399557
3354.929771
3328.514921
3156.351595
3188.867527
3332.425712
3150.792627
2820.921020
3154.910024
3064.901126
3250.864651
3392.907320
3337.633515
2973.446349
3050.909790
3026.274602
3268.242464
3579.280361
3704.010804
3853.283889
3914.519337
3768.367085
3664.187402
3786.779542
3786.779542
3657.947912
3844.273249
3876.721116
3790.898463
3880.804734
4101.856915
4172.578395
4248.379026
4379.489454
4452.988800
4577.829897
4431.518540
4421.120983
4419.487871
4157.449103
4036.675927
4080.987086
4306.117187
4164.753972
4228.212735
4248.428787
3929.139114
3360.530023
3293.034853
3305.346097
3225.780671
3553.550715
3819.410565
3885.057930
4095.586402
3886.999058
3563.595438
3352.483961
3185.089018
3068.012470
3133.684898
3572.652887
3991.984537
4319.255368
4233.683771
4284.329575
4198.151904
3911.802896
3905.665493
3741.950549
3676.567978
3714.110124
3714.110124
3460.667742
3672.946783
3558.524919
3186.292242
3351.796779
3491.119530
3262.055433
3339.754972
3394.928409
3065.956656
3057.556044
3188.186976
3239.518179
3483.375880
3806.569500
3931.616850
3685.920791
3581.594689
3457.500861
3607.050442
3553.703437
3770.479525
3842.180483
3924.016487
3711.572225
3619.134946
3674.504210
3598.843616
3667.461216
3882.233603
3953.989120
3876.069395
3968.241626
3795.286381
3394.333072
3267.758525
3185.851728
3216.674019
3353.910494
3445.886700
3597.225183
3826.283096
3556.437463
3301.504611
3321.937935
3236.050504
3217.813192
3561.325371
3670.137175
3633.038632
3462.992198
3232.138445
3303.640645
3576.213389
3635.756941
3966.975555
3903.378922
3684.835549
3491.950087
3618.690876
3356.997264
3649.415369
3561.509268
3499.422245
3560.806691
3550.696920
3335.615262
3462.521087
3321.003649
2954.206082
3130.386969
3259.399852
3328.980151
3512.816735
3809.540852
3824.120104
3758.442920
3836.070912
3774.071404
3524.682995
3536.707666
3712.772415
3461.256698
3496.552392
3496.552392
3351.230724
3236.738197
3240.672346
3282.984917
3681.900185
3737.104024
3616.457897
3862.030148
3613.742623
3386.404327
3511.416272
3478.562699
3323.072349
3762.153196
3880.536961
3559.467475
3596.264466
3588.028276
3087.410374
2764.177459
3152.570243
3255.117645
3275.288655
3567.884610
3754.171393
3639.438038
3660.047859
3602.768035
3618.274176
3448.563887
3206.839828
3417.988553
3415.702707
3227.390199
3518.001046
3894.427386
3609.849068
3630.447489
3794.111962
3497.776833
3112.924406
3413.720841
3702.146267
3697.926138
3830.995011
3911.156033
3722.793813
3622.949134
3671.708704
3743.489325
3839.676327
3911.396133
3671.777207
3711.889067
3681.055047
3734.297286
3728.179440
3887.639892
3878.858605
3887.027262
3784.643966
3811.212953
3563.942612
3308.765253
3275.972481
3392.863094
3435.813647
3789.608725
3982.303025
3955.754420
3955.754420
3828.959331
3665.284154
3763.075266
3621.758902
3368.226238
3419.231498
3439.715095
3220.055210
3555.812469
3903.235199
3705.114884
3637.548332
3876.866386
3727.710581
3527.089417
3776.855363
3905.697095
3785.900864
3961.878350
4133.888249
4090.618139
4154.127599
4437.773177
4331.326838
4386.893391
4538.262066
4421.222326
4375.048217
4538.516041
4327.784899
4004.598740
4117.016709
3902.135165
3617.866845
3636.311114
3619.663762
3642.340771
4101.145197
4181.128634
4158.308610
4377.331624
4129.635507
3797.541205
3662.334279
3486.544725
3580.456238
3715.427442
3527.089212
3856.619215
4290.194306
4206.450390
4388.329599
4346.206774
3945.242075
3707.954563
3535.981989
3243.618062
3319.083556
3695.413195
3672.650053
3779.005204
3848.753896
3950.667283
4132.839895
4239.225044
4227.019148
4198.323219
3919.017581
3452.689926
3489.457700
3567.050308
3585.513815
3607.937450
3714.141347
3601.730050
3374.660877
3311.371884
3388.535285
3466.744226
3902.135165
4245.834247
4505.472785
4913.211997
5084.953168
4653.529260
4416.180853
3978.473101
3685.950830
3712.642567
3937.774852
4050.298205
4256.635496
4263.400877
4081.179888
3887.027262
3858.193055
3897.186047
3892.785424
4316.407864
4375.631970
4420.547189
4230.085363
4017.529827
3477.395478
3209.453252
2939.359498
3332.220495
3671.389103
3568.870629
3620.026623
3454.438488
3163.941281
3130.561293
3427.456883
3398.738233
3644.249481
3805.792710
3446.991549
3350.749599
3884.761453
3943.914461
3954.175805
4129.143155
4047.299533
3699.566131
3707.822496
3556.466909
3529.784404
3660.650065
3707.822662
3722.042206
3955.264563
3798.167366
3814.428433
3654.644250
3556.345502
3541.683809
3869.988063
3671.323421
3845.335594
3843.279057
3568.788842
3666.310228
3832.424935
3529.307184
3615.439625
3752.503080
3479.726343
3314.021937
3265.072373
3139.899042
3193.312110
3064.939630
2858.267115
3136.629536
3144.783167
2945.988847
3081.480253
3042.345184
2819.381957
2944.774605
2911.560642
2849.834808
3078.503925
3270.810528
3262.697429
3268.827639
3160.332914
3164.250487
3364.928123
3450.771148
3626.678869
4194.101654
4116.327833
3833.967764
3721.527456
3762.658104
3556.384693
3744.394555
3736.326103
3785.473809
3879.485739
3591.515775
3458.580259
3333.807163
3399.185403
3394.878968
3539.133919
3500.389049
3680.356089
3905.426587
3592.225366
3446.021275
3615.911915
3646.631638
3411.413455
4033.270104
4301.180089
4241.773163
4375.122754
4452.763949
4047.613384
4205.177048
3961.654863
3726.384465
3603.422831
3493.150241
3067.210532
3274.123773
3370.099731
3059.368379
3088.089376
3593.269861
3814.404239
4096.579242
4649.209400
4771.886701
4610.034514
4427.917825
4343.746009
4395.175309
4329.469322
4012.737270
4037.248108
3924.673893
3632.339156
3462.354597
3624.297702
3599.512113
3720.560139
3677.341929
3816.403373
4042.472482
4181.817758
4010.016559
4226.753187
4431.248471
4368.971131
4592.193782
4649.520309
4410.053871
4481.726127
4532.698233
4045.715934
3845.495959
3894.515342
3526.201069
3112.207105
3226.570538
3410.621616
3723.366246
3621.089435
3663.475391
3546.716740
3374.896598
2818.544226
2959.682829
3025.738286
3060.530151
3365.601331
3602.862977
3656.088456
3955.184481
3932.901796
3609.544734
3562.610423
3538.061919
3145.660228
3276.404377
3501.620435
3503.648210
3544.705776
3927.968749
3993.273620
3956.547620
4114.138967
3970.998853
3709.207377
3840.288694
3760.386476
3688.882143
4052.949756
3980.077836
3691.585490
3916.646651
3689.498361
3564.704536
3870.701368
4040.310209
4097.741445
4365.692118
4203.978060
3984.767263
3943.734230
3768.018932
3860.220824
4044.535195
4255.026253
4120.247490
3997.473616
3784.595781
3864.284982
3846.733412
3787.373695
3871.338542
3867.004662
4118.752230
4123.159972
4186.540136
4125.464691
4376.912795
3830.655237
3591.407959
3836.711823
3986.451763
3701.667277
3832.907810
3976.864809
3483.631602
3262.731666
3526.714543
3462.984046
3297.181596
3831.085122
4000.749536
4064.099159
4268.697643
4268.697643
4229.805916
4299.597790
4354.688338
4322.020619
4546.012553
4328.920078
4228.814317
3942.326234
3962.727822
4020.715819
4323.030611
4253.817321
4100.283104
4167.924631
3906.289629
3560.469961
3656.645001
3732.233997
3531.812383
3921.974968
3934.160447
3660.037179
3866.487639
3878.959876
3389.053714
3518.143482
3536.296367
3321.646866
3497.601248
3639.254405
3659.886464
3993.134677
4081.151051
4015.721079
4024.766938
4018.613735
3959.336248
3889.617885
3820.052697
3935.184983
3941.475739
3992.497312
4000.749318
4227.993057
4378.716021
4294.784204
4290.611577
4190.396283
3987.737807
3892.511318
4119.703679
4412.209560
4526.610041
4477.893275
4641.776510
4488.281480
3921.731252
4023.783212
3751.849478
3454.722710
3559.077438
3773.872068
3800.317850
4048.087761
4294.259024
4337.211355
4461.892310
4404.571649
4169.398239
3827.971577
4012.083283
3885.367263
3860.818749
3969.067511
3898.113953
3427.746950
3394.768347
3200.635619
3284.545516
3133.670622
3031.507064
3070.629965
3088.739739
3013.336356
3115.050464
3206.829014
2953.471594
2980.140770
3352.111695
3556.265063
3629.873080
3699.334510
3906.138054
3546.162818
3672.157638
3727.668462
3960.932680
3878.960042
3917.743548
3791.563777
3633.776945
3547.757302
3286.155576
3128.924936
3159.621308
3210.862359
2967.277597
3091.772757
3032.826619
2904.195022
3088.423931
3250.076893
3395.070541
3679.734772
3934.441748
3731.941003
3588.686465
3670.811444
3662.505477
3478.375102
3605.212383
3736.199532
3595.283167
3615.638616
3584.575993
3471.833259
3610.664356
3569.736193
3334.613392
3187.883989
3257.659714
3112.514583
3175.425409
3431.285383
3546.805426
3652.939386
3595.901572
3442.203295
3368.765986
3428.670743
3037.862065
3162.636900
3571.951119
3661.705928
3615.387841
3950.702200
3809.601886
3379.755348
3324.595274
3528.577304
3370.869762
3365.049309
3565.376492
3557.275845
3400.054442
3473.757150
3733.353494
3688.311398
3686.313117
3591.170458
3466.614960
3472.300896
3380.092905
3249.514651
3477.590382
3528.737019
3471.501231
3813.396649
3762.223818
3618.040408
3824.743822
3677.304610
3421.288443
3564.797182
3598.059422
3677.665362
3818.985981
4023.448279
3954.044178
4002.674644
3935.092693
3982.196152
3726.683803
3796.297713
3731.856802
3476.157467
3148.812150
3032.177163
2884.867603
2935.569414
3105.694472
3075.483285
3150.769150
3248.920000
3255.744538
3173.574924
3441.643881
3826.166671
3773.126297
3844.248073
3743.786686
3471.648634
3107.495838
3261.078474
2917.401452
2884.816596
3212.334040
3214.026692
3130.166375
3626.619281
3894.727155
4044.133607
4328.353058
4420.443077
4236.468054
4170.914165
4015.485254
4023.660817
4389.951105
4130.466691
4040.577029
4073.433368
4100.013216
3727.737994
3913.737365
4134.826293
3964.990678
3930.080440
4034.519189
4138.512249
4343.121101
4291.950206
3960.841630
3864.342286
3658.434049
3089.662369
3163.404659
3478.274696
3347.432263
3489.306505
3620.058054
3708.100745
3751.215180
3655.054263
3513.042022
3607.460296
3541.627674
3286.063548
3511.198858
3433.572567
3405.049598
3668.820783
3492.917112
3269.691641
3451.701915
3320.919226
3022.093550
3246.976727
3177.770720
3075.891697
3171.950759
3107.977604
3007.614498
3333.335040
3164.634084
3123.765395
3258.919579
3361.283212
3097.058263
3436.334417
3436.334417
3501.817054
3827.123311
3947.914873
3892.390623
4015.169815
3708.222770
3307.319341
3278.783086
3451.702140
3512.875077
3719.747555
3817.890094
4263.708887
3928.992063
3683.759881
3685.617295
3648.739484
3483.093378
3884.307497
3843.427436
3724.667364
3861.785351
3796.334848
3437.012372
3623.467347
3829.811665
3619.061032
3439.368645
3747.321706
3839.416268
3661.169904
3870.227409
4062.348456
3603.401607
3507.299866
3554.447193
3509.557760
3302.612984
3566.398376
3638.037205
3758.849735
3773.152308
3975.880472
4028.831445
3973.431516
3771.105972
3861.278306
3850.740912
3669.239993
3701.754651
3924.827201
3689.685871
3538.377114
3562.776521
3435.855273
3511.487709
3503.166342
3552.472609
3747.462427
3970.465302
3954.071276
4185.156966
4504.401008
4453.238816
4349.159052
4567.910864
4504.526732
4316.452173
4354.175235
4582.995003
4188.375975
4229.211161
4329.298972
4375.980302
4447.563685
4496.663775
4521.216033
4338.988233
4177.427141
3942.090996
4093.549276
4222.271901
4338.843441
4141.852357
3967.823973
4039.514663
3845.311088
3777.548923
4163.454910
4161.133454
3684.610357
3592.352833
3602.700550
3431.812028
3431.812028
3830.996072
3816.562942
3657.099030
3632.715467
3679.844424
3544.851535
3849.414433
4039.820898
4301.159774
4407.671435
4317.619749
4045.559276
3642.515304
3454.170435
3585.123584
3572.889467
3519.664997
3816.198985
3579.283118
3260.016512
3329.487923
3397.180447
3321.458217
3715.779726
3785.447240
3666.627553
3648.343545
3838.618324
3760.959563
3793.609536
3894.222192
3660.699231
3366.221280
3625.473481
3723.720748
3748.212820
4354.031380
4527.387938
4080.119371
4067.741361
4217.051647
3891.695709
4212.774912
4317.135169
4222.971823
4090.057311
4034.877761
3826.023089
3972.215359
4142.255417
4033.906480
4291.457280
4281.405876
4274.819078
4254.355989
4364.716666
4305.397848
4070.138994
3748.727379
3460.594644
3198.390208
2897.506623
3116.860059
3384.880228
3450.128123
3832.988390
3900.584670
3675.383785
3637.597455
3778.542018
3635.668357
3629.449062
3874.978773
3850.386582
3848.505829
3928.251781
4136.981197
4568.529610
4803.621928
5155.427413
5049.006034
5096.149329
4736.165316
4651.759372
4349.164606
4424.576116
4291.629705
4074.999996
3871.130036
3766.754667
4032.692741
4051.200513
4061.418794
4059.069341
4110.170602
3770.580829
3664.330336
4208.397896
4520.940321
4537.802935
4565.890907
4731.977073
4394.122700
4223.352979
4454.317665
4432.047277
4212.946967
4063.619641
3937.644631
3837.094917
3912.988049
4000.862740
4019.470006
4161.140032
4021.986004
4295.999862
4611.142049
4801.690784
4680.001713
4624.329480
4458.608830
4121.225669
4035.217935
4294.614079
4222.798964
4036.687265
3871.130219
3629.630426
3339.390844
3501.086979
3267.837189
3327.134370
3429.358378
3112.531624
2932.879210
3247.227569
3247.227569
3132.793812
3461.046889
3724.853239
3452.750601
3652.972431
3628.625765
3573.220440
3313.244468
3495.417606
3391.446409
3884.299525
3881.834996
3792.030550
3836.805336
3654.914485
3112.695953
3161.438958
3413.035420
3547.854614
3738.374644
3734.367484
3634.461338
3722.435606
3601.961276
3652.822835
4121.542825
4254.499582
4158.215577
4282.990834
4336.430846
3939.496265
4101.206727
3992.587775
3728.799637
3454.663117
3282.907101
2866.483224
2934.089578
2869.685994
2755.826612
2911.354373
3186.081847
2944.993165
2934.548366
3359.889677
3652.422552
3546.265308
3756.721391
3738.374644
3423.412591
3165.406586
3024.239669
2852.066031
3197.750868
3246.792686
3457.421042
3765.274215
3851.343059
3736.841098
4064.019615
3767.669729
3701.032673
3891.243778
3625.327464
3375.892462
3561.999494
3322.486163
3306.231947
3498.487852
3437.020534
3715.334113
3919.300357
3688.031915
3653.134382
4056.233121
3767.965280
3789.991115
4072.219709
3960.035680
3575.083606
3724.674856
3722.266272
3757.068366
3934.970662
3896.138818
3638.351996
3791.495604
3439.633580
3359.697488
3584.833866
3519.374370
3226.980391
3515.067916
3764.628668
3703.428860
3775.243519
3832.857113
4051.639764
3939.239830
3939.239830
4186.473022
4188.880221
3834.759927
3851.277037
3673.244952
3383.212532
3476.198833
3533.728927
3447.873740
3463.517459
3557.978337
3642.295598
3865.017004
3816.084243
3834.444661
3922.487503
3875.887941
3648.889171
3849.308595
4240.048336
4088.765583
3986.960819
4062.521025
4001.087017
3853.763258
4177.204022
4274.707397
4444.597124
4776.146585
4786.105908
4690.031519
4738.562059
4634.442301
4386.978566
4227.305839
4221.097533
4238.860416
4453.408281
4212.089137
4101.746339
4191.835029
3945.720808
3426.137751
3358.549336
3528.341943
3117.250342
3294.373364
3609.567550
3875.459944
3918.381507
4071.740555
4178.128719
4127.079695
3889.779172
3654.587971
3754.756165
3632.886638
3581.725937
3894.789143
4207.793827
4189.384983
4209.294861
4397.618784
4399.299982
4295.148831
4379.219035
4184.096937
3954.902220
3781.152056
3441.423273
3273.751401
3351.210600
3197.906664
3046.385099
3308.212896
3144.803114
3337.503313
3601.487400
3707.775667
3721.988868
3858.987677
3941.095887
4029.085764
4010.793256
4029.085764
4313.144614
3786.009433
3528.185783
3921.317515
4019.330583
3874.027367
4157.652533
4137.180304
3889.603154
3785.326885
3617.656877
3808.029325
3928.754752
3736.531025
3560.617831
3812.317190
3599.390736
3507.349023
4113.144286
4278.676704
4025.110768
4058.206141
4160.529540
3800.304060
3833.299163
3939.657107
3957.266574
3769.005282
3691.481514
3754.756165
3801.818971
4034.599990
4468.250736
4515.487459
4646.331834
4521.406158
4177.860086
3932.605679
3809.686885
3695.174604
3834.139559
4098.110155
4155.396522
4157.350270
4157.350270
4218.788445
4074.744287
4093.104316
4201.580855
3943.691911
3839.469582
4364.585568
4166.140169
4080.348535
4338.077711
4266.469561
3732.221397
3867.164358
3650.469091
3368.318154
3462.246119
3315.862534
3154.528077
3606.650875
3864.138560
3729.123949
4028.327534
3936.255336
3508.716886
3355.230905
3478.014432
3349.813586
3601.293064
3754.600119
3871.325682
3799.553886
3759.613858
3810.732958
3992.566860
4145.980097
4313.246863
4337.903009
4364.254730
4212.706932
4018.642480
4178.025472
4257.866406
4253.999665
4257.866406
4043.125887
3615.663459
3588.896422
3476.426188
3374.344246
3689.161005
3814.166074
3647.789045
3510.904118
3725.611757
3475.961455
3508.558472
3590.801832
3754.333792
3480.115051
3564.217894
3852.634920
3752.919001
3699.548201
4045.361677
3916.540424
3456.098701
3409.805967
3346.261865
3260.291431
3473.065717
3773.724148
4010.965382
4722.902219
4661.569737
4510.230199
4426.576765
4505.771646
4035.468838
3955.570634
4080.542437
3792.116992
3468.337076
3413.114391
3534.102019
3392.850023
3486.911985
3484.542844
3101.788099
3018.315894
3181.950527
3228.691087
3197.935894
3494.510191
3519.143575
3537.565380
3995.744124
3991.452963
4054.847514
4308.582544
4402.651120
4195.681374
4268.917287
4277.227518
4013.273579
3782.317221
3677.631614
4047.913270
3804.620806
3855.631615
4035.631381
3851.453084
3922.380973
4398.932798
4354.250239
4229.293152
4382.833952
4076.913022
3491.792138
3352.500305
3677.763955
3667.667745
3594.818850
3952.807049
4038.635373
3645.941075
3923.854629
4114.497609
4042.930960
4159.424648
4208.651276
4010.404049
4134.511556
4113.913336
4251.169587
4189.577823
4177.370054
3999.873349
4153.496703
4001.960845
4046.879532
3871.209417
3846.759215
3944.879978
4106.452724
4311.092723
4521.745513
4716.630990
4782.484731
4911.296997
4776.434635
4545.189241
4392.099310
4248.864640
4285.438197
4420.661057
4809.700100
4714.426956
4435.894807
4542.601059
4491.183849
4125.154418
4169.419231
4375.913556
3803.320328
3569.725965
3721.316735
3792.277159
3962.010307
4252.644878
4512.239120
4354.705566
4239.503480
3885.717327
3987.759662
3697.532102
3746.630325
3850.484048
3930.437588
3778.807265
3938.884211
3881.258557
3836.880975
4229.699082
4158.143686
4342.381644
4605.990037
4360.276780
3928.487167
3934.605575
3763.060290
3605.246233
3953.392515
3875.492167
3873.549385
4018.811531
4104.630571
4002.612383
4401.613459
4295.166040
4070.225462
4295.166040
4089.125139
3739.220636
3800.494117
3901.171659
3702.317045
4338.495854
4338.495854
4195.213620
4383.555410
4489.907204
3944.694443
4259.650660
4137.050173
3703.307971
3688.940902
3768.716844
3595.137168
3891.456643
3999.854191
4040.839295
4193.819282
3948.350157
3885.054600
4134.636382
3807.057204
3822.808366
3937.309087
3992.367754
4344.101701
4636.784816
4550.293112
4673.378096
4665.059515
4190.405353
4100.459189
4366.385238
4241.307933
4128.944814
4331.476301
4100.459392
3615.162083
4022.035219
4216.464572
3997.669584
4195.829357
4364.420943
4098.605484
4202.837958
4300.953248
4374.855479
4833.398661
4870.326898
4512.225539
4438.656835
4350.686441
3825.343878
3747.668819
3939.938514
3714.935358
3716.847230
3982.702672
4054.639791
3976.872560
4256.972967
4253.146482
4175.568141
3901.468045
3995.448864
4234.743326
4038.439457
3845.697046
4027.473916
3939.674111
3814.895611
4125.925495
3992.648558
4113.612938
3941.660425
3718.650789
3585.635407
3743.165369
3843.505795
3949.561913
4084.908929
4156.475671
4094.281818
3660.477256
3756.623459
4014.405907
3991.982060
3929.809182
4222.349026
4109.950957
3592.270756
3504.533748
3821.183175
3745.577427
3794.443062
4154.821004
4025.950736
3615.960435
3638.259900
3681.360458
3519.731014
3881.739982
4435.877831
4523.905816
4523.905816
4613.815326
4400.991323
3909.003550
3929.437129
4226.273270
3948.020172
3776.400578
3900.483287
3595.578040
3446.083939
3683.534166
3824.694514
3895.350214
3977.352104
3903.375164
3836.067205
3899.671610
3768.716844
3948.819795
3981.647563
4006.206973
4024.591343
4146.423938
3892.739911
3792.563876
3923.311387
3978.600568
4056.149591
4404.108484
4410.105321
4309.932079
4195.213620
3947.169279
3875.478602
3897.961527
4188.624564
4593.867048
4817.382504
4766.424408
4874.804829
4561.661470
4434.985880
4594.558629
4874.808620
4762.351048
4811.175736
4621.219437
4193.362884
3520.197951
3426.212902
3321.832218
3013.246930
3059.451897
3270.012765
3241.462118
3953.566884
4440.420213
4597.787460
4732.734169
4941.717843
4268.217297
4012.669016
4114.524550
3963.114890
3754.510851
3846.626617
4049.262308
3998.215486
4153.673379
4575.139078
4521.773151
4284.367299
4209.193371
4081.985819
3836.760947
3853.251084
3894.327628
4031.490097
4068.274263
4064.173026
3965.939711
3824.991551
3736.256158
3864.920924
4190.457526
4358.220033
4387.030319
4398.005888
4369.080199
3868.021060
3847.656859
4119.764468
4066.657187
4465.458392
4756.006076
4743.636349
4872.492224
5012.304876
4482.319798
4212.148917
4240.720618
3831.997442
3736.428510
4041.209062
4110.733470
3963.485927
3902.144602
3855.666081
3798.479384
3833.221263
3718.517454
3859.697335
3941.709288
3579.651989
3379.018559
3862.073683
3919.237404
3766.253207
3950.284770
4171.234313
3635.425484
3688.458427
3934.488427
3954.966258
4110.415608
4628.163911
4390.683212
4100.506381
4096.311616
3828.356610
3343.513286
3579.006585
3636.487944
3462.429635
3566.706528
3891.988979
3710.063647
3756.504251
4014.277931
3815.829736
3513.027008
3723.863243
3613.038630
3901.643690
3987.386866
4069.085693
3975.361472
4380.553578
3987.783644
4176.369621
4268.048420
4039.162309
3637.850588
3861.058002
3588.745765
3470.113429
3881.288145
3779.209036
3409.282100
3541.920031
3760.903821
3836.611539
4202.426341
4452.169011
4411.007519
4421.086979
4093.996150
3965.390646
3895.720229
3875.378606
3957.168625
4349.978487
4655.760654
4737.644198
4780.703536
4399.842140
4121.948344
3727.556566
3572.091583
3747.857586
3788.834989
3776.729564
3747.709868
3841.815280
3721.208723
3852.117237
3827.490917
3752.257670
3719.518025
3629.404271
3592.467964
3748.010601
4013.931981
4098.014371
4110.128381
4165.313623
4030.400835
4066.050598
3798.025893
3793.574097
3807.927810
3939.199300
3961.292142
4243.728689
4252.083592
4284.557896
4125.557638
4032.472307
4124.749828
4374.292337
4333.306737
4216.614210
4223.228949
4354.351881
4411.464578
4546.658049
4959.637173
5053.003277
4985.282347
4852.382779
5018.069675
4825.760180
4889.668722
4726.366245
4742.719039
4630.222193
4605.466611
4565.810310
4490.059416
4703.096504
4244.828473
3865.939291
3759.622775
3546.999472
3096.815946
3211.668385
3156.056338
2945.674220
3234.271802
3315.872279
3252.370041
3588.013472
3461.833442
3306.285651
3359.383064
3377.941440
3250.923936
3709.726314
3544.230406
3341.518624
3468.311843
3449.822616
3018.103422
3173.262717
3222.277774
3148.734108
3281.624506
3501.278841
3697.644123
3953.366395
4077.976587
3998.312682
4098.121052
4020.529726
3821.731183
3862.836360
3972.898978
3705.073804
3844.344383
4042.516943
3708.866076
3553.689569
3897.138427
3535.065720
3346.909161
3708.700541
3858.154376
3734.246590
3914.124471
4053.173047
3940.738206
4266.168402
4022.149822
3889.268238
3799.284429
3989.398334
3512.801691
3743.450394
4005.301356
3759.622950
3551.089693
3829.223060
3671.874735
3442.609433
3786.513175
3896.960549
3731.325872
3875.328895
3822.146425
3861.171937
3907.850683
3756.611467
3623.866740
3948.958826
3629.869557
3498.863410
3544.048957
3539.454630
3234.728437
3410.826706
3293.871640
3412.638488
3620.940193
3445.013881
3352.857524
3479.765069
3377.608912
3246.827888
3442.981931
3627.291138
3525.168155
3387.873101
3383.728595
3539.026543
3416.333624
3438.996606
3702.487670
3846.730050
3814.138854
3996.005441
4298.923084
4440.052221
4526.352823
4966.192594
4667.376220
4327.918345
4311.604338
4141.250192
3713.414273
3803.652731
3695.014276
3531.310296
3766.175176
3706.945550
3678.043515
3721.293145
3690.778468
3400.315605
3617.154390
4026.237809
4470.184444
4531.551364
4923.692992
5120.341025
5021.902855
4829.925197
4616.797136
4344.090549
4021.325467
3816.447683
3796.201692
4137.643509
4498.875520
4517.293755
4646.164107
4586.934976
4277.539579
3805.308519
4114.113729
4134.707559
4073.252775
4198.074315
4198.074315
3803.396539
3731.580260
3874.817117
4216.387043
4349.412118
4674.660609
4560.110305
4633.755699
4271.645126
4169.738108
4077.615898
3999.768743
3862.929901
4051.189402
3926.941533
3714.194567
3892.030841
4057.758547
3820.458365
4039.970421
4031.708410
3995.065957
3835.234416
4215.931395
4300.182784
4627.516584
4819.769718
4797.156938
4494.389521
4447.868202
4224.996517
3881.156499
4026.469324
4337.608521
4239.850464
4346.263528
4790.506114
4537.149263
4234.031018
4185.001683
4000.849981
3965.975020
4123.647837
4009.244564
4142.111319
4383.494803
3945.657355
3968.158074
4056.081378
3697.307114
3388.114003
3746.327907
3735.963139
3705.308917
4239.417529
4376.471441
4057.199379
4057.199379
3973.208898
3698.579092
3866.231887
4253.236520
4267.305425
4449.340937
4568.985818
4108.930039
3646.604730
3624.117348
3601.607671
3353.186130
3602.837963
4028.263583
4048.954360
4051.031936
4389.971558
4383.740671
4138.204863
4220.362015
4473.738866
4303.085280
4468.998334
4755.492993
4855.771430
4845.606804
4956.065283
4815.022120
4710.655833
4415.923084
4479.534541
4530.467520
4530.467520
4686.066424
4792.410552
4501.758544
4297.992195
4066.840992
3571.814578
3391.905803
3324.014649
3363.977641
3507.142780
4041.084263
4090.208331
4317.285058
4164.438918
4090.665533
3665.178973
3931.334567
3642.642188
3751.418981
3941.575785
3825.021052
3487.350326
3587.628361
3618.619986
3941.919015
3991.196683
3939.872184
4093.381399
3843.067434
3331.535628
3705.768790
3912.494143
3887.847737
4594.885939
4733.583263
4633.755699
4873.112117
4973.821845
4326.342099
4336.606452
4082.413875
3847.522021
3771.821545
4095.348277
4105.455993
4234.543536
4187.420113
3888.685396
3762.626625
3668.297257
3666.116395
3723.522751
3887.226525
3987.041014
4236.491768
4230.124083
4547.404581
4852.327662
4785.833691
4683.482149
4704.040382
4495.101500
4237.278499
4135.340013
4184.394098
4223.171595
4315.522369
4307.357020
4329.165165
4437.667278
4476.679189
4394.828733
4310.826101
4228.920466
3922.058051
3825.715816
3641.810520
3819.674080
4056.700210
4488.568149
4670.660278
4893.540706
4934.649171
5271.282244
5207.783374
5373.676945
5318.241091
5171.179638
5080.166740
4714.359644
4533.798872
4554.455663
4642.387716
4558.172899
4615.435023
4433.722185
4343.299941
4204.359673
3891.708801
3844.987969
3895.779703
4002.210288
4014.517859
4187.442084
4351.196902
4144.398581
3981.009920
4177.306082
4143.931680
3933.369750
4147.918153
4258.453738
4158.221624
3971.960838
4258.453535
4201.362264
4143.931294
4371.230133
4623.711045
4482.524563
4627.888340
4453.649472
4087.850947
4216.248522
3993.076165
3692.390923
3962.525201
3731.440526
3383.674203
3628.958796
3981.009920
3939.887062
4034.078227
3963.001155
4069.346727
3891.400150
3656.244570
3793.212482
4026.044976
3886.938324
3925.732276
4246.643040
4325.000880
4406.519437
4236.842619
4048.795842
3758.197198
3936.014474
3565.898298
3666.134382
3860.758787
3782.979502
3567.983829
3721.122830
3655.591561
3671.833513
3960.560362
4160.830980
4160.830980
4220.377925
4304.046881
4062.617912
3917.408431
4041.427951
4012.888708
3804.404981
3969.925052
3957.562767
3777.957699
3747.473902
3868.094399
3884.663605
4107.417729
4264.829184
4320.043581
4309.878007
4172.595137
4021.535391
4136.683598
4449.539829
4484.248267
4899.513966
4928.218819
4813.174397
4506.023800
4559.316676
4262.951732
4256.525284
4422.636638
4547.538838
4375.840429
4163.287931
4120.188914
4104.573589
4397.231008
5064.085357
5324.233260
5207.155234
5125.397632
4930.908675
4434.054891
4366.328024
4417.356187
4401.947485
4027.411758
3810.609184
3892.442964
3902.558631
3743.260380
4254.639403
4166.663343
3931.544307
4336.627409
4524.988418
4172.755808
4322.252884
4661.858177
4095.208129
3804.977428
4126.088773
4000.968503
3696.198720
3820.575324
3747.428707
3237.891039
3393.382919
3669.700487
3659.381345
3763.607304
4027.279926
3888.228345
3579.448526
3661.049315
3922.628382
3904.158748
3886.000655
4010.787225
4055.715135
3856.360746
3809.140320
3935.862239
4056.570883
3872.662340
3735.235096
3761.904269
3767.998337
3618.523540
3845.819465
4207.000861
4282.536778
4274.534475
4307.391544
3986.289400
3651.428672
3634.924596
3534.786153
3618.523540
3945.895614
4083.200112
3923.628497
4021.898038
4146.717822
4077.197860
4389.726254
4465.378788
4352.944753
4279.150792
4279.150792
4188.424742
4288.832083
4503.695378
4521.700949
4482.849855
4316.750914
4478.521777
4341.414366
4218.579924
4380.108341
4355.506133
4237.042815
4697.444440
4666.604813
4654.270670
4716.359962
4513.887071
4145.666353
4231.363166
4151.760490
4098.734798
3898.093372
3824.670719
4055.715135
3875.593200
3742.812970
3971.726337
3873.676132
3574.831210
3712.125116
3869.603753
4037.086174
4022.568422
3965.461085
4262.457947
4126.916089
4034.924456
4002.078063
3971.459418
3650.268762
3856.549524
3917.725091
3960.913012
4073.318526
3835.852526
3558.862477
3526.221000
3777.715460
4105.030668
4201.398345
4434.238514
4452.525341
4589.504268
4389.048807
4577.325791
4486.488047
4255.066787
3929.775119
4054.795356
4124.325825
4181.974215
4312.620574
4421.021520
4237.042815
4294.516244
4183.556800
4269.439346
4220.548717
4040.330614
4044.560018
4062.250993
4170.501636
3988.302286
3882.036040
3696.117625
3875.454174
3611.304749
3758.892395
3797.954828
3720.235569
3431.689995
3632.491645
3753.206738
3742.979331
4088.598949
4279.150792
4076.690961
4054.192766
4027.444493
3573.426855
3595.691666
3579.318561
3464.327197
3614.064657
3796.177673
3731.776615
3965.056663
3922.082566
3764.389315
3752.351773
3683.678957
3382.943870
3581.245781
3943.342554
3777.585150
3751.116434
3902.331992
3736.702379
3554.675941
3765.136806
3878.523728
3986.968232
4205.968539
4144.353747
4042.086908
4055.568944
4021.030755
3752.875402
3955.209381
3912.388860
3969.967465
3978.109041
4147.783094
3828.754487
3898.263576
4060.141367
3986.706838
4140.095386
4356.830793
4281.124088
4221.234639
4217.105083
3906.275332
3797.959553
3983.878665
3804.584344
3964.001061
4088.763793
4383.409584
4543.099732
4334.681869
4035.911876
4203.636554
4068.506002
3802.875020
3988.632403
4203.636117
4103.533374
4361.261581
4265.072231
4189.695925
4298.237064
4447.457116
4087.600507
4191.833156
4187.289329
4017.458998
3913.190076
3913.190076
3823.389980
4106.761581
4354.458702
4360.579205
4603.879778
4865.790642
4513.260803
4423.156117
4222.846817
4145.107855
4220.959778
4499.998154
4653.475108
4940.112253
4946.010587
5005.537822
5027.583688
4755.672814
4440.505028
4225.722367
3875.739089
3468.025997
3310.796066
3531.457849
3505.012284
3568.182453
3960.759345
4021.901505
3784.577602
4044.565291
3960.759540
3889.601234
4206.852786
4362.242288
4169.919496
4266.156080
4088.763793
3929.070283
4236.034943
4223.789264
4303.537089
4425.616723
4122.636961
3895.482783
4089.947739
3965.200854
4144.593470
4473.945184
4410.591289
4304.262631
4498.557303
4516.457124
4595.936871
4813.038674
4706.370919
4728.997276
4587.337884
4104.465124
3670.943499
3699.316978
3541.699773
3561.857193
3737.785045
4114.162345
4183.741788
4077.361778
4057.260928
4186.165274
3852.907187
3906.123094
4206.852415
4259.791520
4398.899725
4593.698643
4505.268300
4245.666078
4039.561976
3742.984281
3673.089741
3591.538837
3644.840137
4309.623024
4237.954694
4272.916654
4321.859398
4234.075184
3792.829988
4414.826687
4801.569824
4950.807027
5314.981753
5217.424481
4865.619433
4491.134105
4497.227345
4362.242096
4956.118458
5154.741329
5152.594338
5259.141482
5234.182307
4744.452225
4863.550247
4777.176909
4587.243037
4814.267665
4769.754754
4499.659878
4504.077190
4489.567896
3996.485692
3932.440916
4138.789227
4157.380109
4104.228424
4572.581718
4262.685072
3931.145661
4109.117466
4059.911997
3660.849270
4044.514336
3797.100194
3633.110184
4034.225213
4185.462401
4123.458433
4598.143541
4712.664567
4336.423853
4334.303608
4367.415455
4060.645182
4052.315311
4138.210166
4236.497688
4538.204721
4750.645657
4593.496262
4547.906329
4327.140142
4150.014809
4076.289915
4196.935965
4458.780152
4362.663025
4276.233910
4239.422830
4145.236026
4096.177927
4335.657908
4377.759807
4715.325762
4637.327416
4582.451191
4588.257803
4435.505353
4263.587375
4325.395000
4036.511274
3889.203312
3993.246625
4005.780100
4026.182165
4408.790194
4283.811665
4184.214335
4221.054010
4237.341588
3938.951878
4168.042760
4205.702127
3982.348621
4229.880385
4545.265178
4538.722927
4722.979953
4874.462554
4804.593631
4777.885264
4864.424918
5085.297773
5171.681035
5194.293354
5132.853620
5022.145440
4561.311695
4452.869893
4586.321796
4434.635032
4577.699217
4466.764566
4383.078880
4110.779014
3914.369460
3703.824240
3825.557736
3792.927308
4071.111496
4238.970944
4249.115957
4406.350843
4275.604044
3962.513703
4165.026693
4212.043646
4028.088503
4511.179247
4439.477839
4263.447429
4259.259647
4166.268481
3673.037052
4047.583339
4227.759118
4444.716044
4475.359867
4487.870276
4187.032851
3988.417014
3790.154997
4016.111101
3899.787783
3748.213620
4012.191162
3917.989816
3807.146224
4052.604037
4134.712275
4138.542872
4533.391029
4885.819638
4693.545429
4767.169796
4703.980992
4593.652836
4398.335281
4492.556416
4517.018139
4604.787888
4557.892267
4584.305622
4521.075767
4377.939028
4228.588602
4101.693167
3979.838356
4045.283112
4243.889824
4374.779566
4217.052901
4117.222077
4152.116463
3996.613688
3853.426741
3963.939361
3788.878571
3762.450751
3968.826021
3749.980833
3737.733508
4169.877783
4221.054176
4088.117528
4245.627400
3969.352633
3685.684281
3642.646705
3608.162447
3393.195672
3505.721664
3547.562278
3652.130732
3666.182037
4079.519805
4065.274315
3847.891463
3810.906918
3882.477327
3727.236452
4072.806222
4123.834963
4035.845795
4054.323877
3888.502403
3790.313175
4169.463334
4482.344206
4390.246211
4447.548053
4367.708741
4099.677647
4064.910121
4158.801686
4026.017381
3999.261044
4650.741358
4327.644615
4106.689617
3939.220789
3830.550054
3464.754358
3501.707881
3401.323509
3708.231261
3782.205867
3480.486946
3439.746868
3826.178972
4092.280862
4276.384505
4460.216292
4697.755869
4589.259888
4521.642007
4304.866275
4109.873708
3932.041196
3972.486782
3520.510224
3592.188493
3406.093893
3579.985419
3510.673150
3596.324047
3688.322466
4153.848349
4061.902954
4053.470119
4221.317971
4289.043707
4242.113722
4307.989676
4256.490566
4492.015867
4582.220478
4758.998122
4624.159800
5002.890563
4986.439917
4888.270111
4690.853506
4880.984105
4666.234930
4543.626794
4441.141906
4476.851493
4214.998357
4112.738745
4108.529929
4165.694392
4128.010935
4637.309894
4696.847002
4672.387762
4946.183931
4686.788572
4163.605510
4091.687945
3799.216609
3557.750080
3515.643410
3587.285323
3619.885725
4102.918614
4078.207776
4198.063272
4233.047062
3944.278089
3707.043414
3698.727551
3995.791055
4210.613716
4523.595442
4585.041730
4378.451185
4260.936965
4211.735066
3984.932554
3853.699084
4144.214814
4024.673465
3953.149618
4360.159183
4517.565000
4290.535564
4463.461060
4496.140495
4377.559221
4056.212250
4414.479410
4392.159307
4545.757356
4553.942836
4623.317693
4300.171392
4049.810088
3853.273122
3470.717891
3898.194967
4037.389907
4039.652476
4021.391408
4692.274155
4716.552864
4986.962361
5401.250161
5515.905286
4989.819673
4593.478975
4380.316498
4309.563521
4301.146176
4923.210102
5036.081831
4749.505107
4605.086898
4615.404548
4062.979543
4476.421153
4605.086709
4532.166946
4479.073403
4312.948073
3848.789131
3824.480961
3722.242165
3687.533586
3863.530023
3755.010898
3771.446312
3957.531418
3740.818653
3697.877948
3687.594250
3440.108719
3240.509667
3625.266627
3541.297310
3768.458018
4239.069920
4110.400685
3805.636295
3801.470082
3509.009416
3374.207584
3764.050483
3960.651706
4265.332025
4398.284291
4330.569448
4304.145680
4308.432233
4496.434943
4359.379385
4330.569448
4312.788276
3897.674834
3368.074912
3494.683735
3457.904915
3191.940521
3376.156729
3787.238858
3801.470082
3703.345828
3896.063006
4041.355469
3881.769714
4090.462433
4542.880913
4411.870920
4234.117836
4092.805878
3841.001674
3478.945951
4006.586270
4370.771199
4464.738458
4618.336672
4466.710514
4052.264633
3991.138742
3849.673419
3905.129344
4271.189002
4184.799537
4043.724973
4147.839991
4215.592223
4021.358185
4424.273621
4733.129166
4774.181767
4642.964173
4619.062215
4474.599258
4130.903121
4018.655762
4397.152095
4280.469390
3934.616190
3875.364413
3658.574594
3114.096497
3292.532282
3485.249028
3462.540818
3785.897028
3757.175839
3624.371544
3695.229735
3965.245148
4094.144980
4290.496471
4462.498037
4415.728142
4383.176375
4231.451134
4274.759664
4198.847466
4440.553224
4113.346404
4164.394870
4051.859298
4016.923345
3850.674984
4112.868151
4024.810127
4055.490098
4102.503552
3991.746704
4308.915982
4329.100815
4255.404169
4286.074393
4124.602124
4022.057086
3868.875308
4013.915460
3817.676924
3859.676526
3702.008537
3894.577855
3902.501722
4156.503560
4577.513283
4755.582794
4888.503226
4761.846106
4692.057859
4776.443084
4727.064311
5091.153915
5381.791227
5467.903864
5162.055846
5165.672793
4673.073025
4480.573227
4351.793600
4393.871968
4332.433290
4557.547691
4610.644196
4686.355978
4839.341040
4700.032267
4538.514284
4751.094759
4681.703085
4198.588358
4139.244839
4190.439064
4018.655762
4186.222801
4294.936373
4405.427636
4254.160827
4066.034319
4008.651174
3818.028206
3537.779815
3420.812259
3505.063678
3394.357696
3768.896693
4169.965105
4245.707896
4243.817187
4405.270267
4234.631898
4447.338097
4612.990232
4578.122656
4381.632421
4583.223036
3992.139742
3820.258925
3936.940891
4035.161044
3720.647390
3855.461033
3933.309418
3947.553214
4109.237087
4330.580577
4431.034634
4557.849868
4312.285737
4332.811482
4330.395607
4218.078505
4185.262535
4522.795570
4377.704407
4410.829156
4576.801179
4543.936389
4330.956652
4228.860222
4126.826669
3942.716758
3863.045793
4030.699064
4263.844442
4312.548137
4619.743892
5053.299875
4975.372236
4999.965737
5177.395694
4796.887714
4367.207735
4438.884324
4021.607246
3762.393363
3987.255877
4112.121021
3978.983684
4375.934056
4692.895164
4699.195038
4482.155050
4377.884423
4592.859810
4102.881973
3873.748316
4039.468740
3967.771744
3483.021731
4085.922298
4327.091109
4300.583615
4470.382227
4597.238318
4282.444788
4096.304181
4061.708952
4427.865112
4315.443159
4361.825994
4431.328609
4361.825994
4169.569659
4363.747602
4170.892724
4076.935801
4105.410956
4181.463299
3865.997994
3852.964530
4114.676327
4039.155911
3717.797664
3804.039324
3905.869775
3647.971320
3684.869343
3713.466916
3924.056098
3744.480281
3638.143140
3713.977136
3554.394553
3406.974323
3652.919937
3900.885689
3808.460622
3937.571934
4088.827444
3944.734683
3742.356281
3756.497800
3611.036210
3394.367053
3755.658913
3806.770771
3774.114695
3911.401766
3941.873408
3527.434364
3789.305925
3938.905249
4104.378965
4499.077545
4754.271625
4823.519402
5113.969905
4960.584701
4582.419220
4313.746861
3913.093414
3550.992302
3507.866273
3295.284551
3366.170235
3619.670842
3582.941302
3525.831572
3685.325235
3705.268965
3619.169926
3825.811279
4355.586243
4345.454362
4283.438501
4342.820338
4076.936008
3823.464849
4222.056456
4257.550925
4212.429209
4345.454362
4278.110747
4098.171278
4279.744705
4443.449743
4572.254743
4699.332888
4770.734793
4628.944196
4604.253066
4618.903121
4528.503677
4587.859449
4827.253147
4452.954935
4101.151308
4013.141211
3712.492159
3382.227852
3543.730329
3410.569760
3387.467612
3571.481471
3697.471478
3811.682157
4290.425863
4059.263662
4024.537348
4022.122394
3971.156301
3801.176501
4349.576286
4212.352826
4139.361580
4159.730181
4343.749277
4022.550652
4182.380831
4078.095096
3959.684780
3924.677846
3969.753443
3671.196492
3870.704242
3819.360215
3664.078651
3729.251614
4138.401419
4176.441723
4636.475044
4642.496473
4462.748905
4121.081732
4160.845490
3763.990237
4052.338381
4040.156361
4087.430902
3991.945766
4110.481323
3850.590939
4130.830401
4090.084476
3950.367798
3813.628935
3697.030762
3968.854391
4134.735184
4054.954396
4044.706108
4128.396709
4062.884096
4279.830867
4419.677418
4480.835598
4505.248148
4233.637221
4298.887714
4598.015966
4865.863955
5102.988727
5199.316621
5083.055017
5157.980236
5123.270984
4990.314922
4986.490685
4742.857853
4569.940048
4422.484844
4164.895870
3962.389953
3733.224747
3879.488819
3701.488201
3832.733814
3677.103260
3903.914497
3859.788029
4238.306569
4532.852991
4672.060448
4813.189944
4449.556248
4384.017683
4171.307371
4517.185235
4261.712261
4294.755280
3920.595060
3897.759168
3644.136706
3799.532514
4052.200786
4258.800656
4234.439913
4162.898376
4310.036399
4418.811182
4510.861379
4661.989524
4850.410609
5244.741189
5079.034869
5027.690451
4788.150669
4647.426836
4113.425582
3793.915442
3741.027424
3718.414223
3521.854184
3505.746715
3581.062965
3317.012411
3366.251403
3409.362898
3304.942108
3504.481717
3616.936058
3539.137011
3823.734317
3716.976195
3559.771051
3643.478954
3645.880739
3424.894307
3639.385607
3759.168686
4104.868571
4229.648326
4113.275577
4117.093634
4077.339970
3819.524310
3989.153376
4300.364717
4343.170162
4414.372677
4162.678281
4039.847062
4209.619285
4007.223212
3825.305772
3974.875209
3602.437524
2966.273699
3090.697795
3374.740605
3540.216357
3921.139372
4110.987675
4008.915231
3778.110732
3487.683083
3320.397098
3197.505367
3395.535116
3557.482098
3686.477857
3652.023285
3817.960930
3928.472668
3762.752981
4003.990846
4294.647765
4309.021713
4278.207438
4253.959971
4094.256913
4075.823388
4045.183746
3901.970917
4172.153299
4041.301833
3832.894226
3843.129097
3988.005983
3937.278210
4309.623024
4414.089731
4587.666306
4342.345919
4264.676616
4234.203519
4520.539968
4604.190957
4868.257689
4732.886307
4440.505028
4098.899722
3734.762355
3540.239873
3657.835730
3833.706104
3749.855636
4103.868013
4383.905777
4574.661077
4486.816305
4558.203814
4480.518362
4274.041883
3987.863397
4010.653764
4217.105083
4118.929956
4235.505217
4383.905777
4504.698708
4453.406522
4431.125888
4373.858931
4609.049875
4727.335235
4888.933388
5328.970956
5267.422398
4912.687963
4884.364110
4567.059260
4178.268431
4149.909775
4158.557244
4183.206701
4142.300754
4078.790575
4455.308867
4457.547206
4062.646940
4234.588264
4441.063039
4015.558235
4022.140064
4161.336835
3909.901066
3764.393474
3862.823971
3971.323318
4100.266604
4177.858165
4267.816055
4337.657685
4270.954610
4262.979416
4569.572330
4436.656519
4690.441527
4670.528668
4578.272308
4240.654000
4267.355743
4128.250885
4296.618657
4130.851622
4194.451320
4020.870608
3740.328180
3618.389514
3894.662211
3990.892574
4412.190607
4645.673380
4470.322507
4188.069312
4245.403845
4110.208828
3799.273778
4067.493430
4018.417444
3961.226708
4114.458357
4372.266013
4392.232944
4653.943192
4504.698872
4291.853676
4224.537929
4135.864248
4060.141367
4184.901678
4266.766193
4021.442428
3777.460006
3777.460006
3599.388625
3482.969255
3560.615660
3507.346993
3435.893140
3832.894394
3879.662117
4231.370517
4650.285571
4640.343922
4358.016173
4525.808354
4354.077735
4329.344621
4599.409061
4693.589819
4587.337884
4409.289188
4156.755137
4166.902272
4236.380672
4316.361413
4434.964682
4306.442496
4122.180011
4234.722933
3821.334717
4013.698107
4366.208599
4351.896986
4286.231895
4364.027402
4169.783474
4380.241229
4625.530979
4854.570596
4935.869172
4944.239404
4846.413149
4578.057951
4148.422706
4230.087794
4293.989934
3925.837267
4222.387119
4564.548637
4697.154678
4797.244228
5359.855161
5084.129252
4830.623118
4875.330480
4615.533948
4748.827703
4879.652629
4742.422057
4619.915476
4820.247596
4182.029499
4052.870109
4118.410309
4071.345870
3922.132990
3981.929355
4164.139833
4511.877825
4626.307111
4884.271684
4921.862679
4833.690532
4537.758234
4418.716679
4246.448908
4184.650801
4264.363448
4640.940519
4504.002201
4546.848726
4899.028665
5040.185889
4886.885913
5273.723382
5165.038925
4803.844403
4423.056078
4227.022548
4085.918590
4001.815630
4137.083790
4501.086430
4351.954329
4312.793422
4194.351209
4063.385044
3965.383001
3975.832385
3971.514189
4415.447760
4346.765676
4109.553870
4085.100826
3837.189753
3626.591890
3852.812422
3971.375849
4208.670492
4354.130997
4282.285738
4266.820573
4217.702796
3812.798111
3663.564518
3698.092430
3775.950517
4098.959699
4642.738372
4731.399436
4700.162267
4407.815077
4074.494136
3928.968554
3861.732550
3867.600889
4164.675005
3978.476379
3825.112140
3982.439967
3943.751958
3826.140272
4159.634981
4341.968209
4593.754066
4879.976934
4857.533608
4602.174954
4517.970092
4305.341267
3996.375020
4191.549998
4224.241031
4091.101923
4518.668583
4682.362662
4702.589382
4874.412363
4841.394365
4307.792477
4473.228432
4504.361506
4213.664198
4383.583138
4393.879371
4224.052485
3978.012894
4049.772278
4051.728629
4415.734317
4256.076843
4129.802858
4322.198456
4129.802659
3894.708715
4391.753723
4704.379475
4906.618888
5271.040873
4326.467688
3072.546200
