9550.705424
13944.111359
17707.812253
17476.917064
17897.246008
17634.441538
17679.476844
18260.820674
18977.836693
19193.309600
19482.312502
19316.148452
19868.421233
19790.256130
19779.698653
19553.281867
19119.171611
18114.008226
17917.238647
18424.193252
18827.920125
19174.908102
19498.872140
19248.833345
18375.256651
17967.798501
18126.713165
18502.848050
19147.405645
19488.914091
19518.686000
19868.418449
18753.338032
17902.156041
17731.502342
17567.638928
17378.217297
18232.495414
18681.022669
18616.719456
18236.585831
17609.042302
16793.728702
15629.793047
15282.624990
15013.140511
14246.611741
13768.533765
14290.400049
13770.369674
13456.185664
13071.583678
12921.189745
12389.800883
12256.021628
12195.811709
12489.173353
12741.676830
12940.480771
13363.095947
13568.316275
13619.402498
13429.668904
13396.003502
13106.536907
12846.028521
12481.529350
12326.081792
11911.417867
11868.171249
12220.215714
12523.992960
12662.161604
12820.844730
12803.736117
12109.488331
11988.065114
11960.279841
11868.832663
11776.638970
11985.606166
12093.196157
12281.440478
12241.300534
12586.487032
12806.456116
12933.297899
12982.728297
13628.159750
13967.547470
14437.024719
14592.871178
14978.839705
15116.330379
15392.720316
15869.594336
16126.159166
15879.540227
16040.554501
16267.244258
16754.913525
17922.126368
18856.488346
19664.243822
20082.690520
20341.859528
20617.849658
21176.305761
21544.637446
22232.708060
23168.949743
23695.316282
24709.555778
25547.157650
26203.071359
26075.161084
25924.334317
25755.997859
25796.457574
25861.224146
25956.153360
26357.810641
26602.891987
26986.640386
26883.272450
27173.179738
27160.966709
27126.114620
27198.506403
27554.389697
27947.033709
28149.387273
28440.860130
28309.806607
28169.712464
27477.464419
27157.587200
26368.303026
25710.581830
25144.830202
24942.323452
24176.503755
23894.047102
22723.894249
21694.766731
20491.023353
20020.896250
19002.664915
19002.664915
18994.019811
18221.670354
17419.100384
17065.496216
16798.873906
16434.264935
16397.810955
16440.236018
16490.599090
16190.044445
15981.243987
16209.149833
16123.574153
16306.428755
16490.635434
16366.206357
16477.670768
16277.386269
15697.704875
15624.902428
15523.166224
15437.555885
15663.810494
15622.819411
15214.717563
15553.270109
15466.794986
15300.675549
15557.622078
15504.597199
14872.731630
14799.524712
14928.825150
14989.187790
14980.728612
15120.565559
15517.930175
15752.850426
15330.037473
15093.538297
14880.112473
14219.647795
13492.822730
13351.962730
13344.128745
13466.710453
13654.644448
14034.184173
14163.669761
14504.305887
14413.695385
14214.815536
14262.675573
14260.263748
13968.742064
13722.651704
13817.179512
13280.737306
13206.830400
13310.724993
13554.780499
13683.794012
13688.179749
13955.735831
14065.515659
14208.138314
13822.315751
13921.212073
14067.977079
13769.646774
13625.062004
13659.311753
13815.325802
13526.289278
13743.605889
13789.349374
13951.107603
14007.015773
14002.612848
13858.331311
13608.634985
13463.827302
13280.786353
13215.866972
13306.877891
13677.891602
13897.859441
14132.860368
14178.291849
13804.289816
13527.664946
13508.371786
13696.084292
13492.951132
13841.938093
13645.638537
13554.013781
13154.625886
13275.011399
13040.127622
12882.805543
12640.704939
12401.622441
12183.455084
12316.952496
12856.431487
12979.374598
13447.431926
13958.180692
14238.234847
14185.898558
14259.636932
14156.152221
14069.344955
13957.394506
14207.969197
14557.735278
14684.273100
14728.087202
14888.634897
14530.071369
14007.790796
13816.351178
13581.620076
13657.553638
13989.709686
14280.627394
14632.857080
15156.798306
14993.748478
14791.025018
14624.584401
14085.570537
13638.958330
13749.467820
13688.314988
13887.136058
14418.161318
14640.058477
14627.074512
14668.038844
14793.652455
14728.276832
14817.202624
15017.791516
15783.859782
16051.177018
16771.517322
16996.709317
17254.664643
17105.658031
17036.928399
16234.229872
16029.201162
15201.866924
14660.869805
14393.074630
14347.794466
14393.074210
14862.282608
15550.777018
15891.675090
16344.735102
16406.738250
17058.809287
16511.224715
16439.507746
16049.461363
16073.160573
15429.383902
15522.474251
15831.164433
16113.073254
16452.488479
17393.716336
18061.826191
18336.287212
18994.121688
19082.610770
18648.577950
18431.362015
18508.367300
18521.792635
18497.933436
18413.536875
18598.984574
18717.475116
18956.927980
18894.367039
18845.550479
19042.445456
18602.060971
17679.218224
18041.054886
17997.021762
17563.027403
18182.379082
18378.399249
17761.362930
17674.325840
17614.367173
16945.215359
16462.371332
16494.830941
16157.942019
15511.761098
14850.685532
15200.544283
14883.119105
14551.379408
14516.560251
14138.784943
13573.765130
12885.926546
12369.232958
12192.336702
12145.272521
11666.095709
11925.209228
12069.497794
12051.328649
12025.961343
12282.228317
11873.354991
11731.178133
11491.449634
11288.655319
10902.875797
10941.452248
10964.729052
10832.929859
10820.789948
10912.968226
10824.475202
10828.559572
11005.554076
11126.617420
10932.281185
10832.924884
10827.210161
10477.239995
10159.942949
10149.721293
9873.270754
9714.280916
9556.666012
9475.179285
9403.888329
9485.865941
9244.682851
9290.506092
9430.185820
9341.771562
9555.283228
9948.975354
9948.975354
9873.271270
10069.586872
9983.622377
9845.829754
10162.828434
10540.447485
10473.597227
10607.456341
10558.668575
10429.493946
10174.293786
10465.653023
10690.644249
10882.961805
10904.399557
11219.514008
11542.692366
11523.913525
12132.675401
12611.616152
12685.249508
12786.306031
13060.192521
12649.446798
12565.493559
12574.425559
12608.789202
12561.637696
13247.051457
13693.687690
14306.432315
14860.989277
15645.612417
16143.032236
16945.214273
17567.289389
18080.298639
18593.428893
19006.271465
19452.842044
19592.992029
19880.303501
19985.682117
20190.921139
20173.582229
21133.807614
21901.610034
22831.489167
23948.489311
24772.752206
24709.656302
24701.364271
24228.928615
23589.970531
23829.420655
24468.036776
25119.624499
26038.613730
26931.104364
27192.712138
27209.659834
27157.572397
27302.895765
27183.850017
27349.433964
27395.358356
27524.711723
27561.352986
27599.581127
27591.238147
27607.948852
27392.323938
27473.990117
27607.840145
27543.706042
27821.797284
28459.739915
28968.875604
29189.428409
29564.615910
29508.298818
29339.506603
29167.589350
29484.620897
29287.868331
29551.091979
29379.410786
29805.638035
29873.779793
30285.884970
30820.708815
30993.541944
30169.135658
29566.657335
29178.097717
28794.311117
29130.701329
30079.572129
30588.130387
30861.590501
30986.786147
31254.324579
31064.626756
31155.667246
31175.211490
31176.405575
30844.474464
30793.122724
31165.314955
31431.060646
31779.945085
32398.929829
32640.914146
32261.940262
32146.004024
31776.747223
31106.267562
30588.358129
30784.684321
30919.361995
31425.743764
32111.686377
32887.892626
33099.385829
32920.817258
32850.166081
32679.361862
32545.026905
32831.144535
33601.171417
33998.481387
34403.528977
34334.736902
33913.386232
33439.437565
32854.076146
32433.688662
32640.914018
32949.462549
32975.713745
32699.883097
32389.428764
31912.705830
31623.766645
31578.629059
31837.598801
32127.404114
32068.785577
31814.712792
31454.624060
30956.191911
30731.791644
31053.209742
31450.914897
31867.972537
32579.516872
33030.133375
32928.765503
32567.080094
32557.969178
32702.607602
32493.665182
32525.997653
32610.732996
32352.200908
31958.926944
31963.170288
31876.823668
31913.141560
31814.130156
31807.834599
31815.838110
31857.061788
31939.655221
32019.878076
31801.411507
31439.418184
31035.773910
31078.131806
31431.290501
32304.070565
32834.005903
33450.918694
33942.218040
34111.873218
33894.429315
33814.667275
33920.263808
33890.709603
33688.397290
33113.956989
33064.078066
32693.477015
32014.174509
31731.170022
31981.757111
31817.587528
32033.865871
32238.908955
32579.633163
32443.817218
32035.995534
31762.360808
31544.783032
31546.681877
32010.767141
32771.941296
33097.828827
33480.499259
33575.124071
33700.446755
34212.076850
34489.997960
35016.507585
35249.944211
35333.904468
35152.723256
35519.145781
35479.375808
35714.869078
35968.907756
36270.681926
36519.047834
36914.890582
37164.933672
37548.887054
37723.240846
37814.168425
37887.812517
37873.121581
37672.940951
37390.168553
36992.753275
36047.584951
35868.715701
35403.761217
35360.660579
35483.379968
36285.492025
36242.475732
36523.344369
36507.708949
36626.227896
36624.322727
37329.704191
37648.841256
38518.975235
38555.213548
38106.349687
36847.094439
35845.331730
34221.707134
33634.577394
33355.150757
33674.510075
34259.184909
34962.820604
35190.971862
35607.909118
35782.520864
35855.853732
35946.893245
35756.988373
35536.666090
35308.549203
34893.593351
34546.958734
34824.834443
34740.335431
34590.906180
34315.226485
33868.677567
33478.716623
33753.686606
33928.326873
33858.664778
33880.128264
33671.207492
33307.518384
33330.689462
34016.911904
34658.032041
34865.263209
35199.610143
35360.665472
35057.060597
34703.032127
34772.079117
34656.050565
34748.325762
34903.769975
35427.767496
35782.285768
36230.278685
36111.286312
36415.842779
36048.762597
35279.157004
34868.147316
34952.599689
34763.449867
35030.248443
35728.845644
36006.409590
35985.218721
35462.744029
35344.344538
35121.941150
34631.645054
34540.384708
34890.346448
35030.247294
35174.395863
35850.063259
35945.004386
36244.107055
35969.950180
35515.303269
34696.718819
33918.217164
33225.705863
32884.511810
32962.479371
33230.642742
34117.372781
34730.237487
35314.648337
35698.638374
36011.768755
36065.724064
36212.019223
36397.825622
36499.278003
37032.283258
37474.400596
38240.917090
38402.963575
38678.342426
38737.193059
38330.000446
37564.215175
37417.352008
37300.680928
36719.362493
36626.195727
36876.602072
37084.993202
37245.382580
37611.397608
38223.789885
38403.570013
38170.146841
37637.636136
37100.168916
36193.833855
35986.220678
35935.288712
36334.319991
36786.971774
37060.438933
36780.128549
36497.992276
36605.759076
36565.263638
36776.859672
37066.222908
37186.775681
36813.826698
36352.361852
36006.759236
35479.033744
35541.280043
35452.839817
35264.970571
34891.063208
34891.063208
34606.427820
35195.348483
35402.962102
35616.442508
35325.300032
34811.945690
34222.425875
34089.528170
33299.913228
33295.870434
33379.406717
33278.553815
33144.708639
33470.293544
32941.985561
32810.759405
32340.578063
31758.097859
31952.907559
32225.123890
32011.706275
31988.428398
32373.973405
31900.829760
31320.308533
31431.089304
30887.101254
30748.012104
31073.641817
31556.954649
31275.836687
31813.855342
31968.031269
31823.311420
31607.681900
32174.864715
31947.806907
31591.097053
31490.934376
31489.733440
30881.060052
30486.552925
30058.719076
30151.292060
30030.804436
29733.121418
29810.826305
29884.726754
29302.761207
29087.057921
29639.587110
29330.864842
29499.650475
29855.742855
29814.366585
29377.001160
29855.740683
29379.504146
28975.892159
28767.233679
28428.584703
28081.068889
28102.848581
27459.039917
27512.568876
28136.169504
28192.310480
28505.938943
29323.326247
29758.947047
29772.151475
29897.732716
29603.013004
29422.380824
28884.969412
28274.215122
28097.462293
28467.672237
28631.513960
28955.092334
29753.342899
30080.561915
30217.034255
30320.038420
30632.596838
30182.289095
29966.640968
29653.161680
29756.469363
29347.076347
29012.287326
28960.343450
29359.049336
29339.208822
29663.064757
29883.111753
29675.674433
29294.707148
29486.997843
29463.410559
29898.898850
30347.723498
30430.486927
29919.200781
29922.976994
29459.368373
29347.095699
29531.580172
29764.430909
29472.631678
30109.619087
30288.013111
30212.408657
30121.478858
30266.347503
29810.976487
29368.499373
29047.213821
28572.777976
28274.637812
28451.715337
28662.555936
28675.148049
28779.574524
28634.277896
28292.109635
28266.063041
28156.186419
28581.189820
29199.774667
29174.496329
28891.378035
29236.157860
29012.029165
28463.904495
28524.528155
29047.045799
29033.728149
29245.834696
29747.952227
30013.040600
29842.743834
29804.877515
29828.797520
29962.927005
29906.766644
29871.958481
29721.720053
29488.460896
29354.819101
29169.004573
29148.167246
29418.622852
29697.219426
30038.016450
30883.500158
31700.631713
31952.683380
31510.433577
30727.325902
29700.714273
28911.357184
28462.266541
29227.911460
29963.512383
30403.459314
30740.118724
31252.827197
31578.245196
31928.040657
32501.088429
32907.067939
32991.664047
32443.788909
31835.852642
31212.046455
31155.698362
31115.565653
31465.088513
31730.327565
32006.859158
31715.005466
31795.852101
32028.311467
31843.215809
31394.224262
30934.813882
30260.300759
29534.296530
29331.964406
29746.529322
30069.846920
30668.381605
31106.341828
31326.602629
31197.029427
31138.738364
31039.512137
31408.451578
32380.979537
32758.598815
33544.090589
33554.578012
33457.622726
32601.796062
32654.759861
32020.486850
32333.860166
32390.168226
33158.519503
33274.553352
33497.149288
33388.880082
33080.400557
32353.243093
32420.475081
32486.953722
32408.684978
32544.762219
32553.012600
32208.329745
32374.173257
32761.668271
33098.034077
33786.229798
34239.248791
34554.206611
35025.480801
35360.602234
35746.720654
36695.798598
37280.445174
37464.301831
37979.625704
38191.446836
38273.228042
38346.537394
38433.578898
37963.197854
37851.005703
37188.324964
37037.540387
36206.450005
35953.367181
35481.395977
35269.813411
34642.237352
35551.768649
35789.360790
36000.407969
36194.244263
36563.633214
35904.071314
35716.012295
35444.145685
35319.121835
35014.981216
35008.607175
34732.243893
34348.907544
34430.372725
34639.498190
34844.490318
35641.142575
36313.525436
36668.053308
36590.627122
36145.760066
35334.120997
35173.169143
35369.100935
35503.112408
35947.075823
36284.154268
36300.954100
35777.336121
36020.547320
36054.831460
36131.788447
36136.659123
36170.554011
35956.973441
35671.275201
35468.453977
35309.263151
35350.827487
35503.206695
35952.168572
36131.522162
36137.595988
35759.637058
35351.915302
35144.924895
34991.749550
35045.680727
35280.606171
35427.740234
35562.809531
35782.580618
35985.763941
36744.468953
36760.463385
36696.372353
36504.759713
36541.536340
35592.103824
35163.230931
34669.950220
34711.219383
34952.599466
35477.195559
35623.211410
36108.106491
36069.632338
35400.571693
35531.980386
36211.831352
36351.279507
36387.815815
36726.731501
36659.717993
36530.626952
36382.091234
36899.573292
37303.422637
37700.109995
37581.516460
37793.341434
37430.791486
37633.189031
37137.840170
36902.635408
36590.941641
36778.832966
36177.029049
36328.354576
36670.511498
36905.823957
36528.099779
36514.696887
36155.064734
36139.088737
36280.989123
36503.791260
36622.236390
36753.479080
36620.087042
36268.568872
35985.890082
35852.349867
36233.861310
35962.284317
35757.067791
35789.361097
35748.112608
35388.339648
36005.609105
36474.838407
36481.510885
36539.882996
36340.695681
35653.360844
35250.492180
34841.136287
34547.264142
34698.445886
35216.448841
35438.578130
35928.512465
36264.824909
36568.942818
36698.083161
36757.743755
37370.254776
37385.842734
36997.365091
36818.048285
36847.459802
36357.962724
36349.738774
36658.271024
36554.601157
36509.557553
36842.184478
36969.581423
36690.837672
36679.940272
36536.250067
36340.484117
36555.428865
37198.482529
37718.183840
38552.279101
38635.871063
38341.352315
37861.972769
37592.386364
36946.504653
36909.840701
37207.925902
37444.951604
38008.742376
38405.817652
38561.740674
38514.097555
38829.045043
38332.167246
37877.384045
37303.716098
36853.405657
36285.527671
36085.123802
36115.102699
36240.078266
36323.568268
36002.304774
35670.775028
35494.929417
35536.322718
35992.896378
36562.792722
37031.042028
37462.802375
38124.570543
38051.027476
37883.134155
37855.272782
37886.699998
37893.084203
37808.980200
37847.576409
37921.538496
37972.168155
37533.713262
37298.816865
37564.259495
37350.827350
37213.090921
37066.234150
37286.519106
37159.222138
37699.175306
38119.814386
38452.354131
38924.254113
39316.867014
39314.614817
39650.574024
40065.367111
40153.756981
40090.532428
39987.089810
39687.247014
39713.294551
39691.883854
39641.640614
40120.976772
40040.819627
40042.059679
39894.035762
39593.713789
39220.469485
39787.581304
39900.171438
39994.566628
40682.686093
40894.435194
40615.452266
40382.267097
40716.334056
40560.675549
40725.183734
40439.326341
40754.738640
40931.625553
40950.392145
40523.577811
40422.053715
40268.925808
39628.251773
39002.162881
38644.349546
38591.843365
38569.954336
38669.778300
39070.438787
39428.934208
39470.668875
39555.004713
39684.218301
39657.043631
40168.161622
40732.632641
40980.572762
41057.922773
41185.382275
41208.765359
41137.545976
40600.524834
40367.857751
40587.819009
40185.689856
40295.329774
40636.116856
40858.265123
40604.294336
41248.759603
40914.529244
40722.507014
40474.452082
40580.173334
39986.605452
39816.162361
39639.005518
39839.144430
39688.304897
40056.507808
40429.644316
41102.856577
41185.123430
41396.474500
41128.588442
40686.455432
40071.874083
40190.502332
40050.088030
39750.100530
39665.480483
39536.298726
38798.605994
38437.472552
38202.965829
38279.337263
38488.254543
38945.009130
39223.622566
39767.399774
39833.126042
39392.523744
39028.126277
38805.842630
38498.095816
38730.754677
39041.020394
39263.422827
39280.201686
38692.069237
38452.710337
38158.978592
38112.072936
38524.170399
39682.573500
40121.702043
40463.137335
40342.793278
39910.840839
39207.182152
38727.397830
38524.644277
38390.661248
38457.788692
38871.485961
38914.305767
39039.952411
39457.369503
39515.708379
39164.170330
38862.132765
38844.611446
38253.273785
37764.285391
37004.910746
37023.485039
36736.997624
36997.410014
37023.484161
37457.013221
37485.048297
37434.948979
37454.800660
37627.375185
37862.011362
37921.590853
38022.817187
37794.073728
37800.711831
37731.761659
37435.009129
37413.870603
37530.260203
37890.879543
38093.353742
38474.226333
38732.780887
38829.482208
38681.811630
38711.146794
39102.828463
39489.002774
39827.771004
39946.104490
39930.832288
39536.189173
39076.198764
39044.117508
39145.723618
39323.922994
39986.304133
40404.901122
40333.724499
40195.032892
40202.267485
39645.871737
39220.551809
39423.982117
39478.197307
39486.786775
39278.627492
39302.990024
39514.240485
39174.665517
38605.322504
38787.950837
38599.547025
37779.495154
37027.261971
36110.826803
34513.332851
33395.677633
32057.978663
31335.478317
30595.261347
30616.718046
29544.198103
28772.120702
28071.407251
27557.767064
26941.460210
27251.098923
27625.940502
28376.180153
28564.488791
28183.897914
26707.948536
25805.675993
24598.165427
23899.518814
23761.677623
24857.563836
25598.095951
26796.418597
27842.859760
28799.099543
29010.986720
29024.001199
27794.373281
26350.665568
24692.255457
23672.158329
22487.342668
22642.612558
23454.059231
24418.318285
25199.443788
25723.180732
25452.108289
25598.448064
26007.030675
25874.830627
26017.511617
26552.575316
26196.554565
24927.111887
25097.976875
25878.709098
26160.697622
26599.019951
26880.579756
26647.305654
25879.167701
25829.518807
26024.424424
26770.421195
27525.770579
27987.293776
27713.995223
26684.513638
24987.677040
22863.181299
20345.338093
17662.083114
15185.184902
13439.889810
11850.088062
10794.494989
10347.970481
10405.032085
10264.652312
10510.342997
10663.917576
10549.311600
10573.264996
10602.778908
10233.376404
10356.922829
10547.207548
10525.262046
10677.576217
10641.073774
10569.821548
10821.917977
11022.366277
11276.538801
11893.308432
12454.730567
12433.345794
13090.883582
13916.350505
14776.116663
15633.197449
17045.610842
18227.918680
19182.881645
19868.422472
19793.406501
19704.387633
19352.772906
20070.474628
21461.639989
23454.495948
25534.410750
28041.268760
29858.608942
31146.751508
32850.431130
34296.078382
35352.477010
35759.426240
36615.420279
37090.339378
37552.598977
37631.807911
37804.990195
37596.436988
37186.563075
36334.291671
35794.778056
35492.417147
35024.248160
34603.506469
34256.183000
34014.371980
33739.725790
33493.581057
33469.834459
33793.400386
34132.085388
34447.333298
34764.152834
35265.084996
36192.776259
36764.050624
36700.555854
37011.799211
36424.060248
34903.769973
33559.385002
32026.016368
30021.547535
28084.295988
26513.711852
24861.681937
23938.959723
23091.423963
23110.809897
22914.491498
22517.394155
22039.329624
21815.392989
21428.932437
21770.064274
21444.042487
21549.830910
21316.849814
20773.649510
19780.857973
19849.824209
19219.428786
18803.031391
18777.194898
18617.197808
18475.043302
18667.717225
18734.591128
18503.378922
18288.746950
18415.052551
18724.542091
18443.785522
18857.804225
19185.441104
18857.804225
18447.904563
18290.180259
17628.309309
17343.249239
16803.697827
16406.199772
16452.972803
16430.075289
16494.754349
16705.813906
16633.874918
16397.304957
16368.265368
15941.381925
16057.309836
16076.602890
16076.578781
15919.167025
16326.844416
16147.895966
16298.299505
16481.898418
16403.739617
16108.457685
16217.676668
16004.066132
15993.581351
16164.446236
16338.423467
16438.324681
16696.088705
16467.711210
16093.850761
15842.177829
15583.038931
15423.808141
15676.730712
16222.047092
16337.101595
16498.562940
16439.267006
16234.443787
16236.368070
16165.274649
15953.961070
16533.271574
16975.493904
16726.107610
16988.032626
17068.635978
16482.206259
16495.032137
16588.530708
16233.095082
16298.825424
16580.270241
16226.983272
16106.374662
16384.294631
16399.074029
16277.106341
16263.545102
16744.839920
16733.680908
16867.820168
17407.546460
17665.774227
17366.726421
17398.282990
17625.307195
17210.026794
17407.333818
17769.234595
17784.692040
17393.735844
17503.993253
16949.690973
16313.158228
15819.112796
16039.741290
16136.601619
16676.059273
17724.233574
19135.015072
19760.593137
19944.691244
19931.749110
19540.880728
19293.202015
19385.961932
19335.184712
19339.496812
18940.554996
18351.180772
18243.631629
18184.149594
18190.852867
18801.930361
18945.447020
18643.881541
18527.247177
18797.509371
18145.167224
18014.174892
17647.699382
17922.157200
17881.180765
19458.443283
20476.981660
20983.504836
20526.516956
20554.561101
20619.376589
20401.398080
20280.591948
21435.795199
22341.304101
22911.384768
23649.063678
25031.516047
25580.300142
26501.061230
25901.740126
26153.718363
25200.029369
24447.009396
23977.215140
23629.416516
22451.441783
23418.005666
24207.482759
23275.257816
23132.879784
23180.673980
20669.314154
18227.858111
16532.550803
14471.953324
12674.568692
12049.929941
11818.997142
11527.492253
11450.148359
11531.487409
11913.825073
12091.710357
12358.923399
12542.566911
12380.437264
12445.142129
12130.182096
11826.340092
11793.152298
11917.989791
11782.382898
11767.060206
12085.129536
12099.884822
11960.197225
12002.635066
12248.820996
12084.814200
11851.089950
11945.848762
12248.820996
12250.484127
12250.484127
12626.183568
12716.908364
12373.470375
12449.901061
12572.952191
12577.169351
12620.455897
12742.838573
12581.878072
12554.684120
12604.315744
12764.204327
12778.995655
13246.798435
13285.425135
13451.357170
13696.802384
13789.604232
14173.545305
14585.565258
14652.259755
14983.764134
15564.329904
15285.235968
15912.722244
16521.313271
16983.405731
17515.680727
17837.541394
18009.912553
18419.608006
18763.343637
19163.769168
20073.963823
21327.686151
22220.284758
23389.640596
24608.342452
25641.044514
26717.952163
28429.962383
29603.311331
30874.262627
31955.165119
32779.618796
33330.134501
33482.235558
33769.757267
34268.686994
34499.934067
34722.129822
34890.594745
34722.129822
34662.419901
34540.218994
34764.106701
35351.131564
36155.299789
36483.690874
36497.019397
36187.740244
36093.505071
35840.409341
36257.587068
36747.080500
37046.733720
37084.177159
37053.536340
36729.854889
36440.828553
36235.342215
36531.334204
36679.942969
36987.327968
36946.213246
36776.103578
36505.828918
36533.923769
36771.005390
36289.944889
35679.552969
33692.385937
31367.499407
28655.218743
26846.819810
24817.149169
23854.580369
22892.734774
22188.133870
21105.783984
20710.175830
20458.612385
20386.906492
20073.949025
20673.588350
20632.918090
20548.046384
20753.300487
21079.201226
20695.214526
20702.006701
20705.882871
20427.618972
20042.574219
19798.698065
19604.138063
19893.757108
20014.492717
19728.905530
19883.987877
19439.834797
18729.788567
18363.552889
18321.394270
18453.224993
18944.528185
19401.422404
19710.907274
20073.981839
19860.664584
19843.403281
19798.591608
19476.651374
19225.121383
19492.337626
19763.899890
19643.406814
20014.492608
19853.646184
19724.221818
19691.969022
19881.193404
19703.228090
20157.830315
20222.251870
19881.039607
19780.139978
19553.449604
18993.279911
18634.768102
18794.459435
18516.038027
18378.255640
18786.170303
18813.980412
18549.059253
18290.244402
18634.885057
18601.818434
18879.738189
18981.098964
19617.977160
19423.336235
19508.070549
19810.158308
20209.175373
20414.181691
21238.173423
22482.489465
22822.762612
23148.791737
23183.401774
23155.263959
22088.924603
22162.280958
22047.921271
22803.393669
23812.684452
24060.014802
23744.878631
23597.808841
22825.373075
22214.738123
22225.348212
21992.365587
22153.927058
22039.442441
22022.816838
22925.933805
23896.730396
24755.957738
25670.049855
25960.824479
25946.434158
24807.395250
23715.833137
23413.413213
23252.027112
23114.483374
23910.665338
24794.956941
25387.946401
25879.473307
26769.347546
27135.480032
27204.108909
26725.309969
26852.883713
26482.565280
26810.538400
26728.872054
26413.546263
24676.959401
22493.509371
20377.291556
18265.529893
16355.837168
14744.706350
13750.292419
12881.050517
12415.102715
11893.231983
11784.861913
11537.378488
11532.626246
11600.015086
11968.660504
12259.979123
12495.036529
12486.543105
12475.625299
12227.747913
12158.364748
12086.320606
11846.846191
11506.860313
11445.850167
11314.243690
11311.773162
11501.641899
11832.696294
11819.216762
11817.499382
11753.098287
11712.440185
11548.332530
11658.587673
11820.332678
11706.275134
11615.683333
11723.865515
11751.656616
11658.592423
11960.857517
12170.096536
12224.293430
12310.676920
12511.062005
12429.181758
12320.911797
12644.633474
13048.074965
13248.103276
13544.745297
13582.927451
13255.953955
13080.743070
13070.587681
13387.447910
13890.757827
14410.032302
15120.184632
16728.802280
18026.441989
19829.595923
21801.586815
23056.581134
23639.169973
23853.156678
23936.768696
24103.096518
25140.952069
25792.743654
27021.473110
27841.157063
28326.500262
28158.553731
28341.261950
28326.579260
28975.892750
29739.703751
30928.325266
32067.880624
33193.005960
33464.940453
33974.305096
34403.517661
34659.964605
34751.044436
34807.093014
34744.600322
34477.055678
34196.559498
34262.145537
34987.033524
35036.405604
35265.268218
35328.094419
35556.440694
35347.003167
35220.081634
35107.694391
35248.208208
34813.980584
34744.892708
35135.591326
35280.071105
35523.895831
36179.694354
36743.409046
37521.374067
38346.315810
38783.141288
39140.778921
39341.516371
39424.040826
39589.588876
39710.859459
39615.896147
39360.618380
38702.595219
38399.061133
38420.127570
38158.012813
38370.872124
39007.943349
39331.837537
39719.707385
40271.885904
40697.659408
40990.933709
41107.708218
40749.604624
41018.504419
41033.659542
41008.277347
40911.466081
41159.271700
41264.947913
40997.668975
40587.473098
40598.529215
40307.383391
39852.185689
39977.291974
40154.054631
40276.892847
40689.824893
40650.714602
40570.977815
40449.026166
40398.780530
40168.320830
40269.269043
40576.034415
40728.335673
40670.879494
40942.199868
40564.050375
39704.993850
39356.183681
38626.590639
37912.950308
38134.567189
38127.993233
38117.856715
38330.974467
38009.547617
37586.274077
37622.923160
37454.976123
37327.683774
37834.193373
37942.808830
37907.656239
37851.465632
37832.027970
37619.057618
37877.101944
38139.966658
38500.050279
38722.420279
39139.300797
39153.630584
39303.070016
39311.359579
39448.504813
39117.231924
39148.382436
39223.952871
39284.449758
39549.504813
39945.322839
40133.261402
40217.202307
40359.522949
40400.566696
40120.769030
39770.949933
39284.060723
38862.772861
38444.733032
38912.335134
39139.267417
39622.030082
40159.061965
40344.885112
40193.562812
40388.737749
40587.091556
40476.981080
40778.542356
40945.478347
40811.985184
40908.470789
40818.940760
40097.448701
40053.105561
39940.728625
39826.250135
40037.041308
40462.622280
40585.350644
41040.492032
40774.595626
40770.876581
41411.222773
41387.447811
41487.003925
41439.247410
41103.005008
40662.949599
40317.882420
39724.448034
39554.971620
39572.515633
39572.515633
39738.360485
39865.175662
39900.111067
39850.084282
40065.522397
40089.935059
40426.046503
40792.598412
41243.770762
41008.383557
40671.737756
40540.479067
40138.727455
39554.953338
39114.406549
39332.362630
38693.270789
38363.289552
38406.647015
38335.892212
38050.930582
38219.929072
38452.892548
38789.347441
39409.020041
39713.225868
40191.318186
40758.464011
40515.017524
40085.243819
39841.334160
39547.283537
39055.339144
38898.132140
38982.357281
38924.204739
39135.618439
39461.185737
39713.684863
40145.120606
40706.275218
40435.855452
40616.830729
40640.000208
39967.190047
39489.832198
39541.084342
39092.722482
38898.235056
39016.790469
39411.714248
39983.571564
40662.890660
41226.278123
41838.383624
41937.866678
41783.681306
41574.304484
41714.113280
41521.740820
41298.101580
41041.821705
40916.621059
40595.017554
40657.871206
40642.475402
40936.551086
41156.742833
41120.396872
40647.517839
40721.260469
41038.714544
40829.028233
40966.962771
41536.974054
41230.513615
40727.107642
40860.590654
41169.473480
41221.114566
41814.268053
41621.225085
41360.742260
40791.147256
40370.157822
39699.318890
39600.164587
39478.671400
39789.622518
39787.586548
40359.464777
40446.428511
40685.902625
40310.385076
40500.011374
39902.312475
39949.418347
39383.254541
39424.448791
39303.773283
39420.412196
39259.705684
39634.457076
39902.336941
40053.932409
40411.669333
40858.111444
41319.275490
41438.628661
41820.465221
42069.791813
41655.624679
41539.349588
41418.608552
40974.416843
40702.829390
41243.880675
41397.324779
41425.317483
41239.471166
41053.683212
40706.910575
40774.017396
40738.640396
41484.042654
41988.204624
41814.604634
41400.233279
41230.512647
40537.884106
39994.464643
40210.665702
40436.590504
41003.594885
41350.978491
42147.392349
42837.262700
43583.276273
43365.904967
43272.522689
42432.209479
41767.221779
40766.142116
40678.097625
40783.080259
41411.221147
41297.538245
40997.548709
40151.728834
39456.769883
38684.332615
38856.216129
39429.369140
40394.293793
40540.451521
40404.823629
40138.327055
39704.631283
38805.227411
38375.777763
38207.816744
37873.092163
37700.208925
38231.683763
38519.982886
38736.286758
38672.244864
38722.140809
38396.278919
38631.241305
38610.226894
38931.624430
38586.472543
38411.729426
37958.670691
38035.848606
37788.420876
37965.322555
37989.677745
37989.677745
37814.289476
38106.389798
38132.804940
38568.364595
38775.229572
38684.607814
38399.244572
38559.111941
38586.553105
38782.972501
39527.755077
39922.418858
40404.517927
40617.531495
40565.891350
40395.701313
40604.766081
40507.773328
40414.905271
40485.690384
40399.849207
40025.635748
39846.565980
40008.701195
40463.368523
40679.113888
40554.257778
40718.078193
40192.018443
39818.660341
39393.109091
39332.211733
39274.395409
39757.121713
40396.171511
40855.266281
41651.049710
41685.562481
41653.523402
41072.745302
40576.602356
39884.628619
39850.334060
39848.523573
40083.487902
40534.650480
41350.727715
42129.478880
42686.046650
43053.193783
43204.372489
43349.678842
42573.421932
41819.028343
41887.258957
42150.320084
42237.777060
42584.558109
43259.868086
43085.480737
43001.288209
42616.219031
42747.455958
42512.222193
42225.422427
42104.621732
42110.841340
41435.772580
41353.893577
41284.665068
40671.864868
40496.777381
40908.296675
40907.088484
41372.606917
41514.566091
41392.551317
41808.435762
42244.758552
41680.979300
42105.478742
41853.917209
41099.549979
40281.610575
40292.116614
40189.056442
40364.772814
40634.345679
40908.110411
41007.960009
40474.430506
40436.518306
40365.153216
39907.636401
39853.824822
40190.786273
40237.478189
40054.035294
40109.647888
40180.943304
40621.091131
40844.839592
41033.309920
41895.816857
41986.640674
41975.993109
41827.866379
41723.386403
41298.934326
41498.002496
41473.750097
42034.669119
42552.902749
42787.669205
42672.801584
42905.635356
42652.029673
42261.170458
42110.814794
42061.124833
41666.719173
41566.437903
41840.649117
41848.898478
41998.361426
41959.547562
42584.189848
42872.522333
43174.334580
43090.766916
43095.125818
42432.580133
42207.859695
41934.260760
41821.527020
41738.108559
41591.861309
40879.879500
40858.305545
40727.175891
40552.313821
40473.993345
40737.513430
40267.121903
40344.575399
39971.475340
40115.219293
40186.391553
40475.293107
40496.966279
41036.284070
40765.839112
40640.068977
40580.014271
40703.096447
40819.526327
40749.261404
40889.898252
41316.524338
41696.641508
41673.264027
42180.471758
42141.569608
41740.534496
41222.656914
41061.397468
41109.293867
41625.525554
41819.870172
42205.859803
42283.829177
41959.573618
41420.063463
40997.646661
40750.770476
41107.535012
41393.092067
41628.287583
41856.766145
41723.151950
41421.015577
41067.999804
40912.299661
41113.354183
40940.888205
40711.696047
41227.660975
40867.730682
40509.337893
40690.972873
40690.972873
39999.316486
40156.594142
39895.500403
39582.693428
39502.993328
39323.643771
39493.744809
39832.363841
39782.749315
39605.613912
39819.136673
39646.738797
39489.135026
39242.816837
38965.159057
38639.578548
38170.473723
37804.647171
37979.487294
38164.730206
37916.766929
38184.273342
38209.940402
38369.888285
38424.313642
38976.727982
39016.883661
38986.840355
38378.720901
38223.426258
38115.735796
37684.533575
37934.290550
38087.108392
38048.806906
38178.039056
38641.233798
38663.319550
38866.332481
38706.480347
38477.092425
38309.144063
38257.700917
38341.761028
39187.388370
39356.519153
39887.649531
39902.317818
39714.314738
39054.830360
38764.265224
37942.929862
37554.163788
37545.748087
37564.771144
37643.142425
38032.520127
38282.451728
38038.384861
37704.065978
37466.930317
37076.715786
36847.534648
36916.835950
37037.587396
37139.129433
37111.077356
37281.225224
37764.580445
37896.435260
37553.964936
37478.559652
37677.009902
37611.836152
37286.504371
37444.879807
38018.888838
37731.772927
37537.758237
38064.144887
38170.016690
37673.390231
37227.369565
36987.749292
36903.505011
36797.758300
36905.797361
37434.759821
37597.980414
37686.126447
38166.991304
38691.844596
38743.268150
38582.926121
38009.381522
37508.254916
37121.424892
37414.975324
37892.116474
38342.245301
38727.573402
38436.561197
38087.059528
37709.692490
37622.969084
37739.891182
37610.552646
37396.610022
37373.129583
37331.985076
37103.146878
37192.172878
36988.954335
37084.268422
36984.707932
36752.143555
36743.632952
36753.885063
36730.184595
36551.520924
36354.474356
36199.459024
36322.410891
36184.456983
36423.826854
36921.009290
37220.811264
37492.261990
37516.856730
37598.027178
37471.706797
37471.706797
37370.212297
37402.665980
37307.131476
37127.661386
37220.572853
37218.022533
37084.376442
37035.214682
37373.196739
37593.279483
38009.624928
38436.702696
38586.310955
38426.799370
38098.880899
37700.096025
37620.355095
37359.265789
37115.953375
37115.953375
36898.008809
36408.356245
36710.383033
37074.533417
36886.870067
36743.941725
36876.285143
36431.342338
36076.360848
36487.230415
36836.859413
36877.549786
37022.958973
37111.068263
36623.927155
36409.870203
36720.786475
36660.048467
36307.132230
36397.824349
36279.343501
35513.455045
35319.122453
35090.614549
34963.057232
35062.570297
35381.821497
35511.382800
36069.849926
36268.502053
36436.164793
36596.200941
36514.575903
36664.488836
36884.903783
37138.997164
37539.860659
38329.881509
38393.428492
38576.892917
38404.021148
38533.309118
38837.849807
39578.157828
39697.283143
40276.836795
40133.112411
39705.074064
39540.740961
39628.591221
39628.591221
40090.311920
40863.060788
41120.867316
41431.197344
41537.501903
41785.535369
41630.206177
42029.977745
42496.332942
42782.356830
42815.220454
42940.484502
42299.505729
41772.291393
41908.752804
41645.693636
41559.272291
42280.934071
42710.332803
42470.526881
43066.043972
43214.589651
42885.137249
42742.651518
42847.900631
42697.385624
42725.155706
42295.338998
41838.390603
41107.427189
39757.872470
38306.677383
37481.887476
36499.785696
36435.923903
36526.134871
37046.437342
37537.416820
38328.906664
38578.399133
38641.141416
38216.576178
37797.064584
36967.145541
36559.285176
35178.598407
34119.102646
33021.137207
32721.573012
31685.637673
32577.173635
33014.851489
33190.576399
33084.415337
33643.479962
34193.630506
35459.572948
36227.918439
37058.423905
37638.661354
37845.729840
38356.487073
39878.199747
41677.379272
43379.759610
45219.610663
46986.837341
47864.455215
47307.888198
45277.506851
41556.932069
35999.685151
30511.648335
25489.736281
21388.551219
18745.798606
17749.397748
17345.217617
17116.378109
17880.468181
18566.014881
19489.040125
20276.403757
21633.371091
22579.912311
23902.721809
23767.165453
23261.150968
22673.770629
22499.644229
22717.525169
23977.400440
26059.119620
27539.485488
28007.202987
28486.374150
28934.800355
28873.650557
29117.286348
29950.287068
30314.330879
31335.268808
32077.393552
32985.811303
34055.722147
34618.759072
34290.694040
34803.209279
35495.046543
35905.325081
36761.204685
37838.089582
38639.994499
38944.253057
39207.116960
39319.312760
39140.439402
39064.778819
39284.488750
39350.190738
39697.728797
40121.073561
39949.568358
39872.207829
40019.274267
39861.557946
39613.417692
39207.055437
38710.927964
38702.517406
38404.332644
37949.465817
37949.465817
37533.391248
36799.616802
35947.130727
35826.600840
35244.918196
35111.091642
34887.209985
34513.350298
34106.158257
34005.978319
33898.534658
33374.332639
33740.934197
33710.858071
33573.868354
32941.672270
32631.020575
32235.837908
31850.020120
31607.113594
32137.068167
32853.513594
33036.635469
33479.092270
33819.626332
33959.724880
33976.758374
34005.449190
33569.380323
33594.669006
33400.526253
33128.506402
33575.100654
34165.964312
34162.119131
34097.764849
33937.740579
33540.833653
33370.240646
33439.786885
33610.263551
33435.931931
33357.836281
31256.694213
29966.639576
27407.948079
25644.957303
23030.881328
22877.783569
21491.632497
21556.434172
21582.562496
21599.923557
21341.170130
21366.174726
21659.731639
21051.390071
21230.861884
20889.597421
20826.125742
20321.352945
19890.499783
19421.752573
18824.238792
18227.842880
17750.213107
17640.797824
17176.958028
17306.846192
17246.972012
17106.523499
17094.199877
17476.055067
17302.939917
17003.232400
16875.554690
16910.391976
16685.719657
16987.486134
17412.587801
17603.257519
17387.029696
17647.950019
17486.347563
17632.047825
17630.170496
17888.900584
17703.500903
17727.239697
17363.016405
17367.100651
17208.532670
16914.285081
16726.756951
16959.691036
17397.797643
17529.201423
18005.961567
18256.160579
18093.277464
17409.250560
17319.021159
17087.964425
16987.105585
16793.786688
17137.081913
16934.701219
16671.533228
16612.825811
16862.532533
16571.734955
16733.481075
17175.733128
17218.150312
17076.335333
17400.191127
17307.441273
17145.678305
17257.305060
17609.158627
17471.443455
17973.401675
17911.148632
17896.081400
17476.886560
17181.509644
16691.820667
16709.262161
16907.805751
16930.546434
16987.224624
17217.995262
17351.491356
17336.463943
17679.333549
18049.899323
18132.481185
18145.086560
17761.337882
17458.708098
17283.288617
17426.074726
17754.148515
18155.494218
18786.157776
18876.732334
18889.737206
18436.825108
18336.062754
18009.904960
17617.069232
17603.794981
17543.543369
17104.111492
17397.859935
18387.999921
19226.943256
20633.265094
21133.835472
21011.126983
20547.963768
19798.734367
18304.114599
17844.529211
17425.967686
18059.991797
18454.282367
19524.306608
20059.644266
20844.969602
21067.247150
21532.507647
21837.162425
22483.846657
22365.654947
22076.586124
21735.739737
21378.043591
21293.185831
21160.216655
21002.736004
21024.310742
19891.582548
18271.665472
16975.134040
14871.782255
13033.066884
11748.051181
11310.376908
11208.050409
11497.915597
11359.489238
11700.569771
11803.453140
11941.040515
12336.008914
12510.973423
12481.206810
12685.257535
12558.091975
12221.812604
12150.431326
12079.311168
11590.414248
11268.725646
11253.183541
11026.761895
10988.103879
11238.314350
11231.702310
11207.952864
11240.605501
11483.861871
11499.175340
11642.993812
11664.993966
11644.980305
11524.274845
11442.217377
11258.522085
11208.216453
11191.456456
11053.473449
11182.773203
11400.999407
11314.310221
11489.357335
11899.324315
11759.416034
12057.249527
12861.500842
13524.730978
14564.263083
15776.058272
16603.469974
16920.698733
17891.297150
18251.737698
19022.197462
20162.259675
21067.868310
21793.282513
23342.015061
24524.181830
25086.676604
26167.849565
26961.611703
26793.900813
26935.403176
27742.233563
28555.011133
29172.187926
29985.804755
30328.381631
30618.294519
30614.020881
30896.384545
31233.022025
31929.106049
31709.284043
31952.095022
31981.749110
31953.095401
31659.890085
32161.570018
32582.022012
32772.127380
32768.014084
33026.772507
33084.145660
33060.120727
33480.709696
33610.105578
33819.595698
34075.036072
33943.478237
33430.382247
33367.284543
33005.014894
32857.540023
33047.139469
32977.677180
33158.902331
33448.282538
33348.951379
32858.936241
32552.823471
32391.236059
32408.656757
32376.400912
32679.232440
32884.174148
32746.162315
32570.797006
32422.655562
32498.078085
32500.575320
31779.799695
31193.561213
30187.928552
28600.311554
27353.467883
26884.679005
26168.536136
26264.054108
25866.897798
25306.207747
24499.019886
24002.782699
22845.496194
22616.902780
22146.624503
22685.934922
22168.244710
21679.650501
21133.810149
20603.026049
19664.338061
18836.212136
18700.809640
18284.479902
18843.231773
18634.591836
18869.063153
18992.525507
18918.497426
17716.293145
17574.758985
17298.657919
16987.339757
16944.820000
17673.761176
17330.875960
17401.052900
17189.953435
16676.486526
16273.133742
16156.901586
15843.252421
16089.537670
16490.605162
16315.597348
16442.809948
16755.404404
16313.349198
16283.498304
16410.726071
16490.607470
16154.153374
16057.069470
16013.303309
16205.629224
16263.551231
16647.791116
16770.913704
17044.546414
16949.696046
17298.733179
17348.570845
17480.267330
17363.009653
17315.946455
16655.323270
16380.035313
16193.371651
16089.649495
15919.181078
16109.092124
16585.750139
16969.003991
17266.508925
17629.432972
17967.843704
17790.911676
18017.165198
17959.051923
18049.844955
18255.095167
18541.526828
18277.037398
18218.861262
18264.606261
17761.361181
17282.924970
17498.076087
17634.340515
17936.303784
17746.728873
17731.307597
17439.783216
17458.708859
17007.903725
17096.168343
17387.175736
17161.625360
16913.430946
17340.349334
17749.890845
17629.579330
17985.151327
18813.574287
18603.652240
18603.652240
18521.796674
18701.226564
17739.636730
17506.555540
17586.799954
18140.898822
18267.147997
19376.251436
19400.791113
19146.147543
18461.977072
18322.281792
17590.920167
17332.091257
17254.699265
17539.168427
17907.413530
17883.443943
18709.357051
18797.967382
18610.970106
17480.756096
16579.264494
15062.628583
13809.161484
12648.375861
12043.275330
11670.955936
11321.273087
11327.425462
11530.136724
11403.298408
11472.200143
11586.544337
11568.927363
11498.343804
11781.975100
11932.211532
12210.527946
12227.810723
12213.162092
12062.819247
11803.593242
11622.957557
11582.179335
11523.918885
11368.808850
11367.157330
11288.860151
11287.192024
11310.724341
11276.598966
11343.819170
11397.729438
11348.137705
11296.373352
11260.019359
11204.820371
11428.859936
11761.072812
11801.771441
11988.062124
12150.284110
12037.612606
11841.976164
11766.637557
11700.949821
11683.486633
11676.851613
11826.433592
11979.349016
12719.544314
13975.265641
14844.628274
16317.812578
17433.634355
17997.837648
17648.232059
17927.384177
18145.049884
19327.093078
20477.651705
21353.901972
22197.383882
22747.143175
22831.492107
22855.122211
23772.020699
24636.411758
25322.710980
25792.881755
27163.997754
28046.320777
28736.763260
29556.721492
30999.737828
31367.881858
31908.955657
32340.579792
32470.522794
32232.686725
32208.917553
32323.515356
32181.157509
32166.477889
31920.508800
31882.406958
31785.301073
31843.269794
31664.844262
31627.662356
31591.586583
31221.258214
31091.620333
31353.998778
31652.091477
31489.718554
31541.003662
31206.344236
30960.839313
30518.772255
30266.479121
29874.001552
29159.550724
28007.825857
27209.685041
25980.764783
25094.425909
23877.143246
23448.164237
21972.481568
21672.096456
20796.121437
20032.725866
19375.324198
19022.664762
18290.639060
17842.763820
18017.147348
17868.138934
17939.177515
17422.852717
16929.278416
16782.465618
15914.965624
15130.200416
15197.773347
15428.895810
15083.736575
15130.329074
15394.092104
15053.697838
14960.346346
15428.943932
15345.029136
15719.981231
16128.520120
15582.904700
15450.950486
15636.442272
15172.665923
14866.134276
15318.900737
15150.304734
15204.828306
15366.345323
15522.766692
15568.214727
15982.119734
15879.050566
15622.349019
15575.374856
15390.294061
14306.981219
14095.678968
14123.794314
13880.622675
13399.878698
13955.889522
14115.149022
14290.315593
14044.683074
14344.966083
14266.785510
14280.363896
14198.249273
14380.048685
14321.574346
14276.657267
14157.235515
14569.740208
14969.438725
14846.972351
14529.909654
14479.993042
13862.908104
13618.376611
14307.393497
14968.315318
15130.183509
15291.535160
15056.406222
14633.616397
13997.798832
13751.435637
13512.608459
13658.100975
13448.565342
13899.876344
14306.012669
14769.220113
14661.000205
14715.313022
14471.854859
14011.863156
13628.063294
13695.911009
13989.581744
14211.043082
14547.873338
14916.770391
14965.800865
14935.388599
15153.212303
15149.025414
14843.179742
14866.234848
14613.715673
14156.393383
13558.295624
13656.088704
13738.100749
14135.354772
14353.279287
14738.987537
14754.118942
14759.057428
14558.146798
14534.839882
14782.469597
14827.397893
14567.037249
14535.167735
14490.013274
14647.342543
14580.477307
14849.048538
14717.260280
14609.917589
14387.917491
14458.434895
14706.554216
15407.365349
16029.005258
16457.937275
16840.173865
16562.791755
16236.474975
15960.736275
15578.884050
15807.573254
15968.219179
15763.432525
15919.136966
16214.408151
15774.440148
15712.859182
15911.941560
15790.162947
15620.438991
15948.002416
16089.618770
16003.950542
16262.842310
16482.165398
16217.361138
16102.817848
16368.180045
16512.300542
16935.058845
17692.664330
17931.825574
18151.536429
18265.932915
18158.336495
17864.646783
18584.228882
18995.500716
19212.265608
19267.657122
19511.641516
18612.349586
18058.655853
18060.255080
18144.991859
18256.336858
18729.146682
19108.599527
18579.665897
18199.991770
17816.003359
17777.711059
18125.239176
18724.634274
19499.094000
19835.974084
20328.898321
20352.217196
20492.443211
20123.865417
20333.210645
20024.291117
19782.254103
19392.240760
19193.431695
18700.327574
18928.656405
19532.341376
20157.847743
21074.868586
22011.338938
22449.045393
21749.979594
21670.625265
21193.745008
20591.713796
19582.314609
18828.877290
17902.109751
17597.270354
17362.710540
16822.695704
16671.882695
15643.056421
14178.220319
12577.274832
11945.024068
11343.622009
11440.622249
11513.518345
11886.552884
11996.450442
11874.104450
11752.913133
11731.286625
11537.372527
11708.626470
11650.371095
11801.434563
11708.625310
11706.405576
11482.304935
11671.873255
11517.013353
11499.360155
11524.881372
11590.915377
11578.405463
11631.909621
11627.264242
11375.432524
11212.687082
11048.708101
10748.408584
10921.052299
10821.775406
10707.351575
10554.408294
10614.809869
10288.753447
10254.324233
10231.879150
10173.418382
10168.718046
10037.123445
10252.904825
10100.513398
10307.607298
10385.020429
10506.175408
10363.775005
10638.396911
10705.372994
10459.153358
10547.446256
10913.531585
10892.419590
11102.113275
11694.933538
11964.425283
12191.705600
12430.116000
12481.696162
12680.374948
13174.732989
13625.293026
14179.130616
14980.227616
15208.735639
15411.581851
15512.727100
15466.731167
15595.974490
16609.814716
17595.569300
17973.252483
19052.178369
19516.073392
19671.304825
19880.590533
20611.746622
20933.156527
21621.722108
22044.447691
22422.034470
23084.312902
23782.394301
24313.097581
25061.659826
25562.122748
26218.266598
26795.393384
27418.563086
27856.890506
28288.237696
28439.737977
28633.733933
28385.931232
28165.658662
28411.825056
28305.620160
28403.872024
28912.139150
29322.451327
29559.486210
29881.292329
30246.879034
30154.847145
30229.860213
30235.981047
30825.131217
30867.568301
31193.685319
31424.944662
31776.243728
31831.923070
32631.259846
33378.680008
34124.465625
34361.572091
34307.832423
33912.641093
33366.575351
32999.334428
33379.264509
33910.304268
34212.218172
34922.120731
35381.821327
35200.177577
34776.017079
34268.264716
33504.051050
32602.450365
32179.975408
30999.747563
29872.047480
29339.158162
28616.235040
27263.946525
26930.252895
25848.540524
24636.290022
23110.808536
22424.681891
21483.955345
21422.857219
21014.905223
21977.267642
22324.584813
22462.648140
22549.948042
22538.606489
22038.756595
21762.002059
22001.452913
22444.013885
23373.413501
23709.943187
24113.346167
24415.415772
24857.563745
24477.879089
24838.131849
25384.079412
25438.100394
25131.447049
25193.216135
24772.767454
23362.132238
22579.477683
22168.338306
21818.892019
21875.212357
22787.712506
23434.921772
24325.625155
24610.050369
24910.327790
24351.514042
24099.120848
22956.610588
22784.040956
22818.595860
23062.328909
23815.067366
24850.063747
25401.860789
25902.107468
26495.709825
27296.102021
27632.869246
27703.952638
26883.982671
26644.169722
25039.193892
24001.098523
22796.517530
22550.473773
22622.201960
22337.327969
21604.959120
21698.120037
21290.498636
20994.920318
21491.432140
21816.747467
21577.814093
21672.140355
20639.035180
19193.413285
18053.586034
16676.803820
15441.368293
14093.476670
13080.297125
12422.064613
12325.393420
11901.585742
12135.107650
12342.559427
12481.627687
12514.093738
12380.437129
12099.868922
11931.758541
11761.833762
11632.515316
11617.757937
11695.059292
11844.721565
11897.903147
11938.337311
11938.337311
11916.488998
11955.410538
11949.186457
12335.782574
12501.614024
12742.858134
12877.118940
13206.788829
13351.589281
13582.039817
13862.891828
13946.677111
13891.443461
14094.402469
14238.751121
14238.751121
14901.755345
16111.639581
16476.101294
17302.768421
18691.687223
19271.979412
18928.869415
19179.521564
19535.372119
19540.131441
19793.866779
20644.818665
21919.339047
22868.852301
23505.314137
24249.510032
25464.212883
26229.824983
26718.996529
27595.181897
28995.057333
29455.099617
29825.517177
30377.506886
30494.183129
30519.449115
31229.351795
31449.275153
31837.384890
32408.691478
32602.824192
32443.967348
32757.646601
32763.484025
32679.461424
32701.116482
32976.039523
33405.234030
33563.163331
33554.459459
33209.199449
33234.573741
33307.639916
33296.792833
33316.561814
33987.762013
33736.096870
33142.520346
33213.709180
33497.994192
33582.522423
33557.382080
33841.872247
33949.750094
34391.984198
34165.817654
34218.432079
33820.909448
33590.632263
32790.287662
32362.894558
31789.690952
31230.576525
29764.327295
28239.224206
26566.980067
24834.304826
24053.379271
22974.890662
22153.494326
21850.840428
21683.356072
20489.063303
20410.963005
20460.025882
20125.923682
20058.929845
20304.012070
20789.889836
20453.238348
20660.738242
20311.233929
20087.082493
19711.183558
19627.387405
19064.678761
18865.480892
18516.037898
18410.383332
18431.513208
18648.196408
18944.013210
19088.009565
19448.166875
19618.590767
19476.651332
19279.297773
19278.188420
18336.585746
17967.922488
17625.318656
17345.655090
17308.897278
17453.849398
17630.564542
17522.881767
17031.850188
16673.987374
16278.656170
16557.429189
16738.227170
17426.072522
17630.890687
18261.128582
17715.829664
17558.087964
17090.180149
16574.611077
16397.901800
16415.423755
16097.927659
16068.310516
16380.709825
15731.669873
15394.776978
15736.040128
15867.579098
15750.517079
16030.958088
16139.332852
16258.211511
16234.442409
16180.469492
16399.893619
16691.819104
16503.932942
16626.454200
16816.240236
16546.688708
16149.596700
16128.537670
15899.945461
15783.820264
16109.047384
16193.367838
16221.759947
16358.787675
16572.233944
17012.540621
17126.776929
17254.589108
17332.166893
17703.500777
17608.950307
17781.143237
17863.383159
17888.788665
17595.426970
17090.193780
17144.686801
17178.477389
17480.888587
17749.228029
18026.708490
17856.950507
17662.371843
17664.768197
17227.037576
17209.504561
17475.153676
17858.538749
17774.582482
17590.912455
17422.702820
17386.489319
17543.440987
17574.805060
17894.904496
18049.846195
17775.509208
17758.650849
17944.626597
18634.812141
19717.882473
20768.454559
20906.521464
21378.263764
21328.301900
20796.100975
20459.359309
20573.687744
20440.394720
20507.343828
20170.812085
19935.593982
19782.079453
18804.391316
18341.145288
18475.038247
18574.132174
18565.847573
19993.637368
20820.277469
22017.669734
23106.536373
23434.842089
22704.123281
22339.944103
21527.065723
19824.241488
19746.925816
20775.238598
21506.484814
20837.890791
21857.780664
22647.711003
22438.203263
22986.141711
24936.286991
26192.018191
26586.575166
27382.097563
27746.662769
27877.892139
28510.664368
28212.458725
27512.179333
26724.947321
25296.564743
23551.629522
22764.238194
21782.862194
20498.971335
19662.297393
18102.276688
16577.246763
15521.598701
14088.931417
13433.102445
12964.882406
12608.835827
12181.980099
12581.146966
12086.407599
12268.145979
12338.872555
12466.054126
12315.621499
12435.356618
12144.853536
12077.717968
12029.118775
11821.629376
11725.050354
11827.792927
11856.574065
11931.240276
11925.799881
11962.904078
11955.948334
11932.306822
11826.846357
11833.460748
11885.654354
11876.263319
11529.674736
11292.249520
11176.055628
11076.581978
11057.476824
11508.330622
11863.532379
11981.999128
12113.211236
12329.135673
12236.707162
12302.320704
12840.963286
12891.220208
12778.995864
12971.061414
13133.697699
12786.372578
12922.191881
13258.932391
13407.956220
13721.625836
14262.572597
14585.758644
14817.155940
14982.955157
15156.786900
15788.506070
16621.351075
17044.454457
17809.880837
18349.791151
18708.057691
19184.406382
19758.474376
20338.509764
20990.066873
21231.302767
21717.132037
22923.061530
23768.334336
24088.116173
24983.371448
26118.143437
26513.273461
27188.453625
29134.512452
31099.101112
32253.482395
32728.514211
33063.224503
33353.157674
33400.507717
33529.646606
34631.805037
35723.863697
36275.367206
36648.977301
37263.828774
37693.141027
38346.538718
39182.623895
39529.537870
39341.662317
39350.430731
38567.956544
37856.963301
37278.819040
37196.704040
37343.385698
37742.274564
37785.057259
37916.607773
38010.603436
38034.670644
38455.656683
38743.491886
39187.549379
39181.541775
38971.967258
38382.946077
37805.046263
37216.586957
37076.591472
36761.082227
36897.714471
36727.794318
36613.587828
36406.988661
37142.114025
37131.439141
37334.404651
37785.249803
38286.178570
37603.631912
37472.187645
37508.311985
37081.695387
37076.907872
37260.745286
37907.562166
38311.512028
38350.230837
38307.170434
38249.614761
37714.709447
37517.279111
37396.586706
37092.224830
37234.870226
37059.955201
36751.344473
36813.831240
36668.931951
36492.784695
36274.890981
36329.085089
36461.000871
36428.828093
35900.223855
35869.569409
35641.178369
35333.567357
35294.342492
35628.283782
36335.604635
36727.413534
37040.068470
37350.833900
37518.706817
36856.860014
36721.076133
37310.433449
37769.987462
37962.693968
38881.147824
39140.804691
38838.595436
38461.602305
38828.835998
38763.688621
39326.433321
39229.279911
39391.339671
39155.940764
38881.784513
38169.588722
38045.621889
38000.609555
37972.497272
38004.884714
38218.855463
38411.244631
38720.047152
38771.424908
39001.923472
39132.962854
39079.200842
38880.887867
38736.314753
38707.957435
39268.468769
39514.715636
39469.415948
39851.146045
39723.753589
38977.066578
38439.543155
37886.094992
37245.265284
36690.722822
36493.283867
36545.339026
37018.019637
37222.826898
37272.731582
37109.574941
37260.818439
37017.920017
36847.375543
37291.980883
37667.374049
37726.685082
38160.505031
38939.489652
38909.657067
39015.420280
39457.072023
39536.652662
39106.017175
38829.299620
38924.461110
38911.888978
38611.960276
38683.051968
39198.114419
39110.061592
38803.522269
38654.703622
38158.451141
38257.701250
38071.180207
38146.717059
38265.699217
38514.072208
38492.181032
38610.803285
38328.574066
38223.950774
38354.373302
38000.492873
38308.902508
38408.336995
38388.774280
38125.552976
37819.396939
37066.226927
36719.217539
36354.301978
36134.182089
35679.452738
35657.692037
35567.321042
35613.009735
35420.252729
36147.279118
36464.570489
36859.665026
37668.163980
38075.895433
37944.804945
37667.636384
37613.692817
36970.491209
37057.835563
36984.018408
37172.145090
37391.983191
37569.200515
37563.282341
37726.616469
38149.664033
37813.789958
37640.604436
37036.904525
36572.754419
35885.057703
35840.220901
35861.807023
36070.107705
36055.366757
35725.192500
35664.653129
35503.180161
35917.743418
36187.474303
36783.807787
36678.747745
36760.386791
36544.440555
36240.143762
36093.789836
36191.951644
35990.803545
35692.939448
35578.607604
35284.262319
34920.139719
35148.605969
35372.954703
35852.222702
36144.178845
36750.526723
37095.485389
36903.213525
36562.705341
36486.373828
36043.978193
35509.136990
35515.378120
35824.003084
35751.958711
36233.477754
36313.262291
36297.791633
35937.313252
35956.806720
35679.819747
35844.770913
36098.716855
36076.925391
36208.371611
35906.433738
36098.700811
36370.313746
36866.264862
36826.286096
37585.956489
38030.431225
38144.525061
38368.959694
38523.810468
38154.375806
37194.292311
36836.594588
36767.105373
36720.626159
36853.895994
37229.933228
36960.475529
36131.668920
35852.390244
35388.361571
35024.228223
34881.653390
34888.200005
34631.824030
34526.642478
34776.342796
34748.376849
34830.584657
34686.296415
34743.191438
34507.371537
34691.026554
35012.182814
35351.098266
35409.502908
35400.619298
35559.985444
35296.998616
35549.168679
35721.358849
36090.109739
36377.198693
36679.444921
36579.510033
36743.571830
37247.545783
37545.666052
37871.143358
38533.249712
38649.677783
38336.706484
38324.178328
38174.976362
37965.166941
38436.016007
38420.219439
38041.266339
37893.861266
37517.367224
36906.917104
37213.158562
37478.615269
38085.614787
38452.899750
38298.114794
37722.018412
37078.548757
36613.372347
36138.952132
36225.522467
35778.580046
35869.375094
35929.189148
36058.461094
36121.451229
36797.123625
37430.801293
37444.468369
37263.856498
37485.872854
37201.337360
36523.877282
36219.704026
36458.988732
36057.925817
35928.518739
36457.074013
36852.315523
36887.095890
37325.728389
38243.943019
38305.155404
38395.694600
38881.788854
39261.453220
39091.923688
39041.409269
38793.644035
38630.803751
38341.709664
37991.710249
37972.500293
38617.208377
38708.383914
38894.743544
39683.830500
40499.339161
40464.714418
40534.816851
40754.780194
40582.075796
40674.465650
41068.969311
41679.195305
41901.128107
41974.890278
41680.984038
41691.794410
41704.577141
41644.164879
42008.530521
41976.315592
41980.773218
41398.540936
41198.386491
40620.605480
40234.288566
39622.576519
39894.373797
40465.638797
40582.479960
41091.489427
41447.657061
41566.106597
41436.226097
41378.467738
41121.064003
40914.426456
40711.595174
40911.987720
41211.656081
41369.293561
42016.625383
42319.128580
42021.271401
42366.564220
42535.064949
42506.339648
42521.086785
42478.833139
41964.975762
41760.009542
41777.189127
41855.222905
41648.061489
41579.649181
41911.943330
41646.605118
41378.141113
41631.307846
42367.529387
42618.057691
43085.765957
43534.469389
43983.438292
43978.801675
44334.794509
44041.626247
44209.188931
44232.599484
44148.353892
43512.359600
43287.254271
42805.571507
42563.835411
42576.540946
42826.585291
42979.545323
43185.256497
42831.414707
42391.545426
41848.141068
41810.810654
41942.113361
42128.519015
42554.493254
42888.659032
43012.396443
42479.061489
42388.188676
42587.242563
42763.326868
42737.927537
42976.993975
42924.771538
42536.007389
42118.033737
41820.821360
41514.108897
41268.179050
40558.481961
40299.667315
40176.228652
39839.824878
39391.470556
39409.148977
39439.803101
39319.103230
39374.507877
39576.596635
40045.248693
40476.351777
40545.012459
40663.225596
41084.476157
41015.874504
40702.972263
40754.744753
40879.325612
40639.675528
40792.672234
40727.890961
40382.644824
40535.181739
41068.151436
41206.542032
41529.983678
42479.078866
42864.333661
42728.062535
42432.610467
42221.937929
41619.292306
41498.844514
41360.814714
41353.977642
41487.362797
41239.654385
40697.869709
40392.216662
40394.432486
40594.986389
40982.940101
41285.199557
41164.803134
40595.029949
40549.891250
40530.273332
40632.219036
41484.296309
42459.329062
42618.707456
42953.365294
43171.294553
42951.404344
42599.277226
42716.163695
42502.425519
42414.107485
42049.015477
41835.998707
41497.522950
41680.499172
41468.655632
41539.585494
41630.399923
41315.599190
40691.487424
40461.898511
40429.400314
40327.738462
40103.050740
40172.235354
40174.629822
40040.939078
39896.094678
39887.741324
39994.714901
40111.064781
40010.159322
39812.183613
39986.406436
39805.233052
39841.125326
40244.809427
40449.612217
40376.961640
40674.070112
40758.531908
40746.387615
41103.283341
41438.526955
41655.778471
41681.169405
41685.595012
41554.305632
41206.994367
41064.010148
40808.928923
40621.018486
40566.859157
41203.503838
41367.228910
41367.228910
41311.056514
41198.640187
40820.823561
40554.065047
40496.925614
40559.389543
40617.513322
40436.543524
40086.390332
40268.980515
40594.980824
40885.948400
41017.252060
41932.542565
42410.298542
42373.928878
42604.205447
43025.756324
42921.566843
42663.687259
42874.475074
42402.034690
42245.097653
42092.415077
41677.143984
41478.222213
41418.539311
41042.561339
40382.505052
40275.086671
39515.324477
39280.051772
39267.870312
39517.193364
39498.584879
39835.426216
39973.189771
39766.755242
39621.812274
40106.426614
40401.497854
40658.223673
40867.637383
40800.440883
40629.193318
40644.615563
41379.559982
41641.184586
42247.136082
42799.515994
42624.919306
41878.695587
41861.295842
42044.504385
42019.500992
41908.879456
41995.487487
42316.368202
41934.579917
41387.234822
41663.071483
41626.502186
41309.735866
41546.934453
41688.794327
41676.465130
42008.347310
42339.484067
42672.781002
42983.567562
43852.940896
44269.316206
44511.071169
44450.113968
44742.032529
43946.970139
43133.825180
42815.519332
42648.191442
42635.200034
43032.409980
43304.059829
43439.379597
43823.814708
43825.753008
44136.518859
44580.896436
44736.724220
44395.156418
44238.817902
43529.074651
43567.912588
43043.840539
43032.847274
43037.741979
43854.629622
44216.933810
44791.016695
45453.624255
45688.040837
45597.610383
45396.873410
45418.339087
44991.310932
45154.162315
45169.332489
45070.092076
44615.327663
44751.218029
44412.384705
44246.213635
44170.365684
44517.642266
44144.187609
43952.210566
43341.784146
42722.705768
42472.435344
42528.227678
42469.690163
42710.446167
43311.162826
43748.491795
43780.431029
44216.912470
44467.288844
44167.386216
44005.251582
44273.159278
44467.450565
44484.444562
44667.672246
44606.043620
44342.327933
43809.380540
43617.255283
43101.703683
42957.156957
43341.389506
43715.225213
44069.177418
44647.462013
44809.204941
44364.837688
44409.320899
44174.026473
44247.098553
44622.459740
44615.951541
44688.302655
44571.813408
44849.807310
44299.999435
44334.754588
44059.867780
44499.254312
44051.479618
44107.170628
44316.092267
44032.387349
43374.383273
43514.848386
43458.775383
43038.040043
42962.227301
43090.076387
42618.728107
42630.058036
42351.407697
42203.658636
42464.490979
42940.997158
43210.838877
43663.966280
43837.480791
43850.616477
43928.010135
44083.078189
43997.084854
44108.882812
43815.546719
43158.114434
42260.865872
41811.130168
41591.754177
42085.827184
42534.953483
42916.169874
43351.471971
43348.226684
42361.847524
42295.148764
42420.336743
42540.581266
42284.842129
42649.181406
42123.326726
41745.562012
41372.619710
41825.250005
42088.593773
42459.342548
42942.597554
43414.638944
43334.616702
43492.434445
43246.015786
43449.685266
43450.860903
43404.678390
43009.722724
43348.435182
43111.740671
42589.316400
42500.825540
42768.068485
42554.261968
42114.473316
42239.463225
42420.671004
42222.528679
42710.378102
43603.420695
44395.100805
45169.336559
45861.577611
46233.122853
46340.906685
46000.062127
45600.279715
44937.529637
44321.280205
44245.878543
44681.164009
44930.858188
45541.506519
46176.006352
46272.662565
45861.038331
45380.392269
45102.071446
44877.718283
44273.442271
44075.152714
43982.871272
43766.361827
43466.723488
43858.949857
44249.353009
44763.407596
45074.398379
45430.344917
45634.859336
45641.752024
45180.653540
44667.480320
44032.473221
43381.240847
42943.341732
43315.862267
43608.879765
44012.336429
43958.327281
44081.920985
43837.967742
44183.499368
43896.587918
43989.348093
43997.285719
44173.851947
44160.955317
44290.111885
44468.589741
44853.087658
44853.087658
45081.754850
45493.817063
45562.817962
45590.889644
45440.290133
45244.360121
45240.048021
45277.139509
45302.993977
45384.701482
45453.781825
44805.080419
44776.615469
44607.946883
44951.269969
45169.329035
45874.566378
46290.741371
46806.080793
46690.127312
46541.279106
46892.910700
46987.409086
46726.806235
46716.222485
46742.109223
46468.139992
46487.554508
47076.481560
47831.806166
47991.441409
47764.930839
47158.748827
46368.930379
45311.251944
45479.587630
45925.835391
46420.144127
46661.754399
46776.004584
46288.234476
46072.743543
45908.793486
45617.567135
45780.481475
45832.254952
45607.906331
45346.878520
45506.512244
45703.273515
45772.307395
45925.771572
46503.610431
46529.497169
46878.597463
47307.888198
47911.916026
48293.747024
48388.664347
48189.783202
47374.345581
46517.921519
45255.937129
44762.277979
44385.028721
44741.757544
44424.540333
44497.492718
44189.015576
43857.125522
43272.484355
42993.831000
42905.532898
43237.824825
43559.157356
44176.179524
44836.394480
45127.622969
45362.763168
44753.110208
43838.196395
43081.215406
42313.389258
41191.467821
40990.859551
41020.733800
41137.543086
41447.917721
41771.832147
41947.377168
41953.777599
42285.545125
42792.792010
43398.978758
43539.450460
43948.726771
44024.196708
43670.544565
43124.853022
43207.291601
42962.779379
42815.026905
42475.662571
42443.352415
42356.393127
42635.194014
42250.901137
42741.156443
43133.981676
43467.834618
43646.596038
44052.189162
43886.342381
43972.376676
43977.304834
43637.904866
43487.006846
43476.582987
43163.721404
42979.365926
42880.294127
43091.159347
43033.011605
43003.040604
42446.318294
42319.305604
42023.824080
42505.097378
43323.175286
44031.410504
44868.426820
45135.923830
44607.234205
43787.818654
43478.994120
42826.792958
42637.080256
42924.336743
42920.428811
42719.133086
42736.839767
42610.992625
42276.800470
42449.205850
42726.653082
42545.448141
42465.048935
42588.944865
42312.370834
42244.955371
42249.109930
42559.649354
43020.703340
43829.909474
44052.167232
44677.980897
45001.609299
45032.186754
44926.051728
44741.933083
44481.370085
44647.425803
44293.240631
43904.974731
43936.710496
43852.761136
43656.012025
44121.005946
44450.055663
44600.349685
44848.818149
45374.798679
45804.088324
45840.762098
46266.029182
46449.393756
45985.585176
45182.954878
45418.336866
45143.182517
45041.792972
44795.526569
44944.457572
44621.509944
44395.030768
44511.082632
44772.547571
44802.679208
44416.306137
44018.070183
43633.003373
43261.149928
43265.600137
43468.320411
44121.841639
44128.736487
44482.297473
44728.414528
45151.292764
45303.180987
45612.048745
45980.940253
46151.106419
46149.456132
46481.376674
46576.296146
46194.464891
45329.379979
44895.809131
44083.102185
43653.841639
43298.084374
43231.244081
42888.010236
42329.759346
42116.060847
41704.431204
41539.671886
41628.755091
42344.113312
42375.599185
42339.096304
42545.079217
42684.805634
42178.871567
41699.960594
42249.864881
42058.114627
41710.796230
41668.463107
41998.402275
41685.578244
42041.043235
42141.360015
42068.985829
42129.341766
42061.975081
41779.810164
42030.046420
42819.691543
43214.373768
43600.913714
43712.885393
43334.671347
42734.148313
42123.466819
41487.055068
40879.143405
40844.678471
40401.939866
40188.607956
40281.376001
40637.104718
40703.900434
40737.815592
40627.910393
40465.721700
40027.811279
39866.449937
39548.665243
39447.812287
39242.624914
39596.162277
39827.558004
40083.489746
40398.462236
40635.823331
40691.459780
40782.979261
41328.734411
41423.472790
41550.725770
41531.318563
41203.539696
40985.949631
40767.152095
40311.975516
40382.118725
40153.099379
39983.911404
40186.401518
40523.329407
40330.800645
40863.781775
41216.429395
40966.911641
40778.596013
40679.830854
40170.854426
39487.800156
39478.584655
39361.958338
39500.101241
39599.889825
40553.929907
40844.793852
41565.904862
42054.998362
42255.521025
41771.674135
41754.203440
41499.058439
40998.308201
41251.013833
41454.576444
41531.782531
41808.442215
42129.517742
42458.483515
42703.730696
42681.311118
42681.311118
43013.147667
43410.280738
43554.596192
43879.951295
44201.286198
44143.483150
43461.696558
43539.906582
43514.599403
43341.702914
43265.737081
42877.813365
42196.776286
41933.602170
41676.859314
41521.546286
42021.642166
42540.460885
42485.707006
42688.951821
42909.222381
43038.106124
42573.360818
42805.664029
42576.783999
42369.936637
42409.617984
42792.099769
43072.421917
43501.980820
43775.897603
44017.323274
44036.343489
43780.054065
43276.964655
42973.523017
42528.220727
42545.470900
42211.258134
42012.237769
41626.265205
40931.779359
40345.556926
39966.471697
39875.481912
39896.619889
40176.799142
40492.565132
40749.136167
40960.818980
40880.659117
40628.519358
40565.130806
40809.001928
40621.189212
40489.944304
40711.691311
40654.939826
40926.046682
41308.676205
41932.177345
42069.528555
41907.265475
41808.234942
41486.644430
41076.798886
41156.510340
41439.314775
41288.952694
41372.715218
41681.092156
41864.225415
41828.304327
41767.906209
42255.521955
42331.510840
42292.251293
42789.821216
43284.010734
43300.621414
43877.096472
44030.457229
43983.523869
44309.745603
44026.647928
43633.822198
43397.027996
43119.667886
42844.037964
43020.531060
42962.322229
43009.686981
42861.435693
42617.868189
42911.364538
42762.125112
42681.045575
42993.705707
43124.906729
42896.265863
43052.392916
43379.790758
43312.117119
43054.540483
42904.853032
42887.120411
42873.811987
43060.175618
43163.745431
43385.894629
43586.204391
43685.788950
43931.296178
44396.491742
44310.886814
44069.198897
44067.397585
44080.380350
43633.431650
43592.474335
43775.901359
43707.166113
43351.180063
43700.781113
44143.211837
44060.650454
44628.544769
44412.427036
44121.564096
43502.007282
43139.430319
41821.382902
41430.280132
40754.881143
40890.432347
41042.051934
41809.991291
42338.928460
43134.779349
43195.666196
43324.262312
43348.453902
43253.379131
43220.996593
43356.879571
43382.333687
42895.682298
42798.365735
42668.127163
42310.299056
42694.258024
43283.807592
43586.034696
43261.818635
43185.066805
42516.099132
42067.233237
41802.327584
41873.425998
41914.546068
42012.074032
41515.129593
41132.759668
40964.982878
40563.640313
40133.465294
40149.307846
40085.408900
39783.161799
39919.684785
40003.220048
40096.484692
40157.614278
40309.076058
40211.651127
39896.482927
39633.958732
39495.812930
39621.653897
39985.916607
40369.636517
40568.148409
40485.430843
40192.299800
39547.135712
39374.765417
39557.616526
40019.498117
40431.326656
40604.305074
40283.997484
40183.187449
39999.348271
39852.365169
39783.115817
40436.795926
40327.468708
39902.008228
39370.761605
39183.255125
38616.546021
38561.990585
38411.794558
38382.136113
38325.231796
38293.297101
38075.413998
38161.828080
38034.618133
38010.563659
37679.140387
37946.165781
37787.980115
38304.086619
38487.401841
38527.440895
38315.930285
38449.879284
38430.169766
38346.400286
38820.584636
38835.531912
38958.483255
38507.480134
38444.764772
38455.773077
38605.049139
38677.283811
39063.128317
39276.389741
39347.494455
39276.389741
39434.431841
39622.211209
39467.520897
39184.572659
39040.414205
38847.618548
38468.058478
38459.685393
38621.470053
38847.618548
39160.960256
39566.345070
39988.823456
40405.117252
40697.372647
40879.121176
41075.256253
40855.051061
40283.300182
39919.048874
39455.776271
38989.543674
39226.672183
39291.598032
39112.524609
38911.696234
38879.372131
38629.201084
38937.733065
39239.947170
39284.084678
39136.899675
39093.554656
38755.551285
38722.505436
38879.641861
38939.582994
38799.477185
38337.449782
38033.750982
37365.521993
36845.215297
36706.366580
37273.625501
37457.023022
38121.286344
39025.803301
39374.810674
39703.025926
39618.054463
39259.341821
39447.475056
40072.054690
39986.010346
39880.621656
40472.749494
40174.938970
39555.433977
39260.008378
39462.403191
39374.579808
38849.549375
38720.792178
39152.200599
39219.402149
39045.248496
39628.093071
39927.995488
39723.326131
39746.456297
39554.466187
39066.016002
38561.809652
38335.514570
37866.962814
38044.561313
38536.455713
38678.538790
38568.802825
39099.489596
39112.448010
38639.900488
38937.896547
39265.067064
39021.114072
38989.660137
39470.739373
39362.545832
39307.025873
39541.448392
39415.448197
38901.567363
38883.914168
38876.186057
39070.283180
39010.610298
38916.205911
38572.872059
38465.068687
37886.822923
38098.800417
38287.710893
38525.382771
38465.130193
38355.106535
38232.057230
37792.979422
37593.600877
37270.692869
37108.703779
36721.014432
37554.041693
37849.805804
38298.136547
38645.364364
39417.482484
39133.003472
38707.994016
38524.770917
38837.767446
38672.230206
38540.961076
38805.849929
39233.582644
39248.433778
39179.060057
39164.007732
39113.816783
38811.444062
38430.169354
38720.432343
38749.935127
39179.319742
38771.639170
38897.271846
38499.140241
38697.052992
38419.550649
38695.403394
39016.732554
39259.983192
39447.881830
39756.866194
40299.714254
40224.730315
40194.369127
40115.210883
39756.976293
39088.022729
38801.470318
38879.780078
38577.376809
38659.378249
38670.482050
38823.460101
38897.693225
39264.006501
39478.312774
39723.686693
39876.737163
39046.957084
38926.242548
38801.664057
38702.525369
38635.576493
39117.406091
38779.643632
38461.816646
38086.920754
37646.793885
37642.190967
37491.849407
37316.691374
37230.078249
37213.089333
36853.572585
37058.405580
37278.750701
37629.952519
37614.702933
37288.884265
37023.575907
36831.420116
36694.228295
36219.417120
36705.858097
36808.907381
36886.979871
36719.149255
37018.330156
36991.007391
36726.327658
36695.697848
37012.225751
37148.551134
37641.393623
38305.947061
38724.083716
39216.259816
40059.622353
40013.265080
40106.576723
40384.816891
40328.828356
40055.434340
40163.355539
39967.247590
39617.536453
39546.908907
39314.083868
39106.323680
39589.373859
39585.370799
39553.664086
39645.803746
39630.094687
39247.194523
39391.387454
39415.385779
39546.919249
40022.825884
40711.487283
40854.150942
41517.641506
41795.599725
41848.646386
41630.678060
41730.600712
41428.192503
41518.505136
41339.590437
40979.187892
40584.072134
40501.517003
40422.064362
40382.239958
40439.773865
40748.570274
41141.077919
41557.665551
41765.706398
42397.167578
42899.598702
42901.760107
43139.139175
43762.992879
43663.968122
43718.133663
43545.512443
42820.170475
42092.927722
42058.148172
41988.702900
42187.360844
42397.132766
42553.869626
42749.903296
42704.550480
42150.267004
42129.834307
42309.098082
41864.120934
41755.883107
42338.795652
42517.800838
42484.281630
42744.618195
42734.160081
42291.782152
42061.105356
41878.833977
41801.572049
41435.370374
41574.840439
41647.977812
41514.680520
41160.824731
41132.864207
40966.937819
40727.497954
40997.991383
41462.121120
41746.221838
41636.996923
41509.392453
40942.184358
40346.977191
40119.211235
39738.636206
39808.174017
40398.250836
40848.932031
40762.870704
41146.394837
41189.564829
40747.671281
40270.574284
40257.721437
40229.998392
40174.213185
39846.001568
39930.397627
40322.942299
40202.118194
40163.068002
40922.885467
41235.708607
41185.453873
41177.146007
41606.820541
41128.432655
41246.942503
41546.922512
41840.273239
41913.979942
42351.380458
42054.054170
41611.665058
41369.832774
41113.390252
40931.622656
41056.585563
40775.801966
40590.006229
40894.449596
41226.793742
41159.983035
40898.863109
40872.876505
40385.098398
40059.585026
39863.435708
40367.955423
40907.746248
41042.726163
40844.703575
41243.751834
41379.229394
41306.422030
41196.373192
41301.917276
40945.818945
40836.054022
40686.954398
40820.465002
40774.177209
41024.461881
40933.822282
41067.957591
41100.059003
41160.913476
40865.736858
40861.582483
40453.424623
40434.911812
40408.962472
40773.803800
41237.453931
41647.476055
41882.458722
42089.327736
42162.897874
42535.547978
42969.537710
42962.639482
42872.077828
43048.367617
42608.462169
42019.940890
41592.053444
41668.525556
40980.588309
40604.988073
40320.345184
40238.378398
39817.643720
39828.040080
39621.683775
40096.272232
40682.591888
41363.719651
42186.115265
42887.095766
43111.758498
43026.656689
43204.659830
42954.282863
42607.622131
42510.739512
42414.909924
42123.404357
41950.755467
42121.688597
42373.874471
42222.431617
42066.258153
42171.211211
42225.460572
42178.632601
42445.858245
42737.824767
42911.935858
42871.849341
42573.507671
42893.220132
42664.019495
42640.687038
42838.934728
43259.882352
43046.674187
43276.961741
43244.566994
43484.503926
43604.275176
43592.275547
43870.231560
43968.413985
43837.084411
43775.924597
43948.744874
43813.277223
43843.404025
44285.821085
43977.537633
43515.050191
43267.632559
43676.322237
43020.461646
42996.257035
43227.070094
43419.901753
43134.753882
43439.260404
43916.510877
44395.032249
44606.459627
44794.304338
44561.032818
44313.137991
44198.499362
43487.228829
43112.149069
43069.218041
42825.668661
42410.689099
42978.453507
43144.391400
43601.916502
43841.098831
44242.480172
43931.304867
43821.133333
43565.054594
43484.993671
43568.499939
43917.780498
44021.732592
43866.508401
43877.129834
43471.557147
43304.132352
43556.716935
44012.270031
44805.447433
45308.557989
45380.393931
44819.574569
44193.936747
43539.961468
43240.518542
42781.267807
42738.011734
42198.377209
41566.430656
41439.242779
41422.601862
41405.327745
41625.562514
41679.667532
40990.932892
40633.681589
40575.700959
40903.268481
41156.310744
41535.886942
42058.076343
42289.013290
42569.125708
42563.392004
42795.563067
42479.680034
42213.075708
41848.440108
41550.715786
41129.737771
40865.438822
40175.166042
39586.341676
39368.510764
38896.557872
38891.870500
39113.757547
39206.923772
39415.851549
39756.940597
39921.571640
40176.175430
40238.567850
39796.812403
39940.955086
39930.647299
39792.286674
39548.438811
39583.140233
39215.012346
38968.651818
39014.881688
39128.254092
38862.932671
38721.141941
38916.975049
38781.864955
38643.589960
39489.113353
40274.825793
40225.589057
40473.943474
41113.130338
41017.219667
40497.250807
40706.894593
40389.496843
39621.930314
38638.828309
37963.130274
37216.382252
36868.421980
36961.209963
37380.120037
37927.648821
38070.439124
38283.220989
38758.195260
39260.245186
39536.510559
39994.356721
40554.374827
40337.211001
39872.648969
39616.490698
39673.260661
39334.620697
39406.337752
39713.979720
40055.226579
40351.875871
40923.026493
41133.786408
41637.002403
42035.701975
42196.960451
41845.917004
41722.978971
41299.185548
40635.351023
40192.835266
40378.222696
40575.436093
40934.960545
41118.910617
41329.890053
41215.828147
40855.207137
40143.698172
39843.723859
39352.290251
39359.745368
39242.645604
39350.402066
39447.828464
39595.640498
39020.195662
38954.840648
38834.613987
38745.331535
38631.246050
38774.408467
38819.909225
38881.686584
38838.404734
38826.351129
38921.367780
38856.253102
38981.707571
39095.638156
39259.216658
39648.906317
39894.947415
39896.685480
40147.261139
40030.937758
39634.127693
39317.005462
39409.475341
39448.115579
39787.457164
40019.858266
40378.094097
40205.231264
39883.942915
40169.885560
39723.514249
39704.076717
39949.553889
40238.495682
39671.996989
39796.830270
40275.779873
40457.415418
40644.734614
40778.105018
41187.917908
40870.895991
40352.411012
39891.710910
39971.822429
39838.183162
39529.481084
40010.270564
40396.836902
40622.905961
41132.562125
41673.558125
41846.672643
41986.649370
41787.203255
41157.337044
41586.702645
41250.612492
41078.067135
41113.534858
41327.930982
41372.691782
41750.719038
41810.560881
42077.502009
41895.847727
41246.778618
40748.275506
40314.638749
39570.073864
39424.771414
38998.708585
38916.434856
39186.335208
39319.267656
39097.259691
39274.325045
39032.710442
38368.592622
38403.939886
38196.704708
37577.671265
37636.499321
37845.423103
38187.958940
38567.962431
38828.966273
38856.305840
38692.614553
37958.665376
37751.400893
37794.442562
37603.110816
37585.884565
37617.250292
37586.445227
37298.466385
37108.492152
37071.682449
36821.706743
37071.856703
37270.791229
37516.899407
37668.984442
37589.473678
37343.386435
37591.925691
37747.202607
37975.342932
38678.129826
39219.763890
39340.445780
39864.366283
40202.706655
39628.020668
38775.259903
38922.389738
38598.931446
38074.911298
38671.121836
39152.262174
38867.041040
38781.366910
38958.274986
38693.106884
38635.528828
38635.528828
38749.881991
39278.102310
39692.606266
40020.256319
40102.938371
39928.150468
39250.289705
38878.875487
38798.644426
39065.816007
39723.719556
40492.228934
41113.537467
41584.471225
41239.082799
40747.246929
40304.750032
39835.435166
39375.125089
39792.154865
39515.595484
39520.320391
39670.970113
40002.769732
40078.543822
40030.833014
39692.203361
39600.806918
39135.142666
38846.049037
39020.739663
39241.066305
39164.199062
39401.925242
39592.183745
39593.784887
40161.713763
40529.884665
40554.700639
40557.789414
40747.362938
40747.362938
40485.092753
40681.634374
40666.358641
40500.026143
40364.663522
40584.282029
40225.694546
39940.974113
39973.459509
39801.058166
39762.624143
40347.196184
40477.042441
40639.025809
40737.875128
40404.266502
39855.225622
40108.366854
40099.336001
40291.968458
40530.313720
40334.031919
40025.735465
40351.954780
40120.995985
40319.704534
40742.861642
40941.137388
40534.026428
40471.122284
40214.965433
40180.506599
40083.392679
40266.861804
40115.245175
39867.401396
39496.560381
39492.971013
39011.015310
38573.241218
38801.928349
38666.053353
38213.480930
38433.435734
38346.578911
38298.133671
38609.496046
38593.967874
38507.479394
38488.165555
38208.844110
37574.141644
37023.814418
36853.788600
37020.020093
37090.245092
37419.906552
37857.947138
37903.324309
37963.473298
37640.011606
37622.780497
37696.149700
37715.439648
37513.030326
37298.853101
37484.969813
37448.065917
37273.167158
37391.769169
38238.217871
38324.392762
38369.549532
38725.662512
39182.916131
39197.695585
39407.212973
39711.401481
39985.466811
39875.280830
40055.081001
40449.595170
40855.163569
40829.086511
40451.373352
40324.697031
40154.154092
39917.777732
40033.980530
40551.575795
40549.398779
40154.241619
40055.413501
39708.503530
39555.100490
39099.764731
39055.010640
38852.111036
38685.516497
38468.112465
38828.568925
38983.108083
39117.188046
39086.818536
39298.266276
39107.561611
39027.949491
38546.961488
38650.089536
38732.554069
38811.131925
38696.340745
39276.761795
39524.895761
39229.259593
38901.173072
38594.756366
38144.481042
37679.908008
37716.942901
37844.667704
37845.877562
37858.621526
38008.563282
37984.505843
37831.805144
37778.016583
37921.843827
38416.789303
38881.914827
39644.560494
40157.447347
40449.160488
40138.309622
39849.113937
39628.626107
39440.959462
39575.204480
39780.176509
39689.142204
39382.550849
39494.740495
39391.348573
39779.974547
39838.008202
40432.094155
40656.873029
40414.895604
40000.627664
40352.235555
39976.397918
40174.560956
40569.041408
40506.714811
40121.831366
40017.189369
39647.967445
39195.102842
38593.358101
38629.945001
38561.926632
38384.938118
38682.786854
39579.909921
39658.145467
39977.256284
40085.078676
39971.214568
39659.495038
39735.684289
39756.961175
40382.391025
40703.746661
40211.796981
39994.444402
40311.308096
39595.241282
39034.111341
39382.002955
39319.238639
38612.303286
38658.611514
38722.351654
38586.509094
38411.789121
38589.819448
38461.944737
38595.507905
38281.573396
38205.975575
38213.947896
38305.052222
38223.132805
38144.768817
38319.811626
38009.028365
38122.941036
38355.890365
38647.203686
38740.056992
39173.816780
39314.296339
39359.794822
39740.745562
40034.408548
40151.384095
40045.482859
39900.964871
39650.220779
39675.903793
39460.847442
39557.427480
39894.310652
40450.226957
40534.943121
40828.980939
40889.754488
40721.296781
40986.478264
40678.217736
39937.236924
39369.986205
38861.577933
38080.026209
37778.069049
38249.831317
38527.666958
38514.564589
38042.728327
37667.542797
37394.554690
37286.530220
37223.610139
37387.798698
37504.495493
36982.241380
36714.384091
36757.700407
36423.604090
36587.172575
37084.317776
37571.940449
37906.798866
38706.683875
39099.358764
39099.358764
38829.296767
38721.757290
38346.454122
38216.803633
38337.231436
38555.257773
38577.122826
39349.902526
39511.258041
39472.867713
39235.826595
39220.614621
38476.704186
38209.021509
38242.828134
38387.766644
38581.545593
38572.929083
38426.512949
38580.956289
38727.431313
38287.161974
38127.806644
38223.094265
37748.492068
37412.619863
37778.537811
38270.929842
38346.454546
38306.055146
38476.665053
38155.090592
38409.974154
38616.780412
38982.656720
38834.453717
38570.708689
37936.429580
37573.907423
37629.316611
37685.149786
37804.399912
37722.025936
38194.358092
38156.102924
37899.429988
38399.558424
38503.477617
37934.228065
37654.731744
37831.738655
37387.362932
37667.633405
37572.805274
37875.333414
38022.446884
38242.163845
37871.190754
38184.075813
37991.155972
37777.925636
37537.965437
38180.872924
38525.994806
38659.382413
39026.326790
39578.408811
39007.056518
39147.113970
39540.811638
39767.184553
39368.378534
39801.318448
39920.328296
39397.698549
39155.949389
39467.223037
39197.265867
38903.699778
39360.489013
39173.333982
39206.149084
39268.134639
38981.517365
38519.746706
38346.651836
38071.006418
37831.739370
37570.603560
37513.213838
37735.664348
37597.786215
37795.850603
38121.615380
38572.589086
38755.783337
39307.672430
39616.718821
39728.848861
39701.424425
39854.200856
39921.171388
39888.313410
39984.131307
39977.329122
39673.246643
39274.410545
38954.821721
39220.271944
39575.714521
39963.995016
40153.849474
40535.313678
40169.073999
39557.375015
39071.385563
39046.028309
39123.906914
39190.369033
39360.130568
39478.569124
39164.040651
38904.443789
38829.254468
39085.721843
39288.197440
40055.733046
40281.055529
40327.880111
40268.869282
40607.463935
40471.654492
40257.709416
40734.581584
40607.698712
40046.336266
39658.549117
39494.614839
39412.220300
39311.267688
39222.513516
39567.428788
39808.888609
39617.264811
39837.732880
40078.696928
39222.515944
38692.185289
38331.436482
38033.464564
38044.198200
38156.221708
38227.441230
38283.367328
38315.800903
38411.906062
39044.643959
39085.753157
38899.539273
38460.135175
38054.253690
38033.045969
38682.336429
38744.440591
38898.683379
39132.254179
39391.249333
39327.887543
39731.749901
40548.857852
40688.660478
40399.210218
40414.815015
40625.950031
40585.698003
40723.645122
40867.907063
40989.265513
41472.512830
41393.715740
41767.280621
42065.387978
42129.453782
41428.419009
41514.856045
41387.554761
40641.180512
40223.596258
39985.944829
39825.171289
39566.276771
39820.088954
40237.470386
40754.806167
40917.220491
40950.321015
41398.473225
41113.561150
40749.139131
40645.327814
40777.659287
40449.458266
40624.136657
40691.019474
40836.400956
41052.757923
41508.711687
41611.645004
42435.657012
42352.408912
42030.980319
41539.560750
41061.291364
40716.043490
40975.655373
41103.074878
41435.637551
42002.337062
41668.448423
41366.204802
41415.383778
41185.122433
41061.702702
41146.181927
40799.132488
40151.911945
39829.889332
39573.377926
39112.210957
38871.045372
38758.489665
38594.460117
38251.282381
38120.011051
38105.772633
38139.918295
38153.224105
38488.546955
38829.434181
39242.544326
39719.494041
40109.639830
39658.719859
39546.924565
39387.801137
39187.370522
38993.216764
39006.721217
38844.493728
38820.825893
38570.868006
38474.094095
39070.918165
39569.807436
40025.204154
40682.565045
40835.998786
40484.710968
40216.719031
40364.847807
40544.018814
40931.902333
41779.801268
41938.963806
41581.722783
41264.918692
41156.810822
40479.189352
40106.524476
39962.879084
39684.056322
39323.842222
39127.829790
39781.449302
40041.306648
40162.593810
40317.825671
40263.569440
40071.908429
39860.609258
39737.261456
39817.191284
39976.929057
39577.517519
39314.969075
39127.797893
38461.062138
37949.478166
37800.733807
37464.296258
37022.714700
36830.543106
36420.140361
36165.760314
35778.480584
35554.180252
35655.727611
35806.590110
35278.628835
35129.963600
35011.672797
34536.769026
34047.031112
34016.849637
33648.690750
33413.550592
33405.189484
33780.209774
34207.415620
34588.629165
34642.214099
34603.501442
34482.813543
34288.557076
34089.528161
34115.658006
34111.118676
33919.233164
33690.121064
33506.525408
33258.915655
33128.594637
33508.315265
33197.869761
32988.544904
32455.471686
31556.991761
30562.368877
30677.217857
30857.015420
31288.980768
32156.159552
32263.439506
32408.660239
32353.255495
32323.474167
32159.411060
32741.749197
32353.255495
32425.546649
32772.429089
33087.563536
33126.928898
33838.378209
34337.620051
34350.072945
34590.195539
34803.319762
34469.272668
34361.559141
35081.886075
35190.187795
35483.192611
35360.578876
35192.835509
34752.647569
34735.676796
34507.314812
34735.676796
34661.674849
33857.298934
33280.874186
32724.489245
32091.988232
31946.755343
32168.970521
32146.634714
32222.198168
32843.795243
32945.300061
33357.542269
33674.504729
33814.667586
33665.866299
33805.506792
34060.060268
34038.489584
34603.524038
34711.268498
34937.932861
34866.760681
34644.181336
33766.587256
33700.217581
33420.401005
33031.687168
33127.203120
33353.458375
33552.275393
33520.149869
33984.085425
34072.971704
34156.511796
34020.718658
34098.632592
33732.313378
33775.853801
33742.769111
33596.240393
33564.022803
33754.061521
33974.392318
34073.682704
34410.281333
34676.867246
34685.916701
34965.790442
35721.244254
36115.350832
36447.809876
36668.134092
36420.088479
36090.054325
35641.156132
35395.677120
35592.099753
35676.214512
35613.237615
35716.642626
35727.814486
35596.090657
35632.386928
35663.517768
35919.441856
36192.835583
36233.662217
35983.971022
35659.445735
35558.441230
35118.324408
34852.970984
35163.303835
35266.895013
35167.927496
35420.081472
35852.676035
36193.937115
36843.456549
37212.961243
37448.919415
37280.950550
37273.901483
36737.103217
36463.723554
36033.977395
35952.178009
35550.916856
35818.253867
36321.328439
36800.746058
36704.521238
36583.274739
36790.347240
36445.330680
35999.321978
36160.589594
35882.390027
35258.864385
35034.766861
35266.945782
35329.516815
35632.176062
35517.323349
35281.991686
35483.267907
35503.095650
35862.617234
36251.316835
36808.301899
36486.418156
36220.243574
35619.221146
35621.220725
35388.343086
35377.681020
35653.764748
35628.209751
35369.099777
35536.840486
35505.035845
35240.236763
35458.482755
35587.552215
35656.535364
36361.128147
36548.761961
36866.223678
36840.643872
36579.499864
35968.409599
35296.997103
35057.232412
34844.323287
34779.162084
34747.993564
35319.123193
35409.551554
35724.781624
35664.374230
35480.165848
35391.817569
35040.221981
34658.369985
34639.315106
34914.038074
35054.425125
35431.765718
35466.753038
35220.120917
35467.974622
35744.193041
35907.512098
36169.317976
36684.589790
36652.851231
36542.887898
36944.451512
37306.767684
37985.727933
38639.882374
39032.715304
38574.975846
38763.241485
38003.640486
37408.912448
36908.166689
37095.710962
36565.199227
36590.973914
36219.351126
36546.534438
36531.463588
36866.222161
37121.062687
37660.161766
38315.887045
39034.051599
39782.919470
40356.874302
40559.660403
40083.382209
39863.234195
39675.327577
39839.112994
39885.844472
40163.553505
40388.720842
40471.007267
40397.215257
40587.428069
40535.330412
40145.147203
39871.878632
39735.533681
39488.192331
39009.007319
39070.040420
38968.337190
39170.859862
39429.032040
39824.168027
39882.132451
40405.345903
40121.225331
39808.321475
39988.986811
40109.942470
39648.550436
39452.306451
39520.202762
39259.363969
39190.059926
39291.579630
39541.219432
39575.481580
39592.917740
39411.457666
39573.155017
39268.567203
39319.382974
39216.268710
39546.845529
39601.742330
39514.304545
38984.794125
38978.311698
38881.528237
38417.506941
38641.736811
39241.104132
39305.342106
38759.194052
38507.477884
38041.512784
37404.314084
37050.854342
37005.095199
37102.843267
37273.100108
37622.491722
37667.540951
37913.047749
38362.399039
38623.001751
38826.464133
38811.188813
38959.288953
38692.411104
39123.903525
38814.877167
39190.238263
39468.594229
39613.355907
39434.227992
39836.164120
39907.550944
39738.701804
39883.480987
39600.731189
39575.566423
39838.685448
39888.082522
39940.659507
40170.957529
39827.970524
39478.567020
39081.681017
38954.780476
39202.679079
39598.480038
39566.223094
40234.567130
40404.934245
40366.034780
40501.287391
40864.017819
40477.644748
40549.246160
40658.525038
40612.296765
40198.375865
40808.994225
40754.839303
41477.617877
42497.021703
43079.855250
43534.499285
44425.438431
44162.287997
43811.428582
44313.892064
43280.846296
42657.431979
42040.264605
41585.570753
41072.229905
41445.284077
41892.037048
42077.504323
42253.081534
42547.837909
42697.442904
42348.233801
42768.128166
43053.948607
43442.495247
44016.680910
43962.450785
43997.050960
43877.710729
43837.449404
43738.289406
44121.775932
43917.142609
43697.047924
43012.942912
42694.180955
42432.686304
42271.133927
42114.649679
42289.221401
41744.152302
41853.624054
41853.624054
42240.111919
42169.823114
42564.153690
42799.489277
43166.215144
43707.413039
44536.192409
45112.172593
45213.666353
45314.946730
44942.844797
44819.574740
45087.209638
45559.583205
45822.737838
46201.459613
46223.031454
46391.294177
46179.835818
46184.196767
46029.747964
45857.189793
45434.349659
45870.115701
45751.468216
45538.167379
45602.287579
45188.305380
44232.600111
44232.600111
44475.959302
44322.452835
44124.238108
44075.107157
43369.002347
43009.680667
42944.163769
42845.552172
42666.568163
42401.501570
42194.108255
41680.696267
42141.639602
41934.621315
42459.298735
42289.614575
42760.723065
42603.125793
43195.783154
43342.375573
43670.549197
43601.862121
43918.139481
43834.621788
43679.038142
43857.253808
44178.218495
44409.323346
44661.687487
45108.241103
45326.228253
45541.608561
45423.234706
45718.776190
45727.405819
45486.208119
45078.517192
44774.196900
44140.513295
44030.425585
43801.573898
43534.399309
42940.760507
42584.687805
42104.288586
41976.483069
42093.203207
42414.721037
42615.984829
42315.573294
41959.675944
41586.677797
41750.881860
42029.727515
42589.675062
42825.385588
42773.106983
42738.155316
42443.076044
42008.822249
41791.516177
41730.752794
41349.597125
40827.961121
40809.594661
41442.555754
41930.731742
41785.682002
42158.794829
42050.754943
41882.037314
41458.549550
41339.913037
40925.922791
40690.951018
39893.777845
39455.737944
39263.393298
39000.275824
38663.437155
38153.962412
37365.912142
37245.385694
36790.345839
36813.839832
37486.211461
37927.363164
37610.244973
37726.577149
38354.419260
38562.890186
38706.327040
38835.165772
39056.902694
38565.849594
38286.442134
38495.746396
38659.369239
38939.607336
39375.120737
40033.975533
40240.073452
40693.591824
41235.673733
41435.835548
41040.514620
41208.329496
41513.366286
41426.226133
41339.893084
41384.894895
41276.987770
40635.935514
40193.450248
39848.789117
39713.357136
39980.519314
40263.501446
40138.320966
40025.755888
39708.667471
39340.193572
38847.705878
39009.643442
39387.534311
39844.172075
39940.962844
40737.580997
41654.185702
42300.995538
42599.277226
43054.361184
43514.631902
43343.157163
42744.169311
42780.581712
42706.661517
42366.353815
42589.746859
43078.112852
43195.823013
43869.503437
44098.013256
44121.680514
43958.163866
43970.527242
43635.994630
43978.823225
44065.748034
44384.969112
44674.553727
45004.535610
44756.451251
44737.103006
44515.334604
44121.564096
43551.644253
43676.609256
43514.919835
43625.203707
43422.310916
43551.608651
43719.430500
44124.919558
43984.317401
44404.049284
44345.786753
43858.240857
43389.843831
43409.794165
43608.768598
43323.686376
42993.739418
42598.911896
42519.052156
42093.370515
42214.637365
42249.201205
42054.827249
41840.854759
41475.311960
41334.887380
41238.267861
41345.611814
41230.963630
41853.646651
42334.363652
42489.989083
42660.264587
42789.875981
42374.982020
42245.470628
42435.677618
42254.334971
42049.239244
41450.485909
40755.217330
40192.867398
40065.492795
40283.508358
40812.247909
41283.086617
41529.239434
41372.807605
41013.073838
40697.780555
40035.224051
39641.084487
39882.632756
39762.033941
39731.869735
39973.451651
40436.971233
40182.963264
40191.684039
40504.889730
40638.663965
40459.176730
40552.250566
40746.718097
40632.117715
41009.041883
41003.439925
40938.160878
40789.958948
40773.200191
40202.678991
40610.650757
41298.880473
41982.806705
42265.720428
42546.231693
42309.710880
42008.142721
41291.205332
40945.933730
40872.887351
40697.860723
40126.614908
40102.967449
40218.844164
40064.686874
40171.642677
40954.870562
41308.874477
41293.671978
41575.990335
41630.379915
41362.994306
41745.020707
42023.843052
41821.195114
41566.459667
41791.477283
41245.794876
41080.021760
41250.909239
41705.712413
41425.808997
41801.512061
41776.139177
42180.874555
42239.627027
42932.572199
43216.337674
43439.245432
43195.638530
42901.739030
42207.252408
41559.617466
41050.503089
40987.390525
41268.181572
41681.417749
42001.808011
42141.405192
42128.737024
41614.320513
41062.226144
40732.596333
40626.541699
40529.926775
40848.923472
41169.842134
41565.599049
42265.402877
42328.285031
42088.639440
41980.750055
41857.158015
41315.833828
41475.502414
41976.217112
42349.545927
42310.391425
42462.891613
42117.658633
41619.248785
41509.313062
41574.367797
41311.235660
41514.433952
42215.113240
42079.065434
42039.227608
42169.913545
42446.013465
42265.220040
41934.472640
41647.815572
41472.480827
41088.228551
40337.768640
40339.124680
40576.714308
40668.195398
40857.920052
41563.683959
41914.527751
42589.668684
43265.410201
43469.662901
43373.116336
43299.223480
42699.215066
42752.409083
42420.461993
42512.731568
42535.065585
42616.886470
42565.242640
42663.536381
42410.413923
42322.031369
42743.004363
42520.719374
42527.803625
42989.216845
43407.468085
43258.933663
43091.054311
43136.392764
43185.643732
43207.511877
43009.640795
43053.771763
43414.415574
43916.892347
44169.186869
44140.980633
43877.000858
43453.500781
42312.544633
41618.556890
41236.057013
41238.426853
41149.708035
41317.659889
41206.243117
41415.311445
41751.085115
41853.405437
41959.354725
42333.917720
42663.854341
43002.615749
42760.999312
42704.778476
42460.637956
42407.602563
41607.012499
41685.483785
42034.689013
42545.641434
42882.187299
43248.089196
43820.442317
43997.072834
43869.565058
43544.526325
43466.144735
42943.402084
42535.471568
42369.753076
42688.951301
42933.896502
43458.758850
43566.690164
43551.599343
43693.805574
43545.649424
43168.109639
43443.964751
43159.164912
42253.582932
42067.382672
42315.457108
41745.721100
41795.435961
42332.763822
42356.221244
42058.140336
42261.004562
42589.193562
42398.801944
42951.413867
43173.656202
42998.616318
42927.300313
43004.800486
42597.439983
42338.598178
42681.265481
42756.967904
42344.699107
42097.509232
42554.497329
42658.251428
42350.079022
43154.638076
43738.314851
43313.217259
43031.703614
43486.258474
43134.506530
42698.476751
42877.791777
42864.480729
42178.824063
41864.081235
41575.771569
41097.531216
40495.920723
40186.671395
39994.584192
39812.545856
39521.031829
39588.657978
39681.966463
39719.817156
39510.998855
39804.249896
40072.973258
40237.829868
40201.641585
40579.861446
40778.193867
41283.133042
41226.837608
41315.544637
41310.999992
41330.160355
41078.155923
41052.457799
40577.211748
40639.112543
40418.999880
39978.220482
40108.405517
40457.730394
40933.749144
41498.908961
41904.741592
42418.280350
43296.555743
43137.080696
42975.228093
43012.373009
42939.667624
42382.249250
42386.813587
42077.766088
42052.035307
41883.755517
41933.707777
41804.026424
41968.344737
41918.464481
41554.284672
41215.783255
41509.384292
41973.995042
42442.102502
43090.892709
43174.463817
43032.948149
42845.497117
42535.106370
42245.524173
42511.304533
42229.761530
41641.084190
41502.719321
41418.680753
41259.011451
40819.242362
40812.231407
40492.738254
40477.807119
40682.723838
41247.714550
41591.554237
41976.539473
42393.178859
42048.512904
41921.181818
41787.188487
41125.707683
40230.000495
39930.467616
39447.857712
39070.367865
39131.008858
39460.916724
39219.591270
39179.109863
38939.496915
38984.560076
38898.307350
38954.786021
39147.129201
39434.213480
39093.104241
38625.177718
38897.248041
38416.834363
38112.159823
38483.507800
38844.278774
38612.440691
39323.812850
39716.286783
39968.512617
40089.949568
40484.845417
40497.007598
40631.028633
40855.129735
41101.234904
41349.550950
41613.706498
42008.440241
42047.893648
41986.828682
41717.487451
41397.825603
41458.449187
41132.622868
40705.263875
41033.348540
41185.354316
40609.476920
40650.545088
41315.433966
41268.996366
41513.509837
41786.813004
41717.572944
41579.779059
41914.304374
42288.999957
42502.341835
42706.895725
43173.420778
43127.713582
42905.574635
43104.017795
43339.906913
43112.268407
42940.434232
42897.799494
42923.976039
43603.129634
43641.887763
44002.045434
44515.959423
45329.378316
44737.780294
44984.222001
45089.836888
44628.550059
43869.503437
43761.834241
43828.548393
43580.499525
43578.448897
43493.700277
43284.483966
42933.131203
43179.063553
42851.064311
43312.692602
43789.189579
43785.383719
43047.411329
43714.165941
43297.703238
43450.743771
43645.105520
43983.504995
43422.517661
43286.960703
42959.290936
42974.312335
43265.528902
44200.672819
44528.477546
44547.877791
44752.900587
44707.513034
44371.107921
43859.279562
43771.398431
43534.402213
43315.963818
42990.074908
43242.994263
43581.307961
44075.174740
44275.903943
44316.125472
44532.020471
44198.079071
43617.257368
43433.996145
43112.160386
42795.394719
43332.820548
43509.454497
43964.300538
44647.508055
44937.351030
44449.937986
44350.198964
43948.770104
43546.298952
43676.431934
43689.323489
43715.090691
43389.772872
43450.781135
43170.677872
43224.388703
43284.460861
43869.503019
44131.635587
44787.514202
45439.361530
46189.701477
46411.630502
46410.049041
46287.211495
46317.024788
45963.237935
46176.421393
45889.060945
45699.227445
45032.555753
44495.781160
43604.162621
43479.315488
43348.321546
43725.639177
44338.261126
44825.830919
45208.781683
45514.771287
45351.158065
45534.558371
45538.581597
45634.469000
45513.582825
45817.415281
45688.040479
46235.842093
46367.366118
46805.428978
47178.217064
47475.915626
47337.852307
47276.495129
46730.708925
46206.504859
45680.138402
45216.263340
45033.921286
45384.242883
45051.634531
45094.780347
45230.684290
45027.574341
44887.351407
44919.710367
44432.175009
44209.561944
43833.794533
43214.410729
42996.279205
43052.831248
42899.289440
42905.564490
43026.411862
43367.213691
43593.197688
43472.568402
43653.265600
43361.609194
42861.359772
42337.615781
42535.278409
42473.956295
42484.783120
42750.017107
42974.504754
42655.517439
42410.057213
42502.436507
42799.729277
42597.765821
42576.182008
42744.794366
42723.444094
41959.646057
41601.837702
41291.191989
41126.110310
41016.249931
41538.428273
42068.927015
42284.689845
42721.970254
43256.691962
43096.345513
42896.035753
42960.973866
42627.419579
41850.272091
41498.953095
41239.772279
41011.708970
41016.079065
40854.622710
40925.571895
41078.272908
41332.977520
41235.791648
41723.159997
41643.692912
41302.159769
41062.653932
41056.738903
40881.326434
41239.693592
41848.462019
41984.389263
42093.585471
41848.462019
41766.802049
41624.708922
41768.052459
41663.025841
42092.574751
42123.753643
42129.055618
41893.665424
41644.053157
41208.111108
41137.378048
41188.755895
41344.451304
42040.223053
42630.869270
42868.679026
42728.094317
42619.724765
42338.982898
42093.113269
41836.548641
41785.040359
41808.469201
41884.168646
41513.864360
41353.919117
41794.333277
41938.493968
41779.802491
41870.703006
41872.800784
41385.120609
40690.739274
40333.221849
40143.453152
39685.296194
39303.681319
39593.079627
39936.047704
39930.854155
40338.846137
40485.472811
40662.901719
40622.220130
40670.024648
40570.634279
40654.992685
40479.546299
40046.098611
39867.123213
39431.375506
39088.196024
39168.536262
39331.761111
39424.144300
39717.373336
40176.536832
40008.869327
39683.050137
39692.987979
39902.413557
40025.713624
40153.332427
40257.394521
40668.937905
40746.829063
40343.287844
40323.630041
40338.477426
39881.446402
39291.710893
39572.758275
39581.189823
39504.864219
39278.495650
39514.156265
39380.432353
39540.290917
39800.397370
40492.451045
40820.099986
40941.161315
40711.803895
40697.691571
40371.233155
40650.424560
40524.401243
40492.544249
40539.352598
40515.107709
39883.359033
39417.165085
39335.010894
39346.432320
39195.145053
38866.957120
38916.583850
38435.977492
37756.497221
37776.645495
37830.641193
37637.927912
37527.987154
37485.482635
37498.457230
37938.245942
38119.904494
38944.147827
39768.473477
39627.449964
39578.853357
39587.974275
39016.278743
38349.670105
38179.077807
37569.043138
37607.774654
37603.270276
38023.684639
38805.324557
39409.202654
39887.992072
40707.238039
40936.261245
40625.837277
40744.890650
40694.603083
40304.595664
40310.692616
40472.546883
40366.588226
40832.718941
41138.389413
41278.333145
41917.192694
42564.164413
42378.704092
42436.387689
42174.637806
41648.011910
41078.433281
40490.093876
39735.302484
39054.292344
37971.326315
36866.224892
35703.373789
34756.324722
34373.396975
34013.567154
33879.804438
33780.204942
33736.727221
33216.460435
32981.365451
32605.756879
32773.678368
32770.384876
32875.773861
33259.472838
33469.531546
33503.870445
33594.486416
33913.378626
33829.483237
34349.370497
34482.856240
34422.722954
34154.150690
33563.148372
33021.175213
32398.344248
32277.275529
32317.268876
32392.414412
32330.791717
32746.508640
33029.662586
33446.336208
34078.096082
34526.666609
34893.497193
35344.390989
35310.137306
34930.959967
34542.326600
34173.768043
33776.455664
33305.282366
33182.063374
32949.386839
32886.241685
32513.718719
32361.237238
32380.780881
32617.622041
32679.632094
32885.008976
33293.799428
33609.047286
33520.147846
33671.186908
33920.773007
34109.986580
34083.707029
34103.234587
33688.897206
33259.441141
32963.090917
33004.811251
33226.592358
33700.675084
33998.577017
34106.486134
33987.849080
34277.233340
33929.591656
33660.262150
33558.764906
33569.384843
32998.168708
32974.667161
33150.991550
32903.460375
32146.255502
31779.690498
31112.823681
30512.528851
29986.430163
29884.854391
29423.595049
29828.984874
29872.128441
29895.450501
30078.959012
30609.060223
30853.507357
30894.329317
31520.813098
31600.758050
31246.503575
31182.071082
31069.140097
30434.828839
30176.253692
30391.606487
30089.888845
29988.827781
30148.925567
30431.058218
30582.953308
30401.678357
30066.877853
29471.067068
29157.884891
28784.169599
28903.045835
29539.687964
30351.873866
30608.969418
31284.294398
31620.771478
31700.520754
31602.153880
31906.982532
31402.549143
31166.719876
31301.157468
31387.409686
31223.206003
31301.298574
31303.552759
30738.311311
30370.107186
30488.391286
30287.822092
30715.853174
31347.371690
31935.553307
31868.421827
32261.393273
31801.458412
31587.699714
31319.330122
31086.518990
30931.076778
31086.518990
30769.828106
30737.851571
30736.055752
30537.476233
30526.668199
30920.789748
30948.239347
31010.875846
31240.064695
31014.908466
30894.512914
31051.379945
30964.742915
30956.182480
31009.858906
30870.139670
30552.301698
31001.026426
31052.973878
31068.366327
31046.661219
31234.348634
30861.539351
30620.046435
30613.858723
30625.934342
30542.103185
30820.017606
31001.088162
30992.784296
30984.368435
30797.933199
30333.813764
30169.335076
30265.781074
30426.493016
30452.327015
30915.982846
31032.845642
30812.383816
30674.786767
30454.297718
30079.056356
29658.217779
29585.112923
29127.401713
29199.542706
29009.855341
29338.209730
29531.913471
29838.274365
30017.781516
30261.684131
30285.567747
29829.715994
29752.894884
29718.467005
29424.874105
29371.344784
29617.728901
29515.615023
29439.706539
29513.240551
29411.770489
28906.917121
28898.201190
28638.534744
28547.450128
28519.903106
28827.899869
28821.663741
29124.211997
29208.129708
29117.342749
29423.969511
29939.216449
29886.286168
29888.093974
30233.919962
30183.878114
30000.613300
29958.185610
29966.907877
29878.936362
30003.799692
29845.945820
30127.679328
30455.559970
30464.708684
30572.213969
30593.716445
30168.676147
29805.532366
29788.962727
29530.413507
29566.712348
29898.838453
29849.654440
29389.678035
29199.671392
28897.909700
28712.007670
28808.388040
29334.666067
29602.782676
29850.917749
29842.452914
30137.361919
30184.984492
30229.099378
30357.828079
30285.787544
30113.180556
30093.558691
30352.250988
30357.288179
30642.871456
30947.318610
30707.201135
30178.611778
29842.505765
29795.681776
29820.070725
29936.043132
30246.597091
30736.543303
30856.805522
31001.178686
31357.321740
31387.409328
31265.258950
31035.945675
30639.046184
30354.348662
30063.740359
29804.619340
29783.427009
29658.183007
29705.394657
29845.648284
29989.842406
29884.386932
29875.799591
30016.344952
30182.292574
30277.418784
30241.238763
30273.491454
29945.614320
29762.414363
30092.571092
30589.417674
31215.516279
31538.668737
31864.567856
31868.443790
32100.999313
31969.631637
32091.082781
32480.970618
32443.082877
32152.489646
31928.286341
32073.358744
31923.476775
31943.251933
32261.177756
32230.504172
32422.750603
32479.231739
32235.753383
31852.703584
32484.586197
32391.990971
32299.295680
32525.896862
32614.476098
32267.330152
32280.241836
32552.408732
33142.850627
33597.715759
33481.302850
33020.579511
32402.954028
31749.702640
31757.886620
31706.016943
31999.379522
32351.628515
32614.425107
32199.519129
32074.282678
31658.324699
31481.047160
31246.349572
31497.582279
31868.468807
32304.541695
32746.535893
32667.021073
32480.756689
32455.018759
32420.538209
32170.069888
32476.441800
32525.720302
32417.427145
32526.599748
32253.303904
32119.619813
31789.678950
31414.502313
31001.424355
30823.490129
30342.084547
30454.213648
31039.294013
31587.000947
32156.176681
32518.936143
32478.690437
32096.831112
31309.246862
31194.566423
31361.372169
31318.811594
31149.930414
31859.724677
31707.020310
31460.836462
31867.881849
32389.626209
32624.493936
32928.763775
33236.917053
33366.522467
33227.806861
33142.354360
33266.978782
33113.952268
33234.545428
33508.282671
33344.432572
33076.954177
32850.343047
32556.423884
32724.502425
32696.574938
32820.123309
32966.113535
33162.964340
32550.355245
32304.461394
31807.914377
31546.987208
31077.973066
31170.230512
31178.465781
31144.401755
31215.656199
31175.439351
31047.774159
30998.567566
30865.055242
31110.868467
31286.230322
31230.049969
31495.728795
32099.556264
31797.354177
31503.765144
31531.891138
31403.894149
30817.548110
30444.150968
30295.710914
29858.515816
29219.572719
29066.385392
29036.193918
29101.654599
29242.256072
29679.602336
30079.128819
30266.474651
30548.374267
30979.227035
31005.530713
31296.761358
31615.778029
31622.585774
31918.057645
31894.104873
31617.943963
31762.388471
31595.184467
31012.967565
30784.601324
30716.999127
30518.956570
30542.286260
30749.089601
31159.199924
31182.543819
31256.429317
31652.054282
31891.501726
31874.472534
32014.201553
32146.112136
31729.608290
31267.517178
31303.816225
31265.619891
30978.862585
30720.640565
30027.906282
29292.237995
29253.328448
29510.404591
29704.724109
30056.272796
30412.049818
30285.382201
29993.725581
30178.118716
30629.263259
30829.350559
30818.408360
31012.730657
30776.140704
30529.906960
30106.524747
30102.988098
29742.298707
29729.596616
29852.154724
30104.773365
29970.931353
30127.108990
30261.815320
30160.131303
30092.004382
30069.856075
29886.428041
29533.222224
29263.797115
29522.865370
29863.408053
29977.761285
30347.932360
30459.979103
30430.432683
30048.551747
29953.500379
29602.589959
29684.399780
29593.176223
29707.945673
29677.351197
29711.214280
29778.223740
29698.347319
29618.202259
29825.582138
30182.899739
30312.946956
30333.972901
30143.991238
30009.195643
29738.457850
29343.307708
29219.734334
29709.308277
30158.530051
30507.469039
31098.462412
31133.195178
30658.639170
30164.886074
29923.021793
29642.435807
29606.234005
29821.316619
29765.188805
29515.707825
29257.420327
29218.843698
29136.039239
29093.345765
28989.783079
29164.693065
29166.876537
28991.423192
29099.878437
28975.302594
28707.358322
28435.525984
28640.223008
29142.755879
29722.191352
30111.053691
30439.056103
30577.113189
30245.028694
30252.995336
30387.512766
30825.069537
30833.644611
30947.953342
30871.324085
30844.065660
30642.910232
30807.195675
30728.897367
30926.212728
30850.217414
31055.321638
31174.998753
31622.845205
31722.659573
32065.720151
32046.411429
32006.963731
32011.471649
32221.305038
32425.814725
32513.948960
32493.199988
32549.278107
32495.924056
32204.805332
32055.840651
32053.976512
31425.823437
31078.410942
30865.388684
30755.484451
30602.222247
30468.314221
30459.905868
30334.278610
29585.744911
29253.540931
29277.444387
29227.503633
29026.780288
29397.101605
29315.111719
29472.619907
29481.682586
29774.692245
29953.678067
30503.791149
30631.203332
30360.167224
30155.562243
30099.547764
29950.487913
30054.423896
30056.214422
30332.487033
30391.103087
30147.244790
30472.702294
30950.789134
30912.249407
30992.319939
31362.566279
30943.846158
30776.728766
30632.334010
30664.628277
30548.466685
30557.655559
30798.035930
30854.482312
30843.989716
30584.523636
30457.629327
30203.748099
29972.171758
29864.556477
29957.993393
29752.943903
29793.033957
30291.286800
30412.026788
30410.520591
30731.742158
30662.001028
30664.253262
30481.410766
30493.894825
30792.088740
30996.900690
30577.495086
30878.001326
30839.776975
30761.077537
30438.399637
31000.865640
30943.062907
31044.147088
30771.710936
30861.411595
30537.568522
30543.440920
30679.740859
30666.769648
30624.864317
30491.014281
30443.613365
30119.734537
30165.133192
30560.618043
30968.205553
31325.027694
31780.942390
31952.445387
31928.697671
31793.054338
31622.655622
31425.878090
31557.222449
31704.315239
31906.872178
32331.277770
32605.636305
32518.979528
32304.892800
32454.853757
31898.260287
31859.128954
31958.558082
32106.342149
31923.228842
31962.044904
32127.549775
32006.951929
31666.631125
31353.539777
31327.097433
30861.638053
30486.575863
30279.036047
30020.737430
29463.442794
29142.618154
29082.131778
29310.359984
29658.943594
29910.335383
29879.968324
30182.166430
30187.971887
30132.365737
30049.426658
29953.445354
29579.780382
29264.466904
29057.202029
29148.297442
29840.941007
30204.733821
30496.898032
30661.463919
30921.494035
30547.659278
30450.088901
30401.523599
30567.153713
30552.144694
30802.290836
30840.993771
31097.675186
31064.643646
30937.842629
30920.233561
31146.925712
30899.037245
30849.640441
31073.688977
31194.465793
31039.477767
31265.936711
31267.866029
31414.577418
31712.292276
31738.504323
31368.026044
30848.735631
30224.762493
29674.714666
29640.038526
29750.111080
30554.651562
30901.966111
30781.265323
30468.292828
30758.514441
30402.155771
29989.845730
29858.619553
30234.071544
29921.336675
29663.423930
29754.867825
29550.309466
28870.300961
28561.288106
28613.281165
28631.019646
28954.163406
29471.979833
29524.936652
29690.817581
30100.735029
30624.993180
31121.011805
31546.653285
31640.916346
31535.826022
31547.652893
31247.868413
31083.734616
30878.265366
30865.525852
30516.817759
30182.167235
30203.405639
30313.150668
30351.857233
30401.695217
30511.719485
30280.357327
30300.740016
29970.182143
29708.965329
29842.748912
30143.695103
29907.874396
29912.403063
29804.798729
29867.126508
30080.246772
30446.966294
31029.494083
31440.613962
31505.724317
31325.931658
31607.968697
31724.902656
31822.433378
31946.941531
32395.344405
32239.522425
32039.850369
31994.562413
31852.213074
31369.166520
31127.480621
31244.999423
31261.610856
31009.463633
30740.112792
30770.613216
30358.521453
30069.785402
30224.766786
30313.597874
30312.228519
30337.271747
30727.748758
30766.874599
30808.594246
30861.369268
30986.265060
30518.318169
30185.427400
30430.817442
30132.839563
29953.773638
30055.955167
30078.271882
29671.191892
29585.062678
29258.427114
29185.354453
29304.404090
29556.620820
29989.567937
30224.765822
30421.085093
30621.238785
30664.221848
30528.675049
30698.596192
30694.124680
30549.035374
30354.943422
30245.159258
30277.512796
30178.260060
30132.657640
30270.443832
30591.604249
30494.381313
30186.140617
30182.204453
30200.778942
30060.514981
29935.892948
30341.820990
30332.699970
30105.652719
29772.075049
29491.378161
29305.480163
29001.434801
29018.320741
29033.622740
29419.509871
29598.567398
29825.472856
29827.768485
29814.341699
29562.235315
29197.953233
29197.953233
28897.588757
28931.935510
29031.011812
29367.718504
29265.577003
29505.291458
29839.524616
29993.288384
29858.655995
29701.360152
29439.380628
28960.048013
28671.483229
28694.447854
28990.318949
29511.069788
29525.889731
29877.632641
29873.188994
29851.680674
29832.992579
30266.367146
30078.932677
30093.520792
30104.533377
29993.874066
29744.182330
30104.533377
30559.409794
30760.509758
30844.528715
30998.271248
30840.662792
30691.953784
30905.600485
30850.040875
30884.615263
30744.264839
30466.208143
30086.828364
30198.950298
29845.069275
29764.942542
29597.524896
29158.787863
28649.610615
28642.207355
28326.046750
28021.354136
27875.317598
28156.193420
28348.100509
28440.773839
28669.548248
29059.636860
28973.791475
28526.507782
28701.571881
28870.029404
28770.701828
28891.294821
29219.161736
29117.346575
29109.338814
29568.275884
29481.733474
29330.932743
29203.324803
28994.376647
28821.698705
29064.959837
29711.585960
30370.078129
30855.361681
30738.794973
30849.317033
30562.241353
30351.583738
30101.126825
30286.765298
30342.132161
30284.746966
30398.031067
30458.945369
30415.851997
30093.587181
30117.859354
29729.552039
29593.189807
29632.855000
29704.403367
29922.324716
30159.319694
30168.417074
29883.376437
29633.594013
29263.123562
29089.683512
28873.897791
29013.907169
29189.685245
29407.975244
29539.693675
30048.668029
29925.866802
29851.622896
29623.395708
29653.157724
29368.257395
29325.097346
29333.457606
29579.777517
29613.834531
29739.477999
29849.774103
30167.074204
30192.575404
30212.362253
30350.651743
30548.481290
30726.455660
30421.656545
30232.367253
30246.939017
30508.076652
30132.193403
30370.392349
30451.170098
30630.338520
30323.344779
30482.224846
30537.936617
30817.295665
30327.571351
30482.224846
30598.789493
30727.963526
30620.331792
30825.132309
30995.843088
31033.818714
31199.812852
31527.661637
31505.912241
31266.867955
31285.964767
31120.342757
30994.599671
31229.831338
31525.067715
31175.878450
31130.905299
31144.185850
31127.005353
30492.644409
30439.298686
30182.547469
29906.874233
29451.496742
29667.097733
30056.307601
30104.279354
30183.319945
30614.959688
30472.705681
30035.256533
30224.763113
30064.719408
29758.659654
29812.449397
29658.203436
28957.384988
28773.272346
28674.422258
28983.163389
29175.178317
29887.011204
30301.182022
30204.318761
29838.159476
29788.974802
29685.187859
29532.422042
29575.572342
29418.461794
29653.151555
29842.670800
29812.361873
30110.179378
30351.855574
30104.460268
29752.946611
29658.145730
29506.601808
29394.649318
29286.983963
29083.743230
28788.378869
28661.546608
28535.966350
28667.215856
28520.474683
28639.021574
28505.788672
28184.038662
27854.248994
27752.700964
27817.630526
27172.194573
26637.611344
25484.357915
24168.201040
22282.773230
21312.015374
20731.717757
20619.553910
20869.822878
21970.148315
23042.163389
23510.300682
24083.652527
24180.724610
23842.185807
23086.914715
22796.195445
22334.836139
21918.604631
20865.468941
20343.526367
19980.998404
20300.162309
20157.857830
20915.501304
22032.741783
22945.271065
23402.270506
24731.475234
25751.476365
26403.362373
27316.124095
28304.025833
29018.252669
29471.326398
30305.797166
31133.719159
31652.118182
30508.798379
28753.163256
26007.051056
22249.105644
18123.724340
15378.995466
13500.421752
12227.759516
11582.342845
11276.387442
11517.153794
11821.442929
11743.956708
12209.980295
13329.370933
13806.198824
14006.860893
14131.999648
14353.422277
14188.705129
15021.503652
15787.740550
16911.210662
17513.162265
17927.489566
17971.143646
18119.510131
18132.513945
18291.670005
18738.821761
19079.727492
19779.285828
20917.896822
21899.462292
22647.827715
23062.328914
23180.870260
22865.658232
22734.442767
22702.643838
23073.750931
23658.363175
24514.624511
25094.819080
25399.758850
25499.156350
25353.954878
24964.016283
24817.154694
25427.184213
26132.051892
26505.450453
26729.568091
26561.443561
25740.553684
25043.762350
25028.762286
25067.630581
25287.244347
25643.224547
26007.080782
25835.218961
25784.892086
26026.669277
26039.045132
25855.938436
25817.149219
25854.518671
26181.794919
26427.772906
26500.967194
26347.026828
26204.934778
25318.789667
24374.897414
23648.520214
22845.494845
22060.304872
21346.292071
20880.671256
20227.026039
19553.534694
18729.734410
18074.101466
17940.144574
17282.991660
17200.875791
17076.143418
16913.929927
16004.044793
15968.939714
15783.883444
15676.614676
15422.158004
15441.254746
15431.953948
15460.123874
15204.106410
15165.042556
15287.451112
15313.286739
14804.474593
14817.195336
14515.273201
14098.106677
13850.168907
14013.637411
13457.433418
13587.391660
13632.046621
13674.222419
13622.912796
14022.510994
14115.002659
14201.316002
14177.934044
13881.965792
13223.987178
12840.337385
12454.823073
12155.353746
12284.784068
12964.480289
13041.285658
13215.692895
12967.296337
12911.339891
12693.323669
12840.279013
13070.760250
13478.351304
13527.723730
14032.926225
14222.540256
14051.102476
13857.524768
14023.100869
13687.118290
13669.663455
14001.932228
14719.696334
14855.830011
15518.024457
15205.046464
15205.046464
14540.563912
14566.434745
13928.382111
14060.081217
13970.744276
14436.957151
14913.256652
15512.659398
15697.901604
15520.644424
15595.966303
15362.821317
15300.601339
15643.129555
16204.409711
16147.936417
16035.374841
15919.166774
15641.509603
15904.984237
15657.333571
15499.948864
14999.013086
14919.451589
14044.010678
14171.119385
14364.770703
14901.856700
14694.984803
14881.130360
14989.187558
15456.959594
15770.170364
16643.678685
17466.777685
18055.634295
17246.952964
16438.227424
15870.129092
15385.916188
14441.449060
14617.581544
15330.022271
15728.888181
15746.165929
16416.110315
16651.947345
16170.805555
15836.444582
15821.510726
15422.477412
14285.636618
13040.784875
11664.977145
9919.518123
8797.050367
8546.995195
8592.398114
8868.465793
9314.993488
9446.578335
9688.156175
9752.522931
9640.891056
9630.184773
9561.117665
9522.291728
9630.184950
9599.606232
9576.588987
9587.323383
9462.435358
9322.142376
9233.332464
9164.165721
8989.120361
8916.176336
8890.304336
8904.678002
8797.023256
8827.122154
8829.136414
8846.703676
8728.381913
8785.617231
8912.136671
9102.291167
9378.161855
9659.005335
9794.263590
9938.890108
10257.671579
10889.980012
11800.939352
12720.502280
13531.956858
14051.432112
14684.204574
15346.075772
16641.155314
17731.007491
19233.750076
20148.725724
21346.250012
21868.583272
23199.598248
24019.348812
24929.886834
25387.258653
25662.085216
25353.664621
25267.311928
25209.003924
24904.487698
25192.853763
25075.898984
25127.797194
25173.015870
25492.681128
25602.228094
25915.088375
26338.492383
26614.526545
26689.760969
26702.226818
26838.406254
26428.250802
26025.183870
25782.044376
25349.916261
24719.351698
24392.249269
24033.786403
23727.459885
23435.016046
22939.389663
22201.541669
20987.048698
20324.726267
19042.647017
18265.870551
17215.648968
16637.265742
15662.557988
15590.272506
15074.690840
15398.223101
14873.575628
14565.349449
14047.317425
13969.626476
13428.421770
13911.592876
14034.207337
13807.784297
13268.584277
13103.112824
12709.478416
12722.444251
12593.553242
12365.168047
12375.561105
12259.592727
11734.887443
11623.008793
11608.266012
11136.531992
11166.338418
11071.988229
11207.566264
11403.465732
11524.267445
11452.853241
11423.047020
11215.931880
11287.059240
11329.747648
11489.560377
11491.644699
11530.035212
11452.502326
11303.109913
11174.353499
11286.728017
11154.998926
10875.008953
11089.927206
11048.882961
10673.558356
10843.560690
10912.528015
10480.745894
10206.774300
10484.704853
10366.661785
10832.888096
11136.742435
11466.565722
11410.407647
11558.546478
11142.437769
10990.907904
10901.165195
10745.569133
10569.827066
10789.326860
10971.145405
10912.937201
10878.203522
11007.001982
11216.379428
11058.926047
10947.042173
11026.764624
11126.596849
10697.383549
10595.767399
10897.670507
10990.613739
10635.012038
10635.012038
10843.801461
10595.855590
10738.076737
11268.962744
11442.116811
11493.494589
11459.447052
11288.752145
10931.971220
10691.569524
10702.876796
10737.672608
10771.788191
10642.482125
10593.288881
10197.961912
10118.496532
10110.271541
10264.472227
10510.178641
10697.546914
10937.043710
11189.953522
11197.825362
11187.358731
11228.465083
11014.915468
10667.545710
10787.980736
10602.773035
10775.187826
11021.490625
11064.346668
10869.631387
10781.183977
10759.553247
10914.206419
11220.941347
11471.463112
11924.468179
11693.895140
11257.851059
11194.660457
11099.823230
11067.700044
11464.088912
11906.391312
11734.029066
11676.603080
11415.802870
11268.850317
10911.605525
11102.454682
11072.839338
11185.564282
11241.131345
11452.778965
11310.607531
11482.123192
11397.732277
11321.932703
11356.960528
11480.151691
11329.628546
11642.720446
11838.637717
11845.002147
12231.198538
12554.892827
12816.001651
12462.316791
12415.050755
12272.274505
12281.340180
12647.768506
12806.804897
12468.356966
12393.267450
12285.038842
11916.233725
12746.786876
13883.528383
14517.350753
15218.150436
15643.093649
15091.094610
14451.943231
13774.829534
13140.282938
12596.963482
13073.449265
12913.710150
13103.596059
13382.847763
13736.990217
13374.472414
13743.440190
14194.251035
14572.604280
14564.319144
14598.571129
14674.083521
13943.181898
13098.542384
12852.553393
12268.106909
11177.983054
10332.652415
9953.896985
8700.510597
8530.090437
8754.491374
8946.284229
8978.092942
9209.399288
9269.211326
9196.632453
9541.211158
9236.953470
9553.942490
9275.285507
9299.514009
9126.364703
9371.953597
9294.233133
9453.927274
9611.733355
9376.523039
9465.170611
9269.080338
9210.172546
8919.068465
9055.255173
8753.088407
8815.261554
8573.650325
8627.580564
8748.385977
8900.919884
9076.210101
9325.513844
9092.956331
8902.559663
8710.595461
8524.820968
8363.026997
8552.864218
8565.808666
8796.953442
8917.053652
8994.550854
9232.602625
9645.959462
9868.532534
10315.078722
10649.539635
10815.533869
11037.752130
11410.320812
11626.086021
12050.855666
12611.608423
12730.162340
12717.572077
13056.358264
13155.159671
12899.234033
13447.205069
13815.348589
13635.646347
13827.989870
14229.564283
14406.324551
14810.146188
15666.423978
16089.553760
16660.670926
16949.740645
17126.353057
17161.993465
17417.171256
17837.542007
18236.603593
19011.077805
19550.597782
20053.417963
20035.835784
19971.046907
19600.883098
19706.047883
19803.567500
20006.349673
20351.920555
20709.657521
20780.323632
21138.358428
21587.482771
22053.030780
22220.282561
22479.086959
22550.226561
22530.819194
22468.258675
22603.666069
22746.678985
22633.867622
22692.113319
22711.527837
22647.808044
21951.268034
21720.843156
21692.555600
21241.994236
20998.197778
21009.471184
20620.061823
19578.614978
18756.787017
18118.213992
17586.899960
17440.107057
17472.887055
17610.630076
17409.628705
17647.671497
17863.320009
18236.516114
18919.600277
19161.541474
18591.994901
18030.808206
17513.155676
16589.361560
16304.238803
16506.864195
16660.483242
16840.902808
17022.782548
16916.374788
17147.176442
16944.989737
16711.666020
16139.751861
16118.964874
15748.136049
15055.614969
14716.748974
14816.819270
15197.351031
15597.653496
16199.947815
16303.992935
16208.623003
15583.812392
14800.810661
14613.710150
14723.684563
14551.360483
14485.559684
14565.142539
14526.753142
14733.649088
14617.435147
14538.991745
13990.363502
13717.180043
13392.045969
13671.944068
13666.107440
13666.107440
13774.285074
13424.414693
13029.719478
12652.978256
12964.234317
13170.564245
13235.535521
13659.909004
14458.384363
14328.668645
13806.655734
13670.729188
13216.994330
12255.605593
11741.915157
11523.985108
11547.685546
12203.250556
12490.694105
13086.365914
13140.283294
13095.033753
12784.549769
13010.760218
12520.956825
12465.352496
11826.568121
10935.651469
9934.750866
9790.215320
9440.737694
9612.991457
9784.083916
10196.160900
10282.601581
10159.882966
9924.498984
9734.664123
9573.623498
9345.315567
9489.729271
9688.157395
9595.528645
9641.387769
9661.255658
9676.404259
9739.060725
9812.407133
9550.444620
9645.339452
9714.250118
9722.631917
9957.758833
10389.648904
10883.281372
10932.584495
10838.090826
11068.946431
11375.461394
11380.013343
12111.328978
12577.234720
13205.493010
13717.174667
14230.085601
13997.759821
14364.681858
14497.975479
14868.207393
15282.620686
16093.601091
16654.723007
17650.778675
17934.882859
18493.300729
19192.985995
19278.537714
18993.887423
18966.277461
18917.039003
18832.488283
19376.090234
19822.635789
20299.116377
20484.268380
20747.550934
20974.103286
21204.783484
21341.888378
21465.639674
21363.590898
21527.452168
21176.303859
21116.961007
21376.024157
21596.200191
21324.089290
21347.171602
20928.870094
20697.981990
20001.252823
19576.153669
18648.515893
18507.224534
17538.749050
17264.534630
16983.654389
16753.507872
16057.121664
15912.433977
15313.118302
14820.733250
14680.709066
15042.926835
14947.688285
15010.224375
14817.575735
14804.771346
14263.211900
14028.646412
14175.161566
14146.996683
14115.008037
13989.793278
14056.567970
13900.996443
13933.652739
14147.020049
14564.358855
14689.258586
14393.213542
14406.389291
14111.153189
13588.121827
13251.995896
13489.573733
13645.032425
13745.774028
13887.516658
14198.280440
14246.281403
13891.516401
13954.981084
13891.217039
13654.331811
13462.149844
13619.228923
13632.458691
13858.303075
14074.341569
14296.599570
14276.768396
14184.248717
14427.736757
14479.836600
14369.763034
14324.009541
14182.011233
13841.437708
13344.592910
13125.158718
13105.672057
13131.351807
13175.248825
13581.683702
13930.743114
14441.767918
14706.896824
14938.054732
15062.854675
15235.838983
14942.830943
14798.486554
14357.835466
13885.540941
13393.344318
13369.563364
13557.237416
14050.690110
14418.974617
14827.102383
14559.633357
14333.074677
14050.178908
14142.268986
14093.160317
14643.082466
15065.374639
15359.759704
15093.956489
15062.496914
14973.585016
14794.112047
14485.562878
14213.987556
14276.641423
13816.720791
13238.877365
13221.996621
13329.424492
13238.896702
13789.369113
14492.279205
14960.292297
15477.741378
15801.328668
16040.557428
16206.839639
15877.151315
15825.034609
15861.727626
15740.921380
15870.113306
15968.003262
15575.324303
15266.714948
14923.574432
14347.801604
14472.016663
14733.642975
14888.639117
15347.968135
16286.979703
15988.310084
15768.725276
15099.558995
14051.058331
12810.711731
12216.018209
11597.134609
11137.015956
10714.739902
10216.117700
10180.759619
9912.950327
10111.231689
10083.398695
10061.828992
10069.819682
10090.084695
10012.044660
10219.017960
10195.817609
10066.633330
10335.975211
10353.280537
10213.238085
10347.188653
10465.473793
10232.223729
10079.127837
10143.844204
9953.911198
9685.452127
9909.683571
9894.556215
9784.192960
9603.305878
9698.296583
9467.578703
9325.490733
9238.543312
9221.479264
9257.757930
9355.267183
9477.706090
9632.993214
9941.781516
9943.450244
9980.498136
10264.743836
10715.940409
11158.208987
11428.872053
11737.350483
12336.915436
12729.946363
13418.167031
14463.213399
15516.353338
16355.520504
17496.573664
18160.557282
18238.572632
18828.028879
19285.264286
19464.274825
20303.816806
21600.103722
22290.756067
22864.662273
23183.549979
22942.228843
22822.027981
22849.683649
23123.657083
23413.136176
23753.219932
24138.256441
24507.847755
24567.929491
24897.985886
25350.892758
25420.791800
25526.459708
25580.432704
25084.950952
24493.219522
23932.561120
23270.266331
23035.124675
23216.335345
23030.880392
23054.257698
23595.861462
23570.215374
23731.739766
23673.172981
23752.489834
23686.886492
23685.236205
23490.831035
24208.890528
24202.845426
23887.886368
23613.917135
22889.095144
21217.224637
20165.675243
19447.757550
19043.329336
18987.849878
20038.303578
20088.991317
19589.128657
18977.945717
18428.194394
17166.129099
16603.467036
16430.385088
16128.569845
15431.904842
14944.580088
15014.130682
14817.501204
14738.545595
14944.969262
15240.761639
15204.908801
15323.443162
15271.670009
15502.588183
15656.178767
15816.578069
15770.735113
15935.100948
15924.313591
15564.296284
15159.794315
14868.448891
14515.224504
14288.817478
14706.730404
14799.931934
15004.959788
14603.316292
14176.893386
13401.647971
13103.744284
12607.843310
13459.777432
13778.992564
14061.642427
14205.804177
14775.168587
14733.666708
15266.719746
15998.159492
16815.206018
17634.426215
17807.262550
17397.721120
17256.818182
17195.720892
16434.259071
16011.649581
16226.987830
16391.070270
16482.100512
16997.204330
17716.018944
18296.278676
18205.679666
17845.535814
16927.285217
16398.333253
15889.634341
16288.123447
16720.087762
17408.212945
17837.541666
18318.776968
18413.612412
19232.687503
19429.038684
18932.424718
17843.071984
16475.780155
14998.911608
14211.002396
14316.915849
14138.316911
13367.963196
12269.086769
10905.650620
9223.222260
8485.825801
8235.585470
7730.273821
7827.349411
7947.801956
8070.763855
8226.084928
8683.375175
8898.761024
8963.056439
9034.717905
9237.448775
9182.537259
9072.110721
9083.396671
8835.174923
8693.063795
8728.698598
8910.140825
8998.106511
9017.802909
9026.612447
9066.543454
9181.105591
9640.829021
10673.531787
11558.514400
12639.757443
13670.623866
14753.910274
15441.386823
16035.249662
16545.076276
16763.019098
17293.375866
18417.350149
20345.520074
22336.991220
24561.321414
25742.949017
26271.525516
25708.657654
24508.300872
23406.570312
22701.576955
22101.443585
21881.427104
21885.294429
21721.264898
21488.972959
21195.299409
20860.947957
20609.207121
20380.474097
20060.771067
19839.286897
19694.388115
19127.453402
18620.356906
17938.831378
17688.384785
16469.193122
16128.574122
15205.091708
14609.941038
13632.745742
13775.011999
12960.675634
13202.409303
13174.629847
12982.571443
12622.149309
12968.598917
12947.354342
12846.028544
12729.800897
12557.015061
12281.754026
12294.924597
12305.620101
11978.513443
11911.207779
11953.280620
11778.216833
11407.084442
11761.228880
11708.919543
11582.320620
11164.120233
11176.848068
11126.760838
11205.120545
11133.084356
11264.473875
11508.526250
11450.232555
11501.609881
11645.309154
11671.670091
11631.171164
11572.767318
11686.700951
11415.808085
11180.918690
10889.870060
10718.815931
10436.982783
10381.601513
10215.714037
10536.890629
10464.139176
10256.494377
10301.273018
10484.572516
10529.530732
10716.955949
10811.801277
10657.678860
10793.998049
10509.359758
10263.616834
10189.558021
10180.811367
9919.692304
9805.739369
9698.110836
9676.402640
9667.841508
9823.161937
10000.067713
10252.780225
10452.783614
10637.029738
10384.972069
10324.346065
10406.143659
10406.143659
10649.541495
10828.548942
10990.638925
11111.290763
11547.522853
11244.900369
11643.254689
11654.770860
11520.778472
11017.979499
11193.802533
10904.487042
10876.155212
10634.998508
10624.077887
10645.087659
10787.841924
10811.684426
11206.255525
11542.685167
11466.506784
11552.740296
11706.229847
11886.668732
11995.314047
12250.593846
12158.344299
12173.271095
12130.241935
11886.455612
11772.186916
11968.638099
11968.638099
11743.991180
11979.362919
12077.058940
12071.998877
12102.574855
12519.266050
12445.222051
12532.237978
12883.734100
12944.786581
12948.096842
13002.125092
12856.435059
12504.840209
12908.272641
13082.760006
12955.762722
13065.556340
12945.079667
12716.839119
11874.837512
11642.624685
11563.316400
11835.010829
11811.392066
13037.767268
13619.312302
13930.654511
13857.593339
14096.656384
14081.598207
14259.018828
14643.223532
14978.076296
14339.384584
13897.552967
13657.747410
13611.024153
14003.314884
15198.677147
15904.699826
16625.105346
17255.139358
16871.301944
16254.375518
15677.801109
15035.507254
13880.547361
13778.915430
13669.051564
14138.664007
14699.389270
15338.418834
15306.059797
15156.877894
14523.003113
14074.340995
13227.968814
12548.446460
12110.741050
11302.170821
10268.172767
10004.083896
9591.751436
9196.871716
9158.135350
9028.172946
9085.688783
9264.908613
9394.311709
9191.463062
9357.163893
9220.354656
9248.140044
9183.156668
9269.287015
9287.060578
9060.185399
8954.902219
8978.236379
9071.801168
8994.151127
8977.424931
8936.168363
8858.313027
8730.280128
8788.743161
8592.398017
8501.593209
8419.779271
8387.421386
8266.617109
8393.562474
8544.708173
8516.524159
8501.585332
8316.142665
8377.257719
8191.735953
8333.831800
8344.900908
8672.881179
8710.630943
9077.278733
9416.442081
9983.654397
10356.919760
10549.244940
10583.905847
10288.678596
10232.217216
10149.914478
10391.229792
10441.086820
11213.175352
11280.239467
11798.013180
12415.274064
13326.249384
13060.374239
13049.323990
12622.540881
12373.425502
12002.482627
12636.495355
13753.622760
14774.849055
15455.901243
16273.133641
16821.379854
17004.048836
17086.811452
17610.728287
17986.094787
18907.615506
19602.340556
20467.295698
20718.805514
20807.511403
20054.254093
19763.643780
19698.986836
19781.129956
20122.384029
20803.751633
21399.120487
21770.180145
21793.290988
21773.700094
21588.101953
21077.462562
20764.456599
20980.292447
21111.848495
20974.083676
20933.094369
20846.178839
20427.618946
19812.675765
19648.830384
19832.095187
19502.024520
19688.338934
19511.616340
18911.716489
18247.699758
17433.702588
16647.419471
16075.768870
15557.620802
14714.554549
14560.913530
14258.950328
14178.351488
14510.749284
14594.667796
14536.269035
14371.335432
14011.719479
13597.154822
13818.954853
13907.814204
13809.973449
13774.248870
13622.907607
13001.893992
12607.082555
12297.767581
12317.011799
12213.449279
12241.424288
12118.458665
12112.236392
11884.303957
12127.853666
12259.470248
12586.652075
12680.349681
12771.128483
12470.576335
12772.316476
12792.293644
12766.541822
12965.126717
13170.532840
13006.354903
13056.242738
13074.968009
12597.797576
12879.012899
12967.459968
13038.869891
12960.662406
13374.506050
12731.214224
12728.117211
12708.550174
12604.439121
12718.614914
13290.499860
13797.870971
14093.247680
14759.137493
14968.714366
14826.872366
14174.981893
13691.857565
13722.934330
13798.442779
14389.583869
14553.502322
14969.691171
14602.474356
14624.101976
13822.917407
13918.183206
13603.300464
13336.714589
12717.516981
12764.920222
12137.055215
11979.657857
12197.469310
12542.615003
12756.460063
13190.064538
13125.169372
12861.273183
12940.502854
12837.279675
12647.666080
13048.365791
13442.355904
13256.287659
12945.734785
12900.258108
12564.325929
12449.955532
12443.901086
12434.556118
12520.945965
12368.159680
12209.709503
11489.174542
11264.460671
10828.520377
10368.897972
9983.680803
10004.942408
9854.966772
9694.960104
9694.960104
9585.042822
9572.286294
9651.779121
9408.009216
9356.238822
9165.509051
9269.203964
9181.047917
9290.741630
9310.352674
9318.838651
9066.540162
8961.173497
9021.106329
8768.721842
8768.721842
8865.896096
8898.526255
8729.583665
8706.163554
8678.603914
8583.736849
8333.781169
8445.674819
8684.840363
8761.295519
8910.174847
9268.936210
9300.196865
9272.484765
9154.083131
9188.664810
9175.662565
9412.983199
10004.159238
10437.361107
10420.393419
10673.144164
11115.126712
11591.343731
12332.402710
12990.350987
13555.471291
14023.255208
14352.202124
14836.078161
15657.581640
16030.969026
16304.857578
16259.529942
16313.049012
16562.804096
17024.374437
17037.178405
17896.139107
18363.563630
18544.933943
18840.601749
19407.847580
19209.515373
19461.108640
19918.329670
20371.512407
20507.344534
20789.893105
20709.865171
20702.818423
20649.213105
20918.439861
21061.246679
21209.348695
20963.424155
20775.406922
20820.626329
20566.489157
20593.824460
20717.224053
21014.861856
21126.834860
21333.931052
21374.523807
21535.879012
21395.722907
21080.341466
21106.654798
20943.973109
20945.623396
20710.249976
20676.116978
20212.382861
19894.606760
18753.538595
17938.716982
17126.899313
16896.490178
16236.274690
16584.058304
16501.859670
16415.527485
15748.666689
15547.895569
15043.015179
15314.273209
15483.104771
16089.540613
16584.342595
16737.933861
16763.102445
15831.215184
15148.110380
14233.617304
13839.098243
13038.681790
13527.791015
13827.991597
14065.103650
14050.397819
14364.757129
14423.146798
14246.365146
14696.650968
14948.948159
14981.464281
15084.872680
15016.176574
14451.686187
14194.308048
14031.007733
13633.194327
13400.686873
13527.617833
13568.387340
13671.870059
14237.977582
14733.646943
14706.503975
14526.840213
14468.895726
14056.562178
13683.737495
13556.332385
13776.246479
13349.835207
13212.009408
13198.472763
13420.491458
13463.729426
14055.224797
14210.473143
14320.559133
13918.156924
13618.727960
13212.483082
13281.192509
12986.232548
13130.800473
13285.426344
13251.346327
13059.135789
13252.666438
13075.066933
13109.795782
13316.986267
13148.721407
12930.974476
13135.801359
13032.847152
13215.864773
13489.668698
13923.353642
14259.834141
14652.277606
14820.696520
14788.529385
14115.106040
13846.645253
13212.329125
12468.191219
12256.433904
12972.621759
12672.846638
13058.924096
13871.701347
14694.294181
15165.887686
15984.989526
15976.451570
15726.320123
15697.906896
15708.958710
15842.308180
16344.740044
16648.540425
16310.644984
15378.815884
14561.664099
13871.674885
13891.096333
13921.144580
14063.610319
14353.287928
14551.503658
14129.045779
14260.257414
14847.226702
14660.974471
14598.570088
14154.674619
13526.822924
12501.626392
12165.321982
11395.433053
10862.340309
10068.882416
9598.475963
9147.543214
9048.308927
8858.319659
8948.912124
9025.025861
9077.246121
9010.601641
9170.233736
9290.762567
9202.593582
9179.966732
9416.457381
9481.320488
9345.334615
9183.226456
9092.943208
8946.212245
8786.207604
8797.026222
8997.992496
8923.689934
8669.145296
8890.913688
8936.283275
8675.569440
8755.583028
9014.935964
8850.921049
8788.471851
9077.235827
9115.515171
8819.973703
8901.950913
9426.161710
9762.687921
9950.655640
10419.738563
10672.145642
10713.018463
10880.964076
11246.206926
11673.723914
11874.468606
11999.433817
12411.597951
12749.846703
12913.726440
13515.571695
13925.440618
14011.833115
14098.250537
14348.294998
14666.192626
15282.707816
15893.107168
17029.781661
18149.260819
19087.930470
19635.970445
20606.357528
21107.244539
21289.455609
21636.196890
21772.063868
21787.265657
21666.690091
21860.710039
21901.646999
22214.734842
22153.939177
22626.015595
22662.696083
22360.682818
22138.486951
22241.786799
21857.384712
21390.868653
21302.556110
21453.561724
21242.091554
21149.215547
21531.169552
21623.570578
21597.797610
21642.723160
21730.131405
21578.390152
21604.893273
21620.151557
21604.893465
21407.927404
21731.135834
21782.958604
21418.295154
21363.052961
21199.312360
20416.495255
19880.102074
18802.998355
17540.872895
16521.312681
15796.410312
15043.093935
14977.203750
14829.652992
14967.934534
14481.759800
14248.785152
13727.068309
13571.935360
13106.194644
13384.117363
13048.134477
13065.532104
13131.779703
12673.011054
12433.719853
12286.397146
12424.922143
12099.723583
12327.650700
12043.239689
12019.184700
11833.603883
12036.918658
11916.062986
11870.302828
11953.072259
12082.081161
11954.625891
12146.983641
12343.162722
12143.180001
12103.736358
11867.368109
11509.036321
11362.164415
11666.304426
11530.582245
11526.264941
11983.195976
12169.470294
11981.263720
11901.379067
12141.325851
11675.842057
11679.725971
11694.882108
11573.787104
11196.670261
11268.777818
11089.843859
11259.828544
11149.924497
11509.537077
11694.581034
11563.062081
11655.075014
11944.865894
11797.970503
11725.542526
11749.631926
11542.681398
11568.756524
11793.102207
11548.842796
11683.417869
11343.990181
11245.242535
11325.212705
11472.672246
11361.044779
11578.554349
11462.705070
10994.174746
11005.257098
11406.338691
11386.682668
11501.087892
11766.613781
11827.294821
11793.135323
12146.830178
12394.784043
12250.487432
12260.427621
11935.261335
11701.864001
11728.213246
11876.588202
11874.853493
11900.953268
11913.922689
11810.698178
11931.436085
12121.406946
12380.436985
11992.139417
11953.310678
11899.452784
12117.648024
12451.174816
13163.563240
13512.793732
14034.542151
14183.307667
14264.997939
14388.152068
14146.957710
13764.778654
13442.751644
12886.205451
12593.473105
12908.260544
13342.050814
13244.812645
13555.154900
13779.061774
14040.506321
13760.022170
13971.108320
14032.208981
13913.173269
13046.820877
12627.275960
12784.482313
12069.959229
11642.962310
11867.607854
12130.334500
12016.375611
12771.354662
12997.864930
12667.796117
12244.979382
11578.483951
10875.300059
10756.664674
10452.726897
10113.535884
9752.338847
9348.520314
8694.642510
8826.877266
8809.212664
8927.722743
9076.921072
9196.963434
9124.194473
9095.679047
9093.432704
9026.919637
9059.777265
8962.335110
8880.308359
8728.358156
8507.936001
8317.856223
8154.147430
8057.072480
8018.990234
8051.347408
8023.301900
8064.290773
7870.139163
7760.119989
7557.592114
7559.243679
7520.667125
7553.027015
7730.395932
7827.471522
7668.188870
7676.817639
7592.685418
7414.962121
7509.880733
7609.113731
7540.082071
7503.409156
7217.782620
7053.832347
7127.178392
7349.374362
7565.098103
8091.920628
8478.066226
8659.273607
8805.995238
9220.366468
9330.171946
9351.756268
9435.877424
9705.532462
9701.082036
9855.258472
10028.248851
10420.501327
10787.838856
11303.046120
11766.646152
12597.137485
12832.203662
13382.665052
13998.847613
14775.570794
15288.956367
16091.202997
16166.796294
16829.442946
17366.888372
17864.798354
18454.064078
19424.403572
19784.820779
20489.630452
21242.143568
21812.095950
22018.598161
22185.310947
22018.102506
21726.939325
21491.596863
21427.339529
21474.582641
21417.771099
21253.399887
21378.297807
21466.586970
21482.187558
21623.614492
21766.216733
21802.490910
21885.178117
21837.184946
21845.853243
21832.947365
21647.387546
21831.124078
21906.254996
22062.700205
22673.472728
23298.918487
23499.253681
23773.258007
23894.073778
23758.220538
23842.193356
24025.304711
24422.629463
24758.576870
25031.095010
25132.148335
25091.182982
25223.010925
25402.212349
25484.402308
25398.717482
25493.078859
25124.701618
24874.274874
24497.291366
24289.836850
24002.753138
23776.181395
23513.783123
23753.128549
23649.256198
23826.686713
24268.834203
24393.301791
24253.436571
24512.451157
24408.975056
24137.334259
23936.357784
23703.317537
23398.821949
23431.204438
23323.301057
23499.199208
23585.198510
23846.215346
23912.957131
24286.312481
24614.232414
24756.620871
25047.439742
25384.190992
25395.538732
25513.643139
25776.719374
25639.014260
25384.149997
25470.079560
25629.423206
25817.098683
26038.892142
26561.352193
26783.586822
26946.227160
27252.383436
27636.763866
27636.763866
28006.082392
28221.198264
28352.831746
28305.204868
28439.575566
28135.657427
27772.960225
27543.969040
27389.138772
26778.656546
26743.852422
26843.805680
26761.573836
26477.346567
26567.080620
26252.184013
25937.249146
25848.567006
25762.514246
26099.034322
26219.523211
26300.245853
26244.129651
26531.060534
26552.576628
26628.451606
26638.320644
26602.436958
26340.615872
25974.298799
25920.260893
25835.370008
25567.602690
25678.189116
25600.326240
25361.216485
25054.492908
25054.492908
25056.061880
25170.587826
25384.201734
25712.282029
25964.907941
25783.453420
25563.041910
25500.615530
25361.220923
25085.393002
25024.785823
24975.161598
24791.832390
24554.830336
24717.039168
24850.105501
25100.012959
25428.406077
25728.954152
25629.681220
25873.879330
25960.186311
25673.013316
25712.539522
26043.330105
25987.032867
26125.096187
26614.611404
27147.858522
27581.563744
27934.978902
27821.636918
27669.666416
27305.469418
26922.111707
27221.865189
27416.499302
27621.012884
27976.160003
28220.431841
27933.670380
27894.616151
27883.681796
27657.281596
27549.494248
27411.411298
27511.322459
27405.012598
27157.448940
27221.932102
27047.312761
26872.743632
26591.909490
26786.616151
26715.654663
26810.539033
26725.970080
26940.726121
26846.813181
26865.935799
26872.744692
26935.297928
27142.425541
27188.664006
26917.074838
27244.934834
27622.429377
27467.446588
27223.340062
27362.473043
26724.235407
26074.610810
25910.674775
25969.266362
25824.651801
25917.641702
26224.038316
26264.432118
26140.253907
26319.410033
26559.305435
26578.202051
26822.304602
27093.203536
27244.556974
27343.514674
27263.938517
27221.188816
27172.082526
27117.974895
27066.192036
27484.696816
27840.981478
28441.147447
28592.526514
28736.860858
28575.164344
28281.873126
28006.978424
27612.073460
27033.914714
26770.398057
26576.681318
26263.412520
26190.715381
26052.369069
25827.848577
25598.807804
25561.432628
25397.231304
25783.190315
26052.459314
25878.536674
25687.632915
25629.521013
25567.094570
25633.054541
26043.358349
26618.670378
26992.516650
26931.401453
26865.403608
26785.008646
26167.736186
26460.727216
26734.234472
26700.430152
26844.660514
27007.423170
26629.834427
26382.055422
26179.396487
25866.806105
25754.548137
25495.283460
25400.334207
25187.356018
25210.290175
25143.073475
25208.187709
25035.299926
25074.230794
25089.014364
25099.573942
25166.566920
25388.155066
25383.193275
25311.274803
25161.270127
24951.597726
24647.429090
24673.327077
24828.636262
24890.005546
24924.641865
25384.099848
25824.443391
26057.302323
26518.292095
26718.871265
26591.880394
26915.741199
26992.655496
27107.137417
27155.109509
26977.394872
26617.702408
26037.578014
25586.441404
25580.325366
26035.531123
25783.003293
25888.335115
25734.053166
25630.247545
25313.188637
25700.231119
25893.651471
26026.715927
25932.054035
25784.966057
25351.675594
25464.182689
25446.847371
25161.843077
25336.970045
25805.118688
25701.276410
25887.930397
26506.491347
26461.059105
25911.278104
25706.853865
25567.116662
25452.511164
25581.162392
25499.892708
25435.180606
25037.700239
24547.863887
24431.794231
24756.898535
24718.320264
25199.116493
25632.352166
25674.893179
25431.455975
25420.791695
25550.394681
25347.331111
24967.341498
25099.144432
25416.070493
25151.600551
25190.396165
25466.061892
25490.113776
25002.752344
25133.259325
25444.739614
25502.404864
25285.097605
25507.128733
25318.872974
24728.129871
24607.361229
24628.510950
24507.889915
24681.193680
24733.072064
24728.382046
24750.229380
25183.856217
25183.856217
25399.638016
25125.324331
25069.240272
25015.570007
24733.657766
24893.609648
25378.893106
25469.688610
25121.898161
25551.098290
25435.083665
25234.222372
25132.576766
25551.098290
25428.442803
25333.731148
25254.154354
25320.562140
24912.949022
24439.110363
24561.657594
24538.344649
24432.218550
24410.859556
24453.384921
24024.488599
23704.479789
23663.834025
23734.993454
23977.741842
23904.764650
23561.984647
22977.245499
22444.166625
21955.796479
21681.984061
22011.507886
22395.873801
22339.871114
22206.494581
22022.865883
21833.043335
21565.794174
21479.442378
21151.407864
21199.055395
20974.192550
20661.464456
20241.208444
20196.219877
20195.129386
19948.691151
19599.530221
19524.106959
19350.279010
19350.279010
19429.628696
19704.044762
20070.558091
20138.447957
19678.956744
19603.392375
19847.324247
19417.984686
19699.056214
19891.330324
19740.316071
19421.434513
19636.347267
19589.880931
19821.442112
19760.601126
19767.140841
19596.831385
19019.192664
18380.161340
18290.144519
18261.529243
18330.934407
18567.426669
18994.593103
19163.460657
19100.735074
19267.263039
19214.038460
19064.769655
19198.847550
19574.489084
19313.238256
19471.863306
19711.144942
19359.686258
18763.865837
18248.336098
17679.402667
17228.400029
17319.072643
17412.181712
17784.893076
18149.255609
18323.470899
18820.089957
18943.586113
19307.622701
19170.098938
19236.899990
18708.428952
18945.384794
19109.285395
19839.357203
20195.575858
20756.417367
21183.591431
21291.192620
21517.839137
21554.759471
21339.046712
21010.928380
20853.407129
20616.935796
20750.135175
21477.278707
21928.045198
22318.505826
22515.473789
22681.378419
22610.189862
22752.567901
22803.920482
23079.389599
23308.057385
23832.180720
24472.682779
25085.684854
25580.509988
26091.970101
26081.216205
25632.563415
25572.071310
25479.362667
25455.217049
25670.748018
26262.401016
26527.411769
26800.733754
26966.726354
26643.245453
26783.514125
26742.377438
26452.287152
26262.620681
26031.580463
25341.250878
24745.854364
25046.591336
25223.019561
25749.826384
25632.834018
26099.034320
25716.002584
25530.556477
25461.837824
26160.662712
26315.797878
26460.132674
26399.421576
26192.216773
25890.168458
25773.940617
25772.087013
25692.239031
25628.194350
25770.157640
25644.721219
25674.436818
25624.892831
25324.679521
25295.000482
25438.844286
25723.098108
25996.745498
26784.003588
27138.191657
27090.550230
27168.939768
27348.112506
27543.919875
27388.959989
28273.635283
28516.411773
28682.289578
28632.874942
28725.803034
27934.185392
27193.175976
27014.547489
26794.594506
26421.305624
26358.323679
26946.400309
26968.211800
27203.985370
27522.963959
27539.861838
27198.917313
27147.856728
27227.560140
27007.397252
27005.528174
26988.394757
26861.181674
26917.087018
26954.067127
27044.622075
26889.764923
27338.928184
27455.663421
27779.016650
27875.714746
28418.132249
28419.464963
28195.263168
27690.408749
27615.034000
27132.387569
26750.867142
26403.375518
26841.721230
27339.365043
27897.975489
28164.140088
28435.514007
28385.923096
28090.399551
27855.811221
27892.364489
27905.485169
28042.898924
28299.427227
28204.927070
28148.831814
28459.402659
28495.941313
28297.947826
28610.407227
28927.690800
28701.524683
28733.844655
28638.740953
28579.406896
28415.715331
28326.600839
28592.488050
28460.362238
28767.319559
28725.058037
28823.578779
28672.649992
29218.777130
28979.193452
29195.250214
29031.086836
28655.360241
28375.658810
28373.399221
28584.554233
29057.118725
29395.441497
29292.224377
28966.426120
28352.008311
27807.638377
27607.754226
28029.384402
28239.266369
28845.277826
29641.532413
29969.893975
29557.309199
29640.080954
28975.729007
28276.001430
27972.375029
28093.450278
27760.548166
28037.241513
28365.539814
28499.077643
28896.715025
29277.031949
28983.177961
28336.137045
28118.779459
28103.254884
28533.157179
28951.244720
29663.119038
29936.564129
29820.452731
29613.617507
29914.923274
29663.072985
29677.580066
29373.510748
29018.293988
28489.336057
28483.155943
28112.463197
28353.403005
28535.929613
28902.976937
29038.243824
29150.132457
28755.715214
28702.221990
28184.839061
27643.923133
27240.348043
27246.165939
26933.816300
27156.263242
27332.826126
27856.969291
28059.569720
28254.192650
27967.863784
28273.771722
28853.724269
29274.428756
29455.707093
29989.245605
30150.792996
29911.718790
29755.804853
30009.844013
30199.531350
30064.068262
29550.472456
28998.478076
28419.865624
27714.539828
27527.507330
27536.134333
27684.538526
28021.353756
28489.169778
28726.546490
29033.277069
29330.980619
29134.330133
28712.973914
28808.255474
28510.723459
28782.590020
29230.800167
29219.801855
28661.630102
28171.259178
27177.198346
26250.841878
25792.907029
25465.047221
25605.458522
25534.407964
25455.490467
25387.239945
25254.775789
24904.200867
24873.997679
25170.186186
25454.835497
25644.540445
26084.431155
26244.129604
26346.018326
26574.550465
26755.995572
26718.855693
27059.702624
27074.856233
27271.278465
27263.981662
27363.172235
27076.760047
27305.037333
27387.771393
27805.606096
27919.939801
28178.670032
27926.816417
27586.273307
27282.061689
26976.042585
27198.364735
27257.171107
27304.692497
27690.449860
28303.836788
28536.049592
28931.997291
29009.865178
28899.259956
28434.570152
28017.402572
27752.718264
27916.920726
27787.571317
27968.666850
27858.309973
27705.969865
27348.231657
27121.676965
26757.165365
26819.771857
26724.696296
27102.128814
27449.292738
27770.496225
27718.938088
27591.642848
27171.882462
26899.674924
26733.411843
26562.288864
26556.845529
26457.400791
26455.461957
26069.115410
25886.121859
25701.305837
25820.254515
25656.375831
26061.822502
26437.297082
26678.347334
26696.005008
26930.931404
27002.074719
26757.862203
26566.342910
26192.250125
25700.934732
25586.441004
25480.330834
25353.728763
25712.028028
25669.243637
25498.769348
25349.757300
25200.714909
24931.359285
25086.690273
25091.201523
25188.210186
25357.619725
25855.883011
26375.858249
26718.855693
26941.105372
27432.162818
27125.952605
26814.938300
26769.868873
26786.625228
26946.066511
27221.761752
27316.258445
26954.071224
27273.439481
27005.132245
26856.275975
26696.041409
27028.506189
27082.437015
26988.934957
27444.193607
28219.254725
28672.099037
28622.203192
29379.527799
29633.897800
29513.531719
29658.185614
30182.333514
30053.802691
30279.814004
30418.249657
30558.304237
30744.162965
30928.223223
30794.325020
30971.355184
30675.904296
30370.007579
30168.720559
29871.598535
29543.260741
29833.580372
30038.795340
30235.749386
30630.736952
30943.467694
31098.589346
30919.933484
30843.975431
30530.265891
30360.120266
30129.437725
29732.884225
29539.744707
29414.955595
29246.254005
29028.801072
29253.269378
29287.100418
29912.403793
30104.559524
30315.769035
30382.880892
30486.588607
30109.358712
29891.288910
29321.949143
29148.769046
28842.542201
28395.728630
28175.810594
28335.688966
28244.298697
28488.141046
28649.860263
28544.146744
28403.967509
27907.385985
27325.908198
27132.143610
27209.651405
27252.387943
27543.872294
27465.882177
27396.025544
27076.895933
26999.681082
26732.137497
26856.486981
27139.106887
27290.052300
27303.650619
27637.156922
27728.767489
27478.109227
27595.152688
27737.300005
27955.336242
28084.271621
28341.010647
28798.739261
29116.211064
29011.884574
29066.579929
28862.022983
28424.089969
28274.856254
28120.122689
27781.270180
27758.159444
27942.879608
27682.482919
27958.251812
28165.591149
28331.760525
27818.063543
27936.401034
27643.867381
27442.902970
27337.282160
27845.917954
27886.962232
28076.585741
28533.902282
28719.357002
28941.402548
28950.714000
28952.138767
28613.428048
28483.993203
28106.762524
28273.531220
28674.265077
29057.139305
29287.600902
29491.141170
29533.653845
28919.108320
28728.322196
28650.440823
28595.235486
28608.263584
28903.074480
29127.427495
29320.083793
29455.529715
29606.343614
30092.302626
30315.918110
30458.911575
30952.329272
30793.102110
30726.374198
30590.645030
30396.944986
29598.349790
29663.121089
29393.989521
29676.974653
29784.196923
30576.830068
30459.910885
30406.246602
30330.322203
30387.921770
29963.206232
29989.301258
29969.918392
29912.390594
29893.077857
30093.531471
30169.039515
29899.089472
29439.947802
29184.120429
28794.873197
28521.109486
28631.448572
28692.900844
28528.725556
28435.680429
28366.855828
28259.326608
28325.668112
28482.731387
28404.143246
28337.681343
28385.807792
28283.682016
28113.039890
28219.164749
28667.293424
28934.805810
29048.630182
29096.571446
29070.663158
28761.977345
28733.997042
28499.117097
28631.151487
28844.671374
29367.150478
29754.847755
30173.950816
30557.911492
30870.688021
30749.251717
30939.545201
31336.825482
31387.348221
31369.373154
31577.288655
31318.459068
31093.414194
31246.625279
31227.937052
30912.396936
30987.345879
31175.893240
31288.780180
31708.929522
32049.680781
31928.810866
31876.381992
31479.807325
31557.004135
31779.545451
32286.075383
32208.169558
32475.727431
32427.387011
32069.268886
31899.204147
31927.540555
31855.798518
31627.256181
31823.332992
32040.758904
32392.155732
32556.415994
32653.760846
32543.951975
32495.897551
32483.213387
32433.687387
32317.261910
32215.920880
31767.011523
31398.894904
31148.347869
31268.726596
31532.269387
31640.819103
31629.573365
31414.498738
30998.039833
30277.471825
30011.905008
29755.785005
29592.578619
29721.688459
29885.219804
29810.457951
29438.100335
29674.875323
29502.269201
29934.169470
30309.186095
31138.695229
31460.482598
31524.877459
31370.818216
31205.715442
31039.671682
31147.969496
31380.711117
31439.472288
31573.099057
31674.667463
31460.841234
31681.064096
31564.648700
31521.138926
31121.200356
30905.651592
30418.343201
30425.061718
30402.899512
30219.052994
30229.885310
30229.885310
30098.739231
29762.162081
30098.685955
30219.029787
30035.606215
30113.241589
30419.388804
30244.649599
30112.668353
30058.434707
29739.471559
29242.690825
29168.901386
29220.089585
29559.379784
30100.950145
30711.113430
31164.731585
31175.293826
31222.602849
31352.601435
31468.417196
31694.827637
32085.288261
32147.076859
31801.080321
31569.733442
31009.424919
30446.026918
30212.522321
30519.107650
30744.075669
30912.524066
31279.669309
31725.882685
31681.050162
31885.851712
32217.908204
32591.245367
32591.245367
32794.015874
32355.786499
32229.574309
31749.875071
31601.302486
31560.252383
31705.103916
31740.598863
31824.776335
32145.143438
32252.797803
32323.482723
32820.511103
33252.024395
33271.480350
33130.900051
33400.550614
32820.675034
32471.217413
32074.345091
31757.840511
31481.088630
31607.983295
31379.973956
31601.508024
32074.225334
32238.426217
32170.145801
32163.964799
31824.890074
31536.010819
31130.823441
30807.156241
30925.949966
30862.583863
30710.085704
30871.256861
31186.908294
31353.177702
31797.313467
31995.510789
32047.463883
31757.887691
31289.199999
30636.061293
30198.652115
30391.791059
30844.556395
31097.811651
31289.146184
31684.478775
31274.666183
31246.636951
31326.575084
31738.598281
31490.351250
31216.008837
30865.377803
30639.005869
30114.100846
30207.149705
30725.862016
30558.052064
30577.257108
30909.984166
30576.016871
30295.258790
30406.625910
30156.634228
29739.932156
30121.767700
30009.931208
29883.278109
30319.134324
30506.989796
30181.636911
30377.431992
30548.471555
30345.918462
30343.015867
30365.128429
30117.413370
30089.818756
30143.704125
30331.445052
30370.076149
30322.757016
30079.169797
29852.164482
29557.023568
29483.914672
29674.255654
30119.951014
30486.636362
30418.101734
30748.111879
30794.877021
30251.892006
29876.085943
29882.993299
29704.046745
29246.160695
29253.156510
29282.839254
29216.121549
29371.275064
29774.639756
29999.250469
30048.636181
30464.941178
30440.866213
30456.196443
30333.518110
30460.198110
30331.644932
29833.153381
29825.098714
29820.301539
29589.468718
29216.214486
29156.326593
29158.066122
29343.805327
29495.293227
29717.758811
29883.497390
29708.615171
29810.575515
29804.345421
29829.389998
30038.738376
29993.674499
29708.142813
29645.295150
30148.131334
30707.090834
30877.721500
31268.302889
31594.870115
31414.706451
31240.228438
31667.286935
31614.878325
31595.178368
31651.996842
31587.013887
31610.157769
32099.445732
31913.291393
31852.976995
31546.907038
31331.276370
30721.580339
30870.843522
30896.484122
30939.644810
30968.117965
31600.854831
31613.860248
31708.448400
31647.955868
31365.763009
30868.126170
30529.717043
30512.014353
30892.198532
31014.693096
30716.511393
30679.742470
29734.568112
29064.529039
28770.802605
28728.177482
28566.342247
29242.177106
29332.135253
29472.462762
29286.866661
29314.675596
28958.319199
28667.151605
28444.068513
28254.166970
27934.555435
27620.218525
28098.189002
27902.454795
27769.445305
28028.338612
28103.322915
27803.852665
27911.038033
28169.702273
28215.030044
28622.256839
28793.698440
29009.386304
29497.478809
29802.030815
29907.186541
30064.583115
30136.217287
30119.221130
30187.933220
30453.675685
30410.556057
30503.459829
30530.205416
30507.127055
29851.221930
29432.536966
28739.981621
27972.155062
27682.844039
27633.050822
27690.069749
27969.666632
28221.395432
27947.175528
28178.634491
28357.560677
28454.522731
28226.301159
28586.519307
28640.068413
28806.938829
28870.617650
29359.474597
29325.130708
28999.471999
28870.245807
28579.194034
28459.014999
28000.845595
27910.755256
27714.182286
27679.778507
26941.163226
26715.156112
26393.278668
26350.416418
26270.777214
26486.107144
26676.106631
26930.762871
26561.549231
26591.889615
26502.691645
26543.953365
26478.728118
26901.906662
26893.396096
27439.316084
27625.072835
27982.899057
27896.737315
27866.422514
27673.883230
27654.550999
27473.630309
27432.248879
27434.060122
27389.529235
27418.184913
27398.355611
27529.765851
27586.273573
27759.936379
28063.971555
28443.698121
28581.619124
28674.406820
28655.323819
28435.483972
28135.857916
27704.042703
27742.517121
27759.955954
27644.924459
27789.918768
28370.397088
28641.931263
28794.434508
28939.173402
28868.429288
28725.598307
28228.832291
28191.170519
28227.737397
28262.364112
28121.629527
28482.758637
28605.261181
28292.335430
28055.063132
27822.315412
27601.902004
27273.698575
27172.416812
27289.615589
27395.210151
27543.866119
27456.835348
27860.018458
28000.829426
28059.265805
27942.736779
28073.657432
28038.833200
28071.461609
28136.036518
28284.695405
28380.158479
28555.009123
28897.962603
29514.743246
29527.727533
29862.531828
29993.696557
30021.534126
29707.036738
29926.406554
29880.320974
29783.429923
29505.179916
29269.778408
28903.042269
28511.031763
28207.259605
28293.142523
28250.649739
28287.574654
28608.801467
28631.008717
28419.078820
28701.632430
28760.100436
28682.107570
28823.930951
28880.651966
28376.014807
28339.899121
28187.228652
28010.361120
28084.211611
28495.940882
28621.662476
28579.100814
28559.538668
28516.363855
28386.094958
28136.131435
28487.878684
28753.145497
28506.521045
28159.776760
28120.896256
27668.535009
27822.962656
27875.490698
28103.472074
28332.199706
28331.045478
27925.203821
27946.936842
28190.696384
28212.222496
28290.246316
28065.422979
28096.365839
27543.863692
27528.519292
27511.858794
27627.858037
27522.806865
27608.148349
27218.472798
27244.334211
27271.780473
27215.784696
27097.008030
26995.504447
26665.567528
26309.623269
26331.195192
26260.450044
26477.870141
26884.065338
27468.681088
27423.422545
27543.937176
27490.298755
26986.835060
26729.802614
26492.799473
26346.140089
26160.666388
26118.143975
25967.252683
25949.930536
25924.296922
25928.376104
26272.809430
26340.266283
26430.474681
26801.350401
27237.609397
27469.863712
27627.695756
27905.938754
28028.772908
27979.305553
28074.317351
27932.878987
27875.783625
28111.858841
28298.967673
28028.395790
28418.801624
28692.810152
28476.408584
28582.015382
28884.992317
28451.673133
28216.146699
28151.203282
27991.981036
27822.676264
28062.334748
27796.701867
27880.953566
27734.338098
27822.847624
27987.278720
28207.198315
27851.291698
27822.847624
27370.364969
26889.640205
26906.556100
27245.001649
27519.251459
27709.609806
28160.074267
28326.500262
28281.665557
27975.170753
28036.780413
28010.339636
28243.844842
28148.810847
28200.282151
28475.741147
28596.126430
28587.059198
29087.819737
29568.605055
29512.132806
29623.686563
29057.093603
28631.596742
28638.589482
28524.235168
28221.496809
28596.856481
28661.876372
28321.220070
28226.255408
28633.519852
29028.613527
29235.973145
29257.375736
29491.541828
29109.759068
28959.232306
28903.044799
28887.932508
28613.196617
28899.377015
28837.285960
28988.869674
29126.860041
29513.515573
29424.763768
29216.094277
28581.569167
28361.580680
28113.450150
27734.343637
27102.135212
27007.350278
25913.785627
24777.487314
24126.002670
23571.223761
22855.150092
22948.073711
22673.414773
22166.354130
21197.520184
20114.284566
19214.256602
18527.210694
17325.371676
17256.152907
17422.687401
17558.116006
18448.700054
19916.173128
20783.155550
21378.314131
21544.638693
21574.396357
21641.562972
22107.183055
22647.257179
23778.981782
24471.106996
25131.420401
25523.700033
26209.627552
25804.604086
25254.177925
24246.599570
23875.811252
22747.091035
20840.113272
18165.952397
15968.013800
13131.124423
10884.821885
10091.031210
10465.650581
10431.123628
10410.028924
10411.712937
10301.540797
10324.725139
10323.626079
10609.850018
10713.595278
11069.219893
11483.872004
12411.643400
12740.067292
13466.665321
14105.196293
14051.648661
14283.016593
15251.729312
16259.177166
17362.227557
18419.461162
19769.707626
20578.782444
21430.572816
22240.102113
23392.914705
23900.149934
19116.645147
13953.260064
