5731.397926
8060.317228
9981.196107
9931.610011
10090.750493
9925.153939
9510.381125
9775.195542
10013.782237
9932.540633
9707.497838
10060.778754
9842.571791
9740.584623
9701.581762
9776.939610
9672.922857
9672.922857
9717.945251
10075.355770
10416.982737
10108.273944
10117.920461
10219.903956
10134.644830
10040.837122
10183.517688
10289.897366
9989.665735
10112.290793
10324.535743
10496.348810
10610.323308
10955.922217
11100.878704
10845.448647
10904.551255
10704.138730
10446.874700
10287.416945
10434.429690
10524.112607
10592.696009
10557.528489
10343.372797
10288.030003
10098.260398
10272.232323
10443.993660
10636.218772
10568.693259
10658.388340
10486.174818
10331.262462
10051.244581
9928.373337
9948.831311
10019.227800
10303.138270
10595.244350
10791.534927
10550.424221
10165.683689
10067.345834
9910.273373
9842.685838
10006.214225
10631.324458
10533.353350
10709.099991
10704.720760
11111.672134
10953.240283
10963.559720
10879.726437
10851.174625
10458.786177
10619.101866
10659.746388
10539.533236
10831.553301
11005.122734
10706.688347
10884.640761
11021.481089
10927.558736
10657.464696
10851.860839
10533.313591
10398.502313
10235.068579
10308.589434
10174.312013
10268.215867
10033.217102
9865.327118
9702.104914
9852.690467
10173.590515
10702.836474
11072.448501
11274.705918
10953.944805
10805.103255
10854.134700
10582.183133
10351.270011
10523.426341
10560.477566
10249.797145
10441.913163
10862.665296
10918.918829
10646.944678
10702.634642
10743.250786
10598.035522
10810.435682
11024.911717
11145.670636
11511.503199
11784.842637
11711.103980
11766.122305
11516.932297
10895.965258
10329.815791
9966.880220
10042.552186
10361.523999
10667.945664
10884.669200
11127.043393
11196.575874
11073.963197
11090.176205
11082.041566
10903.553807
10533.886682
10613.874923
10668.587717
10609.579458
10691.547177
11196.509021
11431.244882
11409.062268
11399.110447
11539.040581
11316.263396
11324.721156
11420.607985
11592.216697
11794.760855
11821.210495
11847.869503
11815.416789
12054.110823
11693.440885
11789.430159
11948.843515
11940.658897
11399.497137
11353.032992
11067.057410
10284.694579
10055.636513
10656.382279
10922.864814
10773.970429
11525.721996
12216.302266
12128.525265
12160.594009
12742.904478
12468.804918
12250.380697
12221.908933
12215.939495
12262.743162
12313.896592
12172.806623
12440.548366
12719.037500
12355.265946
12161.440157
11887.558278
11574.990277
11348.257192
11119.597595
11058.516099
11003.159463
10933.568178
10624.953158
10835.559552
10858.121023
10964.181073
11039.730495
11120.045343
11009.401336
11154.993983
11052.755576
11121.903428
11500.544220
11590.519749
11600.889516
11703.119525
11415.121673
11212.612470
11353.435269
11582.363848
12036.207317
12305.471985
12373.794964
12490.133720
12192.108117
12038.718021
12030.595419
11968.203824
11620.929849
11294.280178
10997.971544
10952.996668
10936.790935
10971.638406
11388.493257
11451.592234
11329.285827
11417.223504
11638.238848
11576.766292
11650.228936
11564.593126
11255.871878
11117.050001
11094.447875
10949.342081
11028.941108
11662.368974
11727.803859
11866.748839
11927.984814
11887.203383
11792.926147
11927.781102
11721.378627
11795.018926
11782.875612
11720.500896
11716.545198
12023.102712
12427.676466
12817.869407
12719.454474
12562.146265
12429.531622
12100.431973
11638.756079
11111.787741
11136.336617
11303.916547
11240.473890
11430.423350
11881.513120
11799.713121
11922.068027
12110.283233
12249.123755
12343.105100
12373.890771
12300.454187
12212.235544
12498.810216
12590.673067
12819.767513
12999.414210
13330.003372
13316.282809
13397.984240
13768.036101
14035.884587
13792.953240
13541.200802
13477.404048
13184.775143
13048.282291
13366.483377
13577.282268
13448.795923
13534.666604
12925.879819
12578.079654
12557.934245
12756.772486
12472.391528
12879.336354
13372.885212
13636.938679
13544.573852
13681.903181
13436.668477
13115.769805
12952.813492
12870.508253
12823.162803
13319.487664
13194.645811
12920.739893
12968.950040
12894.957530
12304.721727
12161.855834
12212.489053
12128.670749
12263.396315
12502.703630
12439.106230
12739.302724
12911.574931
12889.454646
12879.352620
13099.983137
12758.572971
12871.175326
12874.961783
12966.746964
13177.406274
13194.092468
13291.972653
13414.455098
13625.382341
13721.019103
14329.950148
14443.821577
14654.826005
14268.835768
13451.073830
12976.997579
12616.413792
12559.155826
12796.020539
13584.680525
13776.993496
14059.928792
14361.344932
14615.640705
14398.993067
14421.256579
14365.373441
14671.076167
14994.351117
15930.154137
16489.672164
17431.943722
17629.722673
17593.368464
16802.022994
16085.130775
15133.876048
14751.390337
14773.694693
15671.111772
15906.284132
16143.663443
15620.795374
14848.926363
13541.136592
13101.904327
12879.519043
13257.404824
14052.074319
15690.620547
17182.424095
18036.176891
19269.856827
20244.467572
19705.855318
18826.527893
17632.530037
16363.526924
14606.447505
13852.332598
13578.883728
14689.438266
14981.483615
16464.993797
17870.260478
19355.763728
20023.371001
21396.039121
21737.431707
21743.365431
21179.155780
19594.318698
17634.820698
15887.886188
14351.198494
13867.155171
15174.674074
16440.567434
17678.192706
18606.124353
19203.606937
19158.851679
19559.704604
20235.868202
20380.688820
20250.187139
20273.662313
19867.822719
18947.788344
19370.905942
20335.226946
20719.675040
21218.493890
21619.110831
20728.456745
19694.637002
19726.523740
19908.440183
20825.909347
22427.673153
23637.131798
23310.444296
22804.170899
22550.252826
22578.659642
23012.418943
24041.885747
25004.681890
25384.886312
26060.731218
26109.838428
26673.456677
26846.478312
26973.532109
27198.589990
26861.095692
23783.230739
20851.129719
18196.642249
15781.968945
14807.450734
17105.783965
19555.727258
22078.739812
24077.164894
25431.821816
24664.449023
24055.211834
23714.185700
23416.006324
23391.354124
24601.479924
25727.851312
26673.653349
27405.332008
28132.461459
28810.130607
29195.961935
29423.019296
29479.966403
29367.592356
29225.392892
29017.338078
28555.858164
27961.561173
26968.839140
25742.822213
24005.914992
22054.838425
19849.737497
17546.807789
15429.239206
14104.887907
13063.071477
12701.091443
12153.451325
11668.697909
11693.203938
11928.285336
11887.453099
13156.572294
14883.509257
16095.064660
16979.852305
17684.382512
16984.265262
16064.166426
14926.054705
13974.280863
13187.550945
13207.873184
12898.901748
12927.650205
12794.962224
12874.735847
12725.287951
12793.632098
12538.179152
12450.318544
12285.115608
12068.113695
11575.324821
11540.418558
11679.488998
11367.054745
11350.876913
11527.045809
11670.083039
11555.579197
11259.295944
10852.555293
11051.262492
10936.582639
10674.977735
11028.495254
11475.814269
11139.415785
10898.170624
10931.160676
10596.002528
10107.850044
10037.408550
9927.268519
9765.901396
9551.328677
9718.500531
9690.567794
9825.389462
9580.356000
9676.266395
8910.171990
8848.144164
8759.888950
9064.486227
8909.270639
9421.973434
9225.546041
9305.492463
9293.257237
9515.539295
10006.296019
10180.450341
9706.698142
9216.406112
9234.457264
8677.027241
8526.545751
8542.623553
8916.720596
8906.891519
8949.490728
8804.632217
9017.562249
8888.960598
9211.945093
9547.006883
9766.932369
9658.993015
9765.515255
9813.990364
9583.287300
9481.363901
9526.271397
9246.018788
8911.263831
8825.073797
8973.951281
8842.712175
8896.026362
8648.859058
8356.481897
8182.048202
8346.104327
8468.406135
8752.271658
9185.037337
9275.959312
9171.561503
9191.722127
9181.512184
9200.241066
9388.122895
9347.567952
9284.290277
9276.216088
8902.126014
8603.089426
8507.822429
8654.898937
8599.304528
8956.885011
9289.344419
9532.680396
9543.134381
9530.651452
9728.790003
9771.311087
10008.016773
9905.862753
9848.887165
9589.378383
9272.362684
9004.945838
8884.333720
8929.095468
9064.100706
9288.447145
9457.979756
9680.836878
9768.695111
9533.714889
9513.938663
9429.979749
9446.232103
9579.173946
9628.321562
9283.570656
9001.468137
8950.353738
8923.882849
9230.125153
9514.643149
9710.983106
9874.433600
9859.811081
9839.221462
10025.604952
10223.804371
10328.043939
10303.376034
9945.963547
9655.235339
9581.542496
9234.234190
9238.319615
9612.357265
9906.771131
9884.429857
9837.637599
9953.779321
9675.940610
9358.941356
9396.257815
9406.402249
8871.177789
9143.111228
9148.899845
8916.077720
9140.769793
9512.765398
9293.754300
9574.714077
9472.252957
9341.250780
9382.576961
9486.462067
9552.337134
10177.962068
10139.396687
10167.657573
10371.902450
10335.747049
9974.434647
9939.705835
9780.488543
9712.565041
10093.676026
10379.791106
10508.259265
10898.424174
10663.525224
10248.913439
10210.232687
10381.651180
10326.528473
10369.564492
10245.206628
10118.056729
10249.256411
10418.824817
10788.670348
10868.871183
10842.238520
10660.232248
10592.942503
10196.756773
9907.762944
9793.682552
9995.671855
9785.316068
9748.565005
9948.890936
10128.577017
9907.908423
9761.166446
9979.815009
10045.596040
9868.363072
9720.626666
9685.796597
9614.673763
9793.347613
10087.182335
10330.462165
10534.736838
10691.867782
10243.266381
10077.756508
10108.310409
10461.729580
10365.552500
10782.520480
11121.650096
11215.760523
10837.819499
11056.275861
11066.390075
10855.740687
10823.296232
11000.814158
11101.179029
11028.780267
11004.377287
10791.924705
10575.164062
10326.161054
10362.210941
10370.138302
10319.379708
10491.051006
10315.103191
10467.289679
10812.952258
11025.110083
11037.638710
11450.215797
11390.271100
11173.607021
11246.873732
11430.889453
11144.816849
11351.422325
11604.835301
11704.772317
11766.047593
11995.215155
11680.319784
11351.448851
11294.277493
11114.414061
11184.072198
11354.080505
11221.257060
11115.060864
11221.258705
11121.289219
10939.095675
11390.523173
11319.020472
11135.296503
11041.365757
11101.257864
11060.230266
11142.054988
11430.118820
11393.441114
11359.457814
11299.908898
11228.497977
10852.407262
10601.153182
10527.170846
10128.478592
9769.104963
10022.518369
10314.621351
10745.255507
11609.395042
12086.024592
11764.888396
11609.393766
11589.852271
11389.860481
11390.001998
11575.740246
11520.961074
11434.896966
11571.555963
11967.799718
12164.360001
12450.221116
12287.823896
11752.969329
11486.985397
11384.889522
11360.136459
11578.728076
11550.100168
11345.936778
11231.665947
11133.337065
10812.888328
10792.178595
10833.114120
10841.366490
10865.918573
10992.303792
10982.166956
11071.886092
11098.277421
11165.718288
10715.272082
10631.109670
10559.576012
10271.394429
10383.746712
10830.953861
10865.639347
11108.614996
11382.558242
11102.684469
10890.048920
10673.714607
10232.186991
10162.718668
10381.431381
10858.300969
11154.750880
11158.643009
11473.306759
11240.399748
10727.328544
10733.686670
11091.215989
11064.379717
11219.925607
11305.854000
11201.675063
11238.503148
11332.597899
11428.490651
12087.677861
12570.217289
12396.447286
12198.232550
12130.690173
11930.402180
11480.754843
11556.265833
11582.982149
11703.529084
11144.278402
10997.347906
10797.318912
10833.790031
11111.796398
11546.546569
12061.502866
12613.200484
12392.208645
12016.543137
11982.409203
11790.239827
11532.953427
11761.774591
11727.208086
11584.680702
11678.676506
11543.929028
11351.772671
11298.998634
11376.981391
10933.349968
10996.815759
11164.323867
11425.846784
11550.095409
11744.050588
11638.189901
11380.458473
11022.826198
11073.160311
11058.866976
10928.025360
10950.647155
10917.786155
10570.908838
10595.714041
10791.822424
11171.882693
11668.316154
11742.744915
12081.788118
12279.811033
12455.658692
12257.495179
12475.936060
12332.603676
12341.236228
11907.698690
11783.183496
11450.415706
11648.620115
11585.137885
11622.125547
11548.562551
11837.383708
11690.337501
11687.903558
11757.585885
11710.639561
11768.579175
11670.614357
11701.359933
11608.967633
11629.686517
11431.095731
11527.291503
11435.378002
11496.587073
11318.972818
11236.688889
11285.758820
11571.657354
11737.474887
12062.131125
12298.522419
12306.649139
12077.736710
12104.673006
12331.224887
12237.265483
12063.578274
11714.221258
11000.831847
10582.148908
10842.641463
10758.702020
10673.281512
11290.218927
11674.264640
11740.142687
12206.079356
12582.181253
12614.722683
12765.938827
12695.797401
12272.634974
12462.851223
12866.997554
12730.788239
12495.860463
12583.914510
12308.187960
11820.096766
11613.313221
11673.453581
11522.252552
11671.358442
11704.104919
11650.902953
11605.012822
11948.183111
11860.331868
11974.952845
12313.922373
12165.616074
11830.376969
12216.626619
12292.486636
12198.356260
12488.640140
12503.285977
12077.855436
11957.633281
11722.640056
11857.224170
11960.865308
11736.747754
11570.862218
11926.481046
11766.002080
11782.669856
12058.342601
12003.147122
11649.579012
11655.951948
11428.787557
11222.266423
11204.053289
11199.840273
10723.173187
10819.322454
11199.216449
10992.769336
11156.253577
11845.685798
12058.210808
11945.827156
12303.033516
12634.383159
12602.403465
12865.841745
12749.422118
12557.194773
12244.501914
12112.001123
11967.067636
11950.615256
12232.824248
12390.302459
12474.522488
12300.884630
12676.651019
12891.175105
12736.167812
12453.550404
12710.616509
12949.695213
12659.931370
12743.283832
13140.439471
13275.287315
13224.119080
13485.585858
13467.154303
12882.027617
12749.380693
12422.572633
11958.699542
11819.971602
12324.467650
12365.562488
12430.789632
12655.596271
12545.581446
12467.141535
12019.696688
11921.656483
12091.286052
12723.036291
13013.421431
13199.218291
13483.073856
13615.914211
13417.988491
13341.367618
13868.434829
13798.803835
13835.658085
13772.825119
13818.622531
13635.028773
13777.764821
13743.744240
13787.953045
13593.824507
13500.218895
13354.725707
12909.440093
12390.275189
12312.255314
12538.715729
12618.317591
13217.287451
14741.288222
15367.065782
15306.907550
15368.344674
15301.613994
14402.125423
14558.716813
14962.784559
15285.714670
15672.196094
16256.460690
15721.316403
15119.002847
14714.111990
14511.877216
13952.051428
13936.167169
14207.134566
14704.198096
14634.971729
14770.107557
15065.905781
15540.638026
15610.047776
15309.564865
14814.874538
14937.126067
14788.163840
14184.483081
14303.326003
15225.404181
15839.907969
16046.859493
16373.319639
16759.982330
16979.959585
16747.989769
16872.773650
16856.536182
17110.258531
17405.344413
17413.311929
16734.734625
16770.972479
16896.119791
16549.248906
16979.792361
17641.637607
18099.505424
18783.798886
19602.779058
19994.227039
21118.163123
22118.788248
22570.361973
23097.976349
22891.168089
22652.293155
21651.017567
20572.119959
19399.041352
18729.945856
18319.868816
19113.764022
19696.200209
20199.075298
20966.924607
21471.281518
21606.098931
22239.545564
22343.349149
22972.580905
23410.326007
24148.048686
24920.651050
26048.013397
26470.724891
26981.655627
27108.082741
26871.096525
26294.795584
26016.581102
24733.430761
24241.245963
23789.800546
23985.533176
23835.064864
23967.946492
22188.608759
21033.880580
20059.986287
19949.255980
20364.225715
22149.615375
22922.256552
23336.793223
21292.750396
19237.745891
17946.185486
17570.106826
17559.855609
19622.171342
22010.142510
23606.242967
24631.387703
25163.177233
25489.650597
25994.148790
26529.562578
27169.353657
28142.300319
28999.342330
29216.196370
29113.925409
28756.460365
27937.136713
26498.310035
24588.077600
22311.778386
19831.241963
17330.106927
15306.407175
13876.161325
13040.543751
12609.118691
12077.781723
11438.531226
11344.998809
11177.439609
11857.929247
13126.587580
15018.425121
16005.167487
16924.649971
16671.582179
15747.962834
14418.878473
13407.920381
12594.223101
12036.962347
11607.651792
11074.613749
11068.308343
11021.515714
10992.788024
11366.837877
11675.261762
11640.543011
11677.452530
11802.049223
11716.187659
11850.438785
11589.198883
11409.183274
11388.699017
11488.622191
11108.118172
11291.715553
11181.623060
11024.066168
10721.912512
10884.425424
10884.425424
11043.638851
11049.508615
11331.806371
11329.735818
11229.170526
11174.374617
11086.842817
10753.139830
10430.835812
10396.169292
10267.554231
10157.188299
9570.559986
9366.030797
9398.685044
9309.262653
8902.379753
9268.098655
9674.833933
9411.730600
8998.634845
8929.019214
8753.328255
8713.616533
8498.718183
8594.635452
8621.569456
8429.106257
7828.172201
8096.080326
8300.335928
8001.557277
8063.176474
8301.779170
8171.071798
7829.560678
8097.007394
8121.865695
8009.802509
7796.787257
7736.364641
7740.307168
7873.106112
8225.458090
8511.469911
8609.888363
8611.614203
8736.360074
8922.936312
8879.902074
8992.166542
9157.603386
8771.662727
8649.426650
8439.151541
8224.347999
8333.133973
8614.587435
8295.683270
8398.114064
8667.819435
8649.543709
8651.381526
8587.215413
8207.365978
8096.775663
7841.275478
7631.531849
7757.927166
8137.542732
8329.405361
8492.729643
8164.301764
7889.229454
7687.289199
7386.889732
7147.751163
7724.139767
8090.340612
8413.961392
8752.617645
9063.432152
9001.841841
9057.830829
8739.138998
8565.618512
8523.088749
8574.128874
8786.072639
9352.155907
9530.033407
9425.804670
9656.483170
9692.839486
9817.346432
9862.344204
9966.428046
10019.723079
9795.246326
9513.499109
9225.096355
9266.122527
9192.282573
9328.629206
9218.405348
9349.794475
9161.161830
8611.410535
8489.379055
8703.896971
8674.980054
8685.095796
8994.104760
8785.575191
8479.204430
8589.241370
8858.965961
8853.154716
9103.508080
9262.575982
9371.262336
9254.529386
9350.931491
9412.731866
9351.571126
9353.683506
9594.653489
9615.086066
9596.977665
9776.790885
9621.675070
9536.136075
9488.588389
9428.722715
9717.052501
9976.316361
10035.465983
10233.527711
10528.458716
10156.553585
10183.008960
10082.669405
10203.026953
10319.700339
10654.777025
10609.859734
10681.188636
10750.830035
10702.903789
10516.621323
10545.469113
10522.823237
10253.403280
9982.658728
9990.506295
9802.553779
9849.625322
9723.371164
9618.809941
9651.854048
9790.566478
9592.407556
9956.063339
10254.753756
10158.483740
9995.190147
10197.385038
10314.038086
10047.526403
9824.567462
9822.791698
9941.109891
9528.525745
9328.246308
9489.484117
9847.152471
9644.872122
9916.469860
10235.150405
10112.584369
9961.469734
10271.696272
10204.039830
10037.922923
10377.339400
10177.014135
9707.158290
9747.952801
9697.956174
9479.213012
9689.687044
10012.566172
10024.796581
10211.077323
10364.611630
10403.501722
10242.245563
10058.674434
10126.743410
10116.632173
9942.673173
10034.454870
10361.584854
10473.689603
10555.544979
10618.858240
10610.437860
10302.174831
10400.075007
10250.854042
10212.301793
10308.409143
10380.056863
10075.116547
9913.564679
10122.315123
10149.259828
10063.051513
10421.513081
10703.676058
10458.514632
10303.226660
10503.429383
10050.747992
9711.288304
9983.123834
10332.421264
10426.554832
10785.171205
11251.226216
11585.863227
11531.077182
11526.982712
11412.480844
11367.724515
10871.214569
10460.287391
10207.063362
10202.890300
10127.533598
10129.310969
10346.129098
10432.278993
10403.956370
10218.142180
10162.830687
10295.600124
10434.451091
10554.968136
10988.128700
11188.317146
10818.644798
11069.716582
11111.852766
11199.579896
11177.360858
11526.699773
11303.987445
11147.592606
10720.521969
10761.545285
10931.128363
11067.763535
10789.308622
10873.181695
10967.186463
10670.790941
10540.092176
11221.263644
11721.978087
12007.958640
12302.196081
12273.336042
11764.564748
11368.312235
10988.317825
10661.487914
10446.836586
10737.352329
10541.309298
10565.812446
10904.767980
11135.973304
10951.619751
11000.328376
10885.933570
10992.435104
11358.057141
11400.215909
11406.396973
11473.556576
11054.471952
10646.063297
10507.854279
10689.645271
10851.194418
10857.429880
10884.099238
10977.986305
10616.399033
10206.141481
10479.477220
10501.930107
10752.187491
11085.621961
11443.182873
11199.754598
11097.702403
10785.120234
10930.316489
10750.511222
10729.738584
10568.507649
10703.013690
10627.267842
10606.740380
10265.467199
10232.785791
10100.508464
9773.298786
10059.557790
10633.757488
10762.671279
10973.045112
11371.349295
11097.626070
11071.262322
10944.298753
10964.345394
10627.369420
10709.089234
10507.004363
10766.174537
10577.901714
10757.630712
10878.447592
11199.138921
11303.392536
11643.986521
11850.307831
12414.165541
12238.655425
11968.544690
12004.583568
11796.289612
11410.527420
11659.640760
12368.439635
12332.309507
12561.315825
12371.392006
12305.638977
11952.466852
11934.119823
11876.891974
11992.753121
11594.354422
11532.793933
11564.726136
11860.783900
11677.182269
11906.153037
11834.417929
11615.973255
11193.153610
10982.803169
11129.746032
11368.816120
11340.807400
11203.741293
11647.154371
11545.070943
11673.714511
11841.939709
11989.217771
12156.734132
12226.282808
11727.690120
11543.309082
11667.922057
11385.916672
11136.645432
10956.908588
10958.676686
10605.630317
10433.805102
10533.901876
10738.023131
10962.774491
11189.256888
11540.738946
11677.797171
11871.726275
11705.373115
11748.288096
11386.708923
11121.220641
11106.967140
11108.859006
10961.938619
11016.651813
11170.142768
11523.738264
11379.266417
11514.200374
11544.958320
11691.802148
11381.303789
11585.525103
11543.020732
11737.249730
11524.464371
11540.741947
11761.225209
12088.067980
11886.025956
11977.914064
11681.500095
11333.015026
10854.907753
10717.938726
10865.234936
11228.630119
11356.936876
11589.938885
11681.723116
11428.474989
11254.763012
11551.277786
11674.008317
11960.004949
12239.912532
12337.953655
12121.688992
12575.133829
12866.999208
12941.007119
13343.511760
13503.483489
12974.610928
12418.344602
12284.099272
11872.921159
11815.454155
12072.694271
12141.939052
12352.596494
12456.758669
12390.544912
12108.750394
12357.824550
12415.093651
12257.815915
12319.681020
12351.007214
12109.571968
11931.769621
12248.422674
12070.014420
11871.726275
11916.853605
11978.084631
11665.521704
11990.443337
12129.023792
12218.947326
12588.982056
12893.219517
12803.211046
12874.616770
12717.301882
12400.401465
12249.362333
12227.258487
12112.527733
12311.244808
12077.832353
12086.410118
12204.916468
12580.732913
12472.103180
12919.722752
12709.471841
12382.758805
12256.008397
12719.537061
12750.443966
12589.117459
12526.942146
12461.173142
12205.976038
11871.114088
12324.437086
12705.290502
12731.601788
12580.888502
12835.768072
13026.142912
12897.953846
13128.587641
13132.735569
13065.301503
13443.444903
13467.301246
13040.528140
13326.663834
13300.170777
13085.369323
13500.410097
14098.448042
14170.746535
14303.176852
13972.247991
13814.179325
13389.321411
13052.768023
12666.941424
12597.734116
12297.441959
12330.202792
12413.880222
12381.357801
12430.239662
12386.028733
11852.615998
11488.994330
11793.560548
11615.885509
11479.645419
11964.119978
12000.659369
11730.685643
12198.681652
12679.778067
13167.932798
13480.320291
13995.377232
13852.317898
14050.742031
13960.780873
14679.996977
14894.945686
14747.509746
14391.209598
14097.074677
13422.640039
12962.774371
12897.587958
12831.295820
12584.000749
12571.408792
12663.428611
12839.489893
12737.289204
12723.392853
12784.240621
12402.174772
12314.225069
12480.796608
12893.287296
13022.030251
13616.641871
13692.389271
13550.301589
13198.824805
13143.256143
13000.343914
12767.519494
13001.815000
13034.527140
12858.770907
12329.860433
12337.734412
12403.956699
12872.082686
12888.189410
13213.104068
13394.513471
12895.850508
12141.842115
11947.912725
11808.918881
11943.823447
11755.127945
12000.661916
12480.954389
12815.600444
12672.846018
13422.473326
13963.866555
14205.391946
14586.484446
15065.061470
15010.732729
14967.969769
14610.376708
13778.605575
13625.911430
13754.023147
13864.132060
13930.296882
14272.758136
14358.521899
14783.667875
15414.560279
15748.056692
16176.737332
16070.922288
15906.433844
15743.066983
15624.705949
16355.393658
17017.750079
17557.048212
17677.892722
18327.399559
18422.995312
19058.918258
19616.276259
20116.863073
20682.384051
20469.974739
18766.227362
16817.673884
15348.838776
13569.375476
12561.916969
12927.569932
13653.263321
14325.172916
14897.309169
15557.689655
16290.981220
17414.972762
17968.920666
19415.912003
20404.480311
21092.676106
21205.146782
22134.891169
22574.804162
22674.303098
21601.966869
20706.046285
20242.459770
18950.734586
18658.686624
18979.716957
19682.702480
18741.136096
19027.235961
17451.927097
16662.672807
16401.971406
16747.881701
15887.776265
16208.087439
17045.937424
17338.012992
18133.690779
19726.926095
21302.257432
22518.068756
22858.741358
23330.073365
23504.514056
22901.755197
22766.579124
23229.409859
23654.823784
23989.998066
25625.976602
26249.233363
26520.223030
26611.938418
27081.642239
26855.005301
27004.008511
27663.239790
27809.977848
27965.623991
28094.312907
28234.959380
27968.758931
27952.469717
27936.599252
28420.335064
28810.253170
29020.994980
29225.392383
29004.660819
28443.162660
27648.239389
27082.699408
25807.978905
24439.411389
22597.971819
20448.412005
17943.523013
16080.560212
14526.891166
13493.752397
13129.614364
13049.452292
12456.996566
12340.895787
11850.245185
11470.046928
11901.010345
13384.083248
14471.710418
15791.661680
16572.015401
16706.328964
15672.231780
14609.973796
13862.025052
13261.419563
12433.514677
12589.017725
12617.425606
12666.609492
12860.368015
13075.202220
13371.158606
13765.710487
13873.985735
13734.893985
13704.677492
13402.651823
12918.288340
12454.525861
12325.552808
12169.570728
11850.645626
11250.211477
11077.861875
10996.581258
10922.427887
10287.023027
10141.864786
10227.961600
10256.556951
10100.103470
10287.947012
10561.984497
10522.953650
10153.076443
9922.702840
10310.798510
10564.371531
10435.330785
10472.487464
10534.547759
10103.446953
9561.833304
9218.611304
9251.171760
9225.202542
9229.210869
9396.795928
9529.874647
8769.491352
8729.909140
8704.931768
8817.802332
8594.537372
8997.027076
8856.927358
8787.230400
8848.719070
8746.660435
8848.719070
8993.126501
8621.421071
8337.352149
8137.118335
7754.960640
7540.947659
8139.125900
8183.900199
8513.179589
8509.049827
8194.315776
7832.781493
7595.704165
7464.824987
7824.878688
8171.203730
8439.132236
8839.366186
8884.287537
8718.986728
8670.707995
8391.023235
8086.316700
8190.470506
8401.044041
8491.008106
8349.908692
8505.313653
8640.429122
8752.630626
8776.329087
8907.479446
8723.414143
8821.798415
8790.882182
8672.985063
8822.087468
8736.133809
8492.769496
8452.001359
8274.130481
8066.995339
8360.174086
8423.454899
7964.885576
8107.318181
8274.845724
8072.455636
8181.222189
8415.889404
8552.501160
8594.904571
8609.735414
8448.366871
8433.753745
8241.450841
8024.305904
7983.922635
7927.071988
8051.417811
8045.204143
7992.755393
8343.797751
8501.081686
8934.231360
9112.810153
9447.357317
9386.568299
9350.169099
8945.129274
8391.758911
8075.680847
7826.108781
7417.329797
7226.917555
7896.801034
8166.344954
8307.768742
8671.016192
8750.540131
8784.922503
8768.274608
8645.803456
8748.102603
8937.834851
8937.834851
9340.652617
9945.575543
9645.058061
9338.467821
9188.758274
8509.779218
7968.220030
8360.884896
8508.071478
8621.961761
8914.305784
8889.669064
8699.738612
9100.216312
9044.163217
8939.558119
9089.107004
9203.383661
8796.666192
8628.349957
8534.472281
8274.791627
8174.541497
8058.581769
8126.300641
8171.381096
8463.719718
8692.352064
8864.119393
9060.480715
9332.296430
9485.724985
9238.238718
9224.338627
9145.450303
8907.033012
8839.386369
9008.750308
9364.274550
9460.662235
9716.564181
9570.888925
9693.348673
9669.595751
9741.212588
10037.418671
10213.447079
10096.701583
9737.142658
9723.342574
9289.613942
9196.050514
9281.832268
9437.170770
9294.522461
9558.418384
9748.318518
9666.448328
9388.354244
9464.704204
9505.601883
9609.586457
9238.118474
9485.598661
9391.221492
9281.087930
9039.673108
9266.414068
9371.012874
9605.439507
9754.133158
9997.215711
10318.289477
10539.141094
10465.065464
10369.192404
10332.104465
10499.403720
10325.891282
10419.817644
10548.778882
10599.528000
10393.508866
10528.493176
10429.969950
10270.682027
10059.970434
10025.662124
10027.551900
9977.413571
9973.416245
10218.508604
10179.680174
10286.078079
10614.555286
10629.188580
10330.832540
10569.542071
10177.405501
9704.430319
9933.386022
10108.824987
9653.632703
9759.870302
10050.413331
10107.740879
10011.483404
10430.144501
10555.059482
10556.724738
10342.716145
10418.065538
10375.038564
10471.155441
10364.898470
10444.515290
10606.113357
10642.927873
10912.689587
10980.584438
10805.102614
10416.915099
10455.517552
10171.434394
10295.671230
10557.007420
10918.918829
10722.901090
10822.977544
10784.903107
10572.300893
10523.151294
10815.425794
10893.038251
11035.439881
11207.373493
11164.697931
10977.114238
10654.548952
10462.139050
10290.669706
10117.037017
9961.737977
10188.353492
9995.816430
10086.195337
10280.331762
10472.225537
10453.719838
10589.956129
10620.471484
10816.548419
10610.315729
10608.350488
10548.168678
10703.583518
10814.049742
11244.998592
11281.671675
11560.524816
11443.787592
11284.663614
11176.320205
11247.410153
10983.213129
10768.825592
10503.087703
10472.497546
10666.707400
10983.168706
11259.017892
11391.674469
11142.472842
10588.859575
10492.347498
10302.661053
10155.391569
10032.827787
10071.673866
9679.072871
9648.278341
9856.948187
10332.565078
10647.143027
11168.529545
10976.400092
10894.650672
10718.887576
10359.311932
10253.339883
10632.929442
10449.335113
10622.880770
10765.923788
10509.505995
10446.263235
10832.195437
10963.164169
11500.163678
12061.526763
12617.274032
12876.519172
12934.085717
12678.736419
12147.364719
11254.606406
10858.295214
10717.383485
10476.251637
10562.388467
11015.874136
11181.431655
10893.255593
10901.539865
10889.386108
10464.786701
10131.563780
10303.128015
10235.636524
10243.712351
10611.077046
10866.710588
10803.537858
10870.882387
10973.164188
10932.106451
10797.645604
11105.672632
11326.369416
11645.311686
11630.972762
11794.444475
11645.309574
11326.252207
10923.541982
10903.176100
10704.819215
10408.723148
10586.621056
10598.498030
10690.499840
10703.014164
10639.417951
10034.532907
9808.017146
9711.973660
9575.497168
9710.438909
10141.223140
10173.543962
10236.476723
10465.655183
10445.100334
10316.123643
10320.323196
10246.778645
10240.434588
10369.588083
10424.675451
10735.026488
10690.173429
10536.681878
10651.463888
10917.091090
10678.616269
10805.360888
10782.707260
10547.629610
10433.490124
9974.556393
9612.811456
9520.737146
9622.630915
9547.508357
9966.262288
10213.720286
10499.430246
10332.120766
10215.443360
10413.949983
10873.629180
10640.817377
10773.703519
11000.221769
10902.161247
10523.822931
10548.659781
10444.366543
10321.668347
10364.110096
10486.380551
10903.249181
11205.723328
11414.158825
11374.056273
11523.109955
11416.585063
11508.394560
11467.332479
11671.636609
11395.962250
11273.479263
11185.487721
11455.164247
11613.450467
11823.795665
11893.462237
11952.770629
11846.361833
11820.640963
11618.284997
11797.796857
11814.112937
11479.332442
11214.872543
11275.840392
10889.692932
10820.141806
11247.061109
11670.272481
11582.264226
12048.080515
11982.736202
11633.102327
11589.504183
11977.665302
11999.864885
12220.383124
12557.564078
12355.249064
12326.623845
12247.328827
12185.938939
12365.661889
12445.640610
12511.194041
12439.505994
12073.840858
11820.745293
11728.379181
11366.834953
11597.522518
12081.899407
12222.862454
12168.807517
12385.334046
11956.345374
11829.293494
11827.560395
11943.763715
11966.216836
12162.426566
12160.362131
12103.148299
12245.368209
12257.682435
12251.307797
12173.664126
12173.664126
12147.661840
12198.753329
11996.626872
12053.700705
12151.818289
12343.971883
12066.399807
12356.282910
12699.687123
12667.112180
12486.942866
13001.668267
12770.797753
11926.933446
11792.132052
11758.074479
11388.118515
11528.909067
12452.853401
12914.370754
12661.958953
12845.774953
13194.974195
12803.125569
12471.900248
12780.384031
12639.738945
12216.539244
12531.168113
12341.447407
11980.505758
12225.812211
12619.944796
12313.645371
12636.432799
13099.521981
12803.201869
12551.727584
12697.145141
13234.032307
13432.490677
13779.675224
13745.291366
13914.699188
13338.656959
13356.560764
13369.446882
13391.719430
13317.430028
12978.674413
12691.891529
12859.264900
13204.528923
13335.834852
14005.873741
14479.102766
14423.498222
14272.444056
13814.787478
13457.547175
13110.677945
13134.842839
13179.751453
13251.553105
13507.303678
13576.990317
13599.614282
13777.277009
13994.212857
14008.355069
14254.368055
14064.444444
13888.788794
13618.826766
13754.117648
13339.233172
13366.017983
13308.194211
13473.737142
13441.630659
13960.348025
14647.231983
14992.047736
15047.269786
14455.229172
13839.526744
13022.284628
12754.398479
12844.721657
13112.313611
13524.848251
13962.524759
14894.465101
15815.153712
16896.181437
17435.702327
17652.653810
16264.977093
15378.880415
13965.082749
13366.272315
12971.735375
13125.445071
12861.882162
13711.770253
13914.200099
14334.565062
15367.199494
15665.402643
15191.705010
15195.015585
14502.258253
13403.128068
13362.032318
13564.591446
13729.171111
13980.369081
14088.725968
13910.480451
13876.117209
13625.866804
14052.353550
14361.069449
14083.128160
14136.328614
14655.195475
15532.561715
16486.416243
17510.166823
18008.440370
17168.727647
15954.951383
15640.376371
16022.326269
16678.090484
17335.457318
17513.075516
16800.209140
15400.628755
14174.702636
14260.848895
15196.407488
16612.416270
18653.498106
20312.827296
21539.514796
22044.269067
22332.303559
21434.807731
20632.438746
19497.962095
18631.271840
18439.558527
19818.983550
20817.692045
21997.725132
22984.802805
23193.736930
22194.315205
21683.131753
21769.381038
20625.156110
19479.222344
17893.499414
15707.798996
13605.586967
13311.210801
13738.236436
16302.266219
18823.464297
20520.705351
22057.629208
23410.313095
23171.182611
22161.351523
21023.548514
19403.554750
18120.129405
17950.085050
18487.714533
18236.987290
18646.040631
18398.788737
18333.227813
18817.959064
20747.202605
22028.028324
23653.252716
23618.520818
23973.493070
23937.468068
24183.210774
23471.898136
22204.624195
20970.608942
18994.925825
16234.373974
15429.526071
16263.291077
17086.905041
18659.574978
20956.670962
21199.271235
19323.344530
17164.481064
14809.403701
12855.996323
12459.603411
14762.597831
16194.673174
17465.811943
18940.595358
19733.712476
19653.726690
20125.785647
20654.547973
19773.918118
18564.303097
17209.728795
15290.675572
13820.419300
13049.746792
12441.100802
12191.898195
12593.961523
12982.981396
13240.461900
13875.964628
14875.481007
15961.644927
16912.182161
17866.077367
18442.026832
18200.804761
17486.197853
16556.114795
15610.357298
14950.057332
14743.667329
14751.900648
15028.427406
15573.740584
16178.620450
16425.774418
16882.030547
17528.950100
17322.430376
16550.436201
15683.501218
14899.435991
13432.484600
12725.318099
12441.760324
12110.636528
11571.121817
11823.383382
11508.576415
11146.967226
11164.867929
11144.113459
10240.164205
10375.150090
10614.285984
10577.547716
10720.508440
11201.387222
11189.081025
11039.953421
10535.295996
10081.792368
9718.772673
9404.525743
9112.481901
9576.038973
9657.458705
9860.106902
9933.674262
9770.524910
9494.192590
9618.935671
9540.784065
9495.857419
9510.163365
9514.311706
9645.145391
9995.638591
10051.126514
10087.571367
9873.199821
9513.808514
9006.672088
9086.174766
9094.407710
9245.473079
9225.148954
9225.148954
8698.202370
8659.124814
8829.056381
9145.209351
9089.579144
9230.147411
9025.604011
8752.257138
8000.122152
7649.731792
7285.991307
7320.713959
7670.107807
8009.345364
8550.507827
8860.831996
9032.555309
8540.344605
8425.550540
8009.031988
7839.322662
7416.900821
7527.089565
7332.582128
7440.805065
7463.931715
7928.994443
7974.077649
8131.349942
8347.672579
8480.575968
7922.972302
7759.375784
7542.672686
7501.469514
7400.420095
7623.320008
7660.208434
7761.871627
7724.208861
7936.798413
7971.782828
8247.450428
8380.204498
8152.101427
8252.081623
8405.056025
8353.752003
8274.376380
8384.224769
8228.996782
7840.742561
7749.262198
8112.992375
8257.021888
7873.072116
8119.837957
8160.440395
7956.800035
7874.503065
8542.436218
8714.305242
8522.555062
8499.607774
8461.731876
8038.443119
7983.724135
8059.221718
8051.026736
8187.144897
8459.037160
8283.017211
8365.121970
8508.207612
8468.183105
8451.541609
8639.629845
8733.565879
8552.004098
8461.597911
8275.126871
8257.177241
7983.681432
7948.413456
8153.098177
8207.944580
8187.639631
8426.814742
8680.087936
8677.976500
8833.495039
8996.739200
8925.425026
8896.668355
8974.962937
9179.300867
9452.780682
9924.967672
10059.674968
10119.946441
10091.488393
10038.111681
9539.444662
9339.793155
9130.907073
9092.107361
8983.828355
9288.319080
9531.385566
9325.327691
9071.876710
9092.071447
9014.647141
9057.445901
9808.601081
10207.215555
10317.593385
10546.571168
10264.604082
9803.726950
9626.206271
9577.271634
9463.173606
9469.207602
9717.889404
9580.972094
9288.606851
9286.761508
9385.163062
9314.635594
9766.262532
10078.930451
10277.123132
10677.526732
10388.960238
9990.327056
9831.080476
9412.449707
9063.208087
9167.154378
9081.020757
8950.435789
9202.052097
9371.457207
9495.619534
9808.087754
10288.302855
10459.859898
10607.143314
10396.889898
10231.206445
10017.014140
9724.383412
9258.890155
9412.841687
9429.422916
9327.593136
9431.426435
9723.685283
9699.582449
9783.512085
9807.740751
9812.355896
9250.173808
8895.351347
8700.991415
8811.401549
8703.357259
9402.247971
9522.452491
9548.623222
9393.588624
9311.817289
9042.072187
9084.676230
8996.324427
9114.600978
9184.264287
9514.994994
9457.215907
9457.215907
9451.193420
9547.249390
9340.804630
9689.541583
10048.945559
10104.120329
10208.137536
10287.998654
10532.627841
10646.810417
10741.280871
10565.393665
10569.249232
10449.242497
10359.263239
9860.531258
9523.478690
9351.904133
9145.203765
8949.401218
9648.201810
10134.521476
9803.257882
9663.116212
9622.092942
9078.578288
8841.748177
9152.851408
9328.629428
9336.911428
9530.833368
9522.942088
9618.735939
9766.792985
10083.499585
10291.959608
10390.157469
10343.374392
10397.513755
10526.226554
10522.219465
10546.565624
10726.347333
10774.593649
10811.293657
10743.803438
10972.708630
11142.265862
11228.432260
11115.894298
11420.479155
11334.405367
11075.228113
11053.172912
11022.400600
10875.231785
10861.064509
10934.774142
10882.538582
10759.844761
10383.907406
10529.094304
10931.588993
11121.827055
11203.659474
11365.061029
11653.079002
11367.203868
11174.725469
11377.101408
11626.459225
11383.429729
11659.230635
11667.036941
11344.343648
11434.269948
11260.251143
10929.327954
11053.565314
11323.543161
11170.095471
11129.355018
11178.181047
11206.337484
11086.053636
10957.097789
11061.355681
10875.202244
10775.138666
10762.895571
10805.804754
10799.414813
11189.671284
11466.439880
11568.654309
11554.519817
11376.741445
10880.066303
10332.777921
10296.186536
10374.189722
10476.434933
10727.747602
11072.553041
11070.587032
10855.752574
10992.808104
11470.974323
10982.290971
10681.467453
10851.249431
10771.286513
10170.713593
10515.641661
10760.706132
10983.325772
10932.141971
10723.844148
10757.873423
10631.237435
10250.963274
10304.158319
10459.471815
10449.654473
10472.231602
10539.625283
10361.838393
10488.431478
10598.574350
10866.296989
10676.292820
10747.916730
10750.051174
10491.463192
10219.145490
10033.576391
9868.538781
9823.272429
9989.706498
9899.642563
10502.436066
10859.835691
10858.065814
11022.204439
11296.051712
10844.530773
10719.865333
10977.377062
10706.758073
10696.506875
11180.725102
11321.958313
11209.432705
11273.697276
11537.313089
11743.551473
11866.205217
12194.906740
12315.143393
12108.993263
12016.845789
12355.888455
12398.975648
12535.565271
12774.454427
12737.674310
12308.590321
12153.007052
12265.647234
12093.752294
11556.295579
11460.454755
11284.866827
11348.696892
11407.737391
11914.959438
12115.152146
12082.267038
11505.016408
11578.720849
11590.795150
11597.118845
11648.113809
11940.726089
11695.407832
11301.035562
11043.868837
11002.945991
11111.353070
10913.115071
11059.990434
11446.203302
11899.720022
11936.108533
11974.964707
11839.740997
11484.353312
11159.720105
11215.687595
11121.571984
11088.847109
11407.391104
11333.986692
11107.812360
11481.504963
11921.051142
11581.709749
11749.095388
11839.202945
11649.364249
11604.587839
11910.900463
11917.083918
12057.610854
12092.174076
11922.237076
11908.079232
12018.481165
12006.826206
12012.762270
12080.126290
12306.695977
12249.663977
12323.927455
12713.848246
12959.258787
13071.692241
13167.529032
13025.565030
13121.445361
13307.393912
13043.788289
12958.237519
13356.702526
13233.998594
12674.180745
12762.200098
12923.574638
12759.350463
12783.737729
13355.693242
13442.006834
13609.314605
13613.301659
13699.100193
13458.092686
13263.907558
12830.836242
12738.505472
12681.287560
12783.384657
12644.517891
12552.462982
12442.470947
12407.435023
12523.906754
12616.050169
12963.344233
13105.712240
13295.625331
13418.360546
13424.176242
13336.747266
13256.791171
13097.335374
13127.729494
13313.745545
13240.243483
12883.318863
12638.231733
12192.837027
12017.001036
12192.837027
12766.025303
13352.406618
13556.567621
13522.161055
13529.846072
13291.823953
12797.434076
12564.238942
12523.260246
12568.566988
12826.757085
12886.226128
12855.538793
13158.275192
12890.334119
12964.277881
13481.052134
13716.294518
13493.896596
13605.894011
13281.505743
12891.036304
12607.030253
12690.635613
12637.645236
12731.615663
12832.026796
13040.538948
13258.816683
13228.219318
13212.640981
13130.616614
13047.015669
12932.659305
12893.510985
12815.358908
12537.554482
12713.307838
12760.422260
12842.012252
13166.608650
13544.357878
13718.045873
13518.209846
13700.074201
13756.116832
13626.989999
13473.766218
13613.133384
13502.669944
13059.641966
13503.121317
13717.507595
14099.383707
14224.677259
14346.735057
13990.849062
13703.006349
13418.935713
13580.265347
14049.605652
14237.218648
14265.687814
13947.778717
13540.897464
13143.811194
12898.516608
12839.500573
12815.020130
13080.540508
13257.029266
13479.627863
13822.898522
13840.854520
13884.357571
13701.856648
13701.856648
13587.088891
13601.443191
13303.384386
13419.399532
13148.333994
13086.444382
13158.363097
13295.097059
13016.655628
13091.617090
12904.007888
12920.353889
12963.275599
12935.176244
12647.240305
12738.937024
13102.673514
13354.276051
13348.235864
13264.382131
13245.945840
12577.575031
12007.774173
12126.170220
12248.544269
12383.408375
13121.082134
13674.789257
14025.377650
14348.537895
14967.696420
15287.960273
15005.800136
15005.800136
15280.081973
14252.314031
13905.054382
13902.417697
13796.547863
13357.414484
13451.334411
13629.035948
13982.757998
14491.743900
15149.493251
16129.997600
16497.669189
17010.764023
16944.586519
16572.454485
16207.197057
15748.943080
15038.137209
15060.405183
15818.659632
16273.552616
16799.357149
17938.817597
19051.516970
19883.117992
20508.348945
21687.879392
22308.155127
22322.250096
22303.997645
21995.672938
20297.607043
18552.719140
17473.211903
16792.244559
17386.888572
19125.490151
21013.042092
22622.200505
23396.957284
23655.555087
22830.500111
22387.089225
22176.509089
22493.195665
22708.357458
22971.777313
23195.790548
23565.272300
23714.185361
23857.041584
24208.975883
24641.870528
23283.515584
21754.323449
20661.509231
18790.052566
16732.857571
16861.216772
16985.247144
16918.143006
18667.071537
20060.444722
19744.128917
18601.613504
16979.732431
15124.089511
13865.284867
13226.352746
13767.679584
15175.455608
16434.628615
17697.136898
19209.925799
18478.597645
17109.358809
16878.441392
16800.574474
16865.105678
18826.454358
21392.567691
22984.662708
24242.796157
25134.791630
23069.086240
20860.464453
18837.944731
17520.002514
16760.041085
19433.102916
22356.758731
24832.775391
26316.539419
27518.647766
28530.476902
28918.339829
29457.753838
30132.019258
30691.066376
31036.424405
31218.271770
31320.433074
31367.428983
30918.487956
30769.391739
30481.313225
29992.965015
29234.764192
28627.343860
27681.339124
25674.901714
23217.139053
20828.538753
18375.892974
15748.206308
14591.695071
13611.150862
12922.726537
12139.197715
12087.776328
12455.767547
13462.861644
14270.277070
16191.562777
17806.092902
18729.787454
19142.495830
19070.482392
18099.304163
16805.453644
15487.585355
14124.932863
13407.883680
12780.230802
12473.849823
12259.143331
12296.263169
12293.953951
12340.521257
12460.464703
12732.125917
12842.882551
12975.485803
12879.504659
12527.785092
11874.119973
11432.821948
11044.487735
10862.106944
10982.972976
11178.691212
11315.629058
11223.803309
10989.234159
10723.776643
10449.926342
10290.731186
10302.989321
10218.587633
9957.130612
10032.792056
9932.869444
9795.830789
9928.034279
10230.301515
10054.379576
9961.013220
10026.178151
9957.859412
9696.607701
9645.341526
9144.688560
8801.569996
8895.774742
8642.154612
8323.703359
8965.188167
9095.781144
8911.651889
9138.187255
9446.679258
9499.749965
9209.936915
8973.774815
8744.495699
8722.587140
8278.903834
8258.139710
8274.446342
8519.114812
8180.653686
8241.583260
8380.658853
8642.826278
8528.791154
8696.238201
8684.160663
8432.818446
8282.474213
8243.576970
8308.947520
8517.506080
9058.450044
8888.544563
8876.184663
8757.993523
8559.714165
8271.949751
8407.597723
8266.847521
8360.907984
8448.695467
8383.147824
8401.252408
8715.625387
8525.937902
8325.271875
8382.827628
8635.243120
8473.964046
8759.792362
8999.053452
9072.508011
8976.296757
8818.961838
8968.149682
8831.326172
8766.257699
8801.927304
9055.649499
8838.847905
8599.569756
8556.966666
8534.668695
8502.145624
8594.047579
8900.824303
8974.309539
9020.418045
9202.193249
9228.545564
9106.008600
8831.992057
8699.968398
8552.848481
8397.506081
8440.361420
8473.300447
8571.001040
8655.213722
8741.113297
9106.714925
9505.146546
9420.668407
9429.163398
9586.088991
9271.910060
9271.910060
9305.699523
8960.522366
8850.132313
8962.206758
9093.189821
8934.996510
9130.968406
9184.237095
8885.621694
8436.535004
8542.510488
8771.631513
8826.510509
9020.877954
9238.904891
9367.815324
9048.955323
9018.324264
9044.856363
8758.978759
8606.723664
8835.513835
8731.303915
8391.763606
8635.164537
8841.495552
9099.361060
9031.626553
9362.628666
9534.142680
9548.086553
9262.012758
9251.653518
9161.879446
9233.682546
9179.476115
9179.476115
9254.798353
9645.276009
9653.664622
9643.650754
9655.689243
9923.258895
9933.575979
9831.342230
9607.160644
9766.308683
9827.855704
9692.886723
9689.089683
9903.302246
9874.811487
10035.984682
10321.812149
10352.525372
10719.354711
10692.547698
10569.949209
10380.402096
10688.748539
10560.529445
10913.941575
10821.955615
10674.762448
10335.573819
9948.840997
9905.989375
10048.949760
10173.866384
10163.364396
10477.832798
10153.107252
9981.550174
9928.349525
10171.587896
10468.106312
10603.207881
10421.040985
10482.454793
10588.842338
10664.951550
10499.287830
10626.202872
10658.509085
10425.922089
9940.846255
10161.792216
10163.475443
9942.887622
9618.104206
9511.981855
9468.893627
9526.255061
9813.943800
10053.144898
10211.454223
10103.424527
10303.547632
10215.667271
10170.716591
10112.745211
9939.295188
9612.170369
9607.936753
9661.106213
9426.594873
9434.847123
9641.226170
9567.686736
9704.491364
10427.962675
10714.414368
10891.858213
11106.257525
11318.946451
11054.100632
11101.404167
10988.856550
10976.759731
10956.417415
11136.611991
11467.496421
11553.565271
11332.860243
11130.390617
10940.071302
10940.071302
10852.047574
11211.919342
11489.489510
11691.934906
11596.143043
11538.843183
11412.051015
11438.502530
11308.339473
11044.742727
11059.202745
10778.939924
10421.564809
10309.413629
10358.765810
10530.117520
11051.449011
11075.737420
10699.176982
10555.981219
10441.679329
10006.343180
9924.533918
10134.997272
10042.865608
10004.210917
10335.295786
10492.360772
10472.664285
10564.569257
10791.450309
10564.569257
10417.520872
10824.163199
10891.689494
10936.509990
11310.474995
11772.276918
11419.658308
11568.716482
11450.173933
11303.238151
10875.742836
11032.321148
10844.410909
10533.849644
10198.671142
10496.927315
10735.373111
10698.942448
10763.985460
10845.802689
10908.931312
10630.800504
10638.664094
11061.859322
11486.823919
10867.547290
10737.398202
10676.026348
10490.374277
10267.617932
10443.010900
10427.152648
10412.967773
10304.305285
10190.069293
10511.121792
10939.799927
11185.071917
11380.957982
11820.642357
11891.789974
11411.044532
11420.981862
11253.745010
10944.997741
10801.966178
11054.292913
11146.725820
11042.540992
10925.890275
10905.244757
11143.778987
11245.985997
11184.918526
11323.831149
11060.004238
10667.449014
10213.913926
10229.977994
10154.324460
10426.306591
10634.685056
11004.396821
11137.149479
10820.358239
10720.461907
10830.909286
10785.525202
10771.174667
11176.041317
11498.712245
11386.514098
11194.122160
11270.080153
11296.766169
10955.619387
10819.402089
10841.738592
10847.648186
10563.809212
10692.289174
10732.974323
10887.816855
11004.303875
11171.927796
11032.725430
11363.594003
11236.832570
10785.286354
10814.133260
10908.125593
10627.451129
10809.060724
10835.862357
10725.295458
10486.285719
10193.840286
9738.530885
10045.190108
10264.325575
10593.368910
11100.693376
11711.520181
11803.424358
12016.138263
12219.981343
12086.201585
11877.665992
11834.769324
11881.886977
12134.641968
12351.859304
12735.911022
12872.645879
12825.440162
12615.041276
12499.027805
12314.856933
12535.834519
12110.684882
11896.246700
11829.733075
11611.325482
11560.464649
11938.307657
12050.875473
12216.894834
12241.476068
12170.033961
11771.635609
11579.331077
11535.405900
11480.210534
11057.617197
11218.803023
11281.938705
11141.787718
11691.323158
12318.645835
12557.516522
13021.559210
13237.725734
13184.657961
13365.311882
13319.603137
13178.415494
13262.793328
13127.919544
12637.592085
12453.869037
12226.973148
11950.137171
11578.573701
11445.742994
11314.891751
10998.280527
11280.641812
11434.244886
11487.091433
11896.029200
12414.760245
12272.436882
12317.546554
12531.810831
12454.446498
11888.423131
11702.154733
11705.892523
11413.909095
11420.149974
11979.976519
12268.356577
12229.718234
12503.493502
12376.743075
12352.385606
12242.086602
11966.228569
11937.785761
12007.367694
11704.626877
11588.801047
12556.982615
12724.544001
12587.764480
12795.869051
13016.676673
12356.218434
12219.343451
12166.306896
12156.423852
11849.840533
11898.439084
11720.814720
11821.050919
11992.461050
12277.580743
12354.794828
12865.747482
13494.877277
13940.128093
13852.134672
13901.363835
13418.919641
12698.086234
12123.551373
12087.477770
11560.645151
11307.008521
11838.306814
11938.440123
11846.215746
12297.789324
12616.628525
11838.143977
11874.899444
12662.346086
12919.868030
12995.336092
13443.129405
13199.822298
12450.232009
12227.495926
12423.589542
12787.377961
13528.991568
14463.118145
14640.630450
14219.618496
14131.952947
13933.997240
13811.426774
14453.649049
15110.535095
14773.712255
14416.467396
13778.786971
12939.374240
12808.512988
12990.431433
13102.656592
13275.231135
13054.335159
12688.740134
12647.815001
12823.478001
12781.304113
13110.632195
12944.845439
12898.008416
12802.225122
13032.464396
12944.523245
13503.859779
13831.662513
13884.489218
13295.295922
13281.302375
13232.264902
13595.615627
14100.260414
15541.533012
16817.014711
17337.252858
16704.138793
15931.918185
14534.919983
13247.800728
12407.673566
12219.674424
12133.958418
12294.395213
12318.963132
12792.998814
13410.016996
13575.713420
13970.150473
14714.085015
15439.506909
16354.796699
17719.585261
18653.436716
19628.532659
19294.753961
18898.768739
18808.809668
19251.886615
19033.329211
19392.565952
20162.983785
20293.329506
20215.796258
19389.958570
19044.438151
17425.083271
16642.034555
16134.814661
16940.025617
17788.061651
19156.818762
18484.873276
17528.800954
17101.689658
16867.201563
16995.598515
19030.224777
20938.336362
22300.860190
22697.898402
23578.018355
23953.879856
23487.368111
22527.330006
22369.256207
21846.764926
21778.984473
22514.216983
23867.357895
24616.974146
25489.640104
26030.807252
26696.201844
26722.760311
27080.477628
27100.794296
27116.801199
27067.041745
26529.519701
24839.833106
24122.524010
23936.966342
23769.078752
24228.229721
25290.644598
24669.503614
24054.926038
23581.594390
23294.949565
23997.841308
25673.657076
26246.396327
26536.473464
26945.193488
26951.326932
26293.734893
26210.081218
26341.891057
26352.111979
26525.645823
27377.972915
28295.218199
29165.276732
29730.900389
29739.113143
29589.924761
29103.601137
28627.075495
28025.580679
27357.626999
25982.990289
24164.148524
21765.727136
19350.848645
17083.078976
15235.315215
14019.299820
13414.458828
12697.696357
12280.381429
11906.705466
11687.871648
11996.604652
13036.083925
14411.555229
15674.196056
16855.425263
17466.421419
17168.541585
16555.535997
15877.500851
14783.839736
13569.466100
13234.163590
12839.893316
12680.622476
12598.950141
12969.756520
12906.560268
12982.108291
13304.625778
13960.475433
14044.817630
14259.491220
14455.435095
14500.739616
14061.154727
13636.217450
13174.429930
12312.443807
11484.694869
11405.437768
11299.080604
11004.525994
11274.443421
11574.825963
11539.631735
11706.035623
11838.885267
11879.986235
11440.620811
11328.177978
10977.643061
10930.784616
10491.414517
10282.679746
9906.798740
9946.714800
9799.901072
9903.785659
9879.318710
9550.005866
9221.287205
8912.674632
8794.242694
8782.042205
9119.033532
9365.216459
9670.154136
9592.443120
9773.929149
9559.668623
9034.254665
8607.497162
8530.350661
8347.877656
8454.428081
8979.533363
8699.613672
8695.626721
8436.037900
8196.848909
7949.838798
8440.675187
8642.757044
8945.555643
9065.989421
9023.811767
8879.227236
8703.177461
8780.768187
8790.841161
8622.477606
8673.682941
8632.720728
8126.031306
7825.935445
8076.354343
8102.529269
7947.802116
8196.825644
8427.503135
8279.395246
8216.182493
8038.220758
7959.103003
8163.570794
8299.364252
8037.700856
8448.556682
8768.996017
8699.774345
8701.396009
9020.619056
9108.398463
9181.667006
9116.343445
8956.031773
8986.907029
8915.554350
8721.548673
8837.537992
8729.738065
8792.804681
8802.710512
9085.171005
8974.714587
8936.516401
8836.428805
8810.259190
8182.365800
8101.119969
8407.432856
8235.675825
7961.625212
8329.696800
8141.532263
7959.581044
8038.867119
8006.637770
8055.377849
8266.058605
8061.281624
8272.516032
8658.369850
8523.515313
8944.291183
9211.192460
9231.006532
9104.663158
9192.247127
9055.743983
9109.382039
9040.145241
9172.858545
9099.720919
9168.527463
9132.763836
9167.383203
8983.504182
8924.401928
8517.746220
8582.194547
8626.962209
8739.075591
8780.254199
8951.490613
8979.800015
8989.931802
8998.091874
8987.885404
9010.649075
9024.366636
8854.920248
8922.537993
9433.116395
9490.612872
9640.858825
9896.024575
10120.780251
10044.999390
9985.607586
10036.070487
10076.848771
9898.977953
9482.393464
9445.588566
9437.517603
9402.898973
9644.177261
9946.252828
10197.524632
9957.041378
9969.540359
9983.631032
9951.272514
9903.974928
10124.339637
10283.739654
10183.551113
10441.387686
10622.924849
10606.893105
10541.652981
10496.601864
10263.853414
9881.601031
9917.439883
9480.497848
8946.982270
9022.633398
9171.910502
9238.070477
9542.607966
9939.138705
9693.408344
9857.386663
9530.428477
9424.561399
9260.922379
9234.233579
9128.063672
9496.804458
9521.335422
9709.440881
9905.489702
9919.939250
9889.918692
9847.028344
9603.509018
9452.309407
9377.001649
8916.151282
9130.487265
9487.840027
9790.489305
9671.804471
9812.652980
9840.908703
9730.349858
9450.819432
9669.715096
9819.318356
9505.002273
9641.573958
9890.600542
9645.701273
9585.609352
9871.601678
9826.954590
9718.387211
9908.335926
9962.729811
10150.734040
10348.843468
10056.824968
10019.954992
10140.249614
9772.336988
9353.588065
9601.113540
9663.891239
9670.170776
9813.220189
10190.939323
10487.231433
10618.326312
10582.086426
10731.211333
10839.460467
10631.108467
10700.373907
10939.218853
10783.800059
10501.777204
10520.360304
10418.097269
10185.517151
10493.807258
10563.546285
10688.367826
10702.769065
10646.272168
10552.350278
10523.545758
10648.207314
10977.454097
11015.577027
11038.000502
11160.535843
11011.422083
10794.704598
11053.284420
11290.410521
11484.390467
11396.379714
11537.757634
11501.224886
11190.827522
10998.779117
10982.758493
10728.859580
10643.093288
10969.847327
10941.134341
11004.516109
11125.100511
11107.266929
10900.746861
10845.610406
10941.514218
10814.970041
10668.552599
10365.976679
10484.908444
10384.712271
10278.445420
10454.744974
10658.797335
10733.005753
10992.331612
11122.718995
11078.390243
11164.557704
10903.011131
10827.295950
10974.603400
11064.700085
11340.757571
11726.983238
11871.714078
11896.457591
11764.150386
11504.564430
11304.442146
11077.186973
10969.251004
11207.684224
11103.652074
11199.530046
11485.834872
11387.481060
10954.672919
11062.967495
10834.105256
10509.319052
10770.655483
11199.585970
10977.034515
11269.258514
11083.214270
10825.826713
10655.401525
10918.991938
10688.311610
10878.341530
10998.640445
11178.772945
11011.530276
11017.366407
11178.774793
11354.695907
10948.015344
10805.130969
10941.730865
10762.189687
10657.599888
10820.024358
10852.714381
10993.643999
11092.067787
10758.662541
10891.213261
11240.514045
10788.941002
10574.394794
10958.389175
11044.594495
10899.655654
10887.559457
10863.089937
10896.179560
10866.026194
10632.842042
10816.696275
10825.099487
10463.476454
10473.494829
10704.220677
10630.920111
10657.206034
10802.260064
10820.276685
10884.095364
10916.666821
10932.645056
11092.361359
10957.880574
10749.736851
11160.308696
11309.098935
11092.861097
11194.562617
11452.282022
11121.442865
11021.465172
11242.206305
11220.126902
10909.111948
10811.360329
10709.205697
10332.917835
10112.785646
10343.602251
10637.799161
10674.591814
10596.977098
10442.570286
10228.361720
9896.982287
9862.509090
10244.556764
10501.028687
10496.845528
10239.509302
10018.976913
9744.843630
9669.473812
9936.144893
10471.984365
11117.698073
11094.914370
11253.485207
11267.700066
11120.655845
10615.819099
10773.366449
10684.937512
10474.434817
10397.025421
10582.812043
10640.132379
10550.065417
10596.880795
10647.717699
11089.183540
11597.981395
11764.377440
11357.813645
11325.111088
10897.953525
10141.979145
10134.200491
10657.005931
10577.520321
10698.182858
11008.510064
11076.555652
11327.888481
11671.243919
11516.120087
11546.625332
11568.701137
11364.197379
11525.819458
11593.216400
11147.772748
10893.211971
10792.943132
10562.349659
10609.401415
11164.994025
11187.134676
10807.113182
11015.568909
11330.201984
11493.764576
11489.342155
12145.279899
11728.635389
11154.689237
10923.430234
11366.616726
11092.725850
11396.735713
12165.408252
12437.161430
12471.382375
12642.817084
12687.968570
12330.265510
12571.072322
12639.596300
12768.131141
12778.491703
12833.742699
12672.136145
12573.983774
12418.173815
12506.628811
12361.495167
12385.884690
12506.401050
12698.396984
12865.844933
13262.152312
12994.580948
12730.516976
12484.813153
12190.870566
12047.612394
12094.510574
12096.562899
12211.129519
12205.149049
12198.627254
11992.220147
11759.822963
11888.623711
11974.723553
11978.419932
12013.234686
12139.660728
12198.657205
12256.058326
12352.196546
12670.632112
13265.601597
13049.257691
13031.251779
13206.852607
13397.170770
13358.471165
13697.815035
13544.294793
13137.961891
12925.323568
12881.371195
12513.778082
13034.749780
13357.983978
13151.693383
12917.490090
13153.893158
12776.245526
12819.301773
13160.389890
13326.859420
13347.494035
13185.568401
12830.494297
12676.989363
12438.517649
12293.432246
12577.444189
12657.296895
12822.774710
12461.768522
12670.345224
13136.601372
13324.532492
13422.471543
14145.745722
14327.781572
14253.970000
14055.780209
13724.791983
12965.222804
12771.209250
12170.469533
12250.168429
12266.710727
12709.581499
12370.360877
12292.722809
12427.553411
12300.884630
12549.460216
13137.830797
13861.304846
14512.610048
15595.439733
16739.570811
16676.722882
16993.492412
16206.860611
15239.609931
14191.963721
14105.940991
13418.044702
13851.163828
14598.943985
14839.126634
14926.725391
14820.763303
14655.177419
14254.571359
13988.466974
13522.644149
13448.684744
13963.913691
14799.492761
15109.938807
16129.893069
16182.826047
15533.002540
14450.020642
14281.434925
13552.066929
14038.482312
14949.947160
16298.680715
17178.520795
17484.723322
17102.019701
15958.515906
14109.763158
12574.250214
12194.034318
12911.232189
13787.870378
14778.775610
16143.487012
17400.506188
18125.431494
18313.829597
19186.160023
19618.358606
20154.280973
20383.122344
21309.170892
21670.139139
21654.369103
21713.539107
21801.236585
21858.500481
21932.056327
22411.366806
22698.821561
22934.001655
23450.848534
23755.463482
24176.191376
23833.141954
24008.757987
23534.484383
23538.431019
23624.790644
23847.540780
22317.496473
21596.048393
20977.215652
19980.967958
18448.342966
18753.268849
17670.054047
16435.833228
16241.542503
17677.998993
18950.767841
20583.061197
22339.025230
22960.151956
22945.485444
21040.962626
20429.548478
20205.893572
20193.127957
20079.032079
19805.126477
19497.254624
18750.607166
17223.730544
14765.990833
14909.070700
15424.316147
16298.659660
18461.040591
21876.929673
24535.172829
25973.604808
26886.873501
26658.968784
26145.513056
25624.660709
24905.087276
23228.022394
22842.900278
23039.047506
23137.222247
23560.819761
25119.355023
26227.467732
26840.627972
27357.603213
27823.240139
27688.043448
27460.015234
26701.705018
26096.152357
25226.111812
24183.777328
22334.177700
20428.348778
18166.824223
15925.062833
14238.811655
13138.723157
12765.009372
12452.546828
12051.943269
11436.981505
11318.809633
11472.297969
12207.539397
13635.829832
15207.198674
16413.712865
16215.214533
15387.814735
14724.001568
13998.279176
13398.525030
13415.032258
13479.128839
13208.886330
13068.033327
12747.352961
12618.441243
12751.609307
12684.052689
12667.666243
12417.144968
12053.407785
11861.166241
11869.695282
11728.686195
11598.305418
11964.439520
11980.469720
11761.861105
11385.901742
11147.509681
10477.094019
10189.049809
9853.889234
9802.740986
9781.027242
9744.211136
9382.690677
9602.946980
10026.185423
10250.411702
10281.260910
10542.694288
10113.510537
9238.757418
8758.496052
8979.111110
8866.450205
8939.900151
9328.416802
8979.671817
8793.762402
8897.777821
9175.925083
9075.624243
9432.429504
9113.518062
8825.226441
8694.990768
8794.733774
8864.952072
9038.594667
9181.544800
9233.105746
8854.842093
8594.214096
8478.055256
8071.023751
7728.000987
7964.794688
8049.032715
7987.579890
8531.301010
8404.707109
8294.514564
8430.672103
8463.396584
8097.052104
8424.353988
8753.283851
8671.243316
8726.662492
8893.669717
8787.491429
8395.764145
8066.531928
8238.584452
8113.832350
8136.386974
8400.050224
8858.538637
8594.827233
8666.542088
8582.877464
8212.845486
8124.852132
8439.628758
8420.753554
8406.969500
8586.731190
8768.832043
8816.012370
8854.876364
8808.281931
8756.761104
8598.391767
8230.294722
7999.765774
8011.656443
8069.915179
8137.496723
8090.231640
7989.937547
8059.815103
8152.144812
8177.854713
8355.436439
8841.739667
8848.053202
8819.159021
8954.104510
9219.044645
8859.452282
8837.000833
8738.903783
8516.925440
8387.500392
8590.200731
8602.370526
8794.422295
8736.319271
8548.615667
8585.250761
8754.663829
8824.141695
8795.904477
8802.121850
8705.854193
8585.907712
8446.881258
8669.385250
8570.762281
8509.774736
8493.114035
8599.558030
8664.388012
9011.438364
9403.750787
9452.419004
9224.206835
9267.785759
9298.386166
9312.901998
9505.052355
9940.136529
10126.743567
10280.037455
10132.626359
9556.480691
9321.195446
9114.825413
9006.840161
8582.129033
9033.223966
9398.841046
9599.787795
9695.586502
10022.522090
10167.466239
9969.499499
9636.459614
9272.556721
9162.483639
9074.997915
9042.008099
9136.528967
9602.044824
9998.605638
10006.616494
9755.483100
10009.937448
9897.284174
9834.193538
9578.800656
9870.824313
9784.730400
9890.568150
10023.665316
10352.642742
10438.445905
10346.312462
10364.824571
10111.643820
9935.456052
9978.801620
10050.970939
10077.413736
10265.211631
10492.025463
10294.170089
10524.028089
10366.806024
10179.105667
10291.311733
10440.921969
9712.880631
9476.141908
9503.098111
9091.871124
9212.531765
9747.634893
9455.655311
9120.126723
9183.704323
9087.672095
8925.364015
9499.456042
9761.172861
9740.699675
9460.686407
9513.038010
9514.610363
9523.085272
9467.900811
9670.188011
9832.682063
9738.296433
9772.908047
9985.441140
9961.363909
9636.328463
9765.473374
9879.631305
9906.148153
10028.747030
10032.793951
9718.081857
10006.266221
10286.205665
10335.255157
10680.018971
11151.841335
11123.153140
10865.910873
10487.729801
10341.836532
10492.455769
10566.394102
10791.247798
11279.454106
11584.027036
11653.253559
11778.057262
11747.577903
11761.714207
11827.847381
11739.890082
11533.483508
11652.218805
11472.691833
11401.969187
11520.822974
11387.849652
11081.476498
11079.212213
10762.790583
10397.104105
10492.680288
10507.457138
10597.181634
10434.720876
10101.823334
10036.602873
10314.430970
10441.343845
10994.024331
11619.282402
11743.888257
11727.733845
11388.497694
11103.914895
10885.290033
10574.626744
10397.066058
10564.589467
10831.145705
11074.302670
11699.499398
12226.655521
12859.603962
13216.907957
13280.287510
12798.182911
12413.716905
11768.102873
11172.873511
10725.189059
10792.623695
10841.915282
10905.057129
10833.028362
10959.526855
10728.614597
10183.267095
9993.421550
9953.228665
9752.913622
9693.711253
10245.918776
10335.652179
10151.292044
10110.564787
10364.193492
10220.719754
9931.059869
10034.967421
10280.534678
10175.955820
10020.866035
10511.315811
10803.835060
10722.044844
10654.639346
10777.141647
10646.277880
10313.912695
10334.118919
10562.996381
10611.911476
10538.761408
10819.284183
10618.872451
10434.702806
9887.126280
9621.742706
9729.789367
9887.043290
9958.506813
10555.492526
10931.416677
10770.817912
10789.411918
10858.762020
10983.399149
11192.140372
11340.398454
11466.833653
11409.986347
11391.212423
11372.922936
11318.916748
11480.201227
11402.252072
11147.306236
11057.605573
11199.510193
10995.251388
11270.776376
11548.838734
11221.823245
11029.589481
11319.636242
11501.414932
11440.182911
11800.026816
11858.269961
11680.261858
11590.292173
11279.777136
11087.898075
10879.408380
10511.639586
10192.961451
10583.033235
10618.036687
10886.272597
11331.925902
11523.898624
11487.011049
11773.008504
11775.088622
11816.252962
11721.994987
11472.958293
11415.656806
11553.974681
11286.071190
11551.578897
11519.074538
11606.938196
11520.835904
11606.553059
11498.269131
11475.492179
11030.614488
10711.305548
10674.822682
10707.556980
11148.839571
11574.140763
11730.223294
11909.920729
12016.407240
11959.261925
11668.915073
11889.382130
11695.174194
11658.759725
11335.493088
11299.126593
11048.583922
11093.380679
10778.455975
11021.904851
10940.103214
10858.105677
11008.918501
11301.123752
11474.729606
11916.449399
12158.896920
12446.767824
12457.121594
12319.919776
12175.091980
12052.834743
11889.450841
12067.212278
12093.762109
12201.986175
12421.064207
12538.888742
12500.116906
12702.084540
12663.412587
12709.824241
12280.559213
12129.383558
12121.481758
12180.532760
12389.194388
12701.286409
12834.440472
12754.445154
12746.752062
12412.165183
12342.383323
12023.730805
11790.628856
11541.638021
11615.726499
11437.845751
11689.477131
11897.462228
12042.517502
12068.425410
12506.225433
12542.517997
12562.916993
12694.015100
12934.521444
12484.894585
12335.940996
12462.360160
12278.689836
11891.660272
11924.200944
11662.822004
11240.004620
11595.369121
11867.686197
12286.782924
12460.124316
12685.078571
12597.146809
12326.523895
11858.924332
12097.789001
11911.933822
11889.392995
12262.193690
12452.290547
12362.161231
12577.082252
12634.142818
12407.427662
12513.840849
12679.440401
12632.272565
12675.085287
12506.932987
12560.198972
12568.407754
12498.941777
12280.039261
12554.699574
11982.513832
11606.615512
11598.332972
11506.441106
11552.472253
11779.372487
12128.775499
12396.538875
12645.660659
12459.274776
12616.748268
12535.280071
12156.898061
12071.339683
12365.728640
12743.372828
12653.824952
12945.782608
12800.742022
12506.514509
12537.024173
12631.042987
12365.478346
12348.811199
12445.159949
12165.342992
12165.342992
12404.269311
12804.568999
13213.459466
13834.776136
14228.800640
14827.699443
15023.893429
14735.763357
14195.977579
13656.804569
13023.017859
12874.013537
12906.377635
12967.171030
12975.365623
13467.630984
13386.019626
13556.417104
13386.892046
13507.669048
13221.732005
13196.917867
12738.091706
12844.425917
12966.688634
13075.287820
12815.471156
12887.837580
12719.921752
12681.431685
12926.485046
12940.983449
13267.284097
13839.539285
14204.199964
14466.813536
15372.275113
15245.522956
14710.859555
14330.483064
13527.712326
12846.627219
13237.639537
13840.182075
14968.158767
15820.247575
15811.954338
15709.903911
15656.974526
14927.040734
15027.760986
15669.652979
16414.536853
16625.206192
15838.854775
14696.172639
13895.181633
13111.893601
12713.400620
13715.083929
14807.940274
16182.826534
17148.442761
18403.121217
18356.364155
17699.929172
16686.779949
16470.578356
16215.221655
17188.074963
17904.818488
18691.174856
18609.510883
18327.455461
18208.800107
18881.444873
19255.439161
19930.359112
20538.943795
21005.093972
20412.388567
20310.091708
20324.432498
20467.298971
20308.075935
21123.323222
21619.336936
22112.842478
22682.871491
22550.240569
22544.127937
21064.325462
19584.007253
18324.860901
18427.265229
18390.422097
19955.875807
21292.537985
22313.513517
22805.976202
23511.165835
23776.708669
23973.381355
24134.527652
24029.112440
24055.221114
23090.799134
21748.251845
20540.744504
19756.712962
17321.748638
16560.902928
17083.625863
18064.974490
18561.246577
20515.022276
22339.206340
23016.263594
23141.072306
23860.520338
24033.799925
24160.618396
24132.902726
23977.012449
23728.459759
24040.924758
24320.799074
24974.127361
25601.324366
26036.355234
26467.564715
26651.385100
27059.788692
27460.298312
28004.068786
28053.340066
28216.649002
27884.201309
27499.873847
26905.677199
26247.440306
24502.420044
22528.741119
20368.476703
18011.650877
15634.352260
14314.871065
13434.943617
12785.363340
12556.632349
12838.743960
13120.467003
13665.451876
14562.135762
15095.349155
15562.019497
16258.516144
16636.781374
16550.852104
16246.602885
15752.094372
14832.816967
13708.587089
12983.210252
13089.306510
13253.140066
13645.669117
14330.666148
15109.273045
15272.380447
15533.558912
15678.924971
15793.119778
15119.230579
14461.158852
13832.285168
13253.643713
12810.891271
12816.830206
12845.579071
12850.194211
12606.494357
12211.650400
11921.693204
11755.898417
11292.074732
10656.771986
10432.678827
10458.935575
10387.468582
10393.603475
10839.020458
10887.075787
10327.377088
10006.456456
10073.996846
10098.594267
9871.809610
10102.983732
10450.074723
10029.285974
9969.970286
9953.893235
9655.707127
9312.478835
9630.995693
9608.529106
9823.209419
10100.872886
10172.726154
10029.512076
9913.022292
9534.316290
9538.138918
8966.202955
8606.808815
8241.131124
8233.072780
8171.490402
8531.243099
8676.505580
8799.022035
8810.936871
8459.386872
8253.169431
8498.144585
8377.738040
8198.963887
8070.816614
7786.649644
7449.327478
7472.021717
7503.411760
7502.105607
7706.768851
7552.846500
7489.895489
7465.147485
7784.804508
7602.124553
7688.029311
7492.183268
7662.941110
7764.679272
8077.279059
7909.872666
7789.623043
7601.069346
7096.264072
6914.416707
7002.275510
7169.685306
7478.435314
7615.034692
7547.906117
7591.035496
7790.863833
7434.327017
7454.823326
7575.016334
7601.791687
7681.246096
7863.763973
7702.801279
7587.475731
7573.560655
7271.051102
7449.319880
7898.912652
7948.014671
7972.239267
8117.682928
7750.674974
7585.569831
7724.219230
7833.819528
7959.422927
8380.166929
8481.979920
8723.243467
8459.535105
8292.066033
8202.505008
8320.323836
8563.726821
8998.850195
9107.235803
8954.995129
8554.212283
8170.686942
7708.111398
7853.638394
7997.991273
8006.266370
7999.816737
8398.309309
8414.807263
8384.371999
8651.993079
8785.170538
8635.418473
8602.887706
8529.300520
8255.133675
8159.458386
8157.057808
7994.101501
8222.436573
8671.737306
8651.205068
8890.356551
9041.442275
9063.647998
8767.341832
8689.598286
8597.790114
8736.557579
8440.017360
8432.079639
8793.626556
9046.851583
8965.177759
9173.505097
9437.256679
9508.845163
9635.303971
9629.350738
9312.614888
9128.651251
8977.463344
8319.662518
8262.342899
8767.399595
8879.838161
8922.849263
9284.379223
9605.344710
9661.144246
10020.919709
10010.641380
10116.998752
10041.370974
10053.112477
9538.119487
9483.123609
9405.568171
9601.783080
9613.787361
9776.925393
9946.588216
10189.875257
10048.833719
10121.103238
10488.916082
10538.024427
10631.693814
10650.378986
10522.191519
10387.208138
10338.290397
10238.104766
9994.975353
9976.843891
10314.103848
10465.400205
10559.081894
10738.689914
10851.233551
10648.782494
10510.159953
10379.316094
10052.243249
9531.084834
9416.923096
9463.801955
9580.339131
9974.720184
10681.805554
10757.579345
10737.235604
10737.235604
10571.560656
10146.839832
10036.623837
10042.529060
9916.152153
9928.169657
9912.418203
9928.413431
9979.807992
10022.596367
10459.583793
10539.997072
10419.316999
10043.182054
9741.078525
9469.178345
9882.304372
10127.331313
10127.331313
9978.150187
9618.472604
9310.002909
8979.123175
9221.968180
9189.693736
9244.635771
9112.551482
9357.449482
9459.608903
9933.639547
9974.610365
9932.652266
10100.032645
10428.891652
10343.250520
10498.300551
10710.625512
10508.479352
10103.944729
10245.060282
10363.680404
10279.543032
10420.215584
10688.364944
10618.871993
10666.127774
10635.954121
10580.985475
10674.621828
10891.388190
10868.911820
11091.456994
10988.957439
10610.756664
10188.132441
10155.387407
10003.119315
10052.148842
10395.432801
10438.250670
10385.371157
10631.543810
10437.629838
10174.123448
10172.046813
10227.241101
9519.804967
9482.931057
9425.819356
9395.462550
9284.785464
9463.253611
9622.234287
9364.747450
9269.273340
9379.288090
9876.089146
9800.922291
9933.558336
9990.489172
9784.427419
9259.448764
9138.487123
9332.797091
9155.078351
9095.744629
9176.231786
9482.593911
9411.362387
9656.144080
10017.958584
10587.001774
10190.517929
9888.274700
9955.640831
9724.529492
9271.970116
9094.045669
9130.734819
8955.237167
8840.713085
8933.099703
9558.270407
9729.653979
9780.959927
9958.389377
9970.393688
9776.653107
9784.692177
10068.627256
10019.770319
10123.729190
10350.719232
10634.754464
10644.944120
11008.531616
11148.741062
11189.514599
10967.153726
10874.996827
10746.037105
10491.853223
10264.978272
10287.509263
9860.387092
9692.982799
9813.282584
9858.381386
10066.597796
10728.391207
10808.335139
10642.173444
10805.473531
10541.874358
10394.541693
10517.154432
10707.571646
10613.962064
10954.902150
10901.809895
10319.549322
9816.623502
9814.087233
9975.892814
10302.844630
10919.789601
11608.929023
11764.407002
11584.578507
11122.704417
11300.431967
11216.312899
11057.387361
11228.632142
11623.117850
11290.120418
11217.798990
11269.082638
11052.607120
10569.925531
10451.716361
10423.701190
10350.147281
10117.185585
10295.028264
10515.698788
10680.015990
10734.908193
10800.319900
10851.452653
10761.795768
10649.371548
10859.689617
11015.350079
11109.120710
11300.948806
11299.285830
11052.253176
11215.536524
11121.411569
10808.739742
10285.856794
10487.981353
10132.505340
9860.612717
9744.314212
10407.594568
10162.526704
10074.579527
10211.309813
10642.777259
10167.592968
10186.160452
10457.887060
10643.807809
10447.512751
10722.200653
10887.569989
10734.339616
10548.407082
10614.053117
10627.895897
10476.717903
10638.071120
10850.923675
10797.860278
10979.934210
11002.434812
10922.759320
10734.729012
10673.774066
10629.778176
10515.251345
10223.150119
10453.752519
10423.062741
10320.800260
10329.161445
10574.311029
10610.731686
10449.649812
10134.983964
10276.044864
10173.976026
10069.643712
10551.785357
10972.691684
11318.076981
11334.122680
11779.674506
11416.115591
10921.077376
10379.797041
10248.952594
9627.710807
9727.866860
10344.993163
10616.896312
10700.361466
10827.141129
10956.147598
10839.673246
10629.551453
11013.535342
11332.289321
11221.626855
10749.061949
10996.075664
11053.306981
10799.732148
10988.094934
11186.276010
11163.840963
11178.083974
11178.083974
11045.082936
11243.779992
11360.049480
11411.294436
11523.745576
11642.075032
11527.755514
11341.812755
11207.151450
11303.348528
11405.704196
11719.863969
11946.923155
12245.028479
12541.291112
12592.547531
12205.696419
12177.184946
11619.202655
11177.918919
11141.174622
11712.222590
12014.582628
12352.061695
12494.952953
12249.657823
11975.227041
11968.749623
12124.089755
11930.223216
12230.577157
12017.951973
11482.795878
11080.374740
11233.129952
11076.111341
11210.516545
11555.710916
11441.550204
11198.374919
11494.631616
11783.068393
11760.419032
11784.678378
11856.807722
11592.973528
11444.670674
11344.744892
11753.483996
11971.660923
11802.268995
11665.960488
11711.030433
11657.836836
11592.358016
11962.210435
11812.021671
11824.071480
12028.381038
12294.034163
12300.304395
12731.124382
12810.872405
12655.519453
12426.814178
12357.030360
12205.210899
12331.467876
12064.034868
11722.680131
11606.255683
11694.485222
11193.697601
11063.030146
11363.475436
11512.543127
11456.366316
11705.547519
11860.844724
11901.986072
11859.122445
11810.972206
12111.140871
12452.621142
12697.971521
12834.532234
12886.749981
12780.265573
12788.471042
12925.365878
13054.125170
13124.480471
12964.865513
12644.254390
12239.647673
11947.542048
11771.135388
11897.608348
12429.063921
12753.696094
12643.714034
12945.962918
13034.166798
12833.955431
12651.866470
12815.304967
12631.063034
12614.612941
12569.896251
12396.075984
12297.830709
12373.913633
12149.340898
12124.593327
12580.552332
12756.298822
12786.146499
12804.304496
12661.541921
12551.248732
12436.802587
12542.709955
12923.133957
13172.229430
12845.370038
13009.043840
13203.155474
12968.282985
13041.518599
13301.223762
13264.532794
13086.012587
13709.069106
13472.723589
13543.864642
13493.095237
13059.681631
12246.914235
12187.236251
12058.640898
12301.912714
12712.858886
12794.349775
12935.272780
12536.980786
12191.811942
12005.032359
12172.731479
12324.061331
12705.910239
12685.546773
13022.258420
13349.220966
13686.187762
13892.245655
14546.381131
14514.147722
14115.653199
13732.224491
13717.412136
13282.192088
13209.977106
13316.523553
13729.336917
14191.421408
14225.670833
14374.444877
14570.489232
14735.959009
14895.177900
14643.655895
14152.706889
13641.881017
13153.518983
12653.164655
13025.201621
13383.593576
13900.661977
13877.840120
13769.998028
13516.323204
13530.246625
13934.978803
14699.335547
15710.259289
17059.145658
17401.493022
17332.543157
16877.122756
16379.797560
15021.495403
14393.806065
14052.680508
13983.416186
13823.715863
14238.717581
14150.650864
13725.554547
13233.444969
12998.391351
13337.591235
14393.409570
15688.992774
16528.777411
16775.543655
16782.730844
17045.159324
17477.548315
18354.437244
19453.690899
20237.823377
20104.385210
19938.184149
19147.738766
18358.718863
16967.549590
16232.553275
15024.517923
15059.600271
14702.142491
15496.841959
16472.305297
17972.308049
18387.292369
19439.295116
20618.616412
21201.580190
21082.542983
21626.358816
21740.769445
21587.576503
21288.532297
20882.611718
19439.409998
17956.763755
16511.876770
15473.510137
15109.989157
15933.624248
16511.876649
16997.641001
17840.099592
18845.046864
19915.717747
21795.513681
23610.180114
24784.088166
25219.391977
25323.710556
25413.905196
25023.404520
24630.920600
24669.489400
23294.338773
21265.592218
18999.129765
16810.498883
15084.220122
15552.035891
16435.188601
17677.845630
19495.266337
18609.708800
17629.586557
15857.904943
15263.439699
14978.761619
17175.311823
19122.545742
21421.161647
22667.442277
23380.716738
24116.122049
24391.678475
24647.517544
25232.130957
25596.720621
25664.487101
25545.641019
26075.062766
26224.003104
26317.870031
26075.116574
25905.444355
25478.806047
25059.839963
24291.833340
22929.080497
21310.674175
19190.681354
16878.683962
14860.717834
13486.004822
12538.005868
11839.081566
11173.244266
11076.786387
11099.474736
11136.366608
11684.117864
12715.670949
13609.495644
14528.366317
15227.405684
15661.084552
15797.611072
15328.661237
14761.456110
13822.963502
12997.459096
12554.085450
12219.270504
12064.259703
12466.790853
12471.072993
12246.158590
12167.777742
11906.511346
11436.423826
11391.345765
11280.949856
11311.168600
11255.961799
11329.638359
11288.626130
11423.762145
11347.187264
11220.742309
10965.249757
10908.218404
10615.873841
10469.559223
10524.470210
10637.176230
10524.469509
10332.565856
10556.933911
10661.580158
10655.249554
10370.971636
9956.449429
9589.920098
9646.838532
9927.026519
10307.072832
10676.758200
10536.161818
10516.064368
10113.355363
9524.936013
9328.752899
8896.090583
8274.762244
7983.463022
7866.249049
8030.123078
8209.822312
8308.448002
8459.310215
8627.011184
8579.847804
8455.510712
8337.323635
8120.336280
8341.253672
8153.277782
8407.639403
8626.591802
8659.057156
8542.471966
8519.706571
8596.078316
8700.427988
8737.101086
8618.838928
8677.880336
8876.343571
8935.588080
9025.218618
8866.175670
8735.456341
8338.525653
7937.761665
7743.913932
8030.312493
8485.735879
8465.326276
8416.497688
8563.929838
8502.514296
8134.736990
8118.435123
8390.814963
8486.297737
8504.814784
8541.746574
8884.313014
9094.730740
9041.568762
9108.994596
9207.063678
9010.983826
8628.542978
8628.542978
8497.768489
8313.576822
8302.008693
8322.440123
8302.008693
8318.689529
8524.523497
8560.871682
8863.323911
8991.729154
9014.459740
8916.377612
9000.497472
8785.856576
8734.865455
8712.547370
9006.684589
9068.591371
9060.507213
9091.178532
9091.178532
8901.319708
8832.901917
9006.806444
8974.308170
9096.488799
9149.568105
9191.802832
9006.165960
8975.307231
9253.291309
9089.957476
8937.469213
9090.802690
9066.229337
8955.785518
9190.705029
9317.167154
9143.635700
9298.470988
9474.863748
9429.515413
9335.474466
9106.477993
9045.087061
8614.118894
8252.537446
8246.454677
8503.827911
8228.188896
8050.383991
8177.218582
8296.937784
8360.779853
8119.068744
8113.411686
8333.899569
8193.807942
8166.988825
8835.404001
8986.647678
8853.845375
8851.373329
8698.536694
8414.601863
8553.204969
8583.834101
8748.340950
8944.431065
9048.707851
9130.329621
9224.597433
8949.766089
8670.000572
8481.738521
8451.301787
8381.777231
8531.896115
8552.612240
8595.037534
8591.639144
8677.275834
8771.431794
9173.777000
9314.719275
8865.274108
8620.445272
8491.773730
8475.314950
8696.184599
9221.302515
9748.415954
10012.936297
10096.723040
10288.620125
10458.442892
10231.565115
10418.049700
10407.696165
10240.053564
10223.949342
10272.664726
10196.885261
10552.221072
10543.935598
10619.557317
10607.349654
10495.602525
10176.425814
10058.322960
9962.002457
9966.106198
10128.183728
9905.596658
9985.179047
9935.903779
10032.366108
9907.840643
10083.442173
10118.124950
10198.124430
9994.024624
9793.634558
9830.162984
9717.874596
9828.304030
10257.280537
10656.041896
10710.935015
10952.465279
10592.801208
10413.067937
10453.173748
10710.330819
10663.397255
10978.079826
10765.659559
10358.964887
9989.372772
10101.219917
10078.951554
9905.195980
9883.419612
9689.326977
9315.025343
8971.952130
9212.927054
9317.266786
9589.154733
9807.545584
9850.237473
9654.329621
9476.047018
9451.496839
9467.901811
9751.913994
9915.431699
10269.873136
10425.353336
10574.413318
10662.473025
10923.656330
10986.102874
10845.029717
10718.270114
10716.544027
10618.353440
10622.239615
10942.914669
11120.814492
11310.759624
11517.082968
11406.850510
11216.667545
11112.601140
10904.139590
10842.917109
11127.480874
11362.693813
11460.584144
11575.048647
11646.581042
11700.855918
11545.430685
11623.132910
11551.476430
11265.941292
10991.350033
10766.255733
10386.476367
10041.174233
9985.559678
10082.016032
10265.927671
10531.646884
11156.599261
11132.201747
11042.352618
10823.501407
10541.587348
10412.892243
10682.198251
10618.507447
10720.504125
10871.850457
10622.477242
10469.135168
10788.011990
10752.710342
10542.571991
10485.452380
10332.230185
10202.136074
10322.338236
10608.516645
10872.311459
10863.965696
10631.356788
10313.024498
9957.115703
9763.172843
10167.582333
10550.499792
10969.223269
11314.610303
11337.369808
11359.621782
11255.234555
11110.498542
11386.057304
11549.406207
11379.874847
11400.131988
11520.683355
11124.105062
10756.531805
10934.134808
10897.941282
10765.307909
11043.257682
11394.547857
11627.354488
11743.708936
12031.766167
11937.961622
11647.612689
11465.847131
11319.469984
11180.521719
11129.635214
11423.958632
11297.284728
11212.950813
11343.723610
11482.631524
11443.736767
11468.205180
11852.818474
11916.489886
11938.864228
12024.578410
12276.042468
11827.299614
11575.666938
11340.961495
11479.828953
11428.673371
11897.498900
12028.279734
12323.016221
12267.599186
11918.045953
11623.555813
11674.573230
11466.154349
11372.085102
11664.438353
11585.936196
11349.179158
11414.656094
11120.430952
11005.906434
11490.643683
11609.094345
11421.190247
11865.007385
11717.620467
11474.889676
11812.302169
12137.557679
12061.606064
12318.997361
12220.657568
12086.169409
11988.023060
11997.944805
12272.016820
12362.027265
12131.205305
12208.710586
12298.635446
12073.954872
11763.586179
11659.395508
11569.213818
11260.592828
11074.910316
11295.268802
11603.949869
11803.991310
11648.675798
11581.381951
11545.318068
11653.325908
11867.957206
12192.918620
12236.037866
12189.993058
12265.588810
12308.401207
12774.257454
12906.896404
13033.409345
12765.543401
12487.782933
12460.806466
12614.352412
12504.023994
12596.297829
12520.560349
12058.639350
11860.474422
11918.580237
11704.061851
11644.889339
11887.987693
12257.809756
12360.147701
12703.225477
12768.548057
12779.053580
12568.580615
12486.420012
12329.476766
12541.665343
12701.060756
12570.669948
12713.102092
12528.891234
12232.758230
11959.179133
12051.177256
11956.778797
12134.222850
12459.354209
12437.014666
12570.001142
12904.387441
13511.145577
13329.423719
13327.293662
12855.441599
12589.028356
12151.592118
11996.409483
12302.599550
12821.925933
12899.589476
12954.539094
13245.377905
13200.288106
13345.148439
14010.722732
14198.518077
14384.644695
14014.592674
13514.482359
12792.748959
12431.012622
12163.453105
12302.279701
12521.063570
12747.381063
12640.924026
12612.692018
12671.830127
12680.036940
12752.231257
13128.003266
13203.465347
13099.670253
13203.465347
12863.258153
12820.362532
12910.379639
13247.165763
13288.413754
13199.904441
12611.647536
12290.532443
12000.528203
11969.618151
12640.895861
13576.945213
14206.299737
15348.533304
16090.212860
16504.386323
16991.387817
16905.419368
15887.872782
15855.440759
15946.894937
15665.437212
16160.514380
17392.074341
17690.562130
17934.643296
18613.395420
18402.952642
17258.445046
16059.490837
14586.164166
12675.597259
12179.348553
12730.998724
13482.894541
13937.826954
15145.294229
15930.001945
16480.807300
17268.169742
18646.441261
18963.411988
18766.993494
18485.307063
18685.763256
18737.497927
19645.280185
20270.388510
21008.134081
21110.297999
21312.260185
21399.989898
22254.453615
22514.121783
22756.648874
22874.809203
22968.810131
21982.288479
19967.313854
18517.084261
17383.142167
15593.374525
14575.560239
15564.409185
16050.294925
16393.375495
16560.865222
16762.986370
16080.696243
16366.694524
16783.279849
17713.213618
19116.788682
20718.485670
21297.037803
21893.947950
22817.584310
23421.798405
24342.321361
25328.766849
25733.222397
25754.452648
25715.228534
24724.375419
23537.386631
22783.743070
21194.636531
18768.069454
17624.348803
17164.790402
15397.467490
15270.887634
16878.519405
17943.416220
18690.910092
20784.678572
22174.601524
22820.558595
23200.217378
23553.486624
23611.266713
24284.630964
24729.042376
25172.707353
25027.471554
25241.820408
24947.851451
24902.869790
25023.472408
25467.319319
25148.408105
24483.949420
23053.051616
20910.099509
18568.473150
16487.994858
14690.058737
13437.303731
12792.124676
12336.394221
12312.483786
12546.970375
13272.549922
14196.093190
15238.214822
16282.485091
16868.261269
16977.198159
16878.589063
16245.369293
15259.679590
14675.254586
14033.333287
13355.172677
13161.155676
13327.376109
13609.482704
14110.252527
14737.073533
15144.371845
14941.623691
14708.326774
14426.413065
13920.078217
13591.202395
13358.387411
13158.460339
12363.403463
11920.073355
11225.376867
11145.079870
11044.841916
11525.148383
11484.336200
11701.158691
11827.330574
11751.705373
11236.670747
10595.061273
10531.879295
10239.274009
10016.745583
9963.400823
10298.371960
10182.121215
10150.274904
10207.054182
10364.560715
10413.607096
10260.418987
10268.224413
9957.597645
9763.547050
9547.146484
9491.920679
9285.332931
9499.722045
9230.040310
9109.478295
8909.470788
8514.588082
8065.433698
7932.370059
7995.655300
8453.372892
9008.278335
8649.002620
8718.719384
8138.216249
7599.116777
7211.924972
7695.794732
7808.509140
8464.240538
8621.782032
8617.826048
8419.400333
8573.059069
8468.580173
8606.145908
8735.757137
8668.401619
8370.023253
8267.709049
8088.230830
7841.254242
7667.957572
7481.936914
7377.400550
7410.405026
7723.841272
8030.026392
8153.952729
8338.089664
8070.708163
7926.607558
8072.922578
8379.880568
8367.211283
8673.818062
8767.999831
8678.004508
8655.550805
8659.356029
8353.343613
8095.547356
8058.255957
7986.755747
7972.123316
8225.466113
8263.338398
8157.309096
8071.253867
8053.178512
7887.653789
7857.767011
7910.584448
8019.203831
8302.689928
8774.902329
8789.401292
8713.721729
8445.791358
8053.406305
7720.352554
7672.302134
7849.653872
7901.803175
8024.108925
7964.705295
7984.216334
7839.471555
8078.625924
8318.078595
8468.779142
8767.460679
8910.549090
9249.802448
9217.291275
9431.520125
9297.382399
9288.798175
8986.813638
8990.425751
8917.045237
8734.851021
8898.251561
8982.080135
8954.019727
9037.517748
8822.953478
8313.604536
8177.512762
8141.978918
8191.349968
9023.079427
9560.502663
9660.713474
9930.497057
9570.708172
9288.165309
9147.398740
8889.790326
8775.080451
9137.202166
9156.772385
9087.598295
9185.190115
9281.800743
9228.540688
8697.555511
8464.362286
8556.735700
8167.875050
8020.791525
8569.990977
9007.436344
9025.492496
9193.268701
9328.441409
9466.619771
9662.748530
9636.075858
9795.636145
10161.558289
9972.877774
9607.319654
9766.440238
10007.601363
9562.125510
9474.504598
9901.412641
9896.856488
9903.327988
10116.063146
10175.643997
9744.551338
9701.669968
9371.035812
9057.883783
9108.327147
9052.970472
8768.876580
8946.728044
9296.373297
9382.559888
9513.420599
9946.272659
9980.950006
9772.535597
9682.245340
9796.632365
9799.072086
9708.910469
9843.669176
9916.175637
9828.258532
9458.098052
9331.685841
9568.556149
9793.405719
9776.742072
10026.091505
9935.787434
9719.211477
9493.043492
9634.224171
9478.682678
9374.500113
9141.986186
9085.572661
9332.690665
9657.372002
10188.779616
10626.282348
11125.066055
11278.505602
11086.642769
11018.892222
10963.756101
10723.328839
10443.167164
10539.473412
10684.378425
10592.606422
10398.171046
10261.280415
10386.019804
10013.719001
9956.710462
10329.516296
10633.819803
10441.887677
10403.126478
10578.635687
10197.938068
10150.943421
10034.427346
9985.340569
9509.514351
9371.283704
8831.657491
8672.568627
8864.409530
9091.221202
9292.000165
9716.969952
9886.048148
9710.739492
9747.284936
9536.860449
9101.530927
9342.310845
9477.215761
9387.666814
9584.049106
9972.209091
9766.073951
9903.078181
9943.523663
10005.916911
9995.523280
10373.664590
10369.656711
10447.152062
10767.783620
10683.991293
10218.255236
10136.371948
9758.207100
9441.502005
9464.168085
9707.416665
9716.213367
10369.614558
10569.639030
10632.983680
10400.052897
10398.283545
10359.385066
10662.207251
10813.400124
11177.089386
11162.704907
11066.553227
10543.354796
10371.703147
10308.591543
10484.379885
10541.579996
10875.773112
11186.550161
11111.122803
11027.299165
10873.694766
10667.395254
10246.395988
10356.483622
10352.500825
10058.710335
9935.802464
9976.981914
9556.105137
9400.936166
9621.614659
9401.244147
9341.426392
9779.027815
9848.761256
10216.262356
10719.283198
11205.559355
11450.623619
11702.194784
11632.449215
11566.505779
11419.465227
11229.044792
11149.515414
10820.473728
10476.126632
10490.543194
10897.020207
10927.712886
10978.521442
11183.209406
11168.884257
10700.728654
10710.814227
10790.999807
10784.856625
10899.021172
11160.692123
10976.900901
10880.727425
11038.991802
10699.830138
10340.264391
10356.444558
10405.570412
10533.991392
10956.946570
11187.901654
11294.134727
11531.148726
11538.956903
11198.040240
11008.053506
11301.883618
11132.433889
10938.108181
11220.194321
11524.434898
11115.671279
10866.472701
10872.772600
10872.772600
10553.849380
10621.206374
11197.631416
11542.366946
11505.149297
11474.404061
11341.716328
10992.586776
10722.017629
10558.243809
10838.474784
10936.465432
11140.854537
10842.274373
10858.541024
10748.404671
10836.169576
11122.003825
11603.188887
11666.416903
11743.935031
11907.464650
11562.180879
11395.947936
11381.535622
11443.106121
11338.668686
11377.443896
11445.678101
11464.137146
11400.788388
11488.381691
11137.026759
10706.236582
10741.300204
10700.004564
10473.391519
10755.800549
11172.169256
11186.399634
11059.665792
11188.542770
11035.142762
10851.026677
10654.789879
10456.528571
10070.395781
9984.483691
9902.688404
9934.912388
10047.618393
10308.975920
10296.520109
10080.450972
9804.598935
9935.052069
10578.721159
11126.553570
11826.063994
12211.800721
12373.419839
11762.585986
11633.504465
11635.995748
11772.627627
11705.113858
12250.675484
12022.007207
12016.074327
12291.921266
12532.662454
12285.785419
12459.237422
11984.296664
11618.755764
11401.851668
11175.189394
11136.476916
11220.642207
11173.644446
11193.806291
11369.770005
11210.468272
11108.228641
11053.066325
10997.896185
10711.348960
10593.204001
10966.162913
10966.162913
11160.215610
11299.210399
11347.852874
11011.532107
10860.350746
10464.397631
10566.524020
10636.075812
11068.860364
11449.128969
12002.782623
12288.633261
12519.582819
12108.903660
11747.367452
11556.903323
11571.337940
11597.900154
11882.593011
12434.090948
12620.044534
12409.494817
12199.041820
12023.016818
11761.309649
11555.108669
11516.296400
11626.620687
12127.634787
12117.080313
12211.343259
12478.834844
12325.504418
11668.365381
11705.076027
11660.117866
11405.208163
11680.638543
11981.126901
11897.376027
12044.461916
12038.462823
12016.141734
12056.003157
11886.613777
11545.325204
11704.591320
11980.456586
12084.848500
12426.009308
12736.578040
12781.266223
12569.119602
12627.095117
12896.948649
12819.174379
12966.113790
13084.829864
13234.826958
13533.345384
13976.532551
13808.954113
14027.809007
13875.550657
13419.638877
12866.105893
12633.267225
12146.749839
11798.198044
11465.184010
11842.992763
12041.229275
12257.934348
12632.680990
12959.678374
12546.659077
12557.091097
12622.267092
12778.985270
12682.642996
12871.019378
13173.035089
13522.684079
13692.936581
14111.941246
14472.958344
14455.276828
13901.365690
13715.322542
13453.439399
13048.838734
12987.555551
13672.127243
13403.318292
12894.372248
12994.834636
12949.665948
12461.261668
12599.700776
13128.868734
13169.777046
12740.694535
12636.593411
12654.604514
12640.370205
12822.295731
13535.077757
13515.037778
13262.275263
13501.112779
13435.952282
13401.483883
13922.132548
14195.210113
14155.985627
14217.591363
14078.137057
13822.955393
13822.955393
13833.243334
13626.677910
13446.956545
13500.395379
13648.380532
13905.884939
14130.823044
14719.063662
15041.677647
15354.052357
15305.824229
15217.637855
14670.160303
14757.542154
14763.675696
14643.486969
14357.383569
14618.961539
14297.963062
14077.797308
14275.631161
14324.779454
14291.746537
14443.178299
14619.577886
14223.704191
14731.803009
14472.409922
14008.901158
13890.534319
13483.823622
13039.038930
12991.563948
13148.958466
12982.638657
13808.155466
14784.388782
15285.479295
15626.205184
15572.105010
15398.688939
15181.880022
15061.453613
14949.599288
14988.875677
15059.087525
14300.307624
13708.039757
13370.808104
13739.292753
13199.977039
13202.095761
13698.573400
14176.356189
14329.020692
15036.462457
15123.900668
14883.170095
14790.238292
14855.223527
15166.984047
16301.752961
17275.600926
17629.598533
18136.405711
18313.938794
17689.460114
17341.667753
17020.944442
16475.822473
16710.473233
17809.695318
18708.933676
19935.474431
20365.856976
20776.680691
20104.490187
19781.143605
19764.596397
20418.079860
20845.256343
21850.417904
22898.469109
22825.569047
21997.582870
21013.039047
19848.702128
18196.852261
16211.235548
14987.308970
14409.024791
14917.296276
15211.707174
16786.976545
18744.886836
20242.560889
20929.416316
22377.831539
23640.654876
24400.268977
24727.177401
25345.819859
25370.559471
25811.839507
26202.157543
26809.385461
26410.955161
25943.254384
25315.692396
24093.667390
22898.187159
22601.643445
22967.562133
23357.625018
24051.516583
23329.831630
21479.210363
19647.542152
17890.830314
16634.203549
15565.416834
15831.396539
16783.290723
17794.556593
19005.382322
21195.391056
22978.967181
23643.331796
24285.408452
24440.793219
24318.605369
24986.729845
25655.000995
25941.314688
25927.026113
26480.555469
26147.763227
25784.249794
25479.161148
25766.520894
26003.202114
26301.472107
26617.859100
26683.557183
26840.342646
27015.702962
27367.581374
27779.720331
28098.467710
28180.230990
28068.252011
27858.126063
27543.141160
27405.617315
27301.744656
27125.923915
26659.932061
25918.936600
24962.733672
23267.209093
20978.506562
18772.552495
16588.217694
14575.546413
13172.490223
12573.963747
12079.087198
11866.966203
11707.434655
11709.657132
11901.733904
12582.109122
13452.594220
14482.446628
15431.610002
16133.292726
16318.534543
16112.136856
15436.204149
14636.294913
13674.309204
12805.677025
12002.964872
11917.087696
12017.101653
12092.885540
12172.520003
12243.862046
11917.161602
11710.880818
11827.352169
12098.926982
12205.404843
12374.564827
12404.770312
11865.653753
11448.783264
11468.965571
11207.481384
10865.053847
11057.142653
10548.039015
10331.812234
10419.336828
10046.821391
9482.887757
9885.408322
9828.480134
9795.907175
9942.334439
10195.997417
9768.402166
9770.896325
9376.419634
9319.877081
9160.865954
9156.390265
9001.348927
9364.769680
9259.022492
9285.332028
9310.031010
9222.011818
9033.806144
9310.547832
9402.749554
9468.075580
9351.576617
9286.035548
8989.658643
8850.570349
8797.623539
8844.606935
8734.222085
8824.245896
8856.986898
8640.587531
8295.077258
8540.502145
8614.503530
8473.652253
8771.871787
9325.569832
9244.159971
9244.159971
9425.722409
9595.034259
9201.160447
9021.092189
9045.074318
9116.526719
8875.566198
9067.821195
9037.320863
8892.823059
8569.649323
8510.369527
8345.382142
8600.193665
8810.924854
9070.301595
9190.796467
9142.235142
8841.535263
8641.270031
8291.853855
8363.108337
8635.134953
8918.934062
8814.665183
9013.135355
8827.022083
8823.126970
8737.016360
8837.268353
9015.069723
9207.125062
9325.726284
9276.617317
9541.182682
9434.957606
9571.823604
9392.009037
9228.547453
8763.869247
8516.789136
8117.988692
8377.500449
8444.912405
8268.053624
8511.573326
8824.245737
8442.170256
8152.454612
8216.253377
8032.104939
8020.008617
8283.346034
8723.085646
9396.332494
9784.516494
9858.295907
9925.407178
10127.714336
10095.886435
10030.459394
9793.528241
9797.052344
9641.848662
9812.783299
9808.119948
9752.944493
9452.568832
9601.957472
9588.024558
9870.160806
9818.742909
10066.212355
9806.719832
9445.885170
9163.859603
9680.787058
9879.285783
10140.621932
10254.900065
10455.056383
10158.619960
10207.487352
10401.966744
10488.011007
10351.168528
10449.354206
9975.274836
9621.769933
9443.534183
9285.950244
9357.546437
9627.191192
9723.506613
9829.407701
9831.534006
9527.035436
9412.670712
9373.814353
9638.501743
9809.782535
10108.353843
10271.668622
10294.544983
10145.926503
10184.615522
10035.661289
9939.727906
10005.065311
9958.654286
9478.640879
9114.807838
9102.767705
9143.849587
8884.855475
9064.871663
9238.451336
9126.404244
8727.710323
8766.261341
9037.883297
9250.452808
9607.916957
10057.935405
10171.901932
9889.996109
9746.824626
9383.191920
9276.792779
9088.663406
9288.591182
9376.790479
9642.019929
9729.989998
9834.296112
9760.972474
9848.854724
9582.868335
9558.569302
9823.114637
10107.364746
10295.116778
10546.371119
10638.141523
10465.974909
10196.554673
9989.886321
10030.895339
9875.592260
10438.412702
10691.771224
10920.762691
10912.775750
10914.571531
10455.726190
10482.282211
10670.146194
10717.376864
10743.784780
10777.864888
10855.406992
10551.076743
10354.987299
10393.706362
10259.324341
10008.140376
10012.337258
10335.161827
10410.692754
10428.680957
10528.931779
10551.288880
10095.863523
9813.582795
10002.099465
9945.071357
9776.986130
10206.662129
10586.502768
10538.607858
10526.157773
10419.664032
10254.495764
10037.647367
9805.519071
9835.723402
10312.250730
10444.813879
10520.649729
10642.846074
10460.649037
10025.723190
9725.047222
9631.068966
9641.259409
9784.362040
10117.334301
10693.409592
10861.082156
11504.401834
11902.687190
11720.866289
11496.200803
11375.753898
10644.269123
10174.300887
10268.205802
9931.342847
9949.437420
10244.111446
10419.633860
10332.091931
10654.826865
10421.652130
10183.323092
10034.098659
9895.492947
9834.105612
9989.538206
9975.284631
10308.369746
10718.960588
10592.467325
10765.948660
11112.595340
11061.673274
11059.452276
11390.586029
11326.983137
11275.031483
11454.890889
11052.610211
10792.690351
10878.854499
11187.404751
10948.276791
11244.499689
11240.473740
11324.332270
10917.411598
10837.823333
10892.832257
10651.818186
10355.465220
10535.690591
10568.536643
10398.971114
10736.078751
10762.727850
10393.850060
10040.719612
9895.582254
9772.661106
9679.011019
9568.506677
10120.248479
10574.033487
10768.001706
10771.922999
10940.308189
10999.571444
10891.459565
10844.385755
11034.149391
11224.739522
11104.085960
11459.905747
11702.936979
11853.906322
12050.682250
11931.965368
11388.451349
10791.841442
10644.760197
10452.577328
10335.677985
10403.365131
10957.046978
11304.429394
11346.437935
11583.495721
11754.815094
11667.199252
11652.835736
11793.088162
11754.243158
11764.457221
11646.105979
11496.788052
11466.728313
11758.974797
11677.353935
11916.381285
11987.908569
12061.911228
11941.200378
12077.920166
12072.312366
12207.010829
12186.914833
12207.468617
12319.590159
12354.497859
11884.446316
11539.594744
11486.849433
11425.430059
11165.941540
11437.758018
11582.004655
11602.431093
11510.640366
11561.635559
11269.528179
11257.536343
10989.507525
10668.792238
10609.798012
11006.121818
11077.731376
11386.664398
11740.047837
11828.021107
11803.498633
11911.793327
11703.393253
11303.006971
11517.361530
11597.097138
11769.327109
11881.991376
12200.383559
12053.336472
11855.366441
11494.772873
11098.135646
11467.885145
11486.598297
11345.555449
11417.354477
11572.743514
10986.661155
10777.978135
11129.557741
10989.035890
11087.493957
11301.585922
11446.782319
11524.455675
11872.811953
12242.964245
12179.705306
12059.014603
11685.180884
11570.961063
11456.464222
12026.675232
12361.725665
12909.590891
12718.885136
12582.123869
12338.875679
12173.232972
12022.283240
11871.745799
11732.886931
11430.515976
11416.291105
10864.768141
10928.560595
10953.216284
11063.492162
11175.997772
11449.808540
11251.428828
11228.725293
11711.137789
11739.640830
11929.768017
12604.946985
12845.984955
12525.706422
12425.254933
12304.654330
12372.827202
12444.351115
12507.512438
12662.784680
12767.295832
12370.514237
12433.643096
12239.635383
12133.312684
12290.596355
12414.873792
12171.798754
12106.199234
12208.449256
12198.375857
12342.547180
12502.099160
12763.375701
12798.599423
12792.252662
12545.880762
12382.410172
12433.261735
12363.918713
12388.425435
12903.429352
13085.235888
12966.531641
12852.225844
12752.209306
12602.067811
12728.726347
12710.047277
12965.462004
13106.377910
13102.439895
13065.560953
12996.091487
12926.664850
12910.688949
13058.770857
13136.788599
13224.250381
12876.638489
12995.297207
12953.372008
12795.860840
12806.041888
13063.792957
12916.837171
12621.714413
12656.852716
12603.630147
12523.704887
12584.923050
12637.277886
12647.619431
12657.823397
12375.651466
11953.124832
11782.868378
11927.770650
12021.838490
12545.158500
13041.136600
13406.114195
13113.738040
13357.073691
13512.091484
13457.527035
13639.599348
14017.639342
13899.126645
13864.156283
13937.880289
13669.355790
13669.355790
13564.908712
13532.763087
13366.502619
13216.846522
12948.983565
13122.470498
13269.837538
13218.245783
13370.953902
13701.964209
14163.489001
14835.877247
15824.719674
16656.965778
16658.653078
15864.081184
14978.894230
13877.501700
13278.285434
13329.555483
13323.859894
13398.543087
13449.956144
12891.022198
12361.817757
12298.400361
11991.989079
12143.223750
12561.945457
13219.515375
13722.522873
14595.064432
15313.672498
15282.034418
15049.167161
15165.780691
14816.091086
13855.841798
13865.937101
14280.614315
15010.633473
15487.958408
16836.267432
18183.368513
18946.115445
19382.758545
20210.121286
20678.341052
20806.553532
20625.063207
19891.225492
19360.333709
19008.427103
18826.393616
19078.949272
19849.714790
20401.984336
20671.176514
19669.626983
18947.796317
18631.182527
18480.515548
18276.298120
19474.132226
20520.594102
21026.814722
21098.568306
21210.840305
20471.124527
19827.729453
19321.457708
18912.746764
19012.469696
19863.982294
20561.168497
20910.185147
21452.146932
21848.297752
22190.754368
22772.952610
22957.185555
23433.164669
23804.762703
23840.977231
23828.355597
23238.348622
21547.077275
19646.561630
18441.983894
17634.831534
17477.456482
18550.722155
20044.284884
21215.960131
21753.617190
22756.604958
23428.800960
21838.919159
20165.730822
18233.212828
16400.254679
14863.801640
15766.940227
16672.341157
17606.541919
17620.949842
17632.981849
17788.128895
17473.926134
17855.681671
18913.935697
18646.340678
18507.604958
19181.287796
19283.177568
19356.512028
20886.835756
21786.660167
21948.629401
21402.663162
21484.095394
19426.541087
17519.265498
16137.903131
16334.581794
16354.720949
17901.521443
19717.496544
21296.953045
22032.419813
22606.614396
23403.025999
23640.650033
23838.920694
23940.553412
23379.344705
22032.513879
20226.156009
18364.280202
16444.171905
14855.739790
13854.973834
13370.599570
13067.570155
12777.326156
12704.183399
12391.054401
12517.999689
13018.946386
13137.729804
13595.104676
14523.656877
14868.221718
14393.077290
14270.730116
13956.013476
13778.028799
13616.740242
14037.593980
14736.352691
15267.501433
15619.304076
15544.953664
15372.491693
15251.048324
15090.913299
14623.736983
14392.338376
14188.297224
13397.497742
12810.893064
12437.018636
12310.402575
11817.200066
11902.937764
11827.581826
11612.971392
11412.562301
11561.213362
11150.219769
11048.385787
10931.691909
11127.796397
10795.186959
10813.809885
10815.589659
10792.953305
10075.793887
9959.692521
9606.659863
9385.901894
9160.942012
9379.352647
9213.087726
9164.052537
9135.756284
9317.399379
9157.971780
9362.528166
9648.414258
9458.202422
9337.708919
9290.965428
9092.312952
9167.765425
9106.870996
8639.183983
8375.529132
8325.058798
7904.095144
7759.318935
8174.143187
8417.032568
8442.981632
8445.240288
8481.872536
8153.140576
8353.329300
8245.120205
8439.405323
8423.397087
8300.453788
8047.062904
8062.920101
7733.687445
7860.987875
8024.167831
7923.544812
8138.548397
8569.454365
8367.117220
8416.114292
8657.251967
8677.498023
8548.909630
8427.820583
8393.029237
8399.821837
8309.148259
8273.130213
8617.982936
8564.975370
8317.991535
8181.366327
7960.301207
7780.682855
7838.511031
7892.816014
7707.040718
7974.523634
7964.629469
7937.410520
8031.447285
8430.580947
8485.652227
8732.884240
8820.749009
8743.025989
8418.572806
8583.879707
8530.981167
8673.778214
8784.376121
8743.987380
8449.882949
8427.304672
8402.707595
8353.737063
8514.168817
8863.643879
9118.951627
8780.039451
8716.149743
8565.991688
8251.915847
8065.676603
8145.651518
7967.773915
8220.117360
8295.386483
8136.383994
8070.875830
8471.207483
8719.608048
8760.176569
8860.680232
9154.943045
9063.313532
8629.976710
8299.349304
8333.922809
8382.956672
8405.574719
8481.505817
8967.885609
8857.433537
8722.953014
8955.603367
9292.665236
9347.753544
9523.457552
9697.489537
9693.223142
9863.726136
9716.990318
9749.342184
9606.690577
9436.973698
9222.253562
9228.441818
9514.418396
9911.189595
10143.560356
9969.606935
9932.875598
9670.949516
9566.930370
9495.361896
9683.934495
9933.193745
9978.023588
10021.087238
10360.122939
10750.952310
10523.794506
10587.427057
10190.899382
9751.847772
9569.263756
9834.714294
10010.779447
10421.258930
10417.474065
10240.742476
10026.450617
10024.345546
10109.962346
10069.351395
10043.057618
10141.332856
10157.774715
9982.017523
9939.345054
9847.101662
9738.552935
9438.297940
9232.020935
9325.888649
9530.282956
9787.549580
9926.809326
9988.467435
10083.689836
10022.091581
9713.048211
9529.677996
9551.813816
9556.041075
9523.765391
9579.177660
9906.010793
10259.401655
10467.819003
10569.900406
10596.724650
10461.816973
10314.730173
10141.047930
10044.718984
10381.923511
10500.502210
10390.037974
10588.460716
10758.545462
10511.576217
10339.799038
10166.305122
9863.725425
9731.373692
9837.947370
10236.060494
10724.338154
11053.431223
11131.496831
11215.544034
11013.231308
10751.543912
10426.781802
10082.034680
9767.003241
9371.187019
9205.506150
9121.671101
9129.805012
9113.380801
9548.406880
9991.898086
10255.668062
10497.914858
10826.990791
10716.907641
10338.805349
10218.222843
10432.784186
10140.439378
10082.908382
10218.143456
10214.049791
10340.106245
10465.090913
10385.247325
10287.034774
10229.775281
9853.123677
9979.911926
10073.845795
10429.197622
10798.937101
11189.622964
11246.848028
11351.374965
11136.719305
10755.150529
10329.847945
10225.684312
10115.646226
9980.413767
10219.057083
10441.933337
10486.727786
10335.561728
10315.183206
10292.581146
9871.766013
9678.181996
9990.261077
10243.856689
10186.817028
10858.065656
11021.505726
10935.775379
11043.901595
11377.005204
11370.817362
11524.149053
11597.622968
11415.960276
11070.675858
10998.396351
11104.369532
11186.322751
11149.444159
11174.149361
11037.926190
11027.802955
10790.851011
10653.845925
10594.277946
10389.989636
10369.824864
10545.844871
11048.609170
11230.127770
11072.274901
10853.723562
10904.561485
10585.958985
10179.320659
10231.354535
10080.354251
10086.536362
10053.423514
10676.858804
10861.179980
10879.626279
10769.471242
10881.481709
10497.361939
10457.502770
10547.178455
10250.806001
10010.036298
10081.558660
9913.084909
9966.273337
10170.519668
10197.168732
10235.891387
10831.211915
10900.591615
10992.633614
11157.839489
11094.637235
10756.304203
10970.488376
11156.448209
11183.240046
11236.368377
11478.975389
11584.808266
11521.552717
11548.250498
11548.250498
11532.260865
11219.705794
10763.740221
10496.353638
10659.399333
10651.698983
10745.403372
11162.592233
11554.902877
11601.654635
11543.660986
11545.684274
11727.614527
11570.157925
11437.456242
11399.551304
11507.668941
11444.201642
11495.514466
11564.857326
11462.660935
11413.483386
11460.603568
11767.154268
11730.226592
11682.089829
11600.517373
11410.668759
11147.055240
11387.915021
11604.529598
11316.084462
11228.434866
11087.650060
10823.882138
10835.946474
11346.646154
11630.757517
12027.214785
12268.147127
12494.809020
12537.531181
12545.934406
12453.898420
12476.284816
12357.951815
12311.194690
12229.352003
12282.473984
12329.710253
12289.312367
12373.145786
12599.787567
12303.481311
11815.627004
11817.211913
11911.294972
11888.840144
12013.404172
12238.376387
12258.168457
11790.206360
11618.833860
11659.681850
11567.796856
11391.216172
11659.198486
11650.682968
11499.376177
11558.672546
11889.450841
11748.343449
11836.502448
11936.775914
11918.083960
11625.720729
11474.080832
11220.936294
11114.722120
11188.365361
11474.540030
11619.681704
11701.787110
12192.126122
12165.487074
11984.873596
11941.967733
11899.109770
11717.420145
11921.786184
11751.518743
11776.150127
11808.643800
11771.931089
11270.949394
11189.021006
11148.150881
11150.151586
11258.712227
11659.265633
11825.506728
11984.604733
12003.172913
11657.863797
11625.281443
11811.616650
11938.236792
11860.500966
11729.781029
11652.197921
11832.442440
11891.651030
12367.527734
12660.173309
12856.038687
12589.558911
12203.143301
11828.784526
11705.921595
11730.360544
11694.336012
11393.918906
11483.919662
11922.666276
11966.092686
11773.453900
12319.113776
12752.402059
12219.006947
11916.718372
11965.038229
11629.718952
11253.841247
11368.178889
11300.508142
11418.952029
12019.704834
12309.881140
12718.403422
13158.180987
13420.024353
13171.180571
13152.584096
12717.414626
12449.852215
12315.342855
12491.211690
11661.488434
11596.269416
11706.331389
11484.162171
11504.529506
12578.896146
12938.889309
12889.955947
13094.445985
12959.465205
12379.144263
12117.343855
12103.369862
12024.964321
12049.677700
12460.163995
12815.635413
13081.814272
13464.285751
13601.097279
13658.416101
13641.891517
13564.410864
13274.192209
13366.010930
12969.513825
12881.464921
12674.973096
12709.449230
11977.816076
12067.537725
12227.012489
12674.348510
13179.189778
13625.335885
13711.020900
13592.475508
12989.418813
12360.359597
12574.635280
12421.928731
12668.796895
13105.960134
13246.231866
13162.260335
13115.236976
12643.676357
12375.571708
12700.415143
12776.070038
13190.624431
13313.417786
13417.992420
12882.469688
12361.617326
12081.778104
11836.617950
11997.721737
12821.659907
13434.484383
13397.686005
13291.626165
12885.042380
12390.017777
12236.804337
12355.038652
13025.525987
13381.284749
12911.590349
12679.137499
12654.463221
12672.889354
12523.516864
12904.426203
12953.466227
13059.570985
13047.718305
13000.528290
13060.327053
13181.215285
12921.759313
12449.822693
12723.808429
12713.404648
12627.551439
12803.395194
12913.819802
12748.114486
12647.945338
12719.363780
12617.335466
12484.578260
12753.979274
13317.030592
14003.920781
14232.397600
14553.242302
14081.354015
13745.093139
13160.446116
13258.333949
13963.698705
15414.476299
16452.424672
17767.930414
18928.432297
19461.758656
19653.744732
20249.663275
20404.465091
20261.039099
20013.905802
19727.845994
18539.758035
17184.657824
16212.254852
15251.825419
13999.393582
13650.799968
14413.079026
15320.265831
16634.031157
17980.784198
19461.489543
20366.568377
21026.794800
21696.735509
22783.743862
23314.928769
23889.430163
24332.440556
24498.581841
24322.300709
24559.579015
24812.835650
24041.944440
23480.508098
22798.257745
22545.226598
22128.150367
22357.094129
22629.168741
23370.560875
23286.560139
23562.667582
24134.522843
24588.229402
24902.890453
25089.414333
24842.513777
23935.128481
21837.134555
19078.362621
17274.925424
16210.144392
16526.799116
18320.659689
20715.606094
22652.905997
23303.178766
23828.186715
23821.838997
23924.545307
24260.795632
24808.558200
24957.954573
25455.945897
25078.160857
24739.162111
24643.619018
24498.585581
23709.673017
24506.894914
24945.544663
25372.477743
25993.969790
27092.866418
27534.390074
27470.280325
27457.667675
27424.711935
27556.215711
27468.289283
27602.286844
27988.804655
28013.142006
27775.975679
27793.878735
27720.195487
27442.735811
27405.440372
27620.489420
27215.546894
26872.400735
25892.036483
23947.160418
21631.984819
19590.760171
17075.825136
15161.793530
14097.119105
13195.413988
12360.241229
11788.969845
11384.485038
10961.645957
10992.322873
11815.849551
13466.768375
14988.781332
16747.986116
17209.905874
16599.075926
15665.409895
14739.586591
13644.459512
13423.595070
13317.185594
13076.648457
12753.975886
12574.373716
12470.479712
12864.711662
13057.152420
13494.370730
13715.292875
14070.427842
13796.538148
13239.541431
12840.930290
12591.949680
12066.684480
12064.693689
12465.660661
12332.449523
12226.475347
12117.764153
11958.866432
11589.994242
11113.931335
10921.832902
10846.100370
10425.424418
10311.005192
10237.531066
9963.812323
9900.623561
9874.011090
9887.812201
9719.977433
9757.136246
9830.585471
10159.463612
10319.980206
10681.460010
10514.002808
10033.792744
9743.913249
9160.752307
8902.986447
9056.523122
9197.349020
9134.001535
9737.230165
9875.997410
9496.055441
9197.682069
9068.832625
8824.470254
9020.857228
9237.595512
9294.332682
8851.037313
8610.721398
8248.740252
8066.851664
7846.278177
8124.519329
8368.683353
8256.659087
8234.020692
8401.535243
8532.216600
8274.179974
8574.409291
8839.826867
8893.011685
8600.448831
8524.414589
8530.870158
8312.418723
8385.373286
8624.460728
8818.795659
8755.446580
8710.243856
8575.646809
8451.181993
8294.849583
7984.016539
8149.926733
8253.875625
8527.504096
8479.686140
8632.719723
8823.011021
8918.803801
8655.338488
8523.337394
8533.396607
8036.806907
7591.103234
7599.604339
7846.158669
7846.158669
8334.143718
8689.810144
9000.475835
8900.598200
9218.878502
9100.462283
9221.092617
8736.682369
8592.802611
8267.594668
8304.049730
8416.598164
8866.259878
9100.672922
9002.578336
8769.605411
8780.167228
8639.241100
8684.867995
8840.333742
8903.383558
8597.330807
8758.847329
8688.778660
8518.578026
8355.402746
8475.911430
8202.679166
7983.839799
8455.591467
8584.447248
8635.311862
8539.920248
8505.338006
8458.732509
8948.911325
8820.026086
8918.019536
9435.326975
9388.006723
9037.189517
9294.026350
9745.583295
9615.487457
9451.986106
9492.917311
9370.794983
9019.132692
8866.522211
9032.156739
8983.025391
8766.749403
8654.442531
8800.643199
8865.783220
9024.936590
9552.025504
10030.582776
9964.436835
10056.317659
9915.401745
9416.820521
9341.013271
9537.333648
9547.736145
9449.974142
9328.862360
9217.029150
8723.495025
8421.043491
8564.561377
8666.442780
8541.959549
9012.935106
8928.954584
8894.004308
9249.991099
9306.765480
9265.253410
9076.996185
9070.935622
8954.690014
9142.692443
9162.254845
9630.217592
9679.417948
10092.061096
10349.614337
10399.514748
10485.480154
10781.869251
10460.768998
10238.324155
10061.774031
10098.814373
10045.336937
10198.709625
10388.770785
10683.218727
10654.811011
10773.431592
10822.336729
10562.811170
10334.390216
10230.045376
10105.260610
9966.480324
9980.801744
10059.152728
10134.677215
10167.323546
10075.225220
10085.861221
10340.038784
10695.622299
10444.213669
10202.920336
10068.211307
10104.270732
9722.740362
9806.294011
10290.469872
10515.306760
10198.431807
10127.085993
10313.211750
10300.907436
10433.570361
10563.726499
10902.850102
10929.378916
10953.873816
10931.531810
11163.895197
11251.688434
11014.917912
10722.486640
10646.549605
10267.969703
9873.669388
10335.357302
10690.841272
10562.246767
10447.874405
10229.347323
9822.865832
9700.203124
9567.297985
9414.721588
9617.404361
9608.854549
9339.670286
9386.582401
9592.795026
9443.797769
9554.191546
9829.705391
9823.644866
9964.029040
10104.683880
9992.644548
10011.003825
10196.981706
10134.781594
9913.802827
10048.841025
9859.105279
9441.862738
9329.521399
9875.588013
9769.251918
9573.146088
9793.788275
10000.278955
9558.802219
9703.868583
9916.403826
9826.420002
9730.091102
9983.569660
10104.071288
10441.505405
10919.398404
11214.144111
11218.038181
11118.106918
11259.009754
11121.900038
10992.075044
11073.604961
11308.320103
11177.775971
11512.740881
11953.707057
11967.696501
11537.048309
11371.263096
11430.557848
11460.679257
11438.088078
11536.409278
11795.688036
11473.095316
10785.424890
10511.785187
10875.300109
10734.427293
10702.065446
11016.220615
11108.390979
10899.857554
10814.277179
10858.934097
10923.104107
11074.517701
11052.249503
11007.323572
10921.185727
10774.929638
10752.178786
10689.042725
10321.138622
9882.161700
9763.680811
10092.638630
10017.317255
10456.401179
10946.790003
11305.481868
11048.263409
11176.983403
11319.645964
11405.931031
11604.153074
11822.420354
11977.943629
11875.805110
11851.154312
11406.503074
11267.486697
10989.334007
10913.950417
10650.470356
11049.094011
11279.933213
11508.777523
11698.948849
11948.183111
11655.912088
11341.025749
11377.586597
11320.269834
11267.450881
11243.474223
11412.748701
11496.643088
11517.106458
11778.693860
11918.893517
11710.693237
11461.219710
11514.387784
11393.843326
11656.459466
11954.740469
12379.582050
12426.764633
12537.020562
12846.998823
12912.940122
12663.428611
12743.200644
12518.523380
11949.403020
11638.908334
11555.241081
11236.495710
11183.461292
11037.144065
11027.042124
10967.508513
11008.414429
11188.306331
11314.534991
11757.946451
11788.565060
11851.729619
11907.003563
12007.451169
11747.757785
11676.243900
11396.196628
11443.325140
11331.187580
11257.692684
11284.263494
11848.230294
11754.143921
11714.224921
11622.125547
11820.612827
11618.242513
11832.528759
11942.731545
12100.061728
11993.764193
11764.912258
11201.011660
10760.203004
10439.357705
10382.093823
10543.504265
10921.668027
11266.614036
11292.815039
11121.305326
10865.950780
10688.315937
10720.191015
10953.111966
11363.728454
11706.871485
11580.383903
11438.021575
11546.336937
11648.454244
11607.772578
11885.603995
11893.695027
11427.815155
11045.355661
10534.862597
10467.233229
10519.644786
10691.093925
10928.111385
11195.702667
10889.237926
10899.206500
11156.619570
11103.740774
11565.432260
12123.180713
12213.269668
12407.394731
12413.699788
12315.490658
12056.034047
12025.911407
11664.467149
11578.590484
11380.277424
11406.884664
11521.176115
11694.826249
11835.851467
11956.461324
11803.064089
11863.113023
11832.530330
11883.504063
11926.649919
12308.738545
12208.385537
12153.084193
12187.753206
12198.318268
11922.196615
12024.509702
12298.325686
12565.998915
12455.825715
12561.905210
12379.570454
12103.891642
12012.116831
11829.763113
11738.111734
12253.002776
12359.450118
11842.226302
12073.282471
11795.376314
11103.976132
10756.770882
10975.280287
11036.703618
11479.987409
11802.588041
12023.378968
11878.159883
11737.418140
11802.589852
11784.206592
11821.279051
11884.577663
11909.055862
11281.848255
10893.117394
11160.818650
11363.271648
11330.541720
11753.616779
12093.992209
11860.911711
11928.597670
12108.459353
12228.919259
12319.025946
12272.125304
12200.377009
11804.149233
11474.924524
11220.751798
11216.464651
11001.959698
11255.385442
11361.629866
11341.558324
11216.839588
11566.443010
12007.803886
12191.840242
12141.531574
12190.888742
11702.363026
11463.316685
11434.729185
11572.785789
11730.158246
12065.318232
11944.827422
11826.520736
12006.929671
12198.589088
12423.344092
12484.731288
12595.115169
12384.617830
12098.537837
11424.412595
11473.358663
11743.261397
11861.025113
11828.444744
12273.677275
12266.026558
12108.619742
12282.876626
12448.560486
12252.020522
12074.357852
12297.213220
12088.640712
12215.694523
12098.977103
12070.511580
11686.169159
11810.622531
11769.561366
12037.619142
12268.186937
12762.663674
12778.949951
12713.351336
12284.470126
12065.687352
11834.815791
11834.815791
12184.127826
13050.342185
13555.473582
13565.147102
13715.882869
13676.559039
13423.394701
13041.204759
12716.636160
12171.484323
12097.874326
12151.183438
12163.317986
12383.920041
12995.115441
12974.730224
12888.914402
13044.119645
13129.949561
12823.392145
12799.014370
12880.537956
13240.294736
13583.774599
13843.540692
14074.921139
14689.998634
15253.490521
15537.580805
15674.104449
15194.015778
14274.005324
13026.149231
11976.011671
11613.139328
12101.513554
12526.731793
12771.639982
13366.217953
13915.067405
13774.109794
14050.121573
14464.845965
14832.795822
15588.347881
16722.212960
17637.591580
18321.981843
19069.907819
19340.174195
19360.627572
19503.902425
19794.167255
20151.806093
20181.973723
20563.636467
20758.055186
20641.536755
19670.420278
19420.341856
19285.968244
18241.415338
17432.038907
17054.284920
15877.729121
13642.399027
12341.375990
12085.965163
12218.624994
13543.123441
15384.143877
16835.004206
17733.827617
18766.160340
18783.776416
19396.911141
20224.029209
20957.289947
21170.177556
21266.308594
21059.884611
20387.742559
19733.849731
18754.766208
18224.205773
17911.997205
18320.228468
18749.451910
20064.973092
21179.127846
21849.756839
22474.351553
23148.644018
23204.613421
22988.062936
22981.214258
22841.156536
21698.633757
20184.126424
19132.371344
18482.168533
17563.209805
18065.277933
19307.701178
18644.922508
17475.985085
17024.484452
16293.404790
15868.546211
16703.979136
17876.738402
17980.826054
18416.043457
18724.384946
19517.987883
20098.409620
21422.088554
21896.071402
21371.237279
21297.070871
21469.075729
20843.705234
20428.554432
20745.183595
20825.850139
20582.784913
21035.683606
21487.445192
22014.699209
21682.427751
22090.780499
22587.193370
23153.252389
23624.840478
24699.252259
25304.131386
25623.467254
25966.068285
25933.378587
25891.662837
25391.168014
24440.417028
22714.428991
21045.197066
18822.605203
16691.309208
15046.420967
14085.805451
13190.688633
12647.845089
11757.070025
11370.763093
11062.374652
11139.973361
11789.191511
13254.052488
14472.049731
15474.590829
16282.492207
16264.177474
15379.216959
14253.801867
13246.358479
12312.822405
11909.672801
12099.809154
12492.228474
12688.461696
13168.308206
13064.446252
12864.202778
12757.581988
13090.444311
12629.292966
12659.177877
12665.423272
12810.629148
12291.433654
12219.547537
12211.691378
11882.834497
11412.746568
11706.972123
12015.843042
11718.937656
12099.096628
11864.295475
11449.523608
11142.867998
11334.967281
11018.520321
11141.201096
11032.675379
10750.969684
10370.025669
9696.011730
9557.061356
9493.462316
9481.513348
9437.342857
10042.071190
9942.067253
9796.641602
9680.395159
9486.055485
9075.412278
9040.631192
8899.974558
8709.879973
8719.484383
8874.994671
8801.450233
8813.710864
8650.255510
8517.825114
8271.129340
8381.040349
8379.079988
8414.129391
8287.727410
8234.192834
8248.511760
8510.027182
8610.351477
8846.789787
9208.119318
9102.055021
8853.009492
8452.235487
8352.516348
7796.403798
7565.012487
7201.887067
7267.254875
7205.110414
7543.872121
7644.398398
7824.728615
7920.225586
7946.731557
8203.945643
8362.946811
8295.463218
8401.811850
8518.006831
8297.362897
8216.066832
8309.338313
8328.432011
8243.922206
8401.317650
8053.727999
7839.396514
7933.111192
7957.828230
7861.323553
8114.590864
8415.169910
8703.323514
8789.706283
8468.607097
8583.022138
8511.341441
8047.778220
7741.119234
7814.231901
7849.473430
8341.709426
8750.319373
9052.981569
9224.842323
9285.868985
8963.032714
8773.237128
8915.674141
9058.122378
8982.824368
8731.586378
8598.644369
8566.422921
8705.354579
8609.765256
8644.437477
8648.476139
8412.210262
7929.534434
7939.623287
7952.290858
8044.470726
8188.266860
8352.265961
8593.196761
8588.632812
8249.225319
8185.778245
8440.939305
8559.676683
8855.807781
9019.533552
9071.461738
9010.219216
8917.900691
8824.064332
9253.228606
9293.371427
9066.877510
8780.893942
8979.430538
8914.195058
8731.822529
8715.328372
8574.604943
8361.795393
8055.377654
8278.101429
8079.478035
8183.796445
8110.787843
8165.636801
8125.453590
8464.417471
8542.277233
8814.125757
8744.518653
8772.688037
8691.151918
8946.369539
8727.624866
9205.806509
9276.179107
9337.165356
9132.929049
9202.532883
9190.176405
9272.232139
9211.405611
9137.548584
9137.548584
8961.464498
8695.470482
8846.429827
8795.129899
8818.053011
8586.925097
8462.856247
8485.258753
8575.011224
8569.054612
8914.358350
9224.931665
9214.518651
9437.395423
9594.654407
9707.128829
9873.423344
9945.103416
9746.621808
9518.001846
9245.885235
8989.682451
8748.561296
8801.641968
8883.765356
9055.299506
9423.960965
9579.040740
9609.302820
9493.109307
9196.945465
8888.364069
8880.054754
9043.771148
9143.876944
9396.916312
9792.468124
10067.529612
10441.706624
10735.732905
10903.265770
10642.998746
10387.449423
10076.851910
9950.327631
9935.598726
10180.187136
10323.393396
10190.503750
10094.939758
9890.160834
9499.444148
9507.717864
9685.313080
9683.353449
9679.355182
9737.325465
9522.976083
9224.740067
9207.967338
9529.236816
9695.326727
9595.005970
9537.753376
9503.581788
9282.566068
9164.233437
9254.227322
9718.007920
9742.742946
9425.896253
9648.319436
9819.675810
9500.791941
9625.949700
9807.621783
9673.308968
9704.081471
9755.196435
9476.898437
9328.315870
9514.403523
9776.387487
9855.726045
10274.691359
10347.954280
9953.293769
9644.955644
9918.724857
9885.748922
9985.686555
10386.908782
10535.769019
10123.179415
10296.686257
10345.947365
9969.428308
9744.412111
9781.256983
9607.572245
9648.397608
9942.942586
10263.955281
10590.717874
10809.123017
11295.622489
11044.902080
11406.787392
11288.216593
10996.057701
10495.880615
10806.095722
10446.632211
10403.642046
10370.624878
10493.066425
10674.015484
10610.376425
10667.786671
10704.329756
10606.458180
10448.090227
10388.850525
10307.300323
10599.122220
10613.928562
10393.275600
10521.882943
10491.012804
9801.983876
9779.680087
9883.752206
9556.709068
9440.070614
9894.037504
9922.419743
9782.182467
10051.843787
10153.857737
9685.750606
9451.216605
9491.349656
9284.825730
9441.934496
9883.689856
10226.795120
10286.882840
10423.892298
10278.776224
10115.598156
10017.360144
10343.727068
10648.024786
10687.479462
10999.620480
11073.322596
10764.617038
10684.872585
10703.439012
11020.210041
11087.669898
11211.796317
11252.553183
11730.549666
11528.140961
11303.820074
11129.425134
11111.159088
10969.915106
10369.506643
10197.546390
10131.602764
9865.446994
9645.212625
10102.986201
10423.758051
10562.062152
10733.762825
10903.075274
11019.744190
11148.238287
11535.035952
11821.137452
11773.923670
11678.109117
11858.159139
12052.265300
12087.000664
12121.819834
12064.630922
12027.830192
11835.427108
11643.431720
11671.805375
11886.629894
11843.461271
11783.392103
11524.021845
11111.417195
11035.595151
10878.524624
10523.419369
10556.252568
10674.718059
10476.643335
10301.095619
10281.018037
10381.167875
10401.363688
10560.913738
10652.768971
10117.540231
9514.691528
9128.718415
8734.460208
8818.299090
9707.765262
10273.951068
10737.671078
11091.426898
10882.898917
10854.862592
11226.699310
11177.672122
11353.160462
11821.162886
11812.883741
11659.911106
11606.837601
11537.559142
11428.986171
11202.615864
11363.894980
11848.442761
11889.121356
11933.910711
12286.897910
12225.542424
12090.757454
12217.267140
12292.987394
12144.640205
11817.510087
11743.969524
11805.480766
11846.260583
11770.024750
11868.087351
11615.029602
11424.857561
11406.566771
11701.250117
11498.672638
11496.656811
11684.764638
11568.325187
11187.586230
11346.754569
11267.271757
10827.547355
10670.480807
10440.262943
10103.064028
10197.018696
10791.617150
10989.494483
11414.636365
11851.710386
11947.889866
11708.736057
11371.546451
11197.483358
11250.712867
11062.492947
10557.446663
10521.250601
10591.234319
10446.229777
10826.213779
11118.382882
11484.079206
11776.738879
11796.853622
11637.901831
11484.387053
11690.882469
11205.880833
11244.867595
11656.014842
12287.240674
11948.199380
12066.501885
12315.693717
11913.434350
11574.254488
11594.580098
11965.473519
11977.658345
12048.835376
12120.852062
12373.833190
12382.133996
12144.845564
12234.479016
12126.681534
12167.209084
12313.700571
12640.525816
12709.985983
12846.532009
12573.156651
12511.044305
12331.113459
12139.338674
12132.995667
12447.679962
12237.366881
12077.690118
12180.023528
12016.592858
11826.839996
11918.715983
11998.192680
12151.652177
12368.081091
12468.166661
12256.062681
12536.045963
12577.032962
12682.865204
12822.077657
12888.091748
12867.214262
12785.933418
12555.108717
12205.672421
12293.706313
12336.698265
12242.729296
12150.984905
12436.899902
12318.584579
11805.795710
11419.684792
11572.721243
11668.775603
11656.787779
11691.453066
11838.562678
12063.526877
11771.319755
11787.528513
11871.186376
12285.992825
12116.153206
12020.257447
12092.421209
11998.126075
11469.079619
11342.234013
11332.403687
11259.985694
11740.092654
12216.338329
12604.560428
12837.596714
13058.107539
12747.317298
12743.145678
12765.767838
12988.459347
13028.076354
13159.237270
12999.933217
12468.439146
12131.506295
11999.009669
11960.335735
12120.177826
12552.916454
12630.847627
12536.572693
12509.602118
12605.856783
12699.843354
13039.643150
13139.193945
13278.024221
13196.328898
12450.563795
11917.452421
11929.555783
11907.012991
11915.343299
12280.784674
12362.491690
12564.993189
12736.758979
12938.940897
13161.651095
13212.919693
12631.519173
12650.012082
12449.881315
12437.534606
12742.191012
13337.141430
12936.441283
12999.977706
12850.961754
12550.674665
12059.439839
12296.636243
12263.767776
12169.914860
12175.938258
12342.274908
12299.212759
12088.842630
12448.780442
12323.998723
12391.687547
12061.163866
11826.342464
11527.618426
11660.367423
11887.102946
12152.477486
12289.486404
12481.720808
12986.566823
13088.533681
13570.437189
13899.631986
13995.437679
13793.423094
13969.855058
13575.503030
13152.433885
13027.467536
13234.023058
13149.806932
13242.038332
13959.230701
14400.739594
14300.248249
13773.219000
13685.177856
13611.571001
13213.026894
12914.378739
13076.308300
12825.265492
12688.586510
12694.694774
12927.383743
12969.758392
13345.360978
13261.881647
13426.881772
13970.419234
14265.335113
14285.759823
14296.288138
14032.362449
13891.167472
13753.504256
13516.037109
13632.719161
14182.421718
13900.350031
13776.279430
13951.820415
13863.940780
13375.865111
13189.683097
13600.492612
13864.021364
14021.570707
14333.910960
14548.222304
14270.209520
14061.446430
13985.955771
13793.860446
13695.855243
13285.035505
13019.336452
12923.442692
12770.130647
12692.357877
12868.717540
13110.243652
13195.406160
13851.754731
14519.641088
14924.712331
14875.789337
14778.995267
13990.745175
12987.620282
12767.301689
12665.080586
12670.992211
12481.292564
12585.043512
12310.919223
12286.411863
12341.579187
12603.035309
12952.651768
13160.736608
13734.811668
14061.606753
13924.706273
13657.482290
13705.033203
13525.321150
13864.521298
15109.179626
16228.260006
16985.822689
17817.990277
17690.904968
17760.753719
16953.532213
16008.115902
15251.557610
15010.670319
14311.717567
14591.610258
15180.975311
15175.128604
15062.237110
15317.864970
15783.506619
16753.938431
18030.359281
19091.472285
19107.340904
18980.259026
18586.088819
17629.626782
16630.579940
16666.930983
16695.652474
16930.380636
17962.230611
19386.606534
20834.853531
21408.925538
21994.718146
22073.947695
21195.269870
20077.686989
19926.434512
19623.659861
19744.186518
19286.706522
18261.081697
17147.651068
16161.436885
15235.911927
14711.199478
15052.352329
16026.321821
16862.490415
17542.838578
19226.391656
19463.491137
18975.075881
18758.679557
18772.935415
19042.886284
20448.405432
21480.654587
22596.835834
23548.684004
24055.183632
24596.395356
24335.079524
23763.838595
22977.750549
22866.979158
22866.979158
24040.547134
24763.611735
25212.553309
25353.844368
25267.909786
25059.856755
24816.897417
24986.727640
24815.041291
24872.422193
25143.917510
25400.155327
25590.243653
25729.302747
25610.789711
25342.989573
25590.062428
26069.990157
26386.849155
26460.246829
26674.198521
24844.767294
21792.550460
18881.606863
16368.951000
14618.337449
14988.725686
16719.523567
19061.373026
21375.468944
22977.944400
23506.793138
24260.791862
24753.213797
25086.354695
25315.541936
26249.009089
26710.771503
26976.692497
27198.746711
27368.320579
27735.383025
27837.574390
27845.747946
28090.947377
28072.570098
27885.975232
27322.245550
26791.224473
25325.938630
23442.654415
21287.942928
19028.173219
16878.510813
15268.022605
14105.711255
13314.658868
12866.666701
12407.209689
12237.732529
12470.868774
12907.151351
13839.202539
15179.695191
16346.175984
17087.467674
17474.394796
17235.571220
16563.133735
15811.570136
14810.073735
13988.912736
13330.145160
13140.795707
13118.532604
13406.478580
13542.285076
13720.343404
13524.187512
13240.250163
13190.820513
12948.811017
13069.312731
13461.792536
13880.552541
13872.528440
14031.152371
13638.177483
12875.973653
12287.566857
12144.651004
12030.393679
11930.370020
12151.115430
12111.794978
11589.329489
10963.856099
10861.600796
10622.642438
10150.716874
10103.665625
10688.808883
10400.489927
10086.280897
10306.831811
10341.707794
9876.202062
9711.071264
9335.184882
9437.309453
9402.634187
9068.022559
9551.886165
9631.612390
9077.986073
9178.251031
9416.755051
9075.461700
9377.925242
9635.229864
9614.840389
9685.028713
9854.285060
9576.602297
9153.883618
9072.032567
9124.508934
9244.715005
9602.111014
10315.231294
10358.434168
10214.059566
10081.241346
10332.386580
10040.526784
9492.683154
9504.864271
9265.895338
8626.332638
8205.032260
8246.143424
7961.047790
7959.561414
7971.894145
8204.558590
8155.327884
8131.414725
7914.124374
7906.915331
8333.868998
8576.876441
8336.691000
8534.619908
8785.927564
8174.683578
7988.745549
8238.150062
8076.331632
8108.758153
8309.043588
8474.481350
8554.682449
8918.370690
9200.762094
8943.279237
9130.842541
9523.636837
9186.176878
8709.157861
9184.462635
9137.664158
8871.198378
8893.397670
9020.475524
8956.773417
9138.446496
9505.409138
9486.887814
9413.160458
9354.377884
9378.934463
8978.113441
9170.271934
9253.935717
9110.695993
9024.843325
9189.686346
8884.672140
9048.524397
9434.449797
9479.510721
9078.505301
9017.226805
8786.309901
8478.227156
8312.767954
8767.419272
9155.469744
9022.697291
9178.174198
9253.771865
9113.384101
9499.503894
9719.872843
9761.247663
9763.219721
9648.690787
8937.757184
8557.724831
8574.393519
8480.170204
8361.749416
8742.183498
9181.290699
9068.713713
8944.320130
9180.914980
9195.212264
8933.575979
8618.937436
9048.121456
9093.973310
9007.998433
9047.039962
9508.981550
9461.885894
9568.009667
10121.792510
10516.100351
10616.220981
10460.759084
10364.770660
10027.548539
10088.559877
10281.073792
10372.845273
10545.365433
10493.931500
10667.876134
10504.138488
10681.895083
10519.977707
10372.625862
9865.583065
9579.970939
9375.680182
9606.458480
9751.201072
9910.731159
10218.752547
10392.971598
10428.731364
10163.083939
9917.818040
9776.835250
9505.243850
9294.606477
9613.607551
9948.553451
9842.372939
9836.187470
10038.529178
9830.174694
9840.539819
9922.257325
10245.134938
9912.559565
9985.626855
9946.863843
10096.326919
9752.806754
9786.990334
9701.307107
9619.549279
9284.504998
9607.369773
9765.816579
10008.752322
9965.980043
10292.537392
10398.983380
10228.799923
9920.180094
9899.699341
9920.179612
9634.219031
9746.147728
9875.294886
9879.326797
9983.306851
10130.363230
10078.412931
10229.523334
10550.420251
10564.682363
10748.666478
11321.752534
11842.463742
12218.668358
12406.772062
12427.139875
12326.653996
12141.019250
11795.534991
11681.099712
11525.928889
11117.163568
10583.742607
10199.542040
10087.222559
9966.586628
10193.254469
10703.923437
11274.208069
11498.705904
11607.144785
11548.864115
11062.696381
10551.834147
10255.715736
10353.545433
10339.623987
10735.999749
11207.924993
11044.465687
10834.065556
10888.148375
10755.868724
10469.308169
10914.746783
10953.543376
11136.138735
11338.307148
11442.807106
11074.754578
11424.213138
11101.520570
10742.073693
10647.568640
10512.666868
10202.489746
10645.282520
11023.061207
11282.622680
11664.888484
11777.197567
11580.860281
11619.449466
11519.631849
11288.538031
11384.690543
11274.514115
10812.823328
10751.340634
11000.499134
11008.651623
11219.396346
11629.959644
11832.223955
11991.671785
11883.149815
11869.196366
11763.170570
11530.088581
11341.877055
11407.237455
11263.024432
11257.151350
11473.553786
11620.515514
11089.373091
10662.786892
10682.905693
10393.179081
9884.244240
10517.479149
10643.921214
10351.625964
10551.859830
10891.196829
10355.648484
10598.137246
11193.000237
11327.494393
11338.057092
11859.042620
11949.023043
11573.103155
11499.353587
11750.961823
11612.008906
11581.872929
11583.986374
11518.467714
11434.882887
11590.051205
11614.121744
11845.134909
11937.229572
11751.078228
11673.325705
12022.132277
12097.593104
11993.207155
12077.304873
12007.790794
11703.190751
11118.795372
11075.862430
11031.263796
11118.793641
11160.837033
11808.580949
12341.921980
12840.231386
13122.268609
13376.730299
13370.846821
13158.466172
12933.595298
12463.558470
12030.727087
12067.402048
11869.246114
11767.215527
12357.469199
13151.123912
13020.318247
13030.941487
12885.660776
12423.627408
11866.748839
11787.282200
11608.987105
11692.868678
11983.118436
12179.592969
11901.762285
11511.525669
11231.747690
10869.860752
10354.880803
10661.483054
11451.799395
11762.729973
11970.885124
12103.328734
12144.249786
11895.244229
11823.170422
11678.235498
12239.466744
12590.719137
12527.362506
12496.512058
12645.975345
12385.502970
11919.588947
11880.931810
11964.848470
11982.920358
11926.881002
12178.374912
12554.080878
12762.508394
12599.105099
12739.132209
12416.588730
12467.539383
12177.623906
12445.098327
12230.792067
12439.017529
12324.532031
12345.001689
11906.090782
11599.233533
11493.210814
11378.359124
11495.208726
11862.518560
12185.574556
11960.480067
11991.510222
11966.663505
11793.099246
11764.927044
12126.883060
12102.299027
12110.457992
12688.683939
12953.266454
12987.870263
13165.816379
12969.622652
12597.521696
12563.319950
12485.906193
12242.758151
12397.933741
11834.130615
11088.580992
10728.676746
10959.523597
11063.776535
11464.314859
12336.078395
12928.235875
12389.255088
12007.283125
12096.844153
11996.676426
11800.612198
12197.172626
12703.781033
12823.989521
12493.664918
12297.410859
12379.113266
12350.919912
12518.027399
12820.872556
12943.356110
13065.638085
13237.358853
13110.892351
12892.274461
13127.309202
12865.846525
12536.886394
12369.367559
12433.380637
12159.682229
12100.273625
12067.570263
12196.632999
11980.023289
12237.512808
12215.270539
12198.547031
11875.809401
12176.368290
12211.214709
12472.423562
12466.626686
12709.741085
12715.620426
12772.937256
12876.805984
12964.823160
13162.832812
13257.308561
13420.595077
13397.984240
13340.927671
13261.576749
13375.871702
13075.370284
13120.243142
13165.438578
13347.291605
12994.411192
13034.883689
13075.857432
12992.185306
12747.110332
12933.558686
12964.010564
12657.649406
12749.659767
12546.981757
12389.172477
12096.774484
12319.368881
12587.299986
13028.037451
13579.465306
13955.670606
13810.428386
13920.953426
13963.846288
13953.781931
13898.821738
13647.235583
13369.915920
13203.529549
12730.994409
12598.048746
12910.845576
12651.059199
12657.430245
12793.545241
12879.503221
12914.180532
13061.187951
12708.019659
12577.465411
12449.081330
12422.487853
12614.330305
12875.753063
12974.219475
13006.818412
12698.370369
12685.806825
12947.685606
12973.782535
13437.071681
13954.333580
13866.324404
13533.371657
13573.539824
13444.689611
13070.835301
12923.687219
13040.392509
13106.202086
12815.854472
13218.278453
13441.659046
13647.673348
13699.972528
13507.869143
13268.887889
13164.835284
13237.822047
13089.454434
13335.146154
13725.152134
13899.079618
13921.433379
14556.679481
15341.050078
15678.765524
16612.336209
17101.053886
17190.277422
16973.416399
16503.905895
15683.060795
14616.300424
13919.040426
13861.736947
14409.252672
14958.749340
15833.329083
16544.552349
16271.427884
15328.692018
14376.662854
14068.574982
14162.528082
14444.142729
15004.558101
15927.629180
15400.634539
14450.482822
14136.190917
14456.452426
14334.157304
14752.810014
15839.495220
16965.348437
17461.777506
17647.740958
18761.875706
19369.004452
19571.541441
19687.990738
20359.859979
21179.149224
21091.587706
21130.010616
21371.234873
21885.718420
21651.068368
22290.361443
21906.524965
21806.115124
21342.599649
20682.383632
19063.224363
18964.365356
19169.478727
19628.780957
20601.532105
21425.315035
21695.209723
22026.457168
22422.219463
22355.554236
23044.396420
23924.701623
24286.516926
24300.978014
24521.603739
25060.285533
25341.002158
25524.713401
25038.366836
25026.030450
24921.739309
24958.143198
24983.019271
25529.069122
24843.797701
22960.396437
21444.303663
20490.119804
19560.410393
19821.576038
21613.480034
21059.816298
19212.516240
18320.040959
17629.546212
16939.997008
16666.213585
17767.766656
18946.446348
19988.349804
20525.419077
22182.465088
23443.135012
23706.751726
23822.794017
24029.628529
24550.511818
24781.214955
25202.766403
25398.776757
25558.864408
25744.928843
26525.559992
27191.403532
27859.211373
28660.976725
29314.944563
29035.020637
28765.204863
28407.444259
27908.831682
27522.596656
27108.061738
26264.054475
24665.708166
22650.493534
20004.082039
17664.301077
15498.525682
14142.347581
13218.091565
12693.232899
12074.095702
11996.571491
11728.894189
12328.202198
13110.766721
14236.492050
15166.070636
16369.534323
16774.850602
16930.997275
16830.883448
16416.973223
15407.616864
14417.576131
13595.843219
12938.105865
12488.490846
12243.332906
12219.255331
12223.549624
12145.697156
12348.098677
12820.375744
12811.798313
12949.058180
13210.244721
13611.089085
13770.523879
13868.404843
13948.208938
13874.754237
13500.711792
13006.477392
12727.500738
11920.894874
11444.646656
10936.041999
10768.469521
10623.845350
11100.182655
11041.147967
10652.700198
10619.814881
10792.214820
10389.699183
10042.374801
10630.984920
10402.139987
10105.214571
10117.573496
10042.127312
9670.289115
9521.013016
9160.586110
9236.068564
9601.804648
9397.239455
9730.287311
9864.402390
9736.326276
9456.214267
9491.043314
9284.512096
9292.742845
9171.940457
9126.991782
9092.064855
9161.602207
9266.041927
9457.667721
9245.125808
9063.445343
8748.552694
8347.557409
8441.619099
8932.401936
9184.979729
9420.211195
9885.136211
9742.345415
9758.374417
9817.804245
9825.912627
9711.611880
9527.856032
9270.718439
9205.069886
9119.116725
8828.932475
8791.719914
8983.800506
8775.188453
8509.853697
8423.977407
8564.929597
8403.181076
8623.896141
8959.091039
9177.675922
9144.714269
9230.377536
9310.280933
9207.948979
8961.416458
8471.201293
8534.581756
8444.720102
8563.296133
8958.033071
9444.469361
9503.876090
9621.958460
9593.465133
9190.567536
9100.686464
9033.220461
8738.990849
8823.026199
8876.930587
8999.616113
8956.533751
9293.697027
9022.005362
8810.091308
8597.260279
8104.812529
7865.864748
8117.282503
8463.734580
8872.301645
9281.236605
9424.279415
9254.349088
9328.554195
9328.554195
9518.881758
9396.125508
9261.167793
9555.754267
9190.057704
8795.385598
8656.276396
9261.471095
9047.073618
9233.296576
9298.244076
9543.718347
9308.790466
9372.568119
9362.607688
9850.639041
9869.591099
9889.865519
9605.360845
9680.656057
9305.083064
9135.312835
8893.756662
9068.406860
8968.189855
8901.073532
9037.860440
9305.468984
9092.818495
9246.012721
9597.612398
9460.793340
9178.824390
9455.585440
9271.692582
9318.310582
9545.335838
9728.987900
9654.989138
9863.458998
9828.638394
9763.322260
9752.857367
10053.433040
9992.408775
9841.180407
9743.319368
9636.624083
9452.298409
9436.475887
9317.606341
9379.029906
9820.004326
10176.954424
10546.729183
10606.158892
10724.365227
10667.465366
9997.941810
9597.501899
9695.717433
9973.532925
9961.451636
10314.082150
10405.769146
10497.699153
10287.365015
10301.768178
10315.596565
10332.166101
10309.458851
10017.537326
9653.832528
10038.283258
10199.749377
10343.104330
10457.389646
10528.931169
10374.593886
10668.638167
10417.569816
10374.593886
10631.773359
10369.626219
9923.947903
10179.423649
10604.655764
10506.636038
10674.620311
10844.296479
10948.473005
10625.698269
10690.997909
10913.577995
10885.035763
10725.533287
10774.860821
10488.864241
10328.694526
10528.889614
10438.702433
10449.203766
10702.739789
10818.966800
10614.346503
10726.729557
10659.028381
10596.057838
10425.719476
10061.861910
9990.241652
10070.143781
10229.497106
10277.645857
10490.294872
10191.670792
10099.901384
10034.309719
10068.380425
10485.383084
11235.489579
11425.170817
11396.405666
11556.707156
11119.660967
10580.428822
10613.356665
10731.516162
11240.488305
10974.831844
10907.687899
10842.075781
10666.535297
9864.400184
10309.942099
10614.499376
10573.925442
10710.469309
11031.553438
11233.169950
11341.674173
11525.744497
11742.516873
11601.934968
11653.021550
11577.720860
11467.082096
11436.564770
11564.813965
11139.797793
11215.522495
11697.662224
11558.459599
11520.707863
12182.422988
12422.026155
11767.905001
11765.622132
11669.585028
11215.939942
10880.811596
11076.796386
11207.722937
11538.536961
11867.371374
12069.508689
12361.837739
12167.656871
11801.177601
11525.137727
11416.808733
10998.098335
10826.530629
11147.211977
11449.580777
11465.802769
11666.012136
11547.681101
10966.591107
10704.617637
10668.075483
10394.125345
10684.378046
11187.512426
11181.268980
10791.228269
10964.567897
10952.546270
10916.540678
10838.746749
11081.886521
11028.596584
10814.331535
10707.912364
10734.477557
10530.157816
10501.625877
10630.599986
10523.834171
10556.661634
10969.551096
11503.190328
11717.381558
11378.547894
11307.166394
11245.883380
10972.136767
10843.345543
11278.364744
11787.296785
11750.305598
11551.877451
11848.504854
11938.496151
11451.990078
11315.160171
11495.299484
11437.875332
11293.719187
11287.479949
11589.926119
11744.893985
11481.510815
11397.041604
11495.641658
11068.388079
10588.382119
10874.317564
10882.326339
11062.260603
11319.520021
11217.309102
11156.219035
11338.517476
11183.404034
11391.561520
11824.784472
11618.613456
11762.883411
12007.894619
12095.862833
11966.860853
12020.230931
12032.099378
12036.569165
11827.861645
12148.641666
12218.243311
12023.797023
11639.548526
11645.857336
11159.692168
10855.061271
10688.684079
10794.619650
10931.498893
11503.758547
11975.332964
12207.662449
12366.693591
12133.865694
11754.046360
11384.299148
11294.115872
11075.401076
11001.650526
11261.114911
11504.461230
11554.722203
11711.821999
12012.451802
11871.338654
12093.907135
12290.250935
12335.523119
12278.360125
12406.950904
12425.240043
12669.814267
12757.384697
12528.485907
12246.982602
12183.229893
11716.517667
11546.927268
11542.943319
11555.160308
11156.516208
11126.688148
11243.255231
11355.433731
11453.517085
11668.046378
11906.637258
11751.294534
11757.461739
11969.624299
11739.005158
11251.930933
11115.041099
10943.396289
10728.687765
10976.191902
11330.983542
11443.313151
11733.292891
11610.581840
11192.134029
10667.066839
10529.896597
10372.583940
10879.437278
11649.633750
11777.900509
11902.523728
12045.655248
11765.531785
11393.824295
11632.182377
11950.670521
11932.492637
11940.729262
12112.052374
12525.587441
12410.890226
12326.897864
12365.850128
12472.032610
12345.961716
12172.205566
12435.685196
12592.990246
12437.834646
12267.618702
12222.607419
11932.308860
11789.307386
11638.310855
11349.739721
11545.739292
11306.602734
11275.960807
11325.087878
11782.290726
11667.608993
11941.158663
11827.138825
11634.960176
11821.194054
11786.783740
11678.180800
11915.390332
12372.936277
11938.135149
11854.165551
12128.193445
12007.661326
11995.529178
12504.162167
12853.655587
12984.095520
13223.577828
13102.827490
12984.426351
12774.351952
12731.245530
12433.028763
12244.992212
12102.849479
12347.944490
12272.314973
12280.405977
12476.609716
12589.068814
12372.332575
12337.527254
12597.033209
12919.922049
13030.298688
13034.315931
12921.965090
12960.757080
12842.145973
12760.139037
12670.127732
12882.447692
12919.401634
12878.712838
12577.631207
12808.812232
13101.058951
12853.733300
12688.383913
13017.152542
13043.522925
12561.252044
12757.277592
12824.621665
12858.804448
12979.273798
13075.507161
12944.686307
12885.573096
12570.788824
12364.704405
12499.351388
12446.008813
12442.261731
12452.213903
12212.794850
11959.749633
11929.131253
11861.290060
11941.476503
11961.885525
12023.284062
11929.135417
11996.435789
11962.172154
12086.836685
12221.792161
12458.682792
12585.151062
13066.115752
13305.431463
13254.154897
13106.952939
12919.286297
12492.444889
12373.843108
12911.158108
13027.416088
13046.004577
12961.957995
12640.901446
12248.855634
12549.442598
12831.248098
13101.762712
13512.188342
13767.786300
13277.331968
12979.044735
12786.756260
12611.250347
12139.241147
12259.398201
12421.549465
12673.471324
13237.337514
13307.118619
13194.544199
13282.156328
13270.343802
12608.245042
12604.292604
12779.933202
12608.245042
12538.119992
13075.581454
13353.568472
13631.568155
14207.008094
14435.734982
14182.666798
14088.779394
14115.017159
13667.650684
13773.726395
14090.267699
13743.909465
13222.474663
13128.153338
12872.031847
12689.803000
12941.211692
13662.273546
13854.799625
14228.903788
14421.454183
14846.291804
14750.684288
14502.643149
14039.910088
13672.430491
13510.871403
13766.534452
14383.796030
14215.297948
14404.783261
14137.263862
13526.599743
13257.007891
13890.106580
14123.466802
14770.606812
15021.788611
14883.310737
14443.955112
14237.701773
14011.005689
14045.848902
13882.407368
13970.232202
13793.027270
13500.589970
13343.314625
13690.460653
14059.822932
14982.683097
15303.550689
15263.050149
14941.934747
14603.277104
13888.221704
13559.577832
14250.311070
14858.687154
15392.126984
16311.298672
17083.490025
16493.467291
16219.589471
16379.579378
16080.981820
15280.235342
14945.126125
14493.533821
13902.254368
13888.252509
14757.172112
15698.545262
16863.023424
17933.534507
18732.463681
19499.949177
19952.336588
20344.411578
19785.449655
18502.046138
17145.237106
16971.757044
16876.289472
17311.902238
18783.767712
20117.259551
20722.538684
21338.128808
22251.115322
22294.644462
22635.331048
22596.989320
22212.633569
21613.480003
21885.540338
21925.853032
22439.166240
23029.858208
23700.638704
23800.858362
23222.491346
23351.337946
23224.820290
23244.987090
23463.342702
24047.697906
24144.029172
24546.239863
23283.788748
21416.262600
19556.738199
17903.879675
16988.475895
17902.141274
19347.385623
21280.268350
22980.697153
24148.032265
25093.823546
25950.413968
26591.451437
26955.147456
27343.363322
27219.490943
27368.192024
27509.186401
27814.019469
25943.868777
24194.830658
22795.418045
21792.138283
20966.857512
22237.741432
23844.472733
24586.317127
25254.092103
25342.204855
25113.293663
24968.884317
25510.406650
25812.420168
26257.570682
27004.009950
27457.337397
27579.551767
27955.474678
28407.366009
28703.328145
28907.610745
28596.923559
28188.512187
27665.263025
27136.334222
26747.487567
26024.183395
24459.223336
22575.449451
20217.026496
17566.276969
15562.065360
14139.548193
13148.841059
12272.138382
11787.418397
11065.925222
11008.577660
10969.834141
11897.379168
12917.639068
14280.288084
15226.106652
16244.142218
16644.247440
16493.885116
16026.180737
15053.519382
14127.772499
12979.494418
12138.409065
11649.655125
11420.751587
11220.674093
11627.146282
12058.213566
12511.739427
13194.328171
13572.070639
13467.633841
13370.214940
13065.220932
12885.594013
12826.131533
12805.576873
12753.540859
12453.483343
12073.297044
11960.664158
11313.571422
10840.222336
11046.537316
10429.468593
9763.465267
10127.248793
10161.497193
9966.938413
10404.393686
10381.865879
10210.470267
10414.634777
10343.283959
9963.177063
10202.352765
10108.261495
9980.048639
9757.208990
10170.041026
10202.639412
10102.637736
9942.343307
10023.829493
9807.387641
9433.421554
9396.616986
9516.741909
9601.103855
9251.147706
9265.879490
8977.481635
8724.608340
8577.739455
8621.128361
8502.333646
8706.176336
8638.955327
8381.084237
8370.650336
8438.609258
8248.292832
8222.446140
8052.617358
8181.387142
8187.380729
8383.503579
8592.371613
8798.573164
8667.560680
8688.427539
8916.806613
8907.095499
8992.707402
9064.130402
9184.555996
8565.630615
8291.546718
8366.811857
8503.616319
8464.481811
8922.699439
8996.504044
8849.357703
8823.064286
8749.304764
8755.425248
8741.738101
8854.089665
8995.126829
8821.239685
8387.605299
8412.396034
8487.818023
8403.840133
8448.873998
8593.936603
8517.714855
8378.807829
8231.242154
8543.642465
8482.480849
8394.800028
8371.900715
8190.239299
7975.339083
8259.709564
8458.396379
8651.976191
8846.331968
8783.083350
8641.908408
8692.143362
8689.999205
8892.578166
8880.024107
8906.948206
8820.419795
8836.754886
8916.521182
8887.971081
8828.904772
8901.020006
8817.464237
8692.284934
8986.775227
9254.243931
9582.753366
9727.971974
9740.414749
9856.990412
9858.940347
9536.384750
9452.185667
9654.594323
9531.840487
9521.875536
9752.260418
9807.424584
9474.825757
9572.546080
9551.855139
9373.595007
9189.940126
9165.228517
9100.055369
9475.954676
9153.532423
9179.881441
9234.743959
9431.067856
9214.394599
9767.183726
9912.755934
10170.136067
10542.013187
10636.027832
10565.929471
10666.177769
10443.074018
9916.224802
9846.791361
9547.955853
9260.002853
9160.078450
9045.274006
8920.393326
8996.721136
8933.604130
9072.426667
9070.384745
9013.349979
9015.139515
9319.499766
9205.277328
9383.072050
9303.528989
9601.918566
9701.899439
9897.978376
9914.333061
10092.247478
9851.905337
9532.977235
9370.093987
9304.667074
9298.056919
9532.427768
9843.071443
10127.223436
9996.092001
10021.036714
9922.678852
9861.232138
9761.420025
10190.317664
10398.810270
10555.236941
10796.358926
11012.835994
10971.911594
10967.719899
11384.697888
11016.592793
10773.900817
10820.480622
10896.493509
10559.653332
10831.391636
11099.021131
10902.869542
10582.142027
10211.245965
9670.100754
8903.402217
8419.358875
8623.697741
8710.012179
9212.567486
9895.310630
10270.951421
10320.054642
10414.211806
10496.200546
10434.512010
10381.601496
10156.955836
10343.263634
10239.049382
10345.183499
10218.458295
10196.419430
10206.458286
10269.246427
10210.361255
10778.077676
11188.828249
11170.812984
11411.798293
11640.727785
11305.636056
10992.974721
10882.945350
10547.586080
10374.160103
10868.613807
11111.759855
11177.839215
11339.217221
11410.890005
10942.803593
10985.846394
10418.692322
9895.700952
9609.189032
9519.700052
9031.406955
9420.071401
9545.152866
9314.344368
9351.448071
9664.042091
9618.251589
9890.044598
10441.754263
10605.411975
10466.168467
10708.673412
10424.761443
9999.949619
10022.295303
9989.642379
9743.176194
10014.338896
10596.991883
10188.332051
9994.434358
10116.782056
10169.769288
9511.838149
9726.478819
10136.824774
10415.593822
10472.808403
10685.106913
10719.953169
10613.972469
10325.116370
10249.534994
10392.834819
10725.429220
10915.730414
11023.625556
11318.183957
11679.627047
11581.647973
11391.517572
11367.582319
11208.072578
11048.863650
10807.852951
10826.218879
10815.960109
10850.986149
10681.151692
10762.952250
10783.381264
10677.190580
10879.510819
11067.355309
11277.931774
11351.489524
11507.806488
11199.289451
11201.191484
11411.645077
11589.649017
11823.793538
11674.779269
11476.412779
11094.462317
11002.501065
10812.311900
10775.351720
10855.115113
11022.525295
10849.164071
10690.630810
11017.325534
11322.258832
11375.148041
11499.557436
11816.579996
11526.392908
11017.238033
10966.630634
11031.952606
10983.509750
11511.011749
11905.478629
11884.665397
11792.840350
11646.631682
11656.737070
11662.912765
11583.247623
11822.038917
12169.079271
11656.298529
11512.973607
11764.361947
11412.774369
11008.266694
11451.301310
11939.885480
12146.048218
12434.180671
12742.961610
12438.470970
12111.380195
11606.933712
11382.205575
11394.144916
11467.607149
11118.422343
10987.766585
11020.422005
11142.484519
10995.399124
11028.116244
11504.266173
11581.782673
11347.128089
11377.800204
11518.969686
11590.346901
11819.607976
11472.904715
11801.711398
11954.965395
11479.034255
11162.162611
11334.191443
10886.888938
10586.632201
10566.254513
10635.720258
10667.750680
11090.742882
11542.423826
11781.435969
11660.477666
11460.363180
11323.574702
11178.207519
10959.496762
11170.128908
11392.671757
11323.327055
11468.074827
11594.967286
11468.072767
11862.742931
12095.974782
12232.738616
12512.725198
12962.240723
12949.949328
12944.205716
13023.818876
13258.500066
13070.767991
12952.827994
12995.324220
12470.600796
12220.918456
12106.429430
11926.231505
11993.071079
12387.262333
12411.926588
12333.421841
12730.757152
12824.215062
12556.853074
12475.201486
12436.211595
12181.666211
12032.425884
12302.200242
12439.060882
12906.945902
13055.209358
12844.987774
12366.522000
12209.330278
12025.354163
11656.790922
11570.982971
11699.867722
11552.535436
11546.452406
11937.514875
12129.231560
12172.237196
12417.276121
12488.679546
12230.500248
12144.641749
12316.251981
12540.950043
12865.914073
12779.727036
12507.761001
12344.222203
11909.117335
11291.999282
11184.254365
11686.492415
11794.991452
11874.677606
11882.787378
12031.137416
11879.925641
12096.503637
12388.832607
12846.143517
12856.235897
12953.995216
12880.799987
12874.776471
12938.015594
13350.988130
13228.142277
13126.250073
13019.801840
12557.862240
12043.016442
11971.460104
12261.807859
12198.419073
12110.602710
12354.945340
12522.465656
12293.642765
12369.423256
12399.908482
12263.637826
12500.640890
12255.616489
11920.567368
12243.168340
12453.813965
12016.484485
12398.423806
12649.864264
12347.534417
12191.397664
12385.290585
12103.338978
12248.366230
12325.820431
12361.982563
11937.346538
11783.630571
11277.054813
11113.642697
11314.257087
11875.989077
12092.567439
12139.670692
12206.897266
11892.166599
11898.219520
11943.416805
12178.580912
12403.280290
12323.344188
12459.733958
12715.161000
12764.214600
13019.612944
13923.309504
14125.893605
14122.196763
14282.831745
14338.319764
14044.239392
13806.802151
13808.632463
13894.737790
13639.305589
13653.243855
13600.076809
13391.992429
13500.307593
13473.222727
13014.425728
13171.839938
13118.852128
12932.887610
12713.883280
12792.339584
12506.408836
12620.467532
12526.810058
12524.591476
12504.459747
12568.104172
12676.075275
12559.867772
12880.391335
13149.064960
13150.992961
12977.393536
13281.811002
13216.749988
13158.517071
13002.605174
12939.887651
12594.156191
12819.233140
12987.535462
13294.188519
13500.481238
13780.082652
13408.335023
13001.630248
12917.885972
13052.764564
13201.913298
13457.604005
13872.411724
13782.192491
13475.464408
13271.045278
13217.982850
13035.199920
13119.202393
13576.510739
13641.386476
13681.989027
13419.171544
13462.268068
13194.578296
12920.763014
13069.961985
13208.196395
13083.715298
12895.426836
12789.372061
12397.077522
12174.459362
12423.725242
12407.404458
12593.240174
13281.941760
13740.269280
13630.782215
13826.987412
14174.428676
14334.867747
14726.254098
15180.073046
15564.208787
15506.941049
15225.144866
14739.765747
14576.162527
14206.501998
14035.106757
13556.674084
13739.199473
13018.070000
13063.028390
12774.892759
12640.118174
12471.704017
13162.086777
12986.800202
13250.066829
13299.447697
13301.132262
13213.247532
13879.060665
14421.069582
14868.229049
14860.259257
14821.021173
14799.107379
14735.921070
15381.150492
16707.627309
18168.384935
19073.785523
20255.114726
20528.761031
20863.002740
20812.556043
21133.636544
20372.702710
19796.583232
18732.625953
17678.119413
16742.981936
17159.473453
17761.658963
18630.332432
18938.725614
19449.265948
19912.839087
20546.524610
20795.243617
21669.826786
22578.503785
22815.978163
22922.193809
23303.095969
23695.016560
23856.786694
23927.953339
24414.187573
23960.944134
23861.116167
23284.731408
23719.759968
23893.851045
24641.714419
25384.907968
26118.326751
26306.676790
26274.249026
26420.209220
26044.266653
26109.825754
26313.893411
25983.047518
25788.485084
25984.226090
25937.751403
25062.936471
24263.932695
23681.128282
23369.039216
22440.699975
21317.146002
19306.971333
17274.904772
16173.245968
16110.274846
16839.316296
18996.895100
18907.222837
17785.318579
17311.255914
17425.544384
17793.842153
20045.747242
22495.265878
23329.663618
20987.699078
18688.947591
16370.215297
13802.115155
12898.777499
14962.713550
17108.774279
19078.256887
21019.000933
21693.353678
22563.737864
22872.477784
23209.201516
23688.787250
24300.547428
24390.077948
24868.060741
25587.607042
26237.520650
26846.358740
27029.959528
27420.419529
27792.912332
27598.854735
26587.447471
25408.821092
23277.476583
20674.268950
17916.134186
15911.510413
14540.590718
13727.419558
13528.869492
13355.178744
13551.304341
13338.969247
13218.074663
13735.470728
15264.002191
16357.545472
17616.524730
18487.684766
18105.121254
16685.228586
15630.311373
14976.980834
14670.495299
14988.847038
15585.704392
15877.722607
16290.903985
16605.236608
16609.144532
16642.048989
16821.435869
16208.698488
15446.483802
14789.639548
14162.401993
13587.600256
13473.390795
13408.243385
12891.154393
12468.071541
11983.987964
11340.577525
11015.624451
10839.165702
10775.699626
10886.093230
10806.489048
10518.362005
10921.197680
11154.283966
10798.567400
11000.714469
11272.528289
10909.641323
10556.340989
10437.902548
10568.649188
10039.653755
9863.242079
9144.049323
8933.536256
8549.423646
8714.837160
8692.524490
9526.498211
9732.936196
9475.654188
9193.174769
9109.109558
8577.827616
8647.437022
8544.931530
8682.284471
8553.818963
8858.205141
8727.562794
8782.882609
8386.367049
8418.568906
8011.584308
8011.584308
7964.773360
8322.440558
8697.111684
9109.619131
8868.634977
9107.991356
9128.226860
8961.634344
9064.069260
9270.766700
9225.367809
9166.546156
9100.233508
8673.257273
8470.936270
8222.020590
7995.150182
7948.444456
7883.436949
8065.392769
8089.955375
8279.576591
8347.658124
8413.705963
8178.189162
8627.721665
8785.186713
8801.254940
8695.117042
8727.513978
8623.192752
8549.834604
8523.753204
8742.448489
9179.689094
9104.118087
9183.705973
8923.249025
8745.391483
8569.554504
8821.066882
8512.535784
8460.195150
8824.044488
8692.941515
8397.106367
8585.093862
9031.960950
8986.995274
8986.995274
9156.262641
9438.576863
9270.435394
9149.419958
9127.152028
9104.795581
8804.029256
8692.142607
8582.103119
8606.624268
8624.642416
9043.715425
9412.416599
9633.095986
9645.208900
9224.570986
9126.353609
8906.095288
8719.636989
8981.362125
9355.145539
9269.724939
9558.173182
9952.474255
9976.891683
9938.285552
9954.272152
9750.004738
9704.886627
9363.764735
9427.103626
9545.721480
9623.480998
9486.766798
9705.408546
9776.881927
9870.941065
10083.195230
10144.518714
10246.925644
10402.339460
10326.732977
10067.914163
10167.968716
10500.989068
10200.434039
10022.648042
10235.047908
10006.164424
9699.683644
9863.200014
10028.546894
9898.127711
9934.944237
9951.719135
9839.116115
9824.695809
10177.460469
10303.980862
10257.201813
10196.280063
10154.879807
9834.314334
9854.523827
9832.559406
10079.634398
9903.855207
10043.895433
10309.585069
10689.712938
10546.694966
10924.625387
10770.386447
10490.725921
10106.533120
10032.818794
10271.739614
10450.095687
10646.289986
10703.638613
10648.231713
10150.251071
10260.236658
10335.579188
10176.285707
10070.120552
9971.881529
9703.473345
9396.859472
9464.280022
9713.361338
9952.797728
9934.584960
10086.188199
10310.471386
10547.534643
10569.923911
10706.416354
10896.625988
11103.032765
10969.973231
11268.376593
11374.521419
10957.658165
10667.662268
10673.899101
10279.552347
10074.890875
10222.381691
9913.351704
9672.310272
9805.472072
9887.227434
9917.956814
10353.100665
10784.539359
10858.087099
11048.504146
11550.905044
11538.717729
11792.147685
12115.045911
12459.483024
12398.158724
12682.239221
12410.517614
12226.716647
12068.107106
11812.703930
11574.022744
11400.313961
11310.253327
10983.475054
10873.359852
10992.107420
10999.917385
10905.855714
11118.496684
11053.093196
10554.619365
10556.424907
10656.590597
10314.110920
10138.354771
10315.858001
10536.370740
10385.664247
10267.470340
10404.166885
10459.206121
10416.675706
10471.691115
10928.362256
11214.766808
11510.948833
11373.966832
11584.354955
11686.399618
11776.628937
11290.275540
11118.591804
10946.925586
10710.325643
10361.175374
10796.436994
10681.649462
10377.451246
10161.189482
10438.677828
10504.029279
10861.711579
11166.153372
11358.811744
11324.029054
11058.483765
10988.752398
10927.656075
10895.599700
10689.044473
10670.645602
10637.893296
10309.003923
10136.594964
10269.356749
10441.395664
10645.453966
10990.862950
11297.671165
10976.650307
10680.377972
10486.089416
10484.263699
10247.723867
10684.857448
11185.532865
11598.168558
11179.136384
10746.241806
10397.251594
10227.741263
9970.013394
10474.671872
11166.120296
11331.937965
11182.833675
10986.872117
10935.833147
10757.313636
10699.970257
10724.429156
11147.616006
11223.032678
11291.234607
11818.363638
11932.702206
11773.348798
11852.937032
12047.639895
11783.759368
11777.840750
11863.706052
11783.759368
11599.729765
11346.317313
11679.235328
11707.839198
11759.022330
11859.350087
11730.389549
11487.195276
11556.615318
11800.041377
11763.986477
12285.107835
12546.380967
12360.672379
12256.433903
12554.961709
12599.732091
12164.798798
12111.336241
12146.064907
11849.874540
11653.302456
11722.902292
11469.544975
10873.114091
10895.144291
10858.314328
11015.666443
11285.398062
11775.845915
11759.604960
11641.093355
11588.376339
11831.216449
11949.537681
11975.820995
11967.276696
11985.641695
11953.333883
12040.999847
11984.792487
12156.686060
11989.134908
11913.658587
11598.763607
11578.741137
11407.022654
11942.311260
12357.064246
12600.248331
12790.862786
13034.100139
12692.571426
12263.534653
12190.323890
11977.756032
12002.340464
11922.228455
11822.134911
11665.091831
11769.125676
11754.722131
11527.898325
11207.324517
11043.922503
11164.080541
11094.576507
11137.418889
11590.928501
11695.211777
11264.744019
11125.565933
11487.117457
11411.564745
11464.769311
11725.502307
11759.927701
11668.062340
12081.071347
12162.580029
12002.376590
11865.527103
11932.573758
11622.145527
11857.428642
12175.712030
12392.034899
12053.034165
11883.411034
11748.528032
11678.510934
11750.147853
12072.975592
12140.540854
12165.017067
12341.431904
12521.084988
12447.406544
12492.458694
12553.639330
12399.377764
12383.142615
12581.401213
12769.121569
12662.823161
12556.871285
12287.135479
12297.333993
11896.831395
11592.303161
11660.326295
11821.721254
11758.619937
11950.333733
12289.763028
12361.910388
12041.064837
11634.575173
11504.058164
11407.473100
11227.563967
11644.322990
11946.799973
11654.290648
11351.947552
11137.499253
10798.477768
10257.095636
10207.626412
10109.583223
10452.806743
10644.680080
11063.425301
11543.668906
11858.488761
11814.078734
11787.850542
12178.123996
12229.023828
12055.248216
12317.733325
12178.662312
11812.359561
12010.326978
12673.977841
12583.794204
12802.706643
12861.760160
12679.806707
11727.684862
11473.214549
11473.214549
11534.211165
11730.443697
12353.709917
12399.783508
12428.518279
12232.392109
11895.500636
11991.419681
12119.657031
11953.954818
12340.466317
12738.549497
12638.381332
12600.199412
12865.985979
13007.034499
12694.433947
12774.149894
12834.251957
12454.186898
12002.677369
12147.465560
11796.062064
11760.031288
12103.434408
12366.670498
12458.851549
12661.260701
12535.271952
12140.760640
11881.255756
11776.967140
11660.260943
12137.742089
12738.157048
12825.850236
12439.632575
12637.885290
12688.235433
12535.174523
12444.910727
12677.934010
12800.118610
12363.606151
12095.984450
12430.921779
12745.982809
12549.745878
12657.730832
12808.982612
12539.045411
12323.016221
12618.642973
12851.349128
13153.568467
13088.461233
12974.149771
12865.742508
12831.605099
12521.079642
12604.745066
12847.343978
12762.181453
12698.225923
12834.761550
13089.901013
13026.816981
13182.377531
13072.066548
12931.200728
12430.442720
12528.300324
12618.207653
12522.147826
12197.610397
12530.369521
12365.128429
12082.788985
12103.046923
12744.197648
12934.666450
13181.909509
13316.590019
13402.865876
13451.978399
13462.158553
13316.802988
13547.935841
13494.068478
13283.049115
13105.652983
12989.099409
12987.212572
13015.064721
12718.811001
12526.915186
12461.125559
12063.027640
12111.016898
12546.283216
12730.622739
13298.158515
13436.930303
13541.214627
13459.411755
13533.252438
13122.361537
13147.384952
13144.740803
12928.186125
13094.269049
13124.724139
12852.806745
12648.298099
12454.367962
12192.747186
11984.287999
12072.344045
12571.012636
12814.593526
12781.500407
13217.034450
13744.516556
13445.513663
13484.121354
13827.456725
13978.368655
13680.363639
13500.360444
13434.615588
13242.734575
13017.967794
13024.084447
13216.680665
13574.024152
13829.082266
13913.227904
13917.404447
13718.473603
13651.087471
13494.250449
13745.394701
13702.378720
13973.259433
13934.263770
14077.584522
13989.776500
14586.057795
15060.933904
15251.377996
15237.318688
14849.078392
14536.326238
14044.387970
14007.709420
13815.103568
13457.892349
13224.680025
13046.340380
12705.174860
12956.833750
13763.377969
14049.717495
14382.148663
14323.613928
13789.334570
13550.843746
13763.171687
14250.396521
15594.754372
17075.830407
17890.876408
17946.250658
17573.564905
16557.580323
15154.240395
14300.240103
13899.835539
13835.496010
13739.500484
13833.711473
13658.075677
13614.969652
13454.556506
13560.922665
13763.230185
14004.174462
14288.629433
14603.112429
14930.163458
15620.346573
16241.565165
16607.428628
16629.661677
16034.919511
15520.085927
15154.213231
14813.341895
15028.845235
16215.850854
17322.108832
18135.042317
19403.659390
20279.978582
20001.964599
19952.597090
20428.629428
20250.914820
19602.086038
18941.467783
17493.615491
15562.482489
14197.052983
14179.737418
14647.593951
15224.200622
16502.865381
17777.205636
18179.957377
19155.434874
20454.157115
21374.162408
21907.325904
22474.260105
22885.021308
22576.389171
22149.466962
21138.372818
20320.175333
18660.960292
17790.906184
17525.419710
18338.527036
19172.086426
20739.531691
21715.875002
22048.735725
22046.790148
22203.630302
22339.716111
22753.007621
22607.255146
22033.057695
21186.034173
20307.905973
20164.553350
20891.831939
21339.191933
21869.795890
22638.381900
22873.474687
23006.689655
23833.844033
24025.919035
24271.692451
24516.883798
24873.611230
25056.055549
25575.325415
24986.725277
22855.533182
21075.459586
20045.825280
19280.667161
19607.385476
20751.687147
21665.012844
21013.053782
21297.397757
21563.401698
21823.023422
20983.123700
21867.933752
21960.041143
21592.710312
22078.647897
22632.537746
22858.790783
23031.234818
22808.561840
22977.009072
22756.098101
22343.062173
21977.989696
22550.244692
20758.082410
19378.998715
18574.161523
18241.415407
17834.992409
19520.118570
21844.069754
23555.774959
24912.930022
25946.226867
26992.539460
27897.306185
28506.700443
28654.862786
28638.829721
28328.452949
27946.147205
27557.322693
27176.898324
26670.340835
25669.001581
24073.236197
22057.096205
19719.481592
17694.993723
15859.236257
14570.475038
13773.105212
13099.743629
12445.640610
12527.374659
13017.994927
13818.705577
15095.231257
16642.053662
17767.874296
18409.052744
18601.604396
18681.760106
17979.047041
16669.148461
15567.222084
14366.179703
13149.782640
12537.042220
12473.576292
12320.031959
12385.777780
12802.914967
13233.722678
13315.843656
13693.371143
14077.791199
14119.472171
13909.614244
14031.988860
13631.574133
13343.318428
12551.696442
12020.509260
11638.466071
11424.020506
10998.788390
11191.270368
11185.192208
11021.714480
10772.316619
10855.970491
11058.670141
10798.887925
10649.945615
11265.178772
10927.838567
10430.784991
10690.230921
10956.088288
10216.197824
10250.736886
9970.222523
9520.794176
9226.558612
9310.385467
9396.328617
9410.486443
9641.204087
9328.566439
9175.489064
8677.008139
8848.996144
8857.211013
9102.424400
9190.312074
9494.625335
9488.588649
9407.013060
9419.410246
9237.678884
9196.663558
9243.385407
8903.234886
8686.983706
9060.804977
9126.367223
9038.072136
9224.341906
9211.904424
8919.410447
8631.331232
8691.804731
8644.729927
8730.742937
8655.021960
8626.402500
8441.791762
8339.311439
8241.543694
8262.184332
8535.390881
8565.777769
8759.790050
9027.821335
9236.123535
9217.904606
9558.422513
9601.484881
9491.106600
9562.259749
9701.376002
9545.170877
9383.623676
9056.791903
8940.106853
9269.464183
9161.041709
9328.545948
9688.582032
9621.082328
9148.838950
8846.154480
8378.242996
8543.283022
8223.054981
8155.243293
8476.115907
9181.145545
9127.900580
9476.963564
9373.021748
9250.853837
8854.619613
8699.383113
8497.120298
8396.943771
8124.433575
8209.838497
8105.874351
8224.418610
8459.320889
8982.416057
8782.253369
8882.431243
8961.647284
8739.106628
8322.457928
8682.142499
8716.562118
8727.185679
9096.622976
9600.224703
9591.785749
9352.559281
9409.905593
9912.595950
9644.215983
9533.482387
9523.348530
9570.297753
8892.296965
8825.581979
8856.536288
9214.004036
9075.271147
9050.462426
9475.766738
9299.620865
9136.893482
9261.444312
9325.185489
8831.880153
8858.444299
8831.880153
8615.286629
8591.218895
8997.586735
9578.087535
10125.928704
10332.117393
10603.802897
10487.385977
9970.329230
9437.349638
9435.348101
9310.492585
9109.908775
9342.769083
9776.546761
10235.931315
10268.589305
10521.477413
10584.432216
10313.115362
10257.483669
10284.267646
10140.081769
10257.988159
10338.263637
10246.232523
10348.209391
10673.178138
10525.881901
10499.182153
10390.861300
10505.391613
10777.929773
10845.435700
10761.797898
10931.314403
11041.885607
10550.640738
10619.866123
10771.005987
10462.599023
10301.404905
10561.954328
10388.119272
10473.879240
10633.135131
10827.263773
11052.182767
11258.408308
11143.722924
11352.084770
11245.933828
10644.830778
10546.667716
10511.920848
10225.957263
10389.334199
10655.885398
10686.875417
11060.410096
11097.230363
10690.612921
10480.532988
10349.547642
10053.061133
10069.556630
10151.106374
10159.089406
10120.469582
10010.199824
10089.524657
10263.691399
10738.219312
11290.204450
11369.808189
11087.945707
11073.609575
11037.570036
10645.165225
10546.951260
10949.512803
11119.150187
10967.035826
10956.760058
11066.951440
10958.549024
10668.477758
10578.321729
10678.562517
10929.858779
10850.411350
11089.075556
11177.518178
11169.279191
11193.628031
11481.724465
11563.686637
11764.022022
11798.738372
11508.470847
11527.011189
11435.053627
11521.161309
11956.446534
12391.235854
12215.964738
12162.757514
12174.588389
12062.322135
11964.580739
12001.232092
12037.972455
11645.143583
11673.681065
11877.973364
12024.927493
11865.924741
12003.899754
11529.995126
10992.670170
10872.284865
11025.161906
11193.582374
11189.355660
11220.328926
11226.405654
11551.116852
11569.157168
11569.157168
11442.880177
11093.178678
10699.027715
10600.294704
10522.927146
10543.269032
10958.097931
11350.772731
11474.447672
11966.943216
12257.417276
12378.066253
12383.920041
12337.811265
12203.041519
12397.142848
12156.288675
11896.607235
12166.919653
12404.081092
12310.224567
12514.503673
12759.785960
12575.149133
12205.478225
12231.988648
12356.132435
12035.609983
11933.051180
12098.753104
12437.969702
12333.402625
12211.267844
12074.844517
11852.053351
11447.625451
11316.702743
11600.854181
11753.450540
11922.403687
11542.869232
11587.975853
11663.295432
11749.324117
11590.049777
11918.973044
12023.322243
11608.419019
11340.073770
11149.751898
10974.214286
10671.808082
10978.202019
11174.631147
11360.318117
11607.897921
11289.044773
10888.515308
10664.056643
10586.575606
10496.612555
11123.836618
11305.699735
11443.929936
11744.125998
11877.259182
11597.216689
11726.300412
11754.060221
11704.908528
11672.130781
11792.856029
11917.479765
12083.719395
12047.179196
11922.183213
12312.829992
12239.245400
12130.874893
12351.891463
12527.218952
12413.039876
12022.701509
11545.659123
11259.542962
10922.428647
10407.557692
10724.135777
11004.698061
10927.415955
11160.215610
11638.357529
12065.294249
12219.346304
12413.713478
12464.850311
12260.328394
12131.643145
12259.796884
12188.189538
11838.860940
11937.405654
11847.136962
11662.892146
11575.072194
11859.154540
11877.466094
11940.684629
11920.868488
11940.987993
12012.782814
12088.110078
11879.864974
12046.323588
12232.244731
12133.852511
11701.094054
12040.054387
12126.425193
12154.837788
12287.546232
12608.293831
12330.537022
12041.775784
12066.494059
12299.243042
12197.511128
11931.704832
12076.107895
11824.514040
11387.262205
11248.163809
11279.203485
10830.547517
10566.699524
10680.973675
10797.707223
10995.673753
11304.356493
11500.195838
11414.711231
11473.718152
11520.940270
11304.497105
11104.084563
10926.656293
10634.222915
10399.232674
10407.316201
10652.507163
11171.516265
11371.610717
11404.694609
11416.420791
11243.016004
11038.423001
10936.303229
11091.766823
11338.159483
11589.546539
11603.791581
11789.488808
11595.571316
11871.821962
11969.890091
11922.661437
11870.105360
12248.053981
12081.775241
11828.189050
11773.018697
11575.014403
11227.718211
11027.438941
11168.252805
11325.413062
11393.032655
11300.759114
11270.660200
11060.405473
10694.809997
10911.573104
11199.410500
11299.568935
11379.163303
11144.160375
10629.676504
10051.278536
9784.602191
9776.607360
10019.679839
10344.319895
10939.218853
11331.956028
11480.906824
11650.429359
11944.861574
11891.570788
12007.868882
12538.956900
13078.572051
13201.118713
13188.782858
13012.932086
12785.748553
12324.026771
12095.145843
12391.087569
12455.574411
12265.685840
12371.777920
11968.998539
11503.723499
11378.981340
11612.103681
11849.349000
12698.978804
13026.037075
13186.283670
13137.564001
13082.390971
12992.090890
13165.974388
13382.678524
13508.759264
13445.710913
13190.172081
12924.439816
12670.127732
12561.735050
12602.780416
12670.126209
12821.452422
12803.324252
12672.521766
12443.673877
12104.593041
12028.646939
12047.050147
12102.149042
12177.850575
12294.005796
12429.035849
12446.847436
12592.255164
12882.149526
13203.042147
13311.498962
13319.363785
13264.239328
13041.218143
12888.206119
12872.097799
12948.256642
12596.660580
12247.395754
11773.035682
11217.215580
11243.547934
11790.943212
12025.855870
12767.764901
13397.369921
13448.844075
13340.675414
13671.995860
13316.380996
13065.003609
13141.155415
12949.079234
12331.857819
12076.832921
11878.331201
11243.344640
11192.304295
11782.771504
12021.700144
11819.657042
12296.427905
12302.312149
11810.007617
11732.175767
11981.506142
11877.482087
11960.918204
12222.785583
12249.300585
12355.374269
12708.534551
13017.037154
13349.751620
13672.616161
13915.408346
14104.198522
13538.201791
13258.057043
13203.094718
12837.390570
12604.832853
13203.378338
13434.462219
13340.346253
13461.322850
13378.647205
13339.953701
13295.177764
13580.889368
13901.870691
14699.467280
14766.442545
14770.764149
14147.600078
13734.985432
13137.949530
13031.852812
12810.947047
13103.072945
12953.742905
12599.313325
12685.125031
13048.854771
13794.542602
14386.789189
14757.535860
14835.670854
14815.023608
14645.241787
14655.278137
14409.280798
14255.844872
13976.149576
13902.229420
13969.943984
14010.179590
14014.098206
14165.234658
13693.249145
13636.102184
14265.308797
14179.796470
13832.441085
13925.527001
14138.784255
14072.402635
14009.393704
14225.760763
14064.394755
14265.060327
13948.160505
13976.580468
14032.060322
14524.666664
13966.062120
13607.972958
13609.891194
13514.141961
13119.553701
12776.216032
12818.412640
12941.007119
13302.586273
13990.844665
14279.444070
14259.429114
14218.337144
13964.768644
13568.736386
14089.392452
15108.389123
16037.664636
17067.073226
16867.234845
16172.021078
15334.845302
14473.536545
13399.083088
13540.849719
13881.925362
13827.571805
13635.757746
13599.069591
13876.700161
14770.090469
16200.678647
17728.351811
18795.420396
19269.515691
18595.038691
17643.013734
16599.076086
16176.185939
16061.418988
15428.950172
14903.140951
14940.489085
15704.174731
16967.020498
19584.065970
21640.329040
23047.816814
24041.235759
24176.152262
23883.997186
24140.027595
24843.097044
24976.261947
25096.529031
24301.509478
23081.308318
21645.268494
20260.011542
19456.680729
19973.622748
21129.999191
22300.814380
23769.645209
21977.986133
19519.842559
17600.057388
16793.084826
15870.938258
18519.411373
19948.243744
20701.300662
20601.361229
20776.684762
20537.954548
20731.895231
21062.341232
21720.304712
22171.988620
22923.818565
24838.772311
26706.063726
27431.410142
28520.452979
27711.317913
26905.919225
26207.020528
26264.055597
25873.877861
26095.149332
25315.742280
24865.194051
24236.436630
21763.835969
20441.545689
20858.658248
21056.564747
21101.574988
22850.763354
24493.357369
25570.301783
26095.475267
26914.670875
27660.265084
27993.744683
28330.457800
28665.284046
29100.120364
29423.062004
29742.026560
27910.919356
25865.307296
23209.220229
20795.591871
19323.012936
20152.226841
21537.266495
23410.513028
25437.781749
26841.367308
28022.544636
29332.795760
30295.311268
30893.977404
31014.527173
30943.014671
30341.832964
29839.521131
29044.382777
27644.393595
25893.074387
23659.320587
20715.391698
18022.383691
16222.190923
14785.132543
13885.704992
13536.194659
13344.317981
12521.014466
12247.377299
12519.677012
13267.225243
14426.107370
16282.683905
17046.990155
16767.299892
16321.425438
15837.766461
14967.507805
14400.968228
14703.409385
14581.311132
14316.722367
14389.064846
14798.216897
14805.573852
15234.784125
15328.621870
15081.879542
14599.113451
14328.829879
14073.228917
13762.951086
13723.919924
13795.469897
13559.217137
13132.009666
13066.296281
12668.049552
12167.365808
12147.308361
11683.928416
11013.613961
11074.843102
11240.354024
10853.633267
10943.341592
11211.167066
11102.992311
10988.432523
11102.791061
11094.371254
10698.219644
10522.411874
10027.809513
9378.744704
9166.324974
9108.840273
8904.189411
9395.268346
10300.941062
10359.924872
10664.318918
10639.903795
10294.779358
9771.725305
9446.489781
9285.165488
9665.165332
9736.952946
9818.846867
10343.946539
10321.427033
9839.422872
10153.914268
10464.966847
10290.996227
10215.316989
10387.079533
10013.052481
9325.764698
8798.772645
8831.298862
8586.317435
8814.755715
9125.820351
9405.500208
9483.058727
9270.919705
9105.209752
8960.789042
8975.127835
9085.525154
9636.911449
9416.626485
9440.300513
9671.197728
9463.146586
9407.664545
9818.472447
9794.485639
9203.945326
9236.939979
9181.427141
8848.487210
8774.416844
9127.760835
9083.165467
9111.607904
9137.945392
9152.461788
9301.219006
9043.928710
9155.916059
9182.507895
9090.632918
8927.201670
8947.314775
8677.717880
8426.460632
8382.386919
8320.889534
8486.401222
8552.253358
8817.906604
8907.674030
8703.534316
8701.127048
8468.509946
8415.314668
8830.190674
9249.131698
9283.853951
9228.550444
9287.865100
8839.020641
8595.449067
8896.174456
9084.627423
9218.886814
9038.576272
9173.428278
9052.882729
9214.272134
9222.531032
9739.759393
9903.213997
9890.419415
9833.838101
9476.040332
9171.522044
9112.409703
9032.452767
9167.250721
9555.591145
9699.853044
9579.275004
9530.212350
9597.570592
9481.310782
9340.882746
9302.082858
9457.316706
9577.951783
9565.712063
9766.130705
9808.570914
9563.650338
9130.529172
9143.143817
9218.886293
9441.379165
9386.721909
9406.953865
9551.869412
9447.540830
9441.378930
9723.743414
9740.233143
9531.428001
9786.012490
10041.458112
10182.342659
10380.498665
10678.514539
10730.401842
10677.373055
10689.578507
10646.573593
10573.383065
10386.904715
10178.460473
9945.715079
10282.388875
10425.719272
10459.509683
10312.897622
10637.436800
10377.925870
10218.507803
10328.936664
10443.086445
10447.281543
10451.347967
10437.165802
10465.392346
10669.290016
10542.733088
10503.842698
10655.189689
10468.783914
10407.509085
10317.417576
10280.996878
10172.739589
10541.397328
10645.473107
10772.049097
10898.677595
11052.371983
10809.345286
10758.366683
10801.475116
10782.991854
10449.911319
10487.999851
10461.461239
10522.788783
10718.937932
11119.400118
11301.574305
11348.656911
11195.269795
10874.699095
10788.943497
10798.828601
10862.156653
10999.118232
11146.514642
11199.424491
11435.901592
11243.855838
11094.598932
11362.523735
11429.734307
11053.082735
11257.483727
11498.432032
11316.412321
11384.172823
11514.274799
11351.046037
11334.247585
11360.730872
11238.451097
11092.306106
11071.854105
11161.660410
11535.578483
11539.361679
11275.044982
11369.198222
11618.545165
11193.420362
11068.676689
11291.132037
11411.645077
11066.444525
10990.950153
11058.470476
11166.347396
11172.606862
11080.797667
10843.586571
10686.522168
10782.470011
10778.246793
10770.238995
11383.461730
11697.944103
11359.379789
11216.082088
11543.166457
11481.702354
11371.361197
11417.346303
11503.728700
11417.346303
11383.042289
11211.265601
11114.948000
10924.866594
10967.757458
11070.092031
11031.520200
11384.077029
11426.856668
10963.139380
10636.146163
10948.651737
10666.383246
10811.246092
11254.580863
11336.424062
10997.174328
11016.905566
11086.986550
11203.126464
11225.653975
11671.041801
12039.756793
11860.035127
11739.409590
11921.392773
11610.428830
11694.823134
11870.734850
11670.428890
11605.035324
11739.726362
11565.432260
11698.325494
11732.921061
11641.004220
11861.359192
11897.621960
11885.555817
11996.054104
11916.268836
11671.011477
11660.734835
11624.252335
11630.366953
11724.183556
11734.378316
11902.731440
11796.449773
11473.650468
11042.835290
10983.331715
10808.891044
11025.432486
11550.533917
11887.666793
12034.651015
12014.496318
11885.961370
11753.368237
11837.047670
12002.497667
11809.964888
11660.578685
11626.250607
11862.896138
11372.686037
11350.919692
11311.839012
11474.998734
11569.202753
11951.051563
12402.343868
12798.859688
12606.542065
12390.117952
12193.698527
11672.706311
11507.387402
11548.272149
11419.566191
11405.537476
12066.474475
11937.894298
11647.536921
11755.627440
11917.308951
11909.121073
12121.821391
12217.887726
12289.304202
12236.413475
11747.444718
10872.915174
10635.825548
10562.264000
10723.609967
10687.874107
11480.266759
11982.893528
11660.023549
11500.483496
11626.955985
11457.281681
11565.658809
11827.350629
11768.043580
11507.505897
11615.811312
11558.336389
11677.164936
11601.342614
11921.980901
12093.643277
11832.205787
11564.573716
11527.596951
11730.088310
11511.608338
11405.610014
11860.742970
12482.057029
12323.880177
12456.569928
13040.823726
13055.053466
12458.515939
12406.674670
12382.177569
11991.759908
11464.570170
11695.257543
12043.970415
12031.790071
12366.659898
13116.838767
13467.872524
13217.665222
13612.182702
13264.743350
13034.052159
12854.072911
12727.491115
12059.650217
12134.809211
12129.071840
12417.144968
12487.554676
12767.432542
12810.540643
13069.729212
12542.338496
12416.379546
12434.499431
12205.812014
11815.903299
12087.249272
12241.636974
12288.520586
12803.510946
13034.443722
13040.608636
13248.806740
13383.680288
13273.797955
13393.818514
13565.356904
13527.811730
13466.279553
13265.703284
12685.636051
12571.105535
12607.387895
12499.212723
12541.901874
13034.467468
13089.312654
12751.040437
12779.617639
13002.067319
12916.738282
12779.617639
12958.215979
13256.547762
13031.691046
13080.486694
13194.765660
13307.276467
13223.469880
13227.440162
13393.024208
13624.075289
13491.672109
13250.527319
13783.913746
14098.138858
13976.004408
14272.441102
14440.536452
14162.361900
13733.135093
13475.345278
13607.897374
13748.118207
13657.111498
13573.146253
13621.945965
13203.219698
13190.735437
13260.727489
13570.817734
13474.783707
13521.151516
13288.446029
13255.483612
12971.014275
13312.479462
13124.020608
12968.806482
12876.484131
12482.310264
12173.652271
12214.008200
12810.746259
13153.605899
14075.289858
14773.777451
15431.150062
15933.836848
16279.433645
15625.580803
15353.852549
15311.705078
14471.992906
14128.353854
14259.580748
14349.602196
14381.369355
14348.990260
13701.178846
13126.858257
12428.128262
12061.375648
12455.729977
13052.412308
13319.716721
13976.000456
14400.843555
14384.501304
14805.281482
15585.688086
15771.690763
16081.624987
16769.150430
16968.970373
16713.571167
16591.243679
15881.861612
14619.020227
13994.089351
13887.660897
13252.108368
13229.937818
13826.862545
13985.937752
14496.967529
15083.338432
15868.888524
15640.289106
15302.545822
15037.578363
14916.726296
14447.852464
15279.798728
15628.844181
15134.447394
14838.304007
14725.570793
13462.826728
13138.055626
13528.477613
13473.132443
12982.400280
13151.818931
13208.879228
12970.053627
13161.924421
13973.844507
13969.769278
14063.580688
14037.018735
14206.462385
13775.867425
13920.923269
13432.368326
13446.738003
13072.742788
12792.369251
13043.660620
14224.749857
14731.480273
15755.270021
16225.993223
16174.889338
15935.060363
15778.231302
15347.551244
15584.210876
16572.405685
17334.954927
18509.841345
19862.551345
19819.802865
19530.330688
19011.340373
18821.507483
18808.809667
20070.921032
20862.070114
21828.690442
22126.712454
22380.348600
22554.468975
22701.463984
23040.328484
23668.082281
23618.650981
24250.174133
24832.750674
25185.959866
24609.845161
24103.172886
23553.778559
23378.921318
23500.911181
24259.449015
25319.374012
24614.047614
22791.832449
19203.915447
16104.026532
13617.160069
13032.325999
14131.627143
17139.613153
20508.350502
23185.444960
24954.509835
25700.258847
25861.432118
25183.104356
24176.149458
23975.496331
24103.899438
22582.473543
21444.291311
21419.941019
21106.956473
20798.597248
22576.001902
24271.709540
23811.764695
24018.569153
24584.912357
24968.876545
25271.029069
26760.233072
27281.598973
25624.633144
24286.313827
23550.833951
23107.275869
22820.782620
24539.553793
25174.297709
25258.478907
25281.394373
25468.993920
25575.379893
25859.914682
26477.040615
26793.453999
27017.700256
27373.385445
28241.756339
28329.611953
28762.886527
29053.738662
29075.928228
28714.258350
28830.637412
28753.004437
28356.214579
27418.678250
25892.021036
23781.794398
21287.131399
18869.898386
16867.674661
15453.722592
14501.701891
13461.745222
12643.994448
12698.968865
13236.429805
14147.518273
15788.628885
17521.677537
18686.293767
19433.884187
19667.085476
18923.452962
18011.845681
17245.164205
16465.115077
15614.886598
15496.747793
15811.397660
15970.201434
15766.447691
15986.789231
16191.432943
16074.871594
15557.720050
15339.149065
14826.367156
14324.084287
13598.650222
13107.688041
12738.268645
12662.512450
12397.012082
12553.185611
12518.456362
12077.304873
11578.659405
11449.974587
10908.712275
10966.260197
11084.530508
11354.207436
11178.399471
11324.920273
10887.571939
10805.890225
10556.493356
10744.517335
10458.118591
10411.050165
10402.962210
10202.618490
9867.822391
10288.213705
10329.291585
10198.407697
10018.810109
9877.604360
9352.620905
9329.825597
9228.091287
9181.104722
9181.104722
9195.198026
9064.196609
9352.330763
9438.195872
9425.939281
9049.128837
8912.249471
8665.268028
8650.804601
8256.547761
8450.899233
8325.583675
8354.587295
8164.883100
8267.020503
8427.153693
8471.950423
8051.298993
8076.068892
8241.355707
8048.812267
8048.812267
8079.334495
8279.662493
8347.300432
8347.300432
8539.735499
8731.450972
8424.654168
8414.817236
8507.071340
8131.211970
8020.331044
7995.792518
8053.186416
8141.090432
8319.364426
8586.857171
8819.611451
8840.157832
8722.463133
8723.649698
8364.423420
8574.837559
8542.151485
8587.937179
8367.282816
8508.707587
8534.869879
8518.460579
8400.694946
8753.904812
8719.275521
8704.872556
8715.106994
8759.348196
8552.917586
8659.093452
8622.248799
8969.534665
9154.154045
9258.568529
9585.219922
9521.964261
9002.797171
8864.581726
9072.925158
8570.072122
8497.070007
8797.222056
8903.182014
8655.888553
8909.678120
9105.907844
9068.875694
9387.739155
9485.963906
9412.464197
9340.844445
9272.803236
8979.034975
9113.570965
9218.067940
9095.196533
9175.087110
9113.006508
8986.483791
8835.221877
9167.706131
8990.088734
9182.430844
9248.101033
9519.811230
9356.126326
9586.897742
9456.981260
9313.924297
9364.692527
9354.771370
9138.060843
8989.875229
9261.609916
9566.075615
9392.351997
9388.072942
9614.790382
9526.858567
9116.062801
9122.154293
9453.099693
9485.668054
9573.392581
9407.609711
9144.261524
9030.153244
9266.272676
9051.879973
8884.231852
9221.306582
9258.390155
9081.401422
9016.000839
9181.655720
9328.778988
9796.625346
9772.665317
10001.645917
10336.371496
10187.713330
9823.830576
9928.068720
9669.250863
9844.048389
9812.069612
9546.049098
9147.381261
9379.697236
9091.909451
9357.618589
9292.612151
9334.292408
9301.733165
9457.014488
9238.280200
9485.768383
9802.056741
9800.354117
9771.737283
9816.663422
9982.016841
10026.150059
10441.190947
10649.240867
10951.881056
10943.428092
10526.754023
9923.836934
9629.743938
9433.495134
9133.189282
9197.295133
9385.622094
9252.304665
9201.654588
9266.603199
9272.480368
9377.100217
9324.431911
9238.111919
9189.491079
9156.679745
8891.637504
8848.470349
9124.692598
9371.499675
9603.830612
10104.379262
10496.791476
10321.013114
10474.255241
10855.135645
11333.307449
11394.526289
11699.041440
11562.038601
11283.529864
10817.630353
10819.759513
10280.592546
10321.045565
10415.426739
10125.463914
9939.487898
10108.703273
10225.429996
9976.860459
9645.695703
9457.720954
9864.216128
9660.284330
9744.319059
10424.826900
10939.700689
10743.479160
10770.095901
11000.368664
10820.449638
10918.751911
11359.981024
10910.563811
10674.208205
10894.839098
10692.277271
10332.671817
11254.411585
11428.691542
10948.547085
10768.964607
10838.307056
10484.906335
10492.486991
11040.408509
11483.861291
11298.230914
10874.800617
10716.812981
10162.833808
9670.380232
9740.102522
10285.559220
10167.095171
10176.924751
10301.378026
10035.269986
9593.694895
9894.389715
10572.489955
10752.072744
11111.920109
11444.946499
11707.299906
11137.248029
10859.317035
10939.355863
11121.104364
10806.405990
10973.993697
11401.047114
11556.165621
11401.047114
11222.448011
11169.556083
11249.179161
11287.987444
11420.732577
11695.225423
11966.918275
11703.563222
11605.530747
11395.060045
11180.502653
10951.954887
10715.154461
10620.608848
10473.629018
10637.872299
10452.214237
10482.607129
10507.343326
11185.543130
11411.867960
11924.815525
12020.935649
11663.348260
11220.099926
11221.740831
11315.714440
11344.713562
11702.206197
11812.373364
11662.112465
11255.457382
11153.375951
11051.432636
11269.869838
11464.288482
11807.496725
12009.642723
12347.034290
12122.104275
12096.149255
12100.089183
11787.762513
11532.284613
11524.022351
11527.790464
11489.008172
11816.340342
11558.453903
11270.379231
11420.731975
11095.754308
10785.304768
10995.829086
11246.916848
10838.416263
10862.741284
11396.129156
11694.525792
11682.118455
11658.314944
11701.288780
11461.986535
11306.643442
11433.566879
11739.895985
11668.449032
11261.667669
10996.234605
10841.018420
10668.550930
11232.620539
11792.498666
11870.218021
12285.051229
12473.042124
11939.962608
11551.569629
11666.116964
11116.442149
10716.090345
10881.111304
11322.823950
11408.106734
11864.124670
12218.759338
12004.028664
11810.082725
11957.129363
11677.375669
11456.711069
11685.571680
11575.302095
11314.091319
11311.743642
11464.148019
11416.928171
11564.296072
11817.382061
11768.513106
11810.635929
11675.711608
11452.961185
11048.605628
11073.026279
11127.134452
11314.964144
11631.753857
11543.922612
11345.825194
11104.839666
10850.099773
10486.034283
10482.116924
10835.567938
10699.377813
10656.316280
11089.384059
11028.220085
10404.969333
10721.681536
10781.231388
10254.003464
10419.215441
11034.021086
10787.997177
11092.369116
11282.147155
10932.653528
10479.226204
10074.491384
9538.833763
9508.673180
9952.057832
10346.163690
11275.958830
11991.406496
12115.779563
12393.861179
12224.118416
12023.828130
11711.355584
11538.038196
11380.563757
11593.356601
11733.572635
11764.335698
11833.788663
12105.501731
12417.816834
12181.675317
12242.962650
12416.737912
12281.850831
11740.161124
11840.585237
11660.548665
11615.876268
11517.633505
11648.412686
11504.318543
11571.528073
11808.679129
11608.409866
11808.679129
12133.273978
12398.862289
12243.465050
12682.807353
12752.454463
12557.766022
12324.890321
12466.284344
12141.272130
11840.892147
11984.900410
12132.172408
11887.152338
12233.990872
12430.542332
12282.320782
12394.771077
12658.161418
12257.778913
12077.720410
12141.930338
11996.951569
11850.038912
11858.271723
11786.834454
11445.870866
11280.212952
11429.485575
11803.377199
11930.206331
12212.370587
12355.516651
12257.687145
12241.236325
12478.096391
12460.077799
12474.692462
12717.707495
12442.045101
12417.231158
12827.852352
13065.151172
12823.905608
13173.380944
13729.314405
13947.952889
13947.952889
14356.302820
14417.670722
13851.747261
13454.647118
13160.599391
12466.147441
12222.832376
12206.326671
11971.782048
12016.826114
12458.192666
12807.661938
12785.223611
12807.214468
12845.923887
12418.533752
11703.870607
11493.635984
11501.191266
11407.224584
11642.357564
12126.834193
12281.986482
11524.420771
11071.038209
10758.124979
10216.892936
9875.675139
10620.950670
11542.732425
12466.286087
13126.155219
13647.137885
13829.203982
13535.025194
12803.657301
12415.523160
12360.502381
12043.608425
11855.896123
12254.255178
12197.235851
11939.520374
12192.127759
12332.777184
12012.426520
12055.057126
12097.976685
12013.725145
11852.274234
12117.747823
12348.756869
12375.217981
12051.086531
12359.536097
12528.781243
12314.385397
12412.764950
12821.496853
12649.712959
12152.984178
11963.454573
11857.213475
11369.963573
11016.275202
11073.803257
11396.361190
11423.295944
11856.113918
12270.782106
11956.230515
11651.629200
11939.727558
11755.081273
11548.874370
12208.777613
12731.717920
12333.250617
12309.597574
12567.191971
12297.323011
11945.976904
12115.469806
12181.534675
12144.768965
11748.247430
11544.105478
11646.338931
11838.428688
11625.940780
11960.408877
12058.433724
11835.453744
11638.908334
11561.410782
11450.785933
11959.762484
11837.359156
11524.460890
11356.931062
10940.110463
10325.130496
10437.554273
11014.942640
11566.326617
12271.394544
12428.634027
12252.741508
11998.114136
11908.332092
11767.579254
12037.453148
12560.366909
13366.039750
13404.519712
13629.399442
13370.341057
13472.612886
12983.044742
12950.145309
12972.954534
13418.346281
13303.873999
13389.989740
13976.390269
14404.961839
14817.919874
14589.767670
14114.502386
13838.842831
13906.020167
13418.044702
13403.316685
13776.393529
13479.808034
12946.575458
12846.262758
12773.061546
12803.183505
13105.538565
13088.939791
13360.668517
13546.954618
13751.625163
13050.171394
12782.535317
12494.749076
12570.353964
12289.582999
12698.417978
12961.856690
13027.033516
13376.558520
13596.877744
13540.411547
13313.031737
13533.593446
12665.516463
11967.694415
11998.346507
12466.651774
12346.072255
12875.148225
13300.260516
13536.774651
13144.545388
13014.048295
13022.093216
13088.372831
12975.749897
13184.308338
12775.690292
12481.574158
12387.045562
12170.615378
12068.232015
12830.789407
13188.119322
13258.107757
12937.445708
12596.479081
12085.760120
11958.975497
12477.624720
13246.086115
14014.292722
14696.415626
14783.252438
14374.280249
14085.633078
13767.084970
13190.568516
13262.240064
13626.786664
13810.878525
13549.592952
13708.602002
13663.875808
13223.046693
12957.826065
13462.087261
13500.697243
13661.954960
13956.604162
14381.703586
14449.086755
14649.377799
14590.324557
14285.704371
13948.290015
13670.744562
13074.094597
13296.498101
13507.433530
13562.146243
13639.856773
14085.368104
13848.236500
13792.712483
14208.312725
14139.499787
14192.281041
14253.947931
14311.941704
14277.380642
14314.307101
14542.816967
15234.245462
15720.753039
15955.132855
16215.174735
15869.650757
14858.248615
14244.993194
14159.194754
13579.042857
13509.284371
13852.465851
13930.677204
14032.821907
14786.923592
15130.358349
15301.992557
15368.096659
14789.823405
14810.079673
15239.099796
15846.274092
16798.269209
17901.591389
18357.087514
18864.072754
18524.464901
17781.578389
17303.458906
16835.351079
16046.884385
16618.573821
17174.558228
16258.660657
16009.505284
15692.508381
14628.373142
13796.518795
14505.795452
14565.080816
15238.928467
16373.034608
17745.679899
18927.017190
20236.158169
20371.538189
20125.992597
19607.185247
18091.047088
16830.560615
16603.901035
17073.709004
17959.279546
19355.281486
20608.815373
21781.971546
22599.023806
22148.888742
21134.517739
20642.278728
20465.389749
19416.351614
19749.765447
21516.788343
22540.395825
22924.193972
24289.358494
24529.528839
24681.116810
24940.616834
25524.748188
25825.334958
26172.017055
26478.357801
26733.904227
26117.163519
23965.501082
23634.502525
23402.095659
23233.821405
23718.513416
25695.974691
26509.892092
27296.863757
27625.495714
27674.539795
26870.012140
27083.405379
26803.603639
26797.871062
25694.784287
25843.644551
25234.788173
22915.038992
21045.613305
21178.958776
21084.237343
21254.901001
22646.480216
24591.574926
25635.612206
24855.195273
22897.973776
21787.487502
20329.371169
19192.387968
20110.482380
21881.894352
23471.844406
24644.243737
25580.107609
26528.604041
26959.009974
27678.507033
28033.751936
28477.168260
28585.605554
28938.116378
29078.935335
29381.497170
29542.912681
29871.873819
30016.156665
29920.125528
29867.001538
29679.031729
29153.913714
28913.441077
28371.985715
27446.346054
26005.862750
23986.903668
21297.473342
18766.400223
16480.056234
14986.878031
13856.025263
13397.637743
13088.930445
12858.341485
12018.344649
11914.373351
12408.839299
13443.223046
14801.523750
16493.702656
17429.543034
17453.332460
16616.266643
15628.962208
15077.067440
14543.671491
13976.569024
14097.396201
13690.539859
13059.274200
12844.924643
12686.442400
11938.667151
12010.192400
12146.931933
11948.853016
11820.818296
11867.567925
11665.396396
11642.897076
11714.494775
12015.003055
12041.382542
12254.115500
12131.406240
11569.464183
10870.158619
10694.544994
10798.629556
10582.116598
10651.615324
10931.985948
11015.852272
10427.432729
10417.378864
10257.600781
10181.909507
9965.674050
10059.489654
10088.155318
10372.554811
10466.776101
10323.881985
10140.153564
9952.187156
9700.825027
9313.963831
9436.830470
9181.189266
8782.808431
8529.686317
8521.368055
8333.609341
8382.403651
8617.486156
8715.289825
8811.457669
8750.184805
8419.255847
8159.796183
8153.596943
8041.374955
8274.492944
8854.773789
8786.984388
8946.601343
8650.157978
8275.580619
7793.909536
7839.086680
8114.549346
8338.883914
8541.572075
8851.835793
8864.255105
8576.126641
8804.288564
9088.758178
9237.931068
9511.690112
9190.675957
8976.281256
8724.673012
8641.386743
8745.477652
9113.302912
9095.163294
9148.592693
9171.087766
9136.383584
9158.774581
9499.320727
9585.093961
9529.998366
9219.197000
9260.288577
9068.012182
8988.111629
9053.431322
9272.139966
8969.547610
8843.381136
8886.105786
9143.992752
9233.831349
9407.327567
9355.178959
9075.452890
8965.115719
9089.885062
9171.565878
9149.267349
8879.806802
8587.319193
8403.521823
8489.474819
8491.326603
9014.566335
9034.523668
8920.173242
8822.580443
9413.207644
9681.147104
9634.376831
9689.536681
9640.724135
9309.884321
9056.498976
9064.454803
9201.691934
9407.645907
9163.285684
9118.539173
9173.488735
9530.963665
9776.551489
9896.439946
9777.487449
10099.002021
9955.815435
9330.313966
9184.224999
9562.150011
9163.806233
8983.886799
9414.980757
9878.283754
9733.097186
10123.201164
10288.588933
10131.568438
10101.228872
10307.890209
10399.569163
10352.580842
10538.903321
10468.443975
10734.146168
10967.162702
10897.530631
10509.414017
10567.550742
10230.204581
10116.318344
10070.985906
10371.064918
9880.100431
9680.115113
9621.204407
9927.490124
9933.503276
10516.541917
10651.539998
10800.592338
10720.942488
10696.387231
10792.459761
11097.030423
11097.030423
10896.934508
10721.098734
10290.379834
9967.246181
9532.051061
9828.504212
10059.351240
10412.161421
10354.925981
10483.565863
10042.213942
9870.613965
9870.613965
10183.212134
10275.302486
10526.568596
10730.750716
10837.064224
10799.804443
10654.862128
10815.958429
11232.708503
11290.839085
11247.594987
11133.475522
11180.344819
10888.206510
10775.907406
10778.043028
10843.442727
10430.749575
10169.361710
10375.559273
10434.681668
10688.410242
11058.338780
11113.195185
10750.640293
10666.945829
10658.331759
10866.847563
11185.694353
11406.361308
11212.119816
10975.030411
10991.693473
10781.255255
10733.213370
10767.512623
11031.468883
10849.528585
10861.507847
10995.814497
11430.917792
11645.668550
11931.703109
12260.511457
12282.668082
12176.407529
12076.505886
11788.293002
11367.312557
11064.598501
11021.820298
11064.598501
10842.015664
10557.623204
10710.168672
10614.266574
10552.880372
10843.020313
11155.866162
11155.866162
11433.724609
11470.244348
11435.612328
11513.134024
11545.358910
11220.516495
11015.996396
11052.980271
11148.776424
11393.474935
11871.510805
12106.285238
11914.592720
12247.643970
12351.973569
11865.601197
11391.262077
11340.454241
10980.653195
10313.604185
10319.581559
10742.604450
10987.815643
11071.554004
11243.773511
11527.609827
11215.320145
10967.772427
10939.444153
11193.671799
10970.973405
11226.561930
11243.082328
11259.195658
11118.890443
11133.197440
11127.122771
11202.681342
11075.963887
11208.126712
11459.773086
11876.475901
11996.893790
12227.716528
12352.248146
12047.670440
11598.016620
11626.769986
11496.010032
11104.792114
10964.145343
10808.820197
10574.090824
10404.354574
10654.890562
11206.513044
11386.275260
11449.753220
11494.821653
11071.904902
10708.017149
10703.941015
10622.343708
10528.471428
10630.698436
10561.164706
10581.638799
10916.695229
10614.221986
10395.750054
10242.636211
9976.849752
9607.195296
9913.324516
10386.585915
10572.369762
10642.089770
10643.956152
10970.688695
11133.120046
11259.707630
11300.466709
11909.363521
11656.359027
11427.827450
11266.591338
11738.353250
11544.248090
11527.695066
11363.550302
11193.760870
10513.289619
10061.920865
9984.281224
10339.118578
10516.701356
10921.377681
11325.754365
11383.399325
11236.783675
11637.615493
11978.450859
11780.265617
12117.240252
12183.368012
12044.263869
11600.839062
11608.701359
11451.114148
11601.436995
11838.472742
12003.928837
11989.959966
11965.466411
11932.945230
11939.282165
11906.714539
12082.260718
12298.749119
12116.433407
11865.455748
12208.399432
12302.356445
12371.979749
12632.411410
12951.113511
12725.891728
12544.885068
12570.994770
12695.419554
12611.858288
12746.709533
13304.229634
13531.135033
13388.869627
13075.951800
13084.492814
12757.320971
12385.601326
12670.174710
13044.012689
13027.403622
12774.445072
12741.877147
12593.159478
12577.208572
12526.344249
12740.271101
12724.289891
12511.779831
12430.027672
12609.694292
12570.877004
12761.104554
12866.851323
12656.908609
12215.661528
12133.590650
11837.629519
11715.174879
11754.036669
11615.225547
11690.792527
12031.810601
11913.813918
11899.169070
12081.428554
11807.406085
11921.821399
12208.308861
12239.178063
12506.764212
12960.406034
12944.088729
12923.839013
12989.264221
13085.341632
13026.116059
13132.339025
13188.327210
13388.762494
13296.543198
12945.125780
12596.139343
12263.135885
12099.704879
11832.164482
12258.948039
12224.413390
12002.168606
11719.901662
12142.877668
12114.543415
12116.290123
12519.089917
12776.491046
12341.585403
12102.461753
12110.594194
11996.403298
11996.403298
12278.497487
12423.300243
12427.559396
12441.622580
12645.747990
12429.255672
12404.593779
12372.015468
12261.837238
12092.271462
12229.113292
12215.112514
12519.130680
12935.819188
12991.296189
13089.078286
13316.258616
13205.829044
12971.063064
12707.919884
12771.075521
12695.460552
12971.061618
13055.320338
13493.065813
13480.134550
13782.801059
13466.142979
13414.237181
13138.123391
12960.561285
12602.973605
13052.514764
13613.520170
13715.856852
13739.776180
13877.002096
13617.326933
13579.407166
13626.503623
13305.830049
12988.999140
12792.839179
12592.573307
12672.179181
12976.502523
13187.247348
13497.289423
13770.297969
13447.236035
13377.553431
13414.518992
13326.864644
13138.253937
13677.648712
13835.100703
13704.256579
13594.142519
13746.151685
13660.432707
13861.168982
14049.045940
14046.634835
13479.622450
13360.909268
13420.111856
13336.659486
13468.917439
13459.160956
13694.204884
13533.114853
13669.915412
13601.788696
14093.236938
14219.819152
14385.125443
14422.330890
14854.310746
14871.443767
14719.815756
14832.785941
14953.466541
14448.474706
13977.174609
13464.774830
12911.032872
12645.353209
12292.125120
12660.805828
13941.645311
14115.189874
14025.445060
14389.362559
13974.695943
12682.953299
12842.501285
13069.346888
13243.037385
13661.512820
13960.144848
13665.730309
13672.118351
13539.694610
12885.963454
12775.609024
13025.081998
13041.012663
12769.313066
13133.877307
13168.633461
12901.235605
12717.359266
12678.668796
13007.231231
13176.955225
13448.294628
13248.263590
13536.110862
13544.207865
13975.759328
14878.055264
15579.767940
16092.084495
16253.154495
15760.242555
14793.291470
14125.723395
13784.574202
13832.655958
14455.506406
14526.791733
14410.630804
14531.199564
14825.734794
14603.170165
15211.793010
16080.616788
15990.463168
15521.454391
15049.385961
14524.703152
14211.934827
13980.996906
13983.041577
14808.456938
15082.452455
15744.075254
17075.919753
17731.843747
17439.100561
17932.607422
18144.530424
18387.343401
17814.442791
17322.137532
16958.656564
15950.664534
14762.199014
15154.279151
16488.577042
17493.992260
19102.232498
19855.900602
20110.488253
20120.944863
20251.121563
20165.617900
20795.266440
20191.824739
19062.111204
18044.447872
17631.714832
16170.958861
15391.766325
15068.146866
15176.311381
15074.675865
16253.577375
18533.629029
20559.051544
21850.132802
22869.846629
23648.201667
24287.007387
24894.298597
25425.145153
25235.132043
23870.595663
22606.504824
22060.333042
21693.167406
22229.899687
24116.011549
25635.196381
26180.630225
26822.197581
27297.978499
27306.449636
27108.071459
27680.277635
27763.937086
25424.831788
23497.105295
22479.748923
21280.253012
20914.170728
22411.845101
24130.620439
24093.974608
23520.756980
22529.314620
22484.815239
22539.820000
23369.432720
22078.516730
20784.593088
19802.187010
18706.393685
18103.385263
20334.994343
22416.580712
23847.177125
24915.533098
25601.292369
25454.239782
25364.282035
24148.309081
22842.934487
22366.534462
22327.570314
22270.359305
23427.028861
23397.674547
21151.736323
19351.351201
18618.177433
17980.838672
19071.751398
21496.970169
23253.358638
23996.029538
24130.530268
23927.957549
23863.590216
23861.481395
23303.465054
22731.586856
21696.040114
20367.136812
18797.711027
17066.071938
15737.198522
14746.703825
13760.720706
13026.872890
12781.691505
12453.056535
12428.439630
13275.982536
14297.651314
15920.372953
17488.689425
18523.546508
18747.870062
18350.904571
17045.639895
15674.216572
14598.359279
13789.781003
13154.106438
13468.842329
13716.476916
14135.658886
14746.779654
15792.765795
16026.082236
16444.422311
16853.344476
16963.929654
16636.520554
16793.589406
16268.884861
15435.514947
14355.251101
13388.643508
12471.311512
11946.099154
11627.133952
11653.130424
11820.921774
11653.130424
11553.215206
11577.888733
11601.611976
11689.919411
11150.022005
11176.932877
11152.145435
11083.990317
10691.655480
11194.039729
11118.812911
10838.894559
10628.555837
10785.585226
10272.730467
9762.306684
9602.541153
9983.487396
10000.103463
9977.306253
10228.841517
10073.500791
9387.904064
8848.620994
9001.805062
9281.897207
9061.138449
9087.162202
9526.540905
9130.151664
8844.073172
9211.983491
9261.850074
9043.490590
9357.807397
9374.231207
9155.544508
9107.735856
9218.105946
9420.113340
9154.567284
9052.486072
9266.639824
9248.548119
8966.449847
9328.336900
9522.408727
9576.316603
9641.552117
9523.269291
9509.097549
9290.110365
8867.207750
8558.972133
8593.766305
8356.555748
8642.449957
8813.078963
8745.611909
8954.451186
9121.557032
8774.347430
8832.121256
8934.505494
8703.716660
8695.655149
9234.682538
9569.405259
9818.705191
9884.231217
9757.373694
9354.926064
9217.026806
9337.164208
9412.753203
9220.880359
9433.276712
9314.934774
8951.131938
8688.193115
8928.860687
8884.116160
8619.612863
8415.134372
8623.380118
8533.764254
8275.590859
8180.282916
8447.947346
8582.588142
8560.215611
8774.579153
8850.548232
8501.033107
8588.392673
8845.971543
8884.454361
8627.929555
9100.105614
8907.778404
8642.100644
8407.313135
8896.245053
8736.764573
8855.420009
8861.568795
8859.363895
8586.939434
8174.238304
7904.267417
8041.331724
8274.448508
8560.962518
9132.992485
9549.768614
9698.977061
9662.162837
9602.020360
9505.844385
9491.825452
9493.604837
9548.718097
9594.915560
9592.986410
9325.442430
9621.688716
9558.375514
9460.113641
9355.645507
9317.134700
8890.026476
9031.180239
9091.117133
9362.892396
9305.598718
9644.969989
9796.029052
10239.012997
10457.609844
10811.011119
10574.126143
10471.949012
10267.605603
10300.525965
10297.872033
10285.893964
10410.469680
10284.272250
9879.632314
9965.708226
10020.714850
9875.665381
9681.075177
9607.617789
9573.001391
9850.552069
9954.879731
10453.925052
10807.558144
10989.111728
10744.041962
10705.016655
10418.761637
10346.962119
10236.679339
10418.761098
10535.150989
10531.252121
10482.167982
10555.743114
10819.445675
10706.867333
10827.068888
11133.612355
11131.404745
10810.721729
10837.450236
10767.063932
10468.846927
10309.400506
10282.738356
10052.044755
10042.050530
10348.454991
10653.025230
10658.827249
11102.673471
11042.592797
10370.008796
10000.422245
9933.034880
9244.492077
9057.764853
9225.340093
9409.432833
9679.218388
10057.331441
10165.429727
10457.565752
10674.176847
10892.653761
11156.286807
11276.457611
11196.998403
10982.591231
10945.417864
10937.170802
10983.347493
11193.723306
11130.441267
10926.372549
10860.811669
10924.853753
10961.913571
11123.018769
11315.083969
11345.959945
11536.375511
11675.132492
11393.307744
11000.751051
11058.375969
11104.089645
11069.455558
11112.348612
11355.548425
11492.677657
11460.415851
11341.692621
11519.775661
11112.951713
11125.219521
11267.595544
10875.126960
10834.348688
11406.590656
11296.169300
11107.908436
11538.858315
11638.983785
11632.674236
11563.565261
11487.150739
11399.638205
11567.048157
11256.405065
11217.433667
10752.366091
10450.103859
10239.759621
10282.493893
10162.315418
10380.782793
10274.367357
10043.079362
10041.366298
10139.518445
10303.515046
10466.855200
10516.076346
10589.620944
10798.148679
11319.099760
11647.895245
11827.801653
11829.601373
11652.155672
11283.311245
11712.422822
11969.675743
11896.432485
12055.611144
11951.204601
11334.221677
11013.827006
11093.342229
10805.371494
10865.543416
11020.820451
10849.209613
10801.934785
10949.040392
10842.897143
10857.404698
10873.576604
10640.749504
10528.460455
10300.273011
10085.479082
10414.221061
10826.971596
10969.959527
11374.770854
11626.289979
11636.619330
11550.482338
11585.047720
11579.099318
11716.150631
11428.096336
11477.035650
11611.991783
11379.383405
10870.640333
11224.123098
11256.951820
11032.166465
11102.431405
11376.244117
11224.849555
10988.008101
11116.505263
11425.138287
11196.432550
11269.906587
11415.099301
11506.928638
11282.345757
11680.855238
11787.404273
11739.988705
11462.254984
11486.535582
11269.786798
11102.345638
11484.268464
11612.982127
11498.682140
11715.341702
11715.341702
11323.260005
11457.908813
11754.381551
11642.012730
11472.823143
11568.591199
11390.782392
11128.209308
11152.716209
11514.464629
11567.711481
11777.991254
12016.518896
12192.282305
12198.373061
12194.061154
12437.437912
12626.060435
12329.766720
12170.155345
12476.552791
12382.782580
12250.332013
12501.727156
12630.677389
12330.161963
11960.141458
11685.580728
11446.541798
11325.875697
11285.324097
11338.368465
11390.510542
11649.855653
11890.953674
11866.596107
11858.512259
12064.787331
12023.898418
12027.954536
12442.832125
12512.234960
12233.306168
12106.831572
12186.676927
11753.702636
11828.900122
12211.711451
12359.065046
12146.295720
12442.833958
12295.754612
11921.061617
11684.131707
11783.747879
11602.064535
11588.188063
11830.118435
12385.989992
12267.687278
12052.907451
12214.737395
12268.408412
11980.445076
11992.516184
11688.261112
11479.890259
11359.696408
11807.113907
12166.555294
12787.747050
12998.302926
13044.244138
12635.823214
12352.017724
12341.661775
12251.421168
12319.559366
11980.540101
12037.928959
12039.841080
12129.615887
11987.422964
12097.402829
12046.303474
12293.185180
12186.694073
12060.498373
12295.380651
12182.745801
11671.953761
11823.143110
11867.366205
11589.673900
11753.301160
11797.835902
11548.616561
11692.790093
11508.944493
10801.988354
10832.714129
11000.192849
11024.137883
11112.183264
11645.562125
11686.188541
11455.415008
11439.078045
11641.613742
11460.007760
11355.677869
11521.171174
11605.389366
11533.620947
11554.437623
11243.723842
11241.690496
11267.706010
11306.400901
11568.157189
11937.981988
12013.394627
11828.889071
11884.081705
11782.395488
11714.729181
11870.073860
12104.553096
12110.602710
12229.086602
12551.857322
12153.212175
11927.034667
12084.397533
12343.551175
12517.601186
12889.397940
13021.652644
13142.099381
12970.541050
12911.176043
13023.704836
13408.360682
13050.747569
12991.642045
12742.556982
12836.064431
12768.172104
12937.708392
12674.111423
12571.681059
12292.317234
11997.419190
11903.345243
12455.288836
12549.440392
12492.063639
12383.749521
12612.729596
12373.574774
12530.856555
12724.923489
12879.426942
12521.706748
12493.216468
12587.265484
12460.236651
12612.832820
12992.702863
13121.550589
13172.521446
13560.810981
12929.443279
12698.705794
13009.298440
13227.774924
13473.074493
14055.991965
14013.320184
13569.851144
13091.384391
12468.373661
12486.845756
12842.186103
12844.403779
13087.482661
12868.577775
12367.470132
12265.796821
12463.782354
12165.507502
12559.987865
13142.858351
13259.268060
13187.922873
13625.561330
13847.828310
13679.722502
13524.235625
13495.267521
13301.491543
13309.359813
13295.617465
13171.262533
13358.780571
13667.499792
13510.039775
13469.870127
13689.283846
13413.311401
13364.381209
13288.605264
13174.014237
12799.870799
12824.494660
12552.843983
12577.433962
12665.837938
12917.232200
12790.337703
12775.982611
12806.527844
12892.782236
12903.140466
13064.568911
12841.662686
12620.834040
12637.055693
12810.839713
12765.810625
12902.832068
13276.554699
13633.245358
13715.426697
13902.548862
14217.854181
14074.715015
14146.855321
14212.173942
14083.368139
13944.522623
13983.279416
13371.682270
13084.277876
13022.843331
12712.697741
12371.429739
12200.866451
12454.465776
12840.392627
13277.652738
13659.888341
14080.913795
14103.620299
13821.716692
13524.777239
13232.973104
12946.060910
12482.342326
12464.004351
12529.233662
12813.636415
13292.303853
13888.898272
13983.062136
14003.698631
14062.445053
13705.734902
13910.174970
14018.428685
13716.211413
13617.730917
13780.279761
13203.800491
13183.986100
13541.225613
13798.590763
13985.204339
13973.202881
13856.008456
13725.482533
13558.074763
13616.324933
13663.172110
13685.653879
13675.500917
13458.786311
13040.349303
13385.156194
13983.858564
13882.022762
13636.533766
13763.085036
13256.580074
12833.519094
13548.413150
14404.485187
15135.750420
16378.820257
17250.725625
17495.542558
16928.014578
16567.022187
15465.530514
14272.604056
13800.487266
13718.613730
13233.881222
13297.148976
13203.240495
13152.248152
13170.813066
13106.363253
13120.882912
13930.384754
14091.077338
15133.847611
16147.650809
16617.318814
15907.510525
15564.963254
14770.370807
14176.774713
13811.278392
14272.928657
14171.063443
13807.487138
13562.810578
13178.357716
12843.743232
13137.881753
14010.384755
15473.103414
16698.947993
18168.157726
18830.505673
18153.830257
16706.872855
15848.697050
14584.134811
14618.944657
15783.443959
16161.660895
16223.126837
16317.866843
15650.943352
15532.926020
16247.850013
17419.260230
18236.712864
19666.917481
20504.488809
21143.334392
21593.112433
22530.588987
22919.247646
23225.366100
23734.936133
23953.594202
23808.258945
23562.881858
23475.368279
23380.778949
22485.658051
22381.553595
22567.834826
22723.041179
22116.231185
22901.959888
22804.354039
23012.626870
21178.737571
20708.860916
20402.790722
20304.584560
20182.020771
21779.366016
23323.124477
24254.477359
25190.565457
25619.368777
26257.029664
26257.029664
26552.709567
25396.535975
23643.366927
22319.723019
22126.912328
21261.355312
22345.642005
23947.275335
24824.012832
24763.773051
24022.809424
23681.129740
23082.088058
23310.703797
23495.735364
25122.090935
23867.404964
23824.689492
23209.278195
23006.984191
22018.966591
21428.015131
20638.307644
18635.513335
16491.456546
14325.304491
14987.886530
15150.488826
16779.554982
18627.416979
21119.586273
22493.114314
23821.470998
24926.846967
25665.521496
26470.726206
27379.944250
28587.475509
29756.387799
30547.944555
30915.775780
30948.416211
30876.901673
30484.659485
29773.200981
28547.263300
26884.029687
24303.155949
21659.289564
19018.454505
17111.680483
15389.902126
14433.106136
13868.915491
13653.095725
13054.242734
12991.082768
13094.860228
13626.461172
14426.094884
15839.723381
17041.740371
17719.581121
17718.015379
17311.168511
16294.853685
15755.559770
15335.156503
15251.376263
15393.235400
16049.736089
16302.444436
16640.507917
16930.227616
17180.579113
17182.490969
16618.427025
16020.121166
15362.156843
14702.782978
14046.805462
13734.204023
13440.114061
13334.155912
13169.272366
13226.830277
13277.617574
13159.206374
13294.374774
13410.260725
13105.904591
12713.514645
12850.766619
12482.595691
11370.482521
11037.616291
11258.346812
10872.210442
10518.505897
11041.897270
11119.160010
11290.853881
11448.244538
11088.525505
10962.446922
11076.561640
10692.349156
10218.481783
10269.499005
10109.036720
9776.532372
9545.442950
9692.713224
9608.533166
9540.420218
9456.881840
9514.128183
9324.526757
9356.622946
9374.649362
8878.592478
8747.576667
8824.869562
8812.817125
8848.820690
9280.319621
9265.966778
9316.916463
9328.853130
9469.227432
9075.179464
8785.020158
9003.411873
9044.457690
8617.631556
8866.668278
8772.847323
8212.820840
8030.948125
7968.550629
7695.582351
8079.187652
8383.646697
8034.507977
8194.584498
8672.996943
8842.289676
8856.700827
9391.991590
9428.111805
9233.988754
8964.565277
9080.581024
8954.469663
8689.521062
8468.795413
8513.910648
8497.436774
8454.592430
8849.204893
9198.500340
9425.647976
9425.647976
9662.539865
9510.179943
9293.589438
9013.867869
8893.166572
8625.738571
8437.305919
8451.496623
8523.275935
8484.156857
8416.542157
8683.469591
8795.394710
8863.231765
8626.282527
8808.341434
8819.624534
8917.340934
8764.095860
9014.956920
8926.954762
9092.822374
8958.156995
8996.782776
8517.115585
8381.971425
7995.408606
7993.486077
8005.879607
8479.536459
8784.036655
9260.890165
9281.456576
9224.390736
9536.723958
9455.219198
9208.155799
9563.930940
9796.650132
9259.602756
9339.449448
9463.512485
9058.504877
9148.877409
9890.282332
9953.714246
9969.846136
10031.331325
9387.542964
8607.000512
8668.415793
8684.412150
8867.923462
9374.898453
9771.573896
9816.494542
9726.283932
9801.722612
9511.681027
9282.744925
9186.257695
9455.490880
8926.086123
8987.275839
9432.829655
9514.414583
9228.026255
9432.341096
9528.394468
9395.760726
9228.026433
9288.032932
9465.731868
9657.590713
9576.139952
9655.810659
10072.679086
10334.144893
10432.534849
10593.518283
11104.260578
10815.817942
10648.148799
10511.571231
10707.537539
10117.186364
10179.269442
10393.735803
10555.337396
10512.134870
10983.911558
10978.205277
10704.313107
10655.429765
10316.056120
10042.389703
9784.075060
9806.593652
9675.603011
9534.846236
9262.655521
9318.897454
9402.956730
9469.984025
9879.188464
10207.530376
10175.669241
9936.341111
9897.699040
9840.754259
9994.104288
9907.582576
10275.655153
10459.307389
10167.278285
9975.248559
10496.364173
10902.796860
10806.842157
10935.735789
11076.404387
10854.283144
10287.983754
10318.890783
10398.489255
10351.403003
10174.952632
10350.827909
10491.795572
10794.032727
10645.055457
10581.186229
10778.734748
10470.543776
10066.159366
10137.390335
10429.955142
10405.458070
10428.020857
10382.822769
10530.138189
10640.511716
10711.482391
11108.364617
11198.452946
11022.416982
10447.336800
9812.374404
9378.917899
9192.657229
9307.028504
9840.373072
10142.563832
10126.615797
10532.982915
10702.823645
10940.882849
10859.116504
10840.919365
10405.572018
10213.839199
10027.213189
10118.857527
10059.711587
10405.169574
10619.654874
10766.045305
10815.132846
11356.576083
11797.823674
11845.055224
11806.860172
12293.161657
12029.353725
11527.009525
11377.624974
11049.144510
10307.878878
10046.380802
9862.844652
9654.503169
9776.789156
9981.112486
10226.382977
10835.289923
10925.085542
10838.994543
10834.912677
10908.442272
10499.732371
10516.164054
10816.524212
11270.244616
11200.736540
11207.014897
11299.149470
11360.775796
11128.076592
11270.872511
11305.857636
11305.857636
11115.400259
11117.755220
11150.140682
11015.552990
10854.215636
10870.030637
10751.483433
10614.525063
10559.443833
10583.926986
10437.712905
10423.433899
10458.205708
10650.284126
10813.851989
11148.211335
11187.198418
11232.319324
11681.485413
11761.205308
11761.205308
11985.757029
12163.860695
11789.750185
11842.813203
11734.728606
11532.608839
11628.413441
11945.359082
12073.908692
11871.549357
11861.080333
12020.785069
11769.285691
11638.675854
12151.629904
12476.488536
12278.538469
12278.538469
12276.420437
11673.026283
11182.855118
10851.605408
11074.538645
10831.313714
11212.103575
11453.113350
11596.212354
11449.229416
11498.129632
11171.499658
10762.833645
10523.518739
10190.602286
10143.465756
10003.391543
9876.378616
9731.597873
9834.027799
9843.827572
10304.723203
10658.201454
10917.902649
11015.931160
10881.047599
10584.447621
10555.975672
10543.538791
10453.795489
10347.321710
10037.011306
10194.120683
10296.255998
10042.863089
10081.913342
10153.901514
9730.876253
9262.866387
9308.195501
9297.924693
9813.124734
10403.487147
10591.581914
10662.980319
10942.814805
10672.403509
10631.352865
11076.685239
11497.819273
11277.063016
11571.555963
11385.758386
11248.719444
10858.551282
11054.446871
10523.484786
10380.891770
10456.265777
10815.797773
11044.589854
11088.755736
11213.529300
11062.331290
10872.466597
10696.476061
11179.200859
11487.750111
11618.857705
11459.629314
11522.781258
11526.857227
11081.384669
11062.901961
11085.531225
10874.874944
10851.040958
10801.817026
10773.426928
10944.796904
11300.234124
11042.216565
11219.854690
11164.444723
11307.500876
11076.507641
11219.061925
11555.978036
11895.554583
11911.574017
11993.056204
12077.459076
12159.270882
12083.467888
12201.981775
12388.069608
12748.645569
12470.794554
12472.147069
12480.382720
12488.115965
12077.283584
12267.382785
11917.794062
11668.479714
10988.254882
10701.764143
10409.394625
10597.286572
10623.718661
11267.595010
11662.326909
11884.973113
12058.650221
12516.672259
12341.004518
12278.706867
12636.166194
12852.702658
12395.120434
12366.239024
12673.034823
12764.955428
12701.300118
12840.382570
12995.688496
13166.234793
12751.521809
12655.352565
12779.953088
12800.138719
12423.566895
12527.715855
12517.747881
12364.691484
12611.900999
12974.476368
12968.348339
13137.921635
13264.578470
13232.034420
12891.122717
12894.984527
12650.081520
12515.472954
12717.518091
12893.674114
12564.850154
12630.583416
12640.476807
12331.811821
12247.903152
12503.292474
12660.684937
12960.960348
12940.641379
12651.818775
12864.522175
12774.558043
12543.440914
12296.488604
12700.980646
12365.981127
12266.124141
12476.388961
12699.037735
12598.965622
12976.848234
13101.611888
12807.322548
12803.318947
12835.050258
12314.232060
12271.527208
12835.051814
12814.990573
12606.407254
13086.526954
13483.052730
13308.905890
13642.173209
14025.233566
14084.517863
13690.149674
13636.677848
13371.162084
13277.044726
12917.642215
12970.595854
12449.769511
12141.170090
11934.602992
12090.059394
12106.104698
12339.315809
12604.792357
12526.854133
12432.703141
12455.240320
12285.755307
12255.030774
12356.942540
12590.002301
12614.578398
13059.787929
13370.757325
13621.467366
13696.612823
13712.734394
13528.999532
13553.656314
13168.655169
12823.517003
12989.077822
13316.213111
12911.261759
12953.488981
13229.253049
13075.907359
12859.227776
12920.809708
13253.469500
13586.516363
13609.156339
13586.516363
13639.711706
13635.795374
12951.060964
12906.521182
12832.794873
12742.859676
12810.908302
13152.129402
13201.151733
13225.725452
13660.730376
13578.838033
13768.697528
13873.102660
14136.428840
14181.857074
14261.215096
14045.068399
14126.730841
13965.044958
13895.521208
13898.361388
13724.256628
13730.033524
13495.107797
13149.881552
13113.833594
12983.131971
12887.309019
13250.997729
13265.085518
13479.651685
13592.315781
13831.516097
13665.554875
13733.184312
13244.128350
13601.448862
13589.539172
13836.245169
13920.612447
13918.739444
14051.046073
13847.219536
13808.230113
14159.353760
14472.133745
14570.487360
14509.044074
14441.857354
14047.029056
14470.813851
14960.242288
16067.828916
17050.540665
17459.367466
17917.736056
17977.627691
17690.947652
17512.086240
18255.573932
18754.238564
19209.934640
19759.246865
20213.125076
20120.973988
18850.342282
17835.002652
16942.125276
16680.658567
16964.859522
16748.006176
17042.377866
16282.523821
15225.960994
14631.042226
15335.093173
16039.379953
17333.165370
18928.603749
19936.092902
20918.443049
21471.554072
21737.495694
21230.595383
20967.270419
20913.449895
21156.190614
21215.786516
21074.860988
21119.486583
20920.777864
19084.255940
18183.335349
17866.196362
17388.230366
17179.989012
18643.382683
20066.634530
21624.382083
22927.886243
23370.265072
23421.468994
23204.701443
22882.153905
22961.247148
23735.011098
23835.115176
24389.393284
24867.410736
25239.506693
25792.452045
27059.417136
27716.957508
28336.037036
28673.169928
27947.457046
27727.377475
25415.788192
23038.049572
21482.953740
21360.722507
20706.435776
22858.685417
25062.896578
26505.578444
26715.995896
24715.606691
22447.686384
20469.914299
19055.981282
17983.552627
18741.492173
19763.940033
20190.922123
20126.477837
20349.850891
21210.217865
20498.759454
20445.754608
21045.787846
21082.204752
21548.629903
23357.002025
24927.284460
25601.509664
26866.565828
24710.914967
22474.094241
21053.595012
20665.566306
20701.302375
23365.834758
26191.872962
28157.136801
29017.338098
29508.298881
29702.140488
29947.593234
30166.219564
30407.389986
30527.555441
30787.045479
30691.066106
30429.480915
30044.965103
29840.631219
29608.026367
29078.893219
28480.127680
27893.882635
26304.875362
24310.603757
21924.169602
19608.817374
17126.456069
15400.691970
14060.906212
13414.741165
12428.254330
11919.352869
11909.200020
11966.501920
12422.469032
13701.464179
15346.604205
16632.636984
17760.716783
18430.646363
18060.948046
17008.744972
15920.447946
14800.761765
13621.895059
13289.016941
12900.848074
12692.379400
12763.904122
12864.298669
12794.638771
12720.846120
12348.269385
12086.831541
11473.727874
11124.433308
11071.532797
11179.319773
11120.414148
11498.329753
11489.854760
11308.186117
11532.797162
11579.604184
11518.345247
11269.295754
11171.117427
10546.000948
10304.516995
10157.714181
10402.933972
10803.266933
11089.774677
11167.450949
11494.639837
11167.450203
10419.546724
10087.045642
9749.893985
9128.721057
8971.457019
9098.300917
9398.509299
9835.734944
9439.642372
9337.273187
9292.734925
8943.845168
8813.018162
9256.391214
9209.117502
8984.560988
9028.960238
8569.100056
8814.208350
8828.766294
9155.298244
9073.157723
9153.350153
8719.581125
8766.957085
8946.543508
8471.416124
8090.763639
8060.717374
7995.578282
7435.281000
7813.059951
8408.838185
8960.709328
8670.652678
8901.581664
9178.139947
8902.202097
8124.100778
8442.346111
8785.715917
9056.394031
9256.563481
9412.104784
9356.525771
9149.859241
8536.702663
8308.482262
8496.768406
8853.997747
9080.412155
9455.531461
9787.986284
9514.442801
9379.449753
9320.112233
9188.750693
8669.384843
9032.846830
8981.823972
8950.953360
9261.711223
9770.839940
9995.298446
10395.814846
10481.789895
10078.845617
10001.114022
9727.570854
9467.946227
9302.358700
9404.683218
9443.515225
9653.926504
9496.421061
9622.776045
10000.152993
10202.362517
10071.448302
10206.604296
10273.705081
10089.006952
9897.104002
10318.229015
10514.412216
10679.992958
10605.898050
10675.020115
10348.126851
9925.225786
9336.905105
9166.758119
8884.448077
8612.704162
8835.659040
8904.838762
8990.806710
9332.386551
9675.573567
10027.027633
10249.758088
10261.793069
10267.981346
10290.535784
10314.906707
10752.015378
11096.815415
11094.728418
10833.263925
10314.375541
9766.528535
9813.046153
9724.720903
10013.006568
10474.692543
10854.948069
10277.792808
10112.408761
10249.200002
10271.492844
10150.964056
10395.542071
10229.940431
9913.205899
9712.820448
9516.756839
9608.877448
10060.389341
10236.273987
10301.933304
10410.191495
10402.249390
10594.024599
10536.725806
10590.102578
10526.858925
10306.431470
10059.210557
10165.506406
10142.743900
10339.123679
10691.637978
10695.816976
10949.100480
11157.279434
11366.202807
11428.181845
11609.626298
11311.652426
11007.577108
10896.991935
10995.109551
11440.426530
11900.139544
12094.298959
12196.762312
12008.033457
11621.935386
11203.112760
11313.802393
11084.535078
11118.698081
10993.892068
11008.374414
10947.072092
11165.634074
11275.781732
11457.682305
11566.004775
11551.560387
11435.296078
11156.558975
10995.310053
10807.426989
10627.539277
10695.005047
10831.248815
10782.202434
10788.429023
10727.001636
10978.238542
11076.405033
11211.446782
11137.668993
11595.580977
11548.495918
11666.713913
11989.708810
12394.292204
12279.660563
12024.236470
12277.085989
12115.422026
11896.772489
11976.693525
12027.600843
12061.586445
12541.650849
12882.774034
12611.446609
12750.220580
12208.913586
11461.229400
11159.014442
10885.103426
10550.138132
10636.207756
10699.537792
10709.717184
11263.334187
11304.362431
10823.409381
10222.954357
9581.021170
9174.488594
9086.500964
9485.639131
10006.389268
10343.519081
10507.188911
10656.117784
10281.389613
10175.021907
10214.103739
10340.685774
10381.595784
10954.612371
11069.031567
11383.935572
11152.778897
10840.184077
10473.526648
10228.510529
9972.860310
9923.789770
9946.312299
10174.720334
10485.434929
10897.991366
11300.437219
11699.120887
11701.281436
12042.107935
11917.637132
11723.370855
11643.946624
11661.825831
11492.551272
11496.365056
11780.318274
12125.900548
12232.081225
11907.041420
12037.943945
12154.044065
11956.244579
12130.371820
12355.071161
12040.499645
11779.020528
11907.614025
11829.316513
11864.449973
11851.920609
11688.660233
11584.361603
11499.967451
11635.187599
11822.845601
11757.771327
11600.397602
11596.343939
11449.361859
11866.169657
12058.217698
12250.142963
12496.331748
12827.391028
12890.968814
12821.659907
12647.824502
12421.844401
12108.871848
11612.327168
11724.633493
11932.839743
11816.881850
11632.755005
11847.553617
12145.746966
12229.801468
12562.253851
12644.234611
12237.642572
12024.869462
11647.076005
11003.827361
11246.723755
11588.519122
11496.211738
11722.918320
12390.342251
12402.716011
12433.215137
12762.235438
12890.918239
12876.631065
12846.062280
12889.141060
13087.434350
12968.984007
12914.559249
13117.117230
13034.936289
12751.372224
12804.190158
12806.254898
12794.097296
12846.747490
12561.219168
12565.205028
12661.530961
12336.603422
12150.899442
12162.949006
11968.598528
11908.580393
12037.660138
12186.609192
12577.093404
12539.929668
12097.145396
11956.342369
11962.340422
11755.718934
11745.707850
11545.411021
11175.509573
10975.275474
10883.611103
11059.072311
11481.817921
12027.544688
12121.563655
12172.488613
12131.588453
12183.626945
12165.420906
12185.937022
12402.491490
12457.470601
12612.052056
12550.749296
12482.982716
12319.496830
12305.212538
12185.255014
12397.551407
12663.026450
12467.126210
12501.904097
12527.690782
12431.756080
12301.255434
12444.147281
12431.756080
12422.169596
12454.578602
12725.758044
12560.831386
12182.599316
12026.460285
11940.606848
11793.500407
11820.437686
12157.122615
12211.383916
12019.320501
11992.512810
12270.627500
12315.443838
12287.442439
12522.360848
12232.413528
11754.181964
11807.344419
11979.717586
12179.893972
12370.059182
12488.325261
12400.419462
12390.503642
12521.336989
12746.402275
12830.083941
13118.282266
13085.794735
12538.190263
12456.604164
12863.377192
12654.736572
12823.128371
12845.554387
12708.988532
12759.916132
12653.551863
12417.004816
12623.162639
13052.598934
12794.969666
13115.600824
13209.722384
13013.979589
12423.310443
12443.832809
12327.204675
12471.687873
12445.039557
12788.190850
13152.021860
13431.923735
13458.122515
13976.695976
13835.673450
13517.300065
13086.001321
12773.648316
12602.098210
12839.122779
12507.699630
12422.345741
12646.579264
12756.937073
12701.334664
13016.562939
13606.614589
13745.243678
13601.643093
13508.067979
13796.210386
13434.522644
13136.203837
13058.405540
12982.768684
12622.861861
12445.277842
12423.155374
12061.300649
11858.800563
12038.223486
12681.525167
13422.905735
14080.925915
14738.718383
15120.325556
14687.882130
14260.759262
13919.720927
13494.610135
13085.810106
13257.469032
13371.428321
13792.969833
14015.069131
14252.557383
14442.440101
14526.326566
14350.874903
14712.514648
14561.186056
14228.338830
14035.984121
13704.643429
13351.543971
13815.110290
14205.790445
13938.549882
14331.048705
14028.648602
13824.035919
13550.898373
13909.736850
14048.626236
14442.665025
14371.028315
14930.937981
15167.040615
15108.686719
15290.285715
15245.382796
14877.583231
15053.586711
15175.979384
15157.911750
14634.995492
14506.241580
14221.177535
13690.305992
13044.448561
13555.710802
13635.398442
13262.374223
13524.017115
14206.386361
14081.542316
13889.692264
14097.927808
14541.047139
14525.132527
14976.773096
15340.298316
15857.641714
15732.775435
16000.423142
16049.769840
15454.777424
14901.901399
14552.770182
13690.223738
13334.844546
13898.868271
14245.068384
14357.743608
14915.719263
14598.944723
14206.409134
13889.824571
13581.050509
13427.606552
13832.789057
14803.036966
15085.421741
15514.425879
15688.733953
15590.048976
14731.868193
14441.962518
15087.071315
15283.609401
15497.780098
15831.287931
16219.853266
16419.751502
16534.436987
17072.200737
17854.663624
18405.295139
18701.896222
19633.068796
19578.300270
19246.912395
18814.469910
17864.815154
16556.427982
15729.097369
15312.163547
15021.649754
14813.654377
14612.862301
14901.488792
14668.815676
14413.693006
14370.922693
14376.785135
14291.187696
14540.579474
14825.245687
15164.506664
15012.824633
14855.561176
14355.359445
13986.231436
13453.200409
13690.184507
13808.569119
13990.620590
13745.838855
13476.119000
13443.579933
13564.219660
13565.910567
13696.382709
13874.236657
13990.695448
14055.903935
13628.968936
13733.279941
13884.511674
14458.335647
15181.706048
16693.998353
18212.827759
19911.124580
21040.916127
21908.490823
22466.835809
22582.695102
22229.729147
21867.968994
20930.080115
19149.999432
17613.693343
16518.042277
16227.955053
15304.794279
15551.804436
16127.057227
16877.293038
16544.420722
17805.093088
18883.165873
19995.737719
20817.481803
21722.268344
22257.574718
23089.201567
23786.079622
23386.634375
22004.898830
21541.517184
21143.151046
20799.620414
21823.297551
23755.045091
23204.693352
21850.152293
20465.720218
19717.463416
19204.728046
20410.267840
21211.048870
21339.276608
20812.562655
20379.565233
20364.869718
21464.541013
23187.098421
24517.280312
25442.865705
26064.387128
26549.026113
26985.500616
27831.399448
28844.840967
29535.453365
29245.841037
29446.264205
28746.925190
24850.487943
21150.524297
19397.009393
18276.685771
17855.726358
21072.077615
23724.155137
26161.724407
26759.242185
26793.485689
27012.278346
27249.275807
26881.572399
27233.789612
27699.904860
27814.136154
27973.838286
27792.443324
27687.848926
27920.811111
27632.754489
27393.560637
27470.793537
27621.108184
27405.301263
26373.106325
24498.892175
23016.210466
21795.557956
20831.071339
21133.858126
22295.969426
22167.815507
20732.416502
19014.029128
17183.211440
15333.103269
14211.063283
13667.578966
13430.928192
13144.447518
12695.106252
12539.638135
12996.548067
13472.929367
14290.506753
15926.444083
17201.870120
18101.286453
18785.413021
19186.180732
19163.905232
18873.763851
17687.743000
16725.020881
15828.131659
14624.614935
13760.535292
14213.143308
14227.711939
14078.152446
14404.853906
14711.858476
14559.364273
14659.599661
14825.277116
14948.283576
15021.390816
14838.975353
14536.093296
14397.720077
14370.959915
14291.236758
14126.903158
14071.761259
13528.458206
12477.890200
12063.413500
11849.197282
11942.829518
11701.924623
11777.374283
11527.887237
11443.872775
10851.386233
11072.167181
11407.038557
11182.526156
10983.712627
11112.691205
10879.841039
10679.752994
10579.359947
10627.591295
10441.729858
10182.278225
9875.717033
10188.239750
10242.534297
10315.779217
10448.833915
10252.685720
9698.871620
9176.012468
9161.471452
9362.082170
9396.489642
9519.346064
10072.202993
9849.407192
9420.254242
9548.892253
9451.160786
9108.461607
9006.364592
9439.495567
9594.652570
9807.213577
9570.664435
9507.485227
9221.435932
9358.070562
9245.876785
9282.214822
9517.052621
9414.738069
9031.086428
9149.264808
8927.089487
8741.236866
8669.682763
8385.358433
8011.453916
8294.378790
8194.109046
8047.059321
8473.976660
8827.475827
8767.356415
8855.190993
9225.015320
8897.994802
8718.638571
8574.257835
8468.096960
8374.232610
8659.347376
8514.602807
8700.887929
8848.297454
8974.913744
8811.295015
8840.014692
8519.013360
8680.893853
8666.428160
8594.736919
9077.231525
9433.797999
9328.023572
9450.535710
9470.416190
8980.248795
8822.138027
8681.114193
8470.750209
8556.576442
8973.545602
9079.168563
9244.899555
9361.762220
9543.333873
9189.916033
8995.606291
8919.590610
9007.488941
8743.900295
8879.277612
9351.822100
9562.147615
9114.546336
9116.777821
9004.457851
9092.464400
9014.967381
9341.515588
9536.331181
9756.865896
9438.067501
9305.390043
9160.415945
8976.200885
8814.706399
8961.042171
8981.613646
9257.806356
9327.225823
9426.936198
9168.147640
9037.865272
8955.916263
9005.130790
9115.159355
9276.016890
9538.980481
9608.562778
9849.671360
9929.418875
9931.798486
10048.079434
10182.934248
10266.862199
10207.201568
10381.738247
10300.434410
10167.219692
10132.435317
10485.868196
10616.211370
10540.690647
10048.199906
9749.850402
9852.128811
9607.559183
9765.038692
10336.656533
10571.856865
10345.135364
10543.379146
10488.336485
10196.532075
9934.521415
9632.235873
9515.671303
9716.720409
10031.099345
10233.067452
10300.894414
10104.138286
9828.444243
10071.557951
10159.212862
10210.605755
10777.627856
11155.811381
11212.848401
11363.891784
11486.741489
11214.245056
11103.785685
10656.234915
10541.913762
10500.995859
10621.168401
10715.601587
10619.154458
10232.909579
9904.027273
9703.668120
9546.401129
9581.022857
9860.787862
10351.331050
10459.404681
10496.439970
10766.018841
11148.067051
10843.656462
10851.596320
10866.057037
10982.752205
11098.899386
11493.508962
11653.367805
11665.854711
11163.300011
10613.917682
10282.377284
9841.707008
9574.285900
9557.913148
9520.862784
9404.652454
9506.569218
9919.669653
10307.825910
10346.386361
10068.517242
9727.954762
9523.529882
8945.512047
9272.231068
9744.300386
10031.036200
10008.377273
10427.259482
10098.437880
10108.449275
10080.595226
10078.491145
10491.275288
10905.749252
11036.794157
11565.703264
11367.549309
10967.169410
10619.572043
10229.467507
9883.040197
10375.144263
10710.190862
10438.396704
10496.056346
10583.861435
10522.643485
10250.641417
10545.189932
10933.131791
11015.582337
10512.535426
10369.807392
10498.416838
10375.887638
10396.043093
10692.049925
11053.752240
11049.615850
11429.820890
11461.872412
11439.090619
11427.258630
11717.316048
11104.173069
10952.207612
11143.995236
10721.150501
10492.173508
10831.463353
10889.526260
10775.168141
10934.675125
10854.953779
11044.711119
11205.197120
11499.230027
11769.046661
11813.881766
11860.884543
11913.368393
11837.780572
11631.253776
11743.634144
11484.147565
11251.648690
10920.660510
11245.528496
11222.886856
11268.022356
11498.435324
11745.602573
11539.136707
11809.019691
11861.762947
11567.709373
11486.084203
11577.998699
11169.227971
11046.410990
11190.729888
11237.667980
11280.547650
11491.060211
11630.176258
11431.524237
11196.929952
11112.927930
10620.399449
9913.396417
9841.451725
10090.753051
9970.057141
10164.263055
10875.200682
11205.974757
11130.330890
10797.587838
10785.106168
10564.484199
10045.223698
9908.266129
9943.114808
9943.114808
10150.028391
10626.690185
10383.160515
10285.465700
10359.006052
9919.765815
9707.221008
9886.769818
10122.010984
10070.879902
10434.433027
10614.744759
11011.357714
11356.592989
11736.965938
11681.383830
11783.530744
11740.488245
11679.380275
11407.428180
11509.882276
11555.918225
11392.584159
11484.430299
11427.344196
11251.563280
11191.527858
11322.439519
11401.729242
11704.245716
11855.582960
11867.440270
12057.775558
11896.238486
12137.552836
11955.578544
11799.155062
11447.606428
11647.748363
11232.868920
11110.736995
11162.704907
11579.243105
11567.242135
11671.289827
11812.300751
11708.054981
11585.323187
11416.120499
11348.503629
11279.341741
11193.213597
11229.439161
11481.114683
11860.976706
12208.453967
12551.314736
12342.714121
12473.491718
12319.982553
12210.127363
12157.791561
12231.652290
11941.140521
11763.729813
12039.396373
12378.283828
12310.799765
12232.872996
12269.598852
11967.136309
11822.920564
11604.611058
11038.487917
10684.929585
10245.842304
10139.748762
10517.390866
11287.789976
11420.574307
11690.562368
11624.268756
11550.607756
11323.990498
11707.876011
12231.178391
12030.673229
11948.870109
12038.786671
11753.104080
11270.395329
11517.042696
11987.005232
12406.025965
12892.034271
13067.826919
13176.306187
13351.906020
13316.833050
13198.853626
13576.585344
13534.242130
13083.121383
12298.231646
11993.725984
11464.693863
11364.307865
11215.473890
11893.825575
12055.030353
12024.358717
11867.998175
11690.592167
11267.484982
11481.876222
11555.538467
11897.980094
12314.897819
12717.546703
12535.871617
12572.182365
12091.635661
11809.538935
11650.079417
11353.791464
11486.806758
12029.626254
12048.091490
11905.406564
11878.494761
11717.187761
11512.705485
11324.849320
11443.352084
11686.287829
11790.512242
11940.836188
12331.100810
12245.389892
12304.624367
12308.782062
12068.039873
12092.794582
12542.117415
12858.860833
12650.502850
12480.422653
12318.789769
12226.907277
11993.830005
12122.609232
12577.479159
12747.159595
12638.913954
12769.544442
13102.584497
13034.525943
13187.826011
13194.218209
12863.129760
12762.722584
12822.980316
12798.692342
12720.382461
13031.580732
13113.114562
12934.769623
12552.518966
12397.297579
12285.140818
12430.054363
12604.375419
12880.112986
12690.031357
12371.519061
12148.703399
12211.031505
12114.978532
12313.146663
12699.094855
12760.591140
12385.726311
12197.951734
12138.802673
12124.042539
11921.894956
12354.723964
12540.643368
12653.168515
12530.461124
12604.094174
12253.340892
12231.001913
12232.822961
12047.139102
12149.244931
12331.383869
12464.321428
12423.379480
12690.928066
12347.866308
12183.377055
12250.835573
12181.470050
12204.267680
13094.671798
13599.774518
13721.957316
14132.225797
14171.068319
13680.292628
13541.550077
13245.715936
12873.817443
12834.796092
12859.168403
12488.533387
12361.977812
12314.945019
12092.419372
12317.183789
12856.052238
12705.053262
12657.934107
12476.176583
12108.442594
11627.270815
12048.189767
12224.033148
12808.354807
12647.079776
12526.877326
12305.779529
12428.721487
12355.007712
12369.503304
12409.214959
12613.854087
12652.706494
12799.521204
12991.794290
13017.983755
12776.586805
12494.922055
12094.260154
12127.139932
12139.230676
12126.921311
12265.897857
12200.104543
12128.812318
12331.109842
12664.076411
12684.739391
12909.765974
12981.075859
13281.647177
13018.074801
12805.244684
12825.827589
12756.656160
12494.117138
12596.312388
12874.021789
12935.198506
13034.998936
12925.036500
13105.175480
13058.134748
12669.872731
12518.460045
12107.782671
11670.605082
11647.916486
11862.229904
11829.623990
12034.260934
12193.519007
12318.284342
12285.755307
12287.552558
12588.433451
12864.214460
13129.582174
13166.446229
13515.741088
13525.698717
13284.813654
13002.411017
13168.149533
13123.283080
13113.344558
13370.871362
13522.152931
13464.797711
13094.731408
13078.894222
12872.655907
12373.926659
12568.307018
13075.051441
13126.962248
13306.988055
13676.305090
13515.251324
13366.109639
13434.213360
13264.578470
13434.213360
13711.933685
13744.997428
13658.553483
13942.457055
13773.041740
13443.903973
13405.095189
13519.253992
13198.891786
13486.395440
13535.547763
13417.769450
13026.426754
13247.116477
13032.725479
12593.110738
12313.466501
12772.250042
12976.509041
12919.430066
13336.343549
13910.213244
13958.322692
14038.035793
14285.651364
14640.801807
14620.203478
14273.405746
13444.127367
13235.795308
12763.680447
12195.935388
12400.108650
12884.618600
12823.182339
12953.695846
13446.405780
13390.214325
13721.269633
13906.811273
14630.590361
14687.976868
14444.816649
13979.272109
13785.217503
13045.324453
12528.436099
12612.897206
13005.269494
13141.947395
13816.081272
14620.835678
14739.536545
14706.973881
15090.880122
15090.880122
14909.071428
15065.338562
15250.197746
15310.983010
14824.938115
14579.027640
14630.941678
14727.216939
14273.325267
14447.606117
14809.002818
14762.910113
14507.288153
14718.335159
14309.638811
14165.790320
14218.352357
14087.782532
13891.157331
14312.205041
13822.357479
13717.543221
13738.349609
13711.748170
13909.953488
14675.782102
15165.150269
15906.523407
16856.475548
17445.561363
17512.889912
16835.254744
15979.007483
14857.390353
13838.061997
13653.948205
14315.269661
14460.481548
14713.861337
14572.274153
14534.463922
14766.226360
15661.130349
16882.898399
17208.308547
16830.514583
16457.516885
15683.126001
15014.812635
15695.146261
17262.091315
17521.039161
17521.039161
17128.400094
16914.539689
16686.952422
17534.617246
18333.366111
18343.792550
17749.464128
16834.691327
15306.740918
14610.323473
14883.796259
15312.893132
15368.237536
16466.089173
17488.350317
18552.719817
19046.988362
19670.261602
19191.560264
18853.842961
18328.762559
18568.458498
17826.523724
17640.169370
17419.281188
17580.794136
18128.425487
19785.543667
21670.578349
22709.035578
23589.452987
21867.807675
19733.903928
18077.014004
17665.802887
17623.757231
19716.085064
22222.525939
22942.156160
23246.296830
21838.664695
20994.946285
20364.055598
21239.484251
21946.478578
23917.911201
25190.626290
25145.831830
25370.549247
25605.357383
25889.774415
26038.099370
25680.948784
25624.766416
25312.468463
25240.774640
25636.888159
27220.248124
27643.815470
27925.423485
28252.339595
28015.169097
28107.269174
27732.584704
28061.492365
27696.044203
27707.960079
27652.849132
28075.833266
27348.290578
26059.274126
25004.685245
24457.438842
24250.284707
25211.336342
26923.257586
27697.486679
28506.702445
29246.030532
29276.800890
29092.970250
29593.555866
29665.074366
29246.040342
29078.876649
28999.292284
28980.630672
28623.072553
28386.600836
28212.931579
27896.505704
26893.003626
25627.920648
23947.158057
21636.049756
19205.975888
17151.170454
15424.400013
14164.038286
13614.407940
13344.694119
12882.858881
12482.470305
12618.592618
12794.529599
13384.753357
14827.548228
16298.745651
17140.659122
17546.805920
17334.970022
16029.493458
14903.404114
14070.139940
13418.356637
13138.259793
13430.899406
13581.480824
13934.492805
14183.543866
14380.126044
14695.138642
15137.825454
15400.578597
15514.451002
15197.783933
14748.596967
14139.639957
13887.530361
13650.306268
13695.249409
13462.300606
13472.818795
12799.176885
12468.010309
12073.793473
12313.053717
12071.986759
11754.926650
11287.273074
11287.273074
10937.847276
10545.742780
10419.271437
10556.185850
10382.316391
10174.216758
10214.961400
10521.847479
10535.726290
10531.930743
10679.083053
10342.166916
9704.480262
9287.775542
8948.584968
8662.888705
9271.635651
9427.669061
9666.593538
10032.532246
10320.526439
9966.906872
10107.699015
10072.684309
9825.315025
9461.788594
9404.644000
9354.495381
9180.910037
9313.569953
9358.126742
9174.677553
9269.006890
9544.846980
9162.400620
9264.904623
9340.508096
9089.999564
8470.862523
8789.752554
8454.412197
8139.511926
8159.757648
8531.527424
8576.508007
8684.738360
8976.950288
8934.942619
8785.770412
8671.403622
8530.680903
8489.550289
8988.615942
9111.107541
8996.567343
8542.782687
8383.611040
8017.392190
8239.788547
8262.266984
8560.655213
8877.174630
8935.266717
8684.160978
8684.160978
8831.140330
8626.916121
8655.062937
8513.937807
8338.163240
8425.917250
8646.597216
8590.742931
8729.820355
8935.777241
9011.647559
9179.025893
9355.205431
9710.988398
9766.138747
9892.712807
9670.144097
9499.563445
9307.491939
9229.766485
9293.341742
9779.879016
9895.900058
9813.841592
10047.179776
9997.900961
9554.910748
9319.891959
9189.706316
9181.237084
9328.435087
9487.457116
9618.028049
9806.136557
9844.460150
9813.840426
9734.218569
9780.704579
9715.643572
9488.071904
9138.582480
9169.571538
9368.007107
9445.675030
9490.840982
9371.920981
9459.946455
9417.866792
9444.552361
9182.722238
9591.663167
9511.960158
9167.168074
9167.168074
9595.906159
9451.244416
9272.802426
9405.663200
9419.931190
9509.840922
9916.484176
10165.868014
9766.679572
9609.319457
9509.614641
9456.572437
9507.645901
10174.795513
10358.945890
10413.992099
10281.211281
10140.285764
9921.828070
10062.736783
9872.643486
9684.846178
9625.641047
9695.692089
9272.406865
9511.835067
9685.308150
10041.097907
10265.262219
10745.300645
10557.236012
10485.939323
10114.045477
9885.551135
9609.506897
9428.032350
9476.738216
9842.757044
9822.913021
9994.544125
10264.200224
10051.649866
9849.304429
10009.713429
10342.955248
10134.387368
10526.648336
10275.381109
10100.776260
9671.631327
9806.811703
9559.436123
9782.236222
10026.629342
10224.941325
10477.949046
10764.154931
10905.100714
10634.774522
10215.765494
10040.408291
9929.732523
9780.798543
10005.144564
9990.501993
9876.097805
9811.242019
9772.196498
9457.454711
9757.657515
10011.313927
9710.994315
9800.971971
10009.263506
10315.575042
9868.585147
9833.799481
9786.444846
9181.292105
8404.960194
8527.271444
8799.321872
8621.592807
9250.707703
9816.793337
9875.860342
9785.976068
9934.996956
10081.549212
10265.262646
10377.723286
10553.426203
10788.529907
10638.015036
10433.856095
10466.414787
10546.262979
10096.664753
10000.545022
10162.097486
10427.507410
10901.587872
11226.499376
11300.373610
11210.759735
11325.089977
11038.936036
11269.931280
11554.654434
11699.644141
11515.788771
11374.649903
11442.517916
11305.785017
11097.406654
10927.889213
10893.036293
10911.776401
10925.493756
11274.884528
11375.012390
10974.570096
10529.147499
10633.150941
10717.262600
10651.761073
11136.138735
11426.056109
11069.381997
10728.091723
10973.409112
10951.105291
11112.290384
11859.895473
12448.407957
12689.280739
12918.194916
12977.443848
12626.882058
12416.379546
12301.928977
11905.767646
11636.011484
11643.882347
11449.771190
11136.975427
11028.627048
11002.089303
11072.410319
10837.498834
10939.645242
10935.675859
10690.223713
10435.532209
10278.488473
10037.326597
9936.941585
9857.791469
9859.631526
10139.702517
10286.581898
10893.342449
11101.944654
11099.828490
11093.676517
11616.675031
11426.763173
11567.864035
11719.884924
11597.295352
10983.929037
10698.406955
10553.022577
10438.641210
10414.265119
10344.750703
10455.184755
10774.078013
10940.176292
10891.307280
10958.472702
11071.171775
11099.590998
11083.543918
11224.518169
11424.811422
11575.810268
11459.739797
11421.232398
11266.450687
11184.659928
11163.970203
10967.738813
10797.737860
10531.992106
10129.098129
10080.485050
10450.035508
10458.256556
10734.076590
11011.907583
10697.277278
10170.126481
10109.666795
10314.359299
10073.263445
9958.517769
10066.996125
10233.229222
10043.114700
10286.521978
10742.364406
11081.396955
11115.278232
11401.417810
11726.613091
11542.640426
11372.839986
11517.104780
11410.994823
11241.265802
11339.390558
11473.989459
11315.696842
11187.261678
10927.791650
11032.016101
10897.108950
10973.226977
11136.646957
11410.673452
11163.287891
11353.102851
11501.291355
11779.402049
11832.479069
11918.321264
11626.333907
11341.511159
10855.260434
10818.815616
10951.570431
10916.761446
10796.571212
10857.858549
10835.223968
10769.940286
10894.456408
10824.282037
10958.956182
11069.484882
11284.152941
11465.893456
11718.239045
11638.717385
11571.204895
11156.427750
10970.458036
11026.909179
11405.032604
11561.956484
11578.437568
11627.262764
11671.389043
11416.138453
11338.433779
11487.368291
11763.589884
12072.180383
12051.672854
12090.542046
12108.899683
11544.956306
11210.308275
11600.522571
11682.096951
11947.874052
12352.473112
12620.720107
12471.777966
12457.374132
12385.876910
12559.764704
12407.261992
11988.497819
11643.191885
11514.428626
11091.684954
11007.638817
11154.633497
11432.146900
11265.016002
11131.844173
10963.673516
10971.763793
11345.808859
12009.620188
12375.187513
12495.626740
12947.421746
12565.118953
11788.799360
11768.364809
11606.017620
11115.482227
11217.697864
11963.884913
12449.949192
12690.174406
12743.240167
12586.019524
12198.071659
11917.973913
11887.954118
12000.301647
11977.886205
11871.556982
11996.335323
12304.795298
12413.257305
12676.648841
13056.913740
12772.785017
12472.045662
12633.648163
12413.068110
12055.248216
12259.457288
12762.532580
12637.704395
12917.667758
13493.889874
13640.332575
12906.922897
12774.305600
12555.721150
12128.593741
11807.770950
12316.821732
12592.660171
12715.058451
12477.955256
12494.689499
12079.521058
11656.728075
11607.794201
11959.280060
11896.006777
12210.633174
12326.724883
12085.999060
11957.010515
12210.630919
12256.657105
11995.222223
12213.532811
12140.229000
12054.157417
11747.711580
12107.142065
12064.403769
12374.654688
12401.345983
12826.208814
13184.038363
13402.627985
13465.815500
13980.791880
13716.235611
13074.878278
12604.656186
12279.766330
11832.340506
12077.023275
12657.238035
13206.926184
13108.459796
12873.739495
12965.791331
13072.145065
13088.530780
13304.982926
13656.775575
13423.781803
13237.826932
12923.482656
12992.829449
13184.750793
13048.755615
13048.755615
13307.922909
13371.298614
13044.400225
13166.771337
13009.425503
12617.240503
12290.201014
12390.416526
12450.405490
12662.860106
13059.328864
13392.667512
13118.875697
13308.627827
13574.813916
13605.598504
13621.761194
13729.724128
13888.274266
13747.019311
14188.601707
14442.166398
14415.381271
13936.800198
13496.618496
13299.261948
13519.500126
13805.911799
14080.550056
14540.466078
14807.857930
14231.436649
14206.680198
14112.961729
13632.668784
13111.567520
13326.443645
13556.772590
14384.661646
15062.830010
15465.452319
15906.562606
16487.120115
15897.409875
15678.939405
15393.083620
15354.035030
14578.027108
14235.987426
13773.448357
13765.433208
14116.312753
15024.013264
16425.176309
18012.001815
19237.958972
19961.270813
20116.997021
20144.951517
20053.391775
20040.776839
20060.719338
20255.128441
19204.962088
18379.754029
17938.271287
17513.088483
16918.469510
17982.993322
18963.466294
19539.667831
19463.961503
20287.860569
20011.201085
19898.419589
20152.039337
20229.538774
20329.541440
20594.014141
21210.030835
21452.252714
21869.123704
21973.605230
22901.681086
23079.611774
22748.184728
23561.573993
23851.708996
23849.414036
21990.020364
20882.685562
19609.349812
18892.649008
18509.955794
19868.244900
20018.056706
20013.808564
20075.402259
19967.162491
20504.471340
21295.496155
21440.064495
21769.134565
22197.853508
22126.511498
22866.587383
23443.715439
24157.015909
24187.008877
24512.155866
23950.311844
22238.147184
20272.785428
19560.680071
18364.157583
18510.341167
20172.107100
21426.458483
22057.754931
23192.388167
23594.166849
23960.475876
22227.720601
20011.190093
18441.964453
16672.142107
15429.999278
16848.499819
18481.338805
19368.558388
20784.519283
22026.576115
23012.784358
23933.347676
24550.477137
25287.775312
25516.817879
25518.678532
25847.257374
26470.698760
26693.194617
26976.835246
27185.558767
27115.780148
26257.192152
24669.509714
22734.770688
20466.861678
17851.790405
15763.253988
14298.365281
13503.404053
12937.597436
12875.491716
12307.612865
12317.787349
12185.041170
12401.415157
13064.893989
14351.518025
15251.297508
16031.692769
16497.448618
16038.538829
15102.541321
14101.531203
13635.836718
13400.813285
13560.974418
14228.849093
14924.203457
15267.321624
15537.181236
15642.841618
15722.096868
15881.893371
15448.661861
14839.463173
14169.250911
13584.410980
13083.924132
12940.888928
12922.586580
12827.889506
12587.230797
11998.371122
11538.869303
11340.862707
11581.269882
11591.191772
11726.567758
11916.375760
11593.477325
11028.306641
11095.559883
10920.048964
10891.549461
10942.503222
10870.334165
10680.429255
10365.539897
10096.116715
10210.562208
9843.543245
9487.922707
9702.538668
9561.674417
8911.995947
9007.968601
8936.648082
8818.278938
8789.827386
9175.892647
8961.140185
8887.819376
8742.695407
8710.016742
8765.361138
8786.911998
8825.741617
9232.960673
9340.898342
9203.972112
9576.674356
9562.291044
9249.988738
9145.291754
8898.381382
8623.753317
8620.047861
8723.636600
8732.095219
8850.598125
9024.821060
9053.534302
8867.371111
8710.143047
8582.001743
8453.313453
8606.776172
8488.405209
8561.580108
8635.203662
8893.500200
8781.339172
8774.987998
8517.743439
8323.766194
8145.671608
8247.683716
8312.978933
8380.402492
8733.838181
8836.020649
8664.770653
8790.869174
9077.079328
8829.880066
8831.771352
8962.522756
8736.166916
8442.036398
8438.499964
7931.337323
7502.154432
7332.582115
7551.456653
7571.916599
7407.333976
7162.118792
7344.230636
6894.455810
6818.856323
7169.680277
7337.089374
7083.729388
7326.873740
7398.574680
7464.640998
7724.158321
8024.207452
8183.516568
8101.989990
8228.400219
8265.232953
8238.627904
8009.635793
8217.928543
8320.123561
8297.640804
8616.498918
9102.746377
9155.730799
9178.067553
9270.154826
8884.002575
8454.661092
8389.343704
8503.498268
8777.140367
8993.996812
9243.743292
9251.151726
9238.823436
9353.837172
9727.745875
9423.312707
9241.122100
9057.020117
8750.334268
8446.014285
8513.619294
8309.035477
8265.267683
8508.415117
8696.188020
8639.231746
8851.271965
9098.059003
8709.929744
8540.359115
8971.296629
9040.758561
8878.826640
8876.310383
8684.389273
8627.177408
8692.346065
8902.785744
9258.664564
9568.864852
9666.962874
9560.763940
9536.801065
9250.730263
8995.574505
8696.939498
8915.862453
8723.234350
8735.538278
8837.562324
8880.315260
8835.750078
9078.034995
8941.372832
8912.543707
9125.424359
9167.704337
9075.777685
9363.836393
9657.892217
9883.175304
9750.084564
9615.784744
9626.110383
9644.689669
9282.791395
9548.250134
9620.918431
9890.171767
9693.802674
9653.518156
9728.674905
9933.316771
9628.994319
9559.317085
9771.952092
9851.515626
9939.770440
10082.566198
10160.389229
10346.222795
10291.091234
9950.666756
10150.751886
10314.242825
10183.326632
10167.092351
10427.533895
10133.389524
10066.067726
10096.551416
9818.589465
9808.336740
9985.966985
9971.980733
9992.610118
10264.344048
10274.411081
9920.827000
9732.968842
9465.023885
9536.751061
9228.162485
9499.647076
9559.095662
9628.762676
9424.528486
9580.581973
9750.123728
9903.499548
10412.243341
10831.123669
10969.246434
10822.176736
10918.176098
10640.391401
10450.134402
10717.034305
10908.717904
10947.784423
11045.502067
10998.738547
10626.179981
10481.338583
10399.206170
10482.938870
10478.818353
10807.712878
10897.437897
11220.387860
11383.913665
11304.114359
11055.138024
11061.741593
10610.096003
10134.145958
10191.058922
10169.305070
10199.696799
10512.231162
10737.230255
10867.923740
11254.683929
11495.903016
11832.827888
11806.421480
11916.770148
11838.488501
11779.325095
11415.766436
11834.528392
11940.673393
12008.626269
11743.406411
11737.329788
11299.770595
11128.166603
11266.746076
11701.854683
11578.998943
11376.957184
11464.720085
11110.219611
10644.212260
10433.764864
10481.058874
10200.786469
10032.480208
9890.925622
10383.755869
10316.198976
10246.939775
10531.642413
10805.431940
10954.406037
11459.423485
12070.050954
11859.791212
11771.889564
11510.361532
11424.542456
11121.920445
11174.197714
11274.408250
11478.908076
11429.524816
11356.039629
11253.928545
11184.577570
10998.406864
10749.322594
10618.535556
10722.704141
10593.671337
10346.478674
10518.196275
10651.151274
10692.912112
11020.218582
11285.698697
11467.418024
11473.567767
11277.225088
11064.706475
11228.285370
11019.968624
10727.625101
10869.938293
10929.042715
10297.580031
10399.810673
11213.230287
11081.052393
11129.999874
11608.129431
11720.362398
10992.986940
11299.620525
11604.259639
11406.173870
11189.192610
11438.386590
11440.561292
11044.200037
10976.883966
10619.195104
10276.024613
10099.739554
10303.815672
10179.316739
10281.430962
10524.271705
10618.871841
10565.789969
10911.147140
11052.273239
10980.402638
10886.189321
10733.369294
10367.182491
10399.811201
10569.413773
10319.223316
10349.818465
10831.847139
11033.940177
11050.498489
11269.108412
11291.343262
11142.304318
10927.839125
10866.396309
11058.898471
11285.667494
11345.072385
11504.341096
11675.903687
11659.865794
11345.369343
11320.478738
11396.213674
11138.799413
10914.359717
10953.212858
10942.968454
10953.214571
11298.872587
11901.821930
12105.877102
12187.510704
12371.718626
12314.385397
12067.812811
12092.541932
12021.026460
12090.570764
11965.930985
11953.799673
12100.819516
12039.594000
12021.266069
12166.156734
11923.391389
11529.317982
11511.212300
11259.659929
10967.527156
11043.660456
11656.420929
12324.158793
12791.950487
13265.338332
13225.339859
12851.416187
12446.685389
12366.883011
12111.529304
12442.558621
12520.134583
12636.553077
12205.536783
12215.820988
12115.473002
12074.485178
11931.629910
11796.529815
11817.073004
11897.211026
11692.806676
11548.029190
11742.097077
12101.636672
11865.369404
11769.018811
11568.848960
11816.354594
11636.586529
11664.440413
12156.785648
11984.908969
11608.950355
11274.254181
11199.803194
10858.645839
11346.919515
11600.486046
11763.981101
11821.786959
12075.410100
12275.425025
12065.168998
12304.167512
12216.093225
12054.558929
11748.046297
11711.357204
11486.732471
11640.864955
11677.729121
11773.509983
11871.676219
11818.634820
11878.684355
11713.406577
11680.554954
11690.895306
11641.667743
11898.046482
12092.441396
12241.518222
12500.967494
12966.719618
12724.484207
12761.292575
12738.665600
12295.397823
11531.262467
11443.147598
11712.708901
11810.828627
12251.905405
12715.928252
12864.351999
12555.835524
12604.677069
12443.346908
12506.729950
12338.218407
12293.336979
12371.131024
12409.632869
12221.937810
12193.641491
12434.698760
12181.498700
12152.746171
12506.562688
12773.011561
12746.622286
12866.643855
13202.111720
13052.913822
13106.731345
13111.089779
13019.034901
12628.949163
12166.907343
12105.024144
12131.454356
12241.869705
12677.027330
12942.637498
12932.833230
12936.553474
12673.162481
12336.155819
12383.105167
12224.714205
12051.227503
12161.509832
12308.572582
12473.986306
12403.888462
12444.731115
12477.213899
12315.945735
11982.903849
12267.630008
12179.677443
11991.743379
12073.393410
12506.675852
12562.459320
12403.438804
12376.687457
12350.467695
12337.838149
12295.974411
12804.376795
13164.425468
13425.587440
13523.887218
13930.572928
13756.685919
13754.847910
13716.142316
13244.092028
13159.834576
13423.387295
13382.961298
13200.763683
13611.541861
13369.599958
13317.575546
13458.769055
13555.262929
13166.656166
12888.181997
12914.568401
13135.411362
13039.855245
13462.314319
13408.234428
13316.365799
13042.369229
13217.965611
12799.256851
12958.055014
12720.231724
12542.596172
12853.377267
13772.961474
14783.333728
15720.818939
15996.392902
15522.107076
15149.014024
14191.186591
13506.723414
13128.058417
12978.970917
12590.705223
12662.787886
12597.471771
12961.299512
13486.161511
13855.907441
14144.766104
14226.417653
14365.615866
13887.547904
13166.133580
12679.229130
12856.775370
12493.239706
12658.613291
13149.077943
13417.949092
13721.968310
14678.266277
15459.089055
16222.721373
16896.141841
17351.881525
17525.557398
16769.634703
15678.784520
15051.537198
14828.239033
14611.697858
14736.500572
15083.844710
15102.440613
14582.810503
14290.999861
15193.980061
16399.833344
17663.948442
18701.904510
19498.365352
19155.566101
18168.318042
17322.539225
17145.148599
16651.002938
15792.664010
15715.373191
15716.546937
15494.604174
15945.867028
17488.435368
19112.843897
19926.432806
20968.015777
20083.430533
18144.534029
16684.335033
15797.711991
14937.524287
14970.447848
15824.707591
16480.205344
16809.604392
15264.052928
14036.502319
13537.789680
13339.655964
13782.535615
15743.982066
18196.150415
19759.162329
19426.324736
19073.404051
18852.906650
17669.883971
16151.844469
16143.409446
16658.481665
16335.498638
15769.257001
16153.096576
15711.831223
13640.069614
12248.752740
12491.966761
11833.982213
11717.492144
12998.030365
15028.658166
16369.418441
17223.690996
17109.187246
16089.093462
14078.206684
12482.578165
12866.588666
14356.346769
16253.936553
18278.530242
20054.103066
21143.324646
21829.688428
21410.973402
20851.183284
20538.642606
19819.384096
17181.886247
15708.936601
15083.651900
14425.944685
14525.656301
17067.243980
19233.863880
19687.884823
20141.050812
20417.482081
20155.142472
20104.966583
21059.730085
21688.586196
21822.048597
20554.923612
19209.961625
17698.211610
16110.455971
15037.963388
15512.415807
15195.140799
14604.079372
14402.341228
13450.191429
12537.051236
12320.159958
12232.695052
11656.581213
11554.562094
11227.596974
10978.796164
10913.639760
11250.977959
11307.885344
11867.680946
12711.362103
13855.652147
15004.262767
15896.808553
16487.289002
16810.057450
16855.289373
16031.796405
15472.854794
14982.219459
14599.255220
13833.396271
13798.467806
14082.364532
13835.275986
13605.445948
14011.337009
14314.123280
14450.485180
15016.982215
15482.023951
15571.647915
15563.649977
15175.343652
14423.259564
13455.175889
12668.848732
12039.450799
11925.048958
11767.820668
11671.432901
11414.065712
11050.263150
10723.511028
10687.031787
10726.757605
10593.761449
10542.789290
10412.195856
10446.896215
10481.270147
10824.147507
11265.829331
11204.184247
11298.615788
11430.426858
11285.467043
10845.991429
10886.913892
10560.074888
10225.466055
9626.607053
9305.759865
9121.903655
9203.732370
8880.716870
8893.287033
9003.655093
8689.174376
8480.592311
8526.723152
8653.508333
8541.182153
8571.470281
8496.727203
8313.444247
8170.982440
8471.072666
8424.146772
8427.818174
8312.363650
8479.573491
7984.509740
7944.235572
8085.417386
8265.625058
8090.006073
8369.738922
8338.794620
7787.167655
7744.683839
7639.236291
7449.305480
7781.230764
8147.283007
8053.473445
8278.590126
8307.507795
8008.855770
7837.683133
7913.090864
7649.729170
7776.275468
7968.215078
7792.617741
7631.953113
7948.650653
7875.343242
7776.914577
7902.110917
7964.591927
7780.552334
7931.561847
7772.361562
7737.254261
7959.740170
7886.349982
7807.108103
8180.759871
8482.566009
8262.368508
8376.947945
8011.161853
7737.231889
7606.626865
7947.587879
8206.860578
8407.057931
8645.964589
8497.073200
8016.336752
7609.240695
7681.113411
7829.723617
7913.350036
7975.398941
8192.380233
8267.813777
7772.117490
7664.944666
7733.443812
7856.542853
7833.165020
8139.716841
8377.110416
8699.760555
8517.784341
8621.981007
8665.191981
8615.747183
8509.679967
8674.962092
8811.908713
8892.098966
8900.330857
8731.655361
8353.555426
8177.972405
8035.024274
7999.985074
8036.294517
8336.757493
8179.336298
7942.683683
7936.536855
8254.561602
8338.419689
8334.181761
8448.878971
8655.267712
8578.944455
8391.225171
8568.988367
8910.088136
9030.870518
8631.632033
8629.245400
8592.769330
8741.666347
8841.305062
9049.431469
8908.512340
9002.513744
8873.894318
8722.946564
8876.928507
9292.146568
9685.767941
9413.902342
9275.790835
9429.758531
9486.758548
9352.060862
9357.956215
9282.619102
9300.516586
9055.723768
8810.533188
8943.316541
9043.377883
8872.807405
8991.055476
9003.563132
8817.985955
8883.550973
8863.221936
9055.422307
9582.094365
9966.357251
9911.546807
10075.370927
9920.292541
9566.749659
9507.588857
9613.838192
9565.746015
9563.499749
9621.194022
9538.821602
9665.699016
9577.647825
9583.666179
9351.030693
9336.702126
9225.947934
9322.655489
9301.978434
9673.683574
9581.717381
9577.824010
9870.453491
10213.836072
10048.164001
10174.715751
10199.245909
10187.480358
10214.013277
10032.127552
9925.713686
9870.604952
9834.402420
9611.902748
9905.999539
9940.729651
10004.060453
9533.089226
9500.042122
9296.349247
9582.056281
9817.221542
10262.053431
9922.839419
9777.301125
9616.425351
9524.195999
9131.467151
9518.018169
9656.625206
9499.451593
9388.714693
10078.576171
10270.497350
10339.974995
10577.147677
10470.812780
10064.286577
9863.717737
9886.065314
9890.204309
10070.161885
9913.559723
10142.526275
10379.882024
10451.051887
10481.969395
10202.970031
9618.823172
9355.197148
9124.865300
9228.614358
9940.063518
10295.562121
10344.522087
10352.669331
9748.003516
9439.508956
9362.065258
9514.737286
9872.482743
10409.967730
10830.967478
10908.406521
10816.267841
10775.491177
10552.839447
10246.328506
10620.010655
10969.566713
10993.972211
10967.510803
10859.149247
10703.972723
10391.405935
10630.699614
11153.600599
11353.835379
11194.161487
11304.936448
10849.490557
10456.999284
10663.330055
11098.532691
10969.832466
11012.822438
11163.938972
10849.572823
10218.135490
10281.330478
10111.986676
9952.465761
10022.574389
9951.285316
9376.954592
9213.313492
9282.863837
9354.935553
9890.203921
10184.329314
10623.640074
10607.417592
10437.225742
10116.682931
10363.811980
10200.029499
10163.268938
10416.153986
10959.345366
10839.133434
10882.085671
11048.035275
11142.082218
10739.338153
10602.922545
10625.027487
10688.571947
10610.252917
10606.300001
11243.765433
11402.753568
11341.648242
11269.727050
11310.526065
10936.539850
10889.529515
10912.357458
10946.081810
11013.739298
10884.939403
10946.081810
10837.956873
10354.974465
10081.246160
10199.518463
9932.211375
10087.201418
10484.110490
10447.221797
10590.242283
10921.293098
10616.968354
10462.435736
10699.578206
10370.340132
10086.710643
10100.748535
10059.009500
9946.349084
10175.115746
10255.042760
10234.542745
10438.741979
10677.961407
11055.722862
11258.430242
11409.701054
11064.711164
10676.572019
9612.104599
9149.869787
8999.091639
9251.344589
9277.979566
9645.742041
9590.939836
9617.435615
9445.094663
9498.307631
9610.181545
9890.235873
10315.304384
10606.086530
10695.836899
10908.374636
10669.105983
10127.774197
10268.104343
10310.883116
10316.851240
10717.689323
10805.552134
10539.175869
10775.821679
10875.777837
11063.993146
11236.014649
11366.140046
11325.095948
11374.167178
10940.827592
10816.160196
10796.470154
10837.275444
10978.097126
11308.844329
11691.199386
11581.086393
11341.767770
10894.489272
10990.489902
10712.213223
10851.046644
10897.802174
11351.522017
11324.971871
11396.314086
11320.063079
11393.866106
11377.432001
10964.645926
11076.883024
10992.928238
10931.672960
10578.179192
10635.540296
10717.301013
11015.760049
11134.355196
11193.500683
11156.572429
10680.664049
10454.170448
10417.558470
10384.819700
10441.946459
10870.995252
10604.735312
10445.168102
10596.400889
10841.582038
10978.318014
11088.599297
11059.926712
11193.021689
11031.678628
10665.908549
10978.223206
11199.094707
11325.525702
11252.012124
11393.177947
11345.151924
11269.493721
11048.788739
11351.251580
11369.558950
11561.849568
11995.291749
11991.239945
11864.430566
12031.766167
12240.136325
11998.818478
11882.677189
11878.486989
11850.095882
11563.540374
11506.091734
11596.144915
11647.181523
11902.531060
12040.789591
12261.587796
12396.492438
12531.142345
12353.430222
12040.729193
11650.263211
11717.603335
11619.315028
11363.782571
11299.619033
11336.602984
11138.151957
10974.793814
10866.425188
11133.024458
11596.836065
11621.234851
11647.821005
12052.408424
12218.826177
12063.622770
12218.826177
12543.571120
12539.434933
12168.994896
12113.698588
12011.813842
11954.353591
11946.301277
12218.739052
12028.489409
11717.984275
11818.040590
11707.780574
11595.741578
11702.032493
12232.962617
12394.696454
12355.546243
12311.839221
12195.124114
12117.293561
11553.796454
11435.170531
11613.408608
11572.453908
11278.505602
11556.140674
11768.714504
11475.916764
11670.394344
12105.440349
12064.674647
12319.752032
12584.384823
12799.115950
12343.219347
12400.496058
12431.201922
12605.540703
12519.848080
12677.149116
12650.524412
12021.342608
11820.968849
11841.343220
11724.938573
11498.093771
11827.205728
11842.857224
11965.810245
12090.411327
12131.123738
12035.124702
11977.279209
11860.496557
12036.518465
12268.949773
12661.532788
12527.179123
12042.858904
11801.950884
11828.308633
11687.292512
11859.899137
12027.444094
12166.154937
12227.485022
12517.760619
12657.947859
13076.433134
13148.669279
13062.683214
12412.994801
12490.958429
12272.290975
12023.155998
11712.463402
11743.319501
11739.160531
12067.902863
12476.640000
12993.739827
13149.018788
12826.220330
12497.141306
12323.857041
12231.913738
12378.911251
12557.159982
12653.302131
12894.043395
13292.649784
13241.715446
13682.504710
13852.082281
13921.601167
13312.765683
13132.817955
13078.813686
12958.433856
12811.021051
12825.336330
13129.805280
12811.079897
13062.718573
13704.076416
14367.992877
14586.444579
15306.346017
16060.132687
15950.166799
15945.880385
15595.790690
14630.599818
13529.034255
13249.087373
12785.486923
13075.582699
13328.008053
13446.617926
13352.591493
13217.670923
12858.313604
12689.700473
12699.939708
12954.942290
13245.663678
13515.338403
13745.649627
13731.470264
13253.335222
13098.356225
13283.874404
13596.298082
14595.495746
15384.209267
15486.942237
15154.047689
15081.852501
14351.453518
13722.549075
13894.573115
14323.796621
14509.680750
15169.506231
15933.872179
16616.767595
17438.402102
18416.072157
18580.134330
18726.528340
18701.919179
18849.758214
18841.143751
19513.141387
20114.417088
20220.401526
20467.408834
20206.908897
20125.756942
20162.609114
20619.501393
20485.007169
21242.131023
21385.709712
21542.650913
22125.871646
22462.302927
22624.513729
22861.474393
23329.732828
23343.863824
23555.988316
23087.604929
22501.007840
21440.245575
20665.918061
20404.574533
20666.734760
21202.140454
22408.040580
22898.270868
22978.029417
22887.850335
23047.592128
21602.311314
21251.088169
21273.735040
21101.545295
21309.740684
22458.101579
23547.167139
24115.726144
24388.206647
22057.980250
19728.578085
17534.554133
16255.625602
15750.347591
17017.688637
19555.562729
21572.170464
22117.531220
22967.375611
22431.690049
22009.072370
21542.658495
22352.044517
22740.754724
24289.398503
24514.218009
24677.766053
24220.031626
23359.917077
23337.341332
23476.512730
23852.393662
24236.901981
24788.005961
24792.093267
25178.281341
25282.084798
25738.110371
26283.180261
27000.366405
27464.162671
27705.341634
27509.183879
27659.894144
27277.330306
26752.219327
26210.341567
25041.829463
22995.588806
20633.766495
18394.667509
16134.778235
14502.181029
13426.060848
13060.186086
12733.423362
12267.776827
12181.813411
12077.571633
12159.473501
12823.410908
14183.890496
15175.332273
15933.000623
15889.198444
14923.815256
14243.713510
13358.221083
12626.917289
12512.384807
13180.436386
12904.687928
12739.000102
12879.517604
12662.717313
11827.324392
11647.340870
11841.479654
11881.725658
11828.308633
11828.308633
11808.022557
11548.507719
11009.164667
11087.360424
11201.462981
11279.285487
11130.028680
11103.925509
10938.599181
10967.169708
10885.305163
10858.671175
11337.936772
11466.404450
11239.861778
11106.905692
11266.475961
10799.068757
10408.964089
10300.960575
9884.012545
9428.299484
9129.737362
9217.812421
9045.719528
8737.189091
8731.382425
8837.336683
9260.495079
9096.745559
9511.840046
9309.657027
9141.375553
8432.303255
8419.604430
8301.555795
8710.017093
8818.343780
8673.394572
8370.783992
8565.342894
8117.916389
8134.247264
8356.567394
8561.046868
8508.150780
8448.730848
8262.297240
8407.334613
8665.080743
8252.306963
8576.819249
8594.702711
8274.359523
8145.728387
8100.906156
7808.441019
7814.107522
7773.270967
7849.358804
8390.866232
8455.702161
8139.233618
8443.518255
8750.060386
8676.878310
8629.428512
8824.006619
8810.152473
8397.070839
8082.258126
7875.566264
8044.534560
7780.659121
7541.730267
7664.365328
7920.005815
8013.313068
8204.030577
8491.885359
8289.786397
8224.326905
7998.066812
8173.872767
8057.152507
8146.719841
8324.790638
8789.933684
8509.734098
8552.744291
8630.085047
8622.061249
8479.893308
8594.232566
8925.319203
9258.597530
9190.769210
8896.298869
8784.115543
8645.138410
8508.342405
8510.030902
8455.838454
8942.733770
9132.271969
8911.747836
9011.971278
9088.013129
8734.522357
8182.561693
8381.045083
8258.248133
8324.618626
8502.331111
8880.149424
8710.310800
9086.577737
9006.614802
8742.890656
8540.788867
8842.897465
8679.330874
9148.692486
9351.000937
9153.095669
8841.971954
8733.816544
8399.303477
8489.179269
8999.813440
9279.929645
9202.237393
9133.881932
9085.129025
9246.090878
9534.456655
10078.031496
10320.347566
10267.473203
10024.003404
9750.312825
9398.667607
9176.628471
9276.545714
9536.352458
9719.592154
9879.455825
10257.731826
10002.680502
9745.011702
9555.359096
9565.531232
9086.375313
9341.480913
9458.115556
9284.688285
9466.510284
10193.807317
10453.495656
10416.896618
10624.946040
10527.047778
10552.998364
10136.163390
10099.582455
10003.371175
9911.777802
9306.000031
9475.972608
9486.085350
9751.800096
10066.438736
10447.103000
10281.526084
10285.786419
10022.279017
9822.075529
9613.507689
9679.037877
9846.584625
10065.317461
9979.451273
9928.921534
10053.493293
9727.154392
9344.591502
9385.891960
9700.332902
9595.678394
9757.331793
9892.034890
9849.342074
9514.555864
9289.679526
9237.116585
9621.284249
9671.872338
9860.225341
10297.043891
10393.251086
10000.562320
9523.927726
9269.807651
9398.108522
9608.533342
9584.175239
9884.536069
10092.915221
9463.671450
8993.821441
9293.887171
9155.052844
9105.121525
9391.178782
9519.840379
9615.790205
10002.032024
10138.379251
10393.662627
10755.812961
10555.241654
10332.358794
10116.353490
9745.964723
9576.479783
9513.489930
9238.896961
9461.930876
9527.127853
9799.164522
10277.154365
10638.613219
10816.869903
11166.376323
10557.302582
9920.177844
10028.372218
9745.656648
9459.823095
9598.746560
9837.989615
9793.263289
9754.720075
9783.575327
10079.739248
10065.606768
10232.820656
10539.593468
11085.063682
11087.353762
11223.901243
11277.056863
11188.892639
10919.221995
10898.632699
10845.672337
10825.241288
10721.022590
10567.840673
10504.207352
10759.746091
10861.902424
10922.108993
11059.039799
11054.607819
10918.016009
10848.697557
10631.927019
10577.083648
10172.592303
9737.213007
9600.771038
9788.237040
9682.240539
10053.961734
10377.230149
10305.491063
10281.508037
10206.407378
10230.347065
10158.808685
9842.253997
9802.059978
10012.690259
10141.336368
10408.999019
11014.046999
10901.663749
10958.659853
11044.524107
10987.650377
11120.325995
11563.205302
11879.836955
12361.952585
12903.549412
12717.561033
12701.227903
12536.154234
12458.307297
11978.158357
11783.826252
11714.109898
11254.286798
10718.894815
10334.890382
10369.654355
10543.692051
10713.538092
10789.045162
10923.741345
10715.870768
10420.736670
10590.479553
10756.269813
11052.527927
11015.602021
10656.711012
10397.386519
10202.914167
10037.595360
10342.500729
10825.064904
10996.683028
11174.469769
11270.350083
11315.285366
11058.980701
11134.724097
11144.623500
11212.248495
10989.278891
10929.265301
10808.748355
10498.123991
10308.313058
10765.898971
11054.223844
10878.899710
11064.620831
11465.164967
11287.397133
11088.913393
11434.478432
11334.041304
11225.971132
11330.210425
11632.519509
11730.609194
11984.103109
11497.895361
11083.108317
10964.717470
10897.405721
10952.676464
11424.632604
11551.158884
11581.396400
11601.735278
11628.313449
11330.313361
11379.206055
11270.830782
11123.968297
10921.731584
11118.049140
11232.468073
11498.736049
11760.275039
11586.594830
11351.682179
11161.746130
11117.790330
11117.790330
11520.323489
11595.807727
12014.493812
12142.741565
11846.486024
11395.060045
11677.124079
11521.652386
11447.549517
11704.922665
12033.958232
11831.810092
11703.018075
11602.786130
11508.684638
11643.720721
11755.759785
11860.254462
11846.168118
12083.041455
12179.350191
12432.583360
12236.636046
12390.637170
12298.655090
12110.825548
11964.020619
12630.191931
12872.438196
13082.971576
12882.378359
12713.049299
12353.263087
11874.372812
11279.741884
11384.136482
11443.311823
11326.533855
11328.752375
11142.812432
10848.747768
10682.918442
10521.920108
10734.144420
11285.787074
11459.690988
11729.198199
11949.681887
11801.669182
11644.299473
11733.948961
11784.885922
11977.494867
12203.933434
12407.717896
12585.595741
12632.793050
12563.067532
12459.065799
12546.726879
12530.596806
12532.446865
12583.812579
12739.767481
12378.568306
12335.727290
12380.464204
12302.602882
12260.674775
12287.293300
12207.660415
12033.921534
11986.930123
11664.382527
11517.153477
11566.220651
11649.917942
11271.719329
11325.901913
11528.108508
11705.910014
11448.864164
11459.179086
11645.358206
11964.324092
12072.433987
12180.562339
12485.020062
12346.921880
11966.613086
11555.974716
11831.988261
12087.210978
12305.483385
12551.043412
12475.478248
12391.213765
12205.650021
12159.579334
12324.807544
12561.928711
12467.888960
12294.246237
12211.952094
11916.048386
11991.653858
12075.343141
12398.020622
12706.655207
12739.199102
12851.764232
12584.096079
12383.857432
12365.848714
12498.888927
12300.570837
12382.432283
12294.246237
11997.625837
12289.881028
12371.741935
12574.024746
12525.130194
12086.217030
11824.439187
11816.546468
11450.507330
11738.766657
12346.006708
12037.628657
11935.259099
11998.295950
11473.429854
11396.915196
11703.783437
11812.119580
12077.587049
12560.064853
12359.648721
12234.602684
12018.199250
11922.098361
12304.327605
12504.872366
12521.441046
12850.845377
13034.655039
12818.483246
12960.911359
13371.288032
13304.046968
13177.438311
13079.208177
13037.146439
12822.807417
12679.738869
12526.701338
12575.496894
12571.195247
12589.831918
12614.389119
12775.828882
12763.377713
12719.322264
12333.000399
12556.171061
12560.226526
12425.259886
12302.752239
12560.534638
12225.383136
12151.728268
12254.000087
12845.169039
13584.629327
14315.867184
14267.041989
14260.949352
13866.186348
13243.173325
12730.665358
12889.680426
12814.311066
12725.479456
12599.196303
12780.851471
12582.978982
12866.588666
13025.381045
12974.240686
12837.146939
13646.537371
14128.227166
14673.413625
15544.150744
16479.997767
16299.728079
15707.806103
15146.042945
14285.850100
13575.221609
13654.673973
14329.141738
15108.866268
15810.004597
16593.615177
17396.892533
17913.764572
18030.343360
18592.075165
18295.665760
17735.708098
16522.250283
15600.678470
14603.282588
14078.070060
13982.455079
14648.280383
15834.283681
16948.560910
17505.974871
16708.864937
15894.145796
14953.819975
14008.275243
13905.880021
15251.918283
16850.558885
18068.630488
19506.947001
20743.314832
21552.054062
21698.952504
20803.633676
18963.062859
17179.083921
15472.994815
14408.870634
14773.218599
16203.344187
17533.924553
18718.488150
19911.703738
19411.037481
18523.986129
17949.829150
17841.225418
17406.145328
18653.292203
19935.883428
20927.132117
21576.629724
22150.037931
21497.103957
20905.016226
19590.818131
17964.464106
16747.736569
16734.814902
17020.955681
17934.327070
18408.740667
17936.261491
17461.629087
17216.281025
17383.497086
18019.193291
19539.646102
20706.018607
21054.735056
21645.330574
21755.293306
20131.213330
19181.387471
19074.928315
18162.139709
18372.607261
19915.542341
21280.228313
22146.693454
23147.784046
23520.960479
23784.904599
23678.929592
23566.022431
23421.397880
23525.458931
23741.835331
23996.618032
24332.028824
24416.969196
24209.108244
24237.174680
24133.602077
24090.549405
24119.323334
25020.249066
25467.586485
26076.737854
26312.036518
26818.560134
26616.564996
26842.603505
26562.428485
26355.871268
26148.994998
25775.227159
24698.831293
23263.051934
21399.963538
19286.847327
16927.651030
14988.427360
13501.084013
12667.654474
11699.283650
11180.079122
11039.132088
11123.328329
11476.792853
12839.704226
14128.733410
15234.633029
16452.637873
16851.095479
16234.227395
15445.994354
14783.649521
13889.701438
13262.381367
12853.805651
12489.878381
12128.526952
11889.889978
11593.738166
11459.124762
11438.257215
11446.522086
11314.460584
11216.158775
10940.343605
10664.570105
10407.173744
10481.585688
10793.724511
10689.640141
10683.480589
10728.358943
10640.425973
9863.829047
9968.219325
10284.992738
10254.362915
10017.811002
10657.105653
10632.508640
10032.130545
9854.033085
9982.557168
9661.650577
9418.680514
9622.528062
9651.730033
9372.827060
9068.477173
9281.270652
9350.775840
9085.106126
9118.922115
9439.749526
9286.411019
9084.661597
9341.325507
9492.005251
9130.295785
9312.146482
9692.483783
9318.131596
8801.370849
8897.125539
8964.882824
8415.119388
8515.115618
8611.292353
8701.037699
8376.579108
8533.904983
8435.811987
8696.183201
8401.818839
8191.306963
8207.716526
8024.136886
8019.897170
8420.021918
8477.906068
8095.908022
8070.950136
7708.050114
7417.677492
7718.805923
7749.336708
7883.730497
8060.318520
8007.381243
7751.420830
8048.106126
8044.427196
7803.186209
7785.238789
7907.812046
7987.399661
8218.191255
8434.839377
8504.257698
8555.253300
8361.171059
8081.064385
8133.772344
8346.301230
8554.152132
8701.133598
8987.373927
8650.838354
8499.541715
8262.435338
8313.403274
8139.686349
7979.754226
7728.217846
7760.778996
7563.372192
7585.582780
7995.858361
8304.335345
8116.922808
8243.378532
8274.274053
8500.407895
8880.264580
8917.119561
8847.974769
8929.218917
8879.661773
8546.329564
8644.625971
8873.239850
9125.009726
9313.013515
9272.134724
9384.762531
9278.141705
9047.481094
9045.269965
9055.821766
9020.918719
9258.220281
9351.852132
9183.534738
9205.963727
9161.085690
9085.502412
9071.271085
9215.388269
9260.559458
9514.035428
9585.406955
9379.168146
9373.050560
9510.005903
9581.450064
9505.779160
9904.347678
9834.258064
9752.459057
9468.551702
9554.649104
9529.940319
9722.598740
9736.749738
9922.451022
9795.803187
9989.891035
9893.903588
9756.920266
9813.761040
9697.672631
9409.484379
9393.381783
9801.946174
9979.941720
9981.841917
9719.948989
9602.022659
9542.953089
9281.491305
9473.629844
9885.923761
9809.641401
9440.018106
9454.661304
9395.505442
9160.417950
9256.387337
9585.322571
9969.607066
10100.233820
10507.068863
10364.639350
10074.453855
9763.761862
9475.906793
9010.043350
9386.806473
9591.150941
9793.493149
9912.041226
10165.228680
10147.086578
10228.932600
9954.930652
10298.127531
10083.411533
10019.710592
10113.431685
10303.565447
10095.507491
10217.996929
10378.063320
10429.128568
10226.973484
10065.740882
10206.710555
9823.691118
9529.708646
9670.430897
10036.321224
10219.595264
10316.093414
10265.136330
10309.969190
10150.821786
10048.571242
10503.522084
10924.299947
10875.250318
10902.012164
10779.007943
10631.104456
10632.931609
10827.146430
10763.763806
10864.088714
10505.225471
9953.548971
9634.897290
9669.931573
9561.284449
9419.178528
9601.259371
9224.994006
8996.154909
8691.882815
8956.052940
8790.624360
9172.690434
9362.830483
9838.909724
10087.277932
10355.061806
10352.815861
10289.629742
10052.551858
9611.837533
9486.910082
9601.675562
9550.635286
9448.099696
9646.504687
9660.960790
9632.394704
9773.050751
9838.804058
10261.585023
10643.739709
10723.419015
10907.512438
10983.003184
10702.591923
10489.998889
10551.083942
10338.738404
10201.940488
10201.940488
10040.549952
9862.611971
10228.442823
10512.112166
10612.642590
10924.984987
11204.985377
11080.507920
10983.948615
10501.384175
10198.927558
9980.351508
9951.960515
10151.705090
10412.624973
10508.462969
10561.818598
10416.836404
10387.966442
10377.918089
10566.050001
10764.012956
10845.821062
10931.662626
11234.019258
11395.759096
11095.152453
11087.416757
10978.704755
10812.690020
10332.340068
10242.600502
10228.305241
10068.630520
9798.018494
10025.045484
10404.953916
10345.783072
10325.348208
10369.603636
10157.094505
9922.032188
9983.254004
10144.376446
10443.100339
10733.642539
10819.409433
10843.684480
10829.613535
10757.278312
10743.063695
10763.313175
10730.644775
10550.934645
10498.703881
10343.514157
10415.017714
10380.529988
10435.205483
10760.037283
11093.171957
11066.600395
11038.051534
11254.560522
11062.272489
10600.072816
10361.466321
10224.554065
10052.751699
10024.810704
10369.976879
10470.141957
10962.776487
11126.162761
11152.083870
11013.302254
11094.809997
10641.529999
10724.880512
10897.423095
11046.480390
10915.982446
11267.355450
11134.605406
11136.502294
11422.557821
11647.252683
11684.271675
11620.462527
11428.338637
11246.353059
10750.144575
10142.950180
9875.610547
9817.353502
9588.713265
9954.102345
10483.401574
10536.256530
10456.402015
10388.970546
10419.503480
10485.137524
10593.230329
10893.842873
10993.878319
11110.749128
10724.165735
10853.002762
10832.978226
10657.134732
10453.136786
10669.345415
10998.485852
10691.765406
10798.247631
10575.246744
10453.045889
10043.986231
10170.398683
10266.657182
10738.244967
10938.885421
11043.050991
10814.543607
10816.298163
10973.860219
11233.014836
11335.199906
11515.962421
11632.198559
11209.367556
11062.308318
11264.744019
11589.397618
11548.346483
11721.967493
11940.555567
11744.177717
11866.741744
11997.332660
12034.211673
11979.004023
11921.844041
11731.166008
11872.103088
11858.345883
11727.480690
11858.345883
11820.416515
11695.268346
11805.817997
11581.094385
11697.551413
11687.305407
11256.344970
11160.364755
11595.607384
11199.217032
11114.928022
11286.550371
11114.928522
10886.040306
11176.403443
11426.786575
11559.537058
11757.873179
11532.996624
11198.121630
11268.075226
11065.795624
10865.688094
10916.763166
11096.278384
10908.185486
11004.086363
11316.517241
11617.006083
11949.885850
12016.328917
12269.373472
12134.355553
11969.020982
11695.271443
11528.880351
11563.996589
11590.302737
11704.770501
11882.623296
12423.536607
12268.293466
12233.325572
12227.495926
12644.457603
12648.333510
12814.232788
13087.909155
13251.295392
12787.340740
12348.377001
12440.437628
12293.333783
12287.246704
12109.565703
12285.976424
12216.325708
12348.979472
12193.712827
12377.976430
12395.916538
12230.353274
12042.138679
12052.450939
11846.150730
11561.638599
11729.175826
11759.740951
11788.492994
11890.462254
11988.796073
11731.024758
11902.799773
11714.986760
11533.082280
11683.681598
11775.428930
11489.131222
11716.117956
11869.328554
11743.298394
11622.563371
11583.792623
11199.541437
11148.397867
11380.848001
12196.442087
12398.399967
12435.110759
12878.897790
12846.314390
12445.951027
12262.257692
12513.556640
12366.257518
12390.460886
12198.431587
12539.479305
12776.509936
12842.030095
12695.790290
12983.561064
12983.561064
12708.284049
12546.473079
12216.039270
12048.274302
12095.470871
11946.391597
11821.458476
12200.133202
12523.024518
12414.835638
12435.153426
12635.652796
12407.141459
12104.828729
11904.534207
12121.285346
12077.828926
12250.437568
12040.046354
12262.698337
12081.182180
12126.064162
12175.918030
12239.397015
11820.674105
11691.565364
11685.483727
11841.808747
11776.657235
11978.685374
12540.595230
12608.018117
12516.218089
12716.198441
12705.767799
12581.430509
12428.151210
12560.434191
12627.645405
12815.517321
12915.879024
13079.178117
13261.769602
13763.989573
13986.709560
13778.365717
13737.861654
13551.275925
13065.072619
12830.347156
13018.155108
13132.484406
13066.125971
12735.658568
12678.298158
12451.198934
12365.614616
12313.520570
12674.921017
13039.330982
13085.709191
13009.742264
12918.032360
12668.784532
12725.531736
12962.960910
12795.306853
12753.245204
13104.989674
13439.923245
13901.657018
14690.090994
15184.739614
15377.939564
15005.466253
14647.989821
14194.602565
14096.707202
14022.621846
13673.112823
13303.364544
13133.524599
12869.257617
12509.259593
13110.570408
13527.358279
14089.026537
15193.461340
15925.041960
15299.309986
15393.183535
15123.907995
14182.149937
13703.720803
14038.663720
14253.589660
14664.240879
14743.972803
15038.213936
15408.094531
15594.819691
15353.831108
15791.047333
15285.689374
14707.721795
13945.556290
13453.232590
13192.883449
13858.798186
13823.574304
13711.713515
14220.099814
14358.487959
14624.417750
15687.171666
16544.580036
17566.309845
18576.383909
19146.963628
19197.625332
19497.987438
19023.690477
17991.959387
16898.735427
16533.712779
16014.074468
15721.583641
16116.598932
16791.487597
17522.126890
18766.566275
19688.116477
20461.782181
21262.439776
21512.374004
19898.280439
18349.299336
16972.014317
16116.576989
15519.952403
16996.676084
18698.990831
20405.745669
21211.054454
21380.660296
21262.295698
21062.104417
20899.792765
21342.884496
22369.107599
23118.740187
23740.087001
24139.000699
24247.086765
23624.376407
22731.271247
22082.923329
21345.616657
20734.713308
21002.543742
21153.445797
21746.589820
21904.903074
22159.655151
22764.926256
23467.202138
21753.541225
20665.529228
19191.922874
17769.891614
16915.351917
18133.774938
19463.944956
20408.139827
21737.754030
23164.142338
24061.493848
23914.890073
24771.163855
24401.131103
24156.695025
24317.866666
25534.111142
25610.117493
26145.351358
24829.215261
24363.420214
23410.131303
23397.230457
23495.648280
25015.448852
25810.576831
26138.728574
23844.455704
22250.766288
21267.408485
20383.196352
20064.831457
22080.977289
23136.037208
23472.136882
23186.629186
21573.046180
20336.891888
18993.193725
18676.480168
18684.701637
20457.722550
21916.710262
23387.714853
24148.051275
24822.300177
25691.868672
25766.996091
26376.253512
27079.790580
27686.397197
27138.825872
26389.323905
24595.430543
22037.260920
19378.907257
16971.876451
15349.124237
14471.553006
13990.778522
13776.571083
13712.085247
13423.894519
12888.826193
12749.983927
13397.644954
14361.219472
15446.370620
16588.393038
16995.415231
16584.549313
15763.141265
14925.227959
14126.343567
14326.357176
14714.410404
15217.647688
15716.270975
16534.907266
16694.964811
16659.981926
16106.811432
15609.293733
14877.437103
13977.674172
12985.014053
12672.542060
12494.877663
12155.858337
11783.537639
11377.132956
11058.577386
10819.419660
10510.819543
10583.949948
10637.022866
10638.837001
10356.821533
10453.187627
10387.630868
10490.011111
10281.374952
10297.496734
10238.614267
9901.662722
9529.685781
9531.300230
9592.781838
9272.054921
9607.239391
9664.116766
9439.844006
9386.886065
9781.124796
9456.320544
9214.975814
9329.023131
9310.790993
9045.222306
8836.834368
9153.799236
9304.286712
9254.671448
9109.533338
8981.032974
9017.776554
8967.762358
8734.841152
8693.824307
8892.430389
8943.420024
8839.088033
8975.833926
8916.645336
9057.554109
8714.462526
8754.384016
8742.339862
8860.608573
8911.832041
9220.376648
9052.144415
8960.081963
8651.409810
8569.616712
8333.245468
8302.432822
8294.692378
8509.173479
8307.358693
8096.400662
8134.528370
8273.843409
8367.163585
8400.271137
8401.931966
8440.109603
8166.382572
7870.191566
7790.453077
7641.102453
7685.682176
7828.381100
7912.446630
7902.065807
8163.944031
8366.164646
8437.565736
8862.594684
9119.541767
9487.357506
9479.604112
9579.735618
9551.279882
9491.913045
9020.159712
8955.672653
9247.988120
8853.822528
8375.657655
8248.587004
8066.280072
7392.066841
7238.909103
7502.294958
7913.078423
8000.988479
8332.915587
8710.143282
8800.472619
8814.467620
8592.461388
8747.503752
8957.847742
9154.079433
9343.815767
9724.546395
9407.862884
9279.473868
9493.686312
9189.737089
8892.949574
8880.323255
8382.067231
8030.592836
7973.216177
7971.779549
8181.759355
8557.696335
8474.036340
8602.637694
8959.479727
9106.622272
9120.814610
9333.175756
9345.486025
9219.246937
9250.172339
9235.686998
9450.546905
9519.790760
9565.857015
9034.179698
9038.601595
8689.321326
8701.249597
8767.633205
9090.621817
9051.851364
9049.447497
9153.963073
8827.169692
8870.423814
9162.134473
9244.301365
8951.629972
9045.831992
9211.772657
9145.752193
9091.003407
9080.589124
9246.997158
9259.430718
9237.140744
9455.700563
9698.645107
9736.893416
9476.863444
9493.420771
9380.809197
9287.252430
9387.439365
9520.137849
9485.700564
9622.141694
9928.674182
10051.244581
10153.137808
10075.422889
10108.322237
9701.638799
9164.512165
9013.560346
9248.503937
9229.812158
9509.913339
9850.380586
10112.351632
10030.576079
10132.559679
10067.112043
9892.898848
9745.535739
9909.010430
9751.958718
9727.574416
9859.695828
9896.318115
9698.254383
9841.232162
10094.972075
10040.733621
9912.047535
10075.095935
10389.765452
10257.138633
10417.517308
10462.255419
10397.040908
9874.037858
9820.581828
9684.648227
9782.709604
9927.723626
10393.534601
10209.872579
10181.596418
10117.892165
10065.371108
9649.993934
9464.233084
9536.636924
9560.975267
9544.888997
9943.023663
10707.228891
10719.304558
10923.480995
10884.905841
10449.629552
10059.331686
10099.563878
10021.993363
10207.418146
10563.224568
10489.878848
10481.848312
10549.211641
10496.206226
10303.782445
10592.212373
10623.841869
10522.091550
10476.873935
10775.227882
10855.007517
10917.133591
10937.359176
10833.268573
10126.598371
9756.731044
9756.731044
9858.876228
10012.012809
10316.131250
10539.261722
10570.909537
10483.202617
10475.020601
10416.050238
10268.605578
10379.012674
10542.395441
10579.044069
10873.440316
11366.002623
11143.336002
10961.736966
11032.810451
11014.967050
10630.743605
10722.862843
10714.969199
10618.658364
10567.520737
10671.664034
10567.520737
10630.905230
10753.038811
10724.557494
10679.963074
10681.633880
10679.927432
10522.519836
10295.609056
9974.929687
9984.813237
9886.615106
9692.836757
9733.484855
10240.123562
10282.162669
9763.391164
9640.973739
9804.328969
9916.590871
10215.156154
10646.242178
10695.408994
10909.658817
10709.696152
10393.249241
10642.556641
11004.007735
10842.574637
10366.193274
10562.880938
10503.588654
10223.821907
10146.004263
10202.960010
9692.557091
9377.693324
9277.278723
9167.174786
9195.906332
9630.471988
10049.443949
9824.642370
9708.026050
9904.357588
9896.318761
9648.831855
10031.422952
10163.974540
10123.144438
9852.762821
10001.828981
10120.315444
10249.139042
10203.591497
10687.336810
11015.730998
11003.255746
11203.259760
11546.260074
11301.514611
10854.472062
10956.565580
11083.132434
11058.712432
11156.607603
11463.382090
11743.363637
11608.332418
11628.678166
11939.369225
11561.475337
10956.696222
10776.696784
10598.879815
10216.220474
10592.404652
10588.190461
10770.061891
10923.110290
11199.663089
11330.642347
11918.939176
11984.301849
11812.576971
11538.344290
11240.073806
10986.758144
11043.793842
11468.623584
11637.364691
12076.594577
11982.309709
11841.398127
11684.279834
11780.147359
11669.989874
11841.530805
11727.261293
11561.647737
11243.214174
10873.241215
10885.386283
11150.996858
11138.739548
11391.195631
11509.765170
11575.188820
11336.104472
11289.096811
11245.036992
11208.134534
10844.606318
10891.635712
11257.419422
11690.419595
12011.118080
12503.411593
12724.203671
12776.928679
12352.423034
12274.303924
12186.780358
12105.129037
11827.341379
12041.444769
11890.313242
11782.422012
11741.037046
11534.785892
11456.628768
11605.916569
11612.095360
11624.357576
11802.102418
11684.080372
11734.866296
11608.239600
11626.683816
11900.314135
12172.840822
12013.479701
12164.915400
12397.610213
12236.478040
11974.074974
12010.626442
12320.687960
12173.802452
12098.359446
11799.898534
11691.419698
11299.312996
10874.185762
10592.438991
11165.363568
11437.211842
11480.043347
11908.968729
12172.642530
11731.536111
11406.897782
11578.605891
11719.449865
11738.023206
11980.431898
12109.261496
11896.708432
11522.809399
11531.032984
11402.333136
11466.016193
11521.194286
11704.982360
11470.012569
11454.111003
11454.111003
11639.940863
11709.547269
11923.677613
11896.129161
11671.182433
11638.570297
11229.444732
10811.004653
10749.061324
10869.531238
10640.685341
11092.296244
11539.350727
12164.989810
12361.130855
12557.122303
12826.711533
13323.776642
13307.389047
13431.946137
13873.415339
13601.370725
13334.213769
13289.615963
13257.177447
12680.914138
12613.534934
12674.633137
12195.979380
11705.313420
11548.233333
11472.837778
11259.912010
11472.779807
12199.599284
12837.374092
13223.600050
13317.154230
13483.838652
13094.293828
12570.984612
12557.099264
12741.362729
12613.192641
12668.283913
12711.051453
12506.907803
12304.597724
11837.860606
11377.789671
11312.802695
11135.040803
11156.983387
11453.922165
11746.156088
11721.515456
11737.956937
11980.922767
12189.556743
12283.471764
12301.896329
12381.727819
12252.668415
12038.373066
12058.715742
12169.276577
12199.524585
12177.451961
12425.894980
12499.370288
12940.820598
13255.528971
12922.486922
12964.271980
13058.460887
12746.093239
12286.190229
12614.941123
12482.592170
12245.778343
12484.784266
12670.602882
12452.151586
12507.956428
13047.838317
12855.566114
13153.628585
13371.882546
13371.882546
13062.034793
13074.364540
13237.475578
13747.845202
13910.446001
13782.089147
13904.727878
13747.019311
13142.387557
13178.283193
13276.587578
12953.632321
12612.684885
12555.500763
12084.543289
12123.203891
12329.866260
12429.804048
12325.347102
12351.923333
11918.406539
11417.639407
10915.228484
10968.165444
11232.756381
11706.675748
12170.666205
12548.830517
12749.011018
13051.575242
12953.447684
12608.066082
13059.544233
13253.701554
12961.275670
13233.140849
13633.381462
13349.412507
13300.563295
13550.999268
13793.977169
13951.436401
13924.616030
13756.861743
13703.081025
13320.198270
13227.158998
13217.044363
13012.961127
12827.873770
13083.719118
13643.051905
14027.636780
15085.672367
16091.982889
16770.095510
17013.331384
17926.854547
18061.259602
17933.581252
17671.364659
17776.379008
17906.639675
17994.211122
18469.584740
19029.397386
18796.592452
17445.629701
16495.615132
15549.954484
15214.929485
15372.297527
16486.155128
17453.893206
17983.253171
18011.902669
18497.790651
19023.594441
19372.358165
20155.594640
20920.578896
20171.019488
18051.474217
16294.562743
14639.484622
13595.101467
13771.007499
15229.507225
16868.171738
18293.346859
19149.395255
20019.521685
20554.933711
20930.537456
20320.120069
20209.779121
20076.881352
19388.076741
18552.672259
19155.631006
18927.030691
19241.422537
19263.871600
19547.936402
18670.146242
17818.006981
15795.427991
15149.626497
14855.489435
14132.040399
13754.201212
14455.285260
15157.910891
15272.304503
16929.983338
18609.466814
19904.591822
20819.680440
21594.122157
21299.241206
21383.710829
21548.967213
21481.929487
21916.713975
22658.269378
22872.889604
23124.490998
23310.274971
23310.274971
23630.921833
23967.905375
24025.104520
24119.279993
24065.907197
24366.336788
24391.028312
24354.227248
24556.563880
24914.232510
24481.128027
24701.576172
24902.658845
25143.614357
25059.818961
25245.522069
24872.147091
24659.201622
24529.049361
24102.039066
23125.333143
21787.324150
19939.971087
17655.939319
15633.405411
13925.347662
12665.284216
12066.492102
11665.989124
11406.609948
11075.856676
11151.450695
11605.159963
12503.996033
13447.915756
14724.569038
15720.279735
16161.130098
15792.973932
15192.875187
14466.857998
13701.054981
12599.482588
11966.171273
11986.436331
11736.444026
11151.682709
11108.779986
11094.439368
10522.472112
10418.270912
10718.523725
10628.764248
10516.238796
10432.738747
10482.527241
10421.129301
10388.589798
10341.921306
10284.499482
9697.404328
9466.334185
9629.824143
9889.621237
9926.079359
10180.398510
9900.901818
9598.171105
9238.454132
9340.836490
9609.049681
10142.485442
10150.813657
9885.059294
9796.984642
9519.064563
8879.530804
8319.530660
8517.631371
8223.436639
8243.408429
8689.005315
9113.674923
9032.131490
9101.422160
8698.971744
8331.147658
8586.546355
8790.642926
8704.805045
9153.917706
8947.238885
8287.728275
7999.528700
7829.582229
7433.220025
7727.537836
7741.454553
7430.935109
7739.787452
7909.847144
7772.850329
7995.604730
8265.487208
7964.800208
7774.523203
7813.632891
7983.557471
7944.246093
7878.752934
7858.522926
7832.564431
7527.374616
7221.280687
7316.928444
7563.648573
7512.715685
7585.966838
7913.084932
7808.600587
7832.922605
7724.376998
7800.572328
7955.990629
8178.274012
8186.485860
8458.383121
8257.747633
8126.566044
8186.486029
7883.619985
7902.159934
8343.554597
8451.724445
8463.983085
8532.002847
8622.000447
8456.336641
8196.962489
8174.413805
8313.000886
8051.413921
8018.970177
8078.070537
8186.544494
8260.904546
8532.188450
8276.476218
8391.394853
8174.497996
8102.406801
8045.217123
8341.598683
8380.600108
8401.025238
8635.262519
8655.607474
8641.573101
8600.351517
8704.786848
8738.836195
8673.570276
8557.157497
8736.769565
8986.486284
8919.804406
8954.957730
9272.889366
9412.533136
8958.865226
8918.664190
8927.095378
8773.873326
8456.904571
8836.965751
8995.611148
9078.892423
9199.779510
9385.903667
9485.867419
9181.190052
9134.097273
9281.463158
9455.226340
9266.715705
9371.279125
9387.520235
9379.272990
9166.982003
8927.946741
8837.485940
8755.783262
8381.981123
7975.174239
8146.702137
8439.656022
8308.857056
8100.855309
8374.550431
8609.389825
8208.076385
8134.804370
8666.022425
9013.513904
8958.245518
9266.632092
9834.604670
9849.203835
9904.277679
9877.762007
9813.543045
9727.872440
9993.590232
9594.893987
9503.431963
9870.064339
10223.460695
10041.527393
10278.485146
10462.248934
10131.774025
9559.544854
9498.509657
9700.673835
9766.069148
9818.007722
9934.380955
10228.866963
10116.664801
9805.992880
9643.685939
9657.481627
9251.041763
8995.911157
8968.958308
9305.715284
9033.794454
8870.859927
8982.982271
9144.440727
8996.183313
9206.520861
9370.573409
9353.842529
9788.412406
10051.520760
10235.391221
10269.966524
10474.257473
10321.015275
10666.064920
10919.184858
11104.733540
11049.762178
10886.427914
10257.261690
9846.757210
9989.731097
10165.439230
10510.864963
10721.023999
10917.224275
10870.156572
10522.814077
10059.146581
10185.161009
10261.021580
10226.149099
10534.712091
10688.170582
10716.307005
10664.933123
10432.243754
10644.505556
10993.684062
10621.030468
10723.357366
10757.909067
10851.820448
10592.631688
10632.356261
10699.894978
10743.014500
10199.330881
10109.210764
10150.021220
9450.970648
8956.197482
8874.700078
8932.218461
9088.201477
9932.235926
10610.269990
10745.043756
10763.466302
10731.607615
10649.846627
10637.501420
10603.029319
10792.629768
10466.140422
10200.401662
10071.693443
10443.359186
10394.244659
10676.948792
10781.438104
10889.335636
10609.631603
10644.301563
11189.171377
11314.192786
11185.289976
11267.105215
11117.963605
10606.765684
10506.928626
10862.065769
11044.055127
11093.103323
11189.144181
10897.144920
10382.050359
10071.627717
9705.794076
9437.405008
9633.725522
9976.787022
9808.812980
9905.230050
10466.303853
10840.217378
10995.563279
11348.978773
11457.214588
11032.408785
10725.910937
10466.429603
10497.040119
10552.292294
10756.815296
11042.950904
11063.167031
11044.662529
11104.010804
11023.722761
10600.738281
10815.475786
11054.302793
11215.950650
11416.387664
11892.300628
11959.887505
12229.644902
12354.202865
12262.089158
11906.653967
12090.548208
11771.756137
11822.547651
11794.758875
11649.580931
10981.712807
10566.815691
10186.886038
9884.147955
9902.757392
10061.748158
10257.682278
10108.669006
10371.091688
10649.176879
10737.139168
11031.596581
11311.231244
11295.198362
11074.629365
10735.216400
10255.284230
10067.125852
10009.158165
10017.441637
10246.195032
10125.880566
9982.593970
10124.901574
10419.049797
10645.810575
10942.058301
10901.281978
10815.093138
10490.426990
10218.429545
10140.832154
10551.471822
10491.484258
10663.054813
10801.889166
11145.135160
11022.506371
10994.528315
10788.361672
10673.964832
10013.609916
9995.400490
10256.093820
10576.822712
10691.106716
11132.471528
10889.253221
10232.087023
9913.193728
9858.376320
9919.649760
9989.317049
10217.582670
10268.354541
10117.258184
9859.837802
10080.610868
10302.983913
10202.700267
10364.339197
10174.237922
9879.808017
9800.001090
9769.204319
9969.547482
10329.087063
10576.215619
10568.214251
10884.977671
10801.190909
10884.979205
11185.322152
11463.925029
11267.694875
11047.011445
11177.804812
11130.622748
11174.804722
10991.144290
10954.078765
10995.059296
11027.882133
10881.308340
11394.272698
11907.129818
11980.648416
12097.131917
12215.658503
12299.003993
12280.656307
12251.998638
12105.125864
11975.013745
11431.148954
11006.470140
10761.261524
10532.353729
10233.467488
10429.519199
10791.332576
10760.322936
10966.781358
11280.969949
11268.982041
11082.967489
10895.038280
10860.127556
10892.272530
10986.491296
11204.886032
11644.274004
11560.636131
11450.176299
11493.341565
11063.953185
10823.020289
11019.132798
11365.915637
11615.205094
11919.436666
12201.280664
12089.000276
11952.905139
11768.848623
11846.463429
12012.293917
12097.816015
12009.560265
12240.463560
12111.583275
11795.174666
11844.203051
12202.879705
12106.693839
12217.141345
12358.136273
12294.811161
11958.285694
11872.042244
12101.176330
12027.716797
12324.010189
12496.033157
12535.393871
12508.232190
12387.975695
12002.002929
11861.202474
11718.338922
11363.152657
11471.436834
11414.038786
11374.029097
11490.135668
11835.768245
11662.039349
11897.017172
12159.628878
12365.884109
12143.213150
11979.808547
11997.941364
11479.308065
11246.121033
11403.336969
11675.225489
11407.338094
11533.665102
11221.151225
10792.092023
11178.210473
11450.084932
11522.199786
11924.683701
12621.235211
12231.389403
12165.793905
12120.057223
12227.944222
12289.310328
12507.771224
12820.814487
12752.486942
12550.400759
12016.796185
11883.884663
11667.535559
11964.371033
12219.280201
12505.781381
12734.500620
12730.682520
12958.782579
12891.229866
13244.906260
13465.437891
13909.323709
13995.027992
13886.934907
13711.316387
13794.730794
13328.976278
13126.590375
13393.935628
13285.620956
13175.663754
13022.253188
12924.016987
12499.216989
12682.878428
12257.983798
12499.216989
12751.732934
13141.820977
13143.862354
13366.377735
13348.369752
13394.045726
14174.758635
14307.765181
14789.835914
15196.222623
15110.063783
14095.213235
13584.178891
12570.619131
12082.186044
11845.838698
11968.100630
11866.322466
12013.282924
11895.196485
12161.465580
12128.673997
12259.208902
12815.176339
13930.620716
14625.760865
15359.782834
15484.125120
15437.159772
15002.055038
15119.997064
15336.707619
16555.223889
17169.091976
17206.476239
16691.416958
15524.570683
14012.632827
13563.381711
13354.885725
13699.596867
14921.728527
16747.958792
17926.857781
19647.265822
20344.531522
20281.356159
19952.607825
19511.963562
17852.596351
16830.642799
15610.789992
14585.607958
13230.677549
12431.599415
11666.170233
12050.533932
11913.610551
12060.726759
12710.151745
13684.143207
14845.073802
16338.433130
17772.320802
19111.370828
19261.410500
19091.753553
18022.763068
17937.197913
16294.572759
15465.362670
14300.225127
14271.835765
13758.439367
14968.137332
15503.232445
15993.917828
15906.327005
16050.499040
15813.885895
16693.927125
16593.545035
16691.565737
16851.025872
17372.118274
17714.480064
19142.795520
20828.515642
21512.763121
22078.820541
22118.895134
21134.180777
18422.963143
16436.439300
14103.868568
12005.343334
12361.152756
15135.644760
17626.252657
20454.112141
23163.917860
24416.395754
23173.712033
21997.094385
20877.350802
20290.513820
20308.198304
21659.237541
23089.226067
23804.684019
24197.049167
24031.405708
23641.121660
23821.526327
24162.671412
24186.749305
24231.416043
24370.569240
24160.245410
24474.580144
25031.525243
25391.292102
26191.922104
26429.640028
26686.665204
26520.228165
25672.604389
24979.706286
24699.538516
24315.644411
23996.952436
24865.326903
25306.650886
25921.523946
26630.846663
27534.409508
28143.103299
28539.664755
28443.438944
28041.310847
27422.086690
26389.858553
24878.271757
22855.529390
20730.882931
18461.672247
16459.540805
14902.697355
14011.654982
13349.843581
12880.903018
12872.875416
13189.510891
13551.153334
13847.507259
14139.767246
13633.227660
13508.503019
13755.954516
14031.926978
14428.307153
15102.542267
14628.707077
13939.844743
13560.374169
13125.422006
13221.602341
13938.231966
14565.365511
15027.629609
15737.156931
15783.574360
15657.025450
15383.921767
14670.378485
13720.487952
13289.235368
12618.935107
12065.480988
11677.357566
11424.775726
11204.047191
10850.816226
10568.598083
10752.262830
10963.074003
10484.957562
10589.105380
10834.161446
10235.562760
9551.956721
9962.936172
10044.458219
9623.321149
9807.565320
10436.883529
10066.961085
9905.584804
10128.173802
10128.173802
9741.573173
9643.708597
9651.913231
9416.793066
9144.790727
8970.545190
8670.265291
8473.988700
8698.876139
9090.961318
9184.779964
9089.193914
9463.100147
9297.570422
8804.550153
8590.809612
8909.332677
8402.436358
7967.721814
7892.115796
7795.902478
7703.396682
7675.078673
8073.248138
8114.312716
8044.512860
7987.179771
8228.324526
8181.266406
8367.020862
8567.489801
8493.472821
8731.162488
8685.559528
8485.717933
8688.509935
9057.775746
8741.523682
8788.288635
8929.062850
8452.155389
8033.470940
8086.487947
7857.804702
7999.055395
8274.951358
8587.604590
8718.905695
9021.055881
8845.431448
8959.563605
9172.034693
8965.565210
8671.462183
8514.120134
8352.188618
7759.323616
7733.210955
7971.907713
8449.851026
8700.314867
9251.766768
9315.228794
9215.149184
8847.648161
8586.950112
8441.863185
8823.962455
8730.381143
8497.181302
8442.739122
8379.795010
8112.525124
8361.183183
8704.472147
8782.739985
8937.787385
8968.422756
9072.676345
9085.221099
9144.950955
8920.083068
8914.403164
8526.144073
8254.197415
7979.765702
8041.157853
8112.934323
8392.122681
8645.839917
8803.898217
8640.863228
8524.119344
8346.821523
8575.252950
8942.451648
9144.360181
9248.626337
9555.230785
9444.830952
9360.776764
9270.907353
9462.841747
9340.338259
9105.199812
8989.058611
9099.598314
8874.544170
8907.272615
9137.964171
9015.549653
9063.115311
9015.549653
8966.772886
8903.176328
9065.726990
9075.892621
9014.705102
9059.369884
9137.395399
9117.227996
8955.736038
9114.924902
8996.548416
8641.264085
8593.252458
8746.307941
8638.638043
8916.066100
9185.134339
9261.686759
9161.536825
9077.826787
8835.005304
8842.728270
8801.013096
8739.306883
8655.546193
8958.137193
9068.443428
9391.188005
9421.495080
9646.296192
9581.068626
9646.295087
9245.532501
9057.610587
9331.551022
9247.818841
9113.043111
9527.635268
9801.566547
9607.457447
9525.758537
9591.236743
9338.583026
9328.442372
9295.695722
9418.313174
9283.457361
9407.492578
9630.248362
9536.543217
9476.773029
9409.772953
9107.249445
8937.606671
9315.656528
9299.154656
9606.516997
10028.955497
10249.662115
10063.986803
10170.052942
10037.201725
9859.017622
9920.180737
10210.452655
10306.347158
10426.895714
10527.104136
10762.191149
10455.552123
10271.528054
10120.442534
9980.206122
9653.522564
9808.253949
9787.821271
9404.152893
9221.564198
9178.729281
8724.733408
8453.308492
9090.906318
9277.023730
9063.010514
8985.129719
9203.628490
9113.632460
9372.107617
9556.161081
9754.179211
9870.748575
9733.742457
9497.525166
9297.370259
9689.585092
9820.021295
9971.264760
10248.114960
10812.046625
10742.653092
10781.577279
10699.598719
10797.955231
10446.491022
10064.564249
9811.121317
10193.098731
9952.582864
9748.168259
10150.758574
10291.491710
10026.123799
10338.813859
10716.915909
10630.956429
10467.228460
10614.444136
10257.577908
9879.724794
9771.710706
9844.838362
9630.402973
9660.646457
10250.830265
10295.922561
10179.526561
10310.121496
10276.311520
9718.326111
9740.999766
9783.988405
9626.454876
9524.060776
9875.778214
10004.462564
10271.953725
10531.753451
10675.833703
10549.390673
10445.062875
10569.506217
10294.092545
10305.794355
10481.792856
10581.826239
10322.056393
10434.458535
10576.969476
10247.978912
10307.331930
10393.190047
10578.772457
10512.497518
10864.339749
10815.179084
10747.824510
10870.294535
11020.816413
11008.402673
11067.539759
11108.508036
10808.246215
10681.694408
10814.761721
10769.895435
10851.434505
11170.200756
11001.735502
10470.649838
10386.966247
10270.349701
9634.973182
9514.567165
9682.078003
9474.275280
9439.281135
9727.491560
9841.447926
9629.142533
9336.859918
9063.261989
8981.242646
8961.078241
9245.144023
9733.483177
10103.462630
10407.770835
10520.234230
10211.359564
10188.929346
10426.145442
10595.710077
10655.741746
10741.858089
11049.934066
11031.896645
10988.765765
11333.509969
11840.144011
11895.676656
11844.339045
11631.791370
11513.469832
11338.039218
11393.128448
11566.740287
11570.765560
11390.504217
11294.462542
10744.672431
10279.003687
10366.475777
10312.919935
10114.248578
10467.523656
10756.042491
10653.503034
10869.817157
11372.340161
11165.977494
11058.078926
11031.495737
10846.544626
10742.761311
11141.078849
11188.158557
11143.051021
11549.801064
11668.363616
11127.020060
10873.581852
10824.503181
10361.710009
10098.181167
10365.544937
10696.692055
10762.273447
11032.509880
10936.542754
10985.712213
10975.406169
11124.524657
11146.846563
11097.572876
11073.129858
11197.907318
11017.696622
10901.720131
11052.974359
11097.797786
10819.901784
11124.334022
11186.475535
11100.767941
11092.614560
11343.922668
11299.106203
11443.269823
11279.695844
11077.081632
10827.777562
10742.529298
10491.842878
10726.821892
11008.643003
11072.205053
10931.271906
10816.680143
11068.151187
11090.851555
11197.140906
11272.453239
11274.624949
11008.747282
10972.188436
11135.860017
11221.313320
11119.211664
11092.748387
11111.271520
10986.663283
10785.938948
10824.239895
10940.607295
10936.569064
10804.005324
11308.342452
11791.480344
11844.684643
11584.929579
11256.117013
10917.044778
10498.016830
10177.335356
10643.314988
10945.517412
10808.676838
11099.248276
11659.331820
11442.870393
11757.300757
12051.545257
11804.959372
11353.261323
11163.419025
11032.482361
10891.692500
11152.076442
11438.081543
11597.494641
11468.731921
11585.082891
11533.138638
11369.763065
11498.438612
11708.886227
11461.633939
11411.525909
11501.238476
11370.644944
11115.209524
11055.840755
11104.054178
10961.310068
10866.995096
11034.511137
11054.758183
10794.500804
10336.583256
10179.536085
10243.085720
10463.670802
10914.439978
11400.851506
11586.615699
11627.418853
11592.829113
10855.312007
10698.257112
10620.240781
10493.330776
10424.395590
10694.879581
10535.356116
10823.571676
10603.067959
10549.901053
10930.657990
10975.404525
10593.254018
10858.827401
11018.218926
10756.143948
11017.076138
11415.906904
11191.006838
11078.210071
11228.777733
11435.352396
11253.593542
11220.786546
11155.630521
11053.204774
10957.166273
11049.061254
11359.725137
11796.754609
12011.611191
11774.103566
11805.000678
11796.641457
11876.593652
11808.514058
11825.183528
11907.118429
11852.111171
11411.226955
11140.828020
11285.853668
10979.207116
10936.448500
11373.800232
11546.015515
11744.050588
12026.152006
12453.421448
12573.893270
12808.246010
12757.151859
12618.062514
12205.599409
11717.202405
11438.407313
11411.937756
11637.144151
11690.272419
11737.203540
11975.509898
12269.437147
12330.874225
12096.041982
12081.785258
11913.515847
11288.058491
10836.645611
10993.727106
10703.741596
10637.571749
11054.189343
11166.667175
10927.832159
11142.294709
11022.052383
11046.453797
11022.053978
11346.818056
11763.876528
12114.638974
11938.701046
12529.022691
12698.794327
12756.237777
12898.259295
13359.803561
13176.419110
13570.307533
13823.509132
13579.333323
13319.702548
13282.806745
12725.140058
12347.433085
12681.975421
12963.876369
13231.794601
13605.681854
13362.071812
13172.026061
13026.804189
12577.416150
12548.988296
12555.023737
12178.424507
11716.472973
11788.101541
11508.043908
11588.037815
11960.308511
12526.688509
12769.473804
12655.115836
12855.444961
12979.435631
13088.089538
13141.091551
13584.429510
13948.136100
13877.735250
13547.200755
13491.955870
13465.241761
12891.069228
12646.712957
12699.642201
12513.817752
12336.175418
12601.892044
13042.459234
13209.788553
13026.218790
13140.716482
12873.001576
12568.530294
12584.502356
12966.629335
12700.986479
12974.893960
13177.400920
12987.410225
12874.954467
13019.922318
13355.076039
13922.083989
14071.382589
14018.231916
13785.271399
13072.248577
12814.010934
12823.802759
13281.698730
13745.459040
14097.147040
13894.715470
14125.529442
14092.639389
13888.342217
13614.446254
13349.988511
13153.658239
12777.913755
13227.438605
13729.813069
13956.430732
13850.593372
13876.816418
13593.074111
13586.650472
13885.119370
14271.628044
14958.358445
15397.450287
15605.742010
15439.481322
15502.848395
14669.446186
14011.057918
13636.949801
13580.887475
13863.282926
14150.866227
13891.286898
13689.806261
13508.864312
12769.306478
12565.034231
12879.740567
13504.643694
13639.405899
13541.132838
13678.021495
13461.754530
12981.520588
12570.620449
12484.845377
12143.835944
12278.794547
12313.579624
13090.675021
13822.726792
14535.421966
15181.315159
15650.894146
15490.830843
15844.835906
15977.463969
16430.834781
16914.959137
17993.006090
18473.514103
19517.771533
20761.745459
21766.933513
20562.972479
19616.438488
18627.573400
17425.840820
17136.194952
18614.555936
20092.312403
21482.010964
22427.674078
22811.843075
23253.112302
23632.822913
24031.150872
23594.147996
21597.804535
20088.712503
18736.440502
17922.929993
18039.369725
19825.237425
21111.363054
22143.605644
21977.988736
21863.550525
19915.930331
17958.876906
16526.599047
16538.462095
15496.761157
16222.087353
17392.105244
18188.976949
17935.472877
19257.140408
20638.739714
21688.618385
21549.354421
20512.066315
19267.725965
18288.540879
17726.178043
18802.616022
19632.536654
20024.085203
18120.129619
16336.551175
14438.944466
14228.192060
14552.952703
16959.259605
19033.566174
20694.898293
21949.212215
21798.365342
22066.085540
22098.148839
21963.276874
21907.992166
22993.091620
23222.267662
23891.148901
24604.210127
25685.191081
26488.180606
27301.661888
27337.138491
27233.409176
26769.441955
26575.333992
26152.352105
25709.792419
24927.001968
23459.843307
21367.668201
19064.704679
16914.821329
15027.002229
13688.880939
12725.634159
12297.081606
11715.866663
11462.530445
11674.971378
12385.965245
13229.872031
14458.125401
15741.722756
16446.005273
16084.935700
15424.414734
15068.001494
14218.135219
13459.964198
13408.754162
13507.407911
12803.602670
12548.213276
12251.779866
12096.690873
12217.195466
12329.743047
12170.128217
12272.242886
12343.496917
12268.123668
12460.320167
12771.140037
12854.993923
12550.658501
12376.740292
12202.337329
12151.400685
11834.689115
11693.663928
11185.048437
10892.313182
10477.320335
10457.164038
10465.492230
10459.078653
10110.297261
10081.889476
10026.674684
10142.982936
10313.067380
10492.729403
10507.507056
10584.934255
10421.427990
9875.929571
9785.829909
9837.111246
9514.191582
9015.382019
9299.214703
9505.796839
9225.817296
9213.742485
9493.558278
9297.669249
9041.087311
9010.738505
8947.069376
9068.022231
8884.145205
8743.601288
8598.604628
8424.777002
8173.946299
8496.917108
8316.421163
8281.659814
8409.779322
8328.651963
8070.927796
8065.274558
8118.032436
7944.340544
8024.163619
8197.325627
8383.969856
8288.021784
8510.577515
8391.989669
8228.805218
8341.096497
8478.202798
8212.600944
7936.723823
7987.467997
8225.922294
8002.916435
7903.006198
8036.138410
7728.925849
7429.236799
7743.580774
8076.612076
8185.001504
8630.152366
8758.849188
8842.303554
8627.842585
8613.645718
8578.728532
8254.103846
7843.202111
7776.142007
7827.162067
7563.570284
7912.553994
8114.424169
8167.426381
8102.196335
8474.115897
8516.570899
8400.025336
8689.851483
8980.021986
8784.060453
8751.802148
9035.942905
9080.625666
9001.102279
8727.384398
8563.013679
8569.186657
8409.465745
8497.531784
8628.287534
8343.890199
8229.197490
8055.561540
7614.771680
7882.746156
8320.718014
8480.248214
8825.313012
9068.603167
8935.834353
8835.828573
8958.337402
8958.337402
9001.207835
9066.708738
9159.037200
8893.151670
8928.073407
9330.134962
9504.369784
9357.709658
9374.081110
9233.435685
9055.680666
8885.455034
8928.073407
8834.170459
9150.174002
8886.951834
9099.832886
9225.562616
9379.098424
9113.391809
9211.749296
9371.106474
9260.727715
9105.413374
9181.068144
9332.202320
9272.527196
9375.060590
9405.757535
9571.160975
9551.041094
9514.137599
9542.263255
9813.668517
9648.345993
9497.143421
9439.899229
9560.124127
9560.124127
9654.178433
9625.722479
9296.798264
9298.400408
9225.049809
9138.834740
9490.920571
9970.554892
9786.416495
9794.645893
9882.760443
9590.508653
9585.940173
9704.404809
9684.182630
9857.949663
10211.071187
10535.828755
10638.125946
10681.092512
10605.783716
10466.517738
9943.376462
9772.949021
10042.740608
9830.340729
10036.880190
10259.361896
10169.475603
10149.366676
10455.411027
10044.537027
9801.598464
10210.514010
10193.863322
10343.275172
10510.950251
10669.942446
10593.687982
10552.839650
10313.887962
10434.109528
10542.293442
10365.673104
10327.159497
10028.697349
9904.083441
9844.573543
10065.556849
9922.306500
10153.031268
10567.964846
10645.558206
10521.584638
10627.600015
10584.533120
10294.748403
10323.112628
10309.068992
10515.628514
10540.040624
10218.860820
9759.631359
9785.469790
10087.735538
10327.079040
10737.627719
11066.634636
11022.440002
10503.539982
10335.769698
10476.912386
10673.387845
10765.395407
10646.653251
10624.127358
10511.915384
10405.601281
10343.567460
10644.029681
10801.344514
10827.535985
10948.401770
11276.997596
11244.330859
11011.474237
10619.114066
10821.214744
10550.898846
10356.560829
10532.528930
10785.622200
10507.940929
10331.859728
10441.950804
10433.836180
10206.970422
10117.155571
10327.616421
10431.975956
10650.425896
11183.810366
11130.399935
10980.100676
10698.439270
10657.201476
10469.326575
10726.829140
11095.347368
11128.179574
11175.184754
11463.456768
11416.355760
11314.323945
11659.575781
11054.364670
10535.539785
10529.470236
10475.437752
10332.370858
10904.414231
10957.588397
10751.271271
11092.119275
11359.678990
11138.900965
11396.271429
11860.241597
11700.032271
11505.595797
11483.434884
11462.936114
11417.711548
11570.164741
11651.998539
11770.367105
11610.971494
11547.892478
11325.256955
11723.544395
12255.058675
12624.878801
12839.436413
12835.072167
12610.712751
12538.898445
12782.053928
12665.936572
12387.003252
12052.086472
11524.860134
10756.779889
10368.965590
10627.088283
10502.375698
10459.299155
10543.085835
10770.083152
10469.361300
10352.802873
10532.784866
10442.710641
10202.002221
10257.611030
10533.738509
10453.987285
10546.086187
10433.676057
10592.114269
10643.109320
10689.914453
10653.276946
10927.241856
10963.190728
10819.957577
10703.604483
10926.452541
10895.811033
10839.475623
11031.797991
11135.994989
10825.218254
10531.058043
10376.777371
10158.043771
9943.348169
10362.459184
10517.555519
10770.194800
10980.601433
10958.052473
10473.839240
10631.198720
10414.746981
10188.035565
9860.886686
9781.403950
9565.001444
9650.920874
9701.746942
10286.106977
10567.918021
10551.350537
10521.507252
10868.683748
10719.439606
10590.724651
10629.850361
10788.052912
10262.840564
10187.337464
10469.064199
10828.418526
10668.341050
10809.157667
11030.180883
10983.135240
10433.541790
10447.393816
10592.643935
10496.527600
10723.370006
11325.847968
11478.666720
11406.814924
11447.706557
11627.354488
11690.920991
11694.830913
11641.627184
11433.446442
10988.048337
10961.518612
10666.940923
10689.179333
11216.242948
11686.171096
11346.982890
11291.023197
11319.529386
11201.025439
11121.436304
11468.695361
11971.616751
11981.912080
12004.265805
12032.996875
11859.536608
11795.282956
12083.224995
12071.333231
12111.677936
12110.047095
12099.845888
12488.124280
12484.091740
12496.064321
12911.056935
13197.992341
12885.210683
12942.106098
12697.424740
12280.134109
12013.598755
11737.940580
11852.149323
11854.237092
11790.914018
11737.155647
12182.191054
12292.782847
12654.298908
12750.398969
12752.389393
12876.718272
12927.855714
13019.902076
13269.455325
13261.478236
13098.109155
13148.978429
12901.723180
12881.160494
12971.142539
12965.182500
12685.293532
12648.445659
12352.412512
12450.365046
12546.424189
12516.176009
12488.984646
12861.200903
12724.851853
12479.828115
12295.976542
12383.658366
12107.909605
11949.436190
12102.866662
12127.434155
11820.928131
11978.114002
12254.785804
12001.529160
12403.890051
12834.814191
13057.888428
13119.818351
13593.959460
13718.172662
13458.830792
13099.560764
13207.663035
12923.588449
12884.951422
12953.861326
13144.165761
13048.241865
13219.133400
13156.757276
13383.293507
13555.119258
13695.054621
13562.143711
13547.969307
13556.148249
13159.634165
13139.696442
13149.720453
13162.023586
12821.146028
13168.135340
13198.690407
13490.800369
13692.903020
14375.357136
14250.608008
14224.737928
14040.181092
13685.112477
13494.965310
13329.578520
13263.518738
12775.234197
12583.260653
12411.691753
12944.726973
13141.170980
13884.795718
14358.689510
14199.347484
13686.444175
13512.122009
13410.096381
13606.144998
14350.299936
14742.436273
14950.324741
14970.916781
14953.371689
14534.553700
14068.652524
13613.603800
13494.939712
13053.703914
12383.550964
12753.305939
12929.638178
13329.903495
13977.467439
15469.178894
16225.688032
16070.959545
15459.857844
14763.324349
13874.715273
13009.879128
13224.792464
13613.140658
14593.962435
15506.961221
16949.253945
18422.914048
18888.388462
18587.825685
18670.001327
18418.197151
17456.441861
17188.769378
16853.941023
16371.423814
15392.869362
15038.084110
14310.882497
13834.767032
12813.239677
12843.966279
12617.322243
13201.747305
13289.382682
13739.073598
14184.044629
15364.892193
16272.072468
17722.637168
18901.583301
19571.554578
19956.183996
20537.408982
20737.090715
20438.446839
20515.926255
20358.347117
20033.612133
20100.524455
20599.630384
21081.519536
21534.316807
21753.439634
21988.051194
22541.175308
22710.960668
22869.726372
23233.570582
23194.168101
22480.943462
22307.956131
22241.108872
22108.282150
22384.521593
23003.679695
22836.060714
22978.159863
22992.943147
23415.898978
23748.640363
24216.748615
24560.922921
24780.189924
24495.817108
23828.013731
21837.746825
20591.388735
20117.053546
19849.536888
20080.036970
22090.781983
22694.240946
23155.741637
21390.844453
19158.925313
16895.968729
15943.832867
15111.093827
16652.194342
19142.846673
21492.920033
23137.635558
24216.781084
24976.709898
25396.278922
25745.067686
26330.460221
26442.833248
26255.401885
23588.832036
21408.676082
19706.593614
19008.359258
19069.745082
21670.275469
23566.153107
24771.156130
25804.913220
26773.363349
27443.186429
28258.791332
29026.297557
29081.180694
28689.164197
27920.812984
26670.377160
24568.325151
22392.141716
19791.319918
17586.612770
15500.545098
14278.013206
13703.866361
13158.548577
12870.524412
12698.686668
12911.055842
12913.157324
13621.950507
14506.723872
15640.508238
16272.121340
16452.331095
15795.984831
14664.231708
13756.643679
13107.264933
13009.417054
13142.222525
13785.685517
14333.561633
14690.074563
14896.638652
15501.487807
15513.979190
15419.653177
15000.968225
14401.995202
13348.061562
12857.611246
12348.537321
12330.681207
12353.214437
12590.224706
12522.831333
12179.781579
11674.792234
11401.066534
11088.415542
10845.322807
10589.837395
10539.815829
10294.780329
10186.440780
9883.990704
10196.728484
10004.055607
10116.763662
10645.667018
10343.356220
9742.753824
9852.880128
9509.587160
9068.282333
9554.790102
10187.945611
10256.172812
10254.188243
10329.600148
10280.775962
9285.369807
8762.878125
8692.650881
8639.969286
8588.500408
9112.115020
9379.844774
9537.511945
8955.409091
8691.977286
8884.079926
8587.167930
8375.028358
8818.287308
8583.157306
8386.952575
8262.546925
7909.612620
7635.530509
7649.740739
7376.394015
7316.329212
7454.823593
7344.276230
7226.432429
7389.495866
7780.549288
7923.158220
8020.891279
8274.649502
8448.562957
8462.590353
8505.202831
8722.423076
8955.000281
8924.199552
9140.705270
9079.070131
9099.969192
9015.679831
8913.855257
8823.684285
9144.425920
8917.425162
9030.364874
9089.415812
9033.058191
8922.973449
9014.775918
9094.410808
9022.826553
9037.323663
8928.711543
8850.907639
8775.111615
9022.566957
8932.776897
8830.348631
8607.465472
8523.820844
8106.874907
7832.698247
7866.677224
8051.176075
7652.547522
7742.543263
8105.362736
8124.064385
8405.769275
8989.936929
9057.389082
9065.391945
9296.518736
9181.704075
8934.668179
8967.416326
8576.531338
8349.440830
8188.227422
8378.432092
8574.637123
8814.816543
9164.309763
9350.686646
9033.456163
8463.669979
8439.642522
8206.765444
8167.506275
8376.396817
8840.001580
9012.488498
8959.246440
9177.986201
9032.763803
8742.675349
8835.113579
9118.866826
8838.979912
8857.219520
9118.866695
8597.895403
8387.175543
8611.949127
8557.059143
8646.783500
9145.461841
9164.139448
9376.850062
9656.492311
9783.520543
9562.675176
10012.471674
10134.972438
10325.003702
10603.099731
10989.438534
10758.603932
10432.146068
10288.650951
10135.521930
9786.830042
9633.867343
9652.397569
9799.367945
9784.824401
10121.561051
10250.137974
10202.946094
10217.777555
10174.587911
10223.112635
10178.061326
10184.120468
10141.534825
10350.263179
10410.401038
10535.026948
10767.970779
10798.571720
10455.358741
10112.712041
10004.325891
9859.427370
9801.974418
10031.105097
10173.437186
10066.913735
10236.367864
10645.210648
10855.507675
10905.572105
10908.009113
10556.283620
9906.501190
9407.855261
9421.888295
9412.163513
9515.720756
9722.844650
9475.546490
9339.109667
9818.959357
9927.524545
9717.183554
10070.446613
10168.612664
9947.758094
10037.716535
10387.263278
10544.515809
10913.387703
10756.241829
10529.173744
10500.548517
10586.441537
10269.625715
10408.597369
10427.107209
10398.532049
10044.837672
10022.902440
9945.570367
9816.728698
9698.148659
9951.700269
9965.710926
10114.700961
10566.283607
10704.862281
10723.544599
10597.185555
10509.462497
10335.587850
10317.060222
10047.769258
9907.184710
9592.704318
9439.551804
9359.490049
9504.972266
9659.159526
10192.525058
10642.184489
10603.255718
10880.906969
10983.215919
10596.986100
10294.824522
10403.006408
10118.501689
10122.919231
10398.775676
10365.808414
10247.555342
10386.631953
10126.290104
9880.520542
10248.702025
10479.483742
10283.141311
10784.432011
11237.745897
11215.544634
11203.156569
11605.705577
11343.016999
10840.488230
10427.760590
10581.304556
10427.762543
10578.072538
10808.858292
10964.189271
10925.397146
10913.286186
10887.081939
11015.825861
11015.825861
10909.305550
11005.524183
10744.978110
10522.484873
10716.781772
10853.502339
10583.666443
10766.022068
11143.951839
11401.464513
11685.435831
12063.614329
12354.056527
11965.983053
11518.301385
11169.114701
11175.081770
11027.103816
11355.835163
11584.584839
11235.576613
10846.742971
10622.631472
10491.829791
10363.288981
10651.287783
10671.655660
10992.439264
10741.226804
10608.086369
10608.086369
11010.700949
10729.933497
10607.432230
10584.913893
10482.790776
10174.367345
10033.956913
10534.711332
10679.888746
10677.667970
10724.478807
10957.154224
10881.395984
10668.881990
11032.579533
10920.365192
10864.381614
10950.097269
11274.911666
10988.820766
11185.155437
11425.464770
11153.901165
10935.416075
11045.267591
10894.360685
10680.082238
10996.627577
11019.200111
10955.986510
10939.571624
10953.428737
11049.360492
11486.836098
11639.943042
12132.363181
12631.353266
12363.835855
11879.463824
11550.498803
11276.690452
10952.256849
10880.553091
10776.234731
10794.686692
10776.234731
10770.334427
10821.271199
11093.213148
11226.081100
11232.362419
11386.387454
11314.869064
11261.586121
11394.605104
11416.953462
11260.606646
11367.117835
11512.143539
11782.125359
11720.420155
11804.677100
11980.395502
11943.662471
11616.618179
11406.420532
11428.311140
11325.924808
11138.042194
11273.056342
11718.280201
11539.756665
11548.320915
11515.695087
11035.319521
10837.328708
10704.707289
10437.343989
10549.838452
10917.446832
10694.816024
10756.915673
10728.142914
10622.077360
10615.817324
10724.047037
10453.651314
10639.551779
10931.713394
10778.312876
10968.370480
11639.774137
12044.265941
11899.171262
11881.099523
11925.989095
11921.874232
11711.429267
11897.285251
11983.157693
11590.683082
11113.977342
11023.844970
11001.386822
10899.268845
10995.457315
11211.936853
11279.391729
11072.975047
10936.139943
10888.943403
10756.849007
10766.846878
11010.010986
11451.245714
11600.660937
11790.926170
11633.415542
11145.288656
10781.826024
10861.302832
10941.370525
10833.175529
10967.905495
11395.136670
11227.684290
11093.286859
11340.679558
11556.872467
11630.697734
11947.471790
12161.912588
12243.349468
12233.051925
11908.304230
11606.025316
11532.007252
11243.809378
11053.641334
10980.106673
11021.216888
10702.722372
10962.094727
11466.564103
11830.091728
12048.747002
12211.322005
11935.477194
11769.757419
11870.155947
11806.705166
12211.471506
12289.081388
12150.467816
12013.264222
12250.279331
11947.779236
12205.369394
12323.845427
12297.160189
11957.972465
11849.906573
11714.891586
11653.336273
11387.888840
11381.778848
11504.210098
11538.775312
11401.742246
11643.020891
11577.829278
11346.990880
11187.905720
11148.817826
10979.194274
10699.507367
10603.365569
10703.458165
10887.224705
10956.819815
11447.048106
11992.082943
12110.646597
12347.622822
12656.080084
12858.384293
12535.777798
12317.022547
11857.509195
11442.796725
11193.274417
11445.678101
11613.172391
11850.274884
11895.507214
11715.355404
11711.363694
11451.629513
11271.796511
11135.421679
11147.497905
10738.379472
11110.751144
11564.213202
11995.473357
12203.808278
12876.687464
12633.901413
12304.803867
12008.354098
12043.206093
11426.038541
11487.224504
11507.859773
11420.050430
11097.103329
11389.878648
11651.179065
12029.003681
12317.402610
12666.801942
13081.848681
13144.662969
13050.776449
13279.913255
13692.624829
13664.613426
13674.696625
13756.345299
13560.432357
12986.352629
12833.950256
12811.088431
12290.155904
12208.425809
12367.631430
12141.455965
11914.830951
12167.955475
11945.420759
11718.352302
11872.401248
11966.661969
11703.260060
11958.785171
12114.006003
12021.804881
11678.407970
11545.660319
11294.413566
11271.560464
11129.678433
11225.673122
11687.226328
11979.609803
11897.669904
11959.948079
12403.479632
12476.781341
12627.997840
12948.959501
13125.393136
13274.721853
13329.531883
12994.546453
12561.308548
12020.286024
11421.353431
10847.152063
10855.465257
11121.255128
11163.359718
11130.496098
11347.018179
11385.994633
11394.162127
11728.869681
11924.992916
11931.241935
12033.230048
11949.406523
11925.532664
11831.598128
12172.640815
12344.036699
12652.942958
12779.274258
12914.040109
12901.768877
12924.060291
12650.344665
12574.222737
12496.291522
12257.606292
11891.698914
11934.639023
11804.420113
11710.624517
11892.155371
12302.759667
12724.115006
13132.646095
13382.422776
13314.837150
13128.472621
13018.320201
13027.863653
13478.291080
13733.282756
13850.036597
13949.521705
13805.774495
13484.638111
13178.016317
13088.438435
12659.333528
12432.819711
12457.274416
12941.466087
12962.021417
13266.053185
13533.148417
13467.414707
13265.163108
13702.489573
13863.971372
14217.079695
14426.806809
15048.261458
15046.356806
14651.459663
14068.819614
13868.341719
13355.496858
13159.412602
13394.141333
13562.848362
13881.767575
13665.087400
13401.621599
13579.160700
14218.401678
14333.044748
14815.156143
15324.216810
14925.684808
14150.412622
13708.736485
13328.935319
13206.484977
13656.039827
14054.803690
14671.170640
15768.922365
16143.291255
16666.137924
17329.513498
17991.597491
17522.811254
17388.233203
17262.000153
16930.716179
15870.445088
15565.689882
15372.274043
14765.349347
14432.706276
15090.763358
15781.502930
16890.182677
17466.475829
17376.595260
17133.583897
17165.879019
16646.957924
16044.660299
16363.349464
16479.937802
16706.470054
17452.196634
18853.658035
19855.885868
20650.517234
21198.349275
20908.263847
21069.463615
21534.316954
21669.709843
21844.859284
22870.347482
23565.458956
23136.581849
21863.549216
20085.774346
18749.622105
18059.369514
18195.834831
20064.888507
21826.018928
23038.002624
23875.826202
24550.522915
24383.223714
23794.773734
23421.308103
23387.858447
23325.913451
23450.839010
24748.281518
25520.181988
25677.720900
25820.086067
26308.113735
25041.793525
23051.955012
22254.496739
21356.888192
19616.308139
19688.929243
21313.609139
21399.955934
22233.410907
21912.764242
21081.277494
20351.368401
20480.340581
19919.586456
21772.370398
23552.118397
24508.199696
25252.256423
26191.899174
26210.250287
26095.735540
26036.489236
26028.574315
26136.845904
26416.595042
27080.656679
27505.645473
27567.237672
28077.751662
28202.567609
28315.186017
28316.749087
28727.677850
28246.734493
28234.821417
27742.044307
27809.829302
27727.451697
27908.602037
28112.430536
28466.130019
28506.702584
28173.728147
28053.346399
27452.783231
27131.997364
26451.843703
25951.002420
25071.127078
24493.194340
23058.700353
21444.313937
19599.681634
17483.800971
15341.495772
13752.640763
12833.149566
12027.931797
11615.291586
11445.562085
11171.779941
11193.916760
11249.409756
11890.539070
12852.999136
14081.053679
15135.424922
16273.109115
16453.055091
16116.595129
15701.928603
14849.221815
13576.856784
13019.667655
12378.384826
11624.303753
11489.200659
11689.966266
11571.300532
11524.359685
11816.697598
11788.117459
11695.785008
11631.872321
11836.318305
11535.958461
11542.241588
11433.886140
11369.581842
11277.434829
11492.064685
11075.026994
10743.826406
10739.662286
10743.848698
10455.790045
10347.253953
10662.360666
10255.440975
9783.555469
9871.055723
10269.522237
10261.506887
10413.842658
10767.138686
10899.984498
10350.501556
9853.783353
9583.272343
9279.004620
8901.156617
8774.384909
8999.057360
9177.558680
9218.329522
8983.202632
9224.641661
9207.853438
8845.438804
8530.862685
8857.450940
8851.257262
8599.903711
8948.876869
9371.684060
9155.104538
8989.739923
9085.700018
8799.259021
8449.728692
8540.006391
8282.341451
8126.503250
8239.137889
8357.333379
8406.853190
8631.340026
8770.377584
8830.547695
8757.034001
8748.796165
8836.604539
8810.400285
8727.770210
8678.541047
8641.979204
8433.638293
8572.832577
8929.109033
9148.269414
9305.402172
9621.906090
9429.930672
9402.082708
9538.485241
9330.046025
9023.776717
8964.822700
8692.134592
8195.550409
8018.182605
8309.487859
8285.124049
8011.021263
8204.886296
8566.461363
8517.676940
8677.206795
9049.546887
9108.954946
8902.585749
8925.160744
9172.309785
9284.617683
9345.712019
9536.234903
9852.702696
9946.455325
9916.525004
9468.993514
9097.021216
8723.246267
8860.063914
8982.423010
9343.868287
9464.449575
9405.386729
8916.919386
8730.967552
8990.029278
9363.957477
9363.957477
9353.980941
9520.113979
9309.869416
9162.467826
9520.115094
9792.557440
9795.953898
9701.825965
9648.633836
9562.783477
9401.831828
9450.022435
9717.483675
9838.074685
9796.757750
9711.200222
9485.157528
9611.530927
9503.517646
9766.539181
10038.320020
10152.540952
10136.308458
10230.223486
9864.319990
9670.445950
9357.764524
9233.496812
9492.757191
9723.715931
9903.546902
10532.710910
10643.142405
10181.207997
9923.696204
9917.449115
9591.208013
9491.112555
9895.632475
9885.126452
9901.917269
10158.075222
10117.253922
9839.381059
10076.215047
10031.586485
9965.556449
10059.294744
10327.035613
10451.590032
10535.297593
10483.174732
10646.551489
10857.320826
10609.988850
10568.985763
10485.075249
10374.746652
10104.829535
10231.908091
10023.430280
9999.883231
10007.682396
9938.564544
10007.682396
10626.970995
11228.125481
11303.787542
11420.167174
11411.805156
11044.132264
10709.516513
10799.160509
10711.149419
10623.485617
11028.224246
11224.585050
11036.745070
10961.207915
10860.902508
10450.080974
9941.243796
9718.358075
9963.749092
10319.361923
10581.045693
10817.012075
11140.080861
11282.986708
11401.525683
11229.531579
11470.351215
11306.903051
11448.018965
11204.799322
11259.858788
11245.916313
11104.605515
10455.246023
10285.734749
10042.399888
9640.142102
9872.549742
10023.676856
10240.215001
10671.542548
10793.568728
11081.884544
11227.042948
11241.201647
10391.167147
9958.205305
9629.532761
9486.322797
9559.925709
10375.171372
10954.267476
11424.409263
10972.782114
10419.034335
10417.181024
10541.358093
10261.368898
10915.147201
11264.765745
11109.275311
10902.807658
10992.757818
11370.672238
11777.337258
11656.766002
11728.965690
11739.195024
11518.396637
11134.486329
11205.848358
11095.438707
10975.085004
10791.382881
11028.222859
11203.916035
11713.022922
12099.078766
12278.992507
12285.237241
11921.489150
11428.390936
11377.287336
11314.206053
11076.737316
11256.809126
11481.132231
11152.173242
11017.108503
11317.805639
11646.772937
11750.979765
12012.613403
12192.312124
11965.648087
11795.772499
11871.809587
11279.518859
11140.553619
11430.607249
11565.504308
11453.294683
11867.946112
11880.423173
11690.551873
11377.577112
11291.398836
11258.931177
11363.209311
11262.708523
11679.666140
12014.265107
12181.875128
11871.420236
11799.946823
11607.879020
11423.659580
11323.502513
11533.591417
11517.353773
11372.283717
11266.436176
11170.087649
11405.464980
11564.538458
11799.540488
11645.200109
11841.305430
11832.974734
11904.735234
11945.603163
12478.347886
12592.894542
12253.814682
12578.090085
12723.985997
12362.887023
11977.132040
12156.696696
12105.495570
11784.384937
12031.285832
12395.053638
12106.684519
11765.489779
11990.731004
11577.801819
11450.737554
11931.181872
12366.131656
12292.836939
12607.373985
12272.365827
11747.587884
11314.503798
11308.263319
11286.375258
11451.694513
11697.130869
11739.903357
11713.613736
11869.850091
12262.110958
12670.614859
12637.955329
12552.143710
12369.983042
12241.054084
11850.803194
11826.634673
11969.164702
11807.075208
11445.445837
11281.847644
11410.841875
11263.509735
11169.428997
11087.803367
11251.266054
11042.869842
11126.576859
11014.516400
11020.543387
10814.164495
11083.669513
11077.191533
11674.745948
12743.193224
13572.986702
14016.114780
14310.638180
14244.717243
13388.493269
13104.479432
12756.990114
12297.249809
12076.975292
12162.638926
12101.262905
12309.770420
12393.589988
12369.521416
12353.049559
11871.034795
11517.324571
11703.351929
11929.842393
12150.707815
12650.895285
12822.763743
12910.738193
12944.603519
12907.458474
12832.251451
12666.790307
12609.332959
12635.643468
12394.593511
12232.890911
12187.790349
12090.119943
11747.506618
11947.661244
12029.069373
12141.616951
12386.653983
12607.277863
12535.958837
12570.595272
12380.523794
11971.676844
12052.011206
12381.101138
12468.568353
12667.048213
12317.680603
12013.071881
11733.043934
11637.383653
11812.614297
12133.510211
11975.371727
11842.293636
11789.278603
11631.963547
11772.908153
12003.433254
12205.733052
12289.461327
12015.872341
11817.357929
12067.843997
11978.076994
12018.992974
12298.734513
12854.737057
12734.553549
12670.942227
12660.978983
13042.978503
12871.613966
12614.770754
12602.688262
12302.154494
11705.397063
11533.733978
11579.943789
11753.836408
12152.022686
12488.942732
12756.990114
12935.210375
12553.088007
12502.230660
12495.822690
12610.497934
12546.278333
12689.249064
12311.473108
12162.256834
11786.391397
11826.559328
12408.189628
12878.763775
12753.712045
12890.831520
12666.500340
12345.591418
12187.951384
12273.715420
12163.773495
12296.128739
12163.180199
12179.576814
12179.576814
12471.744340
12431.512662
12580.986120
12768.648722
13001.697860
12484.763816
12526.934782
12302.073720
12163.142191
11799.546300
12022.236433
12430.882255
12635.389567
12641.080372
12790.635648
12986.946012
12908.458296
13307.199361
13503.107978
13507.564727
13381.082244
13226.486695
13207.974811
13107.504674
13032.368211
13275.443009
13519.692860
13099.233252
12906.869357
13037.842679
12698.565621
12391.530309
12680.001633
13040.015220
13076.061313
13393.110641
13683.590507
13295.416128
12827.299094
12978.760693
13085.055335
12710.112022
12914.442377
12974.040299
12839.177515
12771.505965
12994.077673
12802.247625
13124.908891
12898.021178
12616.008242
12583.927770
12821.131310
12465.627130
12518.428888
12763.557606
12503.294096
12264.152764
12170.177477
12431.582341
12640.216238
13485.702207
13661.245158
14137.345363
14145.762405
13788.015221
13118.992311
13182.309444
13114.459185
13055.370679
12761.390459
12622.781069
12568.070052
12792.621515
12782.231254
13043.908080
13162.012047
12935.259383
12798.729095
13207.245038
13975.654842
14171.466087
13998.133427
13725.985021
13358.423920
12813.042065
12887.234739
13414.358800
13874.067686
13712.315198
13673.785763
13366.696808
13054.459077
12396.722564
12425.282111
12210.913664
12222.783716
12255.498315
12488.269452
12731.340470
12933.884404
13001.849234
13285.640573
13044.554138
13165.607314
13122.345264
13410.780637
13413.450314
13805.683070
13723.637210
13999.230102
13458.412162
13319.474246
13632.247295
13552.084395
13070.189644
13044.073463
13165.012050
12804.848187
12684.581963
12790.876218
13013.516728
13101.169790
12992.698353
12958.306394
12996.755289
13275.472150
13422.680453
13569.638957
13651.104891
13762.085842
13974.367258
13906.393397
14350.315196
14666.880181
14975.907586
15588.487702
15647.755124
15324.480744
15306.495229
15650.004175
14984.157074
15139.400842
15178.742187
14949.879704
14377.262377
14432.078340
14554.006705
14685.483974
14740.035468
14601.635883
14813.981460
14981.619643
15741.697387
16094.961728
16170.838782
15896.265506
15503.289754
15053.738743
15207.292960
15542.421844
15571.024982
15335.481497
14500.214541
13696.812647
13594.720594
13658.837649
14191.950992
15135.796247
15611.466830
15773.309450
16009.649977
16106.305750
16302.216257
17121.643897
17652.669110
18081.884637
18545.666521
18282.209166
17788.054392
17684.001184
17116.774639
16534.434250
16407.791078
16366.784560
15579.933170
15439.627504
15811.746341
16797.052798
17807.921298
19571.541703
21252.218625
22148.055037
22633.965376
23026.271126
23347.009272
23214.890770
23784.861158
24178.840906
24657.505126
24694.064779
25245.426410
25333.011680
25357.787400
25377.737060
25373.701623
25391.430283
25007.724956
24842.549117
24968.883189
25203.561094
25304.138418
25870.110143
26274.345817
26078.156091
25951.354834
24209.837733
21257.952132
19269.759548
18103.243416
16186.644993
15629.339763
17141.276088
17329.643752
16313.988907
16671.750157
18136.389166
18288.082143
19251.919171
19677.078989
20131.031954
20082.836115
20611.643445
21045.259273
21482.349289
21598.267344
21706.868358
21823.192614
21753.740368
22422.200881
23079.943247
23455.068279
22240.918342
21640.328428
22159.267367
22737.424890
23318.618008
25612.952517
27182.390987
28271.409869
28878.249561
29275.334192
29416.010904
29503.868824
29416.010904
29618.290122
29700.717473
29373.535280
29234.755541
29067.049333
28801.431164
28719.255495
28502.692589
28122.465819
27648.321565
26878.343420
25749.841124
24080.777150
22027.110239
19935.493373
17577.583721
15419.452481
14023.460566
13140.838230
12282.629971
11714.645227
11327.657307
11530.122546
11726.543075
12537.397019
14106.086562
15267.208500
16116.608502
16503.160279
16000.422938
14962.642300
14473.036180
13494.756789
12990.111370
12683.503145
12765.349321
12224.290477
12342.682448
12457.162530
12875.947772
12602.465836
12662.342666
12343.392578
12157.573781
11646.953595
11354.668758
11158.250987
11107.416092
10633.039592
10635.392081
10706.777990
10917.238759
10571.794391
10498.224035
10032.519915
10022.395598
9870.189331
9794.359828
9980.304963
9911.123684
9663.494528
9615.454771
9887.050015
10122.299549
10277.574496
10351.060855
9529.661854
9227.048213
8417.995386
8385.075296
8115.234596
8810.925909
8818.964629
9305.444019
9509.705383
9565.039921
9336.618026
9329.951631
9075.079105
8778.826243
8621.470689
8996.075210
9049.056081
8673.234737
8628.044046
8267.996220
7909.814076
7999.695426
8478.013598
8408.045586
9142.131517
9298.054769
8977.251228
8558.359232
8435.987445
8439.938997
8414.289841
8467.418482
8544.217676
8771.577198
8726.779963
8582.413659
8347.326273
8044.793878
7922.669060
7617.709320
7677.955923
7780.517535
8070.651369
8386.869400
8765.101256
8955.358682
9263.562510
9505.050930
9184.128747
9077.876322
8829.533074
8282.055757
8083.600415
7861.113064
7578.970663
7578.970663
8292.004554
8673.962582
9540.269980
9879.630297
10143.879675
9870.458046
9884.627984
9578.258644
9519.209036
9410.987900
9557.995172
9655.882385
9471.942190
9355.360047
9299.077062
9440.225104
9334.045495
9501.697799
9460.874035
9523.084650
9159.582732
8993.901243
8875.334078
8593.463346
8334.465904
8365.744869
8291.918575
8253.130584
8594.236725
8712.769205
8735.018436
8773.983261
8988.407439
9000.648204
9126.907263
9325.260836
9226.960670
8979.784810
9012.574437
8919.975900
8875.369686
8950.750996
9143.259691
9177.857205
9412.368573
9471.263546
9536.824581
9418.381368
9336.731281
9446.589218
9440.394168
10014.438076
10196.835592
10206.914806
9912.493382
9801.887587
9697.874061
9640.822178
9607.795698
9607.795698
9548.403706
8960.180608
8802.555284
9307.333100
9325.580799
9525.876947
9817.922378
9883.553632
9580.923840
9485.130934
9519.616892
9578.800077
9787.053075
9948.464494
10149.429723
10433.155190
10328.892475
10316.250224
10136.603958
10088.310340
9912.914483
10023.113355
9389.584406
9142.898012
8649.721472
8275.242767
8465.322517
9156.089867
9377.095035
9653.728928
10013.091408
10113.156517
9882.648965
9639.644083
9833.897453
10084.999249
10082.717703
10346.373726
10644.835976
10967.433261
10985.950768
11008.351955
10934.896737
10877.629724
10971.687072
10781.855611
10738.521116
10685.629863
10855.212256
10434.332312
10213.930494
9788.287787
9862.368690
9690.618698
9993.421760
10252.943000
10737.072872
10833.025545
10898.279439
10758.090618
10541.827071
10214.904399
9994.552086
9966.040546
10206.684777
10239.215983
10288.049520
10418.959170
10382.026714
10225.888503
10281.120879
9921.479945
9396.340671
9547.567769
9393.146942
9239.255557
9354.460224
10232.876508
10384.132739
10508.341279
10520.908371
10512.274932
10257.155370
10150.841629
9884.340765
9953.681621
10215.253468
10002.830098
10002.830098
10291.281947
10143.990058
10150.589628
10409.934982
10436.424295
10330.321952
10414.044191
10309.657437
10152.273971
9968.857117
9916.507784
10214.779810
10371.999059
10707.181867
10819.682115
10721.416274
10459.664240
10476.319442
10300.810928
10429.158620
10599.324031
10781.656886
10718.087195
10691.435357
10671.087192
10404.543074
10235.057031
10013.991364
9838.661908
9803.797939
10361.063455
10744.937981
11190.293013
11221.074229
11359.977268
11043.553663
10657.140658
10301.848547
10232.325417
9962.639319
10078.874895
10338.476016
10503.720068
10720.405983
10663.179614
10465.085667
10238.076775
10301.439960
10014.969973
9947.656394
10170.283903
10660.667463
10646.264895
10822.077447
11438.810793
11599.517209
11143.728539
11178.371216
11437.980079
10943.493800
10476.667754
10429.541909
10182.565088
9816.813979
9843.171621
10244.073854
10411.634122
10421.617554
10574.870460
10513.556509
10309.269767
10290.975304
10642.610202
10658.487544
10885.489244
10841.519094
10684.096230
10316.119676
10328.750452
10263.413036
10373.467416
10485.771900
11188.706014
11127.382756
11139.661047
11237.693412
11327.583607
11111.346458
10900.693662
10878.442421
10914.267631
10944.857798
10718.156876
11157.119145
11343.319853
11758.270404
11776.732422
11813.040868
11944.197800
11966.519796
11403.306137
11260.306471
11338.217153
11042.170373
11104.797735
11099.141943
11393.482019
11374.998958
11511.978216
11338.299986
11696.912637
11758.306814
11803.125303
11629.548097
11549.727021
11399.735865
11314.029160
11276.891932
11352.385228
11493.729459
11251.224780
11075.352050
10783.097765
10813.977433
10783.099965
10688.950623
10610.957584
10964.666647
11193.582859
11238.644533
11741.495864
12070.713938
11821.262038
11702.925637
11762.189423
11289.224142
10674.281260
10392.515634
10291.857882
10250.982982
10365.368277
10827.161629
11223.545573
11615.974798
11850.851615
11692.418490
11531.312681
11568.107227
11202.240091
10822.208638
11232.833829
11696.748015
11794.939574
11868.302100
11984.732128
11910.708834
11577.939989
11400.103074
11121.932426
11270.920458
11301.057460
11227.865311
11548.516580
11903.939321
11758.984302
11727.097730
11767.887008
11800.566359
11698.381930
11637.323360
11554.977470
11828.490722
11824.465460
11965.726126
11912.516966
11754.113111
11313.055664
10804.219982
10607.771093
10728.263537
10846.391685
11253.347674
11486.418711
11308.263319
11169.510328
11113.324162
10759.771267
10604.843780
10919.243810
10827.186188
10743.195650
10900.421945
11168.202331
10928.925921
10943.306730
11095.460121
10893.323722
10692.930493
10830.436939
11173.359646
11189.201736
11369.252073
11606.171744
11767.700068
11532.690372
11464.519084
11431.578680
11213.202115
11131.263338
11374.556741
11384.650386
11386.561246
11472.775243
11351.818618
10869.758701
10983.643545
11378.071322
11557.870095
11420.992870
11472.619796
11590.360746
11619.089212
11851.913299
11976.951935
12379.168933
12351.557621
11956.767348
11515.570840
11605.409582
11519.675485
11569.525895
11496.102448
11573.837448
11359.361217
11526.837313
11628.856842
11882.370981
11722.836954
11730.835377
11446.999514
11258.818001
11273.053636
11389.634091
11593.816049
11681.538903
11964.498297
12170.544432
12260.373858
12389.412763
12374.647704
12144.508334
11608.896655
11512.986712
11747.996661
11713.458817
11783.382517
12208.367069
12243.095624
11914.393599
12406.822011
12270.340154
12157.882566
12433.751439
12487.169212
12488.729251
12925.757659
13232.548348
13132.273916
13261.214438
13187.543209
12897.041047
12390.191826
12144.867125
12061.247130
11693.288611
11803.508993
12359.467391
12641.000369
12537.126813
12839.542000
13162.001930
13149.691847
13027.066746
13047.937891
12935.248975
12576.931061
12239.552290
12394.887580
12492.895338
12190.743537
12316.764416
12482.177189
12269.483322
12193.899426
12731.306934
12799.405216
12705.482984
12885.517583
13057.235056
12734.258646
12670.112481
12762.086690
12874.436539
12500.372758
12434.904350
12495.246758
12515.941994
12521.724670
12926.211455
13326.884320
13218.221080
12963.183733
12893.581956
13003.905294
12787.411568
12545.324421
12667.531767
12712.759969
12606.220971
12620.447834
12799.031955
12944.147175
13275.173995
13319.724881
12978.775917
13113.079766
13270.324655
12723.257172
12694.238628
12965.816806
12739.214947
12582.211310
12457.411683
12439.008514
12602.696749
13113.510566
13236.178781
13426.033576
13567.225815
13728.957126
13327.678290
12700.444930
12257.273645
11958.977481
11899.412647
12073.849994
13281.590875
14599.159051
14917.578866
14784.862141
14828.712218
13956.685665
13544.108349
13509.209801
13640.071989
13568.204228
13850.368632
13488.159781
13523.260542
13980.852799
14061.061068
14269.754460
14994.493743
14904.091866
14396.049126
14404.153494
14191.676451
14001.496733
14089.239017
14256.846726
14330.931150
14196.133712
13397.525599
12898.583146
12508.238978
12256.132650
12834.339291
13463.493949
13994.912837
14219.400575
14319.976058
13773.985829
13528.941458
13359.132131
13292.064016
13590.896416
13969.299285
14886.188119
14877.807370
14942.828807
14997.572478
15453.423852
15497.720539
16468.365656
16887.233200
16354.659350
15324.333804
14257.988070
13430.803050
13307.686433
13863.114856
14132.365557
14400.649837
14654.045002
14878.000659
14351.164073
14269.950836
13911.917265
13292.866656
12941.425263
13708.827537
13837.809126
14771.178866
15646.497962
16101.817833
15262.580096
14798.571662
13817.641067
13310.757311
12887.832155
14130.295975
14810.341072
15229.413595
15689.063669
16484.424079
16820.997261
18095.689347
19092.204686
19847.154208
20437.566688
20549.374101
20743.483882
20453.925826
20242.691000
20028.395168
20154.710253
20291.493290
21241.884990
22478.050044
23262.895609
23914.040517
23876.511511
23821.694699
23416.574237
23323.172189
23359.151225
23811.124482
24276.661776
24921.950158
25223.057489
25408.915936
25529.639811
25638.490642
24321.277803
23531.264357
21720.007866
20417.982959
19780.968196
20607.892501
21374.334728
23012.164887
24366.313802
24715.606493
25181.721219
24742.071185
24864.939506
24122.506451
24165.051022
23893.845422
24413.253712
23410.540064
24119.672042
24266.881345
22914.739070
20515.607014
19764.177607
18838.240655
18342.306399
19802.694601
20740.627461
21728.751202
21747.071116
21737.362056
20952.324639
22149.562718
22770.845503
23700.637118
22493.124885
20884.928463
19256.570019
18332.896384
16009.543250
14954.528531
14712.124358
14897.711434
14643.557725
16227.020446
18613.562524
19565.675384
20341.939402
20826.977067
19701.233948
19204.683904
20033.890013
20291.588269
18323.671925
17245.047647
16366.634920
16240.388355
16166.212277
18676.756807
21380.590150
23466.972535
24690.373764
25507.722473
25748.327132
25172.343819
23825.206147
22158.748453
20106.290474
17890.781942
16241.526103
14901.457379
13683.375099
13233.836250
13153.565843
13370.606917
13701.500731
13558.319665
13544.005923
14055.253828
14751.668433
15626.070167
17101.554155
17847.328564
17770.981175
17325.600133
16465.332837
15046.026860
13923.536142
13594.990133
13556.224722
13479.025825
14142.707277
15053.663967
15063.931982
14816.346976
15041.602500
14581.882705
14039.967431
13777.695057
13372.435069
12590.529518
12631.433211
12165.639799
12105.474052
12463.136277
12540.676012
12354.751365
12704.443437
12724.363030
12313.615987
11970.088050
11902.736049
11649.458282
10966.339702
10875.921899
10653.657000
10344.973639
10531.005926
10877.764390
10606.027855
10884.042353
10959.133428
10505.888304
10507.773922
10740.915942
10801.910149
10646.545666
10176.739204
10106.861841
9853.263140
9420.029051
9171.064908
9514.163144
9095.176059
8911.464536
8899.308262
8802.783118
8799.107248
9007.314933
8870.750449
8995.417740
9334.214391
9001.241329
8674.348943
8987.200420
8834.272039
8518.959084
8907.524456
9197.918121
9015.942122
9071.565204
9387.955933
9296.379972
8917.275055
8737.471072
8780.606843
8561.845703
8302.268896
8229.921373
8164.889100
8293.451294
8360.881866
8424.047017
8790.532245
8925.431367
8733.403628
8855.971948
9002.953096
9061.152969
9085.673581
9197.863639
8844.704360
8534.147249
8451.785039
8374.567218
8120.560806
8245.542727
8282.372294
7953.476250
7826.956455
8027.169697
7984.039567
7861.447485
7927.834418
8203.863725
8154.335746
8409.662002
8519.904023
8562.357947
8114.705437
8002.255692
7802.532833
7906.724476
8261.668056
8954.353062
9149.704926
9325.765959
9621.932400
9399.309918
9234.061845
9418.024851
9413.440504
9603.767723
9707.905949
9663.128113
9849.168742
9836.972394
9624.157703
9782.820321
9856.450522
9547.714764
9737.566476
9592.655904
9490.731161
9404.736485
9288.118378
8957.056621
8885.270795
8749.300828
8579.692985
8628.671917
8645.266532
8745.256143
9017.747746
9179.264945
9238.364777
9412.363689
9440.477294
9262.242048
9248.207469
9286.961278
9452.266098
9446.225497
9345.932096
9482.959412
9503.766427
9207.093023
9176.706544
9200.854894
9198.278771
9406.921326
9635.710790
10056.852963
10323.200974
10421.131741
10390.473487
10255.915149
10014.317531
9920.500336
9685.392273
9430.115727
9614.076413
9638.681310
9760.969288
9902.082096
9744.393556
9447.923680
9324.110374
9029.209408
8863.537331
9227.159913
9946.306630
10257.037566
10519.572447
10778.604977
10723.744533
10220.932329
10102.720260
9870.325314
9847.940410
10072.465184
10305.184034
10285.109188
10663.593784
11019.288131
11125.430046
11333.801383
11431.741521
11201.436199
10574.279229
10439.223760
10139.274883
10130.918061
10261.200397
10980.236324
10647.026809
10432.943724
10365.216323
10173.146889
9674.212616
9704.842826
9801.201406
9692.869725
9885.024998
10117.792919
10528.870415
10651.419891
10637.055687
10406.574647
10459.524708
10473.938527
10368.006158
10619.086792
10879.635675
10801.889166
10346.245267
10184.715644
9863.961477
9640.123264
9815.386101
9921.727124
9989.416497
10211.621901
10257.611965
9828.726854
9849.242499
10002.489065
10022.859891
9876.283032
9805.380309
9942.226212
9744.061945
9466.089772
9833.251372
10147.647547
9934.870055
10026.932905
10319.304488
10642.046410
10550.018426
10674.472424
10942.098622
11215.921766
10873.325859
10862.938108
11054.761823
10762.933006
10088.368326
10178.915604
10413.875456
10401.542640
10546.603568
10908.332120
10607.607258
10390.991014
10145.844093
10117.303866
10131.724583
10123.471935
10193.175995
10532.312897
10699.742849
10530.127151
10947.056236
11351.582242
11071.799004
11032.647998
11249.473570
11299.514389
10631.305062
10543.365079
10386.371757
10465.937952
10377.702854
10541.295596
10553.398529
10688.435259
10680.207317
10750.393820
10795.164993
10919.819406
10846.123926
10866.595296
10756.623503
11163.185319
11062.950006
11115.947174
10963.003610
10912.934185
10491.846479
10669.425113
10636.939426
11010.903323
11038.815729
10912.465288
10891.832794
11151.242737
10883.889523
10869.656744
11192.639023
11124.914252
10863.390676
10624.165152
10614.353957
10496.138932
10526.587690
10867.651357
11074.212477
10959.695383
10919.010120
10808.652040
10465.584595
10481.912312
10455.717416
10157.506074
10465.967847
10404.603042
10382.018639
10654.749377
11047.000448
11112.335960
11214.762494
11323.056874
11282.627005
11270.335562
11135.861776
11215.470953
11035.439881
11077.199150
10995.847567
10578.899455
10458.535014
10544.195413
10375.943818
10417.060105
10884.855610
10653.992111
10545.726217
10759.898521
10774.431379
10704.593507
11258.680958
11415.977305
11317.724001
11266.818189
11099.004269
10964.138682
11236.192585
11193.712799
11232.669994
11461.481777
11600.522571
11369.630903
11608.100191
11646.918677
11583.595236
11628.334743
11690.114810
11461.289749
11575.605485
11878.099443
11575.605485
11804.582630
11838.550906
11981.567475
12048.953578
11977.730066
11558.557934
11793.166644
11412.999685
11061.828704
11392.818652
11868.675969
11802.633486
12186.771187
12381.018883
12642.278827
12922.555152
12823.980644
12425.841307
12127.550476
11937.628250
11498.138971
11279.670612
11557.329282
11745.383544
11839.305623
11588.573023
11812.518026
12058.046981
12200.692334
11792.314480
12016.879524
12201.198703
11837.842928
11457.559854
11582.225569
11379.904765
11159.763830
11059.366682
11132.985754
10789.783695
10887.739752
10741.792505
10733.605354
10808.834572
11305.433625
11356.517854
11418.573766
11543.331757
11812.747742
11692.240010
11812.747742
11913.368393
12076.872827
11919.270579
11991.139654
11770.033861
11219.243672
11010.709448
10796.276156
10481.712344
10281.265901
10654.098769
10943.997625
10958.289809
11032.061200
11242.697131
11272.337113
10933.129484
11376.835766
11701.714574
12251.025591
12475.772249
12737.231984
12814.946629
12723.347819
12383.647628
12353.581347
12292.508763
12423.119098
12815.315961
12600.824425
12305.990757
12320.153357
12314.381840
11973.324544
12007.919445
12055.986679
12062.135280
11716.918654
11947.830153
12043.680637
12322.666664
12530.720833
12297.814530
12038.352820
12258.818587
12140.926943
12140.926943
12222.577801
11883.198039
11977.530835
12169.797775
11867.274751
11896.082266
12075.851015
11850.876123
11882.946445
11901.494522
12068.643281
12438.719941
12714.394580
12892.955348
13248.448222
13316.151023
13072.681531
12466.145623
12455.983570
12596.888631
12682.597127
12827.503563
13444.804069
12963.810075
12643.209595
12661.534614
12399.881633
12287.503950
12800.294622
12784.268903
12483.898376
12767.927358
12796.418579
12762.427645
12981.191705
13261.235122
13307.776272
13360.922352
13240.796130
13140.829405
12989.515641
12897.767673
12405.143171
12166.551196
12091.229661
12060.635653
11537.608482
11504.623266
11723.020711
11845.805763
12129.613810
12587.581624
12920.434438
12958.626661
12817.578165
12523.162286
12449.889558
12670.394332
12906.874162
12929.229682
13062.347403
13131.775603
12667.788664
12545.848897
12815.268371
12427.227965
12265.876866
12267.804043
12169.659676
11842.435746
12124.442487
12314.521883
12522.874155
12372.740716
12293.086456
12521.820467
12836.315200
13300.517208
13302.311130
13392.506732
12893.573142
12603.624124
12342.061742
12394.309294
12577.690001
13101.181774
12760.032997
12608.518211
12686.815407
12700.876751
12570.346245
12932.023985
12978.711051
13439.646753
13650.103813
13754.231168
13756.253428
13692.958165
13448.229595
13148.478603
13007.154341
12935.419415
12843.804003
12997.903296
13257.380438
13304.325404
13712.759132
13839.579370
13352.749684
13113.620640
13326.510509
13419.969417
13679.819995
13884.317482
14205.408711
13877.711193
13443.015268
13329.977707
13358.357526
13464.705556
13564.711033
13681.212950
13479.285906
13593.399532
12923.162171
13145.347862
13295.050119
13125.456595
12690.279403
13088.810903
13123.604051
13436.201230
13953.282093
14724.648745
14816.288945
14360.994766
14064.513179
14124.187611
14037.769317
13835.367910
14174.691516
14409.584920
14328.181762
14455.775943
15549.682253
16567.006730
17502.659690
18273.007280
18761.877593
19043.865552
19334.009822
19065.921752
18994.861001
18671.837279
18713.057493
18688.733416
18831.179411
18849.992910
18623.522316
17683.953824
16898.815258
15846.574370
15125.140696
14982.942358
15443.012862
15483.936329
15338.633622
15057.037781
14814.394511
14368.622825
13784.717075
14309.907740
15709.267586
16984.116825
17960.212289
19726.034472
21139.350716
21942.346293
22642.021040
23263.026572
22874.709519
22311.374778
20692.534739
18732.659668
16757.061881
15745.670002
14799.687754
15407.202259
16775.244611
18571.103966
20341.078701
22019.868020
23098.666768
23323.222651
23758.590154
23832.775929
23991.328901
24053.190833
24008.765236
21792.152956
19716.240813
17975.336760
16793.775695
16631.955648
17906.658822
17645.440378
17204.187663
16624.245303
16325.110617
16868.244532
17240.557890
16659.955252
16501.240823
16593.337603
16625.515798
18276.578704
20601.552867
21392.526588
21548.903217
21250.873887
21618.860972
22396.765465
23456.876872
23357.176301
23308.515305
23107.352436
22770.805649
22798.836439
23552.682335
24263.799513
24459.535677
23859.552104
24163.723436
24588.243333
24271.705827
24416.786089
25060.167643
25109.222168
25223.430692
25440.665887
25840.840236
26035.482994
26102.324059
26238.200368
27088.575119
27538.073388
28120.586326
28537.333406
29054.025931
29330.762472
29138.897655
29292.495779
29260.157725
28945.715994
28638.918036
28485.990126
27660.286783
26781.936077
25634.224132
23762.317862
21431.017007
19267.360029
17210.915667
15301.880848
13990.371424
12768.121349
12063.295150
11360.143249
10610.608020
10249.281554
10948.063466
11806.202278
12960.700211
14455.466135
16098.249006
17029.996890
17488.099821
17663.830089
17204.402406
16005.169076
14811.864418
13828.852376
12666.606109
12019.252596
11816.940072
11620.548038
11455.246551
11753.760889
11936.133383
11737.837185
11895.437498
12023.838465
12048.210685
12374.711015
12640.539515
12636.514769
12258.364657
11641.374364
11140.488548
10792.894040
10554.113579
10652.144943
10931.938119
10757.651960
10939.657189
10594.053274
10434.678002
10424.771833
10436.700543
10028.004944
9840.120233
10030.190345
10066.837515
10072.920551
10087.146315
10514.215142
10346.515810
10054.124536
9793.998061
10104.365077
9483.323673
8935.722431
8658.037867
8932.775083
8684.971613
9015.911862
9057.138592
8871.267340
8614.652077
8459.325737
8283.347025
8531.020439
8802.412339
8502.113474
8347.021700
8598.117074
8692.134483
8681.958502
8461.553136
8514.452469
8565.623603
8383.664100
8118.081334
8929.346782
9272.588627
9011.667921
8801.211711
8709.635076
8366.625346
8102.532807
8101.074851
8272.940173
8423.910647
8479.789858
8348.565668
8348.565668
8632.847444
8872.038802
8647.596395
8759.794326
8862.343791
8911.287948
8811.029532
8738.817515
8791.892030
8902.353990
8406.024996
8291.713307
8409.404823
8444.359650
8352.719167
8554.605669
8646.619773
8696.717182
8418.959382
8226.905804
8259.490412
8396.657649
8504.636578
8860.064115
8856.126181
8907.277628
9049.944927
9048.365632
9021.577339
9239.500007
9164.523742
8946.117119
8713.785569
8641.951378
8449.997099
8470.640448
8376.603279
8534.647368
8526.595045
8565.461287
8771.839164
9031.392778
9109.240177
8923.494954
9276.814344
9182.853028
9072.544745
9008.279577
9272.106234
9202.708933
8990.005841
8998.240745
8976.133539
8743.171748
8602.250911
8610.466682
8620.945782
8592.825943
8678.103793
8527.012163
8592.826281
8594.438364
8767.074099
8879.568242
9196.114911
9426.778579
9449.637883
9395.575707
9611.915865
9656.604194
9687.448863
9523.766736
9551.857942
9327.668046
9350.274189
9439.700610
9480.612579
9568.583991
9641.988012
9621.803389
9388.473044
9728.027313
9816.430901
9840.797518
10053.100402
10347.233500
10128.620541
10112.818197
10000.510411
9603.931265
9385.729748
9542.882488
9390.505506
9641.572159
9868.939934
9647.987733
9463.942334
9405.900554
9177.239086
8968.477407
9113.600797
9324.651052
9606.988219
9735.646578
9933.629228
10082.632021
9996.665149
9794.588133
9673.880634
9616.901804
9770.328992
9931.724734
10177.977443
10261.722329
10010.474996
9834.502314
9644.864393
9053.430854
8912.472130
9145.166781
9194.541671
9170.141160
9516.414832
9796.434478
9733.267283
9678.423496
9863.889665
10086.613100
10268.241276
10304.840659
10141.549237
10282.381677
10096.294074
9800.165939
9969.658384
9988.417231
9834.502689
9772.503464
9848.462659
9676.496628
9889.391293
10011.725017
10081.811102
9961.430755
10179.736205
10073.692066
10100.176069
10370.431885
10442.141972
10129.317255
10419.578990
10323.694141
10104.990741
10041.960050
10385.340532
10332.174097
10567.138665
10829.825124
11162.732809
11103.499719
11066.580486
10623.100233
10216.375500
10224.656163
10622.946596
10312.723470
10539.377063
10681.372321
10503.669344
10088.628955
10426.182861
10419.775376
10377.852252
10461.623360
10296.018335
10230.617584
10202.334559
10314.436773
10040.828811
9983.373092
9889.693432
9995.545230
10117.670560
10328.500395
10397.895664
10422.118527
10755.838948
10693.037074
10589.127240
10697.391235
10727.926982
10642.409219
10622.209630
10489.468659
10896.123078
10885.638746
10587.389669
10918.016009
11185.675247
10652.439865
10650.485108
10458.380299
10091.653147
10117.859767
10228.661327
10582.025404
10923.084109
10819.243140
11245.976820
11436.052304
11340.175306
11341.849933
11568.552177
11359.983530
11619.432995
11589.233672
11599.170260
11488.796357
11299.131681
11274.506330
11384.788932
11399.297415
11683.884653
11922.345563
12155.897249
12333.061577
12333.061577
12272.973747
12115.858924
11780.848217
11619.299385
11541.988477
11241.127259
10912.462653
10642.698653
10599.343916
10777.369742
11160.208965
11736.670527
11983.505508
11789.351538
11548.370378
11387.958766
10922.124495
10746.106302
10936.433035
10981.603622
10997.493133
11248.587121
11138.336464
10897.324584
11075.125452
10944.726483
10703.723560
10993.702029
11228.702351
11012.259011
11114.479434
11120.681237
11193.870444
10820.090806
10520.036000
10517.764391
10763.023677
10305.176537
10407.519368
10687.822587
10745.343738
10618.935291
10567.854510
10567.854510
10453.458006
10443.216750
10453.610220
10608.945950
10678.361998
10860.087408
10934.386636
10811.808009
10723.828498
10819.876103
11110.272993
11346.498502
11789.759172
11992.097593
11988.168874
11753.411522
11398.511533
11188.084045
11251.404944
11253.470164
11218.705073
11346.770038
11201.774755
11171.177615
11236.568002
11287.603124
11061.227055
11092.012193
11114.331317
11245.066748
11357.402129
11511.828230
11436.154681
11505.418003
11270.446932
11023.203573
11039.302002
11192.890468
11470.500116
11640.095950
12013.909070
11901.936499
11817.868499
11333.764719
11094.671811
10567.674637
10589.657394
10473.245594
10477.104077
10675.308106
10632.332735
10640.669712
10471.030716
10575.000691
10681.323074
10973.657855
11065.831208
11496.874307
11529.530822
11490.545800
11396.534732
11188.471640
11247.357232
11412.997456
11299.009190
11664.558995
11979.049731
11962.920685
11838.168110
11970.787174
11893.255874
11919.281050
11949.790170
11694.613020
11179.426683
10769.199040
10696.820853
10257.431858
10388.306479
10688.721560
10993.022209
10830.988474
11032.819774
11124.955911
11208.707878
11147.552174
11127.437382
11299.230759
10896.721075
10583.901515
10671.839291
10950.464047
10774.733176
11305.831291
11779.833142
11757.560705
11504.804035
11856.615049
12224.175799
12193.405466
12187.208739
12456.074121
12370.487401
12274.109037
12305.149911
12233.516435
12318.186669
12352.909771
12064.862315
12060.908609
12287.474586
12057.312734
12312.664913
12506.695776
12353.308310
12171.503959
12407.667949
12475.561135
12322.373477
12440.672358
12732.532914
12704.926472
12443.302515
12433.034672
12083.516463
11801.781904
11719.386913
11574.617907
11788.986776
12160.954669
12095.540651
12215.869198
12317.893760
12191.437360
11949.876150
12135.777120
11965.840438
11841.091964
12080.203199
12153.393523
12045.373988
11882.978214
11848.507431
11684.894421
11726.045102
11928.008490
12034.201811
11915.840681
12012.008578
12150.905889
12005.509841
12208.024004
12404.131239
12046.758490
11838.217415
11811.727946
12130.174003
12417.934492
12567.755699
12710.319087
12589.921096
12317.499487
11855.804710
11771.962877
11655.739215
11794.418232
11664.187476
11948.138096
11944.093106
11980.730058
11861.929429
11908.282283
11900.114706
12086.282558
12329.620387
12554.014685
12185.473233
12352.876196
12630.905828
12681.836071
12812.460943
13177.380794
13083.483066
12999.550864
12864.853344
12834.188747
12958.461671
13090.704357
12811.041796
12862.486084
12829.748283
12767.575820
12448.974157
12818.591758
12779.735785
12589.704470
12736.190230
12887.285690
12635.929968
12705.307377
13040.542550
13208.651945
13265.645734
13243.498140
12994.321761
13229.046732
13068.961313
12723.876783
12517.356639
13148.784555
12384.353876
12120.194273
12181.150458
12456.986064
12279.265426
12849.751145
13329.921059
13683.676874
13914.594428
14376.356493
14801.196381
14664.643443
14932.675267
14702.187663
14097.262230
13672.205253
13902.257939
13756.984217
14104.726689
14273.919916
13812.492035
13508.041956
13495.343231
13222.244112
12982.933809
13430.797611
13454.342968
13411.242961
13354.499487
13679.453105
13500.081185
13165.065342
13062.718573
12925.584695
13050.159213
13083.210423
13447.610765
13482.580961
13707.483770
13519.135354
13707.483770
13500.711792
13410.701553
13629.551444
14052.267542
14293.341654
14750.806310
14820.234549
14423.466133
14171.881182
14239.104187
13930.732939
13949.091337
14288.876395
14031.610058
13462.985138
13561.167153
13618.098570
13614.317477
13675.684254
13867.798003
13921.826821
13846.885675
13646.350054
13533.573606
13392.838900
13104.311150
13490.667313
13833.610309
14182.926858
14479.140777
14525.250858
13932.887766
13785.493258
13297.181979
13383.299617
13495.104358
14032.552557
13540.730652
13560.781445
13354.548578
13424.212219
13126.318182
13675.777003
14374.822009
14650.466085
14690.131794
15209.561476
15253.962969
15648.964799
15850.931511
16754.786004
17046.764601
16830.580176
16152.112874
15804.636634
15424.331683
15726.091983
17136.209891
18227.313149
19616.465392
19530.436518
19303.821829
18507.283241
18100.130439
18106.051072
19360.635572
19379.028803
19338.675980
19426.383221
18823.371984
16685.369295
15392.255659
14914.267861
14366.113437
14411.163472
15778.154782
17075.676900
18109.158440
19041.301813
19073.606081
18605.000208
18439.449292
18773.782287
19246.665704
20069.991397
21893.660388
23031.229228
23956.851228
22931.059536
22249.174667
21483.224610
21542.576495
20968.023214
22598.734438
22988.783342
22646.480457
22313.355375
21296.395877
20235.820987
21053.334059
21008.330635
20661.495207
21386.274955
22389.992677
22416.578051
23939.501297
25359.244505
24930.331861
23984.847445
22592.987265
21432.809219
20717.629194
21626.426589
22538.556013
23112.231117
22300.812558
19787.057794
17807.606187
16418.044077
16878.152473
18322.639645
21464.847609
21777.981074
21250.903247
20717.521942
19851.085953
19125.960108
20135.714924
21942.249486
22795.813851
23755.579548
23086.031386
22347.938410
21649.968116
21912.772302
22694.263712
24580.329849
27158.884342
29012.091552
29860.032798
30389.073103
30407.390684
30654.693308
30871.276250
30912.147199
30487.227520
30571.077183
30252.332938
29860.032798
29717.007787
29694.966055
29641.842011
29647.972178
29165.420776
28857.243767
28560.533557
28084.588358
27046.628208
25855.234463
23718.446608
21309.561493
18908.364602
16886.207633
15118.925932
13913.114181
12933.183646
12211.672793
11470.014584
11008.374414
11067.492521
11915.423519
13040.958734
14557.092284
16258.808779
17638.089408
18051.446463
18220.819470
18012.006433
17335.796112
16245.063677
15337.050439
14442.359585
13228.425887
12495.155568
12247.953645
12111.387528
11676.471801
11752.195137
11811.342533
11437.388809
11269.116958
11606.128353
12004.329431
12065.871710
12490.828625
12869.707543
12650.831226
12233.705887
12238.380906
12019.649788
11494.774910
11400.672044
11455.690423
11261.428199
10998.105607
10913.909800
10662.716074
10486.710376
10807.788627
10787.325160
10927.652269
11221.546387
11270.535571
10582.190138
10477.714335
10013.019222
9621.122410
9430.720186
9397.889931
9332.610059
9671.117470
9875.721735
9536.619665
9383.248393
9217.968685
8746.866972
8419.637125
8593.677342
8705.623059
8845.033886
8907.183881
9037.881210
8817.555819
8764.099109
8490.039758
8674.285142
8846.198687
9136.589020
8901.464916
9087.258069
9379.537583
9394.379292
9126.599487
9191.750092
9104.144961
8614.946173
8112.836770
8190.078289
8267.644693
8279.819985
8666.631879
8916.162885
9275.949140
9557.756445
9717.197009
9440.216154
9585.427063
9646.622846
9679.519996
9724.265115
9702.186460
9262.774533
8995.656610
8883.506577
8723.454037
8848.067717
9074.953967
9148.522155
8829.617820
8490.180450
8336.115728
8146.030501
7724.535577
7927.507680
7933.182798
7863.300555
7959.544371
8167.529975
8288.172309
8584.639344
8748.959792
8840.907854
9022.676184
8808.633551
8748.959792
8742.916154
8632.505252
8471.151595
8536.192792
8751.009076
8843.180241
8765.973938
8645.230211
8512.317181
8681.997127
8954.721765
8919.546816
9028.219273
8964.849170
8488.877609
8418.554994
8884.305613
9192.647055
9419.681727
9902.156366
9565.331973
9149.967872
8794.748244
8568.300886
8090.077420
8166.132194
8357.906784
8683.230530
9093.640183
9565.771921
9766.175936
9990.577241
9551.605898
8873.146988
8319.610587
7960.444854
7780.733235
8007.994389
8385.701121
8908.769917
9271.776150
9218.466366
9430.924732
9475.992316
9698.616930
9762.881415
10108.125739
10399.949723
10857.954433
10622.778421
10512.312803
10553.381910
10510.749403
10510.749403
10433.060383
10332.520996
10066.979890
9838.334212
9470.144383
9494.798339
9555.254913
9653.438571
9573.562067
9984.066580
9916.639785
10097.047400
10554.898338
10789.778637
10550.719452
10769.499707
10518.832917
10469.680793
10441.410026
10428.845501
10206.536670
10224.297677
9821.855410
9860.400044
10032.244570
10246.681107
10377.047213
10369.217356
10450.300901
10479.028953
10446.558325
10652.863373
10814.361707
10456.672520
10323.846889
10581.536023
10629.701613
10596.730708
11095.089940
11616.238264
11665.363115
11727.536589
11974.911299
11835.759347
11772.406401
11760.054018
11638.097108
11644.113119
11390.686218
10945.148830
10967.635629
11292.126806
11580.470659
11715.296977
11838.019122
11594.843224
11182.012438
10389.135951
10432.366930
10462.614123
10074.527395
9723.837270
10193.670492
10193.670492
9995.494574
10314.376362
10598.756828
10574.369649
10576.436829
10598.756828
10676.520083
10614.368640
10363.250870
10300.189045
10616.502333
10775.672154
11026.450912
11128.426274
11130.415777
11048.835521
11185.644342
11243.820906
11337.986422
11482.904745
11554.547438
11115.007787
11185.274382
11354.738508
11401.669407
11407.593532
12041.182139
12167.434749
12224.784625
12247.466230
12298.254444
12149.276031
12239.447865
12237.410962
12300.767742
12374.089526
12400.599310
12268.373747
12160.280116
12248.134308
11988.629703
11600.442105
11520.399534
11060.427228
10647.489728
10529.235879
10764.109465
11417.309322
12171.458094
12242.927439
12434.845644
12379.798314
11594.376310
11191.999785
11432.941845
11437.063074
11665.824769
11754.044975
11980.725013
12358.874042
12507.764409
12485.426067
12639.965230
12898.940423
12386.260340
12112.243500
12225.027088
11832.263019
11333.665127
11593.189031
11746.639604
11446.034962
11887.040403
11664.305420
11090.021923
10922.484771
10628.360900
10137.194839
10343.642341
10734.037994
10594.946681
10705.109234
10875.459985
11112.647863
11032.778158
11380.273607
11672.398958
11877.042531
11754.266141
12013.667183
11995.638331
11782.974261
11624.611857
11747.347912
11616.299750
11307.798677
11215.878732
11496.405389
11361.437860
11222.444960
11527.140054
11651.747919
11427.372352
11478.686241
11678.525793
11345.684470
11402.413391
11479.149860
11376.889724
11515.823061
11934.468127
11852.593263
11496.143232
11594.243063
11401.915225
11095.434834
11210.168305
11546.729845
11274.943934
11129.959401
11348.363392
11246.273477
11166.135686
11454.346620
11503.723499
11368.579434
11411.390824
11337.584409
11343.330774
11486.613888
11936.108533
12185.334686
12287.378861
12406.098415
12503.906150
12328.531028
12271.200069
12180.851613
12156.515194
12123.565654
12072.674487
11602.644809
11512.449434
11308.063393
10930.273114
10874.904460
11369.512899
11844.431288
12017.913329
12342.792370
12614.654859
12927.142312
12752.927381
12503.655897
12685.436149
12556.883323
12027.673860
11915.535968
12121.790425
12040.030245
11782.770013
11766.161062
11946.736627
12179.571971
11956.782081
11899.434218
11965.229779
11652.418443
10920.890245
11022.856772
11039.247607
11127.262729
11261.299201
11343.123112
10905.828496
10873.341361
10973.443782
10846.862546
11261.705619
11703.308784
11445.827555
10963.686054
11172.067179
11219.188757
11202.696629
11464.286687
11684.916601
11418.222440
11076.874254
10717.611961
10787.017877
10856.396852
10916.744180
11296.704437
11776.891479
11376.518364
11069.855651
11123.887371
10805.335285
10398.639130
11074.965851
11553.046913
11663.268053
11922.386281
12184.234605
12077.755277
11783.605488
11809.837525
11973.427068
12075.536848
12302.198855
12520.958534
12476.697914
12274.154958
12248.034109
11857.957106
11992.381181
11860.316259
11729.545476
11743.771006
11854.012615
11222.615880
10845.966486
10919.603027
10770.396528
10798.908914
10791.118144
11350.238003
11838.317968
12218.464697
12271.645476
12577.666081
12445.599987
11738.803594
11436.386530
11254.509990
11426.093622
11454.234449
11750.546307
11662.624476
11603.468342
11738.251526
11659.991347
11106.241629
10971.427975
10936.646500
10511.770066
10381.602228
10541.113592
10747.387851
10923.104107
11123.444425
11269.880607
11660.029179
11531.505618
11449.746667
11515.145028
11881.919254
11818.297111
11871.530174
11922.319814
11967.304805
11568.782059
11399.445154
11523.902099
11583.125750
11603.657449
11599.585267
11779.328626
11646.601744
11640.343591
11448.443384
11536.657268
11691.627403
11926.796145
12041.056270
12051.512862
12141.534548
12008.516749
11932.932277
11841.243103
12088.297392
12096.480295
12082.129848
12145.332921
12192.512023
12300.920389
12250.599285
12232.390570
12199.352270
12385.556256
12301.850972
12688.612035
13133.697735
12948.266332
12555.877747
12467.748161
12317.612119
12141.740314
12390.890767
12687.576870
12634.370630
12714.190535
12487.751539
12105.472517
11991.358999
12399.709111
12566.001377
12707.085718
13203.385274
13305.863161
12970.610884
12571.503954
12426.917414
12390.125595
12661.787407
12921.268940
13490.704023
13479.940131
13069.526730
12991.807363
12789.573297
12508.634667
12858.493435
13316.248864
13177.250579
13111.750900
13067.589185
13227.109909
13386.263923
13658.238288
13884.845792
13796.685999
13626.897394
13439.337646
12975.283142
13181.869391
13472.740945
13202.743364
13002.142023
13325.707120
12943.237078
12478.016808
13072.720284
13183.409181
13132.136458
13297.407218
13257.435267
12771.203810
12822.398205
12936.504192
13224.756588
13579.395697
13518.289521
13708.267842
13698.060209
13307.634874
13501.956486
13446.915162
13130.187720
12932.329456
12970.780015
12736.537224
13018.407349
13053.142489
13179.575411
13177.668748
13213.645121
13332.113845
13162.461795
13236.332555
13567.405301
13344.731848
12958.750603
13187.650316
12882.903743
12697.540385
12817.382548
13121.825755
13236.292554
13518.320065
13552.694731
13707.524633
13568.462937
13754.286710
13985.173192
14103.888694
13937.592230
14049.794816
14098.378589
13777.850620
13565.198770
13976.272953
14123.733265
13827.201103
14049.874580
14141.915277
13808.913819
13659.936077
13495.865668
13171.728110
13649.922122
13818.175541
14056.548511
14664.216477
15166.463464
14886.647410
14429.589441
14464.335703
14307.230815
13918.760308
13560.763621
13899.374749
13938.058003
13776.862945
13670.639954
13890.979835
13716.686135
13626.735406
13737.347366
13798.423172
13533.113688
13901.678705
13954.852968
13785.178603
14442.965456
14559.414595
14297.193213
13616.659053
13426.402911
12872.973699
13383.635300
13621.983205
14126.807627
14331.007045
14355.787094
13842.819687
13676.287774
14081.114055
14350.842826
14708.181249
15010.698195
14784.159136
14432.876242
14216.718437
13878.804816
13887.573867
14158.061124
13882.119630
13888.195752
14143.522312
14364.884325
14153.696251
14127.130590
14445.823094
14848.747311
14846.362635
15176.673884
15285.544250
15026.062680
14165.519120
13822.672767
13569.884768
13698.766264
13183.992006
13280.049660
13251.325344
13739.787371
14050.579843
14620.478946
14804.953871
15088.853852
15656.569780
16518.035687
17153.369660
18064.994675
19063.873352
19439.157823
19936.854870
19643.264568
18688.840901
18178.434357
17705.076280
16979.806893
17727.659403
19357.869024
19961.142153
20848.686982
21651.185784
21332.964715
19898.372678
18963.060516
17962.494621
17143.359235
17711.681106
18794.771317
19997.470164
21053.720524
22169.225403
22994.896010
23908.485368
24312.760324
24715.606381
24727.717320
24684.900311
24491.039465
24145.606392
24023.159817
24178.582820
24479.047044
24915.756713
25375.826359
25265.799273
25312.538910
24873.134155
23790.057876
21399.959597
19606.884230
18580.361831
18084.320334
18497.262815
20593.428277
22714.988142
24090.543395
24315.454090
24962.749207
25038.391958
24870.132488
23546.652314
23456.383977
23491.018150
24148.372447
24439.704137
25785.854988
26550.084054
26719.797005
26533.903348
25565.905352
23569.649328
20946.190383
18167.750500
16534.600337
15925.527535
15725.739845
17004.484300
18552.793540
20151.641994
21483.510952
23335.396218
24539.947413
24464.745215
23576.120843
23381.004336
22825.591317
22396.765250
23886.131484
25494.256710
26803.226472
27993.781616
29099.807833
29185.232108
28719.270687
28328.779881
28391.949456
28179.851979
28560.089622
28716.959339
28660.971155
28560.613427
28835.002138
28677.922058
29278.630008
29806.039706
30302.544539
30602.900319
30320.935039
29887.769157
29446.883269
28907.607315
28455.933585
28330.787855
27516.129284
25830.738542
23909.827873
21349.725046
18818.110979
16571.458701
15199.851506
14147.637398
13216.544864
12490.783726
11516.294718
11470.004716
11839.768957
13010.099521
14753.024927
17113.051349
18448.324397
19069.673613
18797.396383
18019.174018
16627.560005
15277.168855
14375.953414
13871.758342
13105.202839
12804.419949
12672.424731
12533.501066
12823.509199
13166.762450
13508.052041
13990.801747
14271.072528
14428.057347
14534.669750
14324.233519
13729.140099
13621.074902
12962.693470
12641.546461
12776.578684
12839.108778
12454.789466
12442.596877
11788.699129
11539.170633
11479.402433
11319.705946
11205.443508
11614.116824
11410.086233
11371.610717
11328.778623
11046.796774
10773.181540
10417.636907
10188.950159
10148.543048
10123.542387
9970.232125
9923.343064
9526.667935
9446.735876
9526.668546
9761.762020
9673.647419
9992.454297
9665.377751
9404.134662
9109.481682
9516.018290
9446.135389
9227.676651
9205.106283
9139.372507
8769.752804
8679.477156
8943.459404
8949.447393
8777.812174
9012.869809
9379.345296
9551.290812
9545.119981
9734.985304
9575.753830
9100.619663
8928.961569
9202.917349
9350.421324
9229.245701
9618.203004
9894.283694
9859.413644
9575.487145
9606.328967
9361.818350
8929.810432
8593.359228
8850.575748
9030.736052
9030.736052
9058.657682
9243.591233
9498.573502
9443.262317
9108.568762
9204.518637
8979.808195
8415.719971
8334.018308
8484.488873
8433.338418
8478.487667
8283.711985
8131.225496
8018.933472
7928.736278
8047.454328
8462.275678
8662.712990
8802.384381
9041.595443
9143.979447
9066.219283
9049.615210
9476.476174
9368.337145
9340.074468
9595.012557
9433.683306
8989.073361
9178.935464
9505.672850
9336.506730
9573.379452
9689.572428
9581.143708
9350.660717
9681.198309
9575.327816
9641.209860
9205.956800
8938.038808
8734.080309
9238.477400
9166.828227
9354.737915
9458.921105
9193.374461
8566.221148
8652.467048
8746.713717
8583.169431
8732.315537
8685.059525
8442.693487
8583.797468
8933.376589
8888.384594
8990.237557
9068.547357
9177.116750
9117.799869
9019.929748
9138.007000
9560.882933
9413.383770
9203.372650
9266.550131
9181.027240
8890.380232
9045.465606
9816.104253
10437.115728
10453.473242
10699.807899
10695.786540
9927.652209
9433.103154
9821.318818
9771.447229
9579.174923
9634.404107
9742.770348
9691.791217
9853.707120
10197.127107
10421.659761
10282.699119
10411.683588
9762.542792
9341.209921
9233.423553
9235.032699
8793.933450
9234.560903
9653.757480
9467.745409
9425.009254
9398.025222
9225.613831
8986.896384
9197.229598
9377.133125
9575.467289
9743.762229
9717.237136
9682.070745
10107.598184
10040.101197
9997.591164
10389.927797
10434.783883
10077.549557
10267.635290
10209.561594
10095.282015
10395.249191
10448.449439
10630.529166
10878.891897
10825.684928
10839.865626
10823.622290
10617.391183
10462.805624
10570.988570
10499.596948
10542.554280
10487.308097
10332.853014
10055.005900
10100.201505
10028.632331
10028.632331
10401.359838
10419.637528
10129.396113
10095.281326
9972.235337
9678.092729
9763.529158
9763.529158
9971.848090
10264.253988
10400.229271
10706.905791
11140.112009
11042.306315
11232.287306
11630.859185
11759.507859
11808.588810
12104.943877
11792.312557
11691.849390
11556.952031
11522.448436
11221.883783
11115.676426
10907.711330
11011.663786
10876.534615
10733.894462
10654.198612
10992.750485
10798.594317
10868.096435
11088.711964
11558.530184
11192.212128
11142.919965
11269.713919
11323.001898
11367.726536
11223.303693
11251.959506
11076.247414
10814.826161
10393.796244
10333.544378
10307.362070
10476.755238
10912.270449
11079.444643
11305.915936
11583.918670
11659.584543
11477.797483
11591.891376
11760.267239
11684.820600
11269.981735
10961.650150
10932.647327
11024.856677
10998.459658
10967.716923
11445.923766
11758.591979
11684.554217
11641.426864
11911.194398
12038.005564
12217.737256
12267.790465
12482.098686
12743.234787
12631.002018
12089.268176
11966.785330
11875.063365
11672.604556
11390.769697
11456.072167
11487.987886
11136.744260
11042.956228
11386.033381
10987.820738
10704.816698
10674.424844
10647.597006
10455.801863
11042.462989
11294.727688
11691.099407
11717.603335
11691.099407
11623.730699
11603.761564
11385.027204
11174.534211
11101.069388
10921.197680
10849.238043
10914.380853
11261.551959
11308.530032
11161.688961
11332.138708
11185.029541
11007.458991
10941.630798
11350.659006
11214.288118
11291.570313
11062.889475
11216.070033
10919.870657
10943.826259
10970.394417
11172.789870
11213.734382
11550.730257
11686.871553
11709.596118
11944.561666
11697.293884
11685.001458
12071.947107
12243.253011
12227.041959
12414.972712
12486.694450
12364.517231
12386.560956
12121.354756
12100.635040
11953.644690
11823.172521
11496.398329
11641.423134
11850.052088
11774.077592
11461.650379
11333.059287
11455.518341
11083.653532
11075.537221
11093.552111
11563.647479
11385.746944
11365.349395
11608.423585
11714.722173
11463.465691
11395.951131
11473.501345
11569.490767
11812.113324
12093.973869
12273.512203
12749.993505
12517.181580
12450.663987
12228.049035
12207.765300
12199.290641
12583.746082
12557.437359
12782.223038
12690.258700
12365.624679
12428.948011
12216.427557
11872.831881
12214.711905
12463.702097
12093.819322
12382.632908
12592.863031
12266.159691
12004.242657
11667.354179
11691.298684
11960.801270
11932.360708
12024.332282
12363.625130
12116.922247
12045.640064
12019.052965
11906.744770
11820.934489
11816.867992
11728.992247
11966.064488
11966.064488
11698.385821
11357.634784
11251.468339
11396.326275
11915.604806
12283.254040
12790.291749
13148.298887
13072.210408
12875.925259
12839.391998
12963.480069
12430.245186
12226.006544
12240.115089
12509.597109
12481.931463
12541.058853
12467.507890
12040.499645
11821.692658
11731.407743
11703.153275
11619.252864
11770.469908
11850.276374
11866.370422
12093.050065
12240.081861
12564.991395
12538.359490
12684.810837
12948.555134
13205.885810
12858.530715
13085.280824
13560.439140
13500.855966
13850.815531
14214.374783
14034.659351
13772.436030
13956.083128
13715.345211
13674.107467
13633.154819
13194.443929
12808.144873
12712.349568
12577.347328
12266.905097
12361.041714
12299.445987
11792.876982
11484.330094
11423.249575
11166.420060
11489.193610
11897.827865
12232.942098
13070.862358
13772.510132
13894.881704
13637.073689
13300.433594
12738.388450
12617.944935
12272.628919
12487.526740
12709.996088
12787.609938
12144.498697
12007.666123
12254.856519
12222.175415
11874.772474
12269.280094
12676.005940
12516.968165
12874.351252
13327.791778
13482.282822
13453.631582
13786.437572
13564.044456
13230.983110
13064.679598
13056.455360
12852.019816
12923.585379
13184.856358
13445.721664
13049.178552
12626.529597
12475.256104
12397.391255
12132.891403
12713.240913
13193.840613
13518.323439
13787.867495
13801.975367
13285.029217
13035.246880
12747.564385
12725.040065
12863.641980
13300.779356
13711.596916
13862.776258
13531.895572
13675.794050
13747.101253
13371.241183
13301.895997
13342.900448
13467.026830
13509.757533
13695.919466
13976.010974
14247.384282
14085.334863
13774.507998
13717.263434
13394.282057
13315.358544
13248.720714
13884.437879
14200.623860
14425.963613
14354.727213
14155.894017
13665.437527
13598.223434
13393.599363
13408.126688
13235.630447
12645.121276
12312.320629
12569.825626
12616.656900
12680.696314
13222.379491
13487.386159
13264.984085
13262.956650
13199.119281
13082.718130
12865.895400
12802.830814
12479.775432
12758.011899
12529.206377
12388.517777
12396.667647
12608.880964
12673.195731
12783.486678
13094.366806
13184.130893
13302.487840
13491.028196
13854.806855
13803.376640
13923.903512
13861.137489
13259.385285
13243.233632
13541.292155
13631.615745
13647.659049
14114.619325
14112.834914
13736.680862
13599.847702
13781.720403
13503.007829
13114.551682
13184.328284
13370.558910
13108.545553
13024.795377
13214.583540
13014.341209
12691.324553
12875.353028
12945.350460
12810.810920
12971.792887
13337.879866
13464.551259
14143.794840
14433.452193
14570.693933
14448.302965
14221.094118
13581.932500
13339.073541
13312.525441
13751.933813
14206.852609
14896.638652
15368.295577
15468.970614
15164.530393
15033.629838
14735.553860
14479.170347
14295.855516
14413.949305
14404.015882
14411.763833
14044.426976
14256.538139
14113.733492
14277.162367
14086.471035
14358.355344
14236.197671
14135.890354
14162.439346
14887.138145
15610.810096
16671.684093
16872.002497
16738.985622
16087.862729
15324.018576
14430.543564
14736.829595
14502.041255
14582.183030
15052.381880
15646.860881
16092.051409
17325.817195
18133.862434
18640.721414
19018.457211
19102.234308
18706.253041
18084.435766
17408.180608
16366.617003
15419.862888
14777.225640
14778.699899
14737.700063
14714.715911
14846.186017
15657.048230
15094.765793
14602.215543
14935.091779
15748.109510
15600.711032
16147.739632
17243.557313
17474.083829
17325.145144
18137.523722
19382.729887
20638.889964
21723.796894
22038.457329
21626.264634
21349.702164
20877.357693
20838.677797
20691.978088
20791.722778
20665.600805
20855.504231
21497.037971
22343.094352
22792.131048
23495.760088
23900.387317
23610.302374
23467.136077
21438.724579
19750.618953
18580.286340
17897.797434
16695.895591
17488.678531
17615.500649
16971.790031
16393.381446
16730.960835
16644.583177
16757.033891
17277.827144
17513.005568
18070.697127
17946.229568
17595.374032
16580.048626
15280.329205
14046.430861
14181.721462
15311.617525
16971.164123
18580.368991
19532.854731
21016.188373
21881.895680
21424.462862
20895.009007
20182.022868
18533.431324
17176.240957
17546.447887
18435.024883
19920.051231
20607.387988
21484.153802
21777.385985
22222.507588
22629.126241
24069.377271
24868.784499
25148.561556
25414.393419
25921.409876
26201.530012
26453.393736
27238.235110
27530.423517
27424.213567
27422.104466
27640.606173
27738.621082
28024.945279
28379.963275
28378.403464
28151.718979
28466.154759
28531.408396
28595.337680
29248.776670
30158.719675
30107.639023
30234.318958
30197.539994
30044.687266
28960.168289
27568.419806
25711.160334
23194.078981
20384.196059
17982.008679
16237.028345
14624.801051
13826.419626
12635.011806
12284.445140
11538.664661
11499.712093
12066.077004
13479.916592
14552.730765
16205.636449
17546.188323
17913.497104
17917.499430
17637.147946
16743.697915
15564.992351
14844.385316
14118.491720
13443.301729
13122.280973
13200.046936
12887.501066
12689.179212
12963.702207
13131.398022
13008.982801
13100.743838
13421.525020
13200.992775
13168.158379
13307.348532
13158.384592
12645.188425
12466.963010
12105.259997
11396.185247
11140.871670
11177.706505
10965.113755
10951.102589
10899.706795
10717.990156
10605.806830
10515.581320
10180.142098
10394.739618
10774.946071
10382.354689
10166.309770
10446.270778
9990.264710
9547.206714
9399.740167
9183.547888
8774.800158
8938.051904
8760.132799
8699.443115
8893.470022
9379.590192
9933.662224
10677.407262
10992.304087
10771.418615
10448.916811
9964.766462
9476.193796
9412.770827
9513.377274
9472.179604
9159.903874
8793.940176
9073.889481
9021.636926
8980.770680
9279.224948
9879.746939
9495.649789
9772.280180
9786.518561
9906.967228
9153.511975
9206.225772
8881.324538
8695.850342
8424.088177
8732.447899
8538.781936
8524.207852
8665.470886
8499.787397
8164.894775
8173.213646
8325.061450
8139.244753
8182.024879
8597.041207
8737.810398
8854.360262
8932.220865
8993.186191
8821.605450
8972.959046
8858.294771
9028.283052
9244.709059
9287.605154
9312.076458
9412.422146
9445.085319
9105.804914
9101.567670
9148.807686
8974.503526
8831.315693
8904.654871
8945.855975
8786.187389
8778.518580
8723.198118
8792.649483
8913.163105
8927.672194
9039.711416
9076.451057
9244.321978
9154.196561
9125.804865
9084.023783
9297.979100
9122.092500
9014.105592
8965.042120
8768.418418
8415.128984
8611.170477
8836.049610
9195.758887
9636.302798
9826.492569
9648.580092
9387.281035
8901.114375
8506.086319
8582.082069
8659.186352
8483.479997
8377.418756
8387.216003
8563.179773
8395.953402
8700.055019
9392.623033
9819.318699
9568.181992
9813.406185
9909.297541
9357.676939
9055.472814
9355.335554
9617.171844
9469.713206
9586.080097
9690.477467
9367.799286
9207.973999
9212.233840
9437.061608
9044.192215
9056.430456
9136.268036
9436.671000
9640.900175
10277.982401
10533.346051
10643.741672
10631.318021
10108.342360
9787.520138
9773.081442
9626.278759
9507.892410
9849.104878
9805.113411
9649.179859
9700.826384
9659.994201
9776.551980
9860.366221
10065.111404
10042.275153
10097.520954
9929.929305
9968.060707
9806.740582
9575.822988
9481.890650
9262.793430
9004.594688
9039.278832
8665.526178
8489.661004
8639.161479
8674.644223
8864.910908
9416.745284
9925.306654
9903.136006
9880.614028
9576.374753
9445.711830
9057.403086
8989.948146
9537.017546
9825.092733
10000.891042
10225.719006
10556.530220
10522.632959
10680.056179
10677.861731
10536.593680
10303.836408
10303.836408
10263.290507
10369.569891
10467.262393
10635.082945
10452.857560
10342.642554
10323.881791
10726.382451
10687.934444
10967.986557
11466.647161
11805.916763
11299.269113
11396.844035
11320.974821
11139.213186
10846.743559
10889.905140
10896.275398
10887.994856
10941.051017
11032.866123
11131.033834
11102.806096
10956.475045
10433.393541
10128.588916
10041.127076
9860.943965
9917.039787
10219.177006
10391.213617
10587.427057
10485.345557
10232.727714
9857.110891
9566.640439
9127.372630
9233.752616
9594.385324
9718.726023
9813.145340
10033.540676
10389.130189
10565.621252
10983.987049
11229.193070
11239.985443
11053.712016
10582.860441
10151.516461
10074.218063
10492.655102
10519.719164
10878.488322
10952.024661
11101.073524
11033.241566
11066.292403
10765.701057
11049.500955
11172.293561
11399.318968
11261.925049
11410.685932
11228.559272
11167.214587
11048.860843
11610.474221
12352.316298
12823.966510
12950.603357
12932.659305
12644.391202
12095.321596
11492.767863
11374.052659
11578.423340
11576.113156
11552.076521
11754.402368
11685.042006
11356.106272
11174.260282
11030.038567
10974.786211
10709.213844
10672.489302
10586.624774
10758.737187
10836.644520
11198.422312
11245.209543
11341.243324
11259.115068
11298.318007
11279.545832
11138.446707
11087.637376
11141.585969
11127.295798
10873.913554
11067.990316
11305.142408
11341.230127
11523.152187
11860.243209
11733.413885
11296.286353
11193.828697
11265.896764
10928.329081
10999.876009
11455.545122
11557.578028
10928.361419
10699.637840
10356.171019
9898.501225
9623.875492
9979.841962
10292.008656
10410.801649
10880.686469
11177.481299
11181.417972
11114.014309
11590.048349
11549.058270
11825.965866
12023.940923
12563.091343
12066.826338
11719.356465
11486.993918
11538.271508
11425.664892
11678.993880
11809.858667
11713.828207
11358.239585
11123.051193
11327.318388
11740.055272
11888.541009
12035.757063
12123.412261
12264.582204
12342.135696
12596.700182
13025.836956
13418.165582
13252.625490
13269.015397
13248.698467
12970.812669
12239.521338
12196.793073
12024.747558
11858.735936
11991.559475
12091.631669
11827.901462
11658.541612
11389.990534
11052.837150
11066.946092
11146.890142
11440.967284
11705.274267
11805.582673
12277.891008
12831.295820
13045.556278
12949.453368
13341.818608
13393.038047
13021.100114
12624.773300
12616.781326
12189.852083
12028.167467
12250.837290
12371.592021
12267.476483
12383.732884
12463.482872
13078.514204
13145.535073
13139.955515
13009.230310
13005.175493
12308.404824
11670.867272
11466.379205
11723.662338
11801.616150
11609.129835
12430.754222
12893.581956
12736.510334
12450.258102
12393.122708
11894.974488
11806.431305
11718.384984
11755.053664
11853.131769
11982.046808
11899.832303
12004.019015
11750.880395
11855.058363
12028.499351
12287.221038
12301.637273
12949.173344
13040.991137
13033.150944
12872.743997
12827.448898
12647.878382
12557.738590
12496.393129
12456.656042
12426.088735
12092.938419
11931.601567
11749.618574
11591.123619
11605.692645
11591.125726
11947.028364
12193.927147
12268.183978
12615.583735
13009.622365
12660.710761
12444.007172
12754.290832
12531.675291
11965.999759
11608.326125
11373.421756
11034.515919
10646.354311
10718.006062
11155.496925
11369.802980
11389.992449
11522.665785
11345.050891
11189.381342
10880.961489
10644.640679
10407.554926
10636.454679
10511.785464
10495.823068
10559.523098
10888.360572
11245.921575
11182.685660
11311.236780
11527.541381
11748.181359
11821.671459
12068.798245
12287.623383
12531.971842
12526.449353
12282.946845
12197.377670
12434.003931
12241.767987
12186.609192
12174.138709
12760.839486
12617.627205
12924.181811
12826.145124
12709.821748
12515.963270
12926.235040
12832.202769
13042.565522
13066.980378
12789.256246
12298.725412
12032.237856
12330.646046
12488.031872
12576.043746
12612.729596
13216.276691
13088.982719
13211.936403
13319.750983
13681.645399
13511.231259
13352.054252
13127.216423
13308.637557
13397.328923
13288.834701
13121.237703
13215.508329
13028.857327
12649.123105
12733.162082
13303.427733
13348.458818
13094.755553
13256.706455
13252.526274
13005.320119
13150.045074
13667.124733
14261.272859
14524.613687
14669.651974
15139.211768
15184.049564
14401.544816
13852.353698
13405.064869
12507.931007
12201.521594
12365.314453
12342.926983
12592.495821
13248.256918
13301.314619
13058.338490
12960.135861
12724.953269
12296.122609
12367.177417
12500.190217
12660.763929
13173.374682
13397.947103
12889.486489
12640.276211
12537.907035
12102.849479
12272.314973
12572.544111
12638.028859
12844.650423
13271.211228
13142.704210
13130.527819
13365.908573
13119.142515
13014.771432
13008.979914
12834.857799
12551.141419
12771.440312
12534.846759
12550.947645
12779.673132
13660.209163
13969.453046
14503.895689
14404.169586
14340.917406
13654.081213
13217.386740
12961.957995
13105.187493
13174.377186
13127.424650
13392.295323
13436.789436
13383.681552
13821.517033
13996.535658
13564.037317
13371.489003
13230.973958
12891.561658
13144.786887
13577.975587
13073.153556
13171.469114
13177.454287
12858.687369
13020.990493
13827.905732
13891.135834
13895.238207
14134.844277
14324.846401
14196.124574
14341.013833
14280.063839
14400.783042
14150.284560
14065.919387
13520.691458
13571.691106
13312.452347
13133.722134
12784.630754
12862.437599
13058.469278
12991.050452
12886.847792
13040.280153
13266.368757
13133.725899
13166.615392
13541.247948
14315.566305
14603.524443
14731.035936
14757.328937
14648.849397
13990.821645
13944.264767
14244.792454
14690.034792
14860.334629
15182.981419
15021.674103
14705.074149
14556.193765
13950.839423
13233.625860
12996.440597
12918.980072
12753.351053
13232.592506
13702.285974
13659.413293
13716.549291
13747.017610
13953.781931
14695.590296
15619.252749
17141.049886
17394.364483
17098.022446
16200.779870
15954.212602
15242.638382
15353.637526
15394.508482
15650.509865
15364.668451
14651.080483
14291.451985
13842.806489
13524.111596
13397.562939
13432.113396
13884.036450
14499.434801
15020.384616
15424.385302
15407.941189
15175.340799
15123.638459
14608.522043
14509.946685
14743.104996
14643.330451
15338.236307
16339.079992
17647.321975
18125.417816
17743.313293
17332.576190
16674.119641
15514.123205
14999.029307
16304.144238
17124.394225
18568.547409
20172.372260
20472.756382
19886.709085
19724.980773
19485.338282
19158.673641
19818.867907
19461.046694
18206.462144
17109.251293
15334.121523
14113.885291
14639.230905
15965.474112
16817.462215
18332.074202
20088.710182
21433.039716
22533.185247
22911.363358
23160.644466
23052.304689
23487.377131
23549.810480
24426.181402
25441.611542
26234.292572
26430.193066
26857.323183
27231.661107
26930.983387
25529.337042
23769.752160
21655.675955
19949.645666
18354.333382
18644.443598
19590.683162
21033.488365
21212.249599
22577.800397
23670.841194
24263.697836
24720.329536
26089.292378
26659.356529
26232.533794
25128.972857
24391.355507
23729.131529
23412.320808
22761.051019
23664.136176
24343.094128
25107.928344
24664.434130
24601.273379
24249.941207
24111.212689
23551.469316
23533.056530
24121.568153
23774.149434
23107.195072
21851.531183
21504.876109
21698.857604
22319.928904
23336.277491
25062.735697
26157.819563
26633.856261
27269.333175
27311.415963
27865.131646
28302.384307
28537.350704
29111.612875
29476.223843
29447.160338
29682.577865
29821.525908
29396.533581
29530.796982
29467.457900
28684.901667
27489.612127
25855.219294
23294.288800
20563.812015
18200.557024
16493.918685
15299.015240
14685.707938
14391.512027
13890.758530
12930.529646
12930.529646
13922.346828
15020.361931
16518.024109
17901.505138
17690.844513
16736.991934
15960.964132
15624.017019
15864.305874
16734.851261
17286.169476
17698.750918
17527.345425
17578.034804
17756.112985
17983.884658
17794.440324
17530.640878
16734.480064
15970.171016
14777.906982
14134.014082
13690.459315
13704.658880
13285.734899
13207.912120
12680.725168
11920.798132
11620.027671
11779.617828
12182.314859
12382.839884
12850.816877
12893.423091
12850.816877
12487.948532
12457.180415
12269.023398
12066.955049
11556.072603
11091.472772
10490.745988
10155.403578
9879.615659
10038.943860
9930.963617
10223.218273
10382.143930
10535.465484
10098.473313
10102.374869
9693.430657
9409.764874
8867.893932
8902.821852
9068.960568
9336.954406
9567.829354
9956.055095
9908.823374
9880.763098
9801.412370
9466.185586
9202.730257
9223.288456
8960.546398
8856.381490
8913.562099
8772.594502
8568.497043
8866.703293
8880.723682
9077.321234
9095.547200
9230.280342
8960.038425
9039.668429
8915.304049
9100.865684
9090.842849
9259.210509
9440.618453
9340.847985
9159.252861
9205.939491
9410.568211
9492.166884
9334.804709
9655.566631
9906.751349
9646.165093
9184.457822
9303.220097
8790.331061
8598.200114
8481.812380
8670.078614
8534.853820
8731.378301
8655.499784
8579.372401
8763.685510
8857.271555
8845.248268
8652.939105
8446.730890
8248.417222
8454.802457
8577.253608
8775.223418
9318.517384
9353.500514
9332.838900
9660.035592
9696.829336
9153.795115
8835.130482
8561.089515
8189.121696
8113.707003
8498.192860
8608.860939
8872.243380
9005.140278
9103.142262
9231.258798
9327.830695
9237.734236
9024.846295
9104.840130
9223.119051
9343.225031
9412.815376
9854.076658
9607.235902
9332.510097
9203.776066
9060.757528
8648.112700
8731.815379
8885.784056
9078.102259
9305.242052
9793.543449
9934.203189
10267.208398
10546.802410
10657.084090
10671.539444
10643.058155
10276.235669
10345.691087
10492.489533
10466.195367
10682.556278
10917.289590
10622.978784
10492.140119
10335.040322
10316.290136
10330.676216
10308.103376
10363.248351
10424.419653
10301.701363
10291.400535
10444.778808
10187.525782
9979.186361
10214.052648
10019.644176
9519.214890
9406.571087
9220.715923
8907.885336
9066.373142
9421.616988
9538.070766
9924.405444
10126.928605
9996.199144
10066.136497
9984.180892
9648.830336
9228.293082
8901.681345
8568.782344
8629.630241
9012.096607
9262.931388
9461.706515
9843.570140
10048.115480
9956.128694
10099.308636
10257.378918
9985.472414
10051.240829
10136.784626
10118.131088
10132.513612
10355.259632
10226.537941
10034.340900
9952.777911
10100.878281
10254.439477
10458.620963
10842.709466
11314.706872
11258.731204
11280.911990
10982.951568
10349.428623
9775.569483
9641.061759
9363.063060
9545.071766
9806.602104
9773.373772
9828.046547
10083.005854
10330.625799
10240.373094
10569.406646
10555.618547
10553.463563
10434.756269
10706.720956
10835.486117
10738.997817
10694.366692
10569.504526
10422.378932
10032.374107
10617.659594
11103.790398
11304.095559
11465.399112
11575.590932
11275.070509
10837.979654
10897.186284
11007.796496
11103.622021
11279.797851
11423.047762
11192.214348
10961.289952
11161.337685
10872.943727
10809.208588
11028.114857
11163.029984
10807.523380
10915.720987
10938.122604
10735.718290
10629.872661
10846.025428
10743.903756
10557.680913
11060.606986
11093.334564
11226.213792
11534.602006
11728.881935
11401.776846
11949.417015
11782.286928
11352.998752
11351.241631
11346.877191
10856.613098
11243.063406
11537.600290
11410.864464
10998.017977
10826.448998
10589.371985
10529.203063
10396.486940
10868.434796
11236.335015
11334.072315
11376.522083
11860.521472
11617.479196
11316.957126
11155.848606
11209.837967
10899.033869
11121.784035
11299.611587
11173.002460
11246.884048
11302.206083
11065.249882
10999.818413
11245.087936
11138.832589
11639.382724
11919.342238
12230.010982
12532.116398
12446.005174
11730.817893
11422.583186
11218.201199
10827.606024
10757.736920
10702.894034
10970.226892
11088.747530
11217.390853
11718.363806
11965.893798
11591.667653
11410.295902
11363.175445
10946.043377
10700.650900
10964.182711
10957.910430
10976.289032
10745.474384
10694.732765
10645.598425
11064.400772
10964.272452
11024.282550
11608.704239
11905.368650
11169.580578
11093.929319
11324.511086
10709.429561
10617.642559
11113.973413
11410.489355
11454.331598
12003.831599
12087.587740
12038.639584
11801.760346
11635.505625
11543.415313
11482.001816
11494.547197
11512.673798
11709.122067
11752.251766
11741.819339
11911.388601
11984.763060
11966.752127
11875.021639
11942.218988
11509.130715
11476.341338
11616.742387
12194.942778
12158.212686
12546.405605
12961.303186
13189.727157
12952.971495
13258.971631
13567.854421
13649.645647
13479.362785
13307.480387
13209.211960
13009.252471
12682.205598
12551.946580
12517.400907
12500.842494
12443.736045
12339.684840
12219.133098
11939.319084
11971.829217
11964.159418
12043.435255
12205.826608
11956.617506
11308.616343
11159.910784
11259.738874
11189.477392
11506.344323
12002.983778
12429.987410
12458.500992
12458.500992
12567.009702
12495.337147
11996.765677
11639.148067
11733.310926
11915.409867
11860.147985
12017.225480
12223.795457
12025.179971
11921.339111
11657.573959
11506.345308
11338.817910
11533.176750
11357.498912
11596.594010
11850.076923
12123.622588
12071.837445
12086.117015
12077.623074
11889.709907
11714.206578
11495.758236
11618.420285
11450.560090
11352.458017
11262.467878
11284.929575
11213.289280
11570.789075
11572.758404
11521.715637
11561.827964
11735.771372
11817.163404
11902.897834
12099.179683
12091.326343
12142.119306
11852.019700
12009.294399
11960.299454
11653.551647
11333.125664
11359.680727
11296.287012
11267.693580
11536.323592
11538.370231
11726.516398
11950.617205
12406.791637
12592.907114
12799.262915
12736.201420
12353.881289
11889.998828
11866.198106
11929.471075
11867.966477
11829.055774
11810.967726
11700.904930
11418.648500
11443.302559
11708.810762
11821.181805
11530.740422
11209.947694
10839.973607
10770.469569
10617.511331
10983.724062
11668.472471
11995.702975
11766.616281
11797.077620
12037.884020
11773.913631
11445.228098
11688.330796
11625.117271
11168.124420
10555.180020
10491.680233
10229.953038
10311.842709
10502.067717
11149.615458
11656.549221
12138.950094
12357.132201
12329.587521
12355.613072
12417.064698
12480.660424
12296.684319
12527.053150
12635.424170
12551.561535
12171.501779
12353.306334
12365.493275
12291.988660
12316.347219
12528.609325
12530.825042
12346.650400
12258.490598
12395.655527
12691.648000
12906.600740
12942.331393
13113.873129
12981.437235
12817.845024
12508.885543
12741.946369
12799.026100
12674.188037
12844.075905
12872.602706
12605.869847
12569.403097
12669.446037
12144.300087
11931.756085
11755.075728
12024.873059
12311.269884
12603.352977
12850.771500
13106.787155
12596.412134
12175.215603
11919.918718
12122.148765
12240.307832
12456.980815
12659.358549
12640.725742
12552.928592
12562.800193
12350.987620
12365.085827
12518.070051
12620.144816
12534.454409
12617.753878
12354.261883
12290.913926
12235.927529
12776.659674
13142.475157
13199.843163
13422.656291
13175.311248
12634.326769
12378.881470
12640.386199
12687.526947
12840.398682
12998.889945
13540.739729
13174.543114
12821.316419
12906.891547
12786.719047
12245.230996
12660.206817
12856.064182
12527.179123
12404.906356
12570.567067
12678.936943
13158.920885
13855.668246
14384.706816
14380.777081
14264.722076
13693.939844
13270.901132
13112.930457
12924.723754
13063.958899
13515.390135
13834.142567
13679.897462
14303.105437
14111.059338
13716.499838
13957.350773
14097.806005
13634.146397
13575.020069
13650.439781
13270.402220
13326.729807
13626.736537
13733.244988
13751.855588
13812.716689
13770.853229
13686.737886
13891.072555
14320.183840
14792.296332
15328.060012
15124.834736
15384.257475
15237.613971
14570.974523
13938.078012
14124.316681
13658.330952
13719.347678
14077.554427
14483.584612
14643.466342
14935.481405
15135.639507
14953.745900
14670.986280
14346.538938
14379.263322
14236.321907
14250.513554
14418.569093
14367.456815
14236.796084
13983.412009
13930.514676
13872.580545
14391.414868
14650.698278
14855.336548
14727.982684
14385.245879
14293.555142
14250.761144
14441.446063
14616.694644
14991.357465
14727.649421
14517.598190
14290.959459
13969.977016
13454.791541
13430.851926
13798.234628
14245.277582
14272.375298
14360.622340
14705.757771
14628.345284
14205.619110
14479.119889
14723.964626
14365.888781
14346.084749
15163.119684
15916.749712
16642.079755
17663.909832
18657.072106
18920.381106
19460.397904
20229.485619
20607.480330
20668.124392
20182.117676
19293.831268
18722.585261
18481.269569
17850.189210
17878.252578
18178.810652
17948.490958
16690.364101
15665.550514
15126.029071
15083.757276
15544.623676
16534.022946
16889.237022
16958.739348
16262.268359
14644.252974
13986.521135
14501.830226
15455.398229
16530.431387
18255.668371
19158.893208
20223.893282
21080.371706
22046.402296
22821.140687
24125.077947
24738.653390
24760.411526
24750.429921
23688.718913
22638.332979
21469.442221
20504.610167
20184.043034
21230.567975
22031.885315
23379.974488
24370.587328
23755.551105
22842.234622
20998.991091
19411.103339
18026.041387
18475.492023
19141.515942
20834.846650
22356.905928
23752.772843
24510.647946
22761.051655
20813.288661
19796.485545
19556.999378
19534.555349
21847.447319
24395.223427
25672.555886
26334.286219
27125.418348
26842.280248
25794.470922
25399.921446
25069.093789
24286.394135
24631.098089
25732.716075
25562.796804
25644.503185
25989.811023
25997.805462
24760.021055
25031.516261
24808.561020
24305.922418
24093.735204
24812.859582
23973.351355
22107.986133
21147.314238
20532.051758
20428.309979
21334.977553
23280.207158
24644.632151
25754.869790
26552.293907
26836.142261
27337.044841
27634.901029
27805.371874
27937.672400
28001.608326
27988.924952
27909.269745
27657.261502
26870.493255
25795.305455
23956.828826
21819.850015
19377.242617
17110.537495
15378.380645
14205.720848
13443.344518
13096.457327
13053.613375
12577.483730
12804.181219
13290.719360
13885.720933
14545.932001
15802.522782
15920.505678
15336.329610
14855.518323
14183.239099
13325.687933
13253.613673
13897.676609
14540.602935
15059.716772
15298.958435
15335.373398
14892.329566
14332.995639
13660.566469
13227.491586
13014.958181
13352.203910
13446.376136
13736.347939
13503.239888
13494.971106
13137.729804
12796.821397
12574.118239
12674.113249
12517.093001
12012.418056
11755.413112
11822.937646
12105.136955
11772.096811
11816.981779
11955.480442
11759.111679
10978.470052
10876.110121
10988.765320
10987.046693
10762.224715
10933.579970
11260.426190
11223.733600
10400.011377
9889.695060
9940.426220
9444.137528
8790.249441
9102.709502
9603.113562
9582.759951
9656.349735
9879.374250
9813.195933
9865.820135
9741.557180
9760.191276
9237.134356
8870.454066
8408.125660
8516.996332
8475.652595
8651.405480
8673.571782
8722.891132
8780.041489
8651.072246
8992.254024
9439.315795
9498.670747
9220.635615
9367.807123
9330.730033
9134.495780
9126.455904
8966.987318
9024.087273
9048.775148
8792.062171
8624.604835
8839.234722
8698.369514
8536.389295
8706.704241
8872.566717
8700.802318
8846.073422
8974.827116
9255.064999
8971.340862
9022.325089
8999.949935
8989.754738
9033.559756
9244.445725
9293.318420
8984.724913
8829.571956
8733.336043
8612.609677
8677.938805
8561.574425
8557.500253
8481.328499
8634.940393
8499.747577
8763.684113
9020.898042
9229.084544
9368.151000
9372.104736
9292.823009
9041.221419
8863.104517
8891.820816
9108.218410
9128.473549
9108.218593
9052.139733
8818.950875
8586.335040
8547.508365
8933.542414
8829.415563
8880.179946
9052.138690
9148.322618
8954.365384
8551.482889
8362.968207
8424.354498
8626.857035
8986.601145
9787.674995
10082.101135
10243.615932
10122.986216
10037.201240
10023.057912
10264.319674
9988.949161
10100.672699
10080.506050
9922.119459
9560.341414
9412.998978
9537.706791
9744.294543
9638.031405
9752.434268
9895.677197
9969.328501
9492.973306
9575.408442
9728.290600
10151.168585
10253.791766
10276.051380
10436.231291
10405.543435
10033.692106
9919.597032
9946.051551
9795.703321
9799.941646
10218.505285
10183.698521
10232.821134
10419.215441
10584.629368
10302.893313
10063.985102
9904.315832
10032.635907
9869.529097
9589.423107
9431.978128
9391.144172
8916.239744
6829.963892
5060.508983
