4198.876433
5682.230169
6965.079445
7196.896701
7069.610540
6869.969447
6697.825627
6815.907347
6894.776610
7108.590507
7183.559317
7007.628624
7125.764003
6858.571392
6504.442480
6446.997102
6464.895722
6383.149717
6254.816778
6448.714679
6387.381413
6313.864638
6470.730594
6593.112173
6440.861547
6438.910624
6660.550565
6371.062032
6695.458406
6810.206223
6920.953948
6905.194594
6963.243575
6781.720223
6695.879074
6571.228116
6725.553157
6738.560329
6570.453604
6704.888190
6667.510823
6536.649744
6540.948627
6677.657702
6646.014111
6505.536147
6391.090554
6279.125635
6469.357580
6844.934144
7147.694920
7333.938033
7593.121769
7262.972852
6685.018186
6709.175444
6597.821683
6540.371308
6745.989371
6874.798700
6862.581222
6731.861696
6678.343893
6478.890653
6494.494782
6437.227001
6656.812686
6684.680932
6688.484487
6846.582296
6799.370158
6912.143561
6753.586939
6822.770605
6797.135818
6923.629588
6864.270321
6701.330634
6745.099531
6294.125286
6194.992756
6081.820196
6350.034155
6282.495020
6444.749704
6526.180802
6245.255097
6251.293045
6346.190768
6536.443458
6453.263123
6767.957442
6763.640798
6801.005634
6619.441975
6637.358090
6860.435128
7040.781888
6973.379303
7246.247385
7442.170901
7060.978263
7169.837811
7121.657976
6906.634970
6807.895607
6972.085959
6661.035577
6455.444929
6597.728344
6500.766524
6625.692197
6393.823482
6443.446556
6370.546251
6378.430776
6538.218615
6836.317554
7312.969698
7338.933059
7517.185460
7396.388436
7379.102984
7349.682351
7282.422214
7284.143914
6807.629079
6638.015240
6511.613977
6325.381055
6265.999279
6745.099531
6993.354991
6953.701571
6886.719758
6760.072202
6532.206353
6206.734496
6183.173065
6279.758759
6489.361199
6400.574828
6786.209718
6671.591452
7091.078359
6891.019894
7128.756940
7077.002376
7210.166590
7041.599537
7113.384020
7500.727909
7303.096857
7064.351716
7339.080003
7173.281788
6737.629456
6698.939686
6788.421080
6449.834070
6271.717420
6350.854596
6168.629284
6238.235484
6647.472887
6987.801549
7231.155603
7494.974187
7532.550781
7308.885636
7255.513434
7217.788865
7341.883117
7658.781249
7357.925500
7662.600975
7356.109664
7040.978195
6603.487920
6805.671117
6546.515369
6742.273140
7453.370279
7573.959087
7744.358793
7645.695212
7519.089730
7236.307221
7408.307295
7481.278317
7651.817208
7572.366316
7506.262343
7385.427388
7029.169429
6977.995974
7272.809263
7182.746420
7120.965206
7560.520484
7823.711128
7441.736050
7527.862314
7375.190425
7001.063828
6433.154848
6546.413250
6501.029614
6734.413886
6652.992219
6947.873469
7007.556360
6855.048025
6737.031831
7322.354927
7263.100728
7213.549013
7024.429279
6884.377678
6431.248810
6265.532009
6345.983046
6442.873114
6510.023467
6582.994262
6680.007548
6961.206200
7149.857891
7016.873651
6908.315163
6904.229151
6479.140859
6371.619766
6553.831638
6407.425549
6393.453889
6664.500183
6838.366500
7161.042468
7255.712913
7546.357174
7168.772392
7001.261814
6722.605855
6823.192145
6665.005660
6934.170613
7433.502826
7587.863711
7702.453669
7664.798992
7742.239260
7214.651327
7084.530583
6921.974030
6991.634670
6791.516558
7190.320119
7170.384496
7368.807907
7265.490423
7293.731682
6776.615476
6697.397320
6278.256364
6491.829088
6377.101172
6443.380983
6556.330363
6586.043825
6570.248542
6704.668531
6837.448486
6843.316642
7121.727249
7183.499380
7276.482229
7345.369477
7380.830318
7014.962403
6920.066090
6882.221065
6683.145820
6591.978931
6756.058758
6827.573482
6503.038595
6503.038595
6437.868390
6393.897112
6273.514727
6637.630897
6667.554609
7140.096835
7320.387658
7198.072442
6912.683799
7335.177089
7099.258471
7198.441858
7651.817354
7813.862437
7637.870115
7572.571591
7586.496321
7474.209125
7644.119123
7433.793230
7319.464714
7016.308492
6887.614326
6693.948171
6738.922839
6929.112487
7212.116747
7536.429287
7352.294184
7485.449565
7358.709570
7042.422730
6460.968665
6744.552037
6435.994802
6345.117174
6656.281304
6809.997632
6760.434209
7109.711274
7092.081484
7131.676875
6822.984867
6716.632966
6606.987854
6957.136634
6619.128548
7022.247092
7000.781069
6831.100736
6694.787164
7015.227325
7009.283891
7120.252811
7621.621789
8057.048064
7995.502489
7981.609899
8033.320383
7770.002894
7290.290187
7557.816276
7532.449282
7431.312395
7467.784340
7469.908011
6913.636438
6808.915784
7020.759773
7022.622931
7000.959830
7151.530024
7186.782805
6933.881138
6614.020390
6440.125388
6323.675336
6299.604163
6388.550758
6540.907180
6608.087513
6839.680856
6978.196745
7217.632765
7183.269055
7070.099137
7175.183531
7236.810054
7244.858762
7369.073480
7554.876448
7395.068785
7252.039960
7224.672888
7125.970350
6886.652816
6816.912902
6678.648756
6660.955293
6573.092956
6783.080348
7151.199888
7097.375059
6972.846220
7118.759044
7095.015796
6639.764279
6822.095614
6841.542560
6655.772629
6601.859289
6597.662714
6455.290479
6016.102380
6202.500005
6349.134218
6337.243707
6479.406885
6602.252079
6623.610328
6205.921062
6550.330907
6580.066219
6797.801176
6651.790621
6881.552573
6695.368922
6930.810858
6782.815635
6849.322417
6726.112852
6494.668790
6081.290202
5857.712657
5915.231635
5871.944745
6042.298910
6174.996424
6520.999432
6615.145126
6904.041993
6985.583196
6882.326569
6765.507380
6637.397297
6460.910980
6191.803663
6504.670762
6692.506932
6718.225105
6785.050223
7287.978035
7104.112870
7042.638542
7057.415410
7180.224965
6883.345460
6572.942708
6843.964403
6953.252031
6876.518655
6971.504749
7198.510897
6854.474763
6717.511862
7051.594395
6788.702522
7004.114224
7065.496100
7009.560870
6382.444417
6520.999432
6531.012433
6141.032029
6100.415900
6381.505988
6716.179860
7115.101876
7673.338226
7930.286949
8225.092172
8191.645928
7714.680179
7509.342000
7509.342000
7190.478252
6830.519987
6746.996347
6731.577978
6647.851099
6718.848753
6863.636626
7057.298205
7207.158798
7183.865382
7415.620367
7506.569069
7646.817385
8060.757091
8324.074656
8120.433712
8001.381507
7596.254404
6986.624860
6641.534296
6698.943352
6463.709246
6629.703979
6619.864287
6643.231445
6335.036701
6494.769183
6364.976700
6494.769112
6400.724657
6836.097656
6873.808635
7119.119931
7255.567053
7465.622617
7255.762988
7267.196732
6929.525761
6887.533993
6918.214478
7174.921660
7382.885400
7629.920112
7448.087979
7434.817903
7223.215403
7316.523101
7098.701637
7138.891602
6994.339494
6971.470206
6911.924403
7340.958612
7618.184920
7751.087857
7808.499211
7806.690630
7432.255517
7189.485833
7504.291904
7635.003111
7704.086133
7953.189067
8176.972001
7876.939777
8098.565100
7977.658930
8428.959201
8261.053012
7949.677477
7476.977157
7489.142311
6914.621807
7051.571584
7189.159169
7228.345002
7057.583501
6989.237694
6701.976670
6693.364915
6724.998012
6671.594884
6737.169324
6854.042064
6947.747729
7009.238532
6942.157294
6611.873723
6546.567116
6392.048812
6253.758986
6160.827918
6356.411069
6188.615741
6139.240413
6101.089109
6419.730292
6586.208119
6709.177592
6848.365791
6669.978736
6450.444779
6461.901314
6372.990868
6478.657211
6646.454115
6840.321980
6891.619542
7479.538315
7329.629463
7076.400943
7028.680432
6880.382760
6516.047290
6696.036192
7186.729272
7076.400943
7135.150065
6797.283411
6829.295360
6570.288213
6704.715615
6704.715615
6981.923168
7028.809433
7386.726711
7521.415872
7408.623424
7357.285485
7224.423655
7461.698748
7586.250638
7388.314661
7491.157431
7405.738562
6756.384584
6467.892768
6546.967230
6453.807964
6295.653138
6459.945077
6505.254543
6764.158521
6641.534296
6691.289832
6580.146427
6346.346841
6311.002671
6807.897915
7169.960644
7185.782631
7359.667953
7274.981845
7041.317618
6869.848834
7004.419748
6810.326050
6771.008389
6535.910440
6327.797665
6345.313649
6491.883732
6532.929360
6513.690629
6597.262237
6523.987961
6923.995261
6926.421653
7086.604150
7183.431935
7189.962406
6967.886526
7021.347232
6934.267533
6827.474271
6805.703016
7005.534613
7288.140127
7341.511804
7378.392324
7295.071851
7202.091851
7191.543983
7346.419517
7573.245136
7741.995774
7567.904098
6986.121630
6845.337916
6352.465477
6393.938375
6122.968493
6279.229188
6200.109811
6309.647292
6105.782695
6149.360527
6167.384147
6109.608665
6328.446650
6800.979474
7474.222453
7770.902819
7978.153637
7759.848077
7425.498233
6978.228844
6794.090251
6711.006309
7084.287200
7190.693588
7090.314773
6947.528264
7032.393572
7271.124768
7405.399675
8020.394853
8501.291003
8481.248934
7932.620331
7414.480061
6925.794492
6407.346820
6456.987277
6366.596507
6430.142087
6479.449711
6967.986902
7152.117542
7403.204382
7628.568218
7679.757251
7474.321801
7070.151701
6922.684490
6938.351945
6710.825354
6578.482219
6677.468720
6741.637947
6737.740415
6961.372453
7250.340732
7667.726937
7755.527115
7935.416257
8093.654358
8166.984444
8101.633391
8253.713712
8038.296011
7731.385375
7747.551061
7994.840404
8003.457581
8070.792921
8181.243204
7767.822620
7191.543983
6851.281720
6934.267533
6673.557595
6639.652646
6619.839638
6810.412214
6622.522762
6695.702209
6751.313039
6751.313039
6805.260184
6731.619772
6854.423319
6753.563117
6942.933215
6746.201816
6931.856058
7236.869535
7607.065206
7901.707779
8304.863101
8324.206867
8009.979741
7906.686465
7194.695302
6831.962943
6624.686174
6630.639801
6446.482140
6513.950575
6571.552251
6395.338755
6449.122917
6478.972121
6832.579900
6755.752344
7105.825999
7046.383177
6909.957291
6815.396460
6733.378990
6777.023069
6876.432912
7596.337066
7701.098352
7896.169745
7850.866436
8232.327526
8070.496301
7947.640325
7887.828309
7701.419916
7379.072985
7074.275191
7213.175015
7107.925089
7244.659575
7131.611132
6868.628389
6619.417160
6790.695903
6701.607310
6743.483999
7198.314403
7546.265707
7375.064281
7562.906032
7529.122898
7428.941962
7600.767848
7693.019326
7611.750614
7349.172909
7190.471052
6731.570460
6487.475639
6613.533072
6627.742413
6586.234530
6649.258775
7037.354007
7011.498771
7468.823636
7486.161032
7559.933968
7675.448077
7990.199496
8079.029270
8158.553846
8419.499450
8464.492241
7989.806215
7548.362378
7506.671284
6992.640179
6732.815922
6737.191510
6759.100894
6836.019884
6746.666939
6913.925626
6941.910855
7032.453914
6595.688815
6771.616135
6512.422507
6439.067827
6271.039327
6638.785651
6674.436809
6764.319512
6720.851186
6784.177798
6823.541559
6731.249892
6752.647774
6694.930394
6746.363296
6469.557988
6667.445347
6772.232358
7152.055745
7015.458955
7017.171791
6978.120962
6727.045592
6420.398597
6517.256241
6372.874961
6440.298211
6418.851566
6397.063845
6413.348698
6842.290010
6658.342025
6645.676712
6677.212770
6869.188571
6952.733526
6692.942669
6688.690784
6674.648059
6370.456985
6081.281709
6520.774969
6661.850307
6690.026611
6618.859776
6801.959755
6466.036365
6560.556487
6356.536316
6414.246148
6307.319360
6645.676712
6598.033427
7003.927189
7391.644335
7777.430395
7662.662363
7519.227289
7365.042653
6963.291543
6563.280828
6486.775529
6739.154272
6418.705566
6899.487813
7023.983902
7109.221943
6920.640010
7195.728109
6918.933266
6841.530035
6776.295420
6795.370330
6989.721448
7323.525621
7974.466121
8631.320702
9025.987202
8883.223830
8705.244054
7929.887889
7354.041536
6893.465167
7086.909813
6974.218318
7350.266036
7607.661069
7662.913073
7239.634391
7320.929919
7020.573827
6836.229910
6731.401600
6877.793307
6871.204894
6905.240092
7087.060684
7897.577709
8517.049787
8535.133086
8392.169669
8235.866223
7479.465029
7105.317686
6760.901026
6990.673104
6992.771237
7238.944599
7073.098697
7288.325520
7413.223228
7436.209642
7520.820012
7378.333942
7283.256665
7205.720179
7120.739688
6878.533435
7181.436486
7349.712047
7284.171835
7359.309971
7772.879418
8125.285595
8453.950297
8246.537625
8056.919967
7838.542762
7201.604970
6702.987055
6762.343341
6667.449207
6305.126950
6457.411072
6809.560662
7019.673692
6977.980434
7434.043663
7493.954688
7282.166825
6999.374566
7036.765371
6813.833889
6770.380812
6801.398293
6912.521146
7090.738989
7084.361398
7337.707826
7559.268366
7620.404345
7954.575058
8183.925467
7845.810973
7566.988938
7655.626934
7294.091145
6931.263812
7139.492063
6860.307649
6933.752127
7135.061223
7379.609871
7110.197277
7324.018269
7140.068259
6811.365143
6700.466895
6739.658603
6886.543412
7086.047453
7272.568287
7398.579172
7623.986865
7859.320675
8081.249415
7903.025972
7810.799404
7749.571662
7480.362576
7057.179028
7482.438681
7330.318402
7385.890887
7245.356132
7383.594125
6979.898879
6994.778449
6908.161670
7015.030239
7015.030239
7195.049873
7405.341183
7076.673952
6965.608916
6991.792200
6898.631382
6900.567761
7300.492061
7461.053502
7146.479483
7189.909326
7065.361524
7326.252526
7454.778774
7563.712360
7320.494132
7341.717517
7185.677169
7431.116916
7751.499372
8145.143950
8171.098617
7765.329308
7405.459676
7559.785785
8240.332983
8390.249818
8774.184609
8787.688774
8568.298725
7555.215960
7593.790340
7405.864755
7431.539238
7451.445330
7845.171016
7645.818118
7620.092793
7611.906642
7628.263244
7467.778855
7851.577432
8088.741726
7995.602320
7965.777041
8147.778747
7674.127199
7432.995131
7635.116008
7498.409748
7348.188764
7470.200189
7598.672222
7173.748327
6946.464964
6718.319382
6688.374068
6601.606227
6724.146368
6718.119372
6986.959402
7353.628804
7709.434346
8222.255424
8467.268109
8318.814453
7959.173237
7431.032742
7023.166633
7088.404213
7298.245758
7434.984221
7544.063869
7552.452325
7532.533395
7623.344409
7391.760326
7479.260382
7158.209869
7461.354356
7646.844978
7762.828826
7732.997750
8091.386605
7618.515491
7210.958633
7135.436067
7044.798406
6938.019773
7133.858971
7500.149300
7690.898648
7963.571077
7935.525042
7693.855630
7296.314046
7354.032982
7557.698470
7977.515829
8386.761908
8984.471091
8868.499613
8754.001967
8348.523780
8225.261169
7501.183653
7406.965321
7011.214482
7181.756334
7383.307229
7711.856149
7714.085430
7906.074453
8010.737077
7957.454985
7783.154593
7815.231881
8082.113159
8116.192163
7795.748745
8011.073573
8019.779232
7507.042401
7289.564410
7337.515964
7142.887301
6894.580734
7147.758105
7349.881257
7266.821630
7235.193872
7142.769692
7164.662726
6909.177107
6855.400458
6772.807831
6942.246687
6718.460379
6669.009599
6839.265940
6902.817928
6930.508365
6979.592198
6952.760741
6894.735312
7339.921906
7518.127563
7561.316464
7696.125574
7846.259476
7330.061209
7096.623006
7102.135865
7276.270440
7078.191056
7236.864047
7490.046140
7901.385287
7780.704453
7839.737385
7990.378391
8348.523953
8107.172011
8003.942118
7809.893986
7645.885413
7253.902054
7097.289687
7036.501159
7257.329987
7370.141710
7201.215406
7321.712036
7479.901111
7571.322521
7198.759723
7441.452249
7451.309128
7577.729582
7415.589849
7496.382138
7421.602691
7336.971755
7253.711023
7421.602691
7830.847405
7938.533563
8094.588218
7799.811954
7667.484444
7431.733740
7592.694166
7800.019995
7804.250737
7824.167060
7838.145541
7762.880119
7432.379003
7721.576465
8133.239375
8621.411449
8929.971563
9450.540368
9793.169844
9858.173720
9707.494622
9694.739367
9463.375869
9216.147497
8812.550077
8531.309035
8029.866517
7543.528635
7485.880961
7256.132405
7226.508913
7334.043120
7834.637687
7828.802977
7927.665886
7808.890289
7709.806052
7521.889232
7615.246514
7906.174293
8073.808431
8144.911507
8200.512708
8188.730040
7672.502278
7523.503101
7412.670566
7330.797013
7222.048357
7562.501802
7833.906994
8022.156245
7953.040249
7905.856435
7992.650432
7737.651171
7548.704627
7406.136153
7352.915564
7669.302170
8102.661351
8578.135163
8703.257676
8719.126734
8139.213198
7994.978335
7977.711003
7950.040528
7965.788214
8468.946027
8415.474158
8312.743465
8429.515392
8400.269339
8067.671549
8039.396095
7872.675144
7977.671583
8080.686373
8102.206850
8191.408233
8321.890508
8296.599705
8231.279137
8379.598465
8236.808341
7825.297200
7807.889255
7843.050673
7631.463148
7651.660915
8170.410187
8581.970614
9101.961521
9264.286811
9204.708482
9063.553024
8556.642570
7906.121215
7654.579648
7652.627323
7470.335376
7490.444781
7678.011578
7717.815691
7662.493567
7623.702923
7614.396864
7628.158964
7827.858854
8013.630370
8133.733643
8072.144523
7941.975450
7826.946657
7747.829456
7673.039067
7791.562463
7838.998700
8011.011531
8212.864470
8377.568850
8312.570615
8356.361087
8170.558209
8124.717130
8043.579470
7905.121973
7916.584877
7865.520286
7714.664153
7554.249301
7837.243547
7888.517911
8195.085687
8315.954579
8453.074150
8144.459575
8154.155338
8146.352412
8221.785676
7859.140736
7971.910280
7839.379725
7669.237915
7738.485701
8224.961592
8529.453750
8927.567304
9325.310262
9152.922837
9435.947454
9358.749374
9186.887713
8820.526343
8755.292374
8348.485872
8057.239596
7916.694552
8102.744808
7845.655423
7748.972988
8241.612539
8289.279289
8222.128072
8162.636624
8248.271865
8165.064583
8270.153964
8171.315580
8523.555213
8152.560593
7752.868723
7521.431435
7481.756181
7294.183932
7501.472763
7448.321429
7444.446770
7444.446770
7644.377720
7663.103369
7898.843979
8023.449203
7912.891176
7924.456739
8003.997284
8122.806312
8152.446535
8350.216554
8453.206583
8485.453866
8348.795324
8412.049995
8445.722270
8252.016486
8331.223488
8178.870480
7963.087980
7737.806710
7866.082006
7638.635600
7698.390893
7730.034241
7830.605349
7821.216577
7953.654047
7833.500281
7846.848786
8092.348104
8033.208337
8052.601575
7996.653302
7947.572568
7565.686099
7514.309292
7501.129801
7701.142792
7639.442514
7483.542010
7564.486642
7521.613256
7759.351239
7739.066557
7852.296088
7620.682257
7560.733464
7528.938031
7673.664965
8257.392523
8600.557609
8828.075891
8374.986846
8703.413001
8402.443056
8186.819873
7981.267066
8363.145106
7907.566314
7902.125067
7708.344205
7888.325035
7848.418748
7791.398593
7662.605254
7903.980091
8069.251022
8124.441621
8266.855963
8276.901697
8589.192727
8619.204244
8807.372583
8615.819939
8710.257058
8582.063857
8472.500662
8415.089789
8711.841916
8650.376197
8436.366955
8391.837222
8013.951772
7903.060872
7766.756004
7470.044339
7311.513272
7368.946362
7521.197163
7629.659081
7762.456959
7623.111926
7615.229755
7413.380714
7338.272461
7636.833083
7842.618521
8177.164009
8460.161954
8171.243469
7982.981784
7785.529051
7415.870562
6869.914634
7024.014836
7131.251366
7082.320228
7245.906948
7611.794445
8015.449694
7995.629366
8218.772519
8192.743692
8355.537086
8610.214270
8477.844022
8344.803900
8129.375840
7923.786030
7250.794144
7393.362935
7667.824013
8045.434926
7920.931371
8146.561891
8138.950942
7834.467564
7662.352730
7869.951165
7842.230252
7850.279183
8291.421040
8851.443746
8889.201381
8807.813753
8897.075087
8429.551929
7877.832761
7705.502382
7791.094352
7630.368664
8129.749125
8721.891606
9409.994446
10347.745565
10672.232232
10378.237931
10004.641767
9405.375168
8667.174373
8538.502824
8859.648113
8439.287183
8636.938671
8508.074578
8329.895118
8012.577114
8439.831806
8386.642097
8552.910705
8384.513492
8120.956197
7778.697852
7770.978378
7628.457456
7788.694612
7985.745640
8017.796159
8155.581982
8652.783116
8933.743893
8552.004291
8445.046674
7888.989428
7317.273203
6870.155119
7251.473283
7239.678977
7615.652471
7716.851843
7854.978289
7947.495208
8479.643792
8449.924862
8712.961866
8714.958946
8766.409435
9075.211898
9359.530782
8812.196873
9005.860800
9331.767429
9121.860210
8932.225656
9460.189996
9272.274213
8663.491816
8250.104614
8161.193174
7961.024716
8171.128783
8393.736882
8360.193101
8081.280303
8043.903367
8029.716142
8139.140876
8018.371773
8370.392745
8380.164024
8359.894241
8282.591449
8189.778023
7872.751176
7708.626752
7467.380094
7359.854988
7425.480203
7496.363733
7609.200665
7676.746700
7800.292008
8080.058519
8044.379370
7892.253658
8014.442987
8183.824677
8290.703357
8514.659263
8815.141036
8678.302062
8554.474221
8374.467277
8554.474221
8429.453076
8741.740458
8365.074580
8402.447130
8224.515825
8416.228336
8147.205474
8340.135426
8492.467814
8772.149044
9044.621546
9352.662935
9445.649166
9087.618365
9219.625305
9413.709326
9395.501449
9608.438423
10233.723986
9819.566387
8986.720351
8836.131352
8954.395345
8829.535219
8687.248313
9041.516559
8946.920479
8344.286188
7843.386477
7760.455224
7699.245650
7643.984619
7840.974685
8288.256868
8527.564084
8262.510849
8207.003526
8535.425972
8701.246794
8987.945822
9250.997337
9294.776415
8793.536466
8122.570373
7732.690780
7655.418139
7625.783789
7577.000950
7651.947111
7618.269491
7430.747329
7898.899310
8218.636920
8402.336445
8376.450874
8273.773104
7583.564284
7396.581976
7916.931928
8774.102935
9288.182721
9697.902789
9658.986239
9016.381252
8270.455803
7931.979978
7554.288816
7691.403631
7528.885363
7295.623594
7097.728860
7360.549277
7510.576559
8044.989179
8450.408153
8577.626061
8872.144892
9182.849453
8947.668188
8678.216918
8492.362375
8122.569812
8099.030416
8526.461480
8628.782195
8718.251626
8666.783796
8267.782910
7684.806143
7795.350863
8363.148776
8756.559061
9063.464620
9227.172461
8924.850093
8544.551370
8386.645902
8073.236718
8159.094253
8568.321307
8835.446072
8841.593864
9053.608678
9194.270940
9045.199646
9209.856142
9029.758144
8774.648399
8527.436670
8551.247146
8199.007116
8244.530069
8116.001340
8221.060009
8279.861534
8246.521572
8337.574932
8502.557152
8492.467948
8516.708116
8926.100325
8981.055332
9041.419296
8969.927798
8984.168515
9076.818015
9057.138493
9312.414852
9666.163985
9793.288902
9043.359941
8852.840982
8574.725839
8236.261018
7743.889481
8038.786362
8098.949703
8142.093930
8149.991327
8858.829127
9378.542794
9803.926749
9709.997458
9781.069914
9210.864793
8571.818867
8123.022388
8005.097894
7753.772506
7882.355807
7925.709683
8007.191569
8232.112125
8728.667144
8823.985675
8914.421669
8641.144717
8568.570771
8095.894540
7876.563279
7635.158198
7882.303408
7661.994130
7708.854186
7920.770310
8542.178840
8761.277969
9201.035914
9507.790798
9264.340760
8985.233417
8710.132859
8519.257723
8147.341636
8172.961251
7991.329012
8221.095812
8241.964074
8699.426875
9047.551408
9423.612151
9443.216489
9653.089363
9542.783153
9346.324052
8972.111103
8829.825552
8761.278671
8401.624458
8241.156513
8425.064331
8502.439278
8212.973858
8317.829741
8525.828383
8982.872622
9376.467576
9395.360332
9296.957120
9296.957120
8918.916284
8241.963901
8370.739439
8477.568965
8085.768773
7858.696850
7708.271283
7673.568356
7715.008250
8101.044305
8306.719664
9025.184755
9091.429037
9135.047698
8829.964282
8604.961284
8161.652917
7981.458898
7898.377324
7985.561037
7759.972771
7652.962177
8161.222635
7912.163930
8089.586452
8313.199670
8435.792712
7932.335702
8195.492854
8071.073489
8055.102030
7952.238524
8153.541286
8420.813417
8933.484288
8790.326618
8737.082727
8463.002077
8275.080340
7824.039184
8138.891804
8225.264727
8517.209729
8323.127519
8289.525644
7774.980194
7886.571910
7611.395313
7708.546530
7658.964756
8086.343511
8391.003430
8729.492861
9010.954885
9645.632935
9458.021085
9123.442333
9048.284521
8751.898738
8017.920636
8327.942010
8179.957345
8092.039324
8010.850090
8263.904231
8139.279728
8640.029519
8661.355805
9047.417375
8736.503050
8767.492680
8250.010963
8327.072407
8180.668214
8432.251974
8192.327616
8295.546572
8567.969586
8708.247544
8702.127915
8949.044418
9208.914024
9004.929102
9246.851761
9072.361424
9161.250375
9064.268081
9205.852008
8728.970597
8818.061171
9029.783721
9306.399733
8788.012089
8560.518005
8588.633665
8610.325493
8356.058357
8784.933235
8786.820591
8990.749612
9053.971883
9437.415777
9480.516139
10076.181265
9870.637925
9496.685586
8772.897703
8828.328894
8282.234567
8511.286353
8628.258732
9160.575247
8825.961202
9162.047423
9213.935268
9092.937074
8835.886666
9247.298164
9506.890532
9131.057649
9127.119716
9020.005551
8544.222174
7893.491858
7964.561384
8114.959031
8496.354644
9268.736725
9705.402579
10088.953367
10038.012471
10124.873488
9878.392692
10016.746459
10115.894945
10264.389575
9886.438260
9550.282875
9241.415235
8893.406078
8898.665831
9120.735172
9395.062897
9472.194551
9521.465427
8932.291489
8851.057122
8505.773115
8584.835358
8470.349511
8850.598159
9031.998485
9036.054015
8824.522123
8893.975441
8975.455906
8761.192912
9239.276439
9698.581221
9973.156924
10028.400231
10534.971890
10496.879902
9972.469422
9747.007355
9525.266792
9202.638091
8705.321149
8893.632620
8824.241950
8677.942310
8277.945287
8057.306805
7906.811211
8146.458780
8370.234336
8516.748694
8766.786283
8951.300538
9148.983276
9802.032396
9985.923274
10194.025667
10085.107772
9732.889843
8975.455906
9008.417374
8969.964245
9069.280381
8985.751385
9049.016347
8775.772040
8918.184948
8888.666120
8947.603866
8919.447403
9194.745838
9209.770211
9004.028960
8735.044332
8696.936811
8835.696431
8723.993448
8841.380668
8900.200126
8910.192585
8502.738327
8593.241465
8867.499847
9219.671945
9077.043878
9221.831106
8896.316568
8844.416794
8554.119695
8892.505318
8807.197877
8905.758364
8406.945813
8399.290028
8565.241908
8594.775159
8582.228241
9060.887955
9585.649917
9587.223786
9870.376184
10238.660816
10678.115263
10725.585606
10547.408651
10377.341265
10148.011389
9534.767048
9354.475891
9766.377650
9769.934093
9710.251093
9979.196033
9712.035026
8971.798905
8928.416259
9091.438249
9224.437854
9085.543197
9208.475425
8943.229277
8673.215337
8259.939848
8382.327351
8580.220754
8760.383085
8798.465476
8976.774310
9407.960035
9269.912502
9434.393260
9811.112143
10051.239966
10009.147816
10094.183006
9967.785537
9806.618021
9985.197175
10448.227908
10812.012683
11180.550549
11323.198346
10724.066514
10108.622637
9780.564937
9515.159394
9150.847193
9358.641346
9226.076544
9314.946223
9386.135086
9587.675200
9653.006231
9700.421689
9809.519790
9793.684851
10067.817109
10262.237355
10453.634471
10184.715669
10186.660528
10051.797395
9744.571273
9509.324935
9614.208501
9576.623383
9898.238556
10052.558071
10310.277955
10356.997977
10576.715069
10675.279180
10683.253299
10348.659560
10001.266480
9605.393210
9208.796329
9437.554859
9437.554859
9956.277209
10452.704305
10737.951480
10476.849805
10661.076549
10454.998290
10485.009826
10724.904100
11287.216548
11069.242146
10986.475983
10778.090977
10195.298170
9542.810599
9696.444026
9688.989391
9281.668477
9351.920741
9621.110603
9775.857417
9969.283454
10594.401795
10262.564568
10006.786099
9997.133342
10072.709213
9735.808672
10228.984704
10383.356611
10079.023063
10124.220487
10462.425192
9753.012529
9612.600512
9570.803837
9282.177902
8767.090712
9035.544337
9027.780354
9225.690812
9237.457792
9498.533295
9159.952291
9011.696659
8948.039677
8734.838391
8291.199606
8390.077333
8609.848159
8969.630586
9486.124422
10111.138157
10741.722219
10968.490241
10403.229337
10139.836292
9874.750212
9840.144923
9652.667569
10026.488155
9838.651354
9514.044642
9239.521722
9451.212911
8931.004130
9020.022334
9101.605356
8975.295723
8402.733781
8618.543475
8707.826064
8969.108016
9174.735931
9639.867753
10367.645398
10284.563746
10172.057326
9875.712969
9553.604949
9019.268363
9306.176583
9524.082464
9732.012892
9899.596747
9445.318802
9209.529935
8989.983219
8889.148118
8637.902799
9110.590697
9035.454211
8963.981697
8963.981697
9161.738175
9179.952153
9494.394505
9766.063159
9978.028770
10304.028889
10642.218691
10715.519197
10826.128319
11122.276004
10738.122968
10111.139169
9943.251063
9766.796074
9486.345328
9569.118558
9787.329623
9591.124843
9565.989747
9383.681566
9237.301030
9281.223306
9648.488819
9535.991311
9184.262848
9116.914174
9132.632990
9188.174065
9554.149909
10013.098063
10033.120318
9751.642097
9172.386683
8934.729415
8699.277701
8592.592640
8716.727453
9403.369953
10066.410404
10218.130394
10782.259380
11227.518616
10701.102531
9979.065899
9773.086908
9345.692225
8841.602370
8754.379214
8760.464881
9332.246335
9555.940987
10051.198144
10616.043584
10560.835556
10366.585247
10205.825251
10302.397756
9784.156320
9711.265693
9340.497830
9277.346583
8796.388723
8809.969254
8713.138657
8934.149186
8843.149107
8902.303759
9044.698145
9375.231631
9332.132577
9831.197818
10165.015601
10191.119638
10082.022966
10004.963400
9486.905086
9136.270978
8527.181578
8153.021064
7923.895185
8100.004119
7792.999150
8267.792440
8721.509100
9436.729347
9365.990602
9705.862434
9998.694026
10404.478564
10404.478564
10347.362305
10216.867915
9656.670764
9187.685464
9057.031475
8928.259260
8934.386490
9322.154658
9662.794766
9782.248658
10464.736245
10835.068665
10783.624002
10556.157699
9788.879211
9349.397244
8564.200508
8429.362651
8208.007437
8668.527147
8633.167548
8979.130209
9044.626139
8979.130209
8722.520893
8741.529866
8882.321445
8735.970147
8906.051775
9463.367966
9809.741031
10027.322147
10477.844214
10450.748480
9917.026789
9727.143952
9323.163126
9343.700711
9479.813427
9899.548174
9579.151509
9885.935488
9478.308277
9272.593102
8994.106627
9177.938171
8875.440887
9316.255876
9597.500807
9653.077273
9669.095378
9934.419146
9916.375995
9886.564999
10328.173136
10504.053485
10914.260774
10723.894914
10604.600916
10199.972616
10144.570412
9802.477758
9405.052015
9360.830166
9485.438833
9752.505539
10027.632992
10211.745246
10098.859549
9856.547028
9621.167383
9300.463331
9161.809666
9312.773830
9449.960360
9206.469286
8785.033731
8937.192093
9073.721870
8934.500889
9110.548354
9326.136676
9500.530744
9435.267115
9428.883247
9381.242258
9648.270022
9335.881087
8968.411627
8923.205718
9071.709364
9498.851196
10011.841674
10486.022250
10432.932411
10248.637586
9890.299518
9896.484679
9674.794024
10028.262363
10113.933821
9858.402581
9872.477462
9733.456410
9513.298479
9485.183180
9966.006456
10230.971010
10561.166649
10476.167790
10354.913515
10022.369777
9690.362195
9364.072440
9278.232350
9159.503006
9210.639804
8929.714418
9111.917646
9212.749583
9313.619782
8957.425615
9074.241961
9331.662169
9684.906494
9629.949204
9874.932350
9628.299848
8978.765267
8792.689568
9217.634184
9385.819339
9720.512488
9975.173590
10123.503075
10052.184325
10001.132079
9875.747056
9563.550587
9456.081110
9553.448911
9674.136145
10204.057437
10700.775754
10871.909551
10498.340392
10534.021083
10221.374932
9979.746927
9710.057183
9515.768113
9255.074831
9185.734859
9598.895086
9543.462690
9723.491329
9750.893196
9794.308927
9233.118403
9121.220526
8953.135839
9109.711540
8851.900114
8978.766528
8912.502235
9298.050274
9395.093718
9822.892561
10429.518935
11012.660064
11145.688808
10921.302946
10579.264801
10300.867893
10482.641566
10301.000024
10055.386058
10032.003558
9673.963544
9281.697875
9041.817060
9263.924771
9302.879377
9548.530127
9006.155871
9229.521323
9720.567263
9678.966803
9682.972340
10197.457573
10139.763861
9864.871803
10264.445200
10529.474318
10482.428902
10404.802858
10037.418243
9686.981443
9536.676818
9266.298993
9167.567085
9282.401208
9290.428763
9223.241875
9707.254030
9875.486636
10354.471435
10609.694593
10692.842565
10443.876773
10068.043563
9430.854930
8877.053842
8889.172829
9015.796950
9344.145919
9502.084433
9773.147838
9779.166622
10159.002753
10627.555578
10854.719384
11032.877223
11032.877223
11195.844768
11035.822458
10884.623536
11148.158456
11328.348108
10661.971358
10428.558810
10305.748386
10096.275565
9991.181034
10284.894022
10476.777124
11278.109333
11927.049280
12338.172967
12462.796020
12666.902903
11805.900538
10789.165694
9962.439725
9456.080439
9278.249310
10152.971733
10211.940776
10168.620341
9887.783336
9694.185776
9151.984598
9545.506601
9727.531035
9958.815854
9889.771156
9781.171345
9601.250683
9648.364847
9899.123711
10045.777268
9824.027126
9705.210412
9711.419384
9906.302021
10099.870480
10293.749285
10357.303370
10139.796592
9781.810998
9366.543291
9111.119566
8891.865601
9018.174785
9097.225726
8872.058413
9053.939874
9316.772224
9601.849058
9970.712264
10277.687020
10321.005842
9709.847480
9689.919756
9297.573696
9576.409895
10130.429594
10425.232333
10128.332428
10085.797447
9925.696620
9466.435371
10224.263035
11357.789955
11940.766137
12000.327797
12200.266028
11897.002353
11010.736249
10451.337764
10485.220916
10111.096004
10051.980146
10010.167193
9922.339601
9679.188886
9750.424102
9750.424102
10209.211536
10663.791134
10894.881290
11199.988682
11541.804712
11567.880800
11437.261702
11658.527303
11769.599586
11973.659292
11668.662792
11565.819488
11156.073698
11102.498493
10768.392774
10564.803072
10451.001546
10547.864717
10160.132592
9390.662606
9364.887801
9476.506932
9367.401808
9472.311811
10429.563677
10576.274950
10351.088113
10240.022949
10313.506316
9858.592129
9761.690442
9837.156255
9933.946533
9634.820474
9806.686492
9810.830531
10135.015673
10284.946353
10854.485364
10593.829281
10585.441851
10454.852105
10447.259555
10067.289130
10155.738067
10142.026022
9679.470434
9855.695393
9623.554055
9316.926873
9127.453024
9320.083185
8882.871849
9217.382511
9509.834472
10002.707255
10575.538631
10986.705453
11156.469712
11143.212933
11093.640581
10632.466915
10806.675063
10862.286919
10893.691599
10646.481873
10715.074895
10741.190466
10526.980505
10337.114999
10328.924514
10693.842814
10555.638940
10942.791075
11900.569918
12420.990726
11889.269822
11716.929538
11590.682422
11125.554038
10409.210332
10624.073951
10865.351145
11090.413465
11100.548659
11873.969740
12007.139518
11775.284241
11365.724831
11387.388514
11029.740262
10654.540986
10759.544510
10858.172707
10541.844409
10537.963603
10567.681627
10229.449190
9905.171530
9862.020851
9292.415874
9132.150366
9149.709789
9454.394887
9270.544571
9729.248960
9950.380968
10141.852733
9962.468526
10361.657971
10532.057278
11095.611074
11356.971451
11153.165683
11143.317519
10883.566981
10883.566981
10652.460122
10654.395828
10141.691923
9928.358659
9176.215804
9146.631630
9310.877868
9694.390977
10040.542429
10417.887811
10504.792770
10449.601783
10712.979009
10556.366447
10374.157007
10631.583512
10918.607543
10752.128629
10789.473456
11093.991558
10866.183866
10604.664047
10585.326738
10670.979591
10711.033043
10713.641351
11115.188099
11037.469817
11083.025464
11299.842094
11204.829335
10625.103368
10454.845179
10391.747223
9926.678957
9839.269596
10313.996478
10801.150848
11305.342293
11282.341408
11258.235229
11258.235229
11274.242973
10845.162980
10909.096703
11338.250229
11502.498277
11450.905108
11300.791247
11111.909055
10534.397112
10013.845470
9620.701342
9491.518280
9536.712164
9350.867118
9428.063760
10041.055555
10759.531281
11241.528309
11769.867986
11791.727957
11237.716224
10646.297547
10059.133023
10313.863717
10655.953469
10789.101502
10921.117908
11384.662004
10976.854630
10583.425363
10601.158436
11050.157146
11592.166159
11762.638656
11802.023587
11489.154962
10808.964600
9987.907931
9818.715669
9526.890662
9699.386122
9687.161463
9841.357575
9904.724991
10073.113303
9985.993576
9738.563022
9401.807820
9313.290196
9621.543504
9750.523452
10336.334698
11122.571987
11413.523361
11316.743242
11009.819514
10495.775452
9665.783977
9238.646283
9410.979430
9663.923609
10168.564136
10798.428117
11146.988803
10814.222002
10972.640307
10921.021566
10824.941007
10521.980052
10439.015786
10203.624244
10160.125627
9467.959877
9489.215052
9358.864633
9732.963133
9572.914700
9800.051021
9883.142129
10361.657971
10199.521507
10283.148960
10514.529194
10796.995574
11020.812193
11054.315791
11437.872346
11534.487414
11655.139838
11623.294361
11483.261353
11318.665659
11623.075617
11500.623760
11093.282692
10958.351632
10813.899392
9928.633800
9691.520033
9394.993837
9193.686818
9001.443402
9404.991285
9623.812487
10360.568008
10714.598358
10661.185928
10399.644195
9883.297796
9625.708411
9596.405692
9873.444837
10079.281856
10283.285605
9895.242997
9630.045000
9473.359955
9582.475799
9750.936884
9804.364033
10160.433879
10238.230867
10293.267316
10649.825944
11461.059173
11536.042581
11457.337268
11208.393934
10737.371373
10301.961619
9837.599906
9694.621815
9733.195926
9727.336834
9359.067050
9513.768238
9167.397195
9216.778900
9594.475889
10238.143768
10710.112316
11062.793405
11461.424080
11301.043550
10673.761896
10152.022356
10320.234515
10199.697040
10116.234239
10567.570012
10852.828188
11293.874170
11495.399916
11801.949422
11526.924981
11246.060726
10652.484334
10305.341434
9670.075774
9692.076238
10139.296277
10552.140258
10584.831439
11027.512753
11746.077046
12535.612493
12438.348450
12331.246721
11925.851883
11223.371712
10206.405945
10164.901828
10186.509967
10639.594728
10665.353012
10722.967278
10528.570010
10577.717840
10445.415357
10599.749534
10574.447114
10603.643132
10946.835531
10948.396862
10818.121166
10893.109910
10863.054659
10882.921463
10993.488429
11248.646384
11167.960171
11266.530374
10919.492542
10585.036961
10203.178840
10404.688777
10614.518379
10796.876322
11283.447631
11303.597432
11356.994223
11138.937307
10777.023915
10238.646845
9948.410884
9411.896908
9395.508794
9576.006885
10256.747162
10923.079572
10925.271426
10798.452592
10589.011664
9898.196479
9187.803021
9233.563049
9553.841841
10188.202789
10942.339012
11893.853421
12720.713710
12572.447925
12250.666717
11896.718845
11134.799766
10666.012182
10751.785600
10491.896720
9963.572658
10022.666672
9850.703198
9684.628735
9837.308094
10004.966048
9928.038665
9514.278420
9601.481121
9804.867097
9676.300227
9784.882464
10179.067552
10264.069652
9966.067590
10559.560503
11026.382440
11113.317671
11137.371407
11113.591114
10514.620063
9849.544343
9264.143604
8874.027613
8854.722367
8977.660821
8894.369106
9296.355694
9408.580957
9395.508289
9655.303486
10221.175795
10474.574079
10666.116516
10612.653853
10312.239425
9712.361818
9920.169113
10060.618212
10417.227487
10942.707385
11661.066179
11811.302458
12478.385429
13721.341028
13911.125893
14073.431427
13480.021712
12672.248663
11635.263976
11247.716114
11069.470422
11427.544574
11308.841132
11334.169703
11617.413922
11481.051925
11342.338093
11716.500192
11846.846555
12161.754422
12003.261422
12595.165811
12500.289870
12146.495337
11702.950053
12067.048085
11406.500087
11050.347399
10849.013440
10632.981435
10205.842190
10087.267809
9855.830553
9832.026865
9566.890219
9901.313166
10311.153046
11032.844233
11515.054353
11631.683436
11002.511344
10525.863109
10207.372833
9592.269072
9675.334601
9948.684259
9788.470275
9612.339109
9856.417673
10188.549239
10738.345165
11514.591385
11658.691916
11673.694880
11634.401374
11509.601472
11195.039592
11216.959023
11572.490125
11590.556954
11086.096869
10960.955896
11527.163222
11661.948852
11252.720245
11267.561232
11287.904698
10870.655201
10454.870037
10528.133832
10639.207241
10785.186166
11135.302714
11452.179005
11624.502329
11805.103274
11535.898598
11070.730351
10796.604227
10618.568465
10938.904269
11354.490164
11759.928194
12064.676489
12739.140719
12110.119031
11648.701972
11161.976182
10720.907682
10133.272618
10564.697635
11185.342939
11304.426074
11111.675077
11514.963466
11246.077255
10919.656755
11301.281971
11610.178657
11046.154342
11360.416363
11346.539905
10824.749991
10292.952834
10372.184639
9832.026454
9487.912113
9400.815531
9780.362478
10148.069153
10850.260734
10996.942242
10755.538400
10568.593994
10026.987894
9577.722954
9684.636923
9943.804980
10174.832746
10514.274964
10583.096010
10877.492567
11032.457944
11079.424775
11045.678647
11146.650916
11306.494810
11716.418249
11545.056768
11523.317840
11313.316131
10959.035890
10028.634243
9898.467138
9914.436329
9902.562742
9789.520256
10266.246072
10680.514858
10965.289974
11161.121708
11401.878785
11570.339875
11746.210343
11399.955576
11570.070069
11491.445138
11255.356046
10870.237663
10903.472673
10806.693729
11042.693660
11293.963526
11399.355203
11326.157865
11389.377413
11658.385742
11860.033288
12183.442720
12278.498578
12134.586200
11431.884349
11216.742989
11049.334797
11294.473478
11338.103564
11534.034542
11336.459514
11301.650392
11513.885994
10942.153166
10550.019228
10437.495897
10238.292368
9525.606439
10028.092189
10524.914578
11132.374440
11648.513235
12044.504914
11959.500868
11787.445764
11797.202083
11767.181511
12111.145543
12350.453797
12526.923088
12344.762693
12231.286499
12195.688190
11924.578970
11700.626099
11331.089704
11241.072658
11021.306044
10811.807255
10734.868014
10920.485270
11415.585102
11405.911417
11789.443603
11929.817950
12287.966232
11492.652847
11184.538638
11206.052063
10903.427585
10782.686303
10668.656032
10657.160516
10211.915687
10305.164245
10013.977137
10402.177051
11080.513832
11614.899351
12147.126610
12157.414537
12352.212818
12203.459463
12107.246042
11853.432997
11889.149204
11411.006245
10766.392946
10882.991713
10383.044265
10558.578202
11327.690629
11937.341347
11636.533225
11830.383343
11341.868725
10283.379932
10403.901030
10963.792848
11325.822702
11640.194099
11952.833848
11514.187387
11438.314696
11357.629926
11296.227946
11199.970474
11082.949849
10914.618837
10944.086113
11474.277024
12092.272050
12103.440919
11755.928359
11172.019472
10681.546846
10197.385956
10343.442394
10537.548948
11053.853216
11380.171505
11371.474251
11559.188048
11706.029508
11832.645773
11446.935777
12134.811930
12617.253256
12542.328865
12096.883767
11776.391243
10968.318496
10042.396826
9401.453456
9480.570506
9498.595965
9468.500079
9794.667787
10331.207758
10774.896837
11629.226174
12531.024157
12337.720484
12157.701461
11833.036952
11589.920279
11330.382546
11707.962014
11838.729017
12089.956686
12278.231612
11810.884279
11309.770785
11046.797593
10613.807440
9772.969131
9430.099884
9582.227354
10068.567140
10297.135242
10538.063204
11200.385853
11872.887996
11651.651698
11886.691786
11860.757708
11586.576924
10930.107473
10813.214368
10395.678090
10678.620225
10920.717768
10477.299127
10368.371604
10299.416082
10016.087706
9743.933797
10430.149621
10903.434766
11288.633165
11579.891640
11665.990200
11115.788580
10777.424206
10595.219490
10120.578861
9689.923595
9897.642341
10026.098475
10097.347371
10514.858147
11234.964891
11482.482401
11808.529590
12316.766032
12399.682348
12479.454094
12546.719330
12228.661683
11565.654050
11479.053795
11170.158123
11808.664433
12841.839554
13927.727426
14052.469654
13493.190053
12452.413385
11287.352846
10343.348981
10602.456421
11699.914578
11927.303714
11755.652029
11519.575243
11359.445686
10665.347713
10397.635984
10793.698251
11280.103570
11591.135677
11599.790843
11762.008721
11381.542583
11104.853372
10604.269638
10430.493912
10238.711417
10508.066477
10274.228015
10535.376390
10820.605600
11122.995084
11093.878003
11373.066361
11063.910992
10877.476125
10903.434883
11176.331564
11975.537485
12907.248930
13629.874956
14375.671597
14356.168456
14019.252407
13705.347224
13910.931677
13515.206480
13439.719100
12830.357760
12076.644947
11287.802315
10534.301867
10124.625652
10272.880170
11020.997438
11376.357538
11932.465321
12118.921298
12278.511391
11515.042691
10977.113824
10717.714306
10894.007363
10763.285175
11292.075613
12065.617553
12429.504255
12358.345179
12485.071099
12328.541453
12195.793043
12270.744481
12003.628562
11708.850638
11631.667164
11184.343533
11042.245686
11312.863530
11643.130389
12129.493436
12888.395290
13337.654213
13746.768161
13559.321158
12878.483256
11978.352808
11541.087939
11819.947741
12223.499652
11934.844366
11683.827075
11167.953600
10641.212816
10172.545685
10538.420591
11226.855992
12253.040872
12629.453526
12759.919256
12982.878882
12546.257336
11740.612492
11072.342287
11000.877537
11079.920116
11622.583252
11982.173457
12146.743733
12868.909434
12884.160979
12805.285752
12953.783771
13155.195244
12407.069723
11960.258398
12035.399603
12021.480298
11877.592144
12304.569404
12783.439467
12888.394188
12409.710090
12399.401770
12025.583652
11384.903921
10938.891645
11120.773995
10895.106316
11073.315081
11833.194371
12471.604105
13044.010114
13287.044359
13222.497438
13244.489188
12985.465813
12703.803199
12912.080930
13022.698588
12443.173446
12076.627994
12039.124528
11940.391752
11546.072225
11536.548435
11712.629368
11807.340807
11524.498012
11922.212935
12320.288672
12066.730728
11831.483770
12280.563388
12377.230560
12687.919742
13530.181655
14005.185738
14210.927095
14357.108210
13993.109926
13918.348762
14226.424551
14252.871593
14225.175974
14695.534838
14759.875168
13816.360288
13234.901071
13119.738365
13080.376895
12503.598282
12946.613418
13079.514986
12954.909550
12689.846152
13180.793166
13083.733524
12787.180029
12506.459813
12773.618804
12470.945420
12300.622158
12874.466215
13774.925460
13640.135583
13865.407191
14565.305925
14774.762637
14611.308756
14332.022334
13646.575020
12350.216953
11222.937198
10201.750502
9784.138803
9576.399732
9720.826864
9904.724435
10238.859855
10535.752367
11058.921513
11494.336142
12012.395206
12380.195874
12463.314247
12937.438457
13436.002419
13299.499922
13164.355011
12975.420663
12288.888727
11565.196665
11505.976294
11565.198364
11863.649293
11962.204462
11829.962389
12134.592972
12282.929930
12055.314159
11900.870382
12484.810196
12393.574958
12255.413408
12472.399119
12442.710904
11942.236868
11940.391752
11835.338684
12345.455553
13080.894690
13413.699019
13348.002763
13147.866523
12609.999068
12222.461558
12263.637714
12297.741540
12676.850751
12629.728254
12945.210470
12574.676655
12487.576075
12097.590111
12331.321834
12061.649061
12690.426162
12710.767264
12860.251062
12611.013082
12536.438815
11960.402298
12055.455856
12459.320759
13078.568574
13691.813855
14101.101547
14101.101547
13992.080577
13426.534881
12577.473977
11829.962283
11461.768542
11653.511671
11619.899078
11570.561424
12007.816314
12910.435901
12450.920277
12273.437307
12654.468310
12415.329821
11596.202294
11582.569878
12104.184101
12405.069219
12869.639135
13360.665062
14044.507094
13627.376417
12913.411782
12945.463804
12702.053668
12173.703356
12388.965502
12676.201174
12411.660296
12312.589049
12405.613587
12562.025624
13187.285775
13191.814458
12813.335720
12584.439193
12285.685867
11567.746074
11387.267560
11666.705532
12129.406781
12269.996604
12259.324826
12421.326386
12102.456208
11567.064429
11906.809064
12545.993601
13370.461659
14375.824222
14898.174456
14500.335875
13975.075737
13075.089503
12251.791321
11512.633039
11037.293204
10649.670377
10665.450646
11093.016348
10954.644588
11032.973491
11266.657254
11732.250719
12141.225303
13128.719305
13229.218582
13075.089503
12764.841811
11891.986672
11369.559486
11593.027167
12107.952893
12637.436755
13922.365722
14212.685297
14444.292272
14727.259959
14818.348840
13882.139773
13561.954781
13017.720771
12413.334148
11942.532077
12122.635699
11770.152931
12073.037066
12034.625529
12195.276433
12487.505848
13122.617606
13197.751288
13480.500218
13563.602610
13809.462487
13783.973819
13597.758548
13430.386811
13038.491623
12930.195197
12421.242106
12642.835584
12628.164224
12651.744472
12202.686609
12453.949126
12394.480429
12443.609764
12307.121062
12433.934136
12793.600322
13423.073663
13168.095201
13715.632702
13440.627952
12833.970116
11891.897483
12337.803952
12190.972118
12286.342189
12567.315320
13608.326783
13494.219194
13231.202988
13449.061939
13243.382787
12344.783956
12274.072951
12216.765074
11949.570072
11975.272798
11848.696600
11473.582262
11679.471762
11604.155402
11822.193901
11880.858953
11880.858953
11472.028248
11313.417882
11032.655821
11137.371016
11656.057093
11959.094448
12467.315882
12872.663113
12353.999663
11915.107157
11351.174932
10639.194789
10148.125436
10525.984838
10828.326035
11498.397927
11726.356325
11974.210871
11831.508524
11636.407364
11125.684764
11185.131544
10736.077515
10890.947307
10967.682606
10845.329101
10495.319092
10959.686898
10926.084367
11063.182875
11492.405060
11955.671963
12220.889877
12529.347253
12533.706965
12535.768366
12236.818642
11922.360178
11959.778225
11646.962415
11375.715137
11919.860725
11878.423807
12145.828396
12689.868256
12832.731410
12040.679048
11738.554625
11000.381116
10654.993384
10779.482067
11401.041689
12091.952323
12210.212574
12231.580902
12426.084966
12740.132020
12928.897322
13567.560604
13525.302145
13616.241931
13224.386020
12997.236335
12915.841753
13192.470206
13022.329626
13591.723093
14260.541643
14219.125330
13846.161718
13494.089768
13298.667255
12496.516673
12366.257699
12413.414989
12830.766728
12425.839157
12484.924975
12819.427820
13078.560822
12931.920642
12567.897488
12180.203797
11673.656557
11472.500962
11794.599596
12079.657736
12303.466783
12441.844185
12426.863336
12274.192249
12694.121540
13663.487393
14031.498956
13797.559601
13563.783937
13528.752436
13022.235873
12805.943034
13267.686401
13394.084353
13133.105253
13142.248701
12938.631394
12958.042961
12754.840691
12483.501714
12002.555082
11866.314171
11593.666369
12111.947928
12548.951943
12735.050939
13006.110003
13319.571403
12803.020175
12304.438848
12163.923125
11952.265420
11793.577504
11807.499736
12005.066578
12157.786522
12072.535660
12269.818028
12503.037251
12805.685852
12495.272405
12487.404808
12322.341267
12500.506455
12500.506455
13013.143444
13341.082484
12709.242555
12327.270130
11716.207406
11298.418272
11314.035100
11869.170602
12388.010142
12882.452685
13499.240972
13375.225205
13250.803889
13329.337130
13557.092916
13238.359164
13185.636706
12816.552998
11965.897248
11287.487231
11174.467272
10862.188630
11417.410962
11965.488196
12226.202620
12416.294354
12940.417918
12472.988285
11917.182869
11595.117422
11209.029156
10708.546778
10862.606682
10737.994633
11104.066186
11082.599634
11163.687164
11079.798777
11592.162446
12219.667209
12965.429183
13386.647580
13217.997310
13087.051254
12815.869381
12657.811388
12278.152929
12451.090393
11998.349236
11189.021518
10211.798895
10417.730921
10708.918193
11120.158586
11413.371360
11927.491315
11793.098854
12395.531170
13113.766218
13167.485160
13400.573296
13301.522591
12641.682972
12121.044998
12433.815250
12376.354142
12405.903710
12438.127441
12376.714569
12729.040254
12564.477003
12404.937595
12134.587554
11793.996643
11433.663732
11952.380691
13185.358247
14494.262318
15410.839339
15394.771084
14603.061670
13430.302969
12384.237470
11567.328765
11353.501823
11903.375440
12374.867383
12524.508142
12680.829207
12726.640074
12359.734555
12500.577002
12790.025241
13508.366032
13509.916547
13498.035236
13092.366326
12634.187429
12135.295482
12406.184153
12650.016440
12977.800956
13985.593738
14395.183469
14499.913918
14507.896188
13979.430307
13010.984139
13107.870731
13125.277857
13669.920265
14469.241595
14910.765807
14742.239072
14837.586165
14716.669436
14773.751057
15076.183556
14862.130862
14720.053079
14140.980057
13802.033808
13300.497712
13304.389631
13074.883906
13215.297754
12904.746890
12621.662085
12629.796805
13403.852981
13720.146349
13686.444892
13600.373088
13271.999670
12892.375332
13161.759624
13758.645760
14048.589427
14311.161684
13917.767926
13196.158030
12928.686337
13218.265901
13404.153309
13344.442501
13354.136845
13621.256042
13404.887777
13090.787949
13765.042960
14281.365459
14275.517085
14125.155731
14213.844800
14149.494286
14635.896140
15326.170614
16099.935870
16236.494463
15862.555310
15605.776004
14727.054323
14053.841654
13492.221267
12823.497281
11913.697420
11240.848090
11615.437496
12413.096016
13521.209992
14089.138198
15222.470633
15426.177115
15787.561458
16007.889818
15827.696532
15095.511503
15070.062993
14472.440976
13679.069035
13512.762097
13265.421818
12749.005644
12826.190103
12970.631113
12762.436716
12662.084404
12240.000463
11885.545589
11756.728420
12500.797701
13029.180946
13483.936562
14171.865307
14409.192625
14144.190219
14332.140357
15029.114319
14720.130046
14182.186367
13934.773743
13715.080205
13237.218991
13609.245155
14155.306250
14319.733535
14400.392332
14649.596379
14955.603061
16200.946036
16309.259950
16376.316186
15523.158380
14425.317263
12811.159918
12470.697845
12231.266905
12585.179556
12662.084404
12844.006885
13113.606870
13710.337621
14323.556974
15073.202609
15585.839067
15892.335542
15413.432323
14978.336454
14582.755412
14387.098330
14723.551502
15457.710926
16202.793397
16057.039965
15966.166264
15190.184359
14155.570538
13011.059320
12826.809229
12579.557616
12494.825643
12801.270201
13753.040516
14407.912070
14860.547156
14981.951333
15347.842163
15054.356664
15252.752360
15239.054585
15219.416258
14967.331801
14888.569050
14255.461944
14019.357067
14091.424118
14477.252387
13896.338272
13591.150931
13584.935760
13735.843707
14309.967450
15434.396929
16932.783456
17227.168797
17003.641049
16271.804365
15759.706849
14698.890507
14570.444495
14791.949279
14736.825455
14798.501479
14860.113783
14791.192532
14873.846010
15044.565496
14923.864416
14809.308383
14795.312481
14749.818577
14059.148021
13757.300854
13535.519339
13327.955623
13559.624695
14427.624792
15113.761931
15139.320189
14890.105826
14415.448267
14259.412217
14430.763293
15162.733256
15910.861179
16308.191852
15675.313773
14770.569409
14325.510609
13439.082355
12970.390043
12938.327104
12559.360504
12186.989384
12416.611003
12822.200196
13057.039293
14056.533003
14513.297876
15008.003456
14812.049334
14937.378787
14818.785544
14892.351091
14636.968227
14477.137793
14516.213570
14469.334681
14033.939648
13804.562132
14210.531032
14852.627100
14788.318450
14966.545915
15275.502509
14842.651608
13987.715796
13693.653695
13515.701623
13393.150438
13561.231541
13753.139416
14108.873474
14322.584837
14870.611860
15464.078191
15248.567931
14815.668546
14724.430322
13962.962347
12913.897740
12538.024296
12163.152817
11801.523991
11696.450272
12096.314054
12617.912213
13017.060035
13440.002585
13727.010123
13661.696789
13319.788840
13163.030878
12834.823316
12660.790277
13040.793954
13537.137181
14100.984633
14842.892671
15030.430889
14822.739943
14622.796121
14211.291827
13776.290140
13974.243025
14731.899485
14827.019623
15006.993335
14650.729575
14055.402269
12941.167473
12654.423577
12150.931266
12287.245548
12518.557980
12734.462376
12596.140069
12876.914313
13041.115663
13327.957039
13701.349554
13844.524654
13451.919932
13170.864104
13192.705944
13289.884856
14016.145719
15141.203467
16286.638426
16253.222470
15992.148495
15677.040457
15754.681348
15376.642146
15449.046324
15562.136314
15219.962259
14701.980217
13963.655091
13537.935911
13346.238830
13566.361224
13769.600732
14350.955098
14694.151128
14842.882395
14338.502621
13462.169139
12587.667934
12138.464627
11725.506349
11648.026130
12001.947356
12751.297327
12937.637155
12883.825119
13010.950675
13286.920276
12964.912795
13237.627128
13431.247051
13546.473487
13074.813347
13353.859827
13961.090314
14405.006078
14911.275172
15978.264099
15987.721639
15038.343995
14633.352818
14573.275331
13621.666055
13014.507519
12943.288495
13022.445896
12487.886001
12603.843214
12760.266858
12871.001774
13264.915391
13500.087028
13277.308614
13454.941922
13669.423083
13311.455964
13514.927421
14464.052597
14980.895850
15442.214672
15781.502646
15859.357172
15426.241138
15380.759167
14698.188176
13997.909690
13823.964643
13268.607431
12427.772326
12376.273300
12811.646668
13232.913423
13830.672198
14385.265191
14897.216660
15322.841797
15122.967595
15322.459966
15899.736312
16002.661130
16052.040182
16223.536046
16063.681603
15315.911851
14771.614857
13915.343198
13096.040766
12671.294577
13444.901452
14023.230198
14637.630168
15427.199060
16394.164006
16236.055854
16285.176576
15786.624871
15637.121589
14999.602440
14479.391857
13775.182606
13158.154203
12995.483524
12740.179625
12992.012057
13154.002404
13820.720520
13656.720573
13769.946075
13854.637784
13942.116712
13477.278554
13121.478885
13200.309361
13503.045259
14151.930734
14920.014399
15323.400175
15078.839842
14085.409000
13593.124105
13575.447472
13664.577168
14313.927311
15148.790295
15568.426458
15821.537080
16155.867964
16237.130056
16059.186287
15697.179987
15259.561870
15022.675888
14741.724233
14565.333948
14634.874262
15556.842568
16344.047761
16969.982341
18012.752982
18072.297802
17286.750840
16471.529450
15626.832337
14792.161485
14430.564927
14437.295564
14424.430700
14338.492433
14061.751169
14205.594680
14146.300755
14196.309245
14393.610093
14135.735800
14076.722200
13885.032404
13989.613734
13845.985479
14316.684500
14445.214176
14520.978174
14227.491298
14035.075009
13467.385855
13284.785833
13284.785833
12893.236076
12653.163370
13092.333824
13124.253223
12835.233368
13146.220387
13735.639602
13675.910076
13432.100738
13384.734085
13473.855311
13522.410537
13609.550672
14084.676936
14654.506243
15265.226296
15702.863416
16268.405035
16433.250921
16131.894392
15321.197960
14896.513230
14748.687850
14797.880050
14771.933371
14641.750057
14418.324889
14153.465189
14165.111277
14629.971377
15172.469298
14938.355132
14627.839711
14380.594185
14543.204088
14280.653084
14676.727219
14717.729188
14626.990388
14462.664741
14522.102323
14245.501212
13942.334831
13990.150447
13821.566371
14472.740258
15495.395304
15972.335331
15899.185728
15746.583366
15083.743004
14732.130579
14653.618293
14653.618293
14797.880050
15154.178786
14534.076162
14385.990824
14716.510937
14779.574982
14276.287879
14204.132510
13775.058668
13426.721491
13192.909084
13359.870460
13612.199690
14555.838199
14164.324296
13883.217859
13936.257142
14094.948572
14210.629578
15593.667414
16663.585284
17005.729509
16849.414406
16669.003936
16131.143562
16208.190109
16380.048959
15915.438705
15058.384587
14881.010128
14512.784548
14186.060908
14340.049596
14981.497264
15187.175837
14965.683671
14876.488046
14964.717348
15265.025756
15494.865024
16111.735859
15894.300831
15872.763016
15604.014702
14650.421988
14210.945676
14586.833476
15033.060745
14937.920895
15078.283534
14385.871194
14225.407372
14349.723135
14246.838483
14242.918071
14522.100642
14134.538200
13714.321676
14081.725140
14784.272690
15200.012862
15376.325733
14972.650957
14112.549838
13631.686400
13874.984476
13816.125010
14297.954753
14496.036592
13871.114904
12998.114338
13049.552229
13025.710729
13708.669764
14082.054984
13816.706894
13929.985342
13828.973346
13625.547465
14290.222985
15342.708137
16150.166341
17334.958438
18027.525440
18478.369657
18102.686082
17519.651465
16260.797434
15392.693711
14436.700675
13942.184150
13168.736724
13091.866762
13200.305475
13054.579742
13453.736171
13693.362924
13344.110278
13128.528619
13642.467648
13949.157137
14105.629846
14757.154510
15534.717578
15702.863416
15214.438386
15114.632974
15278.043449
14896.180734
14730.240886
15304.146244
15924.535943
15882.296060
15678.001384
15904.279289
16103.799908
16333.841461
16563.010950
17117.013169
17165.008081
16973.061871
16808.804341
16851.716273
16386.586665
15814.810136
15452.981434
14782.192135
14035.885851
13612.396323
13218.898825
13102.243174
13167.820255
13825.514223
14322.177590
15016.936707
15601.985866
15986.372959
15759.303787
15250.623286
14771.620801
14409.275577
14069.436425
13974.715308
14641.972576
15237.328029
15379.646600
16002.829394
16247.270448
16387.488995
16247.270448
15659.914391
14883.990195
14785.494681
14387.827007
14536.543225
15078.294243
15784.927729
15895.981615
16117.444161
15931.947722
16038.379991
15905.539133
15837.232498
15309.357646
14970.881099
14523.601699
13825.385910
13392.559084
13275.564535
13180.734318
13180.734318
13797.709779
14250.362711
14507.596151
14997.685090
15700.469583
16130.252142
16354.637449
16985.804158
17153.848497
16688.810402
16059.735835
15584.017425
14972.438239
14529.178559
14357.138792
14656.163786
15498.711054
16208.527802
16450.139402
16657.949671
16485.544396
15609.084561
14456.057155
13757.398299
13531.507625
13539.568463
13481.160608
13553.222508
13908.975021
13719.525977
13764.867171
14193.050947
15394.400839
16159.822830
16548.068085
16071.203085
16015.293754
15196.055507
14284.376503
14052.620911
14477.950245
14334.142437
14677.032591
14923.826495
15437.876309
15533.898282
15479.818121
15804.210583
15995.921942
15446.456919
15155.081231
15170.141917
14921.190479
14693.643492
14828.146435
15172.485063
14687.996762
14436.424354
14423.035499
14572.927484
14741.425565
15448.115554
16164.941910
16795.900077
17019.544819
16855.200405
16242.216220
15124.063264
15084.410823
15094.811400
14991.692812
15180.400586
15064.284761
14306.100567
14023.330985
13825.386638
14262.693755
14753.046927
14760.553036
14373.484841
14210.952327
13839.930586
13578.689306
13620.659110
13925.179944
14190.443826
14342.517181
14231.923809
14023.844681
13918.849339
13968.782354
13239.521531
13880.981795
14642.648340
14996.871156
14832.307044
15876.459834
15522.415088
14899.003952
14916.716044
15258.981790
15501.142541
15821.762302
16458.752708
16342.465526
16591.875449
16477.928272
16537.538450
16485.568383
16335.637747
16258.298124
16140.338671
15604.469486
15011.248263
14599.146021
13799.660104
12813.458468
13049.472619
13646.895363
14550.862410
15581.661960
17090.762896
17445.022683
17165.826680
16413.997874
15830.146190
14773.619474
14166.464952
14160.429069
15070.667281
15581.202177
16509.359425
18244.053748
19095.108829
19209.119214
19413.437365
19109.084641
17530.082640
16942.540728
16386.672237
15884.252511
15761.642558
15638.958488
15233.562977
15211.902322
15219.785604
14900.365985
15110.110228
15464.329187
15397.346274
15567.709817
16291.891186
17015.847947
17431.275532
18195.082196
18583.062347
18501.095842
17620.654314
16657.708326
15705.899895
14896.571514
14442.703988
14695.298703
15096.528731
15541.625409
15719.896989
16035.781385
15979.998204
15631.544502
14769.446790
14169.711483
13385.268630
13553.520767
14097.665124
14720.360526
14938.192918
15197.474897
14871.155348
14805.845286
15231.127712
15830.358044
15665.977769
15707.263459
15501.314527
14818.779743
14646.381379
15712.008007
16101.791671
16414.264832
16469.981365
16159.213268
15415.509474
15257.341637
14808.117162
15251.128256
15896.127647
16376.296315
16410.365277
16243.399641
15703.376736
14945.849528
14594.366319
14382.554937
14445.723564
14255.790011
14157.063591
14202.375492
15066.832566
15100.331024
15195.314484
15029.280381
14604.473914
13918.301582
13922.490940
14252.801540
15010.841482
15368.416138
15332.447460
15225.962756
14598.883929
14124.591982
13902.982745
14118.780129
14393.918764
14662.429184
14818.875894
14754.747894
15233.474067
15631.283640
16072.258399
16666.012860
17116.291688
16683.116138
16607.654404
16572.072514
16342.667344
15697.335798
15188.949861
15052.482127
15258.357066
14983.101480
15121.212331
15219.542864
15070.939806
14888.924635
14971.866072
15002.092999
14954.739630
15210.081202
15392.095304
15340.403438
15496.434987
16276.370808
16346.990018
16088.278015
15716.456243
15802.082209
14894.095789
15082.466657
15778.808071
16950.012125
16978.923476
16973.971622
16584.901581
15981.403749
15174.570894
15067.734012
15693.099033
15891.484667
15986.439418
15643.687931
15060.810778
14610.007445
14326.596059
14594.132925
15199.665378
15863.278469
16407.921119
16681.167611
15998.384347
15229.174289
14965.228898
13991.553731
13045.840638
12903.743366
13404.409316
13284.131092
13880.023529
14805.418887
15282.384850
15780.780836
16691.691523
16488.149205
15902.515565
15872.631207
14845.967059
13761.368359
13361.572450
13015.213095
13534.395351
14633.993910
16153.708642
17277.449085
17953.905082
17247.542877
16411.002300
15499.863778
15849.959568
16357.861849
16304.839724
16592.146728
16664.833182
15606.360258
14555.559580
14443.216528
14501.740202
14708.015883
15376.765566
15954.738731
16087.169049
16357.739583
16533.688542
16411.367673
16696.115106
17093.849486
17141.470370
16783.162314
16247.249985
16403.256367
16996.983496
17038.041293
17103.089115
17670.460855
17892.055214
17587.511025
17514.222702
17432.664794
17329.520286
16831.498583
15650.036135
14916.413777
14654.976033
14263.003814
13509.422641
14182.118005
15153.898990
15174.661063
15131.607766
15434.017229
15056.429389
14100.820457
13616.171677
13236.521065
13378.827606
13655.781154
14069.393987
14894.451225
15745.197589
16172.380900
16854.974256
17911.822795
18607.981303
18363.437608
17790.954517
17165.777308
15820.703507
14585.667325
14290.692389
14807.593977
15345.530597
16006.431519
16730.831390
17352.396043
17361.945716
16744.867853
16139.426338
15686.955673
15815.329440
16215.368589
16377.499265
15862.818903
15078.598336
13952.863024
12967.405925
12957.892579
13723.325287
15112.857076
16991.764018
18151.541054
19055.625844
20266.112085
20701.521463
19338.006470
18804.290326
18054.179281
17728.163800
16701.155419
16435.822296
16239.746067
15769.424496
14528.769180
13999.009185
13916.260940
13860.432764
14513.435523
15336.609474
16330.882478
17160.491831
17614.999817
17542.821213
16833.944611
16040.642170
15725.920744
15227.678234
14560.938420
14816.054556
14882.849552
14237.574094
13738.949410
14172.000930
14890.288859
15844.357014
16111.495051
16396.033680
16202.253308
15492.230743
15286.996973
17126.629055
18719.273478
19548.241527
20088.402319
20296.050353
19259.791678
18928.933871
18578.910995
18280.395734
17638.005780
17278.769361
16813.825766
17512.842442
18053.374364
18715.135729
19380.161086
19556.125643
18739.152112
18135.725063
17357.641685
16519.138927
15836.238930
16012.167747
16386.386845
17165.928710
17631.212229
18184.754011
18515.530938
18100.207261
17328.283765
17079.203682
16256.298850
15666.354258
15821.031788
16140.108340
16177.593354
16424.578667
16288.398542
16452.908826
16219.117605
15958.358802
15708.750115
15487.279309
14695.452097
14736.791152
15052.885305
15324.014215
15355.349315
15349.866489
15174.034067
15229.683242
15083.206069
15132.535079
15425.531854
15329.006579
14580.907344
14181.900141
13605.418167
13449.626987
14094.273722
15127.332423
15975.939421
17412.338607
17845.634326
17644.137721
17274.156812
16666.410331
15703.157290
15746.688001
15960.305391
16142.793252
17015.682027
17963.624037
18912.936759
19450.715273
20232.030729
20538.834012
20404.627027
19635.199630
18816.490143
17723.918525
17478.494810
17174.565677
16918.980949
17291.573030
17508.029310
17180.665884
17500.089969
17192.804401
16558.390739
15785.214428
15018.960238
14356.516349
14894.641965
15331.588016
16415.884195
17233.298464
18279.915391
19738.180601
20915.056804
20938.361254
20942.588232
19831.780215
17465.857551
16160.360875
15725.670588
15262.766262
15300.460014
15343.434959
14904.086840
15072.205002
15238.979387
14795.382315
15276.068129
14888.522416
14085.043550
13497.623505
13760.671205
13462.031455
13643.921091
14053.424070
14554.255980
14631.297289
14732.045440
15581.164556
16477.504446
16995.799968
17046.976264
16742.573490
16448.916691
15283.040452
14852.154398
15399.990648
16369.479880
16316.106308
16320.069087
16008.959663
15728.566723
15002.298533
14918.686603
14916.609751
15402.953808
15722.008052
16764.679751
17328.177346
17658.803289
17251.074129
16958.386313
15836.564231
15154.850639
15121.791098
15318.961164
15513.125389
16365.855545
16843.787308
16637.721264
16177.192974
15763.363199
15241.161372
14686.309417
14842.874912
14805.083129
15123.548804
15360.657215
15662.902747
15821.542502
16037.029301
15419.640133
15459.278451
15847.684033
15924.285008
16414.961263
17196.304039
16822.528207
16520.485642
16485.132675
16489.133767
15730.798702
15472.157723
15398.869220
15826.754147
15887.564913
16471.442636
16722.510128
16941.619087
16964.871981
17129.511060
17095.142064
16901.170643
16350.991537
15610.778524
15134.284067
14556.070508
14301.704198
14151.109158
14798.219554
15905.737086
17278.650516
18054.531709
18450.861592
17651.826069
16934.061184
16860.249007
16764.010180
16739.495631
16943.369031
16708.211445
15671.636760
15066.463224
14290.230341
14444.562189
14729.813950
15212.171714
15819.979960
16447.882508
16394.281740
16111.500145
16263.912367
16385.057550
16367.166153
15979.428293
15514.454888
14810.192858
15392.171939
16696.832869
18266.406941
19355.706282
20966.948850
21352.768586
21170.326518
20511.847352
19826.679679
18297.404548
16803.651090
15888.444230
15453.168735
15795.477609
16343.476249
16371.126218
15968.445355
16190.182701
16281.106839
16502.544218
17446.242901
18389.443909
18426.410734
18323.893606
17833.634438
17212.222611
16532.948679
16537.247054
16643.672769
16863.173802
16958.280932
17097.665194
16450.413217
15997.392588
16549.239246
17439.564902
18519.806286
19121.668648
19228.126491
19287.668687
18852.563227
18132.086267
17954.022272
18380.889456
17946.107362
17614.021959
17710.119506
18497.794262
18883.433793
19127.242028
18436.244310
17403.155597
16255.994217
15798.700348
15697.656478
16150.692291
16935.741745
18436.399111
18741.252481
18347.871797
17975.940296
17920.231032
17605.930606
17949.701455
17999.227623
18125.990464
17995.062254
17328.408837
16644.086235
16329.386921
16406.554270
16432.961982
16117.535151
15975.377530
16194.858143
16080.425020
16111.902156
16173.499853
16154.029912
16603.066143
17044.471210
16705.885451
16978.645974
16626.170045
16078.489430
16148.036598
17011.307126
17436.560127
18045.424429
18364.435053
17614.736605
16751.388079
16050.746476
15844.558548
15453.005647
15398.944154
15472.135314
15404.247263
15343.012275
16005.898902
16502.569809
16474.638857
16597.390807
16803.268336
16286.756367
16586.993276
16889.919894
17091.393872
16990.861420
17560.586521
18272.854808
18677.541768
18316.375009
17651.071812
16936.830198
15930.074216
15288.758080
15158.375058
15225.801732
15278.670298
15377.603554
15692.807016
16672.274521
17431.876400
18207.421235
19064.098719
19556.856153
18779.961687
18124.732423
16765.496862
15491.446749
14704.770333
15068.758823
15159.647472
16050.411759
17009.499848
17207.040175
16435.141954
16017.661804
15422.430538
14937.862573
14965.581680
14989.739688
14848.425565
14637.062022
14183.957064
13705.783602
14145.064815
14701.705320
15047.514441
15638.741180
16316.279137
17030.693507
17263.892194
16872.018182
16434.766476
16563.356305
16597.281490
16730.197284
17417.907130
18217.464986
18256.594678
18141.361248
17771.678186
17087.431839
16190.809619
15982.601848
15793.530603
16505.220385
17680.578312
18220.464863
18571.431041
18765.828330
18148.359317
17564.654880
17533.063936
17217.822494
17398.638410
18303.938043
18892.008839
18785.120315
18695.176399
18154.876058
17998.713646
18750.111908
20299.786820
20447.646237
20295.578105
19509.910991
18929.327145
17944.944888
17415.457249
17112.319915
17429.543974
17136.044126
16912.646019
17446.382644
18283.894783
19626.642135
20667.533356
20389.973528
20330.769773
19858.002143
17988.240633
16771.020033
17465.563861
18647.177564
20183.802068
22167.599369
23230.683323
23624.576331
22520.436966
20607.634366
18836.803460
17885.057907
16919.478637
17003.216835
17574.871200
17501.675916
16961.665211
16829.116387
16111.381523
15666.050141
15606.504087
15479.913689
15521.694302
16375.076759
16738.577196
16641.977503
16402.225319
15899.636763
15732.635600
16183.300448
16978.748072
18344.184962
19119.490609
19282.788531
18661.234609
18420.198085
17815.985911
17415.032434
16714.498789
17386.747649
17428.700506
16769.283178
16520.266210
16500.755682
15978.447144
15725.547632
16029.529171
16502.729115
17145.616799
16698.628520
16099.725525
15692.547881
15321.033993
14641.983035
15045.284468
15755.784941
15860.775620
15781.150552
16139.480894
16015.025692
16070.549870
16594.016034
16889.727470
16852.901993
16658.443379
16573.284148
16787.308512
17282.343914
17571.282303
18317.155656
18853.378425
18962.479947
19049.504317
18899.443756
18497.806241
17827.040423
17271.262649
16715.310025
17100.835665
17377.676635
16966.276628
17029.860340
17458.794664
17778.392122
17157.084566
17129.583652
17129.583652
16676.520045
16071.933669
16716.452831
17866.562316
18376.887768
19278.899282
20001.188273
20516.309381
20483.812819
20469.982263
19243.638871
18062.925355
17269.601102
16566.449076
16468.315945
16992.051045
17019.899581
16994.519813
17880.616424
18725.469893
19014.904910
19685.768532
20571.827213
20927.847078
20423.845861
20368.000283
20101.952845
19637.048926
18883.324960
19011.932747
19254.707242
19220.833144
18119.393564
17430.521313
16572.003174
16300.641614
16975.716443
17911.965092
18030.762691
17718.408690
17401.246007
16758.489183
16433.782772
16350.946895
16701.101860
16780.126004
17605.556212
18168.639066
19470.937597
20295.909667
19892.539566
18829.178222
18302.835191
18123.191352
18162.553296
18856.812620
19191.327040
19767.096228
18953.994005
18247.685864
18063.626832
18423.846120
18415.879682
18346.316330
18999.486453
19341.642401
18788.534096
17944.385111
18127.832724
17680.861470
17401.759749
17179.417512
17217.975499
16551.520828
15649.570092
15066.248656
15468.326949
15973.319499
16672.088102
16936.951422
16891.079153
16911.089746
17187.754251
17199.495794
17905.793929
18035.148799
17290.627407
16577.807024
16752.792152
16872.943450
18359.081000
20176.352108
21476.472805
21921.488916
22354.871961
21658.021966
20687.517032
19953.494834
19276.819647
18398.732819
18145.146626
18670.104253
19410.472566
21046.490095
21848.036904
22300.619315
21934.343157
21596.316310
21016.683250
20683.993854
19675.161695
18973.595120
17907.400847
16379.966994
15741.185728
16445.441561
17227.572885
18430.341149
18863.734213
18498.017316
17110.922024
16324.339969
15717.047848
16182.126986
16423.650040
16644.820912
16827.296209
16714.709229
16716.050177
16963.448383
18174.003796
18735.850681
18504.463473
17885.129212
17845.626573
17163.087002
16494.369366
16755.290953
17491.531428
18164.027150
18672.420353
19275.312279
19514.114900
19439.654625
18965.694146
17864.130229
16642.779904
15310.842965
14626.832989
14217.299249
15344.551313
16463.608238
16791.912602
16781.754580
17385.429036
17300.356020
16625.354150
17551.707392
18409.284965
18237.747464
17729.286101
18344.346495
19002.928088
19826.373850
21605.093810
23387.457046
24639.076409
24941.485604
25351.350830
25800.458463
26393.993381
27075.570732
27417.842321
27186.363220
25700.455980
24466.329635
22907.791539
21918.543439
20664.203916
20351.650427
20094.604374
19852.130883
19563.348859
19777.693658
20208.449258
20516.926813
21372.439199
21750.532079
21845.105429
22489.435317
23463.338725
23456.542063
23402.131568
22825.928742
20693.476348
18044.067083
16738.643226
16890.735095
16781.871233
17060.745772
17457.602202
17912.876409
18224.464354
19341.665324
20134.741934
21050.878210
20868.578385
19719.334235
19008.953635
19003.001281
19507.794601
20187.017269
20735.477573
21107.429432
22059.152796
22737.071957
23753.392901
25076.710827
26485.662722
26881.352106
26610.305778
26310.323348
25029.788110
23597.778092
22450.286735
20907.021955
19149.318865
18526.269344
17452.063350
16291.004530
16096.975396
16392.526020
16591.123620
17399.616842
18296.027970
19053.735189
20052.079816
21452.748746
22843.990111
24658.231673
24820.465971
23494.055902
21301.091315
19127.426638
16912.967365
16108.502954
16624.945147
17529.060323
17501.308459
17213.959301
16963.034504
16562.602651
16051.804616
15868.131536
16525.214848
18207.864765
19022.649357
18858.511217
19008.743314
18906.537225
18955.003674
19049.654160
19489.047433
19196.388755
18258.899853
16978.579651
16687.419443
18008.047991
20671.994442
22517.375999
23447.458694
23100.130668
21274.235402
18512.278336
16511.549504
15180.268756
15205.793223
15631.326272
15829.254201
16316.097095
16191.537708
15194.603165
14818.655427
15536.653119
16445.197433
17790.794943
19713.494143
21050.719083
21180.648814
21947.017936
22475.483811
21946.305878
21013.531686
21130.768108
20635.952967
20121.941918
20410.429118
22104.556384
23970.178132
25378.836964
25822.010936
26263.535216
25541.316769
24043.856430
22122.905352
20702.033083
18762.766306
17486.317425
17491.963007
17677.848217
17517.775440
17948.897201
17928.840878
16829.047793
16450.949547
17467.743549
18773.249528
20680.739022
22947.516075
24940.444639
26503.060163
27634.769584
28552.773098
29684.448700
29411.421914
28109.599126
26774.306309
25092.984652
23851.754499
23915.265283
23410.935156
22656.485942
22262.942692
21221.889615
20396.853061
20814.500702
22190.006928
22963.755171
22457.868165
20944.185916
19923.228205
19764.616330
20036.069237
20149.847588
20797.664383
20955.450271
19327.031065
17619.473067
17027.575580
17581.660465
18244.303301
18343.401311
18792.784848
19749.492027
20763.091692
21929.843350
24159.120938
25870.482900
25284.860869
23739.416922
21918.098299
20037.427300
18132.250511
18259.311143
18241.425534
18702.248437
18006.050754
17980.243308
17477.745622
16890.021548
15431.705623
15764.003406
15955.705752
17479.058395
19333.228624
21034.473225
21457.293766
22007.217744
21306.891830
19494.439106
17840.230309
16442.607142
15475.250867
14507.902359
14560.020327
15370.457441
16537.991000
16346.600244
15956.748932
15883.906170
15927.356043
15824.262322
17013.795435
19476.547584
20628.087765
20487.353593
20522.066291
20300.139859
18660.150184
17730.224033
18002.922466
19081.319906
19888.434475
20972.687243
22029.470727
23333.114292
24267.602654
24010.439101
23705.723289
24291.345031
24225.663798
24373.946403
25404.748738
27674.008507
29233.030295
30307.330426
30558.099452
30700.547510
29454.120967
28152.291650
27780.148158
26749.410250
26138.066417
26632.682091
27778.406331
26642.830416
25538.276034
24581.186180
23283.664525
22027.157581
23093.391730
24402.961501
26133.864473
26995.100822
27060.030286
27321.185731
27571.954756
26915.108696
26408.623584
26657.907687
24782.334230
23164.130098
22390.517358
22483.947894
22090.885337
22539.538886
22051.104644
20702.213196
19287.741798
18203.943915
17546.962165
18543.505367
19554.076531
19854.812051
19888.444986
21153.060961
21643.557584
22124.221162
23293.497297
24180.166719
23084.076250
22274.251098
22036.275249
20101.648465
17973.098979
16778.384810
15637.939702
14517.667745
14919.492393
15692.773867
16282.492162
16845.908150
16996.613100
16958.847083
16396.436622
16130.396495
15761.187977
15123.943576
14728.667824
15078.624751
15229.450004
15475.363643
15633.442172
15186.800739
14694.247575
14642.630063
14483.966620
14393.519829
14478.051186
14594.610539
14210.940037
13885.418417
13509.450576
13186.568286
13351.060773
13835.843822
13990.001372
14929.735055
15923.218816
15808.241561
15666.024203
15494.514651
14518.926947
13820.630149
13571.759925
13017.413375
12925.150378
12931.278993
12780.739174
12620.548702
12708.157277
13045.947082
12889.621758
12375.791155
11859.224446
11394.437332
10520.156213
10328.004779
10313.757536
10153.832184
10442.795689
10882.458496
10903.534698
11000.630170
11356.990974
10980.646478
10579.797462
10461.718049
10198.163027
10043.862768
10253.562202
10193.862720
10114.724709
9825.808510
9435.883740
9233.886360
9247.008059
9201.385471
9478.309131
10047.844210
10216.785851
9989.434294
9842.819280
10215.122108
10036.976652
9743.821504
9777.869587
9665.133394
8954.886586
8363.467536
8033.253272
7741.904770
7563.474552
7676.500376
7874.286026
7878.066151
7771.084334
7749.055491
7535.680762
7102.128338
7302.198005
7509.934917
7832.595410
7882.169708
8212.242318
7913.402502
7774.174884
7493.639117
7453.394694
7247.881330
7323.063519
7355.367693
7319.902799
7426.239102
7606.893188
7596.681168
7607.588784
7615.331901
7605.552316
7581.819508
7595.884499
7638.162511
7960.803219
8129.116080
8475.569021
8999.618740
9383.486281
9731.834528
10024.680300
10218.010214
10433.948920
10866.318255
10938.232901
11217.041002
11305.854890
11186.839035
10919.492542
10965.131611
10751.785688
10777.022357
10857.962832
10971.822677
10955.894325
10936.133041
10876.772780
10861.460778
10768.766288
10697.661920
10845.941937
10870.259136
10832.454043
10845.367811
10789.544819
10726.271870
10591.717170
10593.995092
10675.142750
10736.508820
10578.104776
10546.855858
10463.289341
10279.086611
10204.043138
10292.997248
10233.897297
10160.382047
10186.451178
10241.572500
10072.112340
10124.791824
10107.600646
9997.685294
9948.621058
10021.422413
9972.250024
10025.646784
10068.130626
9979.338552
10038.665648
10038.665648
10155.255888
10093.476141
10097.274905
10053.564909
9972.621829
9754.926370
9670.984658
9683.506858
9528.914472
9538.336552
9659.168449
9753.881790
9664.581413
9826.915232
9953.622106
9880.340038
9706.637608
9617.641520
9497.199130
9346.578051
9208.518685
9339.377987
9521.127074
9451.526342
9418.010172
9445.839826
9394.711686
9210.258462
9168.392146
9062.139302
9024.625820
9056.757656
9048.471198
8975.644124
9044.662368
8927.947187
8793.363815
8705.639245
8581.810963
8312.242529
8290.342861
8174.615046
8208.448960
8390.363850
8435.612102
8400.437380
8429.871120
8357.038043
8186.774122
8232.261764
8263.807349
8287.785674
8315.282707
8327.114058
8374.818210
8457.887923
8357.038198
8332.811314
8381.032093
8339.398579
8285.983902
8433.784728
8542.907328
8485.332920
8459.835964
8292.931803
8194.560711
8068.030727
8024.248146
7959.314195
7897.869454
7809.814353
7722.947771
7665.399887
7543.383354
7609.979462
7532.866419
7368.987704
7323.125767
7376.966159
7285.526783
7307.336552
7356.715849
7441.700366
7490.957172
7474.932280
7481.576419
7448.101404
7404.863487
7333.513061
7478.055854
7537.243240
7587.102306
7486.072093
7387.130402
7255.120655
7175.279878
7177.727207
7316.163241
7359.433398
7343.689513
7289.890628
7298.133165
7339.536546
7400.884578
7391.200054
7446.949158
7296.323894
7046.775582
6946.646723
7065.088349
6972.820633
7028.343471
7178.697631
7202.282300
7093.219175
7221.920918
7236.117979
7176.268057
7166.660423
7200.279630
7101.808192
7137.369306
7068.022630
7016.509381
6818.834532
6793.356654
6765.305039
6822.896018
6835.194965
6898.235852
6844.426125
6854.476440
6793.235104
6808.918754
6937.791967
7006.257622
6952.923529
7061.824149
7078.987510
7021.727562
7051.723948
7132.987908
6972.848868
6854.288339
6784.533109
6690.977591
6750.000797
6910.085629
7205.004970
7325.635671
7406.886888
7312.034360
7236.949639
7013.989770
7016.968871
6961.582059
6880.621989
6965.405130
6997.132218
6822.986528
6893.840008
6921.257858
6927.549870
6838.494409
6793.082679
6756.231301
6770.520643
6726.616561
6898.918501
7073.204130
7015.127516
6938.024591
6924.093935
6842.951603
6810.941500
6749.331453
6794.416868
6800.553148
6816.358537
6790.765894
6745.905923
6753.732906
6638.803622
6537.761536
6407.409551
6372.890133
6246.833924
6262.480563
6185.140197
6173.578701
6250.369954
6256.352647
6234.755439
6331.319484
6432.179063
6515.956824
6575.406275
6512.281219
6561.274976
6587.328957
6456.803840
6482.370241
6527.932396
6416.911761
6290.486807
6318.312465
6314.068423
6365.919891
6278.715296
6268.749043
6178.726387
6077.988502
5919.683919
6012.167219
6026.553059
6037.159322
6082.282563
6231.113381
6278.608188
6250.645723
6259.265026
6216.024415
6075.281553
5974.567125
6028.037809
6152.097202
6209.315335
6249.237595
6229.763919
6094.893882
5953.815768
5899.850935
5872.066980
5852.687740
5912.055673
5886.121431
5874.335690
5961.091867
6091.611688
6141.182382
6149.869530
6179.328747
6175.644299
6090.351552
6124.372147
6094.220720
6121.787082
6169.183247
6195.175941
6155.792039
6240.878216
6136.226187
6033.712200
5992.089890
6063.103889
6138.384215
6337.854256
6381.640030
6438.954800
6265.274234
6160.140003
6148.228657
6232.934105
6270.782825
6371.328550
6423.014715
6328.108438
6254.864677
6177.492305
6090.351552
5965.911309
5924.703941
5899.197557
5800.399122
5843.598590
5968.005164
6041.372332
6023.407293
6185.478389
6221.374692
6304.886873
6235.565752
6223.592813
6100.784017
6079.445182
5914.242037
5951.470197
5999.411421
6076.474140
6159.824406
6230.494431
6238.448345
6239.944673
6255.976529
6165.246326
6094.297313
6029.094148
5894.341561
5821.224788
5825.397961
5835.861361
5930.834455
6059.720420
6071.242505
6047.517258
6056.056446
5950.960836
5822.494496
5763.551076
5749.837258
5743.172331
5828.139681
5885.490544
5921.036187
5901.124251
5999.983620
5934.641568
5871.491827
5903.094517
6051.621660
5974.269988
5983.911468
6045.479917
6069.150313
5958.596878
5975.681728
6001.234858
6125.953694
6157.396825
6234.848109
6307.701958
6259.876714
6228.708507
6208.779091
6204.755665
6176.658132
6299.284503
6365.270886
6438.234441
6489.140030
6418.649233
6381.303375
6232.714357
6165.695250
6149.656737
6239.568209
6174.621481
6290.965895
6290.965895
6216.090540
6198.729578
6329.536765
6304.031708
6414.661888
6557.048610
6580.353141
6527.317669
6481.634171
6513.351029
6465.738797
6536.430590
6518.437226
6530.795378
6453.245578
6484.884947
6429.445128
6439.145259
6459.184399
6451.007716
6575.629019
6657.121179
6696.525248
6718.374625
6692.735284
6554.158276
6402.204580
6459.758876
6439.554012
6435.766830
6362.580710
6435.514330
6334.744352
6332.076421
6344.645101
6390.255801
6415.723157
6405.632650
6508.466971
6429.582021
6472.780856
6466.354354
6546.101895
6512.205287
6607.058337
6612.849760
6494.759988
6382.235032
6366.382870
6279.240965
6192.159731
6364.120665
6516.025697
6516.025697
6573.465257
6620.643810
6532.762486
6471.759910
6471.759910
6532.762315
6531.148577
6565.596327
6448.837100
6331.651554
6199.332389
6221.436632
6218.849329
6274.507864
6422.953819
6482.306367
6523.860437
6513.186114
6619.848186
6560.621669
6618.382881
6671.255485
6718.374625
6739.868190
6783.786556
6797.721625
6785.292592
6691.608656
6621.893168
6632.138604
6673.857116
6572.707666
6619.848186
6508.964585
6453.502895
6392.306819
6337.180518
6281.115535
6310.948442
6350.821229
6400.528545
6442.565763
6506.762196
6528.974785
6520.937489
6520.937489
6503.194362
6385.063256
6399.562192
6466.181515
6391.373539
6416.760554
6420.985560
6452.783930
6375.622740
6330.259434
6294.865301
6354.520483
6338.322023
6323.016048
6410.046090
6309.053721
6259.547713
6198.407016
6259.547713
6162.349812
6313.086489
6296.108818
6291.669165
6232.655832
6276.292822
6202.884297
6352.876762
6370.906150
6305.588068
6345.131573
6399.170535
6368.544121
6376.479527
6491.481251
6485.254567
6552.544306
6531.111789
6569.432473
6439.969279
6475.486690
6442.312656
6366.805168
6391.145371
6406.829390
6369.258011
6356.928523
6337.772101
6302.183448
6330.125615
6286.326450
6189.541956
6305.284999
6370.705442
6352.568088
6317.136610
6416.049909
6371.006527
6238.670816
6323.696251
6460.280742
6420.269157
6386.535238
6354.520222
6239.642054
6160.878509
6178.428174
6167.861569
6256.672912
6371.342058
6365.827139
6377.705767
6381.783734
6366.032778
6308.535958
6233.262179
6268.959117
6236.848053
6268.386591
6240.428203
6189.439868
6068.717871
6053.385270
6037.596223
6006.342679
6133.076361
6202.136457
6344.175770
6290.259485
6365.606802
6404.468200
6305.933215
6200.788316
6212.707745
6173.426705
6222.553209
6297.643637
6411.335496
6401.543617
6439.094242
6356.146211
6250.933849
6062.665096
6100.180153
6029.035712
5983.353295
6082.011954
6307.500215
6317.296032
6392.394099
6402.475377
6445.608305
6319.386449
6388.368672
6404.176962
6463.990012
6416.309166
6506.276800
6484.374361
6474.732114
6492.448316
6531.823047
6429.391666
6331.871310
6419.181209
6391.720539
6468.956859
6550.210564
6618.013240
6487.256515
6482.844651
6417.649777
6351.199887
6307.787003
6307.787003
6301.683022
6266.036036
6195.472709
6161.588930
6157.545294
6179.339435
6167.861421
6375.622540
6373.358428
6415.393717
6452.783930
6544.088724
6444.969543
6631.242393
6595.718814
6587.689540
6605.532873
6609.719286
6428.246743
6443.431843
6235.721317
6122.675266
6069.135510
6266.577626
6366.041926
6432.937449
6439.105709
6514.205699
6361.852644
6160.352738
6209.219040
6272.814314
6274.961403
6351.990368
6494.541532
6567.993901
6457.081132
6463.391607
6332.358897
6360.547965
6269.571576
6200.072708
6144.118951
6154.364158
5922.882191
5932.903373
6047.472419
6062.675800
6090.158527
6276.306968
6264.796366
6266.127022
6242.736325
6215.348126
6189.449197
6221.273329
6274.458056
6415.936617
6475.098182
6429.819824
6461.137038
6403.810871
6367.272198
6349.835272
6336.035632
6256.686547
6181.732539
5988.753599
6055.913730
6036.433419
6037.846266
6140.926318
6226.414692
6258.419865
6363.405153
6422.779956
6430.548140
6488.291522
6356.038815
6331.745319
6353.743238
6292.266838
6149.046709
6080.003976
5868.045179
5848.173097
5834.525815
5894.304020
5995.397632
6038.495498
5920.027027
5969.640367
5963.190888
6037.982489
6053.982387
6068.173375
5911.952057
5888.210807
5809.222396
5975.316249
5965.416885
6028.744966
5914.762660
5924.918846
5766.663221
5843.715799
5905.055915
6029.464901
5952.035811
5960.244256
5881.204574
5807.755060
5799.737478
5739.948904
5710.089241
5781.887675
5888.325723
5847.750208
5835.681279
5827.847521
5740.967103
5710.710608
5713.264930
5804.125218
5992.272441
6109.188425
6041.791653
6089.048097
6146.593238
6061.074309
6019.498178
6151.954135
6218.218007
6168.923896
6109.589484
6135.331487
6088.330346
5993.500956
6017.413187
6062.903038
6064.716110
6116.432332
6167.872249
6148.253371
6296.374387
6318.176664
6304.556804
6310.670756
6322.675521
6277.180223
6198.044144
6213.735727
6190.009429
6191.974216
6116.820931
6202.149325
6116.821048
6164.213104
6132.788060
6138.612946
6055.402627
6045.429971
6041.399131
6177.530321
6189.550787
6232.963342
6258.728686
6205.104091
5985.671994
5934.224731
5910.518280
5902.588908
5945.357080
6044.150899
6060.142720
5965.297565
5915.263258
5849.059179
5863.172407
5867.009878
5922.643644
5938.211661
5884.917110
5891.049220
5904.817825
5883.131063
5787.954600
5886.856298
5869.156900
5783.876429
5841.317482
5957.989496
5857.352296
5835.451312
5837.056159
5815.867638
5774.216440
5853.345873
5906.760153
5992.028212
6015.756534
6011.494229
5900.021228
5878.582466
5945.684005
5996.981075
6052.449251
6217.402878
6243.353255
6217.402878
6208.049894
6239.337999
6189.931719
6154.431538
6116.764430
6285.006946
6233.518403
6248.729991
6205.032525
6262.557707
6157.404988
6278.448144
6374.588067
6418.222421
6420.031455
6358.893096
6273.904641
6175.354142
6246.768067
6242.421454
6185.073491
6281.767533
6273.589987
6249.752669
6150.697885
6172.781289
6028.316940
6066.937340
6042.953743
6127.722089
6090.308701
6096.599312
5965.650961
6007.172364
5983.408924
6044.795917
6092.219089
6096.719722
5950.014327
5944.364231
5926.347630
5934.410426
5951.137772
6030.396364
6036.769780
6052.325300
6052.325300
6039.552680
6045.495391
5900.735181
5788.137490
5624.035955
5694.976459
5661.474907
5694.976459
5722.269331
5801.575980
5780.121896
5748.681959
5800.351513
5833.961128
5938.172178
5970.802867
6115.427995
6231.821982
6362.433230
6417.736684
6370.756315
6349.078827
6412.294271
6329.174904
6234.091142
6437.943216
6421.964996
6287.330542
6314.946269
6380.505605
6258.154240
6236.389757
6208.788075
6101.581945
6006.932393
5929.829904
5894.117329
5819.119252
5805.053995
5736.219890
5641.495364
5566.216253
5538.386173
5566.216375
5661.551914
5721.511359
5715.602214
5765.023080
5677.469727
5654.157912
5737.329000
5763.564635
5799.464761
5921.684634
5969.357291
5801.873940
5879.137364
5976.150340
5993.690376
5871.393161
5980.549460
5943.053974
5891.499709
5909.455482
5972.616392
5993.835698
5988.332492
5993.835513
6041.714548
6081.147736
6109.222511
6077.435528
6148.692272
6098.948070
6071.260420
6043.390403
6100.710228
5989.881836
6047.386098
6055.463904
6089.759355
6062.185466
5986.991179
5947.367524
5955.353523
5991.919761
6108.991541
6221.503982
6197.770686
6169.654462
6221.503837
6120.630088
6059.407642
6033.557604
6037.272532
5983.577878
6017.393258
6215.484721
6223.033916
6226.676449
6383.363028
6407.308752
6419.024880
6476.432937
6591.231877
6482.099769
6547.127632
6535.841449
6667.842876
6612.573639
6582.485033
6507.217303
6430.237134
6337.376774
6313.368887
6319.802831
6310.085197
6258.558172
6151.586045
6121.947102
6046.996729
6037.167373
6007.361006
6029.313968
6094.547558
6122.247317
6189.641250
6247.305257
6306.486937
6286.491779
6252.062206
6236.469868
6167.475300
5973.228350
5827.047978
5912.727254
5879.066350
6052.911811
6171.920357
6462.407670
6514.187720
6571.302375
6517.788439
6709.992975
6575.416842
6460.005593
6536.699112
6515.084922
6418.140481
6423.807871
6670.563168
6700.323522
6682.650783
6660.728854
6658.756822
6521.289713
6392.840454
6442.599572
6499.752153
6501.751842
6491.330768
6548.259392
6530.846916
6488.760709
6550.343054
6597.566807
6570.169017
6609.371697
6642.686243
6603.338688
6449.224264
6460.919818
6316.696782
6373.682281
6383.653220
6570.402639
6558.440522
6651.564795
6586.254358
6576.228910
6351.194141
6311.517222
6274.128272
6244.457640
6311.517020
6498.646772
6595.254777
6630.752449
6571.131613
6460.617277
6331.592930
6248.952600
6310.236823
6450.651845
6482.379516
6544.722897
6578.148842
6536.484156
6554.239197
6667.371213
6697.010647
6731.186871
6774.353396
6722.978252
6647.600524
6499.751839
6438.584576
6410.708423
6460.396755
6474.152818
6546.903905
6822.251093
6974.116986
7000.364346
6940.639787
7114.125479
6926.425885
7044.926736
7211.309971
7822.575628
8088.451834
8598.671441
8828.391131
9285.329775
9572.371346
9715.835071
9741.647992
9903.646290
9838.589960
9953.265522
10373.285124
11020.635367
11817.207087
12308.010364
12774.810152
13529.599553
14434.094316
15005.372296
15571.075450
16696.780455
16986.027642
16424.267714
16193.201836
16463.871695
16013.120275
16970.779730
17859.331597
18561.467376
19232.726207
19301.567986
19470.902089
19726.027876
19749.487295
19563.597813
19488.915544
18340.038728
17977.694866
18770.867129
19236.030503
20884.363149
22392.681351
23720.575424
24503.990639
25536.788551
25513.247641
24848.916477
24100.799526
22769.242024
21348.695134
20214.947639
19657.284232
19440.091778
20253.765535
22247.341840
24425.842330
25827.576881
26148.336216
26149.815050
26201.504042
26005.636956
26226.400101
26877.311722
26062.187927
24849.057456
24873.137513
26159.132516
27830.926019
29484.912510
29269.261195
27389.729265
25692.215861
24977.994331
25943.478914
27504.349247
29601.644687
31410.611660
31165.321721
28700.130041
26500.121788
25043.900301
24340.547052
25490.415114
28456.118517
32054.927306
34996.888026
35121.201546
33936.106918
31168.210098
28625.934157
26954.140654
27547.842350
28590.488920
31255.468420
34025.304737
34743.482711
33433.909794
31018.216407
27449.228460
23589.119594
20077.011034
17829.251242
17651.082152
18242.443513
19330.061400
20481.745871
21958.832775
22228.207565
21442.322692
19376.411721
17984.209432
17771.838549
17675.361900
19510.877085
22735.831403
25238.657480
25581.944102
26133.825856
25536.591644
24669.520306
23873.876421
23805.238233
24964.969613
26854.393657
28478.705814
30783.604703
32547.561851
33346.857979
33710.893024
34158.023440
34112.519310
33306.628439
31148.134052
28823.450933
25513.315834
22043.556746
21337.643480
22196.610588
23314.610303
23902.211287
24446.166037
23603.960914
21596.262516
19429.506149
19243.586264
20276.296137
21901.328846
24100.800594
25420.509230
24796.942795
22567.577542
19618.259285
17110.152033
16037.170454
16765.351351
18300.846940
19876.106670
20978.041557
22224.492420
22238.111572
22339.301910
22236.588485
21830.442843
21122.776795
21010.104367
20388.427702
20056.227963
20924.341414
21413.419357
20744.214723
20471.771474
20705.187161
20008.704432
19470.902517
20186.935165
21061.891933
20825.399991
20272.073271
19761.232013
19565.461864
19907.368335
21174.331997
22852.126265
25008.916482
25339.487526
25122.025771
24755.685982
24296.770626
23584.528458
24639.076343
25426.469013
26283.986437
26220.488543
24730.711557
22764.495151
21419.002968
19639.981879
18757.119433
18921.457907
19942.057678
21018.642961
22343.376132
22428.456192
21902.212652
20705.101329
19963.446278
19033.147947
19511.304418
19947.269659
19505.987133
18734.847375
18178.851138
17920.051308
18191.194235
19427.432416
19773.809566
20397.017396
20694.049647
20763.242563
20756.146498
21529.564538
21434.549397
21238.963701
22232.561665
23949.551978
24321.501920
24190.760434
24590.134898
24240.219757
22584.650074
22010.694730
22836.036226
22772.747410
21818.618702
20699.206940
19778.985868
18546.296418
17966.952491
18281.201738
19369.293930
20469.560826
21033.979433
21487.007086
22059.536891
22317.326933
22196.605645
21495.937077
21137.596433
21216.706592
21187.353486
20862.901787
22442.324945
22741.056817
21395.317331
20556.462617
20402.692691
19393.495949
19066.463011
20123.243468
20701.186054
20680.819766
20127.903049
19710.159665
18843.828568
18105.661235
17657.013864
17645.933943
17501.698557
18207.712774
19770.980412
21336.118375
22101.201815
22815.265142
22360.359539
21721.162000
21167.018325
21034.394787
20512.142695
20587.454112
20015.278451
19702.593896
19305.872325
19632.816958
19233.206662
18234.237720
17153.812763
17005.937589
16287.597167
16072.062022
16083.648186
16238.159827
15955.380516
16163.660631
15788.990852
16558.618405
17266.992789
17959.509131
18612.770267
20047.190013
20667.585898
20195.367117
19997.379735
19566.779861
18670.127895
17785.908652
18173.789892
18739.637790
19085.780856
19970.439214
21050.651755
21628.202605
21788.914702
21965.033761
21755.463516
21300.189511
20674.919896
20565.659114
20899.930546
21547.050423
22343.871916
23244.563489
23575.063619
23475.808638
23153.223685
22674.637283
22068.585527
21882.171670
21646.960237
21017.953038
20780.710283
20526.945991
19434.160587
18959.072952
18708.574500
18805.320344
19058.253822
20101.977866
20565.461564
21746.544766
22218.713005
23097.641741
23213.235445
24170.807418
23816.664488
23403.063343
22744.603921
22247.315800
21442.149649
20383.277748
19579.857550
18927.377649
18912.589978
18486.571587
19015.206352
19232.961401
19681.732128
20258.398666
21465.095304
22189.589847
22408.996274
22030.826965
21360.523900
20736.746359
20468.605206
21073.217831
21771.571261
22159.655387
22148.310839
21704.878857
21643.312667
21374.451920
20898.401648
20219.748203
19865.733633
18983.923781
18078.900133
17884.323812
17980.544668
18341.109151
18819.737844
19505.111029
19311.982787
18828.808758
18945.664358
19416.056555
19941.155495
20223.892547
20631.375339
20322.734405
20005.915241
20118.330736
20982.799505
21354.527777
21079.478077
20875.736390
20203.112499
19443.990622
18860.604227
18316.749225
17105.353538
17036.644313
17195.198301
17543.345537
18542.563446
19792.726174
19539.685338
18802.171901
18681.365470
19336.390487
20037.040152
21457.436743
22700.875293
23191.148481
22281.028750
21505.727854
20811.089464
20922.754088
20710.705026
21462.577301
21737.981116
21171.328124
20852.450034
21587.987775
22385.752248
22615.404182
22154.089715
20441.607164
18928.112210
17919.474352
17797.142893
18243.725607
19019.497556
19726.009724
19002.164173
18465.795421
19079.273286
19676.890214
19878.737591
20106.212978
19690.623307
18669.901484
18462.134770
18369.422557
18704.777809
19805.230591
21096.920940
21834.583582
22390.487950
22432.074562
22160.775166
21488.427656
20915.975596
20405.077991
20963.717639
21280.138319
21190.718862
21236.494164
21587.928430
21063.728459
20369.009529
20530.072048
20647.454682
20345.000717
20419.587495
20295.753943
19941.402839
19478.579468
19188.127926
18947.875851
19646.396096
20309.308823
20478.498822
20387.615389
20328.091677
20686.686825
20480.910293
21123.483388
21297.710281
21614.498685
21113.529556
21525.289468
21321.442365
20804.837920
19714.936607
19430.137566
18951.761617
18784.512895
19017.523296
20282.043928
21332.291615
21355.583026
20951.396503
21026.196703
20771.592430
19726.099876
19971.694143
20023.147336
19542.405395
18889.484718
18721.270346
18248.225654
18393.884502
19071.341371
19021.951501
19287.190324
18856.944248
18297.483010
17195.487681
17334.309372
17326.579678
17996.886753
18793.690725
19521.928974
19664.592640
18194.824142
16625.796898
15264.844876
14872.999634
14950.348595
16276.275192
18207.034400
19162.639600
19637.202536
19826.085278
19461.678943
18712.002969
18715.854275
18788.657784
18658.712467
18712.161812
17905.013002
17263.809462
17103.541461
17219.850027
17513.208387
18320.108406
19612.528775
19556.937105
19148.350322
18712.402449
18277.227470
17662.311974
17824.827260
18987.602712
20402.636259
21388.043245
21572.621266
21166.455572
19926.012457
19108.944029
19066.739186
18040.422089
17733.896761
18135.768352
17465.201926
16683.386442
17206.759660
17722.355110
17511.098030
18389.570863
19252.379709
19882.107154
20165.213855
20632.101863
20345.092251
19783.356054
19510.906060
19709.164222
19996.092455
20254.874074
20101.033440
20349.509367
20210.780546
19431.131618
18894.744673
19217.715939
19312.112441
19632.702965
20330.944010
20924.110829
20724.737220
19858.370665
18897.211104
18649.605525
18805.809853
19496.123482
20115.936021
20830.306207
20499.937898
19906.063834
19553.916364
18964.858735
18163.421502
18021.268695
17827.093139
16829.725755
16901.009254
17846.081652
18859.384182
19603.731890
20786.679577
21440.444040
22158.243973
22166.441084
22718.161529
23576.917829
23255.311606
21860.659360
20900.531843
20063.680872
19149.493870
20360.881961
22131.229254
23449.155900
23651.167398
23455.247640
22152.179031
20919.710988
19975.845706
19206.556561
18788.560087
18655.567819
18327.656076
18215.092050
18749.239012
19413.577938
19810.860829
20014.260854
19802.555865
19418.749353
18987.080874
18579.337164
17608.432365
17778.506287
17677.395242
17015.123832
16978.623419
17227.519081
17055.721704
17655.246566
18814.900293
19613.251284
20905.823998
21857.591474
22417.435616
22773.163260
22068.369253
21433.480806
21012.058783
20163.426202
18906.866212
19172.616909
18882.084639
18420.597296
18407.030555
19328.622543
19149.001593
18391.312604
17530.290758
17250.111991
16343.284708
16053.722152
16715.185781
17596.164931
17323.032282
16999.732261
16329.403438
16141.571239
15902.382357
16620.511533
16201.358453
16610.361721
16877.595597
16780.557114
15840.637378
16149.726569
15924.170250
15601.601033
16029.133974
16558.955503
16553.197732
16530.055046
16767.404729
16227.292320
16154.131331
17327.445629
18696.431581
18834.905784
19327.997995
19970.996822
19181.449784
18056.207933
17292.525169
16805.635238
15747.072258
15692.398270
15786.412069
16496.821297
16890.236629
17038.156086
16755.547543
17006.465511
17243.715789
17905.037810
19443.890293
21187.318342
21804.888857
21918.826519
21488.114543
20389.590356
19650.226689
19896.605303
19698.641888
19183.584911
18661.544578
18105.586474
17462.683039
16821.672064
16774.204678
17187.776077
16934.886919
17099.622071
17525.286947
17465.528931
17520.862379
17855.347252
17492.646463
17552.661678
18145.697673
18272.831349
18399.379466
18680.442371
19325.376143
19240.162678
19217.886667
19348.591464
19687.098336
19291.544819
19109.387316
19010.701545
19062.331051
18429.899172
17921.046137
17721.458489
17670.263491
17404.840708
17443.633560
17973.764141
18654.824761
18369.729005
18021.444480
17564.621601
17024.883504
15877.124447
15914.714375
16666.315004
17294.449388
17660.530094
18462.091535
18936.727026
18339.351021
18161.432995
17710.102681
17623.351220
17405.310096
17195.600770
17056.440109
16983.293180
16134.878518
15655.644046
16158.262031
16833.693611
16960.010367
17610.950991
18012.697297
18050.023020
17797.445344
17720.131078
17369.560797
17597.036949
18070.031847
18559.072653
18735.435642
18578.701304
17912.115682
16562.785019
15205.793814
15339.015857
16863.656821
18110.092977
19313.205728
20125.176054
20303.630328
19083.039201
18186.523778
17195.415798
16953.382963
16947.228616
17948.665331
17946.374094
18267.087425
18173.320855
17836.752594
16732.419359
16500.829201
16109.266598
16391.822821
16939.869737
17650.659447
18584.403568
19393.642712
19419.103775
19926.880065
20331.059731
20181.009953
19893.411356
20028.997194
19132.785883
18054.394133
17577.313989
17282.913574
17314.520842
17093.668829
16947.179249
16753.584867
16949.972378
16675.344829
17280.812873
17775.899303
17429.568476
16896.440353
16820.168884
16526.553756
16424.085351
17162.431014
17581.657428
16978.843353
16837.003957
17347.396619
17064.621599
17054.812402
17830.178511
18125.043578
17935.288494
18287.055435
18525.316454
19056.455175
18294.714016
18021.584504
17919.133576
17687.339427
16878.805802
17445.217750
18123.887079
18828.128333
19071.514131
19220.949694
19073.076782
18417.945493
18024.191114
18259.610375
18247.289816
18743.913353
19048.947020
18005.929349
17044.398424
16829.569202
16333.360161
15838.584468
16533.109556
17274.735351
17285.900085
17347.297856
17729.029372
17449.867139
16706.136993
16097.223692
15216.176114
14289.117883
14399.747914
14854.522466
15236.429515
16411.577347
16658.379618
16195.696580
16306.154829
16089.622597
15447.232639
16049.379342
16837.895047
16232.181328
16265.026862
16436.819153
16266.380029
15930.595397
15318.898383
15173.406614
14900.157632
13958.693296
13485.704300
14374.139921
14731.907107
15729.174588
16734.283593
16734.283593
16464.510492
16572.140023
16312.813342
16142.597950
16303.635248
16928.608413
17209.107890
16497.022169
16303.460054
16233.977574
15834.729766
15478.802923
15965.278805
15716.088785
15953.326481
16562.701303
16871.411927
15923.549354
15786.753015
15850.255701
15523.488954
15581.576578
16549.039287
17201.969976
17045.738457
16766.852726
16537.613157
16636.810558
16511.521376
16375.544259
16292.076011
16195.547157
15370.558253
15459.464226
15479.683116
15590.216598
16001.788872
16725.780747
16367.712422
15402.157925
14575.500382
14118.792480
14284.813248
14720.129113
15844.271569
16572.081850
16151.630373
15675.442642
15222.243481
15012.277693
15019.854999
14960.164207
14416.295035
14514.912189
14847.418718
15601.116655
16758.752169
18240.677221
18964.844043
18766.633290
17538.302163
16856.211169
16411.577347
16031.747691
16683.901279
18365.699602
18409.040350
17730.397875
17166.054427
16254.316283
15437.635569
15703.114165
15895.165116
16304.648100
16813.427760
17022.978274
16463.576054
16457.696039
16329.246856
16004.430119
15801.043591
15903.961454
16097.512128
16222.401042
16702.486162
16878.743180
17638.251269
17750.341379
16828.869188
15942.160150
15323.164125
14564.441842
13871.793599
14160.652435
14396.239469
14693.066082
15132.387103
15250.975200
15987.003539
16266.026194
16068.175564
15937.580698
16040.345051
15516.105825
15242.931737
15539.919834
15479.808113
15394.665937
15289.486419
14950.814669
14171.798245
14002.561042
15254.614149
16477.786470
17201.812202
17732.274192
17978.731044
17240.692648
16205.877649
15554.998621
15461.810116
15540.952773
15751.170324
16212.096317
16874.659336
17098.393747
16485.282601
15458.535284
15033.252454
14493.162319
13497.801818
13244.807109
14093.782626
13846.186689
13658.275863
13996.927623
14815.620224
15325.956564
16344.552154
17179.785048
18002.676735
17848.244467
17015.561898
15992.629352
15114.004635
14884.340655
15131.521334
15756.169256
16017.222576
16834.558118
16912.036151
16212.967927
15288.952949
16292.115460
15995.371717
15632.992945
15939.854251
15922.541615
15304.785441
15175.936102
15580.088493
16002.022037
16310.911149
16126.432730
17149.592783
17252.197339
17187.834418
16946.951192
16716.613783
16099.885985
15982.970435
15644.408870
16311.575332
17041.756817
16956.380730
17274.669779
16762.938892
15902.098195
15007.739163
14971.947537
15045.180185
14970.442084
14732.324437
14515.009240
13860.123452
13055.265108
13329.078503
14004.032277
15149.363088
15515.657165
15167.641002
15028.807109
14743.428132
13794.114322
14143.676270
14689.764904
15317.719281
15130.011383
15066.674805
14326.445110
13958.740294
13350.279046
13846.300212
14602.393670
14537.303920
14618.388459
14607.548664
14425.362774
13770.122936
14480.444782
15434.197712
16253.268197
16424.680687
15547.044858
14636.788949
13705.273185
12695.617582
12155.033413
12582.359052
12667.403085
12481.351315
12962.139926
12801.454012
13386.936716
13784.834533
13610.892780
13308.408147
13715.637063
13375.460388
13170.053810
12871.116350
12742.562963
12438.054271
12349.360632
12514.882656
12736.420769
12608.481074
12250.146313
12093.400478
12016.280388
12287.605043
12711.915740
13163.082623
13511.191274
12975.590713
12856.503537
12985.437064
12422.975728
12003.636924
12162.108593
12573.563166
12336.724652
12834.516318
13516.548407
13670.915804
13020.718417
13228.262121
14112.611089
14067.125504
14591.307495
15759.147586
16120.584833
15612.629236
15363.202990
14306.478498
13441.946701
12561.620415
12201.480521
12296.228560
13151.087289
12844.045385
12910.682250
12892.601215
12554.136317
12487.227683
13933.449822
14582.670781
14001.275029
13639.098393
13367.871673
11782.996105
11194.364184
12286.054238
12632.010398
12788.607625
13324.853333
12859.401290
12278.201650
12376.740189
12014.958724
11611.325296
12183.132841
13348.833845
13738.461693
14011.660494
13813.694322
13509.451893
12183.346462
11368.880092
11333.039633
11928.074146
11630.672953
11549.322578
11925.482998
12250.004225
12441.871244
13192.139857
13836.926980
14497.911869
15079.021509
14479.810632
14051.459760
13599.834831
12970.781240
12096.588313
12684.154516
12778.479055
12784.248297
12507.402517
12517.589618
12369.306363
12186.727080
11945.469895
12299.429788
12291.868804
12083.874278
12064.826379
12353.329229
12195.455057
11947.735226
11981.301951
12352.453912
12536.323410
12846.616610
12882.584030
13170.999312
12811.484205
12377.651296
12044.139973
11808.129342
11745.326614
12406.674756
12982.627199
13400.500914
13657.550419
13487.224154
12722.156246
12421.328527
12269.185788
12799.376719
13385.058965
14192.880538
14353.328854
14669.718779
14618.590567
14175.569262
13283.870206
13158.847225
12755.295208
12108.539094
12147.789134
13022.437233
13258.042416
13710.519815
14371.771771
14678.292145
14485.232861
13961.077276
13355.438486
12629.743153
11973.371788
11884.837902
12494.669745
12970.842256
13560.886516
13537.062144
14015.524893
13563.603793
13361.820262
13451.377208
13430.941689
13163.183131
13988.671203
14752.325860
14883.011659
15729.487619
15622.040763
15155.181739
14094.555498
13535.136073
13242.708135
13490.666586
13336.581470
13395.905005
14212.855338
14523.580067
14810.792529
14783.046992
15550.662145
15447.637281
15139.018307
14980.707414
15546.737102
15148.673820
14796.389290
13761.656334
13223.561297
12278.226151
11846.616637
11488.435520
11724.666527
11228.627669
11003.070495
11480.505018
12190.495503
12480.955350
12952.891963
13366.573491
13023.674270
12596.582510
12844.012558
13324.560334
14443.996240
14016.624385
13557.345966
13167.962566
12349.441703
11023.174304
11951.587177
12562.560414
13029.455409
13947.245349
14564.390363
14089.548395
14688.881896
15412.927473
15453.340239
15196.399919
15057.952542
14148.014000
13582.445604
13354.650077
13289.801511
13325.201932
14016.062520
13930.662164
13907.334747
14026.206163
13988.500649
14099.113100
13954.561524
13853.979123
13930.993576
14109.008360
13366.980106
13307.901106
12838.437394
13309.026324
13469.191454
13162.851068
13503.002156
14315.796215
14266.077268
14576.683965
15093.177924
14724.829795
14407.859916
13915.518254
13034.605756
12945.659132
13816.303312
14319.988868
13892.579260
13619.610722
13269.135474
12576.869140
11844.021534
11614.528769
12133.291939
12350.197426
12429.465121
13029.456725
13789.301333
13848.926312
14398.939890
13859.082808
12945.590355
12539.882142
12350.013560
11614.248295
11833.616379
12108.173700
11838.857324
11611.506086
11710.524735
11955.755052
12330.894382
12863.284014
13496.308567
13911.302115
14225.716986
14569.200959
15382.451620
15401.991870
14657.962421
14005.153894
13521.153253
12733.685767
12171.633921
12213.179324
12214.911574
11940.729383
11095.853587
10811.312312
10767.738821
10717.682185
10820.679235
11568.714506
11732.973014
11847.308259
11604.257928
11068.677495
10949.424653
11278.197901
11462.213516
11399.220793
11671.035235
11617.739925
11427.708588
11164.790076
11748.047281
11922.041529
12826.079579
13124.791284
13623.286564
13736.027759
13480.643606
12533.552579
12301.982821
12118.263829
11688.442289
11350.081753
10924.551265
10857.512720
10647.284846
10967.985586
11546.344008
12108.827602
12494.734176
12688.167289
12547.448609
12324.923423
12208.649182
11774.919073
11802.473325
11955.173483
12285.195069
12364.523443
12651.625757
12839.647637
12398.642138
11846.097006
11602.487473
11693.423114
11433.925289
11726.708080
12080.806633
12298.554002
12761.068611
13236.516297
13420.345209
13182.228615
12964.835828
12228.932515
11763.711336
11721.712161
12377.747968
12732.717659
12667.031060
12720.385323
12423.267305
12147.115260
12016.190286
11824.318839
11524.177354
11537.380464
11464.836832
11369.649433
11514.551644
11619.120863
11492.370889
11417.705521
11553.482426
12015.172392
12869.771779
13095.766148
13001.038732
12617.038114
12024.024040
11099.981404
11174.879011
11545.559403
12002.674785
12244.324953
12884.525491
12883.020388
12514.493149
12829.233093
12688.329876
11861.318969
11483.784538
12071.103104
12478.694123
13695.017965
13796.206627
13835.806180
13280.806152
12321.356812
11102.117237
11304.268537
11458.426842
11134.591195
10932.811383
11194.499087
12011.609107
12798.849123
12867.416585
12975.946053
13055.317318
12099.826078
11779.522933
11978.425893
11952.594783
12069.545099
12130.515719
11539.213463
10733.493950
10499.737876
10567.156610
11556.519246
11720.476585
12736.107952
13167.968443
12748.599366
11804.929768
11437.057726
11194.670376
11673.208796
12007.579193
11993.889346
12082.911290
12370.089294
11922.827545
11896.983554
12107.350417
12138.318694
11534.169738
11607.416655
11706.191772
11816.983893
11631.022231
11791.826793
11322.851411
11119.182923
10854.005341
11536.533259
12138.527704
13021.673650
13707.684882
14487.061359
15179.925721
15329.711032
15377.093516
14658.848118
14142.827782
13474.104141
13122.484907
12835.399560
12657.800983
12228.640729
11842.507739
11283.107865
10677.718168
10612.330985
10936.778226
10920.812525
11326.149202
11624.439142
11630.766568
11171.756559
11242.813284
11401.398739
11770.932600
12258.387994
13435.691577
14513.431349
15326.016383
15866.009654
15222.814118
14218.121187
13064.889404
11622.455045
10476.692310
10524.304700
10961.038616
11274.226327
11685.488040
12138.318694
13082.044878
13553.294817
13458.453567
13430.366358
12748.233411
11989.486815
11228.145347
11276.018902
11511.808840
12477.422586
12170.556284
12172.333460
11658.017079
11417.857644
10752.770554
11062.241750
11051.687916
11310.897043
11497.519975
11472.101987
11596.366987
11283.621784
11464.059989
11322.568631
11919.800526
12110.040129
12230.788826
11753.934353
11621.028966
11532.174614
11484.265815
11508.042162
11856.613584
12128.939478
11891.257988
11515.004480
11970.183188
11889.119069
11629.832934
11481.449105
11605.913695
10957.105475
11073.462781
11654.562329
12050.423998
12798.518621
13395.771325
13542.249982
13200.652388
13268.643426
12603.733104
12267.366942
11713.188218
11726.210460
11763.804966
11170.667071
10814.084295
10745.055098
10920.687648
10857.606389
11552.470517
12392.934975
13312.767480
13070.563366
12558.485822
12908.221494
13199.229184
13137.396916
13390.883473
13972.474820
14330.488671
14618.044873
14310.750872
14105.305432
13307.730464
12270.690315
11358.773994
11222.634371
11211.861877
11555.914538
12078.195347
12244.624440
12157.590528
12283.868227
12903.315585
13033.754369
13129.950718
13886.278609
14379.049797
13914.893453
13653.127129
12701.676998
11692.838485
10681.178452
9897.577017
9408.505638
9806.302662
9770.454997
9804.960421
9963.374836
10655.409432
10697.409413
11083.004082
11237.633017
11195.835043
10671.836653
10798.093745
10691.235166
11055.674231
11712.762000
11603.751637
11635.492494
11528.562038
11153.601296
11165.182224
11212.969536
11400.826015
11525.237403
11583.504747
11320.130069
10948.191738
10413.804228
10362.180648
10015.174644
10072.998592
10915.038947
11592.129983
11734.591180
12309.082343
12443.550053
12352.846891
12236.056132
12388.398776
12129.156528
11917.146897
11604.534529
11525.237403
11585.094458
11868.085585
11897.155296
12659.238075
13058.576039
12602.013278
12533.408974
12703.234268
11933.362086
11170.393518
11300.753350
11319.774951
11379.770059
11517.953760
11497.798714
12012.250097
12359.311139
12834.580880
13380.806205
13366.711003
12755.247824
12241.075371
11354.566994
10761.026827
11099.686965
11196.150254
11200.638132
11628.174615
11988.007547
12672.166857
13616.222080
14105.305432
14702.461329
13998.357138
13185.727772
12443.584519
12054.314501
11183.889469
11612.667107
11858.406303
11735.129679
11696.761352
11877.271706
11779.985728
11623.385869
11548.591622
11284.530959
11496.675869
11619.110204
11358.030338
11405.775874
11148.046161
10578.282563
10135.442503
10174.637046
10034.428354
10302.131443
10333.883850
10264.735667
10300.730087
10502.143677
10425.157682
10539.515874
10575.708386
10434.677479
10247.060842
10456.889463
10646.740216
10898.344069
11369.121056
11468.050644
11761.760092
12222.870701
13101.435336
14026.823354
14260.188121
13853.762200
12962.748611
12216.909075
11368.581233
11793.549001
12565.036884
12757.158974
12911.404957
12949.335786
12428.789737
11895.094444
12411.621656
12189.908264
11414.280393
10996.871704
10832.054453
10730.739805
11223.434931
12119.990592
12721.112855
13820.680261
14255.735571
13597.531046
12958.029570
12083.666035
10497.789686
9723.943100
9537.661479
9563.947287
10434.232034
11066.450270
11015.084121
11048.748594
10890.922533
10482.769149
10506.443019
10785.245248
10698.254433
11185.000021
10945.751510
10688.462255
10366.546963
10550.002548
10087.209216
10567.644473
10533.734260
10723.634363
11502.682645
11932.323537
12249.039281
12735.029662
12835.813974
12903.726688
13265.425382
12604.154785
12574.630787
12353.193459
11599.646023
10825.638752
11025.912621
11147.701972
11185.192958
11094.400479
11329.873998
11816.771235
11154.111109
10772.479614
10762.679391
11191.747905
10614.080764
10684.567245
10747.604659
10666.871968
10336.733615
10595.719176
10859.131905
11122.549932
11270.992973
10600.499288
10297.652647
9965.419908
9923.792597
10208.598227
10550.647833
10212.120871
10079.601246
9958.792215
9810.660390
10002.566289
10222.211261
10478.788522
10510.753989
10121.262113
9972.858323
10162.868666
9931.419651
10200.323326
11185.399349
11869.850259
12552.641812
13416.360376
13744.776983
14170.314930
14166.509629
13834.308041
13375.354349
13232.980128
12099.455013
11622.650669
11307.972555
11438.295622
11399.308121
11717.260560
11952.814453
11945.314263
12123.010705
11788.455087
11541.213516
11080.020850
11292.147816
10747.169454
10563.773958
10674.066723
10393.523250
10056.911033
9928.369785
10145.769092
9991.392307
10508.068586
10065.109204
10144.226529
10492.088021
10628.622704
10387.332593
11234.599319
11748.220870
11940.640549
12757.604010
13974.396614
14435.683359
14602.558174
15253.659565
15489.302178
15304.859386
14818.344800
14584.482523
13629.032098
12434.033151
11891.895334
11757.142120
11470.068752
11115.984394
11213.012876
10502.501969
10091.345110
9973.129161
10348.927825
10542.696001
10968.230861
11219.620399
11255.985489
10696.589694
10433.448825
10665.008402
10769.158981
11386.687217
12154.460974
12595.829339
12603.611234
12666.986773
12684.022371
12636.582081
12120.304654
11932.289917
11716.570338
11017.461593
10463.492742
10476.088528
10311.763184
10481.974079
10978.810466
11740.394456
12110.587023
12241.288568
12571.669599
12507.280762
11988.581365
11764.873152
11951.480492
11379.878993
10972.266863
10728.965139
10584.713297
10540.962825
10584.714709
10998.382831
11241.416679
11237.660507
11039.550043
11258.814896
10788.353348
10845.404656
10766.208596
10696.987530
10279.136304
10021.804994
9786.956874
9386.670655
9535.500003
9873.846285
10566.096712
10884.026304
11561.074884
11616.290778
11915.319061
11945.461917
11988.582905
12077.900771
11840.462040
11935.702299
12660.020215
12266.543420
12068.156047
12436.651767
12804.466043
12148.147134
12668.992715
13106.413229
12848.373009
12322.518376
12609.749364
12469.417585
12137.016839
11679.672083
11054.769916
9929.012355
9555.334709
9446.225711
10262.307950
11100.665881
12562.398500
12663.065891
12631.558401
12685.059266
12148.570847
11431.135167
11604.893994
11591.285793
11437.174911
12113.319986
12593.332171
12441.461108
12793.143517
12870.580370
13030.576306
12702.928876
13146.310239
13777.004372
14683.472041
14695.155994
14619.919340
14186.831963
13080.912371
11650.805445
11544.109730
11959.599156
12309.726745
13233.548160
14028.515250
13110.717550
12037.251802
11756.201963
11111.596812
10477.717187
10905.362258
10931.126216
10801.018720
10967.127764
11161.142997
11055.975275
11562.383802
11473.136465
11497.032006
12428.810461
12428.810461
12212.340576
12241.970869
12146.988154
11424.847393
11349.863869
11418.057356
11851.127061
11845.941076
11712.935396
11534.959405
11787.846387
12138.014503
11997.771131
12070.963838
12229.196730
12166.717235
11341.994245
11326.155514
11558.011275
11693.879794
11265.861647
11247.799436
11043.671922
10483.963286
10752.676713
11209.345363
11860.161333
12800.209641
13268.937649
13017.701388
13259.828976
13479.906567
13024.352517
13258.097995
13683.571545
13657.648298
13208.567927
13366.808211
13576.314584
13291.786730
12865.362928
12790.053452
12143.166806
11007.614369
10789.577555
10521.729033
10654.387666
11133.095355
11552.849872
11986.113817
12755.270428
12658.480998
12474.286572
12913.402398
12768.779243
12780.098917
13339.610481
13469.998029
13230.973306
12698.727244
11959.499830
11302.432648
11497.979477
11424.978971
11959.500868
12675.323719
13268.755173
13353.824602
13612.568004
13755.349340
13778.674152
13871.846057
13880.229580
13305.963537
12732.889232
12573.669739
12011.998258
11720.791531
12449.198296
13335.526304
13314.076456
13189.638914
13183.482526
12338.292890
11155.619752
10452.208941
10286.420999
10066.986693
10108.384053
10636.488054
11720.790301
12085.157174
12144.947463
12286.856354
11926.953470
11011.523066
10627.831308
10542.480518
10645.993929
11407.344846
12174.574797
12461.850645
12366.359567
12324.937457
11751.676571
11536.759397
10957.299117
10907.647546
10238.772458
10079.176589
9568.646641
10182.201444
11032.764896
11816.620650
11927.071615
12471.240133
12711.133768
11974.897929
11458.431113
11346.158897
10891.374240
11055.454163
11864.577817
12384.697900
12722.831217
12910.176859
13069.987898
12282.748802
12075.061910
11752.688536
11564.165766
10716.877079
10910.800899
11365.711933
11892.062780
12359.214271
12383.716902
12430.434978
12278.316430
12377.090437
12812.488090
13269.150885
13014.299757
13023.698707
12384.697900
11390.289224
10858.155147
11450.082608
11822.163083
12941.307267
13572.093022
13664.759144
12792.153926
11937.548966
10964.569844
10407.119257
10743.454582
11364.745677
11705.331626
11948.079743
11832.590377
11909.663929
11518.100040
11241.032452
11177.031300
11702.371314
11513.168707
11637.316396
11734.303794
11859.149845
11803.222392
11894.501714
12203.001965
12248.669664
12076.264879
12223.721405
11919.508452
11906.089173
12133.708999
12158.673651
12118.528076
12524.160870
12711.673410
12969.221921
13014.441494
13087.197114
13516.396427
13190.230373
13025.743239
12914.935905
12370.485279
11672.266391
11596.878409
11759.522367
12246.032354
12687.633839
12808.568160
13174.773711
13160.591368
12511.738887
12179.497571
12302.128754
12086.360310
11299.007988
11380.137719
11506.671011
11901.855765
11552.564547
11834.977422
12011.445097
11777.191016
11464.795386
11745.893262
12137.584803
12440.206010
12896.203244
12316.715280
12514.722583
12760.191114
12223.658615
11748.023264
12250.602163
11692.994437
11047.621393
11226.263494
11365.259975
10775.950149
11032.800353
11202.870112
11539.341412
12178.582216
12718.282317
13207.132662
13742.830525
13788.555350
13762.704114
14112.772150
14219.454177
13798.075422
13721.379025
13414.482528
13327.824165
13312.021009
13834.430286
13295.939900
13021.995425
12467.880456
11836.470785
11201.622422
11755.800219
12151.872458
12986.934835
13871.515084
14349.868610
14156.102138
13854.013049
13638.423586
13252.246859
12544.682049
12274.522224
11913.464904
11622.418166
11148.876793
11517.338842
11592.224422
11819.454907
12300.228847
12361.600208
11742.181516
11706.563878
12182.728206
11693.807392
12217.841267
13102.478336
13688.261231
14112.633914
15022.767486
15174.882264
15101.249708
14969.355265
13674.521787
12540.890819
11676.249921
11082.920436
10839.820013
11248.834636
11472.688988
11975.080956
12610.064924
12982.393300
13119.129438
12316.132057
12052.887690
11662.736553
11026.183576
10511.235297
10814.172834
10893.458957
10955.097158
11119.150480
11787.800890
12820.857639
13467.616795
13625.713851
13498.807784
13550.687716
13350.877669
13256.027944
13192.525581
13311.603120
13038.915756
12210.015757
11375.074653
11519.395821
11042.845028
10742.774587
11029.611229
11181.655140
10883.112554
11769.618896
12088.640163
12092.655152
12278.449688
12194.377354
11404.625996
11414.975842
11278.319985
11151.940147
11573.162787
11719.741545
11844.115267
12044.220803
11853.660916
11230.134289
11329.613020
11415.288162
11197.586289
11484.457529
11599.589911
11717.671246
11880.686257
12480.148821
12304.359058
12353.532447
12055.190657
11602.686662
11322.153977
11830.297393
11962.705529
12700.947479
13193.194430
13314.337619
12774.260913
13005.720825
13177.684254
12931.488132
13032.472399
13736.357661
13758.275578
13681.025348
13646.953444
13344.402283
13268.971099
13575.714433
13752.309564
13908.300002
14423.031439
14818.467792
14660.327619
14050.894201
14151.342791
13955.464503
13292.523281
13324.780787
13698.479453
13752.426029
14242.651370
14579.166740
15077.738210
14610.981497
14302.029814
13619.528633
12715.625098
11714.013572
12157.643756
11915.229189
12187.998678
12965.666231
12833.574145
12174.371497
12376.042724
11857.868857
11046.260132
11400.440802
12344.341478
12845.538093
13152.684691
13874.732349
13722.092917
13548.050992
13117.646123
13101.729342
13038.103169
13244.156380
13232.152969
12900.173672
12492.516859
11813.584404
11322.886704
10846.016559
10835.390830
11228.834841
12115.579269
12901.219339
13199.806584
13118.461114
12726.834473
12402.288879
11737.476506
11153.668622
10812.946129
10603.168964
10302.187475
10253.236036
10476.638401
10840.776470
11066.386184
11021.015794
11165.147380
11600.641522
12016.125287
13322.028032
14748.960960
15744.068050
16193.178425
16454.200274
15322.954627
14288.301570
13370.035234
13079.116615
12380.089983
12044.364478
11648.286843
11474.064232
10716.425528
10547.256825
10683.663806
10509.967537
9862.553462
9577.730334
9663.588729
9794.057215
9888.945542
10401.789703
11090.022870
12139.897895
12931.592848
12874.367124
13430.326624
13178.800574
12476.147253
11880.371332
12212.944554
12576.806961
12586.712617
12110.827337
11976.304193
11495.732654
10618.976973
10292.737407
10667.545150
10590.521206
11033.215406
11915.911878
12734.836235
12745.824592
12757.534552
12787.390654
12330.429608
12197.432512
12392.920287
12479.642639
12113.492345
11607.371990
11374.116497
11146.811660
10919.260921
11277.560322
11595.940504
11611.587410
11542.976337
12160.313811
12620.985230
12670.742011
12730.065809
13025.637675
12545.326066
11789.147963
11965.622933
12331.281579
12517.927436
12773.581656
13445.204840
13313.283411
12921.179718
13028.960499
13236.603916
13347.195265
13439.879318
13370.496381
12961.965284
12454.920687
11889.211585
12247.214658
12874.442424
13487.270756
14023.527498
14963.671867
15478.138904
15615.978577
16036.531688
16566.354993
16429.864848
15706.031752
14942.313473
13988.719167
13204.931786
12680.916671
12629.497359
12906.082463
13366.951343
13881.406516
14225.509801
14768.414208
15051.090022
14829.877877
14301.929351
13753.584654
12810.585227
11909.734991
11834.818809
12024.712974
11773.912119
11901.697911
12298.063786
12267.646184
12014.714239
12370.402243
12651.698011
12548.107684
11809.024561
11532.495073
11235.500862
10837.974115
10968.171523
11879.239973
12376.073976
12777.629320
13373.192832
13227.078139
13117.682561
13467.619283
14043.232057
13700.945138
13760.401714
13638.299766
13009.247568
12197.587350
12019.823300
12035.441689
11791.455789
12086.055384
12198.637911
11884.230651
12131.633050
12590.406496
12536.801075
12685.151115
13444.849371
13413.646858
13389.709677
12936.605759
12719.108472
11966.646444
11573.328077
11172.470155
11725.105996
12082.855643
12331.585120
12300.232514
12384.121004
11946.641584
11956.417828
12233.414607
12182.486554
12289.086902
12867.191007
12447.828845
12220.314576
12281.575961
12366.826502
11817.030448
11700.251812
11688.412857
11700.250576
11595.692259
11646.868909
11999.022530
12343.578759
12578.709675
12651.698011
13235.467969
14040.730934
14724.797689
14926.740222
15113.494349
14375.292480
13426.087005
12201.397698
11455.130564
11101.257671
11544.979606
12179.710943
13572.713266
14114.269668
14125.147057
14101.396744
13850.128033
12303.399576
11956.685237
11607.643812
11336.886002
11243.528015
11843.323423
11833.348080
11844.372575
11634.626047
11098.474320
10572.310766
10637.430463
11297.511303
11580.148954
12154.323588
13072.624081
14316.555966
14157.988344
14001.769933
13616.103534
12700.066092
11184.620487
10667.613225
10875.889728
10883.350193
11627.707865
12144.210000
12735.033907
12986.753292
13237.690851
12998.475859
12935.222390
12966.995264
12563.299299
12331.662775
12377.467686
12175.322436
12171.775317
12249.043194
12246.670161
12161.819142
12421.051524
12170.389853
12534.194358
12799.323772
12904.219642
13776.602342
14499.182376
15049.029399
15019.036835
15230.908557
14372.513895
13609.365739
12810.613461
12910.995781
12651.795680
12982.403349
13338.037771
13632.573079
12924.834888
12643.496403
12313.020999
12812.597805
13141.126243
13954.073659
14496.461121
14668.263806
14237.563498
14326.408889
15052.615921
15066.631027
15024.223761
14483.017652
13477.529009
12349.930069
11829.861786
11605.941853
11365.699069
11079.397329
10861.858151
11326.349803
11999.068158
12599.423832
13368.966093
13641.743344
13268.256502
12512.246953
11980.430354
11650.294185
11782.778821
12164.494082
12833.644267
13474.189261
13589.116433
13480.149202
12963.469147
12304.760969
12150.630819
12245.569278
12259.427064
12233.454149
12203.605221
12203.605221
12057.293291
11794.258072
12025.675326
12449.301135
12303.757293
12357.296615
12529.159118
12485.616183
12637.399796
12798.842738
12630.280908
12921.095452
13882.533288
14225.233790
14681.503495
15210.162540
14756.967334
13845.032204
13118.750983
12595.921051
12572.086222
13003.267281
13224.644288
13312.051655
13335.504491
13215.084762
13341.200354
13582.831051
13832.274853
14044.186497
14092.017163
13778.843888
13983.093632
13976.993667
13468.743822
13245.091236
13108.439958
11994.780042
11759.656693
11969.808870
11799.229058
11987.755268
12039.023478
11932.273032
12069.318473
12377.601778
12374.610951
12918.046729
13192.797801
13720.499942
13548.116485
13328.422185
13162.542351
13033.892239
12463.291547
12603.879265
12829.780281
12603.879265
12683.444108
12592.984780
12482.315655
12880.520519
12913.577800
12468.757695
12293.091389
12654.777506
12662.845812
12659.078971
13052.955286
13106.641037
12504.995226
11715.931030
11759.184939
11586.703651
12182.745117
13091.169022
14338.981167
14355.526659
14533.205283
14460.568837
13934.082050
12835.594414
12962.558612
13041.493707
12385.268417
12456.940088
13044.910195
13590.665091
13135.985956
13697.147447
13616.160821
12761.052657
12201.815284
12379.188033
12092.438235
11850.683106
12438.411793
13017.969778
13839.361516
13775.117943
13678.347001
13794.982944
13679.925205
13218.926339
13274.773107
13332.414284
13276.888676
13705.803993
14038.692717
14413.532399
15070.550168
15041.210045
14413.532399
13689.123196
13618.776862
13375.352834
13644.321071
13741.745495
14204.220706
14643.405618
14922.920402
15047.386020
15168.052541
15725.840463
15607.998568
15180.552466
14832.218020
14602.809928
13691.055140
12912.835366
12440.022743
11652.646654
11227.473369
10698.870827
10532.022999
10434.672623
10575.705255
11059.984007
12086.853899
12865.212191
13547.588452
13666.041206
12934.295610
12417.748853
12070.786632
11759.869913
12361.211073
13210.020473
13451.597526
13906.186237
14036.134146
14176.655902
14125.199886
14394.647366
14589.704358
15056.820145
15268.114360
15123.698921
14619.289499
13974.256383
13556.630608
13168.820198
13542.856526
13550.902538
13664.522914
14124.283931
14321.087970
13810.757573
13535.679743
12935.630337
12162.054768
11962.163335
12217.165904
12931.642199
13137.218938
13141.429489
13258.155727
13416.199691
13636.103726
14319.898107
14727.344994
14355.779306
13958.140502
13601.689013
13665.704931
14106.987052
14213.526401
14427.273421
14433.841553
14345.735173
14244.701932
14501.510367
14688.064162
15219.877111
15190.049960
14852.066644
14390.293652
14189.355287
13692.882892
13702.869472
14435.517038
14749.665078
15367.449151
15711.365832
15589.098709
15155.552575
14867.378964
13925.088400
13347.520450
13879.689696
13350.899731
14189.889976
14363.495290
14312.020651
13159.021354
12812.913433
11762.598530
11574.067207
11558.866003
12223.216484
12670.485064
13562.705343
14451.267068
14377.979058
13985.785459
14049.069225
13886.835587
13142.608250
13328.766203
13476.937080
13144.664595
12620.433015
12976.115413
13170.310922
13268.829964
13286.420999
13426.964418
12760.318623
12479.409960
12654.902568
13096.261934
13003.370408
13497.943955
14125.112373
14452.980101
15268.116952
15274.212936
14908.364632
14319.100844
13714.377144
12784.198505
13427.083701
14580.726311
15005.967433
15398.397370
15774.076621
15900.990327
15467.593130
15413.920705
15066.972981
15011.907170
14425.709818
13828.383036
13227.482970
13154.064415
13257.438245
13451.258736
13409.415011
13383.395717
13186.321724
12834.463722
12299.970722
12134.232893
12525.900168
12962.748488
12889.359243
13554.357859
13623.675506
13758.077714
13631.762468
13619.921930
13908.588237
14676.811415
15101.168619
15253.949901
15344.863839
15570.441600
15932.559391
15647.592297
16101.979701
16096.499493
15514.386738
14711.241692
14210.780110
13651.469553
13859.254809
13821.030117
13928.060955
14035.144066
14045.168553
14595.265093
15363.355572
15510.137639
15676.057082
15316.010393
14198.097570
13563.008065
13578.504229
14324.818137
14884.035213
14791.456024
13922.711607
13396.115441
12648.258954
12717.104167
13401.279571
14406.899687
15075.363810
15730.076057
15953.341274
16034.506503
15581.313223
15492.042372
15138.111326
14745.213514
14176.130132
14229.712166
13924.694939
13180.856772
12851.326263
12636.915145
12051.213822
12011.984531
13022.676965
13638.205662
14081.069745
14522.471101
14266.901410
13661.580221
13438.972952
13741.877004
13838.800293
14271.786170
14815.910973
15113.776257
15193.129306
15109.905397
14646.399249
14168.333262
13392.487813
12923.738889
12755.171590
12816.433337
12573.103982
12768.270353
12805.574829
13108.238218
13375.395932
13844.712033
13947.469642
14052.298377
14018.632524
13969.042984
13725.492198
13927.324242
13693.667270
14059.464288
14588.234562
15244.781684
15613.669074
16114.145371
15460.943931
14924.777217
14349.376496
14066.267822
13805.329570
13785.235782
13919.400127
13961.334826
13279.963736
13028.962192
13578.300541
13742.664929
13479.853820
13670.242279
14156.755937
14012.143296
13697.834182
13640.389582
13597.820503
12925.060893
12325.315770
12111.561455
11698.542938
11859.180057
12242.933593
12411.310891
12274.244268
12448.809415
12296.805767
12328.046428
13333.400472
13926.892676
14168.333262
14678.136953
15123.378548
14812.564962
15801.945734
16187.819910
15917.780109
15154.333656
14344.849586
13033.344307
13509.815449
13964.094520
14435.521646
15256.036605
15903.403707
15268.047770
14819.761055
14966.435488
14570.997104
14323.560900
15154.615431
16258.320027
16764.854756
17874.442514
18450.655849
18007.416738
16965.484882
16089.010105
15044.872352
14452.885472
14108.768891
14301.881115
14153.367140
14307.154280
14436.181147
14677.697773
14568.601263
14894.731737
14973.235526
15019.032525
14965.898072
14607.881778
14356.691726
14057.821408
13468.196809
13215.184536
13317.872636
13462.254378
13102.289784
13045.203160
12916.426913
13454.179784
14218.106936
15682.378283
16715.128405
16802.363529
16062.977549
15077.338530
13757.590071
12756.400383
12586.465275
13175.921016
13741.877004
13752.009843
13537.653217
13430.676440
13025.662615
12867.736603
13985.494245
15803.793001
16804.295027
17863.714808
17683.125152
16785.339829
15472.006604
14569.466999
13574.943642
13693.578714
13693.578714
13382.780533
13527.379017
13911.090802
13932.807550
13934.779418
14783.414868
15066.628296
15242.104092
15329.337602
16029.369369
16423.653269
16229.620919
15340.213352
14493.223431
13351.588546
12085.459991
11699.782690
11740.261312
12306.010769
12866.171193
13694.814444
13804.115306
13651.849333
13467.745899
13719.365461
13693.409226
14510.247228
15172.852820
15522.838627
14996.704311
14203.088012
13753.882501
13941.093012
13816.207256
13827.953397
14205.420939
13871.534865
13436.177024
13724.851375
14732.011081
15479.939403
16641.737751
16279.464860
15600.499326
14884.132614
14284.744445
13133.619272
13113.880655
13486.048852
13102.189664
12738.527386
12795.360240
12911.261533
12727.254199
13055.517622
13588.511915
14246.692115
15680.866730
16845.797798
18157.815250
18889.662717
18729.670823
17021.276802
15466.659905
14069.666588
12906.095953
12563.615683
13207.266957
13664.291275
13493.946055
13652.237982
14040.449709
14080.772378
14418.667157
14612.729141
14080.771243
13366.635587
13233.480527
12636.346235
12398.720128
13073.451796
14225.073525
14897.787976
15768.849839
16304.559378
16248.796713
15392.506422
14779.377107
14369.866258
14314.605425
14912.041347
14892.355701
14834.272995
15079.165452
14662.176383
13303.060736
13055.509654
13647.068635
13924.317224
14031.354794
14620.225746
15033.810358
14809.146398
14357.462207
15282.209921
16026.288351
16059.386133
16008.104461
15940.667217
15350.766208
15127.581945
15186.986931
14758.098963
14233.963284
13678.338582
12813.180883
12896.139770
13989.666001
15018.375787
15598.344227
16222.953994
15924.314958
14638.065032
13972.065977
13598.018174
13008.203239
13330.690627
13911.354335
13598.857507
13369.749705
13784.982778
13674.156929
14064.486379
15419.484856
16329.460596
15886.647059
15917.984340
15332.805405
14407.308776
13859.334816
14181.973937
14509.971639
14662.176383
14634.468362
14903.783855
15160.361801
14602.701739
14965.197256
15624.163894
16304.560420
17026.564661
18099.651093
18540.610363
18692.467347
18094.997101
17134.077312
16122.963983
15730.305363
15134.822178
14716.018782
14413.150267
14191.319136
13871.825528
13632.416554
13567.309316
14150.918363
14356.680042
14388.566135
14145.257622
13801.078093
13320.388063
12869.437421
12582.102402
12904.593291
13789.007236
14528.898686
14978.073527
15258.821121
15457.063212
15572.992629
15666.308933
16181.148667
16798.058001
17353.470360
16853.500983
16264.115100
15377.327514
14607.960970
13765.244438
13854.125802
13656.624919
13810.742380
13710.104598
14657.707135
15917.913539
17496.314215
17601.866370
17721.530436
17183.691778
16079.792667
14493.144829
14641.689814
14690.556390
14698.518576
14399.742119
14720.125373
15151.385825
15113.325621
14723.422678
14871.409708
15304.823594
14860.046697
15674.709026
15907.459352
15853.908522
16081.916732
15917.697746
14867.687145
14829.609212
14754.314424
13897.175796
14061.949089
14417.514342
14451.227636
14923.777050
14829.040617
14603.057076
13977.368805
13344.458357
12901.476305
13177.920449
13896.504086
14914.512083
15606.746437
15891.927845
16044.220065
15852.292409
15198.737776
15194.583917
15517.339725
15896.732312
16057.255377
16072.085321
15813.710065
15245.022101
14732.308462
14073.711318
14451.343284
15521.768997
16312.737655
16449.568718
17157.259417
17867.153208
17800.024242
17911.216935
18765.449229
18797.110933
17256.252652
15835.901337
14717.504099
13148.208791
12365.378853
12675.801291
13014.387486
13077.856404
13119.066906
13408.299511
13485.262870
13333.130688
13451.614727
13617.552434
13378.533269
12994.695303
13430.230616
14199.673152
14946.871762
15267.987881
15640.886663
15181.402793
14275.667911
14128.845214
14576.576646
14685.937929
14893.695260
15489.387171
16116.689282
16157.714179
16937.834409
17879.800990
17928.895318
16995.606048
16489.066187
16769.549169
17005.070607
16629.096923
16963.429503
16936.109585
15992.718345
14382.156597
13865.679171
13418.652449
13158.012176
13282.171157
13742.773865
13974.378364
13968.643100
14259.522148
14657.857607
15751.890977
16837.983945
17512.943012
17953.988204
17409.942246
16604.063391
15616.781283
14994.322420
14499.463847
14287.322653
14605.439310
15113.977108
15393.102575
15777.462546
16156.213620
15576.737664
14795.112334
14482.868342
14688.380594
15100.132134
15709.075392
16607.468939
17238.883501
17084.132187
16773.435819
16318.282527
15932.569689
15495.357219
14966.837649
15528.655831
16414.739213
16958.941705
17526.841292
18051.039127
17191.787828
16000.847600
15466.706402
15023.003549
15340.129489
16021.150198
17341.212604
18332.040237
18549.961429
17552.801067
16581.925127
15778.990927
15337.327959
15472.131530
15529.167142
15382.998363
14594.221204
13686.201818
12904.489700
13084.637762
13924.710802
14612.974695
15311.437044
15853.634121
16558.188854
16785.356075
17491.603918
18116.733538
19240.358340
19798.180821
20091.965205
19033.401328
17373.566919
15458.621799
14134.813926
13480.747215
13576.070393
14101.982750
14423.313652
14302.185426
13766.496847
14190.191765
15185.595010
16672.777266
17844.859507
18720.706154
18477.952379
17708.201202
17013.867411
16716.354223
16721.246696
17084.709327
17025.928562
16895.007163
17074.522613
16859.065227
16395.529097
16852.881745
17240.700598
17709.651630
18648.483030
19612.156316
19110.779640
18466.088347
17577.410475
16622.027363
16582.360398
16625.840924
16637.610259
16525.331333
16433.256080
15382.494166
15940.137200
15765.940136
15335.191927
15270.720106
16459.236372
17122.527917
17399.423272
17347.572996
17130.661732
16276.507533
14769.409413
14529.264919
14955.096689
15240.259363
15614.112452
15291.716547
14860.184332
14798.643524
15065.240978
15037.158692
15844.381662
16247.518127
16380.052607
16611.742542
15701.901445
15626.442452
15491.976196
14950.300775
14210.750178
14190.727150
13896.312386
14350.609532
15231.223557
15968.619060
16629.255414
16845.247375
17256.716148
17427.106533
17240.618929
16500.477480
15794.458835
14800.628026
13602.093850
13197.157551
13828.128515
14108.950254
14342.392982
14752.237246
15174.184576
15518.242132
16555.448755
17240.240998
17364.073984
16712.932334
15967.318896
15022.957341
14295.329221
14550.422267
14933.882431
15475.663086
15862.166093
16534.321700
16955.992287
16760.741387
16667.366617
16463.957337
16371.048670
16032.895117
15891.652182
15655.794569
15387.269157
14702.385741
14561.674875
15672.064923
16794.046415
18016.552047
18958.451353
18570.771052
17145.517841
15712.566721
14787.018357
13969.745442
14286.136812
14837.542225
15141.830260
15232.912909
15181.056084
14782.044631
14477.632876
15272.732391
15991.661197
16843.802408
17547.704293
18448.294018
18533.482364
18372.999193
18284.458163
18486.196150
17975.691595
17259.210315
16505.487486
15839.067959
14731.168554
13837.361169
13301.056001
13334.758628
13916.459957
15038.100338
16426.997885
17257.742268
17256.293912
16213.253573
15233.703351
14590.918485
14820.316723
15595.875143
17008.640108
18328.171810
18833.941102
18824.569338
18113.596019
16794.699721
15706.242298
15226.107610
14923.451718
15114.711155
15540.559624
15643.403583
16284.211171
16253.002413
16181.634157
16256.761118
15975.638879
14957.500663
14744.217327
14666.981403
14324.525957
15005.069843
16389.820005
17476.321555
17944.919052
17812.740185
16959.263646
15851.288105
14824.257208
14379.133870
15330.789936
15795.673674
15669.509310
15993.849028
16484.958956
15877.148409
15888.955019
16452.918187
16490.342074
15396.358863
15247.960323
15273.541383
15200.306123
14981.248899
15718.922300
15675.750686
15071.937401
14501.565920
14017.328338
14167.935985
14634.553031
14913.142916
14768.374395
15122.309170
15048.772470
14775.138138
14773.581738
14731.001094
14572.575476
14764.509126
15397.801261
16291.951382
17213.417562
17382.186091
16631.628558
15528.091157
14346.971212
13487.113653
13611.912388
14124.802399
14679.767971
15071.803368
15243.472583
14908.833182
14456.232258
14380.767661
14627.984552
15067.399594
15868.737924
16735.153956
16389.548513
15916.831134
15536.610541
14818.655427
14410.892712
15079.340929
15556.678064
15751.698894
15894.101100
15922.438284
16442.105133
17895.865277
18556.341186
19057.076898
19421.114553
18920.291112
17691.952734
17027.302235
16851.707614
16412.171104
16441.845841
16688.899560
17647.293372
18135.897602
19137.139847
19368.679392
18875.670291
17667.018719
17031.823616
16357.377084
15795.368584
15676.608145
16293.684871
16463.955312
16042.651245
16165.191842
16408.869734
15904.858087
15661.890866
15017.037364
14504.263033
14177.132787
13896.845957
12992.997400
13479.934607
14247.016048
14306.485578
14456.557695
15205.138980
15410.740120
15510.944529
16231.248872
16833.859251
16665.622692
16760.270530
16999.452391
16748.516159
16537.964229
16194.177382
15490.004921
14720.168987
14631.314864
14338.100403
14798.469099
14953.323794
15049.977961
14852.158971
15158.585823
15192.225329
15465.134228
15211.854129
15326.400507
15830.112777
16123.196757
15796.365729
15638.463239
15157.965991
14518.938923
14368.951537
14967.746280
15528.210706
15529.694567
15058.261985
14568.221405
13837.993702
12774.997536
12223.352550
12231.692783
12579.968838
13270.607954
14752.673445
15898.633180
16299.165031
16663.421451
17037.141557
16472.944578
15510.135465
15614.675330
15230.902551
14655.320819
14172.204453
14480.901565
14210.001829
14319.900133
14954.949046
15794.167658
16485.806486
17536.828177
17687.203271
17310.616717
16986.018921
16707.336959
16064.030080
16298.399724
16808.606842
17033.953970
17217.705848
16797.793987
16402.159305
16170.989142
16566.262415
16437.588042
16821.328681
16942.192792
16154.692352
15090.087329
15254.241992
15725.840463
16509.577103
17825.125694
19434.976079
19158.408516
18762.645686
18231.884033
17262.485002
16139.046547
15911.315142
15955.822612
15837.299283
16155.931041
16270.983733
16324.185342
15844.276202
15958.987992
16257.652692
15901.566613
16050.086236
16859.843550
17435.719063
18205.991342
20061.655200
20519.949914
20325.233621
19868.086343
18655.115982
16975.272050
17068.782531
17572.121959
17510.877575
17388.013030
17520.754452
17502.440331
17661.645427
18225.692615
18155.824048
18100.634675
18073.042013
17275.516928
16205.604643
16039.411232
16332.094433
16525.676832
16991.139218
18221.274592
19220.711687
19315.227123
19827.572281
19448.772590
18416.050259
17442.876844
17068.865547
15569.176979
15412.507360
15904.910294
16874.598693
17378.498196
18266.076203
18775.326203
18806.616407
18641.641609
18635.443822
18721.884018
18428.444095
18387.305441
17627.042522
16622.258532
15933.003763
16205.937736
15861.991046
15653.970478
16043.781733
16973.700136
17271.545065
17813.488145
19380.329013
20195.473124
19562.797961
19219.381123
18426.008739
17069.020130
15955.186535
15786.758464
15527.908538
15670.048901
16014.749384
16529.279775
16813.627253
16530.408633
16623.922490
16916.472043
17304.155950
17526.047150
17993.404367
18355.282038
18259.785209
17761.468319
17373.632545
17103.626096
16771.133100
17233.810342
17388.273589
17644.046470
17611.352301
17504.568875
16677.745410
16785.044794
16853.949869
16219.424412
15539.345531
15345.031769
15100.124229
14486.304756
14927.966051
15548.879195
15831.534651
15576.835894
15511.263323
16000.585114
16471.270991
16008.170920
15923.198814
15677.307736
14811.587513
14770.220949
16014.908590
16729.359729
16978.462408
17529.083114
17270.028513
16870.588671
17192.455229
17537.266279
16998.973898
16236.966895
15540.614965
14670.077993
14751.734474
15222.673652
15984.407364
16510.905242
16863.065537
16795.793787
17162.495186
17047.267009
16826.336878
16909.607749
17187.809844
17475.612078
17516.845383
17392.172403
17415.774633
17894.490895
17333.561311
16810.225293
17179.314643
16989.277965
15948.442967
15609.281950
15917.954840
15490.772433
15981.327341
16855.712210
16963.061905
17373.073671
17552.751997
17694.708086
17883.333930
18725.374512
18730.777436
18686.536070
18371.036850
17480.559810
16389.975374
16433.581148
16834.930141
16892.188885
17135.812695
17731.938832
17244.497569
16706.852244
16419.926096
16140.971966
15875.698571
15888.955019
15829.668901
14897.881116
14888.340245
14956.259599
16699.635380
18148.078923
18638.343456
18272.774722
17867.296534
16231.146134
14994.824439
15442.262484
16637.039167
18317.038270
18954.186337
19100.673629
18587.818767
17543.435379
16201.825893
16282.969810
17135.715882
17744.921569
18148.397635
18755.558600
18758.854876
18565.445739
19291.332046
19819.532111
19734.101604
18908.674156
17993.335197
17452.525485
17385.456673
17179.790056
17553.231764
18012.705524
17729.672099
16690.873732
16045.193630
16015.924346
16490.671930
17375.096928
18091.760721
18682.755518
18827.834809
18344.669816
17388.573205
17660.150956
17733.377552
18094.976247
18801.913303
19749.405094
20305.002745
20771.889327
20722.849221
20519.039344
19246.639997
17864.047018
16790.489931
16074.154085
15071.027684
15638.628825
16687.789798
18425.741313
19177.308784
19225.143631
18293.563181
16937.736852
15148.488835
14273.712021
14602.314008
16218.675559
16566.388774
16562.674758
16455.489507
16451.632464
15980.735935
16752.615992
17602.974802
18622.030126
19008.139886
18565.137433
17969.352235
18022.577040
17676.637109
17165.932907
17209.590002
17118.613113
16177.598494
15570.379181
15240.139836
14672.337554
14056.878209
13542.572090
13387.690823
13900.395885
14413.221472
15503.113211
16247.181026
16305.759823
15700.881042
14945.283262
13963.734582
14169.560157
14895.581131
16525.648657
17801.698595
18628.730842
18361.202157
17842.493395
15932.917521
14710.925261
14690.939976
15642.852046
15836.589401
16881.489035
17153.908485
16861.084563
16177.527734
15918.112286
15534.740991
15904.585170
16139.987787
16146.530719
15972.441020
15645.926070
15786.446572
16433.510949
17376.529134
18306.599366
18903.297598
18860.269488
18415.500397
17548.786837
16961.653646
16064.546985
15491.581032
15378.746157
16036.828676
16709.531457
17734.112563
18132.033179
17839.724183
16529.934679
15164.506716
14970.757905
15041.568211
15052.009802
15709.579688
16149.414721
15365.394581
14908.474825
14413.705535
14225.276865
14537.808120
15495.417143
16280.981407
16558.045775
15970.390430
15214.918082
14937.934932
14589.670135
14700.656248
15547.159227
16716.083439
17236.947666
18526.332999
20374.074932
22119.112305
22423.787323
21990.246392
20884.388586
19383.356491
17472.610360
16802.841183
16972.912473
16982.838876
17801.556806
18444.923156
18925.870106
19196.441602
19612.200462
19109.234584
18946.210572
18615.765193
18221.888746
17452.538175
17007.635550
17029.185940
17699.468931
18565.960516
19383.597879
19353.728712
18669.949674
18216.629494
17410.024955
16707.284340
16565.340915
16663.603377
16301.315026
16063.876526
16249.974515
16786.116033
17465.556312
18642.582709
19445.842645
19679.129196
19052.618788
18173.699280
17176.027939
17014.456390
16954.679746
17973.689426
18625.273007
18561.617550
18718.652520
18667.009774
17655.783527
17184.375251
17312.861571
16569.344836
16494.113027
17073.511695
17047.411860
16230.815266
15599.748887
15281.684106
15312.370483
15780.164793
16925.671352
17889.127473
18259.204477
17742.797894
17198.160476
16430.225683
15073.132109
14497.786075
14642.201091
14672.262305
14246.651089
15355.783415
15083.544775
14677.988738
15066.247226
15485.564065
14917.216480
15424.167276
16498.114219
16453.275626
16530.288426
16676.983064
16834.953618
15821.979765
15316.214585
14950.375205
15429.232895
16266.171003
17026.232583
17478.274611
18072.213943
18643.155942
17885.824547
17450.831155
17854.214261
18384.270936
18423.717570
18953.907096
19945.430181
20703.845523
20729.732546
20309.550172
19640.947855
18642.297191
17272.457971
16718.073776
16115.689252
15951.069687
16386.486085
17099.953991
17477.914291
18387.869992
18462.555853
17601.007749
16565.740309
15780.078226
15289.012711
16054.900995
17471.652020
18544.987900
18856.180252
18903.016767
18594.902264
17781.243080
17314.035927
18109.648545
18855.981379
18780.287628
18215.028361
17639.517027
16375.980368
15815.465507
16082.840992
16458.787124
16236.182068
15782.865731
14655.311712
14026.397046
14672.866149
16182.084292
17552.934510
18182.142236
18031.189554
18273.035231
18225.925908
18459.611652
19326.397420
20186.834757
19670.753998
18960.730264
18481.872985
17302.877837
16465.586053
16462.417375
16532.993894
16681.522434
17088.658004
17392.839930
16809.773275
16242.005232
15911.525613
16259.251686
16461.593778
17560.197097
19085.549903
20448.093804
21437.707388
22641.565454
23125.253293
22617.401754
21573.112810
20350.451053
19544.841775
19393.385206
19508.446457
18922.727843
18614.182953
17694.385496
16265.890372
14724.560777
14242.036555
14326.665924
14893.043786
14989.989712
15740.399991
16683.519701
17560.452106
18561.369959
19079.425306
19709.738947
20022.452751
19964.449324
19213.233191
19406.807868
18770.550229
18121.090365
17372.410154
16215.997017
14912.308243
14376.558029
14026.567318
14613.349726
15828.891862
16445.846282
17452.837269
18391.413409
17328.557095
16272.157413
15735.500057
14756.808502
13979.052433
14544.585213
15051.786576
15868.603085
16725.780142
17044.626376
16688.361048
16490.383834
16187.812371
15557.425116
15595.294926
15452.997021
16335.348237
17328.234055
17500.259580
17016.781428
17855.588714
17762.830625
18091.505083
18323.218901
18534.380627
17620.342333
16916.245268
15982.184822
16697.887140
17277.859219
17958.786945
18384.209035
18833.012750
18788.186177
19495.871475
19826.554462
19815.096700
20206.272443
20643.364746
20675.246225
20857.332879
20944.330074
19846.531640
18159.612049
17465.370164
17324.670853
17771.814531
18135.887942
18997.465419
18736.075255
18712.413318
18113.224487
18425.809376
18650.243773
19399.035773
19505.700823
19786.213244
19612.333587
19839.093879
19831.509143
19651.307291
19190.645358
18499.762440
17619.365482
17649.121010
19410.042084
21999.012485
23829.586728
24335.411575
23104.868029
21104.370692
18587.700127
17658.496556
17784.798477
18767.631979
18649.176435
18406.283264
18231.804115
18178.305020
18036.111883
18809.003651
20166.294898
20499.292302
20530.699635
20226.296709
19497.741893
19096.493024
19169.543567
19574.529931
20396.310051
21115.978772
20643.304864
19996.376895
19151.598852
18364.326538
18010.382655
17928.902855
18093.830783
18215.467672
18120.359888
18016.092960
18209.105177
18494.440014
18364.041165
18088.773629
17489.541717
18109.124024
18729.744419
19518.305525
20301.883463
20409.242346
19670.932592
19002.403319
19169.326774
18989.138417
19457.990350
19022.742838
17873.847602
17069.376138
17283.274163
17226.164933
17415.872445
18729.669952
19008.350054
17904.665459
17920.093618
18112.505111
18019.386235
18387.700137
19432.252621
19121.900058
18842.874173
18696.232556
18364.178015
18069.582807
18302.661537
18902.300682
19240.364368
19846.969693
20357.984507
20923.399785
21022.361508
20741.381519
19909.934838
19035.109105
18247.842547
17778.694087
17607.028764
18702.038011
19858.958452
20262.997884
20705.729556
20472.815682
19161.251425
18409.134514
18614.969967
18882.382609
19731.196770
20272.537609
20842.932246
21596.738275
21978.385747
22050.521287
22274.476199
22516.763949
22585.076857
23159.576243
23520.671592
23851.469867
23655.484687
22458.013540
20780.819403
20183.610907
19861.404265
19579.379520
20281.696884
21464.571977
22251.771751
21608.981318
21808.480670
21600.785371
20083.269144
18365.607963
18818.534281
18658.352209
19465.179817
21283.773012
22051.023501
21573.245671
20565.735936
19394.347839
17736.821685
16999.052499
17449.214144
19073.327444
19282.996924
19457.774077
19953.564160
20299.401238
19384.699241
18869.853203
19188.873346
19443.826913
19383.780934
20089.693892
20580.933091
20473.633318
20373.248931
19905.629039
19579.492782
19288.124128
19465.861924
19494.367610
19695.670007
19594.718768
20033.872339
19915.403850
19213.040922
18612.909567
18578.900950
18462.270085
18818.684260
20029.029341
20417.276686
19527.415125
18595.051637
17412.122408
16227.139139
15959.109423
16253.611414
16149.372003
17256.797076
18549.289718
19811.103569
21055.914734
22381.192814
21862.759404
21124.709098
20226.400473
19605.264138
19176.382300
19301.369142
19346.590010
19198.188598
18691.953811
19054.146381
19802.468474
20186.329546
19553.561466
19225.188342
18406.354154
17023.173025
16186.416117
16126.331112
16197.095435
16836.455806
17966.410292
18507.622346
18945.632547
19002.769317
18798.585845
18023.252388
17633.600943
18154.650698
18647.598267
18544.351913
18599.537738
18597.614125
17798.022353
17036.692481
16193.713199
15524.918043
15685.055986
16799.386650
17258.471517
17240.935080
17045.141009
16710.900921
15744.302072
15621.315460
15827.317006
16280.539395
16701.527600
17306.623697
17745.109497
18225.947087
18837.272106
19058.868413
19312.125095
18655.062702
18565.868668
18506.817852
18777.870742
18109.373824
18241.585931
17651.926022
16787.273047
16063.598653
16197.917180
16356.796216
16746.124422
17233.291482
17652.305391
18512.278336
19548.319790
21703.738898
23988.565107
25165.538618
25326.287993
24467.307086
22732.693589
20836.952724
19410.763949
18853.330704
19820.818490
20414.856767
20673.833926
20620.014861
19743.437804
18344.649037
18399.911631
17784.965245
17187.697765
17361.106362
17786.326545
17266.179553
17538.577438
18135.251374
18259.177289
17829.684755
17323.388687
17643.952695
18708.523499
19490.068114
19811.034271
19547.993541
18825.715388
16827.590740
15526.691105
15682.690950
16276.351655
17597.189324
20432.914116
22932.030535
23686.126727
23737.375877
22680.418177
21467.695898
20544.389344
20708.292578
21131.211264
20988.922380
20469.207034
20725.794214
20722.593062
20864.815251
21311.870697
21733.239756
21512.473592
21202.214199
21113.324919
21035.165680
20584.445167
19440.263076
18712.344959
18237.730648
18554.347125
19227.046206
20001.021427
21058.943521
21420.775525
21296.888895
20647.445562
20008.684507
18985.897803
18436.125288
17969.233078
17387.455670
17286.710466
17326.581643
18408.640119
19405.962264
20325.583113
21146.337184
21684.137624
20892.386787
20536.896417
20847.546449
20955.321542
21000.153706
21573.812725
21404.217143
20575.356368
19745.753427
19510.263761
19406.960565
19368.303474
19820.644851
20226.139037
20278.892729
20571.859651
20916.034548
21090.358217
20547.733164
19923.144790
18371.609233
17547.031234
16968.978871
17676.497515
18481.816529
19095.125397
19472.823670
19731.695608
20146.304115
21055.951321
21639.533722
21520.703534
20358.929381
18704.464855
17064.666675
16139.058693
15733.310825
16947.531209
17993.673459
18923.440147
19740.842704
20866.678787
20842.900725
20731.695977
20236.267794
20292.323091
20426.212071
20683.978744
20516.779455
20176.282837
20219.756297
19327.740997
18514.432364
18763.023206
19773.879677
19393.998648
19746.113156
19783.639371
18918.797022
18136.101939
18793.261448
19599.020833
20783.432190
21400.833178
22241.662464
22726.431050
22463.438037
21580.685188
21263.510518
20459.823566
19975.845798
19861.050324
19868.476315
19443.094149
18718.693652
18002.509481
18007.891003
18469.226306
19375.819473
19336.276146
18852.024299
17644.370637
17329.522224
18037.138305
19837.865225
21830.330820
24043.887420
24796.057703
24013.356135
22751.120982
22600.559425
21502.817551
20396.720268
20088.267165
20458.811351
20021.303738
20028.970340
20551.037334
20778.135256
19676.550694
18188.259972
17254.818689
16570.547217
16964.265928
18016.751986
18578.789198
19304.968084
19393.918484
18888.516012
18037.302196
17845.613701
18007.740811
19375.286306
20187.008276
20911.324966
21584.039465
21568.148728
21413.485771
21270.150753
21705.471866
21145.822257
21434.260297
20951.491275
20214.711634
20142.925632
21514.398382
21471.332438
20501.351092
19963.463263
18972.261500
16954.050386
16768.104684
17921.157775
18772.303519
18780.254696
19731.558293
19541.364726
18940.185355
18744.431847
19045.267565
19025.078612
18576.716361
18392.284095
18842.764821
19586.907524
19044.526394
18577.523723
18797.112745
18837.386279
18384.542155
18901.474890
19338.165439
19425.560906
19122.845574
19533.110876
19815.463498
20198.945722
19599.589782
19293.014126
19653.518479
20162.492977
21226.928984
22706.224900
24071.602950
23838.144623
23260.551402
21782.312396
21881.845495
20595.221973
19667.506757
19214.365298
19348.687732
18041.124534
17707.047696
18310.208552
18990.610925
20211.248827
21568.422378
23037.038055
23480.058216
23361.441331
22390.428865
20922.507541
19192.207728
17880.552760
17737.863179
18703.702168
20351.730872
22034.462467
22726.452172
22665.419659
21611.362408
20781.406703
21000.198165
22818.708600
24945.584019
26700.476118
27873.322484
28683.876270
28804.562882
27873.087744
27067.479011
25474.822425
23262.797540
21624.778476
20386.538398
19149.376425
18770.279303
19766.808584
20725.731170
21462.089745
21638.457123
21413.194198
20756.542280
19394.674958
18206.857852
18556.437802
20299.824039
20676.510317
21457.885080
22091.123696
21988.498310
21381.235096
21587.410825
21179.819373
20750.019069
20439.655868
20131.372052
20501.579429
21532.287080
23738.480388
26692.250700
29828.076257
31924.248111
33505.033355
32650.340983
31035.922951
27164.089385
23162.628952
20416.773351
19690.521763
18044.204218
17801.170002
17963.771312
17553.627848
17429.823292
17714.614009
18337.521764
18393.018841
18225.636503
17801.668971
17710.409728
17576.254229
18392.650154
18901.713632
18729.526366
18345.136318
18833.906990
18827.920156
18434.820703
18445.589083
18621.873135
18425.952341
18376.838581
19119.125280
19690.557508
20033.427876
19952.036841
19567.846917
18819.855424
18420.470320
19087.314946
19169.774145
19686.866431
19746.059383
20037.134429
19811.162948
20292.401836
20592.406863
21069.531767
20732.995118
21179.984941
20905.061802
20148.098168
20021.958376
20613.645865
19517.566992
18549.884481
18144.787012
18378.205240
19038.932599
19988.571515
21013.236245
22232.657016
22959.050957
23477.281113
24743.599639
25582.104246
25389.552919
24443.969873
21994.333396
20094.857242
19153.363265
18763.165030
18595.097361
18739.645548
18194.037706
17115.909508
16657.234006
17127.543656
19305.531384
21472.297471
24045.921517
26035.060120
25910.419579
24614.654528
23712.478799
22499.292845
21239.079692
20992.038318
20857.341880
20109.512971
19148.573254
18336.438889
17516.910370
16575.105105
15886.660302
15787.152256
16595.106818
17713.750717
18625.403350
19458.050287
19876.063654
19217.810572
18693.263423
18517.659401
18044.394815
17906.082206
17691.918029
17335.121932
17589.131031
18215.876194
18420.225858
18612.966605
19110.989301
19108.019199
18387.496423
17655.360088
17194.756205
16905.615941
17241.599821
17728.926011
18832.759332
19818.606795
19897.140385
19743.304054
19964.455588
19336.179129
18863.924283
19271.717729
20037.313144
20786.958399
20967.345097
21464.751900
21579.277251
21025.591682
19730.178838
19268.451443
19041.731630
19360.007997
20262.633213
21158.137487
21605.157262
21564.884828
21040.590039
20217.346959
19783.699385
19902.774627
19673.566371
19289.141487
18167.975735
17705.138631
17267.522990
18219.486113
19233.891177
20254.916704
20512.220432
21153.304663
20302.332766
18793.041855
17805.616030
17546.829277
17952.142912
17632.836817
18081.701163
18566.037455
19029.917107
18392.258815
18248.309551
17837.248918
17031.876601
16494.145541
16434.318714
17386.249169
18893.554729
21249.945110
22941.733610
23519.774085
23778.755608
23283.801323
21699.012881
20704.365888
20589.643311
20008.643510
19690.477113
20592.385976
21632.755345
23516.249948
26626.410856
29190.487973
30090.684474
29726.649430
28559.361813
26649.457549
25464.564606
24629.656463
23626.394181
22445.420863
21388.392314
20282.337714
19621.884481
20687.929083
22096.940376
23070.142549
23234.349333
23542.992695
23139.387166
22627.167902
22545.400810
22650.769761
22503.974566
21643.320970
20792.632713
20070.566087
20276.252116
20847.569100
21868.852653
22852.123804
22628.912909
21299.783850
20055.574623
19323.431127
18290.016169
17921.280609
18507.236817
18884.911898
19363.012495
19538.957967
19084.672600
18399.770477
17705.535045
17003.198818
16872.243813
16658.112109
16390.736238
16313.516658
16471.901325
17057.779217
18875.592422
19540.087478
20295.904647
21657.128880
21237.943208
21017.094699
21652.405997
21628.204802
19386.463485
18650.180570
18044.160222
18273.181826
19280.615108
21670.467455
23415.642929
24577.073467
25269.780569
24575.592459
23182.512221
22764.693349
22814.939236
21641.152095
20946.697961
20621.945651
21096.819198
21716.490989
22796.733942
23277.407347
23736.961677
23560.395824
23475.117278
24182.898112
25247.606024
26588.751296
27449.234841
27655.138539
25840.896977
24230.435060
21556.118954
19369.155717
18701.065802
20447.686213
21891.964595
23723.926636
25249.091293
25227.905356
23985.479277
22040.519030
20166.551927
18827.844710
17171.196379
16546.143302
18526.176903
20933.836745
22591.596757
24677.125138
25717.901602
25680.312370
25515.988542
24879.039025
23297.243165
21597.421316
19710.057921
18687.490537
18473.182252
17993.627497
17963.837388
17926.881786
17165.012082
16820.583079
17352.364343
18701.515143
19914.631762
20984.221205
21955.643590
23319.024326
22963.295539
22606.780415
22642.250386
22339.434323
21805.661955
22704.281972
23873.793585
24607.224119
24037.698898
23919.817030
23494.141625
21941.364641
21063.209472
20736.409713
19527.727571
17815.933387
17008.897589
16003.965342
15424.510923
15677.001163
16913.227781
18354.362181
19719.241943
20526.760076
21190.618881
21708.881636
21778.302216
21496.898888
21612.109365
22281.028690
22611.400159
23292.385529
23796.492450
23790.556780
22969.518612
22328.645699
21465.558910
21319.866938
21564.954774
21612.027659
21360.578380
20684.057528
19553.178081
18687.718871
18719.839555
18973.222026
19276.132411
18888.544717
18409.205096
17477.518198
17229.496620
17855.228231
19896.826863
20891.840964
21479.578165
21472.722537
21726.533182
21034.244248
22701.668880
23439.218926
23348.208658
22259.793808
22287.755076
21096.654867
19798.052991
19169.077309
19433.902986
19175.059070
18856.321109
20594.578161
22228.264371
22671.683915
22735.183117
23371.850873
24004.056063
25029.248938
26312.790817
27408.936805
28305.174823
27891.512458
27940.975041
29017.254399
29498.017603
29575.177303
30130.299148
30927.616050
32001.916181
32395.629579
33782.526964
34989.220281
35274.118408
35515.491633
37950.969249
39231.028581
40885.674144
42577.251877
42893.803565
40456.346722
39817.305665
39832.309610
39068.625497
37507.624482
38237.673798
37430.464782
36277.355260
34459.155244
32383.758238
29855.295145
26458.291122
22651.357762
21203.324727
21227.184174
21480.107187
22642.054697
24367.231098
25504.448778
26492.090687
27588.152265
28468.564538
28712.903588
28532.864288
27502.224037
25110.140364
23287.983172
21354.636836
19567.943351
19916.165033
22264.555467
23107.556743
23403.127138
24137.397669
24527.165799
23739.431386
24556.828958
24471.088058
23578.380281
22747.525501
22941.734176
22589.775455
23882.015137
25361.897998
26982.641611
26695.353348
25939.609427
25292.321650
25970.931166
26194.495369
27219.334927
28093.811528
29585.565731
28578.533185
26726.700382
26057.983639
25041.101791
22183.715340
22045.587361
21948.333826
20367.983843
19904.907939
20322.786501
19355.145604
19149.318079
19749.361886
20014.333434
19315.112201
18233.390213
17087.968877
15993.470528
14966.597491
15159.461750
16117.256472
16498.927350
16842.003102
17432.682354
17934.727310
17532.840079
17720.749980
17859.392197
17057.886423
15741.843966
15316.385447
14736.991184
14076.164788
13977.149759
14618.374957
15310.408511
16238.205235
17187.830287
18371.007111
19217.774021
19795.390610
20024.537281
18712.708558
17638.997955
16621.016592
15506.531597
14343.509503
15004.730055
14838.307950
14555.317508
13973.917776
13768.330186
13874.904044
14064.873981
14305.187909
14906.470362
14933.859106
14368.550879
14027.358974
13382.566908
12603.412795
12120.538693
11602.109721
10996.761109
10981.475149
11218.813619
11270.795367
11046.675404
11294.214042
11373.914814
10979.647180
10992.022493
11139.816973
10791.854989
10315.719561
9953.911275
9314.872171
8933.453682
8881.818643
8753.359380
8897.474627
9250.398954
9256.105100
9018.448552
8941.442778
8800.709419
8434.855081
8142.310593
8061.075285
7943.049903
7632.346750
7403.228708
7383.227286
7337.918590
7350.462497
7370.183200
7409.409696
7350.462643
7405.934014
7491.401156
7630.088232
7691.588069
7766.819050
7628.407116
7756.906254
7873.627610
7908.910163
7970.297162
7992.400058
7882.503452
7851.528531
7914.155000
7987.585206
8320.406093
8637.635546
8977.886604
9345.588506
9822.966046
10130.977414
10320.272480
10434.410068
10778.478900
10818.287821
10887.346731
11009.743015
11120.248043
10920.663169
10824.290709
10746.659399
10662.949149
10633.194619
10738.038688
10671.349448
10776.071165
10825.107219
10809.372564
10757.807599
10833.190367
10775.941573
10642.534459
10666.341698
10636.766078
10672.421651
10658.691693
10726.836258
10640.189071
10600.787102
10618.473786
10515.255391
10451.162427
10526.171153
10629.100864
10623.737324
10694.502105
10818.547129
10809.040084
10648.783544
10715.807171
10795.101036
10662.187186
10425.092121
10353.995025
10076.478203
9744.034336
9679.863165
9759.031331
9701.550163
9848.246157
9970.789210
9981.613692
9971.753372
9902.451067
9740.251753
9727.929198
9574.040218
9460.853411
9413.619219
9300.638984
9251.137549
9302.708753
9311.005068
9384.000782
9378.168296
9257.406715
9200.044377
9114.408897
9136.025964
9140.263655
9106.681868
9027.277685
9031.053120
8803.372589
8736.272778
8738.280478
8680.135566
8637.261807
8720.110353
8650.602087
8581.953635
8568.501307
8566.859663
8414.543888
8517.327888
8439.858898
8414.543888
8348.979558
8402.377771
8240.415303
8266.094212
8339.052559
8305.471899
8295.383904
8384.208217
8347.312291
8246.272189
8321.194367
8352.581128
8348.869644
8422.084585
8439.561302
8391.724979
8211.683272
8023.561038
7968.710886
7893.506285
7806.682367
7938.831068
8019.971944
8178.276293
8274.719025
8318.012317
8294.387602
8310.607326
8223.232837
8262.101878
8337.219554
8321.194107
8291.337531
8206.152232
8081.892027
8020.750154
7965.309617
7985.450499
8010.996361
7978.870676
7882.230663
7961.023406
7832.793883
7709.618190
7528.047275
7528.047275
7401.086459
7403.303955
7389.255073
7496.237448
7350.078712
7259.066523
7407.353474
7266.959755
7243.737892
7352.096424
7326.281953
7128.661215
7185.984273
7055.546380
6979.748254
6920.672257
6993.600454
7057.201781
7340.048363
7441.324237
7619.141905
7510.117170
7480.400134
7339.158469
7287.787211
7345.216420
7353.054037
7339.158469
7298.360878
7298.360878
7155.986075
7320.263942
7312.177444
7372.277407
7309.058829
7241.356494
7190.323527
7307.282332
7182.873795
7360.375719
7532.810328
7536.722055
7515.148609
7528.138485
7419.409410
7276.487163
7104.661433
6898.803263
6890.264567
6783.499688
6882.226259
6929.920855
7066.239846
7076.859898
6993.600201
6908.703375
6886.970923
6784.097120
6706.700639
6750.602964
6663.611735
6550.632598
6607.959523
6640.373888
6674.054807
6774.840816
6838.214531
6763.023489
6780.281445
6795.932960
6694.973673
6691.346409
6703.038963
6700.813669
6681.006130
6686.852297
6659.337214
6627.666222
6582.500185
6582.500185
6580.431379
6633.943228
6620.019634
6669.347713
6663.611735
6673.675659
6691.456767
6849.684519
6868.917291
6914.096775
6906.365900
6902.651082
6739.823211
6718.541143
6574.258355
6661.232411
6685.077867
6657.343351
6693.780791
6743.604688
6704.053381
6772.948652
6840.236777
6752.702076
6704.848050
6762.386942
6665.230848
6685.078141
6672.264131
6741.343524
6557.535296
6593.052387
6536.059601
6578.603718
6633.943105
6777.921482
6693.289502
6782.711531
6746.055950
6692.537407
6698.373703
6821.450405
6718.245185
6878.902115
6900.610859
6896.962535
6813.886529
6867.357958
6753.644495
6710.005133
6607.147245
6430.977311
6419.042016
6367.451675
6314.097790
6316.431905
6357.646028
6276.802012
6231.755841
6231.755841
6295.305209
6340.303339
6425.137023
6498.875108
6506.287797
6498.875108
6573.569180
6560.080691
6508.253698
6403.370816
6328.171129
6179.261217
6161.397833
6169.649078
6270.847596
6215.543102
6298.120398
6166.006544
6097.139182
6126.728447
6148.807724
6089.493248
6225.718150
6296.537772
6288.921153
6310.435870
6350.008576
6316.472179
6226.081089
6190.523658
6202.556332
6283.826781
6311.262160
6371.263551
6466.224459
6464.557450
6335.896028
6394.869040
6523.857347
6434.998210
6479.927624
6638.391533
6620.380611
6530.881553
6605.961739
6584.018147
6503.090451
6415.969664
6360.282053
6391.889584
6409.792197
6459.381173
6471.157917
6584.803326
6532.756324
6499.553618
6501.450525
6483.392705
6456.053613
6483.253423
6548.740691
6627.910617
6734.761877
6788.637033
6726.839905
6731.292218
6641.739601
6540.937222
6436.051799
6418.200880
6267.613891
6230.488535
6259.730825
6264.640100
6337.525104
6448.410934
6365.530243
6290.176381
6330.653435
6253.719455
6131.037342
6095.385635
6160.803989
6115.869821
6196.844671
6250.014803
6370.842297
6368.871837
6265.906868
6239.938880
6309.478007
6392.446818
6396.146065
6423.968553
6363.078089
6471.755012
6400.549399
6505.510542
6603.844259
6704.872050
6548.538442
6588.184025
6487.540665
6515.145597
6497.949141
6564.751072
6479.453542
6396.145859
6366.378186
6402.196732
6344.840261
6281.237267
6319.006679
6212.066182
6073.376337
6043.521107
6174.456840
6156.778666
6149.936047
6056.686669
5981.772135
5948.388663
5955.868438
5949.675279
5983.280611
6036.875372
5922.038866
5942.131731
5999.709704
6009.667727
6003.694150
6009.667489
5843.430170
5787.416709
5874.626248
5995.456410
6017.138529
6216.867925
6366.722335
6380.997243
6423.968553
6499.553762
6445.857209
6379.725339
6292.328644
6148.413243
6116.559004
6276.852001
6255.358711
6352.176614
6340.212297
6380.102036
6399.991543
6393.203159
6369.944349
6507.971612
6423.070294
6278.658365
6289.594776
6243.847384
6216.214557
6265.747297
6190.191785
6143.123621
6133.490425
6063.858839
6048.068291
6069.815367
6023.148840
6060.429290
6070.110836
6056.248979
6080.499446
6238.915928
6165.772305
6153.712242
6175.527295
6173.745753
6175.645582
6248.943261
6239.030402
6316.253883
6298.057538
6270.638289
6276.435877
6234.936638
6124.158371
6088.736926
6116.413223
6084.574510
6062.882748
6177.494653
6157.535514
6014.343545
6029.948838
5990.363388
5889.561487
5950.582685
6081.507982
6022.702364
6046.023692
6043.939055
6052.018775
5893.548724
5835.928131
5893.548551
5790.239954
5640.572431
5552.270654
5512.898855
5408.024083
5376.098301
5340.668421
5460.195481
5521.443289
5557.555519
5622.840419
5730.181219
5669.899096
5717.288383
5722.799144
5772.411600
5827.953198
5843.113666
5785.871987
5813.182322
5817.191430
5757.697095
5914.308218
5914.308218
5926.090014
5892.689230
5979.613701
5904.565628
5958.080556
6048.842671
6030.855361
5985.811016
5981.327814
5981.327814
5920.006098
6003.355552
5955.595134
5882.950433
5825.622214
5797.774133
5787.674177
5789.751923
5830.493129
5860.073797
5870.422336
5751.565004
5699.938483
5605.921991
5718.279183
5661.431166
5642.484539
5736.416942
5918.729931
5766.149726
5736.495647
5801.634919
5777.747342
5730.978897
5750.671910
5801.936351
5801.936351
5813.609307
5857.068714
5858.416451
5852.943888
5857.068994
5920.006098
5836.305386
5822.429183
5830.493129
5749.768668
5717.687436
5654.992563
5652.052633
5721.218092
5730.978897
5770.344208
5862.761821
5959.678174
5929.891839
6026.858178
5971.657864
5907.015307
5827.953509
5861.938795
5899.323152
5929.040695
5978.031591
6049.289169
5983.835680
5964.459064
5894.804958
5903.586180
5840.525750
5893.811337
5945.195944
6012.028004
6025.403244
6080.869616
5993.476861
5898.913453
5969.897002
5896.796167
5894.804781
5944.599390
6019.590992
5965.912141
6053.943137
6024.400436
5988.841769
5925.516353
5899.750292
5914.635951
5916.652707
6001.936831
6023.627185
6017.712873
6002.878294
6103.559203
6030.196083
6069.747986
6048.003600
6097.309245
6004.445550
6150.832470
6208.608524
6220.613601
6241.524295
6417.893795
6378.547920
6328.972283
6431.569036
6423.193682
6318.400277
6330.312977
6334.401241
6239.210547
6247.952542
6131.189250
6113.302148
6045.949707
6089.629246
5920.066065
6015.338954
5880.639107
5914.251140
5844.343002
5934.872864
5870.003167
5930.977294
5956.457339
6006.407142
6081.243436
6031.427019
6035.972455
6130.906995
6090.786871
6037.425840
6051.624735
6029.638351
5924.801206
5861.858509
5863.537068
5823.907664
5750.913931
5661.810021
5661.810021
5621.274902
5767.519492
5747.408252
5753.400077
5733.721397
5725.087918
5703.372625
5709.438699
5796.269165
5871.694369
5867.302135
5786.359356
5825.975583
5693.882144
5611.719928
5563.139365
5491.634448
5452.649245
5501.389952
5555.075738
5591.332409
5594.740591
5573.246041
5536.022391
5476.714292
5420.865562
5458.178969
5408.565180
5440.368081
5397.534660
5534.526057
5520.435793
5702.313279
5645.257939
5822.916173
5724.612520
5839.695359
5752.542259
5851.409225
5730.818123
5688.082920
5629.802584
5636.305895
5606.648913
5677.462360
5714.107321
5672.484255
5698.410095
5785.815400
5761.878333
5637.253827
5708.701222
5738.003452
5671.014877
5653.625397
5845.908279
5765.171336
5923.198799
5929.378330
5996.559925
5930.122562
5999.415084
5811.394646
5742.373074
5649.071002
5752.230280
5785.931285
5896.174124
6108.685000
6133.858076
6161.530809
6127.713158
6015.475409
5833.689739
5829.143774
5713.565063
5758.867900
5828.265627
5770.998738
5870.171579
5874.274571
5844.074822
5950.964310
6030.261017
5937.381187
5819.811755
5863.183749
5682.797215
5730.817992
5782.288274
5843.917027
5802.490446
5792.783386
5843.917027
5834.439873
5928.847594
5980.070768
6070.869165
5965.876125
5932.575821
5919.740366
5820.805523
5806.617266
5883.877562
5996.765354
6007.423427
6019.421091
6021.480393
5991.855692
5972.147321
5978.269200
6033.936288
5996.327707
6011.714615
5990.059008
5971.207761
5969.326980
5981.143154
5989.229519
5985.794415
6069.396713
6010.488057
6004.307430
5897.494752
5988.646476
5911.667962
5960.730957
5893.711273
6029.973988
5931.075676
5890.531618
5971.842270
6025.046626
5963.744873
6041.120733
6111.272098
5976.998701
5983.003585
6010.763607
5828.480043
5817.871530
5732.639767
5810.226026
5752.758817
5855.772087
5805.923309
6006.197637
5978.218995
6043.483056
6004.042813
6036.436431
5982.858915
6034.291984
5988.755844
5907.608656
5864.420003
5821.182840
5583.933707
5581.921177
5698.527187
5822.588237
5909.984672
6036.719984
6093.962691
6161.205083
6169.517690
6134.083254
6298.086180
6430.839767
6452.647343
6356.265214
6344.617712
6322.679528
6146.992131
6126.549884
6161.104761
6095.928665
5996.734017
6135.177857
6037.985639
6029.725206
6067.556315
6035.912258
5930.794068
6041.794350
6099.520360
6170.612299
6154.920819
6188.858970
6225.932423
6213.173931
6211.625687
6219.004574
6344.356090
6306.325639
6256.848034
6280.622262
6353.746817
6278.738294
6079.027457
6079.027457
6025.628614
6073.026268
5995.990265
6112.566807
6069.498047
6040.197620
5893.711431
5843.891623
5836.083385
5851.352107
5882.974267
5960.119726
6043.041823
6059.280061
6097.333072
6018.474455
5909.684152
5792.889192
5826.547693
5792.244840
5762.787881
5857.523073
5986.159290
5960.370382
6046.055283
6142.976368
6111.047820
6042.193675
6071.752249
5955.839215
5928.668908
5849.063331
5800.177144
5805.538856
5782.360980
5746.384337
5819.919503
5908.938636
5920.429961
5944.297824
5965.778851
6023.429753
5993.503660
5987.977984
5955.513060
5983.252555
5937.609465
5914.081104
5866.384911
6027.377356
6048.885790
6074.669411
6084.613546
6019.384053
5965.701446
6023.328041
5997.172748
6003.527223
6068.732428
6090.053865
5993.117498
6183.237892
6187.160800
6252.092228
6263.038535
6399.872466
6304.794898
6290.727657
6383.530203
6291.267880
6150.951139
5969.318862
5943.442328
5757.317404
5785.646637
5753.294546
5816.704792
5768.649969
5805.947741
5786.644459
5772.605493
5764.977496
5891.455751
5834.289725
5863.877842
5883.702654
5903.633131
5818.672306
5777.054295
5710.346206
5776.125827
5756.115566
5736.441587
5757.873654
5835.261178
5874.726152
5876.848525
5975.806892
6035.126418
5972.827590
5943.303538
6008.409026
5947.166973
5905.514561
5862.921518
5803.261686
5809.625746
5900.103489
5912.346071
5957.009576
5988.875745
5917.849692
5858.090141
5822.470462
5912.766470
6011.463408
6009.833174
6118.123994
6300.533517
6216.849986
6167.640658
6232.687671
6097.887124
5931.936436
5964.329708
5899.107450
5855.556515
5795.856663
5874.978471
5888.110498
5848.305207
5899.782113
5891.966828
5753.274146
5653.114896
5674.442960
5575.661000
5736.194923
5805.012311
5858.330680
5895.975685
6062.567641
5935.493011
5949.660781
5960.383583
5976.258765
5956.110816
5855.797823
5790.034165
5843.727907
5752.882617
5746.636876
5865.320930
5853.545206
5795.739566
5863.159478
5700.670354
5742.637523
5809.955378
5914.563799
5912.766661
5928.820628
5819.936231
5798.100065
5708.205330
5741.858958
5720.185892
5844.058568
5972.962576
5977.319921
6012.544492
6076.242358
5939.624880
5852.860744
5805.426348
5629.348784
5617.762189
5672.786268
5635.518861
5665.101684
5794.204335
5829.472300
5772.177800
5821.639060
5813.111884
5712.158568
5724.098090
5864.285268
5890.381348
5873.067211
5940.512888
5954.677235
5863.277051
5807.781643
5803.430473
5894.442320
5858.588919
5949.873139
6042.913980
6092.153242
6030.621307
6097.887124
6090.172259
6060.563776
6045.610108
6107.184940
6067.574133
6089.342957
6144.142536
6301.032045
6400.075651
6603.513777
6754.015168
6777.469981
6713.370455
6651.889254
6592.809791
6478.470231
6499.784960
6416.205225
6345.042733
6153.080659
6078.039344
5935.207044
6023.441007
5946.086255
6041.416297
6187.787879
6217.108912
6242.947528
6312.095405
6339.710263
6171.783773
6167.887816
6174.434854
6278.992401
6303.067829
6477.273020
6621.186681
6634.283273
6590.986711
6460.570159
6391.431861
6394.894755
6476.564034
6470.888352
6617.576919
6749.795078
6668.334115
6546.562933
6552.259847
6518.462828
6281.130623
6308.967777
6349.759181
6298.003876
6403.117125
6492.100827
6454.326241
6448.292567
6529.536358
6378.952766
6408.415436
6428.711482
6379.093323
6307.860612
6366.875019
6266.078558
6254.543475
6337.819676
6351.754925
6328.192077
6536.098464
6713.646107
6806.154046
6877.507021
7039.803998
7096.950318
7098.696191
7113.903930
7027.356188
6927.988792
6810.774470
6744.128365
6570.365100
6631.639112
6663.383971
6566.376754
6443.576853
6559.627303
6685.817845
6674.207111
6897.907371
6998.896988
6940.755028
6881.502882
6834.136525
6737.165514
6748.788399
6755.317970
6739.246058
6756.723313
6717.859079
6601.318328
6549.525943
6410.927468
6393.076856
6435.021750
6435.021750
6520.751912
6670.814047
6710.283836
6581.729995
6570.209840
6404.553644
6284.361912
6224.923488
6195.261340
6238.863602
6337.438471
6402.707176
6471.773261
6552.999054
6724.992873
6641.416363
6570.364898
6414.204223
6423.645735
6265.760698
6319.175069
6416.115319
6438.103563
6380.689735
6400.319553
6289.126656
6247.529574
6280.850726
6286.765278
6221.687784
6271.003540
6255.090657
6203.468506
6225.352260
6191.604888
6140.394012
6175.834364
6306.590495
6239.221804
6247.385760
6326.495426
6140.508097
6043.393876
5999.999198
6093.082848
6174.639768
6296.974860
6324.829289
6279.122664
6340.356040
6415.738582
6480.733603
6460.975258
6633.410642
6585.988530
6516.891137
6461.422236
6442.236303
6431.846513
6370.858390
6175.717504
6205.275951
6240.654373
6282.281583
6450.732330
6684.553903
6664.428394
6611.342918
6627.258165
6488.340137
6447.988580
6451.672863
6600.456144
6580.254504
6580.254504
6570.061174
6571.402596
6547.628661
6437.222402
6413.616260
6391.910811
6381.981684
6326.713632
6471.180351
6702.514022
6713.205599
6602.401079
6596.312709
6607.767720
6443.469026
6400.452616
6637.847777
6754.469555
6720.727210
6724.818219
6724.818219
6619.916962
6457.718457
6408.135509
6505.329884
6678.675838
6789.824876
6829.206920
6886.673609
6805.675760
6800.951486
6724.181474
6799.306468
6719.767898
6660.742506
6574.973506
6693.611214
6746.797224
6788.861629
6826.494288
6849.891154
6800.301179
6717.540157
6857.762972
6816.171833
6756.062690
6724.577933
6657.206493
6499.189716
6558.273849
6588.282137
6633.840349
6774.371383
6825.993250
6809.890406
6777.453970
6706.121039
6570.251388
6609.562702
6613.296055
6615.611354
6578.163742
6674.797152
6683.152412
6694.819344
6733.186226
6769.293497
6893.741318
6796.918484
6792.946042
6612.699643
6466.190634
6296.245832
6238.931413
6183.468106
6337.688076
6442.748937
6444.379293
6551.241635
6628.357579
6587.858341
6692.686888
6793.633811
7011.001851
7125.988856
7372.387258
7447.846578
7506.787632
7319.309678
7320.976133
7085.220986
6942.643772
6794.179059
6849.891154
6718.893540
6794.063511
6887.075859
7007.856465
6946.869052
6934.407792
6966.703187
6879.898641
6868.104428
6925.366402
6895.535701
6895.535701
7030.199823
7050.536032
7279.317771
7556.491399
7693.473243
7719.068896
7776.746215
7733.019995
7642.575793
7698.087251
7646.419239
7642.863420
7450.984226
7413.144998
7267.075283
7287.306755
7273.232630
7378.365727
7621.317103
7726.493110
7754.029573
7728.416705
7534.213129
7295.185366
7179.360185
7201.343523
7115.960584
7236.837093
7153.490486
6978.071266
6831.233450
6914.334780
6960.298374
6893.077896
6989.623997
6993.220284
6965.423040
6912.201325
7003.082767
7092.990845
7311.157476
7322.657008
7308.891835
7307.205876
7263.631526
6993.027534
6830.673696
6620.599600
6627.201518
6573.269170
6627.066274
6684.355501
6838.521198
6756.807295
6763.711261
6700.505830
6637.420347
6577.899830
6482.741091
6561.635989
6704.672217
6938.039974
7082.788821
7185.384043
7288.112207
7343.608678
7256.307918
7092.454729
7083.002415
7102.032489
7042.738129
7147.595326
7161.314718
7278.197982
7179.533151
7096.733857
6793.777042
6717.003920
6560.513485
6320.149668
6296.544006
6510.296986
6656.799044
6628.706121
6738.222477
6783.786410
6805.712433
6904.289235
7177.663860
7310.738916
7486.128393
7383.426067
7278.731523
7233.354166
7233.354166
7153.970211
7271.264982
7411.617955
7341.794563
7245.555143
7188.505572
7302.871089
7340.432006
7417.342149
7520.902757
7662.793841
7583.927445
7534.068482
7585.699680
7755.158353
7792.547036
7824.433330
7842.274048
7780.964712
7637.197519
7572.113775
7621.369633
7544.144855
7613.903287
7546.860165
7461.879732
7214.352743
7246.227562
7062.574564
7036.813297
7099.669147
7372.730776
7301.901606
7365.173109
7474.385335
7357.686682
7106.342988
7201.542628
7161.481169
7221.827241
7314.884121
7390.156089
7457.332565
7625.292210
7485.970726
7379.223947
7316.123037
7183.322285
7066.608016
6948.105222
6978.313442
7014.570877
7006.330463
7190.263666
7441.247496
7456.995643
7500.494500
7545.753152
7326.085446
7172.054661
7205.488736
7249.289143
7086.562819
7043.341350
7161.183697
7157.024007
7020.807457
7038.712923
6965.263609
6890.296088
6844.638726
6846.556184
6920.114929
6955.399680
6921.059550
6830.311274
6855.416042
6774.891777
6790.706115
6769.548341
6810.533733
6784.716140
6828.579866
6755.469369
6835.116105
6905.884107
6957.431624
6993.060321
7259.673756
7206.033964
7275.827156
7382.716718
7362.731591
7234.306948
7182.910729
7113.728452
7127.092456
7400.513890
7513.073039
7656.556375
7773.350516
7742.002598
7652.711303
7644.955329
7561.196097
7359.393683
7131.869635
6918.582138
6678.719647
6648.624079
6842.704625
7107.938504
7432.228258
7788.612533
7771.302727
7704.234020
7617.040073
7421.223313
7164.268097
7376.263366
7470.572447
7635.366480
7690.961353
8046.904123
8160.678522
8647.014400
8947.858624
9701.530042
10004.346930
10497.559581
10421.594455
10849.478787
10760.427052
10784.359727
10559.164759
10371.202969
10054.390620
10088.074804
10550.848389
11314.082470
12101.705110
13092.466242
14109.476728
14321.376623
14642.867870
15179.476336
15335.604088
15752.597985
16413.671426
17399.637574
18349.173528
19288.608821
19916.062645
20533.475704
19716.807070
18320.011825
17024.340776
15805.201395
15803.720622
15887.019453
15899.185728
15517.379981
15016.926122
13719.218780
12895.729543
12978.203692
13325.036516
13952.177106
14929.436862
16361.686896
17334.632523
17607.799869
17734.099222
17364.069602
17563.735624
18246.612172
20250.422812
22193.236326
24533.761825
25708.320939
26582.797541
26995.932255
26897.370003
26816.253859
27744.312246
28300.257963
27770.034155
27229.916254
26035.056101
24339.948930
23759.875752
23520.264288
23087.178886
23045.992937
22055.452302
20231.476260
19006.902596
18951.685707
18165.855749
18088.702516
18862.209166
20083.173128
20898.286415
21641.834967
22017.022934
21795.436002
20948.520037
19845.032374
19791.654448
19917.485466
19892.430115
20063.702264
21050.922390
20964.075179
20735.169048
20733.121533
20048.462269
18323.461161
17110.478227
16300.156727
15463.548511
16074.743311
17522.460364
19572.423462
21557.045372
22815.330585
23015.477666
22778.459364
22196.594707
21682.448717
21616.551673
20722.640673
20263.109194
19992.983068
19237.730064
18577.270647
19063.901063
19534.070026
19872.697579
20526.819182
21253.030940
21227.130951
20632.947190
20285.452022
19822.224806
19301.923442
19972.262624
20481.255646
20033.977055
20272.124852
20294.047140
20427.767267
20426.039021
20404.632794
19671.236714
20033.738764
19738.522347
19547.486338
19479.486184
19878.484703
19767.340767
19850.181093
20005.014082
20891.685636
21551.422978
21751.100190
21425.398125
20857.307571
20696.779338
20583.326205
20452.462596
20513.613252
20891.792267
20632.442125
20630.646754
20780.830899
20999.008122
20968.268708
20604.807590
20021.990831
19138.947828
18415.570435
17491.455784
17257.586215
17967.232919
18199.064142
18891.450260
20543.879669
22084.586787
22575.275428
23578.106001
23936.471617
23732.297937
23267.210614
22945.607093
22778.905820
22724.308352
22517.761314
22086.713666
21947.461699
21496.255898
21130.723861
20346.782137
19830.964775
18628.277159
18036.625057
17526.266050
17431.147824
17415.484864
18058.325218
19006.417006
19079.334102
19771.270837
19726.053469
19368.557973
18469.926606
18276.617805
17878.891194
18384.712139
19214.328646
19865.619470
20445.366120
20898.303717
20832.749231
20056.684376
19589.881043
18964.934741
18462.252449
18082.176620
18281.532783
18234.345585
18073.881729
18044.254927
18196.402829
17988.511213
18467.702405
19429.282687
20008.678928
19419.163197
19425.684352
19088.856053
18954.495013
19376.051577
20007.761430
20339.511174
20594.822654
20545.055849
19314.665456
18635.857794
18074.273882
17299.107239
16895.142258
17813.387259
18830.046888
19676.892247
19926.119738
20062.971899
19287.457145
19252.126376
19148.891394
19846.930140
20247.012034
20555.725918
20614.378175
20756.298688
21152.279767
21587.458906
22457.866138
22799.888392
23127.685540
22991.324951
22045.604292
21331.801639
20791.782110
19589.067323
19001.834183
19268.379009
19486.157992
19818.508594
20847.412757
21153.631618
21155.533242
21242.853699
21559.298019
21085.653897
20547.646935
20115.175556
19463.771803
18638.322198
18709.069931
18739.107278
19265.030285
19533.796905
19713.978868
19208.157565
19406.282138
19570.865863
20296.080306
20777.632862
21628.202648
21771.023897
21525.289468
21270.132752
21262.486366
20057.023078
19339.001215
18888.571227
18284.998311
17840.049322
18542.938330
18586.039497
18620.041664
18631.773058
18173.363434
18007.724535
18094.819139
18492.376996
18207.438653
18006.039471
17529.830823
17709.991418
17733.784200
16920.034038
16968.267202
17461.229991
17112.454382
16323.969964
17110.714333
17482.821319
17407.874885
17969.508740
17934.547670
17770.275645
17732.525760
17446.968470
17251.291689
18231.250004
19203.981741
19778.273044
19842.173794
19495.630381
18324.267135
17038.121499
16221.801175
16440.207835
16455.932779
17152.908148
18267.799504
18529.260221
18152.277872
17719.106446
16460.630264
14691.875035
13617.590112
12734.664666
12293.514930
12546.782216
12950.556821
13476.790968
14816.324790
16080.826694
16950.991849
17809.659427
17889.027808
17798.542378
17967.050649
17533.373248
16236.091033
15325.910246
14770.729128
14275.779691
14032.773833
15156.384806
16351.236962
16709.400691
17174.709453
17754.406596
17962.011524
18343.859806
18337.161612
17820.801812
17760.019811
18301.516228
18522.965081
19033.225284
18576.549401
18077.907859
17373.406705
16946.525713
16919.883553
16936.345314
17527.783254
17367.417741
16894.627173
16028.740225
15490.519665
14572.508210
14424.331730
14194.024818
13922.596818
14468.941030
15346.577975
14101.902244
13228.134424
12955.517286
12496.364527
12288.847458
13003.256396
13597.337252
14754.128901
15587.182467
15780.863783
16099.647713
16243.582044
16242.005232
16433.713578
16067.937447
15779.238608
15948.841167
15976.931256
16305.011984
16487.164565
16942.369902
15676.169590
14493.179744
13509.708492
12918.133925
12667.020717
13511.470660
13680.807018
14262.822936
14883.927225
15121.854945
15116.928383
15359.864654
15134.208590
14629.301661
14330.738430
15005.346753
14667.028256
13816.251236
13673.691099
14043.628223
13289.892453
13302.751405
13839.047231
14375.014228
14594.469945
15309.181003
15092.538746
15100.274250
14904.122207
13556.923258
13062.311981
13589.748928
13304.655133
13453.176480
14778.915528
14263.987588
13850.285602
14143.458901
13959.414138
13314.385920
14236.818794
15177.264771
15519.397749
15648.273661
16336.620319
15974.922667
15254.333632
14417.746301
13303.812306
11857.934820
11292.015690
11463.393124
11953.604367
12871.549502
13820.040912
13661.189520
13487.412597
13238.052533
12931.638122
12777.516098
13541.353059
13466.566024
13773.148716
13681.370097
13849.863047
14370.104818
14933.823506
13928.610093
13535.188160
12546.070252
11647.667834
11553.162455
12479.273649
13203.778250
14230.360200
14521.361019
14169.597109
13892.572368
13828.905341
13787.822840
14163.698149
13918.884815
13735.584044
13543.194729
12765.645884
11946.664941
11974.758495
12079.451668
11993.230747
11883.928943
11798.331891
11601.377501
11488.376768
11468.591635
11700.122477
11700.122477
12066.622577
11380.195723
11223.727200
11213.597207
11176.346560
11015.527864
11615.041310
12121.584525
12298.029330
12865.652299
12711.369161
12852.033604
12826.008133
12722.706998
12962.512978
13948.334972
14874.176007
15529.081958
16134.899590
15760.728351
14781.331206
13789.767176
12663.502013
12600.941409
13522.610653
13775.750939
13401.523895
13340.368162
13035.851275
11747.791017
11811.780072
12651.419698
12223.508032
11612.202199
12003.770047
12183.618389
12245.503532
12935.848620
13022.724262
12055.400442
11316.390827
10217.896065
9937.119178
10334.795734
11559.141439
11516.340997
11977.791177
12299.889855
12100.399593
11684.446639
12242.018247
12843.647795
12617.519657
13017.535057
12661.537537
12284.286274
11356.584943
10972.407850
10602.481061
10786.364594
10610.957127
11046.049642
11514.876265
11811.491170
11849.311463
11978.057914
11651.698924
11495.258493
11307.017455
11718.515789
12260.862114
12759.655600
13103.412854
13396.232256
13689.054753
13721.593811
13701.312767
13776.786294
13375.332490
13218.894022
12959.706641
12581.828619
11859.583595
11515.154689
10763.296866
10744.402251
10645.775210
10900.624764
11171.672352
11327.742074
10875.936427
10931.012773
11308.942490
11590.117991
11896.612965
11947.894195
11791.755179
11055.620927
10408.710354
10021.123680
10404.558652
11384.314182
11306.659447
11419.325828
11001.892509
10659.173376
9804.378778
10803.685411
11496.234231
12663.079413
12882.272189
13129.052790
12684.165229
12139.685482
11600.035393
11889.289309
11804.527186
12166.167215
12625.168802
12461.451115
12182.627220
12441.751821
12261.303545
12004.027620
12222.336352
12172.708072
11869.658936
12030.335555
12186.634526
12552.510550
12801.210076
12579.493711
11519.165956
10801.167459
10355.568283
9813.372516
9825.657002
10387.273320
10654.431352
10302.075872
10576.547437
10555.401264
10451.689451
10328.948933
10306.816468
10286.189001
10161.074552
10608.872692
11568.178684
11846.847686
11450.629282
11515.626974
10643.432615
10216.858846
10345.354331
10495.809031
10301.713495
10735.214919
10510.984188
10354.929445
10650.956280
10613.282587
11046.422409
10688.469900
10443.188132
10404.530040
11294.774397
11356.524145
11704.836401
12252.089360
11615.581648
11342.552124
11338.785734
11151.033841
10672.208446
11064.238598
10995.124017
10225.458687
10229.352692
10059.470179
9967.247181
9231.231067
9076.800521
9250.888117
9484.461173
9968.957399
10956.144781
11130.803195
10881.551110
11094.581164
11221.198504
10862.685077
11173.232267
11497.811790
11305.965990
10969.194634
11294.069989
12405.891679
12599.945572
12085.472422
11868.945274
11570.155020
10938.964521
10284.352173
10242.315672
10227.547499
9952.789084
9511.527328
9394.931566
9859.596417
9544.627168
9483.608327
9463.436841
9663.424653
10197.649962
10477.806652
10925.376480
10986.771084
10923.221903
10321.499312
9931.918415
9282.725768
8709.192917
9000.116231
9369.558606
10047.218625
10870.448632
11533.222574
11088.073896
10725.940192
10147.569350
9524.290913
8928.349789
9187.650936
8815.651087
9297.928886
9675.774960
9972.645109
10079.475340
10473.802145
10119.829356
9925.925337
9520.539107
9225.482554
8589.807102
8442.511209
8284.057157
8646.066145
8491.902668
9017.978351
9830.625883
10435.513573
10498.943076
10824.140548
11203.177800
10200.198260
9462.517707
9218.837607
9218.837607
8649.099871
9504.337845
9704.247950
9545.706592
9172.308070
9239.213999
8510.598356
8607.664924
9064.319292
9011.318318
8969.564136
9072.434503
8979.202391
8488.592584
8577.829402
8371.919542
8789.994993
9051.206172
9322.240646
9777.119860
10313.357857
10789.264158
11181.068431
11764.269109
12989.108961
13034.612500
12096.333116
10960.251781
10137.412583
8647.369422
8455.387021
8783.881674
9553.458156
10202.095984
10774.272960
10763.544646
10862.512679
10639.287428
9847.754337
9000.914754
8508.349159
7923.413336
7852.023173
8122.967177
8194.013230
8366.010357
8711.265420
8531.172675
8947.207728
9112.987650
9259.449556
9311.043453
9617.311075
9490.177892
10171.391147
9840.029008
9606.478601
9697.428686
10067.526374
9419.912706
9723.393477
9903.208137
10002.297670
9256.400697
9386.517459
10025.929613
10197.564166
9568.236901
9221.919431
8719.543185
7572.073203
7250.497998
7590.712449
8208.145967
8722.726822
9582.537459
10262.728479
11012.170605
11176.414605
11317.060356
11568.274070
10633.642085
9802.884943
8965.883962
8277.323777
7313.764643
7757.695489
7635.129461
8064.209358
7896.114147
8054.447747
7524.754137
7701.062891
7748.375394
8417.050542
8549.860792
8712.637511
8366.117042
7998.540315
7745.113979
7693.574098
8214.498080
8465.858004
9211.554203
9178.028792
9575.843853
10053.601660
9907.386635
9406.736069
9668.115313
9282.223102
8302.568016
8069.417773
8104.512934
8120.638673
8540.067352
9189.287886
9096.321972
9250.816063
8823.872678
8708.773461
8108.596642
8559.421576
8694.366020
8969.369648
8526.283203
8766.245307
8608.149326
8694.948953
8477.251670
8864.943407
8723.428618
8897.554146
8575.283837
8761.053464
8517.666425
8509.337007
8147.071117
7929.713847
7585.089180
7300.520795
7510.209240
8072.172719
7981.343346
8139.327354
8163.167670
7869.736397
7632.083426
7877.700938
8071.564340
8275.418591
8601.092503
8637.063463
8766.840404
9368.688111
10140.099747
9705.050126
9377.043073
9003.132473
8209.649264
7451.638751
7670.059452
7929.713973
7808.983649
8119.569617
7882.224473
7862.537321
7791.587329
8252.717738
8326.012672
8776.274988
8406.117692
8279.284271
8398.338812
8429.540666
8018.320443
8331.259937
8520.994348
8057.830805
7673.998094
7496.111329
7725.661314
7616.726869
8174.666710
7935.301551
8461.292592
8500.279731
8585.109384
8104.271931
8393.347388
8331.942522
8321.245664
8663.478449
9140.420941
9545.716259
9763.114293
9776.601190
9754.634419
9028.666238
8725.763366
8190.065941
7988.102219
7532.989308
7964.496046
7756.818619
8122.840666
8519.009550
9195.535756
9555.902730
9935.808297
9747.848674
9265.430294
8786.719780
8189.609184
8199.073837
8398.857585
8612.649891
8597.148342
9089.721211
8872.118862
8939.321772
9314.326518
10008.943345
10325.660890
10578.439083
11433.055626
11304.724744
10531.489335
9799.529176
9781.379727
9322.345072
9242.951054
8995.678551
9217.337623
8728.589779
8129.206152
7940.695016
8737.734586
8431.139311
8696.150805
8504.572792
8214.739488
7878.453293
8218.920590
8359.469916
8719.673257
9150.355704
8958.137253
9401.434915
8944.465970
8934.686674
8435.224842
8540.164990
7792.166441
8389.980973
8277.091269
8536.296904
8455.168439
8943.995519
8554.438619
8449.614571
8230.977997
7993.314567
7813.201505
7763.527667
7916.164790
7672.257379
7798.663461
7662.239412
7707.889098
7598.515044
8035.754351
8101.118021
8302.878783
8647.077080
8480.951571
8678.117184
8375.429447
8290.361732
7839.260659
8393.327409
8723.307318
9348.728701
9524.810187
9953.877323
9289.158821
9089.945571
8905.906125
8908.043009
8555.502853
8937.457491
8517.454414
8125.616733
7920.416426
7694.011324
7686.841833
7536.512190
7799.690776
7420.033928
8104.135301
7662.829542
7727.497592
7452.071696
7690.296793
7130.239624
7408.747798
7380.955464
7584.587482
8332.404195
8488.727065
8401.957105
8082.190259
7790.041897
6903.355226
6990.525090
6774.801560
7205.533998
7638.511405
7913.580794
7704.304753
8127.358379
7953.664718
7841.115083
7906.424757
8250.632275
8033.216691
8425.111239
8615.712757
8464.930768
8104.493144
8088.845134
7771.583421
7728.232287
7815.194603
8707.707506
8938.992591
9172.524404
8794.559672
8565.167011
7839.134138
8098.598479
8694.343198
9600.594368
9574.774273
9436.070562
9165.406274
8327.023595
7838.503069
7836.545573
7937.616922
7782.937772
7463.397263
7182.844371
7386.400474
7415.941237
7543.342176
7767.746040
8019.036812
8050.344033
8290.063520
8013.137589
8262.027935
8032.620234
7897.737570
7771.144714
8060.246201
8265.813913
8467.267096
9035.386637
9294.523836
9741.792593
9282.717839
9187.965572
8306.074997
7829.389984
7521.194869
7981.802493
8081.184882
8371.808403
9270.294796
9201.037892
9106.756404
8708.964335
8900.767230
8073.431823
7818.861841
7518.666831
7322.689303
7120.793891
6820.363550
6889.683768
6799.476347
7456.556389
7474.270115
7549.004418
7487.707223
7723.527627
7511.672674
7543.679182
7868.193830
7877.970006
8263.596078
8398.513202
8297.437047
8139.154157
8586.322790
8056.986586
7969.824655
7924.197073
7949.960497
7783.771426
8253.293918
8072.829622
8215.118972
8065.607925
7772.260285
7509.080369
7552.699582
7841.211925
8234.890615
8610.356821
8621.414535
8912.554327
8659.272103
8706.539930
8617.635689
8896.450917
8937.704286
8953.705494
8876.471255
8704.434292
8252.296850
8000.824314
8028.755088
8191.006077
8287.869458
8660.508387
8846.363978
9202.621137
8967.470628
9091.670238
9106.934115
9314.568195
9684.639946
9528.429262
9282.772666
8971.896213
8639.894393
8044.399728
8191.006077
8749.007627
9430.239887
9881.584108
10731.936502
11448.469439
11917.084082
12002.861285
11886.176565
11045.529699
10847.344167
10659.492805
9842.981177
9394.240581
9391.692283
9178.065715
8863.537570
9114.380287
9642.677991
9104.284506
8902.600724
8536.416246
8459.896917
7853.939290
8382.449009
8471.310020
8734.815767
8361.707212
8800.548059
8638.630352
8387.117463
7662.870667
7847.223436
7420.373152
7350.692181
7578.195377
7934.760721
7956.321273
8223.029842
8601.018113
8326.228575
8205.091619
8318.511509
8277.249880
7879.248174
7889.249955
7942.911126
7916.949613
7859.476607
8277.249880
8449.665201
8544.293656
8508.108549
8846.200983
8850.677374
8517.700325
8508.108169
8872.247446
8527.942470
8218.157092
8621.115622
8690.685614
8851.145221
8900.378961
9560.987887
9695.505662
9868.254383
9400.818434
9161.252340
7998.061979
7608.202271
7347.022652
7478.185363
7422.174328
7838.150757
7770.902213
8010.263705
8232.659214
9366.695929
9350.915197
9465.497164
9162.269674
8890.706672
8279.203505
8409.879235
8388.165205
8499.506844
8428.783293
7900.086475
7868.551144
8093.878418
8088.301934
8549.305875
8936.583645
9132.433959
9201.705281
9860.531315
10188.365778
10578.085612
11104.459633
10546.844013
9868.290388
8794.175570
8125.437906
7068.927063
7235.432827
7198.032255
7902.732092
8312.335317
8828.687036
9012.653591
9012.653591
8669.691036
8317.704878
7912.300237
7986.875429
8092.073701
8100.667614
8092.591836
8239.560795
8128.301898
8061.082287
8133.908726
8452.581488
8369.785034
8405.057534
8288.319651
8363.292436
7999.412815
8594.590979
8927.264515
9289.111261
8952.767408
9075.479628
8479.884689
8460.207550
8323.476770
8449.966427
8742.109161
8962.888019
8594.424432
8276.103841
8102.176639
7500.829058
7512.540127
7198.261666
7470.585016
7959.922673
8749.150167
8929.014965
9469.287133
9550.608338
9252.159005
8455.138974
8338.706296
8265.372782
8221.995747
8247.197855
8702.537403
8694.736987
8267.177831
8042.005487
7765.274424
7383.337714
7090.708025
7951.088500
8511.014132
8997.835482
8863.327562
9044.888862
8214.246045
7844.035140
7400.635614
7705.167110
7882.599149
8139.985873
8124.689377
8371.026815
8376.799708
8082.021141
8007.224548
7751.830441
7646.713435
7838.853856
8163.122055
8291.630934
8590.222554
8935.476945
9527.184945
9693.770983
10225.525880
10515.936183
10561.138964
10013.387867
10144.144375
10549.758485
10804.831059
10534.653678
10540.626393
10041.844948
9126.449250
8433.771537
8439.863512
8396.484748
8340.608873
8332.797784
8214.459583
8077.461136
8253.437343
8138.984077
7938.837922
8087.551341
8228.732311
7583.838015
7785.184968
8072.242655
7963.604439
7837.387231
8189.691540
8191.389433
8312.119205
8683.678972
8673.367026
8722.891074
8505.176748
8087.906744
7853.974429
7800.103586
7907.077200
7970.425608
8582.166863
8463.461840
8726.797076
8800.048126
9480.529941
9411.645584
9553.874149
9352.204282
9051.786668
8610.243192
8703.682016
9089.251262
9095.839633
9190.434366
9030.316387
8606.817465
8393.202501
8667.345774
8554.704540
8738.618025
8473.222722
8176.922806
8035.195128
8175.926682
8256.782886
8365.646240
8524.015418
8290.264977
8402.821175
8312.186297
8402.821346
8179.633890
8374.751986
8186.604873
7981.091877
7960.917095
8097.923351
8110.359603
8296.673411
8896.117429
9273.455321
9442.074033
9673.907317
9617.869197
8897.701601
8363.588572
8124.282848
7824.281001
7707.936337
8119.134657
7990.493349
8229.989333
8144.266432
8171.683391
7985.754320
8694.253098
8023.222408
7948.253411
7580.489787
7457.622078
7040.470211
7717.048669
7772.410480
8209.946077
8298.323565
8174.149127
8021.812639
8191.345695
8138.400821
8624.489107
9415.830847
9427.882408
9468.399094
9470.621874
9159.892866
8394.006118
8176.790186
7799.524370
7426.916814
7225.510714
7174.288989
7178.348726
7263.541184
7606.370056
7524.780552
7760.330920
7992.037078
8317.748295
8428.844598
8435.990789
8450.106154
8088.368727
7993.916503
7869.243931
7942.562928
7433.812872
7651.833800
7237.974447
7263.448682
6866.335633
7198.376396
7142.804776
7515.915434
7632.481267
8243.873790
8228.131248
8311.560268
8180.510687
8218.509136
7959.065106
8140.566014
7953.028268
8192.757271
7848.639644
7993.210318
7957.736475
8832.314396
8815.023170
9299.598159
9056.579034
9264.232232
8488.356650
8272.293458
7490.596927
7444.759590
6890.816848
7330.253147
7668.896720
8503.865908
9259.606575
9554.147038
9227.570547
8824.716810
8478.773029
7871.426304
8091.068310
7730.714343
7634.874433
7826.216419
8186.492675
8169.042850
8564.477538
9293.096370
10072.862146
10115.968864
10025.363977
10153.828802
9832.098486
8749.543417
8386.189784
8425.231638
8435.276880
8677.846906
8667.580188
8687.318300
8726.890388
9059.407923
8682.645536
8687.568211
8549.763445
8496.003368
8100.611919
8439.540762
8183.831604
8292.491525
8053.626172
8152.384419
7946.793060
8411.480156
8617.298586
8985.219012
9016.951300
8946.506068
9001.549688
9031.249217
9128.287766
9260.634778
9494.566665
9122.753787
9033.688512
8655.794343
8361.015093
7604.307540
7650.412925
7313.401072
7238.430551
7186.811356
7371.313671
7321.848275
7749.025767
7796.654422
7654.066154
7799.868684
7566.679167
7303.068105
7283.725913
7453.370279
7669.899056
8048.300278
7708.149148
7842.361017
7866.005647
7923.975832
8288.104763
8843.765128
8638.266429
8517.474197
8598.862312
8329.884521
8355.817147
8551.549457
8612.391769
8327.480094
8266.458042
7765.933092
7718.187141
7685.089825
7849.870790
7820.552127
8178.192696
8301.166385
8740.102897
8924.459216
9358.045329
9733.379990
9721.646363
9529.591091
9351.869494
9488.279077
8863.360063
8714.832244
8422.027296
8287.237391
7687.224437
7855.484953
8138.947205
8142.771028
8183.217569
8336.136190
8557.060297
8927.331777
9269.724863
9449.843157
9434.077645
9166.733577
8749.124298
9291.141136
9351.376954
9193.414551
9484.009775
9596.751062
8752.027306
8725.941119
9070.344985
8941.711327
8969.476283
9594.455468
9633.054974
9544.195884
9914.295149
10337.388333
10339.407500
10397.212687
10502.166252
10360.104597
9582.142285
9293.387854
9231.261880
9496.454939
9250.899760
9320.072307
9003.890647
9102.131042
9383.467049
9806.452567
10018.138071
10754.268129
11264.532261
11301.820287
11111.908149
11070.339236
10601.693642
10108.575048
9281.932441
9172.595588
9313.407073
9663.554584
9487.886863
9944.241519
9756.804620
9657.777747
9032.591610
9058.365526
9161.217537
9476.281990
9434.704051
9776.700258
9343.998360
8724.091294
8154.522448
7861.866232
7139.676483
7225.381816
7185.848425
7130.751927
7399.846522
7821.141543
7945.220778
7840.188699
8515.238592
8823.962905
9167.698616
9088.573469
9670.171226
9435.112525
9215.257770
8754.359026
9017.842796
8582.453447
8875.580457
9257.314126
9500.857353
9307.075020
9657.777339
9802.453612
9656.156474
9487.886246
9614.117019
9159.225246
8480.575044
7568.535226
7528.759760
7532.994561
7865.677581
8061.170141
8357.609185
8490.020527
8897.192270
9502.310740
10087.983124
10516.845206
10667.566284
10500.710871
9758.799477
9384.823243
9044.574008
9012.747162
8402.036490
8659.296647
8564.385365
8597.870021
8283.257096
8640.880877
8615.853641
9029.064521
9340.071906
9766.791080
10028.234338
10291.893292
9680.079906
9539.385517
9619.036599
9606.044692
9340.694959
9734.137341
9940.335888
9885.050878
10078.332419
9800.982914
9650.599429
9531.877196
9296.704056
8692.471106
9121.316313
9800.104170
9548.931751
9940.335484
9875.836343
9383.631033
8678.678237
8663.292588
8275.714412
8528.183733
8540.241128
8704.593909
8963.577877
9084.714204
8765.691546
8893.751495
8222.895866
8017.611932
7888.600703
8293.441039
8355.311594
8796.261503
8944.421942
9187.835266
9260.519580
9521.708347
9656.587343
9559.983668
9597.269240
10233.883527
10123.070037
9610.196474
9349.297512
9110.136269
8317.340262
8089.156233
8518.384667
8562.337360
8526.806801
8370.341380
8417.496030
8231.789808
8340.255291
8227.694934
8281.318747
8377.892101
8760.391178
8947.949464
8975.819385
9290.802520
9348.409582
9001.916987
8835.703651
9358.342435
8704.459272
8383.730169
8439.560253
8314.560885
7853.569245
8398.272588
8722.780145
9159.777985
9411.198184
9553.600580
9019.729915
8938.600404
8511.104100
8350.924569
7949.317194
8523.916627
8391.189566
8450.332923
8620.862113
9380.626807
9155.281795
9385.003190
9687.506975
9477.860498
9115.748672
9227.092459
8734.937778
8236.076107
8307.073783
7830.280944
7444.608912
7431.086606
7444.608912
7593.114334
8169.265757
8859.120208
9612.830724
10224.318481
10099.413619
10156.448485
9951.086950
9302.065510
8881.116411
9195.182846
9175.875033
8903.183489
9057.589048
9021.932981
8869.975563
8840.689183
8881.116411
8991.386719
8975.818854
8947.949054
8665.121222
8663.039707
8555.903067
9017.147931
9141.750705
9575.208859
10467.037246
10927.622829
10870.419096
10921.267909
10919.841131
10075.185664
10005.883160
10152.765528
9934.946721
9378.722473
9132.388760
8626.256486
8026.458651
8190.952798
8317.578350
8610.399345
8903.602268
9160.936857
9279.825267
9956.190600
10211.648478
10218.925499
10205.474184
10005.492041
9594.138241
9368.930451
9216.730120
8536.140007
8071.291158
7425.972481
7460.940658
7336.171711
7796.764831
8028.552804
8386.519726
8382.258155
8745.869090
9102.121107
9406.875500
9846.353496
10135.533362
9969.330674
9484.590522
9344.245450
8774.413885
8311.663589
8297.488473
9101.332173
9417.107419
10114.116999
10549.052785
11106.589223
11209.447453
11466.934146
11838.716726
11980.082161
11989.616277
11342.711466
10361.738100
9265.554286
8702.059929
7845.527329
7811.646491
8256.846189
8387.358177
8111.017573
8305.255806
8617.571002
8531.976515
8640.921340
9033.456077
9225.609160
8863.422898
8748.989611
9274.235496
9347.948270
9084.913103
9315.955983
9132.263036
8574.361186
8196.802034
8179.256656
7775.423373
7938.177923
8129.602116
8781.387277
9568.635662
9400.646379
9530.939136
9440.222607
9096.884476
8439.961348
8754.859918
8677.903864
8715.158966
8622.849048
8577.760478
8486.573949
8407.239230
8739.944937
8934.812576
8881.684118
8877.351783
9079.421855
8389.016719
8144.600832
7913.026941
7770.860686
7574.292410
7992.310275
8332.625553
8993.905490
9413.261112
9525.870823
8924.619537
8433.806147
7942.978431
8139.068737
7791.072293
8172.239732
8262.602798
8846.160499
8660.179494
9069.928495
9204.250849
9360.356469
8953.317652
9052.202015
9233.950799
9398.712467
9728.119196
10003.260253
9661.509056
9574.272370
8990.567389
8375.315787
7956.248947
7841.129298
7623.476043
8092.368405
8486.746190
8799.246336
9050.677546
9388.980389
9523.789823
9405.706507
9217.649788
9243.099578
9213.707583
8717.091298
8738.562384
8552.665718
8432.160759
8281.613898
8683.309581
8524.621959
8627.756288
8729.883432
8667.019779
8451.033268
8826.337278
9348.857835
9364.673513
9243.297061
9493.434749
9135.277814
8587.254538
8344.122568
8741.341147
9080.094706
9768.050318
9981.877699
10361.582542
10755.405376
10614.649057
10312.782640
10569.265583
10601.593173
9732.989237
9242.501990
9152.288441
9186.213239
9367.946201
9783.251962
10002.850160
9505.749979
8985.349282
8472.876406
8231.764919
7839.738120
8157.122641
8449.941360
8772.879376
8685.510641
8909.120896
9108.251956
9233.294874
9203.127045
9458.698759
9399.405363
9124.639500
8675.720663
8628.161934
8531.105998
8740.790818
8944.396497
9154.279347
9039.430029
9195.465967
9264.929745
9537.116877
9669.830766
9580.931817
9064.265961
8617.314077
7920.768740
8033.468560
7938.621409
8383.557426
8803.111191
9091.946170
8922.422712
9480.214210
9644.556396
9759.115085
10115.150849
10338.506229
10486.535447
10083.447648
9677.625355
8923.333352
8516.039954
8111.941705
8568.793444
8808.232968
9250.502670
9703.153038
9748.606052
9349.020959
9513.461851
9995.444960
9878.506510
9605.803873
9710.635942
9645.180039
9075.246628
8616.247076
8699.423882
8950.441697
9290.775293
9292.950035
9451.047205
9383.969802
9148.535979
8713.152687
8496.339262
8360.222206
8465.139816
8433.638038
8398.104952
8766.424577
8912.840612
8794.147273
8843.577487
9049.158688
9186.823355
9287.513932
9823.633657
9908.933445
9793.955193
9793.955193
9582.164350
9186.823691
9147.302885
9059.869087
8571.499874
8577.552359
8654.398478
8814.788482
8778.967341
9147.857878
9494.002505
9270.432523
8821.057302
8609.827288
8399.631081
8268.549973
8492.378173
9218.455798
9226.435151
9243.190268
9273.139551
8824.230911
8054.627276
8434.343460
8813.985176
8843.477286
9286.881537
10073.778337
9732.110506
9516.815844
9667.990357
9734.640915
9234.222761
9481.537595
9642.674868
9442.833436
9652.635678
10222.279896
10328.807909
10538.959003
11015.783000
10978.313997
10632.094286
10626.199106
10289.790373
10076.027081
10278.061550
10778.186204
10746.756341
10883.591882
11117.369697
10992.905067
10377.471270
10421.081095
10673.771144
10474.328077
10457.996108
10469.761224
10537.438798
10568.824668
10866.037921
11014.558254
11099.861241
11217.947215
10468.182297
9686.507000
9237.509885
8809.921341
8400.813212
8745.624686
9056.551135
9473.448914
10510.405632
10587.509576
10602.588066
10756.938892
10333.466298
9454.887272
9287.101169
9064.051463
8272.843489
8025.313676
8082.362280
8484.709638
8970.662204
9865.141205
10258.773922
10701.848173
10842.029570
11135.984271
11223.245852
11850.200123
12366.466439
12681.320658
12398.488915
12026.128525
11228.781418
10532.855396
10186.595202
10073.017238
10360.092415
10725.812067
10640.652447
10404.815086
10263.880890
9701.814087
9228.767770
9391.325070
9476.592445
9776.598578
10154.407780
10813.208485
10779.124849
10931.664653
11007.136429
11229.953344
11171.226711
11103.723783
10820.686856
10328.067762
10099.954473
9378.307795
9172.477749
9182.476532
9459.092566
9545.712422
10127.557900
10256.322670
9858.566765
9695.312416
9242.693655
9001.201229
8680.419161
8983.697656
8873.970248
9095.783889
8695.936823
8660.320429
8686.511670
8979.424160
9314.041247
9654.279521
9935.347717
10218.100073
10305.944785
9736.279818
9560.464459
9612.016857
9362.669497
8965.880437
9413.129444
9325.971207
9095.046314
9460.397318
9479.924870
9265.841607
9580.874716
9772.750285
9871.732075
10791.002128
11731.500598
12011.906844
12079.040354
11936.931142
11042.894808
10205.935944
9913.382182
9776.692759
9621.920596
9570.691912
9505.515732
9337.289433
9210.527610
9299.724611
9640.756477
9445.249410
9488.169378
9830.821471
9828.347359
9358.946058
9325.600150
9038.577526
8619.025684
8183.799776
8072.287793
7907.851219
8056.827291
8487.917304
8998.421635
9225.743403
9310.954136
9132.458224
8481.444276
7810.820044
7605.278669
7619.122177
7872.180073
8638.104168
9312.887638
10367.346865
11304.873456
10988.247628
10689.430978
10604.344965
9693.940871
8941.858459
9565.554735
9828.034827
9958.645878
10923.023115
10927.243311
10361.445612
9872.990331
9311.048709
8204.902018
7943.517114
8062.099138
8101.855043
7913.664036
7824.062624
7902.970896
7944.525895
7946.835317
8314.549748
8940.509032
9247.069732
9476.750137
9789.233685
10052.400922
10170.451248
10336.593081
10158.758642
9857.682563
9161.140908
8582.395952
8305.724875
8329.167240
8103.688899
8420.324276
8357.906708
8171.931633
7990.274943
8657.175513
9556.743590
10179.001128
10582.328098
10817.978709
11043.158431
10875.496606
11022.753478
10714.503703
10684.367170
10407.931597
10099.038813
9687.352951
9620.633715
9368.874253
9091.680091
9101.937138
8990.510677
9356.814622
9819.451213
9761.967022
9467.483961
9233.658913
9064.890449
9203.836651
9170.118536
9029.801264
8894.766301
8577.998156
8036.039438
8151.166655
8301.413107
8819.893464
9787.668570
11023.529719
11431.458049
11679.213479
11670.301434
10957.956633
9899.301080
9859.845890
9759.023225
9988.435782
10356.091295
10779.356294
11181.287345
11913.773870
11870.075513
11759.717275
11660.954167
11483.024152
10981.949974
10958.567630
10853.835922
10863.246353
10681.714574
10327.845287
10104.455771
9952.338389
9777.903857
9509.126394
10130.341923
10370.318999
10768.193831
10558.494503
10336.796301
9681.815672
9182.529213
8774.784787
9107.145941
9449.881483
9554.176240
10034.512854
10099.611756
9982.829295
9733.520024
9917.699973
9806.264811
9978.759345
10714.624045
10914.440990
11111.935239
11797.950190
11966.019999
11699.383641
11853.370178
11946.274652
11869.108758
12125.943969
11505.576796
11073.525303
10474.692851
9859.208104
9412.259629
9770.034537
10138.622640
10302.196847
10272.424002
10315.623340
10207.065690
9999.409694
9951.956402
9778.068610
9673.930068
9679.508215
9920.742441
9970.190003
10343.267879
10362.342443
10253.768451
9733.520024
9662.934243
9647.695920
9553.072076
9534.913838
9966.098623
10250.844027
10476.353604
10955.078335
11623.336753
11880.599426
11417.829884
10943.668326
10516.182351
9681.817075
9525.528749
10198.193967
10224.141703
10093.553745
10235.700793
9887.550254
9383.396065
9775.838453
10265.841069
10129.387832
9826.545707
9533.959719
8948.138442
8610.044290
9101.262212
9943.613978
10788.752987
11576.984765
12293.260523
12044.288653
11549.231241
10957.792585
10498.996862
9838.517930
10040.158662
10204.311929
10532.920329
10882.565856
10929.869805
10846.269074
11087.963497
10935.633298
10665.563325
10788.641714
10708.956216
10698.956975
11108.797769
11263.181748
11284.427728
10993.746995
10558.764118
10180.589915
10515.045557
10804.057170
10847.341381
11181.652199
11458.623768
10876.049345
10745.305890
11240.160492
11502.718323
11484.955396
11667.322435
11645.766692
11669.616855
11384.692420
11153.201440
11770.069428
12151.983026
11774.500676
11683.379832
11780.093240
10792.020197
10040.304325
10073.648866
9939.322897
9965.162262
9975.505578
9938.231162
9659.005916
9550.579922
9726.837701
10138.419704
10462.510801
10846.137212
11067.959955
10941.901842
10510.436407
10012.345609
9519.860854
9459.977285
9305.984628
9620.918532
10350.669267
11132.413767
11205.578534
11385.472731
11745.761701
11448.913865
11338.005316
10702.546577
10521.123311
10071.160585
9799.962038
9651.491604
10565.490376
10918.230537
11161.702718
11706.055133
12081.881333
12281.832571
12099.893435
11739.802426
11652.590651
11528.057951
11346.237690
11545.592657
11652.825837
11358.101414
11686.743621
11205.842982
10602.321331
10321.334345
10420.761748
9872.735770
9910.117211
10014.609166
10231.289572
9972.331238
9630.051233
9550.820532
9541.181493
10089.094573
10572.417373
10932.217095
10612.013175
10835.388930
10066.272689
9695.657446
9664.226533
10474.007062
10624.225044
10763.121153
10967.169030
11622.271110
12616.975844
13042.125972
13018.454653
12878.393748
12421.250182
10903.597871
10045.331255
10216.966103
9986.965246
9264.933780
9035.524495
8817.916154
8736.374865
9166.012796
10289.577236
11596.978489
12636.306497
13604.734837
14311.001123
13786.904606
13129.500152
12757.889676
11966.614281
11082.821681
10585.836973
10107.795113
9450.545228
9605.224099
9725.754229
10469.402475
11051.059849
11791.301342
11670.957424
11653.110026
11655.278376
11809.497094
11463.729624
11791.611374
12123.660166
11878.552237
11473.024427
11611.540637
11553.258008
11066.783082
10883.008019
10521.108430
10006.281210
9577.707404
9715.965483
9575.871386
9733.707577
10238.580178
10564.684414
10428.196481
10194.430714
10544.742585
10576.281634
9991.124051
9899.845851
10673.602950
11032.369651
10726.792145
10971.706806
11001.010478
10312.768863
9556.628470
9566.728566
9573.380723
9650.345869
9650.345869
9770.714022
9992.098527
9754.666306
9454.106611
9647.923240
9736.809272
10059.500353
10331.565630
10986.635973
11878.685735
12399.007672
12165.472969
12349.955322
11519.041070
10650.534110
9700.652053
9311.185424
9085.920888
9586.623916
9543.254460
10297.260783
10631.506684
10791.866460
11250.995125
11509.977178
11359.593342
11363.946691
11537.003909
11295.942180
11101.828589
11216.949393
11565.212145
12087.870821
12430.067959
12487.504839
12076.068660
11834.753109
11386.689027
11048.411603
11317.429300
11699.606514
11369.063868
11081.993926
10792.779758
10614.636107
10362.757452
10383.398210
10194.673782
10432.416782
10772.533112
11057.248768
11253.231025
11315.594680
11208.692356
10993.016200
10537.969529
10427.377006
11008.119429
10825.684763
10556.808836
10683.352091
10631.971005
10059.727031
10550.236370
11100.444957
12255.761068
12835.321500
13037.235487
12553.913990
11796.596238
10640.942925
10498.623765
10164.586673
10059.501292
10757.756324
10814.657069
10411.397332
10634.331130
10672.117513
10305.875901
10715.470935
10723.673025
10798.299154
11346.420376
11768.117037
11484.805208
11576.051141
11184.229827
10986.456848
11020.229435
11147.974267
11869.899993
12517.790374
12446.485186
11932.239675
11661.053719
10859.418371
11346.327060
12101.865488
13176.400716
13479.437424
13924.245979
13242.956132
12312.728717
11242.158967
10767.782002
10486.299317
10036.839106
9870.478703
9668.634615
10172.876468
9955.252584
10476.431742
11227.957038
11661.305525
11115.477571
11180.865687
11111.853584
10387.467991
10556.157064
10892.307461
10872.218582
10488.916261
11062.739721
10975.502716
11058.293241
11069.814615
11322.683777
10796.315420
10111.426937
9674.490049
9552.086630
9616.252563
9902.987880
10589.803750
11004.884290
11652.123959
11945.599121
12087.905142
11666.727080
11826.790752
11154.045868
11000.020465
11359.761281
11676.230024
11589.671906
11892.005748
12059.445660
11570.479028
11588.616193
11756.422704
12179.940344
12250.583697
12466.449346
12740.949279
12660.404613
12120.331948
11841.488285
11419.846796
11083.267547
11228.086138
11683.385318
11769.280339
12311.085069
12608.291079
12586.323681
12388.369745
12141.600948
11756.048407
11419.339995
11316.890200
10998.423249
11337.084906
11321.155370
11337.084906
10777.048785
10563.607267
10340.119384
10902.876528
10811.496247
11339.276148
11365.239890
11133.552260
10534.329045
10634.955195
10967.583411
11156.795933
11122.849113
11014.472502
10646.415910
9860.845037
9550.485050
9207.700954
9116.178831
8920.250780
8991.510588
9385.488318
10202.005023
11079.201536
11817.914466
11899.952443
11824.152613
11468.482316
11066.814778
10726.459262
10918.853673
11585.439256
11448.347698
11254.114975
11386.714474
11206.660847
10467.168455
10391.912054
10340.119061
10678.678180
11355.497338
11637.971916
11764.325865
11644.217760
11224.441165
10910.188829
10528.149554
10330.917029
10079.572738
9723.669446
9234.567090
9535.697602
9690.068969
9970.967065
10340.537349
10673.162774
10801.516181
10778.073336
10639.892545
10572.506879
10993.757255
11130.934533
11747.675554
12517.606938
13015.706614
12742.741357
12521.226809
11945.012543
11341.464353
11052.338053
10709.859001
11278.075185
11880.248742
12489.433283
12517.606938
12647.838644
12046.104345
11615.388313
11015.931306
10956.891966
10515.345062
10074.117520
9973.424805
10191.344444
10098.408357
10735.475122
11483.447873
11980.351235
11762.980631
11719.394967
10870.568560
10301.073815
9895.747232
9994.823586
10091.811116
10411.808410
10327.489316
10359.537354
10228.718687
9981.424817
10297.786637
10760.770974
10801.368234
11036.987347
11070.396958
10826.918453
10520.900286
10207.554936
9831.912920
10688.628080
11138.004593
11306.254639
11465.104003
11641.267800
11308.971439
10745.192781
10723.614589
11008.644477
11105.264381
10883.525811
11805.741495
12302.525421
12623.882840
12357.152094
11842.456937
11100.494578
10566.341871
9910.377551
9793.794668
9869.065876
10116.011024
10234.449837
10346.780851
10514.733036
10914.401194
10735.991677
10676.676024
10920.882746
11150.684752
11417.764777
11868.805869
12529.535359
12962.542255
13271.082931
12962.542255
12855.911989
12161.420012
11111.465463
10756.886314
10784.678994
10450.355507
10446.444410
11567.420284
11660.376503
11585.215755
11901.286645
11884.008057
11026.337936
10838.670435
11374.714285
11212.626408
11520.597181
12209.257956
12468.321714
12246.466218
12101.982461
11683.153408
11290.752813
10966.274926
10789.795404
11213.239027
11982.716757
11965.865163
12418.977744
12001.720748
11407.808174
10731.193264
10947.781235
10954.432093
11602.585459
11978.495689
12420.059043
12837.430106
13244.997837
12590.545859
12390.484012
12161.273751
11194.644151
10502.014635
11332.983707
11309.062925
11376.163461
11571.193775
11213.237387
10622.146160
10752.334932
10267.058666
10595.485983
10682.623612
10597.686229
10358.309760
10374.078411
9769.678583
9791.351892
10580.423519
10691.376025
10840.098117
11116.264594
11106.415455
10987.679436
11424.954908
11656.734004
11856.257423
11978.495689
11072.569793
10247.452612
9843.633062
9621.032380
9715.872595
10249.925468
10841.296802
11389.631696
11696.357259
12291.941383
12653.635095
12895.396354
12578.538248
12252.386568
11578.100790
11109.394292
10535.134487
10418.422975
10594.413030
10732.978468
10894.940987
11032.319347
11508.577591
11632.613146
11872.250917
11798.725148
11654.541924
11296.470638
11058.624677
10906.269728
10654.826549
10813.309288
10989.095730
11184.598931
11293.413440
11609.796052
11995.272312
12078.688049
11846.882305
11588.043208
11532.743611
11350.570250
11421.429484
11634.143418
11873.234602
11726.586738
11700.838647
11974.511466
12046.526438
11816.236400
12025.249433
12167.667946
11540.772538
11405.866585
12074.415120
13098.964901
13992.825654
14712.804544
15285.159547
15560.465933
15012.116866
14445.877019
14202.790353
13679.724832
12629.484129
12063.439582
12374.691735
12635.704114
12757.391177
12696.257693
12486.501705
11837.360027
11006.720365
10723.703921
11097.258582
11410.090303
11172.454709
11568.346601
12007.641544
12138.172419
11667.344508
11445.873012
11229.754439
10662.181761
10770.822919
11596.142744
12456.597637
12791.078019
12716.106538
12146.387172
11764.110447
11322.986720
11091.712739
10973.622936
11037.114209
11090.335884
10930.423185
10518.906101
10743.951352
11095.931682
11262.645232
11376.537489
11867.907332
12442.038842
12546.754088
12616.213743
12719.086207
13265.028284
13462.175651
13244.644187
13068.318286
13657.990817
13197.244061
12292.832073
12041.008673
11993.930529
11401.898750
11141.041727
11282.874806
11770.734631
12135.250710
12145.602288
12250.162527
12691.175646
12586.726473
12448.472402
12546.960682
12562.726247
12278.211598
12135.395542
11564.088590
10853.596700
10408.417861
10354.644355
9808.885847
9737.320227
10287.056612
10793.928536
10824.378928
11536.228949
11716.433441
11431.358070
10987.999486
10709.358963
9997.268853
10284.298559
10246.831006
10565.233356
11068.946064
11884.066758
12358.641595
12645.740940
12720.753124
12422.495507
12146.126046
12122.172910
12056.353937
12159.611567
12524.352581
12698.102651
12567.599866
12779.536507
12905.781280
12891.162233
13209.438868
13314.241754
13949.364101
13162.272392
12562.064598
12049.902523
11258.183662
10360.167880
11172.713680
12203.575009
12502.619085
12749.820981
13011.115065
12841.132549
12231.963285
12416.352201
13005.737618
13599.091941
13136.646790
12461.628420
11915.244669
11062.729124
10065.675144
10107.435535
10439.048882
10439.048882
11101.711322
11618.385902
12462.953582
12718.268438
12743.652594
12245.402523
11849.635593
11046.274963
11065.689125
11146.916948
11138.695636
11119.140757
11131.294754
11062.640554
10682.435827
10577.448446
10551.512745
10872.133174
10818.542844
11010.634514
11279.322333
11451.488435
11487.682832
11738.603399
12032.854412
12250.548060
12495.737327
12986.712622
13168.569552
12895.708700
12537.444314
12405.298196
11944.189119
11875.523693
12136.597465
12281.169423
12526.536646
13113.846571
13204.119683
13187.951713
13022.144874
12582.447749
11868.628265
11583.556687
11645.016069
12343.516211
13077.351229
13243.666000
13516.927539
13567.260519
13357.241961
13210.661094
13066.692600
12824.534224
12844.122671
12250.546831
11570.033794
11528.494259
11790.136653
12092.628637
13137.156516
14302.261592
15513.648660
15841.057244
16082.653661
16060.688375
16102.392274
16787.028983
17892.924595
18057.161855
17734.347470
17083.970963
15330.751501
13907.926425
13316.163220
13210.905873
13116.877843
13473.142827
13999.589378
13637.979272
13137.074210
12953.257366
12555.375300
11663.442357
12081.308576
12757.847688
13325.656627
14026.423178
14770.045091
14662.522534
13760.944262
12690.422052
11683.520740
11430.955052
11240.874833
11470.042884
11497.739470
11628.641460
11497.648482
11266.387091
11244.289479
10965.696648
10882.725968
10408.683321
10857.841740
11103.017514
11811.376056
12055.086853
12438.327563
12375.521650
12174.972476
12484.258348
13124.914009
13277.164105
12970.579064
13067.557768
12722.762089
12171.366937
12366.154932
13209.070537
13780.429114
14240.153902
14362.779332
13991.568630
13107.524003
12478.475999
11947.855181
11801.765613
12258.228648
12975.006839
13140.819487
12903.359206
12446.051707
12051.367510
12231.564430
13224.668680
14301.675075
14908.516268
14994.556267
14499.709918
13791.084556
13041.415999
12620.361924
12096.886560
11487.891881
11206.768748
11266.386660
11567.191211
11736.071727
12062.573298
11603.634016
11513.083818
11756.103312
12514.674278
13128.513482
14323.122705
14527.119255
14224.694447
13544.723744
13038.187226
12255.147565
11993.829107
11914.734278
12147.887651
12406.776047
12636.752597
12616.946321
12842.884250
13485.585043
13560.861817
13200.364468
13582.660653
13736.436886
13370.192021
13171.908574
13118.971839
12651.988791
12001.498484
11444.232249
11237.935563
11524.907668
12298.690774
13414.339256
14389.174990
15054.121277
15355.150412
15157.586338
14348.557673
13413.887294
12755.033319
12244.645195
12375.375025
12101.839659
11741.451111
11502.485565
12212.869401
11987.560424
12670.115479
13484.462454
13769.288828
13480.229531
13355.233878
13337.904185
13552.440130
13686.736720
13326.670152
13122.693490
12428.521194
11918.071176
11613.723981
11301.003610
11332.810770
11906.488894
11919.239332
12008.035498
12172.486374
12304.882990
12202.362175
12159.075950
11949.505065
12426.574840
12931.144278
13593.528291
13960.084464
14686.270758
14826.911304
14561.491335
13777.742955
12940.037913
12337.325928
12028.222648
11563.501214
11317.652992
11660.880938
11510.233914
11312.827804
11296.655258
11354.094632
11514.837322
11978.005698
12490.030119
13507.534675
14369.768938
14929.075147
15789.530787
16227.190454
15694.753016
15035.877046
15109.423612
14238.218672
13298.895647
13084.967924
13732.287381
13258.160044
13369.165430
13754.552651
13928.627420
13121.922001
12748.789198
12416.394291
12396.598138
12050.437006
12145.650933
12396.128358
13029.184608
13353.695845
13492.235361
13576.886728
13474.288497
13177.363704
12437.822266
12399.559041
12738.664256
13945.166860
14105.491604
14512.940697
14759.846889
14562.038559
12986.962663
12646.709082
12844.303773
12536.007862
12203.357606
12739.305878
13176.619390
12954.885566
13507.431414
14150.189596
14584.888148
14480.008819
14062.638888
13382.178019
12933.017955
12210.551634
12151.369870
12938.610850
14165.382323
14125.296448
13905.608998
13344.950918
13438.415230
12672.184430
12502.391960
12466.010163
12697.418568
12380.463683
12561.442816
13204.103755
13548.813287
13687.564641
13870.318790
13639.964975
12933.796480
13004.365128
12650.777917
12044.815931
11965.801811
12632.243371
12840.454416
13521.214801
13756.490099
14049.073553
13839.462865
14124.904136
14142.605661
14154.496041
13762.438155
13875.072163
13667.166582
13252.058297
13435.982915
13700.964590
14070.666007
14456.608683
14070.666007
13774.596697
13574.471666
13617.747596
13248.959527
13577.410487
13583.309426
13654.792854
12782.298219
12417.938150
12495.115403
12540.425993
12439.303071
12552.342296
12569.392388
12703.490555
12927.429734
12689.868256
12600.923426
13162.578736
13366.523473
13872.223784
14855.337811
15287.516426
14708.534686
14120.619561
13474.129531
12647.096332
12083.275778
12031.966230
12480.555906
12567.801801
12358.224440
12358.224440
12636.769108
12547.370795
11891.163652
11835.501255
12437.376577
12409.054111
12310.248099
12697.906432
13475.355117
13571.082023
13624.110782
13412.751155
13550.979571
12966.878500
13003.013386
12314.672397
12061.777391
12006.325796
12437.751195
11942.805942
12393.082874
12972.107859
13516.455902
12970.657871
12644.317557
12661.523852
12888.703385
13051.178038
13244.886777
13870.884014
13797.345540
13378.087998
12804.324434
13043.661653
12631.868205
12346.903296
12344.886150
11860.059760
11706.046940
12238.088795
12576.792387
12527.370240
12634.521366
12388.677870
12268.078917
12570.680330
12738.818998
13108.264344
13209.400269
12752.015216
12544.876203
12289.036296
12148.424066
12518.507102
12641.700984
12456.997041
12734.191177
12846.616610
12615.551790
12356.703386
12190.894409
12210.751074
12248.775749
12646.291287
13316.776615
13863.768581
14377.871065
14668.662869
14533.944952
14704.035034
14852.218872
14072.968514
13283.634333
13142.395805
12988.441485
12988.441485
12982.509524
13055.543146
12622.397474
11971.756166
11604.901531
11846.472072
12363.045307
12750.441314
13338.214536
13198.921273
13060.530774
13074.211696
12991.266776
12331.684116
11985.167139
11664.352014
11312.747786
11253.103503
12062.201306
12435.102300
12883.929660
13262.067375
13147.264644
12789.470673
12703.394036
12552.899851
12871.479035
13079.383865
13512.649723
13562.125393
13486.859488
12642.108472
12345.091393
12093.749444
12323.500693
12530.750845
12733.345664
12320.000169
11696.408226
11169.257013
10850.246326
10575.745903
11052.106410
11582.732169
11674.446203
11707.998300
12230.858969
12337.665111
12608.688701
13176.535185
13020.489953
12559.439285
12887.962963
13370.208131
13927.611916
14212.296086
14299.500019
14543.197198
14121.233245
13324.594040
13199.611801
13108.209366
12566.212755
12065.650920
12331.217168
13350.456290
14078.139580
14679.198586
15069.424664
14816.474449
14349.553221
14531.809956
14556.712131
14784.706092
14997.001289
15295.814825
15309.723715
15606.422225
15122.090245
14815.446666
14019.353797
13408.737999
12544.442651
12620.870221
13135.772746
13780.127094
14112.703450
14550.257953
14937.947105
14642.218885
14118.180518
14260.038381
14604.125126
14137.265997
13970.483332
14431.106327
14281.227803
14305.096231
14320.400209
14509.159910
14884.536361
14773.951899
14048.581542
13759.186302
13555.443078
12904.725492
13567.443604
14119.186287
14349.258105
14306.222541
14023.395146
13174.902422
12454.380413
12573.077483
12975.923221
13304.366085
13714.259000
14202.696629
14552.870264
14477.867015
14305.922567
13765.436152
13465.193097
13037.676409
13267.181298
14056.389419
14681.257917
14254.617282
13951.595753
13636.467260
13098.239650
13068.338831
13865.658990
14125.055226
14493.401937
14699.333194
14331.310803
14192.829769
14547.114731
14448.307339
14457.839507
15455.389765
16438.881996
16429.347427
16413.863314
16457.650582
15638.409570
14756.082019
14835.118673
14822.241752
14048.771301
13833.290302
13554.073929
13190.103612
12982.394722
13316.419087
12823.981337
12378.290924
12552.623411
13341.312891
13887.332862
14396.149456
14475.496109
14125.055226
13381.489382
12896.133608
13064.947008
13207.370582
13422.884031
13626.287466
13695.501930
13404.871402
13841.905764
14184.299227
14349.454206
14408.614246
14888.086113
15518.393966
15987.363967
16141.785281
16701.571970
17309.017811
16511.589734
16086.750210
16052.071600
15379.520679
14564.487435
14718.829860
14633.847633
14059.006796
14041.340111
14063.073258
14134.604376
14219.290369
14547.388181
14307.654280
14012.865731
13358.456713
13087.199502
13108.359960
13603.318218
13666.501180
14388.556809
14416.588917
14150.791878
14041.726293
14065.617112
13972.786770
14348.930664
15090.057325
14882.808633
14752.165721
14595.110965
14144.311835
13409.387917
13494.268950
13935.284043
13994.981599
14137.175010
13916.665483
14436.657092
14763.786696
14498.664836
14134.620473
13740.460931
12845.768087
12110.150109
12376.902388
13087.194120
13777.158496
14232.592443
14192.819084
14044.359256
13765.424884
13630.655741
13543.295114
14119.003062
14417.997808
14182.476895
14645.450520
14708.770733
14661.701406
14293.064226
13905.904101
13839.240096
14399.204109
14388.767406
14357.154630
14871.639017
14636.218303
13763.585479
13128.673497
13158.375437
13755.650739
14256.816096
14154.593869
14065.334050
14128.614112
13248.385035
12635.713267
13410.634088
13928.898501
13889.412742
14283.507336
14793.619171
14945.738283
14985.216408
15398.671922
15798.450971
15412.612597
15355.182144
15325.785799
15083.992417
14251.533018
14377.764153
14462.805976
15145.703815
15539.453909
16520.424705
16711.256763
16588.137780
15611.037120
14950.366598
14794.341742
14971.853391
14678.795378
15215.180070
15826.887574
15052.917912
14577.152220
14803.042843
14472.415302
14110.011639
14499.998424
14643.369069
14085.356448
14689.121465
15437.498842
16677.484411
17663.385544
18064.925522
17623.737050
16992.399743
15558.192812
14266.027427
14048.634148
13745.410933
13547.825098
13296.281331
13495.975147
13581.249809
13361.353313
12995.193920
13339.363625
13299.080442
13275.049848
13985.460803
14900.864069
15170.344737
15845.144025
15937.028802
15620.276877
15418.659545
15697.206959
15376.155933
15057.257290
14898.858329
14839.156101
14447.894685
14169.300495
14580.686114
14782.598947
14598.792573
14799.781724
15173.372210
15341.440705
15359.749553
15370.892908
14912.113440
14674.088978
14330.159807
14142.365956
13965.752689
13972.042966
13410.198109
12998.740083
12749.369783
12154.166769
11518.965144
11602.434480
12384.115003
13197.248902
14483.382404
15674.688138
16497.228637
17116.450240
17124.447754
16606.241483
16329.258727
15780.411546
14804.975651
14401.133377
14393.713350
14711.925856
15498.741365
16157.282521
16626.074174
16557.471430
15912.071160
15500.504277
15193.989239
15061.105497
15419.377459
15724.681155
15044.922525
14537.975497
14484.445837
14106.780822
14202.108072
15183.708702
15948.906689
15790.480452
15595.199858
15426.684518
14398.093791
13460.495638
13507.980731
13769.109027
14073.515956
14890.062789
16026.272826
16437.205602
16445.235262
15725.450567
15212.711868
14672.610860
14114.414926
14176.182378
14500.360468
14436.234342
14274.259021
14363.085132
14262.444216
14163.363517
14255.513450
13616.270786
12957.756813
12811.369222
12284.954571
12012.433726
12067.836417
12266.396009
12883.078375
14184.913310
15186.141073
15896.099439
16247.034296
15801.358978
15346.012865
14786.901327
14838.213325
15066.115547
16177.521562
16953.258578
17574.737477
17376.975955
16868.172928
15550.722571
14795.046081
14158.388831
14961.922905
15959.042633
16882.651591
16593.741870
17065.028278
16525.445190
16082.253547
15568.018796
15324.473980
14576.507293
14483.587821
14691.061000
15703.713038
15733.873805
15401.788952
15175.791346
14376.670200
12821.728733
13013.923992
13444.561509
13998.339729
14954.406458
15419.077457
15535.640848
15968.536756
15752.613402
15638.310788
15814.473516
15638.309801
15442.812932
15124.166607
14242.264141
13935.258158
14271.817691
13916.185531
13364.107945
13510.226478
13508.803151
13355.769595
13596.966199
14589.558094
15236.529717
15505.306269
15200.309754
14758.977906
14646.186189
14803.027483
15398.349254
16173.643460
17151.291511
17687.376442
17776.605138
16978.784822
16343.757288
15544.932594
14923.350716
14660.336521
14769.281563
15052.118894
15750.971510
15768.945185
15948.593817
16591.855907
16346.176448
15850.981305
15785.976237
15548.035804
15396.002407
16436.609454
16612.051082
16416.499458
16576.745941
16654.106850
16070.673478
16351.047797
16550.648500
16058.174431
15460.506890
15474.779729
16171.269941
17134.891530
18038.974684
18919.499857
18740.917369
17226.089111
16211.347906
15769.698989
14852.040679
14679.166634
15355.012691
15809.707281
16342.355242
17520.969733
18472.684681
18702.067756
18375.953043
17277.729966
16057.095511
15643.377796
15913.488325
16808.199268
17439.170410
17225.788291
16402.210717
15052.120315
13843.042625
13255.763958
13073.535019
13462.582666
14200.456191
14643.292048
14809.677017
15986.773467
16165.902912
16520.235026
16324.179520
15977.883640
15362.794632
15342.633420
15196.793617
15305.397985
16338.617709
16497.013573
16637.352116
16672.045111
16705.723034
16624.424519
16643.991290
16592.644130
16283.802434
16471.651495
16734.776753
17037.478948
17035.954061
16843.207380
16866.639829
16235.826592
16281.013206
16201.771300
16936.983107
16822.053099
16394.681142
15433.497574
15047.545586
14374.562139
14117.785158
14488.699524
15109.225982
15605.439537
16393.966556
16884.279740
16638.544881
16049.967174
15406.541486
14405.980695
14053.346972
14619.275380
15074.456540
15586.926281
15930.094882
15700.378091
15077.138371
15534.295542
15759.834859
15862.468403
15696.325309
16201.232752
16738.814866
16742.927847
16103.857709
16286.164193
16211.392872
16339.580260
17296.866407
18592.077711
19163.275402
19098.391709
18267.264153
17254.262351
16609.200544
16015.518036
15631.552534
15493.118030
15467.578913
15665.320800
15453.083036
15264.979640
14582.439806
13816.504461
13521.275613
14146.060978
14565.377452
15179.391896
15893.034971
15932.140509
15526.614073
15765.736708
15680.844839
15122.892867
15105.571022
15233.735950
14507.993967
14011.626200
14150.168888
13757.697302
13971.670671
15510.582805
16758.960575
17574.382574
17830.912530
17396.166135
16581.458571
15948.309322
15595.540726
15482.060389
15341.638031
14926.063481
14674.989539
14837.480273
15276.220375
15917.698666
16368.498539
17185.727532
17272.627869
17309.025039
17706.985473
17153.321431
16497.864893
16282.415629
16617.028738
16694.313934
17596.389087
18351.937602
18077.196286
17373.621016
16511.226078
15955.274576
14772.166077
14378.359606
14577.648095
14667.022214
13877.315339
13996.245804
14710.550885
14695.211201
14370.672987
15253.472696
15597.721851
14847.550001
14757.580423
15071.993299
14959.464135
14316.463184
14302.237549
14158.898880
14008.235946
13753.362594
14798.155884
16440.200705
17250.544285
17736.889481
18585.761412
18585.761412
17938.632362
17241.915032
16660.514194
15904.703355
15447.652136
14963.365552
15644.498995
15879.857127
15638.558602
15572.943638
15341.873757
14884.657482
14928.780199
15233.403219
15368.161947
16135.430827
16592.393055
16968.282684
16884.592307
17363.799607
18167.362367
18829.236417
19713.720357
22071.985022
23419.489275
22539.312196
21505.842162
20247.239123
18364.162773
16504.605022
15837.470812
15505.272084
15346.725210
15113.690300
15394.615183
15649.734774
15930.773367
16405.240564
17334.931063
18286.627872
19734.830249
20496.072452
21425.824408
21085.576866
20131.738409
18030.863237
17145.599843
15683.235110
14854.396261
14407.602040
15060.314711
14921.288300
15389.865264
16236.629431
16196.934451
15376.381156
14641.491743
13553.027201
12029.428006
11987.934092
12937.570755
14602.719410
16074.812415
18199.548137
19056.472017
18581.544234
17617.241208
16942.381901
15614.685132
14560.630164
14188.631290
13616.166228
13002.978580
12874.334994
13448.282895
14041.369790
14815.476104
15741.126845
15517.685875
14817.346815
14702.427985
14372.518584
14162.768399
14401.729815
14702.585065
14633.766857
14571.507055
14405.618946
14826.792234
14943.132470
14773.150092
14846.091900
14895.495790
14752.975213
14705.619448
14338.069487
14031.373190
13840.808839
14288.535036
14626.882421
15091.640765
15284.307686
15240.767338
14730.624413
14271.687767
14186.312740
14100.909887
14405.740774
14542.638570
15185.289756
16354.227865
17691.792261
17363.370841
17090.186180
16602.021092
15853.507268
15002.699295
15794.405583
16441.015340
16774.975692
16683.831656
17271.665993
18060.921826
18496.687707
18215.361847
18078.699064
17382.563443
15964.160266
15195.988501
15678.373297
16866.320819
17596.704766
17517.499473
16859.132434
16530.244554
15626.188157
15244.668104
15650.029094
16279.817679
16455.415950
16683.226282
17251.029519
17514.061681
17589.419676
17083.432031
16390.197769
15095.644014
14333.938096
14385.724080
15917.353726
17885.339907
19636.787644
20629.836752
20164.971393
18286.931404
16822.808266
15907.637012
15480.363491
15540.105906
16366.928936
15890.351306
15268.283592
14983.471567
14685.352179
14067.941529
14146.537790
14292.243221
14405.714787
14931.560461
15307.699419
15826.056627
16183.244629
17004.493887
17886.514905
18488.046061
18660.476365
18459.329672
17908.705275
17430.285334
16753.622482
16035.799104
15994.657543
16063.832460
16257.935210
17035.657360
17848.271325
17955.294141
17860.570526
17802.646035
17801.427233
17969.448439
18775.253213
18846.673458
18239.107782
18053.675654
17999.470402
17667.515685
18235.131828
18550.027726
17808.648208
17042.365052
16598.235027
15983.167437
16276.375782
17645.004818
17837.238755
17674.742395
17047.132730
16206.254680
14881.240658
15428.840259
15879.011321
16537.729201
17538.520159
17912.522076
17495.479267
17694.608345
17813.382938
17384.236257
16958.677139
16810.035374
16417.887623
15917.699586
15745.495023
16218.474856
16912.576673
16696.195574
16838.153698
16449.133414
16548.110082
16834.613482
17551.008912
17864.910395
17851.631690
17055.966417
15959.591500
16026.450638
15998.701770
16820.060870
17682.140075
17709.990394
17290.155465
17165.473793
16997.102642
17331.296062
18120.534421
18373.551842
18669.170008
18373.553194
18049.221123
17912.523193
17805.611261
18276.784635
19065.965656
19572.317568
20183.746603
20522.357199
20146.855431
19720.339911
19837.914404
19620.188936
19234.019487
18927.718320
17969.687388
16961.285272
16498.007389
16433.810068
15913.534172
16016.115689
15458.591060
14655.310197
14370.104818
14510.534331
14493.145943
15270.613514
15612.897735
15625.773516
15210.228552
15188.170733
15084.734494
14990.436621
14369.137319
14814.394295
15656.507610
16193.219086
16877.659352
18012.969965
18551.462586
18039.284299
16957.230643
16657.013028
16778.790381
17148.922979
18456.027418
20640.323057
21597.536332
21996.978271
22255.930855
21472.367166
19867.997736
18941.692504
18331.506682
17915.374267
18356.301302
19088.713189
19252.995361
19411.538121
18744.476501
18687.515174
18131.851093
17733.876656
16803.584398
17079.073385
16585.900779
17458.505377
17889.869343
18468.799300
18597.048463
19103.314255
18056.965274
17129.464847
16767.021596
16664.040906
16019.214511
15734.093043
16258.421353
16026.815545
15453.156391
15267.723654
15637.993451
15814.161393
16165.195998
16153.821285
16258.423971
16779.004973
16549.163930
16429.505570
16720.387364
17760.718607
18605.535083
19731.398476
20276.153056
20661.385363
19617.264080
17743.158892
16020.240186
15231.151647
14216.907932
13514.147752
12839.477938
12874.606496
12977.484302
14170.801577
15013.017681
16495.752297
17073.437514
17720.548067
17319.164727
17486.993226
17708.988625
18919.617646
20147.690729
21249.874386
21732.772631
21778.169409
21488.680367
20198.718972
18739.007158
17436.604272
16715.014139
15743.551234
15475.245708
15012.279387
15342.645817
15482.877509
14959.085722
14418.578478
14365.287029
14094.233975
14413.159560
15765.977699
17547.280654
19413.089374
20116.725264
20289.540226
19802.725407
19393.620356
18069.733209
17834.157731
17848.143943
18729.185600
19656.654283
21211.707206
21413.424299
20875.638558
19470.876538
17920.742652
16626.905060
16725.829021
17133.962316
17633.768954
17610.775120
17412.603899
16366.186537
15932.696114
15578.583877
15325.913723
15903.751055
17181.200812
17790.944331
18174.157907
18238.941208
17815.684012
17200.592398
16622.751471
15940.061079
15584.228218
15329.211839
15250.345491
15598.354557
16150.217608
16132.798536
15751.328152
15620.672475
15715.991697
15576.897537
15932.696905
16548.342526
17302.099572
17217.355506
17665.868816
17949.007714
18332.184667
18471.101575
18455.674094
18522.627951
18336.601975
18577.638875
18237.490289
18672.396946
18763.253851
18892.147017
18391.654614
18154.458234
17703.120113
18551.611724
19411.219839
19915.774705
20088.203868
19880.254436
18906.856724
17732.529740
17553.600137
17963.759843
18094.572879
17429.795313
17663.146543
17194.604868
16746.875299
16745.208535
17156.926543
16743.048794
16610.450910
16086.508542
15229.749581
15472.692709
17079.872570
18417.654502
18785.683732
19346.212973
18872.871804
17784.577064
16379.330999
16284.270284
16629.947860
17125.273793
17658.941783
18832.315856
19811.155648
20674.115543
20974.487027
20907.748829
20757.602840
20736.230856
19853.893704
19313.690900
18718.413850
17398.570875
16420.289780
16493.905602
16566.307995
16401.733099
17768.069687
18517.996122
17963.842519
17682.878167
18285.250584
18540.649431
18285.251790
18260.785937
17980.440963
17307.848565
16575.815226
16678.221936
17191.405493
17290.130263
16910.940440
16602.273990
16316.610741
16089.212010
16194.210901
16661.863767
16378.743980
16196.432508
16289.707238
17031.532585
18002.593578
18952.065359
19304.438302
19662.830195
19403.446641
19164.931037
19254.012952
19491.868936
19149.278855
18884.043523
18648.758220
18161.975159
18178.150046
18354.132372
18425.323483
18442.278103
18927.142203
18331.681721
17993.388390
18030.805424
17465.162270
16637.623704
16378.742111
16889.676615
17002.096105
17587.202176
18327.333311
18902.573881
18657.567843
18914.045169
19591.353402
19506.640246
18478.039757
17951.617298
17029.862275
16028.847214
16250.242424
18127.836819
19443.738298
20327.880373
20115.851166
19494.604520
18369.316451
17211.513511
16764.496461
17413.470233
17271.387939
17017.862908
16871.638168
16370.976530
15747.013374
16040.258506
17363.766511
19421.267422
21202.220171
22550.083839
22642.448294
21442.241186
19579.973128
18207.333329
17416.353704
17787.981061
18833.106216
19476.302935
19695.676480
19408.399085
18858.389579
18519.966187
18155.776614
17638.184573
17112.314236
17377.571916
16871.474051
16172.799084
16519.624188
17294.784121
17920.135827
19135.058392
21063.712979
21913.073929
21805.474089
21086.796766
20037.019635
18928.611798
18293.950639
18540.567281
18455.606514
18892.342062
18844.722947
19015.191404
18824.584346
19473.182221
18833.960994
18436.292239
18311.430070
17471.717798
16617.097234
16662.909999
17271.851547
17734.397165
19003.174036
19925.926838
20091.855665
19708.602740
19264.895673
19236.954791
18687.275818
18319.274602
17545.803728
16633.402458
16489.920331
16585.052807
17574.261633
19045.551693
20632.461523
20102.717279
19426.240004
18356.040536
16999.084231
15995.803619
15884.504979
16355.198982
17034.109866
18043.457905
18712.053821
19288.059087
19762.818662
19677.609730
19149.405609
18206.598509
17638.377330
17341.220392
16978.080027
16882.561620
17120.068932
17411.998919
17423.407456
17561.850847
17694.637188
17692.611344
17868.244732
17312.655791
16798.139631
16968.456142
17233.434598
17252.459595
17149.817880
17102.771145
16953.974434
16312.773728
15245.278306
14497.934436
14741.338761
15328.877584
16100.095867
16651.189380
17266.445415
17171.294722
16963.604408
17797.177540
19719.239382
21738.868227
22746.349433
23074.679361
22789.746272
22068.031137
21143.860404
20409.528336
19831.596881
19135.292623
18595.132350
17980.205892
18486.390092
19101.594763
18614.996872
17515.625878
17373.308379
17347.426859
17458.316439
17602.524714
17290.006905
16978.783771
16268.578962
15530.214133
15865.035863
17309.406573
18691.196638
20164.910296
22096.261254
23046.971224
22708.524659
21751.026981
21042.954467
20206.108882
20105.153929
21005.218259
21507.361059
20676.453171
18971.839109
17121.551241
14950.360871
13306.033519
13321.844688
14401.892775
15902.112616
17627.052730
18280.295759
17908.017970
16730.966087
15282.689199
14275.558356
14821.623554
16354.754424
17201.719200
17840.362531
18417.210545
18341.969779
17534.461541
17552.753824
17815.733988
17689.007669
17936.534896
18183.793534
17663.492389
16585.492125
15576.494502
14436.230816
14018.822106
14230.580965
14958.730964
15496.253676
15759.916467
15652.949510
14960.257886
14456.151704
14329.809859
14724.895647
14677.756435
14547.076825
14463.767555
14339.313788
14408.711135
15114.639463
16737.748596
17687.317134
17543.439325
17129.839810
16683.180408
15693.479089
15295.983753
16161.718403
16637.042443
17367.051259
18594.065760
20459.186212
22559.622457
24385.735361
25523.346633
26380.016223
25503.953987
22836.909912
20714.387337
19183.110592
18456.551620
17984.202944
18369.970617
18119.174780
17293.592620
15554.897860
14848.012433
14472.834920
14942.195933
16480.934944
18534.548548
20272.126965
22050.989546
22828.452852
22917.458906
23131.248135
23358.817128
23519.807354
24530.496680
24852.975106
24601.718566
23913.390576
23390.190949
22786.850709
22861.994042
22338.381943
22921.345658
23686.209563
24588.781236
24214.213768
24605.849095
23997.829034
23309.439492
22688.035086
22140.396413
20988.539872
20523.083388
20124.955227
20447.632098
21921.455587
21998.408826
21393.578007
20643.250796
19179.086362
17463.967017
17906.542242
18331.999276
18709.216403
18420.483084
17569.932530
16966.229543
17432.952264
17471.749936
18100.789336
19363.293698
19262.768852
18379.893108
17747.910099
16831.727020
15676.228173
15662.260732
16336.803128
16733.920003
16819.416766
17384.572933
17797.812574
17162.962638
16457.886982
16404.331921
16021.773208
16036.490341
16722.614356
17383.201781
17681.545841
17930.261239
18298.789647
18659.133304
19128.265809
19822.527849
20418.178543
21409.665847
21860.712235
21987.554439
21634.799940
21074.740995
19464.754506
18726.254622
18518.696287
17715.225349
17145.608653
16645.055110
15712.921690
14528.439867
14688.412854
15210.595757
16755.560912
18965.394723
20652.506054
20717.819202
20743.743603
19849.508507
18220.887763
17517.831705
18927.007838
19336.289930
19450.714424
19779.137470
19153.395073
17277.902154
15959.814520
15301.118448
15123.424457
15871.664661
16643.234417
17119.773773
17994.023377
18209.371214
18346.995557
18719.063661
19049.548131
18782.328210
18215.053155
17972.869549
17359.041636
16342.437437
15012.380191
14302.140291
13845.871474
14073.427476
15349.571859
16449.600501
16724.739800
16253.183911
16096.890769
15459.391842
14945.378829
15064.423612
16201.914772
16429.603408
16039.973838
15590.394735
15275.975707
14869.012904
16556.973149
18526.467550
21122.909775
23421.570436
25536.976619
26642.872581
27717.428922
28221.934809
28148.738082
25628.181348
21888.960027
18774.976046
15801.342145
13451.202674
12826.872372
12880.976829
13414.447824
14544.163065
15729.487619
16329.432358
16470.295890
16418.489776
16311.982526
17198.123596
19476.500833
20380.596280
20996.076106
21431.696566
20345.035058
18267.758937
18072.420521
18469.856286
18391.091231
19245.490525
19993.427247
20547.625671
20492.120109
20231.291867
18897.407944
17674.208005
16215.513564
15570.483619
16173.766848
17448.078252
17668.945045
17670.549082
17130.288769
15859.292081
14895.495790
15238.887207
15598.840978
15576.849116
15648.149778
15584.716314
15514.170848
16295.167241
17787.187106
18094.386917
18143.683721
18756.306277
19179.645000
19100.757458
20799.930431
22258.583561
24412.393635
25908.226347
26285.801133
25700.454563
25075.468428
23274.853949
21197.406041
19373.568108
17560.903738
16364.397617
15560.669181
16120.114382
16990.923423
17233.676192
17157.012049
17094.495168
17035.708108
16930.180442
17037.287477
17129.973127
17252.296817
16603.490844
16292.603063
16253.416185
15772.730649
14829.562782
13848.455941
13315.988277
12945.822712
12783.853175
12751.387362
12955.265705
12930.168497
12765.485947
13428.461819
15100.235197
15968.595049
16206.065183
16716.237324
17153.772054
17123.941802
18085.018981
19594.725958
20304.977642
20475.147753
20076.771063
19135.021578
19041.896264
20331.236385
20478.219672
19779.186355
19710.031062
19757.619835
19287.334043
20232.084738
21871.966610
21950.934946
20627.996464
19644.677472
19088.595710
18797.112745
18957.747698
18868.194632
17946.209792
16891.477971
16266.010934
15518.004462
14955.910644
14912.431249
14946.094586
14869.258176
16479.637097
18491.970908
21352.830203
22130.626609
21529.718053
20037.541325
18554.487409
17044.880716
16912.331993
18309.738708
19789.933497
21993.937244
23160.867060
24130.300584
23849.882003
23576.702982
21967.979223
21146.511840
20425.189530
20317.652974
20153.407714
21203.567752
21773.543485
21488.634764
21284.982768
20416.963298
19845.216360
18740.769799
19032.150182
19012.405316
20023.275023
20148.008141
20743.797775
19947.952012
19353.111083
18632.022922
18167.646093
17688.215465
17949.552890
18380.255314
17882.069097
17126.198247
16512.058394
15939.278972
14964.222509
14831.084750
14778.354275
14125.075299
13776.753517
14156.167954
14098.923367
14124.915114
14312.241294
14141.016650
13604.541989
13292.012041
12654.692553
12088.888750
11766.676612
11333.412756
10971.805038
10845.316721
11278.213008
11410.730104
11430.711562
11602.238135
11845.948809
11558.882713
11380.450858
10962.646696
10683.694759
10438.804991
9849.335518
9528.904723
9333.990519
8827.929139
8368.957404
8249.994407
8066.178681
7943.558090
7821.261648
7890.038274
7906.260535
7791.503735
8076.787380
8326.042759
8143.993968
7922.234947
7892.725719
7568.780698
7491.353515
7564.749734
7780.690187
7911.700020
7874.763205
7708.533322
7439.937677
7162.025609
7008.024454
7006.150832
7210.121396
7506.536141
7599.392188
7573.366515
7543.754752
7258.966294
7045.073006
7290.137183
7444.668454
7483.424398
7566.700110
7784.061957
7629.671103
7669.288046
7858.472488
8028.437286
8260.082107
8604.191826
8876.837158
9158.040933
9436.466978
9654.111174
9800.762952
9937.266179
10211.743561
10421.215551
10492.152960
10625.118309
10646.670824
10597.619969
10498.619712
10443.211948
10421.277045
10496.836232
10642.159175
10870.283328
10835.927866
10838.427388
10960.683895
10851.697305
10596.395322
10685.106430
10681.564907
10631.969578
10591.019256
10575.742157
10532.073409
10515.646601
10437.129532
10649.329263
10777.678521
10752.137881
10609.598392
10603.637459
10301.519908
10099.485575
10184.818883
10252.067858
10218.126212
10394.260147
10402.069862
10119.496172
10148.330387
9910.990067
9819.392262
9975.221054
10120.080051
9979.391518
10199.021152
10096.326216
9941.798215
9803.333615
9823.307781
9766.210178
9789.305889
9876.054467
10006.726588
9939.621762
9803.192894
9704.552159
9653.074488
9520.892931
9378.232139
9385.982350
9370.171680
9282.141930
9165.584504
9167.278441
9226.549115
9213.746384
9233.638476
9233.638476
9334.396381
9148.519127
9088.476666
9032.951259
9011.496379
8896.705317
8898.206492
8838.288315
8901.821599
8948.837312
9044.467289
9113.569761
9156.537649
8918.994594
8912.929259
8771.236734
8640.010723
8526.615697
8674.815192
8621.311075
8605.419101
8653.171203
8633.882127
8483.543716
8510.971906
8475.724205
8344.693057
8312.618572
8351.839094
8289.025507
8320.818681
8320.818681
8336.155121
8306.086726
8357.344714
8246.611531
8286.383084
8222.062127
8162.492713
8085.182950
8118.846150
8023.387160
7961.074398
8071.949258
8109.442394
7970.773239
8000.804894
7940.956508
7738.740354
7556.884541
7560.900453
7495.650478
7669.158174
7742.356412
7803.909180
7894.875793
7914.095112
7822.408513
7760.905502
7697.975862
7693.586314
7638.148876
7572.084219
7690.927574
7743.920850
7631.212048
7722.449214
7853.104575
7746.513160
7661.736706
7676.971235
7742.245318
7705.670737
7763.080034
7769.398822
7784.768851
7615.052861
7608.301930
7521.375691
7525.066099
7531.683783
7505.912734
7443.446787
7405.791179
7372.159257
7354.234804
7415.675854
7316.969932
7349.058288
7378.582946
7279.319941
7342.535427
7522.463537
7570.382779
7580.292430
7637.451509
7619.805802
7372.935882
7323.568555
7256.225149
7218.834111
7124.336868
7117.936910
7164.933297
7192.244225
7228.419084
7216.750115
7432.870025
7286.794846
7240.711734
7203.305901
7096.802505
7085.794206
7119.663034
7167.080072
7202.608200
7234.427267
7142.509458
7147.830169
7169.905551
7221.584537
7274.895751
7167.531402
7165.338658
7088.233834
7029.025454
7044.827639
7085.505470
7040.323337
6937.646959
6858.139708
6753.429992
6720.903441
6610.263488
6636.158219
6669.535146
6709.480265
6728.163728
6744.531364
6722.617173
6770.280880
6663.316778
6605.359748
6589.373288
6688.414495
6555.946680
6524.027066
6560.693505
6580.318736
6448.080122
6511.376861
6637.849787
6543.823593
6551.244929
6601.262976
6577.270169
6515.706430
6659.522635
6718.543026
6736.949830
6790.141944
6783.984996
6738.931003
6721.075654
6788.730669
6790.546338
6867.800572
6878.303656
6923.846194
6888.024239
6759.850256
6773.500276
6582.628668
6442.476577
6258.256150
6384.638631
6214.999827
6328.413541
6464.980301
6605.359748
6474.743638
6577.763747
6667.650746
6531.120447
6372.609900
6406.685139
6361.004061
6249.554101
6168.374257
6237.889762
6231.758525
6290.933882
6387.517275
6508.093697
6528.105681
6557.667641
6472.365813
6258.256355
6153.425908
6149.501231
6139.867883
6109.723164
6193.564961
6217.183407
6262.848274
6134.181054
6209.186883
6265.506728
6298.467987
6290.799199
6403.530840
6308.668607
6285.046116
6383.772129
6344.683037
6249.511433
6285.046116
6310.764949
6221.841807
6194.227055
6213.884101
6312.736815
6254.989379
6191.492935
6260.637315
6209.187014
6080.969012
6023.195110
6034.859871
5947.883658
5977.407883
5922.115973
5936.955417
5879.602000
5843.865828
5814.045235
5832.364777
5836.292253
5882.271736
5820.720122
5800.962629
5730.165762
5669.878511
5549.063684
5568.557324
5566.447273
5523.113454
5426.546924
5519.972004
5494.196933
5448.254050
5624.376404
5727.411955
5689.755991
5680.428400
5733.207660
5566.786589
5537.146546
5507.014421
5476.100833
5495.066930
5594.531034
5609.907739
5732.157191
5732.157191
5667.328434
5572.010550
5602.100229
5457.689822
5455.642609
5453.537197
5570.715998
5534.156931
5668.588274
5767.424733
5834.757884
5842.793665
5883.277813
5861.920765
5877.484277
5891.239827
6051.667027
6212.328870
6239.741112
6366.425376
6382.290121
6255.730199
6073.586324
6016.245762
5931.030635
5972.651726
5992.523802
6163.889768
6177.666194
6177.666194
6096.754397
6175.750017
6083.325951
6184.448725
6178.558073
6196.530202
6109.405317
5972.308542
5841.717879
5879.177844
5894.789607
5792.186817
5961.224241
6010.970908
5989.051945
5987.361529
6064.106991
6004.264263
5903.425924
5934.915483
5972.651870
6026.237802
6006.849445
6198.645604
6125.649736
6147.707866
6050.666289
6029.005707
5894.269053
5858.403002
5710.176022
5641.254943
5694.900221
5724.373390
5670.954444
5662.716769
5765.979775
5736.246257
5603.437594
5696.326708
5803.028456
5785.737457
5755.335937
5844.025478
5777.125152
5743.456602
5882.271545
5991.389294
6066.621111
5961.382510
5954.183787
5821.137798
5795.460843
5801.339419
6036.927495
6125.883716
6046.643925
5984.349732
5964.968605
5934.915343
5945.041123
6006.462007
5978.328485
6007.865031
5972.364501
5908.967548
6011.360112
6069.134594
6084.915337
5965.902186
5903.006986
5825.883961
5883.512748
5840.378382
5927.224425
6028.191984
6067.821299
5988.492955
5956.347324
6051.777442
5958.852088
5946.698612
5934.038065
5963.682452
5914.169154
5942.191189
5830.947220
5820.445600
5796.319979
5736.959069
5648.473122
5668.149125
5640.553617
5571.178203
5491.655629
5519.743001
5476.098039
5447.985973
5491.598650
5554.952919
5645.640950
5709.185852
5743.453801
5795.093964
5800.959896
5812.832519
5863.948888
5954.621361
5884.825617
5847.598034
5754.038423
5736.566218
5682.754818
5700.607584
5841.363690
5896.402910
5937.943258
5820.445766
5933.217572
5812.549057
5853.748350
5820.445434
5942.700283
5877.307197
5813.593341
5735.150837
5736.651749
5811.830469
5831.466521
6037.252590
6126.238513
6052.884630
5993.073300
5965.489954
5884.093159
5915.537207
5959.658913
5980.864081
5923.398969
5959.354812
5883.780906
5919.671010
5930.322614
6027.319948
5949.933199
5975.890647
5987.920976
5976.947066
5899.736863
5885.912756
5871.933447
5810.831088
5894.266311
5934.038065
5922.111365
5912.289791
5910.268413
5794.660539
5905.155547
5936.761823
6029.808172
6051.777305
6053.522439
5990.335271
6116.887097
6057.615907
6156.933727
6124.749440
6096.862782
6051.548824
5928.893059
5871.423668
5909.931116
5935.280621
5937.430319
6085.968947
6006.846241
6086.164640
5969.488362
5899.942507
5943.716976
6010.967898
6010.967898
6000.930771
6116.057213
5977.252050
6008.934558
5981.003572
6088.283242
5988.936429
6040.739522
6157.190272
6345.577471
6365.802916
6424.398429
6310.208231
6072.799898
5843.477897
5902.861355
5821.573405
5912.697965
5932.445086
5878.905792
5696.836864
5750.379358
5882.935210
6023.395083
6175.511775
6276.414650
6244.763028
6205.065676
6179.214340
6109.070835
6096.862915
6055.352259
5965.902186
5928.893378
5859.784039
5701.521971
5717.567022
5676.218361
5676.218361
5708.376068
5856.888058
5812.941687
5816.811775
5834.540218
5810.789404
5840.550577
5917.616959
5822.322741
5741.670994
5758.287431
5705.040494
5682.908026
5707.578297
5831.735792
6005.400660
6104.088890
6193.195375
6278.518835
6195.341573
6077.537620
5930.931219
5824.070598
5930.931048
5972.569529
5912.598118
6045.089434
6226.696211
6248.971980
6296.374854
6394.669315
6430.548496
6341.124124
6284.299631
6327.870700
6235.587238
6186.033369
6176.025561
6199.754292
6156.746102
6197.343266
6148.003814
6222.723604
6157.371170
6015.292572
6034.428231
5992.848035
5955.310718
5895.627875
6042.329539
6029.465706
6027.546114
6081.000924
6294.878932
6274.788770
6399.572384
6479.889193
6304.432164
6189.449570
6140.096692
5989.637751
5986.001883
6061.075523
6106.710030
6183.727331
6278.264638
6335.511814
6238.683154
6127.415224
6068.460253
5978.216496
5857.628102
5962.407671
6063.245757
6063.245757
5986.313146
5974.409993
5893.430141
5818.055880
5744.725648
5836.706760
5835.092663
5888.445707
5857.090722
5874.596291
5842.677428
5793.045137
5654.347716
5661.151945
5599.669509
5448.520380
5467.207253
5532.084373
5565.863719
5518.779924
5570.035257
5591.401548
5682.568515
5581.857253
5609.694507
5615.374065
5566.176043
5475.742067
5457.604130
5417.888708
5456.577586
5407.697430
5395.175820
5393.051039
5513.350369
5501.195325
5603.824409
5552.342820
5564.702023
5478.980618
5447.425167
5401.922284
5501.892433
5462.792344
5486.640520
5362.552196
5309.149937
5263.751213
5220.328310
5162.279141
5271.985694
5238.126559
5126.809860
5198.766676
5168.502566
5181.633087
5162.081227
5189.825324
5073.016668
5021.681495
4956.899664
4998.417237
5008.536980
5084.338815
5085.845524
5062.006617
5048.824391
5115.502007
5115.502007
5240.651566
5255.398051
5221.769195
5196.093940
5241.251019
5237.902082
5235.447147
5334.193211
5292.672664
5231.619473
5126.666544
5146.069334
5110.447829
5086.190915
5108.670981
5066.378625
5036.353668
4932.229579
4906.181374
4847.113085
4866.761670
4874.844577
4874.844533
4880.400361
4956.662545
4940.608475
4886.874315
4914.726456
4898.594602
4835.434515
4900.467257
5005.862881
5015.640479
5057.188108
5095.134400
5100.655666
4997.972738
5061.750147
5019.846404
4987.925223
5035.814021
5084.943206
5031.302309
5122.556031
5209.245634
5122.556031
5208.137973
5360.333672
5273.692208
5274.970875
5340.684667
5233.431742
5199.387992
5256.887322
5241.190409
5189.828018
5247.653505
5168.347506
5166.996612
5122.660770
5150.992108
5178.975257
5221.914940
5161.564710
5243.801440
5206.761135
5185.304673
5097.567736
5085.946283
5062.005979
5082.052151
5049.558005
5061.901750
5008.500897
4909.446497
4879.792617
4847.385461
4916.727632
4932.366846
4936.666732
4996.357963
5025.969298
4921.415769
4922.899820
4874.150120
4786.684417
4733.048976
4644.018982
4580.655433
4582.435539
4574.774087
4474.036966
4509.648981
4533.390458
4579.193872
4608.571735
4698.166106
4750.031185
4775.356771
4789.767820
4724.367821
4728.224540
4789.826121
4861.154418
4848.766557
4869.167363
4926.935057
4794.484416
4727.439551
4697.531888
4843.906567
4792.496327
4897.411588
4895.538936
4942.611532
4774.947749
4795.685948
4758.439684
4829.664015
4758.439684
4879.612720
4847.153385
4771.851978
4744.095917
4874.706058
4873.373501
4874.760076
5022.927934
5096.469288
5078.741808
5084.818672
5161.939487
5134.016232
5140.022331
5151.426823
5114.288365
5118.414583
5126.641409
5148.400316
5126.641379
5158.150349
5185.575481
5122.592414
5065.566566
4968.320398
4869.218249
4696.167845
4664.133149
4705.680634
4879.792550
4984.657927
5081.424787
5264.747495
5310.170969
5328.890190
5316.687391
5309.978614
5352.040734
5289.783406
5167.634528
5112.315159
5193.976511
5110.649004
5086.305981
5181.632064
5251.191369
5270.763974
5274.328489
5331.364780
5260.494730
5280.185117
5397.783349
5501.194458
5558.305794
5671.078818
5738.124790
5725.283835
5743.346155
5840.469306
5885.607380
6024.005642
6109.603037
6588.414059
6972.438558
7356.285619
7300.881647
7198.151842
6715.414048
6402.637352
6256.074716
6420.117517
6971.524068
7420.472652
7687.157830
7855.310146
8110.703765
7894.402630
7928.119480
8070.606336
8327.364984
9083.504566
10397.114403
11671.201502
12882.350092
14263.011702
15420.018106
16263.076190
17368.543241
18112.992501
18194.146044
17357.370328
17288.377108
17092.430238
17058.515241
17066.524566
18285.304766
18840.904951
17955.769404
17360.888586
17520.854255
17485.539930
16572.157541
17676.398070
18570.758171
19543.877936
19203.809646
18676.743921
18140.141453
18039.324152
17984.169560
19049.837006
20583.110590
21405.513596
22680.269265
23937.979412
24808.742273
23844.247077
22166.517826
19792.498581
17445.964716
15805.424785
16097.252041
17116.324738
18659.389558
20378.897108
21342.430992
23168.271301
24225.164412
23929.982750
23514.759498
22974.499054
22007.727141
21556.665744
21452.194895
21578.837528
22148.447874
21230.991670
21026.553452
22008.114205
20880.299129
19690.877925
19348.585463
17514.557942
15728.363648
15569.991139
15429.314409
15187.147579
15410.915451
14714.266030
13871.630176
12748.246642
12719.975027
13405.927208
14199.811469
15561.113732
17662.171807
19533.359850
20927.866601
21723.122297
23100.170249
23292.512207
22915.138509
22543.186331
22010.903884
20285.498366
20100.335371
20014.266976
19149.247308
19123.090365
17809.743543
15481.096700
14643.068823
14512.863440
14079.769937
15646.292719
17088.568224
17232.940515
18603.476582
20819.190876
21638.529288
22045.628149
21188.552405
19263.663326
16576.707593
14924.476109
14612.091627
14622.714131
15600.269031
16925.722730
17442.589900
17533.018956
18725.073356
18730.318976
18168.547691
18159.189174
17902.290969
17501.181910
18278.470305
19698.839823
21656.059455
23479.943972
25312.427378
24329.135506
23455.021713
21818.613422
20358.264132
19492.748347
19369.427280
19015.426215
18139.347317
16799.375626
14997.147885
14882.860531
15151.440540
15555.137818
16453.336862
17552.880063
18136.094808
17608.201894
17509.444102
17477.723022
17284.524010
16734.484228
17648.731619
18036.457884
18199.896963
17677.271147
17064.594841
15804.049054
14729.904532
13677.568437
12750.995841
12509.543224
12015.295689
12359.209548
13055.593172
13885.513417
14878.341885
15918.496809
16320.450363
16390.030152
16150.133724
15457.870369
14903.806876
14407.205561
13797.555495
13574.809301
12993.101242
12512.425215
12599.579296
13282.168976
14297.929710
15363.926332
15959.526205
15799.475938
15718.354320
15979.885940
17123.642155
17903.258044
18735.838825
19113.946871
18284.638091
16193.242532
15045.332049
14667.642920
13880.442728
13811.368882
14628.516449
14444.639054
13588.619631
13621.504832
13705.471207
14213.445659
15422.692924
17064.711821
18251.873420
19278.492120
19060.612461
17938.755144
16350.840292
15135.165179
15148.608136
16390.538734
18207.207585
19528.673753
20733.567392
21190.301301
20725.320481
20778.407590
21615.695102
21708.651424
21155.354923
21192.683420
20336.462646
18919.809632
18093.245303
17392.157635
17516.801655
18027.148331
19063.874994
18654.767010
18564.747626
17683.300912
16750.313302
15760.812856
15942.374856
16041.119451
15972.306595
16132.120670
15836.004811
15154.926055
14550.581317
13573.364968
12603.750647
12223.619433
12186.492725
11993.761471
11964.060107
12137.898983
12302.206479
12514.043483
12912.397805
13684.118815
14543.083150
14689.037712
15310.260047
15725.923556
15609.249690
15360.051538
15500.562765
15453.094675
15528.291667
15468.276715
15189.806548
14890.955823
13887.693468
12906.132975
12599.830322
12003.853151
11835.895436
12353.961967
12032.690532
11488.553537
11407.597203
10834.189607
10347.438687
10717.692425
10933.410984
11131.805417
12071.407167
12623.339407
12657.807490
12493.854742
12620.256519
11917.451690
11187.191367
11014.072275
11096.810496
10851.865356
10687.743703
10410.528520
10378.139706
10485.324804
10609.885136
10966.165061
11298.413518
11692.942272
11878.656591
11894.701860
11868.843205
12830.220889
12740.011511
12687.127716
13041.142241
13106.667892
12002.419645
11687.364210
11639.841003
11226.589947
10804.764417
11093.716263
11097.668008
10942.002035
10854.268639
11044.318720
11008.881772
11111.737634
11119.407001
10895.412658
10795.061991
11044.318197
10726.806014
10615.887962
10835.692345
11132.776217
11119.026541
11786.152088
12256.023602
13055.483302
13453.276089
13753.804948
13333.999552
13076.808223
12364.648414
11725.612130
11444.578041
11965.598262
12883.194197
13700.682101
14788.268638
15194.217935
14876.749379
14077.588406
13534.163967
12675.172530
11906.895097
11513.281905
11185.972583
10628.342324
10353.975253
10248.708100
10036.853761
10004.830982
10353.643377
10253.759095
10224.605471
10631.783503
10687.315808
10273.286648
9927.608557
9901.738225
9526.396244
9459.430850
9781.698142
10139.813488
10328.012548
10286.869484
10037.861366
9578.638581
9436.240980
9181.583201
9116.600474
8990.368894
9025.910102
9053.627441
9027.903123
9008.238866
8923.487993
8668.037138
8361.702305
8240.893543
8120.831285
8305.169469
8301.192999
8182.028814
8101.042787
7953.158766
7494.471940
7448.534378
7395.745761
7338.021897
7652.826237
7929.932617
8034.727142
8210.847529
8323.579418
7893.028642
7625.627172
7479.512506
7205.934387
6881.874048
6723.403763
6934.525866
6883.244698
6964.810242
6871.141769
7002.065607
7142.770037
7386.214017
7465.480530
7506.714310
7560.552040
7449.895221
7259.443073
7089.850098
7277.326009
7330.798219
7281.930101
7301.551603
7532.828933
7501.085566
7692.005372
7846.260872
8210.377565
8485.517339
8845.454924
8997.794246
9158.179507
9207.684811
9167.619914
9215.303278
9209.063444
9127.744029
9096.009083
9143.681253
9110.117049
9332.540851
9524.868814
9663.356836
9702.784646
9791.999358
9674.180182
9727.344313
9608.770886
9602.231714
9503.679475
9556.898462
9533.965192
9602.342305
9567.223008
9769.321883
9647.017403
9621.176215
9732.245596
9874.426554
9862.436436
10025.598882
10021.383478
9995.732740
9997.634180
9990.148593
10088.186916
10033.272349
10009.231695
9918.098036
9849.164324
9608.927142
9656.535669
9593.271573
9640.621057
9677.904903
9720.737448
9712.528741
9616.030002
9594.137027
9570.111853
9608.897449
9553.636512
9598.912287
9484.338369
9221.081560
9058.159100
8947.647500
8866.309509
8775.058414
8803.078058
8687.231424
8675.450675
8677.733652
8610.080947
8520.976356
8469.921273
8327.133833
8240.339996
8287.812043
8372.711370
8670.505246
8635.160156
8609.700923
8605.301998
8544.100715
8395.887917
8457.373557
8354.947719
8475.516993
8419.950955
8417.571728
8354.799257
8477.107259
8243.415115
8368.355555
8340.203843
8447.369912
8326.703312
8423.474952
8365.915581
8205.143625
8134.049058
8205.143512
8179.744898
8120.335816
8139.320820
8080.379232
7947.707039
7842.712069
7862.419757
7862.419757
7837.093883
7912.335077
7977.552251
7947.706897
7906.750510
7912.908369
7859.235144
7794.014617
7737.314698
7758.391218
7647.042936
7643.661635
7720.819134
7607.909916
7590.697145
7768.888471
7759.063911
7636.132822
7690.144366
7559.086936
7430.805960
7408.549397
7422.126390
7536.881562
7700.225917
7721.974306
7733.256118
7777.163376
7651.028660
7609.667006
7631.485118
7661.836555
7659.150070
7677.060263
7655.512119
7673.432792
7556.729676
7608.149726
7673.432792
7662.670080
7722.272144
7728.098793
7751.742885
7751.742885
7756.148665
7763.687096
7809.458848
7797.582206
7720.614854
7628.439859
7509.707561
7521.444397
7457.923265
7577.201438
7716.161464
7692.435760
7728.098793
7702.050682
7554.162559
7335.548675
7337.591454
7238.408115
7139.581105
7181.021039
7273.209867
7213.713191
7213.713191
7221.791146
7229.721340
7317.410882
7347.124839
7396.516012
7341.164953
7289.656160
7279.062843
7190.217462
7130.994788
7120.749921
7081.928861
7062.207088
7056.208461
7083.926896
7121.046624
7044.327402
7020.760866
7091.748976
6982.838576
6890.144864
6890.144864
6886.020307
6854.287744
6937.628527
7142.793759
7085.475903
7014.949945
7000.960907
6870.249773
6791.161410
7014.949945
7028.033934
7118.880771
7225.451765
7287.057856
7160.766451
7065.809559
7014.723173
6982.698307
6889.942410
6881.850933
6997.532451
6902.795727
6854.863089
6793.745800
6760.125928
6674.367811
6662.556501
6692.243800
6664.373635
6658.594185
6633.025571
6656.771251
6666.905338
6712.078862
6767.426006
6767.426006
6899.829091
6852.763397
6808.953697
6800.835412
6860.648840
6817.074290
6877.167736
7021.193962
7116.189646
7098.887457
6982.534924
6996.131498
7006.288607
6865.990069
6754.142344
6839.240461
6756.065661
6651.484746
6623.650984
6698.534317
6660.983345
6676.896468
6706.126533
6853.383172
6835.951498
6870.998029
6883.052566
6777.925021
6651.734761
6771.814929
6799.586370
6831.017515
6963.930972
7039.237532
6959.771424
6967.488221
6983.057943
6939.626129
6816.819753
6783.111278
6763.171785
6733.191208
6675.802975
6746.907677
6764.229454
6693.140564
6738.646555
6776.342929
6930.609640
7009.727957
7041.536468
6946.872125
6938.444594
6713.165930
6727.794841
6680.612517
6710.234618
6719.976726
6755.851331
6633.735959
6590.097834
6403.935468
6338.493013
6248.055046
6301.424587
6335.233546
6501.221967
6443.796253
6479.429368
6451.601039
6403.935318
6384.112861
6449.737989
6422.093491
6289.393799
6330.625479
6403.691340
6415.813508
6445.138020
6527.127040
6483.092545
6451.601039
6469.610004
6370.716290
6312.618834
6235.588968
6237.695236
6142.537725
6182.440642
6250.538010
6325.801438
6296.249851
6391.385737
6512.009073
6631.906601
6626.218198
6538.706274
6471.615891
6428.542853
6222.276039
6224.356218
6218.056730
6162.546726
6097.451268
6074.061291
6026.736343
6050.726193
6109.590926
6096.105074
6087.688409
6093.362798
6039.960449
5929.198871
5857.738219
5838.453969
5895.630277
5844.050039
5975.152458
6088.183372
6154.207926
5942.742167
5997.644383
5834.035645
5776.533221
5697.055866
5879.085732
6059.428536
6217.223557
6207.795931
6366.145269
6537.969851
6746.059668
7051.966936
7572.691964
8112.901757
8336.891989
8443.386455
8411.572800
8247.013532
8067.161553
8075.140020
8011.484776
8494.608987
9190.583052
9675.184888
10087.023711
10811.248420
10978.994939
10789.217372
10632.503238
10211.604166
9629.919723
9742.619677
10122.254752
10211.989339
10811.856304
11569.464283
11822.929100
12062.110555
12813.813925
13228.101007
13473.698165
13405.568316
13045.792761
12267.772726
11872.208890
11051.068633
10612.020207
10376.533019
10275.775754
10061.823242
10314.994467
10531.271306
10742.777858
11089.934682
11519.174435
11948.343551
12462.850968
12591.553771
12529.370215
12592.535733
12337.677091
11761.866690
11514.602064
11660.331712
11596.625071
11696.138070
11569.129840
11608.550379
11237.805437
10768.856897
10086.744759
9989.834515
9870.915628
9746.761499
9948.588919
10264.819131
10456.616037
10524.213938
10762.176282
10449.497373
10498.761471
10279.052646
10150.906014
10009.130926
9898.347594
9801.499125
10076.313384
10725.416729
11361.638390
12369.329642
12822.003449
13468.675406
13470.621645
13170.742985
13137.103001
13380.900603
13353.076093
13414.197701
13197.635219
12592.276907
12169.137381
11458.538762
10665.469594
10558.331802
10579.676205
10368.058306
10286.876569
10611.780762
10469.827175
10101.952765
9811.121468
9647.219095
9516.148419
10007.098412
10378.550541
10856.207732
11760.071653
12444.480392
12562.513015
12712.554073
12687.400855
12637.352160
12788.278334
13433.387502
13435.631130
13326.564378
12931.093406
12518.843561
11625.236057
11534.539174
11352.660296
11089.614314
10729.275243
10604.542259
10567.348013
10725.732517
10709.600453
10714.115486
10999.140853
11758.787818
12658.851335
13382.723659
13643.946171
14074.380424
14262.876678
14341.970908
14563.658610
14830.368783
14942.201675
15088.775834
15474.460447
15785.240681
16247.523306
16593.031253
16229.082135
15505.014628
14693.808856
14040.898770
14197.291231
14662.153178
15849.161281
17250.331165
17995.615714
17998.121000
18178.258578
17420.427067
17250.419720
18407.653556
19571.688795
20147.303432
21616.678473
22214.595925
21891.972660
21253.104325
20563.073383
19415.157618
18498.837040
17840.246098
17754.579111
18154.443938
18997.277664
19572.447051
20955.445286
21216.808126
20811.248916
20170.510477
20487.300522
19363.316356
19129.276454
19553.381449
19624.259345
18862.543209
19192.521347
19582.981951
20085.650194
19888.279405
19363.373133
18649.232421
17676.353826
16542.562208
16218.310691
16483.829883
16208.109935
16212.518114
15927.585575
15561.506677
15015.976973
14683.173469
13395.282352
12377.706631
11536.937665
10757.667463
9950.573114
9884.102084
10079.655852
9921.624930
10218.183145
10604.107643
11326.434518
11949.658869
12982.480041
13651.440499
14723.650766
15360.027874
15884.382373
15765.728639
15041.467363
14172.534074
13113.918014
12065.679706
11846.234063
12154.601953
12152.586917
12954.333672
13678.557588
13597.606230
13598.978142
13793.725781
13344.923164
12935.606402
12801.123439
12735.376696
12833.170167
12470.677403
12375.839606
12013.394769
11631.469129
11012.276179
11160.871161
11519.991957
12147.467977
12274.102384
12363.487298
12124.869370
11607.071857
11003.196263
10942.374215
10653.309752
10651.249092
10611.810813
10714.648945
10898.550580
11143.863541
11017.019707
10556.436449
9980.669189
10014.063599
9826.395900
9616.424297
9616.424297
9954.399867
9319.624969
9327.343447
9239.417867
9504.628633
9405.800735
9352.119695
8940.887245
8854.907981
8421.848317
8202.028554
8042.214803
8099.411219
8144.445630
7924.443781
7981.810539
8160.419252
8104.468154
8055.544037
8282.983519
8148.032672
7956.821041
8263.082175
8443.317447
8833.170958
9034.998823
9236.873519
8779.422531
8428.620509
8026.416228
7876.264788
7662.484371
7532.225918
7581.201347
7385.347378
7131.900477
7016.940013
7262.890128
7243.653921
7284.620869
7439.739981
7462.523622
7403.678417
7551.801863
7603.171773
7549.131635
7634.917861
7583.372912
7465.408711
7495.054114
7664.707530
7661.671997
7829.285754
7974.812729
8139.173336
8313.088050
8657.953014
8877.031362
9121.478877
9416.108270
9691.328954
9727.087347
9827.670125
9954.104908
10002.084579
9950.484176
9910.630409
9772.517590
9732.000093
9632.532926
9612.962257
9684.341317
9648.410118
9554.073118
9542.809589
9493.222792
9445.679752
9641.531500
9629.169897
9662.590217
9553.515906
9546.963597
9406.817745
9340.518523
9237.582803
9271.232112
9302.711380
9263.790131
9228.681665
9072.634364
9072.634364
9013.037496
9041.260005
9088.307034
9102.019795
8983.629052
8872.359979
8763.910284
8647.756136
8624.220023
8644.641580
8558.821508
8543.535048
8491.852225
8444.038879
8343.719446
8339.513838
8200.852716
8181.422892
8145.968757
8088.609286
8011.226007
8108.415948
7984.168680
7930.366316
7960.346609
7891.053582
7758.673023
7743.362248
7725.751930
7597.007859
7561.351619
7583.490107
7643.471297
7686.955282
7718.243197
7746.398748
7680.439739
7545.771212
7597.162045
7603.388027
7617.067011
7589.336953
7700.902641
7562.180151
7537.741427
7447.787252
7362.437407
7174.086747
7167.911887
7098.568599
7098.568599
7066.950161
7126.765443
6974.426928
6929.358107
6903.438538
6947.118818
6893.555269
6976.833237
6978.323494
6974.306221
6990.480240
7084.734540
7000.023570
6947.831509
7014.095477
6881.057414
6825.308704
6900.190113
6841.009305
6793.571563
6731.987749
6691.623487
6628.040986
6709.526510
6691.623341
6907.185763
6918.209992
6993.072303
7050.849475
7119.732373
7050.849475
6986.144640
6938.375609
6855.096601
6737.074566
6671.428083
6739.748405
6730.860872
6799.505439
6799.505439
6830.954043
6782.258487
6738.242467
6750.233272
6782.258642
6854.808518
6990.203993
7063.469003
7067.111924
7134.383128
7118.843160
6942.684479
6911.506073
6930.881452
6993.881218
6971.125887
7007.058878
6953.432417
6789.563039
6646.936586
6641.054991
6674.986254
6704.886796
6736.987219
6674.986254
6602.204741
6531.258410
6468.110632
6450.287508
6567.009048
6612.523066
6685.246777
6713.108175
6784.147634
6667.598072
6691.506724
6523.993134
6544.160667
6423.204975
6381.722219
6250.868589
6349.759828
6240.427506
6288.259375
6379.002221
6325.276780
6140.762931
6121.001449
6057.481163
5976.562085
6083.018500
6171.231122
6266.055033
6086.258494
6020.702789
5971.710495
5962.839121
5799.024308
5842.351817
5901.313409
5893.727430
5889.238017
5960.505895
6055.568889
5988.427289
5948.897434
5836.864963
5813.316889
5787.561316
5776.128747
5805.428836
5816.479804
5800.669227
5736.897226
5682.107257
5725.066579
5853.674955
5778.295648
5786.563723
5877.729606
5822.072025
5695.724958
5889.627197
6031.792744
6121.127058
6198.310535
6249.715972
6113.271143
6004.325331
5962.839359
5802.460686
5912.098928
5973.112545
6050.750211
6024.663550
6062.434256
6008.615199
5983.020795
5888.112478
5888.112478
5980.928082
6000.225819
6004.188202
6168.392592
6176.174487
6204.020312
6244.842851
6225.030882
6096.566239
6066.889694
6120.430001
6122.137273
6225.175340
6344.366453
6444.553496
6345.633202
6330.752610
6348.880418
6415.954809
6387.933653
6431.544193
6399.884530
6316.595893
6219.505944
6081.120758
6115.013877
6125.581107
6137.223087
6010.780035
6056.038618
5945.377100
5887.727260
5986.499153
6089.477867
6031.583644
5980.511884
5997.328985
5918.786455
5833.800785
5869.291453
6013.173002
6118.128078
6102.620756
6051.485477
6063.029680
6019.514918
5871.676112
5828.119480
5949.051377
6034.045069
6041.941764
6166.336989
6211.934690
6213.563604
6308.575077
6273.026050
6251.248383
6324.791271
6330.639869
6247.777374
6253.695832
6358.471266
6435.745046
6457.462032
6494.750423
6479.252715
6382.645771
6271.944168
6285.698199
6276.016048
6325.336324
6256.709164
6319.981914
6284.593708
6260.520664
6344.366453
6506.604673
6453.224273
6530.779669
6522.702269
6514.665722
6474.021101
6493.927384
6491.849823
6547.042477
6414.799616
6450.983623
6441.226742
6387.618345
6324.514333
6348.301037
6230.472617
6143.109639
6103.600232
6168.803017
6202.542145
6290.525493
6375.495618
6407.230103
6416.971616
6460.645506
6402.809340
6420.334963
6541.026271
6470.307156
6428.941337
6417.954781
6360.679998
6320.883524
6335.088694
6313.081919
6369.018306
6443.919401
6410.447134
6416.305193
6457.860298
6371.922656
6330.609985
6346.109319
6356.352276
6245.723995
6249.819455
6386.714086
6212.347901
6198.403271
6301.274310
6378.618680
6225.915434
6330.836749
6410.182903
6313.081919
6248.953515
6179.336558
6120.518023
5948.314449
5833.765272
5874.212398
5960.965669
5996.719625
6060.128398
6249.960393
6230.839402
6262.490665
6321.667344
6387.234775
6391.257230
6461.352228
6414.430359
6372.425887
6321.068337
6271.745212
6222.399654
6189.107390
6246.500739
6281.560869
6295.844256
6278.616694
6266.308898
6173.918571
6052.773199
6052.773199
6037.707772
6002.532982
6073.611339
6026.263889
6002.532982
6034.557325
6056.118351
6135.312724
6271.901351
6358.980241
6275.471467
6297.041056
6223.959517
6216.164304
6075.463830
6090.360086
6011.326248
5991.779712
6017.394039
6169.495741
6240.149441
6471.823869
6479.621686
6505.594999
6458.035248
6468.951921
6337.958924
6191.672679
6179.530649
6161.799297
6082.449241
6150.024195
6294.860869
6256.825685
6345.722699
6236.650788
6157.361114
6127.530913
6100.175978
6019.108350
6216.294034
6176.425751
6186.557912
6202.393341
6113.393844
6059.899628
6156.953189
6150.616838
6247.885270
6390.572300
6310.788308
6281.058282
6198.153203
6097.097877
6029.832933
6098.194859
6126.139467
6229.463722
6223.034965
6175.653704
6117.355357
6046.509004
6030.457382
6068.443104
6267.970320
6465.406080
6586.143357
6756.052057
6667.371774
6487.377759
6324.329219
6250.793206
6171.921924
6320.087354
6464.808730
6659.855065
6695.245029
6713.152386
6669.512347
6627.978369
6503.832572
6588.687220
6572.957611
6650.242585
6674.042963
6647.992303
6547.128367
6487.944197
6555.093146
6590.734553
6619.014118
6634.245904
6557.392933
6504.000059
6523.829027
6598.292365
6663.982847
6958.933465
7023.895959
7125.411374
7273.001798
7408.922495
7319.954676
7250.345401
7221.953174
7067.331321
6826.108221
6746.563757
6808.173208
6816.035587
6807.659772
6896.472561
6916.066726
6908.279530
6788.030266
6776.835414
6794.397161
6937.616534
6899.482597
6836.225801
6815.163491
6791.002063
6531.645485
6413.500911
6409.315096
6492.768068
6524.135836
6641.209816
6760.000901
6886.640715
6953.062118
7020.570588
7069.514230
7105.312692
7164.705382
6993.190569
6943.189820
7003.017796
6955.456317
7044.678804
7284.510093
7344.102141
7452.509823
7532.344429
7466.793903
7451.617144
7479.556520
7303.050839
7262.265065
7281.844405
7213.225870
7202.966698
7311.904514
7218.775959
6993.282736
6867.166995
6716.908258
6629.329832
6691.200968
6762.141439
6912.166766
7157.214076
7294.185753
7339.400451
7414.766567
7451.262116
7365.554703
7275.189135
7284.637877
7199.560071
7051.715782
6982.671068
6929.396021
6860.127487
6854.274970
6828.334795
6800.534651
6897.794559
6974.455334
7051.715854
7354.036471
7529.969550
7636.940329
7645.012258
7773.413820
7610.509414
7571.407628
7470.193913
7468.235636
7403.131663
7415.741839
7536.504925
7708.590290
7841.100860
7896.578489
8031.745689
8017.966795
7809.821820
7760.405756
7762.557699
7698.275620
7696.466124
7781.282960
7830.460711
7981.237721
8056.353080
8063.905383
8147.044266
8088.079642
7866.084074
7877.125511
7859.063785
7697.231796
7662.909812
7667.421897
7641.817157
7554.461252
7465.532070
7443.768778
7433.609125
7422.650384
7569.257062
7868.268400
8057.799152
8202.506095
8196.039499
8018.177397
7956.973823
7687.280719
7577.187664
7474.243345
7509.693861
7479.845866
7792.298604
7941.088745
8007.370812
8177.512810
8163.363294
8066.755880
8100.405834
8134.434459
7986.030445
8021.742784
7950.480058
7871.494360
7895.127716
7821.841574
7796.251891
7861.458538
7804.068501
7742.031485
7862.406217
7973.419503
8026.771811
8095.961721
8383.206294
8448.912293
8365.478492
8290.202467
8359.456253
8545.606881
8820.685299
9267.802690
9621.377572
10046.667561
10080.054912
9973.394734
9803.479387
9839.050774
9566.270859
9666.777703
9963.570785
10468.213011
11053.879996
11758.077109
12283.282762
12696.774789
12965.651660
12795.421222
12950.035815
13177.031516
13796.430331
14266.931791
15127.705725
15161.274288
14985.590879
14665.634972
14678.754957
14922.706224
15340.152084
15892.645351
16450.676409
16266.418588
15844.956862
16867.969222
17451.272616
17777.969072
17884.649479
17443.353657
16165.119167
15134.379333
14645.562439
15581.432832
17698.765191
19664.691126
20987.889134
21228.325162
21070.356713
20076.993504
18856.567070
18642.330699
19556.398866
19413.718417
20001.213036
20652.418936
20845.463562
20175.048180
20352.059404
19232.994580
18021.835656
16624.810462
16141.722991
15463.396539
15755.955065
16511.555217
18460.055679
20048.600547
21950.036823
22976.776517
23774.202698
23026.181417
22183.648489
20418.304976
19217.727608
18065.655039
17367.466532
16593.721192
17713.958194
18628.039793
18958.347331
18661.892686
18413.536559
17287.200564
16247.124443
15510.629353
16050.947375
17321.293048
19388.401034
21574.073889
23990.099953
25093.793897
24933.904796
24275.079509
23960.505038
22967.448048
23477.302090
23511.077634
22149.391528
20938.560542
21220.171494
20793.045793
20938.294128
22097.004692
22011.646060
20961.606222
19422.480639
17960.678592
16866.679085
16546.495915
16453.138171
16584.260912
16739.588150
16951.636627
16795.685260
16843.356587
17256.700975
17521.366217
17650.665660
17988.488340
17217.434050
16552.452378
16918.846619
17312.538850
17840.353011
19148.728221
20904.441321
22726.309445
24286.951159
25129.771882
25404.748778
24620.318933
23482.549366
21955.590165
21043.043035
20999.928323
22189.568285
21864.585405
21267.433348
20452.256951
19708.743678
18555.143275
18178.902429
18296.201979
18620.549422
17928.530718
16506.501155
15879.690969
15918.623658
16171.013180
16498.949849
17037.067769
18105.504364
18119.560280
17937.064643
18273.169277
18550.071065
18094.912710
17639.485355
18105.329685
19141.472141
20517.281198
21164.653466
21683.295841
21902.702492
21374.719189
20282.113473
20276.361302
20142.229288
19500.730366
18984.571580
18963.202100
18521.972796
17680.980555
17042.000951
17611.334542
18561.366293
19663.344080
21491.007954
22488.867070
22104.559778
21978.369920
21307.110457
20015.271957
18909.196418
18234.734030
17439.585702
17610.313455
18526.134014
19760.712201
20608.963205
20905.127496
20309.378981
19858.281057
19132.584620
18819.632453
18635.533531
18516.940915
18370.261167
18680.955875
18947.777567
19138.584312
19782.208426
19997.056732
20278.089684
20308.299684
21144.012782
20589.861370
20803.804119
21066.865116
21163.925912
20358.054383
20739.662330
20451.191238
19892.743275
19655.883423
20025.897543
20583.984520
21442.383633
21785.022414
21433.220512
20134.118090
19399.725798
19145.216819
19107.892427
19742.677663
21019.285956
21461.476309
21437.416090
21641.074119
22157.808763
21921.493281
22040.490214
21720.189102
21066.921798
20386.590087
20362.449753
20107.256783
20230.915426
21011.921567
21150.578406
21394.568361
21337.088075
20737.150728
19912.853233
19604.204295
19533.407698
19858.059357
20477.335201
20619.649858
20651.755251
19947.866738
19425.751328
19479.228043
20344.539425
21398.442992
21644.160427
21343.814778
20972.467389
20244.148478
19521.819753
19530.378393
19761.752096
19993.378018
20157.666882
20638.561987
21170.218720
21824.847120
21906.272915
22163.011809
21561.607847
21495.763527
21632.174191
21906.441754
22676.159971
22945.590025
22489.015914
22166.502544
21756.575324
20647.404559
20536.543682
21427.343028
21335.207528
21653.111405
21354.603365
21135.085839
20425.619905
19881.677865
19304.065524
19594.714501
20020.698469
20191.402960
19447.836878
19204.038001
19521.229674
19589.870018
18672.452937
19561.486683
19849.776822
19656.211059
18817.330367
19155.653172
18805.557207
18951.977697
19179.434312
19494.325482
20016.420067
21108.872188
21095.803332
20867.760660
21314.870470
21640.859454
20673.586162
20667.518076
19757.397319
18805.556291
17975.976600
18300.732491
18182.047407
19328.941455
20235.956372
20453.559347
20877.199906
21231.125808
21049.989174
21056.581869
21419.074162
21670.455346
22148.871421
23134.309506
23124.837540
23750.319834
23720.577554
23164.325395
21997.471051
21874.748045
20659.675435
19779.015856
20628.002317
21729.883843
22140.924298
22726.413244
23020.841717
21780.853224
20799.610196
20198.386316
19962.750391
19849.592026
19818.213485
18984.848409
18257.012680
17589.903081
16791.004369
16298.609624
17110.071444
17719.016248
18059.416104
18277.148897
18599.542006
17587.133130
16912.247337
16847.275110
17041.887215
16974.409227
17561.669230
18220.774834
18184.266251
18069.696169
18225.894753
18285.219596
18196.133490
18080.213098
18506.182193
18830.113418
19283.080143
20070.608274
19963.677557
19480.331321
19488.993805
19716.316090
18115.674180
17399.869247
16505.478885
15158.455075
14001.115487
13603.247633
14284.770839
15264.536044
15881.452872
15974.702830
16342.625665
16537.638708
16711.614470
17373.950488
18349.487563
19024.180519
19271.329673
19328.221478
18847.108734
18544.694613
18218.433016
17980.379307
17467.766536
16999.140674
16213.554302
16117.014986
16585.941462
17179.781056
18088.328036
18740.542177
20115.833328
20653.052656
20327.454410
20307.809178
20544.754373
20187.896331
20023.389724
20825.303531
21072.292388
21025.261228
21070.263458
20459.304001
19915.508982
19425.267740
18744.249902
18251.747808
18320.005328
18880.005111
18893.604503
19147.776217
18827.017969
18436.279234
17569.993641
18113.582373
18618.546277
18723.349435
19042.329687
19265.936609
17361.112646
16369.865681
16235.778220
15264.629255
14822.929545
15978.546943
17011.276478
18048.356795
19109.048994
19540.178553
19212.410022
18100.204135
17058.875730
16593.901916
16503.171964
16730.761229
17813.185560
17765.434156
18048.571548
17664.332707
17532.243194
16901.036859
17387.622151
17290.948394
17809.564636
18159.627169
18141.709310
17680.932001
17509.557996
17461.892921
17493.160631
16882.370413
16629.042708
16515.688445
16386.716738
16259.796789
16608.320328
16792.350037
17623.781546
17026.507297
16577.131502
17105.295272
16674.260774
15643.356323
16159.701918
16444.930140
16721.836684
17461.733608
18036.379706
18465.752868
18669.645271
17923.058953
17852.164303
18079.062283
17915.078859
17680.133244
17715.136311
16231.335549
15159.599291
14843.130493
14532.884195
14170.529367
15608.949644
16299.116884
16566.226753
16845.222169
17347.516344
17094.306781
17295.607793
17333.915999
16989.740916
16712.238789
16975.182170
16990.694634
16695.817592
17269.708081
17538.393460
17392.166382
17069.910964
16411.747750
15841.474475
15875.880877
16180.539402
16131.010350
16851.469630
17323.922476
17520.168503
17701.706529
17918.879526
18084.640831
17918.879526
16672.127420
15340.466891
14544.789740
13863.055656
13696.306201
14131.748315
13572.114167
13590.970075
13709.956956
13541.887697
13575.287829
14255.693842
14967.122086
15068.117976
15135.191407
14798.823856
14925.783375
14464.721131
14265.203654
13535.230215
13438.465901
13742.792383
13489.951196
13365.908269
14267.070776
14442.388993
14190.418083
14674.874871
15382.819310
15562.420727
15840.138208
15899.475735
15773.070691
15640.136944
14916.431977
14730.514339
14662.531004
14823.481045
14092.062590
14431.666627
14697.071387
14811.834570
14662.062560
14672.127278
14626.778045
13872.109786
13953.603987
13941.254322
14702.448313
15041.235140
15442.475985
14677.138153
14259.265372
13910.810377
12895.719644
12462.526730
12844.134178
13045.683267
13017.809362
13727.633267
14319.927713
14483.960621
15302.855891
15643.141793
15969.068759
15587.565188
15502.408037
14594.066013
13841.823108
13003.200773
12965.549235
12775.304868
12216.403021
12000.898182
12006.701331
12121.223361
12321.387336
13064.994257
13901.547470
14602.304829
14930.450279
14105.619811
13222.547672
12678.379594
12339.355869
12328.088767
12733.960359
12768.214317
12324.843839
12045.721991
11545.413708
12024.322732
13005.702618
14112.165883
14860.030113
15822.659513
16290.232175
16238.346858
15819.532036
14966.347602
14744.854648
13573.710332
12827.572722
12394.475759
12570.813895
12711.258462
13537.784717
13947.507829
14425.847990
15057.335283
14244.073845
13806.556720
14008.061681
13927.322697
13660.160555
14376.018468
15190.943412
14406.788590
14210.775684
13752.126620
13049.369562
11884.088146
12344.741249
12368.843897
11951.263261
11608.613754
11468.291650
11745.274105
12195.851301
12395.812974
12510.374944
13531.039797
14084.619935
13799.109455
14223.177721
14788.332556
14477.998981
13382.648843
13339.088347
13806.108686
13796.358080
14407.718774
15012.138812
14744.898830
13625.202698
13338.283222
11937.500056
11249.331048
11043.636355
11548.410854
11829.678783
11797.594074
11570.271034
11374.614377
11073.466003
10882.416016
11202.407474
11524.160013
11116.158048
11050.985317
10534.573738
10782.040410
11352.227088
12647.885581
13053.967059
13809.528776
13973.715433
13628.555639
12789.714501
12055.434474
11360.777535
11199.092403
10481.297543
10500.771854
10857.118249
11521.163466
11849.928906
12077.074930
11538.981042
11699.557749
11509.403676
11010.682199
10989.115989
11661.883371
12024.284174
11887.507869
12075.599487
12518.776201
12487.470224
12032.465851
12255.883823
12645.928394
12962.849890
12480.071571
12502.039935
12249.033410
11801.828429
11679.506509
12530.061152
12562.092357
12462.889289
12552.260689
11769.755137
11407.575019
11300.878346
10861.965805
10394.672056
10270.618279
9874.639653
9298.827210
9566.228485
9670.583929
10024.940216
10020.924285
10576.478766
10891.241981
11474.262493
11967.020693
12015.273089
11867.178858
11534.447078
10575.397377
9914.712144
9568.492627
9731.154351
9985.963456
11042.704470
11657.766335
12158.044982
12399.272976
12136.346345
10877.830005
10249.949228
10258.235190
10012.824250
9690.233650
9985.234970
9873.655156
10269.314561
10559.933742
10933.681928
11399.212320
11074.368572
10361.193266
10212.118161
10667.469918
10216.918105
10328.137399
10729.588238
10640.629487
9762.106567
9928.430121
10161.681113
9853.550746
9851.111315
10549.894114
11420.063236
12269.103254
12306.564989
12447.321678
12294.589142
11596.371085
11111.891647
11238.275119
10977.341910
10550.097110
10219.502728
10039.747301
9910.816595
9657.732750
10135.083988
10369.977954
10174.722772
9982.801912
10020.870740
10241.736888
9766.726626
9846.190787
9725.235862
9685.376885
9011.220226
9414.599456
9553.839822
10246.735398
10841.488174
11287.355256
11293.194240
11590.988183
11155.652715
11060.830933
10514.776804
10542.209915
9826.461928
9590.955072
9062.988313
9300.060184
9545.389348
9738.236830
9876.500457
10191.413121
10383.397732
10047.002164
10503.247513
9975.090641
9597.499816
9480.494872
9004.006627
8645.972740
9809.471767
10238.579386
10016.714448
10644.165889
10449.319701
10013.728553
9836.486143
10668.324894
11266.396676
11626.228129
11966.282199
12356.843453
11402.222716
10476.815025
10341.705749
10131.888754
9494.921064
9819.483020
10183.761932
10140.386232
10242.964231
10286.858439
10263.449734
10172.447457
10914.322296
10708.330054
10791.236901
10775.772522
11056.113455
9943.880038
9694.618503
9795.067440
9664.809689
8936.860453
9144.947348
9158.805058
9107.118722
8658.451467
8677.998353
8740.122417
8898.079524
8863.161058
9537.224341
10087.489989
10501.242400
10700.972673
10681.344605
10321.100723
9590.956099
9145.315480
9024.705000
9313.424310
9849.539836
10593.719915
10914.629438
10697.340679
10056.409164
10211.072493
9405.497673
9200.118865
9132.346457
9460.538042
8850.166029
9534.206725
9643.340930
10059.010741
10266.232653
10752.831106
10652.338117
10716.402613
10477.016518
10012.551272
9644.403904
9337.456876
8979.338131
9064.430172
9480.203545
9854.525562
10548.707714
10428.597502
10013.096057
9943.795912
9757.934010
9241.598941
9577.860637
9516.226048
9271.336792
8865.791144
8824.222205
8808.866969
9151.510278
8985.219300
9106.296869
9182.984176
9300.733983
8794.348793
9119.114556
9061.632114
8816.178485
8618.911858
9129.161872
8872.236209
8583.128386
8472.639145
8112.395402
7825.523195
7878.737988
7985.857458
8225.127879
8709.666686
8816.529508
8863.848970
9259.733061
9176.795390
8872.236101
9088.168162
9521.256058
9693.717422
9927.056893
10042.259418
10200.667321
10188.643910
10265.985674
10818.191410
11146.387047
11237.404789
11176.975168
10983.147943
10037.760497
9694.574194
8964.289536
8745.242102
8460.190145
8773.040638
8939.766727
9391.013739
9296.217256
9484.049696
9598.511006
9478.523876
9925.990178
10287.239219
10034.509153
9676.326864
9659.016566
9269.770766
8875.940727
9368.459524
9878.645083
9994.824905
9501.911407
9856.178926
9515.718585
9317.827752
9319.997883
9986.660164
9684.325563
9680.070448
9015.734571
8486.031066
8033.173798
8201.049911
8692.325702
9226.058317
9877.315439
9922.971206
9513.681211
9168.813547
9446.025962
9110.022785
9305.990685
9598.364599
9283.456542
8872.254942
9137.793826
9066.981602
9349.748522
9385.486841
9743.645485
9790.395246
9782.590251
9713.045119
9839.832250
9110.230044
8687.455567
8363.377487
8062.319668
8226.762189
8812.563750
9256.333526
9707.045199
10266.677880
9958.493550
9823.913308
9322.405523
8879.072500
8049.982463
8252.309848
7803.403334
7774.994177
7949.120946
8081.654085
7484.498033
7723.537511
8227.344151
8276.934908
8511.704134
8918.317922
8874.294395
8349.091216
8066.458139
7880.274556
7603.478795
7761.550082
7973.750700
8088.595744
8229.078553
8735.578005
9069.990532
9644.433021
10073.428141
10012.572717
10139.198528
9982.467660
9446.244137
9070.893260
8952.251962
8289.382214
8196.292837
7784.677537
7877.866487
8039.502786
8406.179480
8261.979177
8523.381785
8705.074965
8701.279766
8754.656124
9059.286576
8871.102429
8508.729190
8601.494951
8449.566150
8172.046095
8253.624578
8420.021507
8093.326289
8109.180955
8315.046207
8422.193146
8340.591274
8424.356186
8386.671910
8038.394039
8224.804399
8602.725059
9162.159088
9160.723466
9194.524742
8775.909987
8008.877524
7328.321040
7231.200351
7498.313731
8109.039158
8843.283429
8852.718183
8914.098725
9076.670381
8470.235521
8043.047428
7824.953360
8029.023592
7603.582726
7835.097633
7878.297307
8310.024801
8239.097536
8436.013891
8790.025465
9324.313799
9528.107104
9601.393907
10186.878417
10355.914081
10027.827247
9986.235168
10354.461832
10172.553038
9456.640239
9330.586918
8908.954308
8263.552734
7640.417220
7807.933196
7609.688332
7578.030691
7887.245829
8502.250233
8433.713476
8740.233543
9276.577563
9697.877345
9812.436668
10127.566744
9888.080596
9694.387497
8705.030391
8388.625096
8693.222551
8890.847986
8843.349446
9331.925765
9695.613992
9068.082110
8977.048234
8662.511806
8717.874780
8577.616232
8734.482771
8460.660263
8709.936966
8409.366824
7806.288883
7600.090880
8191.661539
8017.891441
8067.066474
8276.892632
8555.260959
8381.564726
8375.329976
8911.813219
8909.572519
9314.520128
9463.150348
9957.583123
9846.926931
10976.622622
11441.331913
11400.066362
11170.838258
11119.191208
10560.940161
10460.895986
10650.508877
10967.126167
11532.933566
11089.798811
9813.736024
9236.924291
9096.086396
8552.147602
8263.133970
8912.719223
9013.202794
8918.799145
8786.062411
9182.043937
9038.200570
8998.569601
8555.261113
8557.238595
8068.856316
8452.474620
8412.850562
8875.885175
8711.469243
8828.396416
8264.396771
8587.107043
8339.820694
8470.415778
8373.552815
8465.548468
8285.732635
8473.200253
8370.597127
8829.385860
9020.227290
9095.699535
8944.974245
9210.181260
9236.223353
8863.288685
8866.800541
8649.299334
8000.602454
7751.282308
7667.690197
7489.883058
7778.278891
8382.000800
8734.547400
9284.622036
9532.209661
9419.051439
9182.154755
8608.602006
8081.016494
7568.532219
7345.041733
7275.780744
7254.218932
7240.699547
7496.114529
7771.262502
8093.601249
8321.248836
8535.869418
8735.524739
8582.799075
8195.289668
7597.738264
7743.444135
7387.174139
7413.248451
7331.787173
7717.847163
7673.066294
8084.529108
8418.816919
9125.005732
9759.877902
10154.558983
10079.415037
10020.591970
9914.998977
9202.740421
8536.231484
8583.453260
8357.994787
7948.534786
8053.751650
8289.322418
7603.092251
7628.539571
7654.061300
7923.557986
8019.736863
8500.567044
8514.642900
8453.110437
8211.608496
7686.855507
7882.293767
7747.555809
7932.950203
7924.585391
8100.448850
7920.531241
7756.028808
7312.597758
7180.100785
6927.430795
6860.166563
6759.522137
6697.763781
6624.659532
6635.111439
6850.873777
7015.153853
7608.583205
7791.102286
8476.742057
8241.138563
8356.130063
8015.466897
8035.342918
8078.252896
8291.715766
8723.240997
8938.882174
9401.581939
8851.131073
8928.129020
8700.836778
8789.874441
8172.143052
8380.606484
7818.655651
7620.599234
7125.996553
7244.894948
7203.845557
7743.930270
8169.854235
8393.099043
8517.583370
8976.325402
8723.143428
8319.384048
8014.576415
7925.457072
7203.315959
7009.463870
6885.083600
7046.820510
7357.796216
7876.710845
8252.594936
8297.670586
8511.263252
8127.614699
8253.887559
7977.509024
8133.679410
7927.971606
7842.626906
7500.043988
7960.680848
8435.416268
8314.840913
8285.456513
8113.616990
7981.273086
7747.762192
8048.580843
8406.566089
8776.757848
8654.702949
8638.939772
8466.644323
8306.469982
7663.042887
7584.237761
7368.951016
7746.877048
8136.236307
8665.845008
8818.041495
9308.751420
9095.441610
8905.352659
8660.633125
8348.515974
7677.329548
7515.297603
7151.455346
7055.185016
7001.170864
7016.887762
7365.292157
7578.822661
7964.818997
8526.902482
9630.394709
9369.286788
9306.210035
9004.102921
8834.014205
7623.121968
7644.917036
7829.020473
8118.446436
7983.660825
8038.733179
8098.640189
7714.490447
7568.781125
7475.585758
7517.658124
7598.411007
8049.474007
8182.359234
8303.128925
8645.629993
8740.384948
8722.849963
8930.317387
9102.293789
9508.469518
10179.065557
10350.943201
10852.821802
10717.714172
10814.538954
10209.672484
10057.199273
9118.609656
9252.558294
8366.243524
8433.942866
8224.223015
8455.413639
8279.449505
8246.235282
7874.111367
7763.087150
8160.041832
8193.091713
8406.918635
8185.519008
8297.832178
7620.883407
7736.392283
7672.757236
7977.448298
8057.856136
8506.005054
8818.634085
9222.275804
9509.196918
9358.785529
9191.442648
8736.533586
8374.888802
7729.931687
7591.534231
7415.813012
7172.999852
7346.636904
7451.535499
7815.356724
7920.735603
8262.849535
8292.274529
8470.629202
8511.637642
8323.518150
8331.529299
8555.002274
9025.996760
9095.507613
9521.511075
8995.361718
8471.055901
7646.118439
7175.067771
6903.128362
7421.421362
7700.555618
8108.088691
8661.890917
9006.908535
9766.635273
9991.763248
9909.355389
9468.044908
8968.901787
8232.385159
7757.852829
7829.095649
7947.703617
8117.191242
8239.971490
8577.893411
8645.501733
8479.086948
8339.803542
7596.071716
7445.048949
7572.157847
8373.521953
8686.642845
8989.094740
8963.307625
8658.802200
7859.149969
7451.830819
7662.149043
7311.700272
7221.087210
7240.093078
7064.844155
6807.674065
6920.300165
7179.332451
7426.319115
7857.987443
8389.845118
8927.841837
9588.546396
9891.043096
10153.058602
9556.862607
9201.219355
8091.390275
7836.189555
7842.467913
8127.181389
8080.007174
8495.384176
8525.179957
8594.013812
8876.542004
9272.238173
9501.731929
9556.780560
8986.854483
9111.581083
8773.682421
8605.209305
8327.869415
8709.620005
8510.009926
8442.864843
8345.399733
8218.923449
7995.831697
7528.972113
7679.429742
7283.951949
7101.916657
7001.047478
7396.567123
7341.307651
7691.637783
7897.428436
8120.331536
8005.654335
8429.067426
8996.815641
9113.516665
9076.870792
8895.058386
8364.831260
7425.255057
7351.637759
7217.002076
7626.373144
7329.793478
7717.458404
7853.748298
8209.769421
8061.224916
8287.037225
8126.356488
7701.155057
7422.237559
7369.153729
7709.163881
7711.303773
8049.557637
7950.964988
7856.044580
7677.862181
8410.042141
8461.273695
8701.604481
8677.974953
8549.524915
7912.442409
8224.740233
8587.084918
9417.864621
9366.638560
9582.126003
9127.294998
8741.125459
7726.456052
7858.994530
7860.764326
8034.989872
8049.793951
8125.193714
8204.642108
7846.206433
7830.194194
7601.078148
7658.694547
7528.118185
7912.116470
8089.509785
8589.032753
8405.228952
8414.957477
8317.837016
8054.704107
7938.803051
8544.184536
8554.328963
8209.913883
8537.962753
8870.844274
8846.406439
9297.803294
9776.691356
9917.125809
9756.363399
9463.441569
9212.187531
9677.016219
9477.327238
8967.384556
9123.530870
9445.926072
9451.740330
9784.122989
10429.269930
10221.811612
9990.536780
9327.397564
8858.956327
7874.889405
8003.544748
7510.426128
7664.776467
7174.500796
7412.739572
7250.302883
7198.516410
6878.161739
7584.332980
7895.307809
8013.932243
8081.261964
8243.232894
7962.310126
7913.147498
8104.787198
8411.763145
8734.691892
8766.166023
8639.548061
8433.809860
8483.234737
8501.046780
8675.110930
8546.221467
8414.197633
8301.362419
8071.685160
7984.831787
8059.867154
8348.645011
8784.022490
8965.714993
8696.390784
8936.648229
8588.466121
8406.537094
8081.826705
8091.993342
7871.276334
8098.867309
7843.209529
7793.830003
8114.480596
8078.070044
8113.577918
8085.876062
8449.998050
8467.585853
8934.941348
8884.961933
8863.698481
9091.396830
9035.762260
9102.197843
9021.148117
8859.147915
8350.588968
8340.378456
7687.036391
8007.524470
7887.236151
7771.876752
7364.841148
7450.679796
7030.755865
7155.572724
7238.560259
7357.338781
7462.042810
7296.030470
7503.996272
7782.801992
8230.128108
8159.532574
8432.598351
8200.793905
8048.551636
7753.574848
7997.992252
8245.611281
8708.338709
8559.555490
8587.528323
8242.203132
7807.452805
7358.061851
7567.997575
7298.546636
7405.875281
7556.327692
7846.876246
7615.511918
7781.795063
7788.460602
7942.648619
7942.648619
8025.682978
8122.691448
7950.977969
8012.330331
7838.517316
7729.606253
7676.310784
7948.218691
7420.322950
7556.606994
7699.015576
7647.143085
7425.028573
7430.961478
7298.157892
7413.029208
7812.303482
7838.382299
7962.727865
8107.584212
8192.141729
8038.160230
8121.639957
8317.658804
8070.437765
8131.424952
7969.427630
8376.276691
8277.436314
8525.002007
7945.201592
7723.479269
7164.445834
7346.256684
7369.841348
7753.858441
7714.399973
8107.061132
8118.810404
8166.039905
7901.148326
8033.536245
8046.339164
8402.417747
8390.653185
8279.681149
8350.968154
8329.660699
8293.885165
7987.100725
8307.522406
8366.789317
8679.820698
8785.131338
9513.417952
10028.768958
10601.403033
10676.152705
10521.830791
10794.988851
10375.729873
9851.017954
8987.390222
8510.717999
7543.502694
7202.845895
6973.426626
6962.741111
7146.994696
7107.170234
7093.099758
7031.736013
7606.673170
7279.698532
7380.802991
7416.149199
7349.472450
6819.934466
6815.941961
6829.719617
6540.840645
6737.016865
7174.128644
7498.415996
7737.931540
8659.769101
8578.185176
8405.108968
8408.987432
8165.503527
7793.453130
7894.687724
7815.197810
7880.710688
7882.383554
8076.751591
8288.219655
8723.211538
8404.747705
8373.114937
8357.184486
8131.643649
8022.251604
8370.581431
8699.232786
8598.061406
8954.227218
8766.006017
8484.983845
8118.810732
7713.358592
7350.769134
6958.916511
7063.896619
7314.981037
7865.319416
8197.067505
9408.080147
9487.647434
9239.808029
8466.459094
7999.858516
6716.178472
6593.024822
6798.991411
7161.092127
7303.057631
7843.199342
8711.975692
9614.086814
9914.843836
10108.654617
10338.063494
9507.341025
8365.611728
8227.062967
8069.019143
7751.619324
7356.078891
7239.086054
6827.814765
6809.860825
6882.584021
7504.163482
8022.251604
8528.456079
8307.003915
8163.375397
8254.187566
8197.067669
8256.656855
8723.415551
9415.795449
9445.705563
9182.467179
8713.424436
8239.174878
7434.592437
6975.764030
7096.779441
7595.566133
8006.885293
7835.329454
7958.003673
7825.165815
8001.162702
7730.307006
8057.964134
8038.436965
7945.576268
7416.851084
7365.477587
7380.802991
7171.017136
7287.870546
7044.577582
7190.652258
7190.652258
7618.376711
7479.755820
7655.630629
7505.879337
7259.044625
7174.128943
7494.682981
7698.288310
7957.540148
8407.234847
8085.054494
7839.532709
7441.943863
7396.462517
7417.667297
7710.306292
7961.363324
8054.485133
7747.608159
7213.578785
7393.477390
7084.888111
7250.853703
7231.235117
7604.094279
7178.940797
7679.249786
7705.061089
7877.398649
7911.987243
8222.233722
8077.743846
8382.495761
8595.861394
8878.751101
9294.492778
9316.058106
9098.212710
8978.074089
8349.815570
7930.261214
7435.342521
7311.465426
7051.767011
7090.717326
6884.968149
7134.125373
7046.770796
7339.825544
7723.442970
8020.296028
8536.445714
8910.623349
8852.932421
8806.619177
8594.431191
8285.977010
8044.438471
8422.226177
8439.629095
8653.232280
8609.857541
8683.117529
8631.167246
8714.907547
8453.749835
8214.367987
8241.872622
7820.994250
7636.258944
7545.294680
7741.653671
8048.103331
8358.264451
8394.656232
8749.106681
9028.124617
8796.627426
9006.292701
8881.997997
8909.650912
8424.907653
8488.152364
7811.445482
7662.030373
7275.856456
7441.917694
7485.637739
7869.321939
8171.521088
8343.967051
8814.706309
9216.210262
9380.485564
9112.412898
9148.178133
8920.303904
8404.078188
7840.121365
7714.014819
7610.830629
7082.995099
6827.655679
6717.040591
7051.320558
7068.782683
7658.678471
7796.866103
8194.551234
7875.349914
7760.391886
7440.443987
7396.451050
7414.343666
7431.397323
7581.906750
7194.069182
7095.463142
7083.429781
7443.354058
7799.575938
8663.840867
8998.382589
9291.088149
9535.579260
9157.977576
8571.775246
8528.202568
8308.760226
7835.295098
7658.999914
7607.763805
7283.388151
7273.304950
7350.362745
7623.445622
7985.597992
8203.458787
8076.846770
7692.885406
7502.911724
7101.566773
6798.804435
6656.545836
7318.641349
7714.232446
8337.505900
9007.864176
9813.190221
9590.620494
9273.502438
8723.617428
8494.478086
7811.606521
8084.083932
8262.228236
8394.353551
8177.109033
8448.327640
8439.629095
8407.488437
8326.789999
8079.382134
8010.308497
8003.755489
8557.534726
9699.470031
10825.007516
10975.542498
11168.430253
10748.107932
9692.591086
8509.279468
7973.117153
7563.540762
7474.465988
7484.690147
7753.458928
8283.679351
8386.611341
8272.050937
8617.996486
8995.823631
9200.175730
9585.824044
9896.098873
10097.943488
10428.448441
10339.214831
10135.601955
9929.331193
9260.780609
8724.756167
8439.871669
8583.394719
8603.680035
8645.391714
8678.354395
8775.275388
8085.396839
7865.873517
8101.239727
7867.900752
7776.842685
7865.159509
7993.291984
7838.992361
8001.040164
8337.658555
8695.506377
8992.023223
9590.056109
9676.667189
9758.034469
9762.097936
9471.422605
8670.039366
8549.605687
8376.956699
8510.295029
8472.578887
8834.807196
8850.801235
8816.804503
8503.966293
8406.865436
8414.923135
8715.363154
8705.490912
8626.826500
8390.911484
8167.470033
7906.312272
7809.316205
7809.316205
8123.846978
8052.929549
8547.197537
8963.042351
9187.743530
9441.250482
9789.261416
9702.130918
9021.450941
8935.674016
8833.180053
8926.194456
8413.824822
8659.048363
8273.191277
8223.623580
7782.442799
7780.632683
7430.790990
7839.508646
7495.468700
7829.642067
8618.986393
9424.421482
9497.354822
9934.720523
9938.445212
9726.992646
9194.666631
9134.568003
8715.026490
8485.682581
7915.723498
8018.692972
7461.524663
7835.464079
7667.414014
7607.886919
7190.376767
7603.962718
7247.780636
7396.397330
7653.309539
7898.698330
7909.489424
7933.135955
8253.653910
7927.569504
8095.525243
8119.210708
8233.448691
8103.261126
8415.696608
8536.366056
8534.985484
9030.923363
9153.627959
9088.426951
8698.915556
8893.774782
8519.518917
8401.242967
8135.818612
8393.174181
8155.011883
8287.921412
8044.442755
8479.741891
8350.948335
8076.972133
8019.352389
7969.867954
7918.282640
7572.237267
7958.139850
7946.334344
8317.939564
8302.215833
8796.927914
8385.556060
8189.864459
8057.028306
7968.246172
7635.516137
7601.232772
7816.420250
7608.966365
7643.084685
7767.428875
8185.415978
8084.635515
8363.409981
8317.859057
8505.807606
8664.353014
8866.285112
9287.694936
9129.101248
8951.516951
8578.089338
8066.180418
7614.962879
8180.357496
8180.209793
8291.266268
8424.013890
8273.543037
7836.482302
7852.256628
7822.117185
7834.234447
7871.579158
7527.808574
7485.813316
7569.214024
8061.791603
8218.594921
8730.122882
8360.733370
8103.548289
7737.778513
7408.891368
7205.382376
7470.318216
7652.594371
7391.506051
7431.174909
7635.084551
8262.209400
8060.748169
8139.365175
8351.139103
8266.382739
7995.249987
8440.546190
8466.688230
8278.706378
8163.687136
7888.921963
7738.782919
7737.470528
7960.598167
8037.996611
8445.308460
8325.529886
8528.667024
8297.537011
8048.492045
7741.927834
8121.018235
8085.370163
8273.413288
8819.378791
9406.964087
9936.432808
10057.093964
10241.049012
9588.120846
9178.443475
8081.326649
7905.618277
7738.782919
8079.348807
7938.828668
8851.729378
9429.818649
9194.423177
9210.011288
8869.974833
8481.511752
7929.859274
8351.034859
8135.450118
8464.138049
8223.942082
8273.413598
8306.851157
8825.020151
8947.949054
9501.210138
9669.290347
9471.391407
8835.982807
8919.224055
8460.602473
8395.105255
8371.479885
8695.998761
8037.549957
7882.502366
7718.485137
7506.827685
7362.586482
7902.720276
8007.746591
8219.255886
8142.489850
8197.436538
8395.269575
8957.056929
8666.401273
8929.161275
9154.870031
9165.209295
8363.283457
8527.482037
8658.359143
8806.801266
8701.553685
9288.730370
8918.932262
8786.277798
8428.699849
8095.777759
7622.118147
7871.461764
7628.319583
7724.997450
7774.380420
7913.543064
8089.618238
8161.247586
8145.248273
8111.545607
8062.056990
7929.859387
8256.339016
8774.580292
9700.414170
10598.463660
11263.410238
11868.791131
11401.577499
10566.955279
9769.666287
9336.353531
8709.133087
9381.972040
9399.900200
9315.897492
9098.010004
9043.202915
8285.505320
8249.793837
8605.355766
9331.718470
9728.899185
10164.709448
10546.648470
11045.838596
10056.579960
9413.476157
8629.809464
8143.569574
7142.624535
7577.649218
7636.895762
8155.108675
8628.178758
8893.984033
8921.670552
8640.406735
8756.823619
8842.295303
9041.380671
8756.186873
9116.167114
8582.220707
8204.587257
8000.732452
8182.567555
8123.306335
8571.983685
8621.591211
8450.211094
8389.280768
8321.660797
7878.396047
7813.297531
8192.472218
9076.902283
9227.195070
9391.578275
9213.621338
9102.077948
8311.104207
8383.850830
8494.914278
8433.641449
8071.346144
8126.426474
8049.369868
8088.897174
8357.890076
8476.192105
8246.537198
8163.204329
8204.929535
8331.591063
8365.764057
8943.678684
9224.884408
9204.638578
8846.363978
8824.857443
8443.388498
7899.077011
7858.227586
8148.137384
8062.452782
7960.033510
8383.283434
8152.068332
8446.703095
9128.175167
9832.261430
10277.947344
10849.474687
10892.978162
10801.095189
10328.098711
9991.406823
9560.491449
9085.531065
8641.235285
8317.611089
8103.672064
8455.530303
8665.686627
8725.462436
8660.234011
8883.519152
8897.594211
8774.880463
8794.252707
8673.720548
8363.166818
8095.895599
8192.621740
7847.541333
8029.743355
8077.426374
7853.676491
7738.763826
7826.851296
8171.267731
7913.633762
7995.112463
7779.608436
7907.598006
7589.467924
7829.036262
8009.069037
8100.022076
8200.730500
8317.611184
8376.477419
8594.404024
9000.011217
9319.481304
9913.024978
10168.349795
9964.230999
9756.555605
9297.850840
8375.754021
7942.689670
7798.332042
7730.731860
7518.810350
8037.325086
8171.590785
8268.231302
8029.257897
8370.223931
8126.426284
8178.066148
8528.054137
8773.876354
9129.055691
9143.404347
9476.054135
9081.958870
9536.877292
9200.694446
9430.025947
9273.365760
9374.920340
9210.214811
9514.614392
9950.151271
10038.943664
10529.577920
10735.468459
10514.788814
9982.353356
9733.101743
9250.633122
8868.507860
8934.862823
9195.667418
9477.102788
9545.968275
9617.446230
9722.835346
9789.631392
10104.384089
11248.066086
11303.616085
11035.545079
10726.563246
10154.987513
9015.721534
8530.689872
8558.495632
8562.610831
8671.182591
8523.238105
8971.787514
9220.585588
9337.240038
9340.735125
9297.384988
9006.213537
8693.317971
8582.193598
8306.901563
8615.987675
8582.193687
9212.188044
9271.617492
9431.408491
8994.634716
8969.154171
8568.228668
8520.446705
8668.844901
8755.980849
9112.114773
8912.807404
9009.900669
9207.950856
9953.527696
10097.988631
10108.566372
10449.146593
10510.317486
10002.106848
9851.127261
9748.537056
9176.911898
9374.957529
9331.496300
9357.246643
9393.509468
9575.426928
8720.789091
8362.781342
8033.966524
8126.066459
7980.135164
8490.181679
8505.973364
8446.817113
8230.486042
8133.560221
8030.243722
8766.397803
8932.947139
9470.739610
9488.268945
9306.252109
8321.133718
8071.808592
7506.252369
7921.305184
7681.631746
8146.944586
8289.468740
8409.505400
7837.942557
7875.401484
7713.370601
7901.161629
8267.359086
9196.827421
10485.443585
11242.986484
11454.958118
11332.819787
10715.305166
10217.025588
9674.678904
9544.182630
9391.770993
9128.660239
8495.637165
8683.535878
8250.341133
8584.575753
8812.400497
9166.566252
8843.753634
9091.304374
8975.665548
9038.700431
8922.201502
9212.949762
9974.399263
9685.046258
9994.038758
10237.900545
10223.505733
9630.026603
9917.124214
9743.217739
9780.766923
10126.777888
10053.464195
10329.771921
10385.495822
10248.934412
10310.689078
10777.265469
10627.279173
10631.485926
10854.463877
10631.484814
9833.038510
9561.181948
9104.456399
8425.536780
7981.068276
7923.665259
8186.924852
8400.970761
8571.277705
8596.589949
8551.214112
7940.286996
7788.262605
7791.800178
7522.436082
7912.680077
8461.006890
8841.443289
8836.532067
8957.698828
8864.711126
8605.398479
8463.136378
8571.730683
8766.090015
8913.857042
8871.629206
8752.820096
8507.314907
8505.356443
8348.915494
8700.647331
8955.377707
9693.939860
9388.987057
9367.210230
8696.162943
8162.214955
7337.474382
7588.382181
8006.085090
8517.884444
9006.777118
9273.531725
9511.273785
9727.118297
9743.980187
9415.689600
9152.513627
8699.660083
7931.753711
7859.000933
8191.398770
8628.318526
8707.650448
8883.241172
9054.759529
9082.578262
9381.327104
9990.803429
10225.762927
9724.394069
9566.361846
9128.796571
9115.066193
9091.409096
9453.873965
9210.188174
8948.664365
8774.854999
8823.041309
8503.135528
8673.430757
8761.783831
8297.415553
7935.309468
8107.136024
7944.458016
8261.582665
8696.177639
8883.827835
9047.385294
9227.041906
8823.966666
8898.467708
9534.194306
9606.758893
9488.085611
9747.316324
9423.315720
8722.736912
8231.739287
8555.838073
8979.220875
9345.367180
9630.234436
10104.225864
9977.720129
9692.876848
9593.827798
9366.269473
9754.069451
10094.271105
10135.737299
10102.114682
9991.296511
9344.262123
8736.605169
8577.011885
8416.058380
8558.611664
8477.262957
8627.877390
8459.873891
8409.931822
8481.102907
8916.323373
9215.085089
9762.658122
10002.491974
9769.292612
9454.095404
9149.234861
8704.255505
8635.005749
9012.705802
9237.801220
9190.116196
9271.479064
9287.364607
9004.302797
8487.789661
8448.606210
8084.366685
7913.718795
7747.868626
8052.478712
8204.751528
8309.557078
8111.488875
8123.420848
8035.479199
8072.798330
8221.825095
8348.509640
8640.734987
8988.114431
8927.042578
8871.762431
8978.426889
8703.409569
8354.312709
8246.886202
7928.853239
7750.676811
7912.812952
8454.952991
8856.522128
9157.764719
9509.375466
9642.220588
9470.758977
9260.587620
9720.433573
9941.420475
10202.658938
10155.295511
10044.816894
9645.026292
9239.354595
9004.093929
8851.679226
9152.531857
9712.338726
10088.163404
9860.791116
9648.474387
9183.540603
8601.893383
8076.221117
8240.240479
8565.645964
8926.092286
8878.164433
8947.749406
8723.800177
8655.456037
8594.305972
8806.450961
9272.721231
9634.814817
9694.717074
9609.370781
9635.156707
9299.056548
9184.237652
8790.005746
8693.375373
8443.698663
8499.608840
8487.305784
8978.287629
9158.397975
9278.813001
9344.261656
9903.967401
10002.592443
10067.873381
9674.349517
9489.862799
8962.715195
8970.347608
9004.210163
9657.086614
9552.829082
9435.762178
8739.239446
8404.888525
8072.248705
8401.078283
8783.135730
8906.871422
9430.956109
9544.136606
9300.520175
8859.323028
9067.538507
8499.881798
8600.700896
8834.093762
9127.023221
9102.644611
9932.183148
9908.643248
9637.485615
9488.700519
9429.294887
8971.708465
9306.234828
9476.663034
9080.788681
8756.850343
8351.255663
8118.370379
8078.481522
8375.283214
8694.744702
8797.478815
8460.966203
8271.516570
8393.803657
8149.360965
8108.182531
7983.320783
8060.763927
7942.107629
8683.436779
8701.310909
8991.843946
9227.234248
9334.315744
9120.124208
9843.928360
10671.488252
11296.324501
10995.699346
10652.684102
9862.961814
8941.347421
8116.417727
8266.666399
8401.803403
8522.641040
8544.159608
8677.144656
8866.510855
8896.765622
8981.621185
8757.854615
8704.740764
8700.904686
9269.108600
9704.063337
10594.298990
10386.840812
10560.495503
10198.386708
10012.702701
9446.184063
9985.046674
10144.829283
10477.064220
10439.301450
10793.780792
11096.326209
11072.835427
10713.081882
10625.578902
10271.621410
9303.973862
8863.192916
8571.524614
8232.696512
7871.104123
8191.505860
8181.438215
8117.532413
8174.600770
8038.229275
7935.270549
7959.138037
7882.124427
8323.011995
8965.987658
9101.176280
9007.445607
9114.709273
9007.723156
9037.587953
9464.808587
9724.040995
10093.099108
10068.523176
10021.415364
9560.589568
9501.353459
9031.710307
9119.027792
8962.962312
9328.469261
9158.595021
9550.730886
9352.395031
9586.417231
9283.186156
9426.186450
9897.711453
9982.492725
9944.361234
9928.860604
9895.644792
9119.796267
8963.380451
8866.395418
8842.947880
8830.506716
9126.898533
9700.305463
9676.509862
9769.678921
9862.474105
9699.841605
8878.413448
8955.484893
8844.876537
9012.950252
9137.230550
9747.031914
9865.381408
9776.661497
9553.333390
9356.165905
8639.651020
8356.766055
8710.677103
8687.135708
8357.027332
8726.803841
8610.125344
8109.528288
7959.462490
8683.592163
9213.899718
9639.590240
10062.086101
10509.742942
10258.555091
9750.171707
9472.904869
9797.558701
9498.621993
9590.864363
9642.374536
10053.627942
9750.933808
10028.006152
9893.466344
9950.519688
9226.291338
9097.381574
9088.057360
9623.288005
9849.279855
10411.033361
10438.860344
10126.005689
9468.181873
8926.273914
8609.819029
8136.653544
8144.636027
7979.710519
7965.450541
7712.692408
8135.735747
8365.401317
8760.131540
9026.879508
9386.542354
9363.446197
9286.226876
9189.323942
9219.022381
9029.323286
9258.992382
9315.995002
9449.525305
9344.272347
9369.488967
8994.104453
8797.982588
8797.982588
8843.567742
8861.843308
9150.241655
9215.633105
8943.516612
8915.455421
8896.118256
9016.661694
9159.095683
9388.286798
9453.887462
9748.392046
9502.900862
9313.305785
9313.305785
9766.431797
9702.950377
9746.734004
9683.416851
9646.799352
9298.398606
9608.995798
9418.947925
9259.119120
8954.526464
8984.458309
8616.364347
8505.507210
8554.925344
8464.981547
8120.667174
7911.569585
7968.663685
7705.122036
8161.786056
8486.144049
8707.930084
8705.561167
9218.143116
9183.716362
8897.086200
8898.629978
9364.124250
9529.899162
10104.440034
11255.813365
12081.011632
12358.092162
12324.509456
12266.718942
11206.073863
10491.895919
10297.861225
10515.323219
10121.161453
10297.520114
10504.992633
9968.993275
9699.905463
9895.127243
9601.853711
9334.838999
9620.332659
9756.396400
9424.173773
9426.254614
9426.254614
9731.226454
9601.942560
9458.834480
9856.274873
10212.032119
10222.265922
10763.827674
10760.112690
10451.344394
10115.274995
9865.522213
8969.594110
9225.004056
9750.831692
9918.858387
9938.831087
10566.098540
10730.962877
10141.219336
9910.100949
10021.033795
9622.805055
9306.103061
9608.761864
9537.224198
9430.442141
9622.111025
9873.441213
10136.140699
10589.777476
10955.566921
11397.117831
12513.579104
12307.417935
12155.027014
11739.900056
10976.280251
9651.653200
9580.359430
9473.246082
9386.205379
9841.169227
10428.702069
11324.899513
12458.017181
12305.275956
12174.568214
11608.364703
10650.848808
9154.966347
9224.729891
9319.472572
9252.418246
9124.123327
9345.699679
9713.346078
8944.156765
8789.951656
8774.230531
8854.980949
8670.997450
9460.430296
9756.405175
9843.345208
10401.700596
10828.657306
10943.130198
11318.351423
11579.737740
11144.491855
10989.827234
10685.121495
10440.649381
10073.129670
9906.878973
9928.563066
10124.529916
10040.822940
10658.408072
11366.067551
11407.887738
11586.045718
11697.473397
11100.241883
10538.201177
10642.800030
10425.310234
10598.916335
11252.119048
11711.297111
11151.081329
11164.906046
11364.411373
11087.316834
10568.457624
10590.530084
10525.344918
10354.147747
10375.782582
10609.210468
11095.772520
11687.398182
11421.212128
11823.333303
11886.454374
11599.800310
10590.529697
10608.304871
9782.567724
9477.979939
9693.974816
10615.278718
10665.251872
11408.686355
11559.075667
11317.705205
10707.336535
10438.772702
9874.706957
9670.637330
9704.562257
9759.745836
10248.699699
10780.699916
11734.396945
12163.796558
12662.431324
12349.702946
11900.483074
11208.036710
11251.597251
11106.773590
11190.360376
11531.286605
11849.460818
11900.783744
12496.058580
13259.006505
13963.712438
14383.003758
14385.474541
13476.992361
12591.837312
11774.766243
10640.950667
9918.703255
9839.543987
9855.184922
9882.766854
10297.866428
10321.394101
9951.730153
9777.874407
9631.189738
9556.411427
9554.280254
9645.460184
9656.440411
9850.120832
10095.703978
10829.248921
11415.112795
11978.666839
11697.925647
11173.291400
10752.221049
11147.751843
11409.300887
12038.810003
12485.681940
12113.446524
11565.833837
11267.054336
11458.058009
11507.149694
12075.105340
12337.956369
12072.295778
11359.878673
11263.277347
11000.132276
10728.976740
11001.018162
11234.778985
11379.635914
11042.829515
11009.153480
10724.027391
10458.667109
10061.100032
10682.399183
10660.847138
10759.403088
10638.918824
10666.153769
10468.507984
10747.161091
11287.574772
12066.898921
12385.057172
11956.146384
11645.755295
10927.584871
10521.844221
10062.538787
10084.718674
10179.256587
9963.028210
9426.700098
9699.850584
10061.601559
9873.918683
10079.527852
10328.614033
10366.852266
10182.641949
10225.726297
10266.399966
10539.494501
10250.723633
10331.976242
10601.247716
10746.804799
10646.171893
10598.352045
10489.746790
10109.492811
10041.008715
10025.532671
10652.553468
11133.186440
11180.978288
10942.748668
10424.998734
9828.828087
9209.804999
9340.465166
10015.168950
11037.835538
10817.058112
10755.458986
10264.717352
9351.723307
8893.051131
9555.237347
9761.296001
10208.249932
11022.653798
11232.578544
11323.217772
11266.362577
11725.435611
11592.125439
11331.233940
11022.353415
11358.767935
10949.026491
10722.529710
10640.878923
11082.430571
11576.777579
11994.113291
11528.848027
11309.248754
10751.960813
9956.164822
9995.795538
10840.349643
11317.137239
11069.760429
11275.789136
10986.752640
10686.788352
10534.360630
11327.476297
11196.955400
11118.202323
11342.614434
11380.416120
10559.488950
10361.623148
10159.994815
10333.432196
10238.548060
10552.762835
10919.272353
11172.230793
10572.370465
10433.889383
10849.300932
10777.864280
10383.917828
10270.892049
10262.943286
9740.638305
9728.236852
10506.106354
11417.372246
11838.401088
11662.123184
11304.357820
10647.098104
9839.226624
9328.836706
10096.676418
11066.026040
11410.275200
11519.420165
11692.367400
11266.433548
10413.471397
10390.013319
10627.797878
10612.058706
10428.251953
10188.379235
9699.964446
9680.348866
9962.089908
9884.439664
10317.382951
10707.847109
10525.273508
10394.661355
10515.174548
10604.223744
10879.141113
10834.624428
10565.401158
10510.110541
10217.207711
9795.138775
9969.303460
9937.673762
10164.988003
9715.919573
9358.253709
9340.647759
9488.852343
8954.827504
9400.361123
9895.071190
10265.479732
10590.167137
11209.207026
11706.002736
12123.246777
12316.267406
12552.123251
13158.896846
13501.418326
13679.326468
13014.750649
12528.313364
12092.780486
11491.809802
10631.365270
10325.027094
10258.948678
10298.489696
10546.472764
11202.762291
11466.488780
11304.343645
10858.711600
10425.494784
9630.221572
9529.412637
9838.432781
9838.432781
9568.956579
9894.061721
10577.154015
11319.093307
12182.276768
13153.393843
13141.404029
12834.924221
12306.524649
11875.429262
11552.957703
11287.672032
11086.500490
10652.968232
10225.523724
10174.061346
10681.032723
10806.978338
11202.745419
12370.145916
13041.005697
13361.354383
13667.656218
13685.856008
12680.800065
11418.113282
10708.257489
10234.150326
10396.691360
10721.284018
11450.954438
12092.325232
12790.932553
12925.239738
12613.036899
12500.308910
12324.137231
11614.617698
11406.848501
11877.879377
11748.387134
12158.372959
12507.780559
12236.856698
11611.692831
11696.727734
11002.085251
10608.462007
10368.298270
10914.543895
10999.907755
11646.701650
12570.728124
12166.653385
11313.966146
11021.251199
10200.151969
9085.682705
9430.051695
9509.138594
9415.983188
9473.285368
9544.271727
9483.196333
9621.288538
10155.345255
11042.450848
11494.223386
12000.960989
12303.551705
12214.226237
11658.329372
11332.775800
10681.727718
10448.538476
10284.181542
10084.355182
10234.077163
10361.035217
10220.382411
10060.031033
10339.044786
10675.440866
11817.025413
12792.339876
13354.223203
13653.098394
13721.741616
13096.318344
12514.717244
12449.500255
12360.175506
12203.655620
12453.599288
13395.409466
12983.050011
12662.920355
12324.550652
11568.661151
10437.206020
10690.071167
10658.695020
10702.942384
11465.180383
11846.873255
12123.825850
12494.494796
11943.193800
10979.570182
10486.685928
10332.805957
9968.914347
10746.787738
10580.266464
10538.855453
9630.522604
9490.088511
8881.868622
9154.749432
9465.360416
10469.988675
10826.275201
11405.634368
11763.416129
11524.244053
10910.653452
10594.183580
10598.330861
10285.901362
10246.692673
10226.013676
10619.780867
10418.411240
10634.235299
10593.158765
10576.856723
9967.787975
9695.126831
9487.835714
9885.373568
10233.824022
10376.112768
10688.783635
10849.284565
10506.863162
10362.070281
10679.036985
10336.392955
10225.312075
10060.988202
10559.607402
10797.062987
11514.986682
11938.211209
12537.555181
12527.608364
11961.465270
11266.674534
11261.116065
11304.494168
10348.564332
10063.941530
9798.572577
9250.541757
8832.931657
9060.110835
9340.791868
10116.488769
10870.721032
11399.315031
12182.675218
12605.253113
12781.556529
12376.223838
12035.569260
11780.322938
11553.044484
11100.753782
11225.728013
11763.585716
11793.248457
11862.590725
12378.665443
13081.331922
12949.209464
12681.779908
12782.693782
11859.068277
11212.244252
10762.900634
10929.282423
10884.773069
11688.824704
12088.718835
13317.303933
14071.034967
13899.106882
13510.946663
12733.928040
11837.436301
11485.035966
11349.078050
11213.447434
11197.874311
10762.796432
10325.669279
10930.834920
11798.630669
12137.319133
12572.545981
12307.224870
12413.914971
12034.911711
12266.604227
11805.403283
11623.164088
11063.262998
11059.020186
10914.560390
11652.656093
12895.424506
13872.082386
13576.435781
13331.409868
13090.516183
12209.679556
11079.786472
10702.378718
10866.361254
10404.163501
10184.458505
10417.874189
10694.300625
10478.055130
10662.507454
10785.146495
10862.432663
10973.696639
11322.365566
11571.080468
11585.375780
11662.146903
11574.080597
11524.892890
11716.806329
11863.356780
11600.244057
11913.594356
11753.082979
11630.334033
11922.963119
11545.303838
11217.193755
10876.900598
10291.659531
9578.908791
9935.208524
9847.390722
10871.923736
11706.735283
12593.131049
13248.422122
13700.736186
12602.824839
11747.741068
11316.725760
10829.440273
10906.867395
11739.973267
12357.421084
12651.883353
12691.112627
12365.793293
12110.555863
12413.206505
12719.951506
12250.736422
12370.597976
12527.322558
11904.293646
10806.115579
11065.230761
11185.100784
10890.926315
10918.590904
11491.987956
11824.099862
11549.637050
11619.119340
11640.848413
11266.703331
10865.628629
10586.401190
10462.249997
10729.210099
10920.909427
10891.487088
11004.987635
11520.996819
11072.460616
11374.994543
11588.901812
12147.870031
12330.306501
13072.481040
13139.492351
13554.609485
13546.231193
13277.148737
12234.137991
12125.223266
12495.499453
13167.057036
13611.760846
14569.337809
14763.504355
14217.389392
13608.743699
13400.664386
13258.172168
13284.047936
13430.374008
13394.089122
13300.844275
13583.435488
13924.223713
13429.974277
13045.759905
12642.206567
12169.608272
11720.258014
12327.685603
12700.737011
13056.032948
13003.283171
12560.573650
12087.203501
11637.110062
11288.455827
11049.673178
11209.586165
11601.662159
12101.206231
11501.892889
11394.617930
11528.883495
11115.776096
10744.948786
11079.473480
11423.809327
11486.907522
12060.897401
12377.490469
12326.328991
12150.274935
11995.736058
11353.063566
11249.925830
11976.025393
12002.036055
12405.608748
12716.174408
12609.034518
12242.971059
12270.486493
12337.864059
12369.803231
12869.038856
12374.887564
12113.033058
11432.301973
11062.775226
10312.615242
10401.763586
10306.123167
10191.583070
10634.746837
11390.974921
11411.166011
11840.599337
12210.438259
11571.259042
10690.498861
10801.343335
10900.436164
10625.356989
10918.604063
11254.531930
11484.177779
11573.117886
11413.076382
11064.664252
10865.646800
11237.585311
11486.697457
12216.747683
12748.916193
12892.483154
12894.885127
13248.600833
13228.627577
13006.788713
13005.170469
12638.446087
11669.856434
11467.942832
11558.944643
11951.299234
12179.029045
12465.492617
12295.287635
12455.472565
12552.275796
12941.418229
12759.900825
12589.888747
12120.775013
11340.539362
10325.835607
10096.305179
10272.242450
10476.309480
11035.482337
11656.807213
12046.064808
12530.724020
12940.579967
13099.269751
13085.605069
13405.525545
13633.225388
13942.021117
14128.584107
14191.959079
13895.859984
13343.439913
13170.802665
12304.901017
11955.016997
11946.886922
11814.644104
11553.115669
12412.895351
12626.429338
12636.475064
12624.344318
12755.111486
12552.000241
12521.672522
12691.349934
12715.822880
12492.242374
12324.827659
12590.186789
12182.604894
12263.470848
12343.225229
12576.396112
12364.762492
12321.369923
12502.925577
12825.696600
12435.488524
12195.979280
12376.237963
11675.718682
11339.218107
11568.737188
11896.992840
11432.018381
11491.835936
10911.780221
10755.502648
10947.264496
12123.552083
12623.810980
12773.851349
12702.465052
12721.844878
11886.860916
11657.686595
11746.481987
11204.189067
10688.040555
10636.349016
10976.756714
11756.203931
12476.711148
12842.739842
12700.122167
12009.407801
10971.109585
11189.345322
11009.419940
11215.052614
11937.359189
12508.665263
12029.033326
11864.615112
12173.369751
12174.986270
12590.910067
13128.789332
13461.643214
13130.164466
12802.219479
12207.145149
11613.166827
11277.190042
11282.943387
11532.336505
11596.962747
12002.447814
12312.952630
12722.409559
12662.981875
12982.307243
13180.980366
13535.233952
13396.308854
12829.108243
12245.366610
11643.134741
10879.042544
10801.698167
11278.585961
11601.523530
12079.371954
12732.759230
12562.218406
12370.200982
12637.040261
12418.699162
11795.405097
12032.716334
12260.455806
11979.220894
11915.214689
12326.781990
12587.646139
12773.957383
12494.965844
12214.049526
11733.301430
11595.152164
10973.407295
10776.029168
10720.165562
10634.774039
10567.569423
11083.438540
11586.456974
12300.172317
12784.812446
13190.642284
13958.539569
14868.623605
14658.122512
14506.578481
14007.286994
13061.725951
12038.971852
11993.909156
12080.851742
12059.249450
12086.761146
11796.031260
11570.705866
11473.837541
11370.900191
11380.691813
11541.200345
11670.011313
11846.190063
11917.068120
12019.915151
12696.776456
13005.346810
13458.575064
13753.196788
13790.459083
13369.553374
13140.438726
12453.691759
12164.546006
11472.405435
11244.488759
11221.256157
11519.580167
11569.266381
12376.493295
12293.350607
12162.531930
11906.975548
12032.204105
12129.187064
12918.283040
13284.648435
13041.433694
13073.391389
12853.241412
12406.226052
11851.008134
12120.551866
12045.139406
11928.069506
12286.614119
13197.495707
13573.556558
13314.212197
13092.393714
11956.779850
10840.407544
9773.784316
9398.394086
9186.670464
9538.111263
9600.994194
10451.344914
10576.166323
10654.994291
11258.466787
12384.088040
12397.899929
12703.814283
12537.964970
11877.720666
11397.917372
11441.008519
11133.982548
11401.179354
11840.466067
11746.197678
11687.013584
11863.020253
12157.845768
11591.915541
11227.730293
10735.245158
10707.796681
10439.681991
11176.226408
11662.428923
12321.733197
13207.945009
14296.362244
14685.957344
14737.114328
14410.482678
13352.462716
11923.880187
10762.717742
9991.025622
9838.719404
10093.862667
10949.854652
12134.039980
13261.062105
13615.782577
13775.426947
13615.782577
13122.510555
12499.254114
12793.290167
13462.216994
13513.837067
13864.241823
13840.033142
13511.729100
12708.945003
12233.643288
11806.457164
11712.551773
11441.159172
11866.910176
12246.248841
12209.073510
12101.693986
12273.915534
12383.159093
12792.017776
13244.962394
14040.689754
14271.804797
14158.974542
13860.115591
13361.593803
12529.984819
12065.365493
11358.841589
11054.333399
11109.902955
11362.536974
11507.002210
12084.682491
12468.547081
12711.729041
12960.997235
13037.739558
12982.416115
12739.024619
12805.787179
12713.847736
12403.873332
12031.666315
12124.039279
11987.958396
11726.253914
11807.523586
12072.558227
12430.455047
12856.163475
12910.060765
13228.257857
13604.081938
13598.179919
12882.256582
13295.740167
13598.297502
12935.543697
12397.538933
11942.395630
11333.426503
10769.401039
11201.198808
11211.042150
11832.391828
11965.504494
11996.840603
11939.674735
11836.402763
11567.626050
11906.349821
12396.818121
12293.678939
12353.228338
13200.021630
13264.589196
12739.795695
12951.763572
13218.820375
12308.591018
11909.816548
12040.379369
11461.187072
11063.179105
11381.383618
11399.246984
11480.427047
12111.039437
12661.355200
13284.332238
13509.551399
13424.567491
13200.450558
12682.611502
12122.629955
12075.517429
12028.097671
11895.452253
11567.211228
10999.421698
10613.328591
10742.193259
10491.003161
10696.735328
10943.362968
11466.787895
11227.515642
11253.097185
11379.953460
12074.232973
12588.459476
13454.690006
13965.312553
14477.926542
14289.996173
13400.588709
12364.042503
11920.492056
11417.981097
11248.051025
11299.481896
11607.971948
12019.732896
12039.230354
11716.741474
11491.931412
11430.886102
10918.523550
10892.309720
11412.777661
12096.512434
12357.683610
12717.626650
13014.335703
13386.066575
13572.737198
13467.725651
13295.696708
13489.515923
12888.177001
12508.288330
12688.450266
13327.831713
13404.872571
13958.884300
14745.076857
15163.084751
15446.216709
15739.150998
14764.937227
13436.267793
12573.616999
12017.400460
11681.688611
12290.888368
12687.426799
13055.369956
13599.111781
13186.019661
12835.472169
13082.002912
13036.992167
12049.918982
11788.168079
11517.349215
10882.958517
10991.940022
11171.716940
11298.357838
11363.857851
11545.620082
11079.322914
10791.927232
10698.841869
10853.485512
10701.157097
10872.775722
11385.687010
11797.292235
12101.818599
12586.445115
12376.544189
12329.005466
12313.099289
11945.403368
11915.261023
12392.519473
11782.762868
11319.591991
11517.750419
11474.252391
11900.323833
13014.172167
13480.534120
13255.688468
12976.309236
12347.616698
11573.680101
11202.112396
11132.816183
11357.859156
11629.014297
12358.787653
13136.663837
13908.112856
13502.885534
13154.491979
12562.857546
11906.471645
11308.875755
11450.442926
10920.164122
10597.685560
10354.359991
10502.439455
10597.060571
11346.496710
11271.261502
11360.325624
10947.286640
10857.369113
11001.342983
11614.858258
12311.302842
12863.505358
13146.358052
12910.846439
12675.377931
12471.306727
12327.208521
12313.904945
12405.466163
12630.568121
12615.187271
12610.674302
12670.964229
12734.347367
12934.267690
13327.951372
13998.466894
14619.859939
14893.337212
15017.804532
14499.544683
13783.783469
13215.226530
12989.453461
12530.415400
12405.962908
12615.921974
12454.924289
12118.994702
12202.054444
12597.169660
12777.632533
12627.638074
12538.137638
12683.075119
12376.308699
11638.008116
11217.895594
11170.918315
11228.003942
11905.115406
12581.409195
12662.720156
12229.643683
11572.554844
11095.822899
10866.155755
11254.151436
11700.979265
11984.369449
11867.928526
12298.899337
13046.376473
13723.443372
14233.954367
14453.243233
14259.745913
14192.992745
14169.582650
13507.310562
12830.079952
12470.256837
12096.851571
11895.365392
12304.735568
12625.226330
12886.851266
12670.326600
12895.634365
13047.205895
13101.347505
13263.040069
13299.390964
12339.012696
11805.500199
12216.899813
12298.303141
12670.974202
13205.143547
13749.544713
13545.584820
13222.922658
13034.335126
13222.508261
13197.039463
13244.339135
14599.277543
15606.614991
16410.379648
16362.709678
16500.906214
15316.003840
14415.815587
13990.210294
14396.013575
14198.078447
13806.206966
13459.065011
13039.866248
12529.282463
12375.356410
12847.303651
13278.324333
13410.998286
13043.088209
12999.684403
12859.072000
12820.875208
12533.764661
12507.800420
13229.902780
13526.930170
12812.999585
12366.011973
12797.792936
11924.872195
11264.028541
11334.464202
11827.306753
11732.605319
11712.762000
12090.621146
12298.531014
11981.677187
11727.961806
12811.149452
13602.287873
13938.934086
14284.808655
14316.544004
13865.537137
13078.260599
12975.551998
13451.923208
13436.165317
12963.099256
12641.349250
12343.378002
11611.142052
11884.083835
11787.326689
12096.107526
12648.381615
12935.479865
13091.915228
13141.316929
12842.828960
12855.696467
13078.903928
13589.465425
14062.272205
13880.415430
13228.491930
12905.958255
12791.408320
12555.688759
12965.501783
13242.515813
13065.825078
12426.969898
12526.050559
12616.795744
12970.556419
13911.567655
14254.952577
14151.390205
14183.117967
13889.430487
13628.547145
12874.499509
12555.798776
12370.160882
12072.220818
11744.257407
12214.538707
12651.867508
12647.877309
13387.113112
13294.768023
13591.035882
13416.735986
13642.538101
13443.569704
13621.244674
13380.311079
13091.417196
12545.343412
12019.887754
11713.083705
11998.312973
12239.830438
12712.083304
13197.111866
13598.361238
12907.760640
12836.194466
13006.440896
13210.259838
13281.951542
13366.785845
13444.238724
13012.823052
12526.353803
12231.350739
12892.278049
13398.716174
14199.896022
14174.038522
14017.971897
13616.221233
12997.184400
12024.005679
11688.809300
11823.765606
11792.051677
12009.788151
12852.510728
13141.745028
12817.025448
13183.432140
13300.173219
12602.010781
12471.011968
12694.916867
12506.891333
11952.571659
11787.036073
11767.295859
11464.521658
10959.725014
11826.189362
13030.678926
14310.585262
14933.573791
15350.663077
14443.153761
13305.035721
12261.207637
11337.610699
10862.560403
11175.388038
11339.283764
11381.969846
11754.741546
11906.610857
12050.936868
12596.871889
11945.607371
11816.953683
11787.490422
12044.549983
11906.286663
12478.527580
13045.884774
13360.961764
13054.448944
12994.621679
13011.601623
12576.581334
12202.723319
12046.006475
11696.343177
12084.069311
12620.402354
13087.140201
13977.310339
14796.533028
14822.223163
14883.670845
15406.104858
15215.533843
14996.538952
14488.090508
14484.200173
13649.522341
13303.328393
12939.014172
12579.134610
12266.744080
12812.669451
13028.789149
12844.163219
13103.270764
12961.709665
12474.376288
12304.376334
12603.344028
12791.654849
13236.949783
13848.345627
14457.099378
15406.746724
16189.755601
16628.909445
16336.011512
15509.613520
14968.610415
14385.892028
13863.805426
14027.285988
14672.618959
14803.427253
14310.548441
14387.556848
13955.963362
13328.724849
12933.352467
13660.060000
13865.588494
14387.971338
14807.523955
14975.865322
14716.428769
14118.768635
13647.491683
13087.414907
12925.390098
13264.626185
13899.377033
14779.742236
15389.065002
15448.125377
15262.371130
14899.990645
14142.566895
13885.328378
13453.764338
13455.340015
13157.714969
12812.882551
12506.633883
12403.924967
12892.258189
13158.984167
13602.391798
13567.054952
13426.484796
13274.108346
13800.169060
14035.687480
14554.290281
15939.194992
16041.647709
15770.318778
16170.967418
15755.327177
14778.141180
13950.537646
13554.559298
12868.334249
12684.186724
12330.234110
12561.871334
12745.608363
13052.298517
13825.603631
14656.747576
15004.227540
14677.657895
13974.839236
13092.411646
12188.409211
11701.597116
11846.493529
12164.875177
12527.119915
12653.606367
12461.164130
12524.351272
12322.261051
12273.148730
12322.261051
12255.782977
12208.730145
12728.756676
12449.616996
12761.914971
12852.411312
12615.169608
12327.998561
12462.666459
12284.640467
12687.515691
13128.736985
13237.411119
13395.840721
13308.542059
13010.961199
12878.243552
13186.360026
13825.407856
14472.181328
14773.745724
15029.221326
14807.600902
14158.483123
13285.734332
12748.426697
12310.853358
12015.864756
12384.153097
13442.589679
14106.856428
15088.674302
16081.675330
16136.569229
15335.675515
14716.382466
14001.923985
13271.733696
13000.887464
13554.622792
14686.427906
15214.873249
15452.834201
15420.012333
14601.925792
13684.123899
13134.142752
12459.513701
11906.957538
12271.153708
12993.761899
13749.712719
14447.950917
15342.150603
15698.021391
15711.243736
15372.455448
14874.139689
14415.313108
13988.256620
13649.210411
12950.904599
12739.212860
12780.712558
12644.275990
12571.494788
12780.966491
12969.321788
12888.124376
13067.929939
13055.246246
13207.529658
13806.539460
14242.213110
14052.320418
13951.642174
13688.312058
12999.919726
12546.701188
12975.951074
12920.390377
12912.401750
12645.514287
12591.948263
12803.807716
12780.232512
12896.233487
13563.383007
14507.563805
14772.381320
15052.973805
15146.288939
14920.775858
14041.933908
12952.074910
12774.125952
13082.523583
13353.825961
13334.097084
13438.994439
13336.016829
13041.231854
13385.466314
14205.962463
15318.393424
16126.397552
16781.261423
17129.617004
17352.884034
16846.178612
15937.979628
15625.581494
15017.856161
14350.705548
13787.389127
13699.755279
13594.330570
13252.174819
12970.893059
13770.193037
13671.806667
13218.873339
12902.712541
13005.317680
12870.696340
13524.532267
14035.029272
15124.469353
14523.551615
13664.865925
13261.885765
12652.353866
12096.644701
12478.703966
12917.856525
13031.104601
13363.661355
13444.800432
14016.642278
14232.343503
14470.212456
14538.717419
15071.507714
14998.106669
15437.694562
15523.178870
15642.405490
15382.749217
15590.379107
15240.438560
14829.042282
14281.186466
13726.780580
13125.191222
13182.807115
13705.667408
14443.882766
15541.352998
16497.396725
16875.216067
16212.936635
15200.066807
13437.208080
12135.323730
11579.627195
12286.722596
12298.686333
12565.641529
13022.597976
12919.853431
12221.377406
12660.510003
13271.591435
13489.421594
14182.051414
14608.090470
15168.200608
15075.296014
14900.759803
13989.278200
14055.843669
14243.548767
14401.648024
14560.564225
15384.859417
15472.922812
15067.386902
14749.119789
14436.312492
13722.075092
13245.648875
13438.471653
14217.882102
14710.623204
14524.235206
14702.376562
14706.343123
14117.223356
13439.835735
13515.357275
13108.018083
12675.062773
12852.635504
13076.364618
13507.952063
13983.415737
14335.641242
14757.145137
15769.835130
15571.947412
15070.751808
14255.568514
13784.731977
13001.270823
13044.972188
13516.142780
14192.790708
13755.586722
13381.835081
13152.534268
13529.513332
13836.106373
14544.161687
15486.196722
15646.317144
15410.854112
15245.960611
14633.466625
13871.565022
13887.012840
14202.438690
14819.169106
14839.028221
14791.896502
14821.600451
14472.287857
13611.679949
13163.867055
12899.704904
12881.922023
12420.902807
12196.874415
12685.939733
13522.456825
13835.453594
14476.664471
14622.576402
14970.859551
14717.380385
14424.887797
14525.061296
14479.805958
14210.867204
14281.770734
14094.087591
13993.133264
14080.628767
14171.371885
13619.507787
14003.216252
14097.728241
14560.757706
14637.422215
14839.124269
14155.095226
13312.670412
12966.091757
12992.280830
13320.450754
13979.252383
14437.285124
14234.087670
14155.226251
13370.977224
12997.841820
12687.154422
12372.102715
12214.049526
13189.667389
13509.853969
13959.971890
14213.141274
13827.717222
13273.544831
12804.761688
13014.592759
13722.842681
13568.068507
13283.969650
13639.872481
13352.866463
12901.848556
13641.456550
13952.164630
13820.092363
13161.977194
12934.197512
12938.021677
13545.502289
13762.966562
14204.450127
13881.873732
13278.406839
12754.855588
13134.327225
14143.669166
14923.330761
15388.195085
15166.822626
14571.227150
14097.616907
13854.043054
13715.350373
14006.380872
14409.697630
14517.180706
14853.177530
15134.486500
15340.357505
15094.924107
14758.165057
14726.797562
14817.954068
14360.647739
14732.260332
14381.082371
13797.467582
13474.821162
13621.303850
13575.827149
13794.797966
14118.901606
14651.006767
14583.809010
14069.617453
14185.219178
14068.843321
13634.993682
13630.910740
13529.691559
12987.164334
12656.948976
12904.106047
13497.688251
13396.285432
13865.735633
14758.127616
14845.545307
14125.116279
14723.073457
15071.888612
14830.445501
15168.854320
16183.497688
15695.295389
14964.663912
14353.057604
13375.444516
12679.685573
13087.045821
13284.129995
14107.009221
14425.525189
14093.495023
13753.057931
14401.957448
14263.514663
14394.505267
14752.603077
15088.997761
14473.249406
13941.761536
13611.369934
13314.294198
13302.614970
13502.019390
14281.375328
14922.670378
15749.578718
15980.827729
16195.110310
15504.971875
15164.440916
14843.606881
14234.224047
13554.863697
13252.217239
13537.319055
13128.357800
13543.097789
13646.440069
13773.193770
13212.616809
13454.073739
13021.390794
12727.267402
12663.375681
13451.520993
13504.628333
13560.448243
13990.860890
14271.852660
13795.254631
13261.021636
13589.493013
13743.294083
14149.659424
14396.618209
15292.928571
15806.921211
15839.506589
15004.710394
14452.549446
13849.238476
13186.235355
13104.957183
14058.317183
14628.075426
15123.042446
14849.741110
14408.256959
13855.783194
13270.580834
12958.036693
13612.562252
14374.021663
15288.060590
16139.057593
16463.391149
17270.601770
16837.501270
16075.409061
15637.202600
15056.954562
13794.767909
13866.523816
13770.093563
14168.349904
13497.596311
13268.266442
12614.602138
11909.754187
10942.486511
11658.501610
11599.539904
11899.714565
12734.270253
13484.355228
13489.924741
13881.581733
14327.001055
14054.424495
13336.347099
13107.078490
13073.356599
12962.107980
12989.234608
12975.717113
12730.270832
12528.531912
12431.790990
12603.884041
12562.471214
12857.191137
12730.813575
12496.631487
12206.453262
12786.055911
13334.086883
13670.324180
13713.821360
14093.348547
14142.717156
13979.837043
14192.120368
15070.847529
14843.109706
14728.608784
14706.763093
14407.995760
13974.775351
13889.628982
13803.036317
13363.647839
13051.127488
13096.136066
13319.818096
13399.024722
14057.528929
14290.691022
13995.411645
13768.115228
13734.651282
13931.934845
14549.755927
13839.663136
13605.991002
13350.933076
12857.899749
12347.409706
13000.954912
13147.080530
13527.081157
13811.565804
14259.420882
14580.594614
14691.238110
14826.259495
15022.163091
15084.552414
15381.083253
15416.480049
14935.676677
14486.463714
14164.118118
14275.591397
14845.528228
15159.681638
15431.025490
15551.160256
15110.045076
14685.186083
14528.677172
14551.966893
13875.176281
13245.085659
13273.083748
13537.946043
13421.755328
14422.971331
15309.981198
15230.774806
14999.138534
14939.737203
14581.791070
14399.752258
14602.007633
14339.970681
14374.145120
14868.829602
14965.207253
14421.034827
13922.600502
13433.853607
12824.493784
12937.971464
13404.887777
13466.716761
13525.677518
12965.612829
12185.626791
11469.053494
11732.613010
12116.270698
12771.416060
13439.678314
13997.964597
14579.620827
14161.900540
13796.011767
13654.409416
14554.730398
15747.238090
17073.438019
17547.749949
17458.273315
16085.066680
14430.968274
13605.761237
13908.583566
14626.950268
15489.577377
15904.712513
16143.798023
16203.145972
16044.706138
16207.088556
16645.823330
16484.719680
16175.731723
15603.322175
15535.975978
15343.911029
15520.080182
15124.105730
15148.453872
15219.553641
14991.609980
14409.788216
14255.670617
14245.050077
13881.039065
14057.081872
14678.245979
15214.756273
15075.220972
15069.249434
14712.901116
13955.258945
13609.245155
13660.674589
13931.594671
14222.845770
14524.852968
14875.128250
15244.077029
14543.667909
13724.423651
12883.512784
12370.785226
12433.686419
13509.713649
14069.677419
14611.776651
14898.578949
15177.081763
15008.791125
15242.481787
15505.404143
15652.195033
15467.691774
14711.964118
14142.496188
14298.258074
14219.209788
13445.145382
13370.259971
13700.886941
13673.264576
13338.666691
13634.544143
13967.080950
14160.724515
14723.056053
16420.094545
18089.695491
18513.124589
18691.559397
18073.883328
16736.748392
14289.120827
13220.397440
12506.672022
12627.113688
12787.418168
13573.971876
14036.352939
14408.637147
15008.115927
14985.986317
15374.841663
15136.822808
14869.982675
13896.565119
13239.244328
12734.032902
12464.497006
12430.711833
13002.963302
13926.805439
14500.715783
15529.507900
16378.617146
16222.345246
16004.454442
15692.276908
15649.914724
15300.379125
14927.941461
14338.435338
13414.397226
12702.450728
12686.811059
13258.218799
14419.087021
15761.238131
16509.458275
16424.076753
16201.136722
15692.429392
16105.340631
16178.585867
16534.968045
16376.699900
15769.567570
14976.834361
15067.319410
15075.339933
15229.857646
15083.357159
14690.969670
13794.968369
13163.330630
13480.215050
14497.340934
15215.108890
15975.044739
16202.159016
15582.971120
15058.563680
15437.848538
15809.873172
16284.888430
16619.575816
16407.729559
16135.340430
15445.289039
14695.106498
14818.029726
15296.242064
14932.293839
15058.563680
15193.595060
14740.928031
14160.576441
13886.270064
13688.393081
13983.245179
14260.043957
14770.716144
15309.058922
15781.173594
15977.425860
15967.804479
15892.211456
15561.941061
14703.139785
14026.810546
13809.517567
14032.920008
13769.384597
13850.135649
13776.949868
13484.560304
13381.635379
14176.475354
14744.644132
15250.920154
15642.876649
15535.824409
14657.134620
13982.843969
13853.969525
14397.946487
14572.094291
15339.787526
16572.017577
17411.111735
17412.593156
17171.271818
16645.740527
15744.242084
15291.040793
15049.669858
15008.003456
14950.340593
15033.369064
15096.195489
15110.202977
15065.455577
14962.369056
14942.319015
14645.475690
14219.617259
13945.293188
14033.074946
14330.076702
14240.902715
14367.999761
14755.098533
14860.154131
14187.479505
13724.408028
13475.061936
13374.985883
14006.608685
14281.504470
14462.100147
14934.205900
14924.418553
14189.753328
14284.587202
14450.975446
14271.424923
14338.199063
14543.655874
14927.431488
15293.530415
16250.906242
16371.275330
16131.566535
15496.300690
15012.058120
14050.310662
13670.395986
13552.864913
13918.514355
14430.961689
14908.213525
15053.887808
15109.965345
14995.361323
15074.452156
15169.146087
15877.532842
16364.496722
16566.131839
16716.107729
16510.645886
15647.917285
15967.669393
16087.989741
15840.586857
15660.985072
15745.813311
14954.935008
14462.408364
14572.865215
14946.490521
15587.789277
16145.057918
16901.057619
16505.341417
15822.389806
15300.565788
15292.003639
15582.457394
16118.556244
16696.446890
17117.823263
17698.926177
18064.743805
17918.966577
17327.176431
16549.203707
15295.635289
14338.229250
14496.500334
14931.540398
15355.050579
15717.014982
15398.531684
15067.944325
15630.367037
16247.307903
16795.976462
17421.203389
17478.356028
16823.143852
16505.268431
16063.732587
15226.572193
15163.651595
15288.218809
15094.336199
14944.345696
15187.410742
14932.368231
14926.315629
15426.761380
15688.021161
15370.046690
15401.764343
15229.668977
14978.103439
14870.959647
15786.783569
15976.991835
15402.792079
14578.098377
14003.689101
13129.032984
12812.741553
13010.862140
13325.118592
14240.551133
15431.342152
16141.571239
16694.059460
16715.495047
16211.956444
15683.141191
15667.140315
15511.038165
15326.970771
15490.265817
16026.475661
16135.229314
16142.778476
16950.529960
17263.313317
16796.212529
16423.016157
16859.668568
16845.708631
16571.834010
16339.896979
16159.795277
15600.145821
15315.665160
15240.234830
15499.449271
15780.365427
15701.127176
15536.589031
15382.629804
14607.270778
14128.425025
14183.537351
14397.270815
15012.301466
15443.334694
15372.183134
15805.434139
16155.970306
16612.101320
16954.628362
17366.620397
16928.882031
16214.951328
15061.393622
14643.916953
14416.826441
14889.588458
15342.557725
15561.337777
15240.673027
15189.385123
15185.691899
15442.538087
15595.097216
16000.621869
16176.704287
16283.248884
16083.114148
16688.085487
16404.906216
16222.737600
15271.358442
14347.716093
13016.337879
12636.576471
12116.165517
12507.729736
13839.390462
15041.545871
16155.706099
16950.921603
17045.993071
16292.104314
15948.964939
15968.770561
15848.377359
15600.903313
15446.924945
15337.354499
14561.646600
14425.349366
14612.988857
14554.104854
14719.140791
15294.861639
15654.857319
15342.165965
15340.346926
15209.998901
15225.678731
14940.275905
15017.602508
15294.679469
15419.051036
15794.909513
16572.161959
17547.488890
17631.069732
17384.424506
16893.386067
16440.062321
15869.471478
15264.441066
15164.968724
15447.679253
15954.605105
16468.820434
17103.639240
17618.365111
17596.556043
17327.554461
16346.114488
16201.703805
15734.199966
15530.074797
15215.582331
15882.983528
15878.890540
15795.230968
15330.132969
15132.498734
14297.763940
13977.010087
13850.230617
14406.770219
15113.254101
16044.539584
16060.197154
16193.456499
15854.349943
14869.848930
14011.514131
14430.784475
14400.419033
14101.518817
14240.535683
15053.216960
15077.361426
15534.132044
16443.943533
17627.000530
18782.293722
19405.963240
19911.526169
20277.081608
19769.005535
18617.479570
17869.090980
16738.133343
15567.399572
14593.756380
13774.608263
13653.460157
14418.500250
14593.348627
14549.762387
14744.977810
14355.800983
13311.848890
13321.304356
13659.978871
13661.599698
14579.965879
16004.924904
16324.891468
16256.564883
16346.942853
15708.461511
15286.320318
15875.959555
16877.101358
17402.963078
18077.934159
17791.972799
17784.863845
17056.562335
16559.505214
16150.441670
16329.113135
15859.574630
15699.312830
15638.194765
15657.288132
15819.037344
16375.018077
16629.302067
16943.823037
16585.923234
16468.475040
16357.441543
16982.873549
16412.781374
16666.046075
16844.021339
16520.860750
16208.597061
16974.512391
17726.527230
18041.302736
18400.658840
18063.326181
17184.672082
16304.497187
15346.093729
14499.587085
14661.961528
15725.923556
15907.716715
15786.176351
15639.132245
15150.776871
14551.149548
14938.837669
15653.037477
16353.508126
17166.018937
17740.135426
16947.001552
16097.977317
15168.185078
14707.241749
14640.449494
15041.485586
15210.846124
15578.875658
15646.143216
15774.428747
15885.757475
15769.743633
15326.368955
15300.770825
14798.360013
14501.292742
15001.230371
15232.448952
15082.647797
14737.343655
15034.233576
14573.518348
14471.172127
14144.363231
14387.909891
14452.993292
14575.544946
14737.219583
15554.928166
16379.594081
16480.375301
17277.881311
18126.682678
17691.732883
16961.457981
16674.406570
16636.531317
16242.182872
15804.774849
15367.928895
15045.158545
14712.798546
15371.627342
16089.658913
17016.144885
17522.396312
16871.574862
15629.256017
14669.408174
14196.877810
14333.032262
15510.163740
16485.272961
17163.983716
17047.074224
16780.070048
15946.966887
15416.044602
15067.648580
15030.069330
14915.873798
14846.870794
15406.629235
16182.411762
16866.852961
17719.664991
17891.134278
16992.471951
16458.605594
16405.147989
16260.442367
17088.253866
17543.311061
17772.053551
16937.716378
16381.074523
16040.891014
16496.394023
16438.781970
16607.151233
16201.537040
15401.932446
14428.304781
14125.260881
14018.907118
14596.147489
15271.750270
15570.474123
15839.695992
16095.253924
16037.236084
16309.791175
16938.557774
17136.125495
17160.640157
17396.018434
17243.463660
16520.871850
15862.583444
15829.110828
15267.465439
14810.623265
14448.360571
14326.007106
13540.703843
13222.269406
13175.090995
13865.413623
14911.988279
16417.388032
16961.610953
16753.669279
16638.341107
16258.784560
15804.067201
15932.580758
16339.758256
15938.320591
15840.960670
16102.281350
16175.800877
16216.047038
16479.498396
17019.615168
17480.297050
17466.546035
17417.304302
17411.782324
16754.518989
15609.059655
15158.205922
14963.274595
14786.992352
14509.894111
14470.413576
14410.660103
14070.027187
14425.961423
15489.195388
16222.657649
16770.769728
17465.371078
18069.361659
18575.534667
18120.051654
18199.348566
18044.492884
17347.759450
16254.192426
16337.224194
16505.474203
16878.380478
17054.960574
17715.218053
18328.439257
18139.123754
18025.015490
17652.967588
17293.241118
16745.247003
16020.959819
15273.022500
15403.243877
15482.640889
16123.498448
17617.777874
19297.986324
20004.661145
19650.383162
18868.452273
17857.642213
16768.718715
16032.869174
16003.109491
15655.004253
15411.537999
14550.211257
14263.018624
13968.556492
14642.851164
15323.507595
16078.136328
16052.121626
16441.959760
16220.306252
15033.406519
14156.644522
14073.572328
13549.233555
13029.132169
13292.110325
13534.748020
13918.243742
14358.946484
14483.959422
14772.887919
15418.470598
15382.559777
15293.442749
15760.435268
16294.172831
16877.596873
17261.357158
17413.041500
17430.862223
17191.573848
16610.241702
16550.503363
16202.250666
15692.423031
15517.954737
15547.815661
15682.642476
15941.706470
16282.072527
16171.288374
16008.293068
15756.834579
15695.758032
15907.341005
16164.887963
16666.099916
17417.715810
17973.815244
18700.686036
19457.899438
19770.847646
19073.705739
18532.642730
17368.613781
16417.172235
15262.261947
15341.104362
15396.595785
15667.063221
15642.173772
15815.217606
15904.498808
16256.802232
16401.690050
16628.820072
16939.040452
16683.728695
15886.839751
15492.897736
15271.538198
14804.409603
14378.735744
15401.886235
16088.270767
16602.848750
17175.086878
17855.437712
17509.496032
17129.589114
16917.903785
16928.653491
16790.251733
16645.343717
16517.121883
16277.104592
16117.047127
16172.138217
16447.256238
16781.456028
16999.169717
16997.075790
16366.026832
15718.837413
15847.847062
16490.452680
17626.916809
19017.195403
20131.498557
20186.824468
19385.357338
18397.511449
17421.665439
16312.148168
15728.619641
16026.924621
16157.813679
15936.820681
15886.839751
15572.005316
15083.555203
14601.877601
15230.493610
15972.451338
16570.276154
16494.693009
16258.720669
15645.634981
15312.851488
15827.660954
16751.874570
17307.023357
17787.245631
17941.987684
17755.241916
17403.451833
17620.096973
18215.509686
18417.371808
18012.395039
18182.085580
18574.720273
18297.209513
18113.253060
18340.855971
18113.253060
17639.307921
17477.628645
17928.679909
17886.486606
17736.438132
16969.054530
15992.136054
15546.982299
15797.981356
15795.703558
16657.793971
17569.895234
17207.466065
16991.835353
17334.371251
16798.280400
16117.552479
16058.385853
15401.803612
14814.357624
14865.574272
15387.890445
16151.074230
16853.762101
17261.515437
17698.833650
17797.564687
17241.294656
17203.499316
17433.120408
17763.287669
18770.606931
19530.255613
19981.401402
19793.034886
19103.158455
18490.189303
18691.806530
19022.357804
19119.241660
19770.847646
19755.059394
19271.802833
17922.419124
16957.555367
15761.226645
15446.978490
15606.818829
16736.907203
17532.301371
18399.866506
18164.455979
17780.581164
16672.462027
16272.390625
15734.408694
15730.463725
16195.578491
17748.623629
18862.588820
19918.748100
20502.361694
19725.949567
18860.792818
18551.906949
18226.057487
17614.895841
17401.337031
17241.017967
16787.682265
16192.678904
15913.306145
15907.271165
15442.465248
15335.674281
15296.386800
15482.720615
16082.433852
16792.613218
17417.655855
17721.942211
17552.478779
16978.571298
16453.821941
15852.646564
16135.362350
17243.294457
17658.958457
17613.574774
18492.052162
19548.274509
20547.654192
22217.766434
22298.748055
20803.320834
19058.144185
17180.368690
15093.511029
14551.021583
14325.853261
13972.227433
14399.530969
14787.210761
14611.300176
14864.577836
15547.867040
15682.679718
16402.602690
17502.347159
18709.442507
19449.041780
19393.771793
18341.136496
17538.160659
16688.870636
16548.024158
17047.548060
17742.837380
18866.617968
20124.871893
20231.792615
19902.176694
20959.877746
21162.071882
20148.372245
19059.793653
19230.035215
18472.410388
18308.098101
17936.230264
17460.588528
16520.529946
15723.817120
14900.184094
15576.845399
17002.522665
17639.178070
17949.655736
17942.112387
17237.893432
16695.681212
16509.596234
16626.014622
17175.865738
18101.771689
18196.218390
17984.307311
17610.868559
17434.440442
17202.881957
17252.289320
17495.838874
17945.104469
18396.421288
18665.359581
18583.860145
18173.934356
18182.104717
18252.772002
17879.564576
17664.784963
18379.455753
18976.667559
19651.183665
20051.233090
20055.666354
19394.166242
18496.700255
17576.245919
17724.496941
18719.139880
19202.534282
19041.840409
18559.053600
17987.838784
17347.105574
17308.741517
18109.843424
18907.107880
19114.684180
19802.891684
20879.519314
21747.780186
21705.991945
22005.471808
21400.768224
19996.187862
18043.669036
17125.305116
16183.250350
15454.223248
15012.914059
15154.350047
15959.274249
17153.939646
18755.600066
19495.133795
19915.082135
19803.470265
18945.586095
17566.979128
16683.056800
16376.112909
16219.578288
16474.813270
16715.255720
17488.848202
18546.882579
19207.922720
20115.938230
21095.913300
22059.182738
21934.343304
21733.979530
20871.802860
20747.523789
20395.979432
20209.357769
20217.293026
20777.598278
20809.762236
20884.386260
20206.101888
19370.270876
18704.176042
17883.639190
17275.801194
17483.624112
17467.690078
17590.027549
17863.107703
17920.099069
17740.055359
18119.954281
17652.686951
17290.704145
17090.954925
16950.630454
16633.874233
17019.704936
17480.300221
17815.011817
17905.877930
17767.652838
17520.416963
16915.962372
16130.572808
15761.819383
15275.680523
14794.914033
14871.723221
15158.819787
15576.652471
16052.665844
16167.422694
16052.024302
16412.151093
16490.842525
16139.348170
15848.384874
15382.880002
15149.516558
15311.772700
16287.235173
17031.378008
16971.239868
16320.284271
16009.402616
15740.872160
15685.063572
15784.210602
16120.130491
16572.701221
16333.998113
16095.030008
16593.720035
16558.297415
16164.860411
16247.430685
16509.230826
16779.051586
17307.357069
17520.782675
18399.382095
19363.964468
19473.718790
19137.767909
18435.864908
17271.933548
16413.336708
16336.209084
16197.349600
16229.522043
16593.399833
16617.135033
16739.066961
17449.644634
18420.690544
19228.107627
20425.397005
20907.269122
20891.749684
20383.217015
19216.095343
17953.748174
17471.631100
17054.517400
17431.664651
17860.934552
17923.946519
18168.486502
18544.585093
18623.818752
18831.619391
18327.398051
17407.665008
17126.482354
17110.652584
16756.214167
16952.448470
16768.136148
16020.413533
15618.798408
15879.689608
16695.317479
18492.872595
20509.508021
21216.156180
21103.076794
20236.169590
18787.730800
17143.500238
16389.728890
16238.716935
16628.966525
16365.449323
15951.750265
14978.189138
13805.232804
12614.507153
12444.447839
12846.218488
13774.629958
14983.049091
16215.611722
17017.008717
17490.493599
18069.759180
18540.688978
18688.674329
18735.997317
18328.344629
17467.765714
17110.249532
17426.883858
17610.882059
18075.719217
19158.159549
19538.419281
18829.400634
18422.053595
18259.725454
17919.871855
18095.160813
18733.008443
19217.619089
19015.359248
18436.080604
18054.103984
17246.895821
16250.070755
16010.480898
16353.120777
16150.861917
16056.621689
16658.211518
16785.220814
16820.737145
16985.263420
16855.962687
16423.633860
16500.512949
16619.415052
16537.830265
17891.342256
19713.489673
20771.697283
20759.470041
20459.141234
19960.878334
19036.446962
18219.780782
17928.783143
18182.088262
18288.461186
18503.335270
18967.727825
18879.485874
19122.405885
18993.819363
18130.167130
17387.993415
17760.297486
17894.528057
17643.883284
17718.751534
17708.791998
17621.031985
17181.884787
17710.214471
18124.242861
18397.373016
17694.648448
16950.870001
15761.537895
15030.753839
15056.916458
15942.474754
17175.521337
17988.505177
18638.268938
18012.810682
17007.996153
15951.527860
15166.024136
15082.834256
15167.689274
14922.478828
14983.327410
15282.359719
15170.734560
16057.219722
16771.116334
16389.767402
15614.025869
14977.713801
13797.959883
13896.876093
14637.071207
15569.141103
16368.324569
17217.458467
17274.468331
17323.975281
17733.666159
18059.223508
18039.514302
18271.842219
18128.285469
17491.573570
16809.859354
17179.903285
17555.079363
17711.798405
17771.684069
17700.546905
16832.333454
16679.959392
17358.417981
18661.851368
19830.850867
21274.340891
21120.662277
20647.441963
19388.795463
19168.972108
19415.559037
19835.282476
19368.547961
18630.232748
17560.767403
16015.511897
14604.643549
14466.259474
15142.708555
15265.055465
15370.220647
16938.765660
17659.120432
17265.653658
16585.892234
15662.114033
14413.613169
14635.283608
15891.789355
17529.240247
18585.664751
18498.349086
17240.558068
15606.233467
14290.045612
14339.214449
14735.791875
15123.126042
15746.247886
15987.840930
16753.992246
18307.181062
19189.591209
19353.744838
19969.421068
20076.389298
19917.195863
20575.872200
21698.439070
22130.981455
21693.764511
21085.016711
20617.730889
19701.694684
19176.431531
19099.347210
18337.358040
18078.349128
18486.207450
19161.205577
19918.427341
21514.958312
22176.178935
22595.635929
21871.465889
21425.881257
21099.290711
20804.600557
19946.331754
19738.300332
19902.591890
19760.407193
20959.332607
21848.869360
22241.639074
20888.373129
19347.457141
17467.748803
18227.144070
20063.058175
23115.714946
24864.916618
24866.398670
24114.834485
23293.578391
22342.695541
21541.032031
20836.925233
19147.786475
17273.857083
15200.208572
14435.176613
14678.076783
15615.628830
17639.113010
20131.765053
21934.343611
23610.165840
24787.345552
23700.679812
22642.187292
22598.870151
22450.286741
21190.238625
20300.298542
19030.399763
17538.452470
15941.943457
15694.640897
16087.080663
15769.994024
14764.996717
13874.982993
12596.730853
11645.480467
11518.805460
12450.287646
14512.381983
17373.227317
18821.337189
19207.776500
18802.068226
17512.264474
15628.702736
15630.957515
16204.507742
16603.847918
16985.859907
17947.530780
18958.911717
19386.312650
19719.119033
20043.355991
19657.187825
17705.183436
16889.973769
17273.687590
18379.705008
19734.726635
21368.084775
22475.657444
22339.383963
21928.205564
21913.767565
23020.485660
23463.338006
24399.077724
24804.659329
23568.123850
21874.771756
21511.194925
20596.230222
19588.014386
20022.990507
20166.398227
19806.147242
19872.231105
19783.119901
20516.867083
21567.396293
22694.802636
23805.071432
23306.159077
21752.718942
19903.146206
18055.261438
16715.960165
16985.466570
18094.916380
18866.778230
19858.087987
21125.572772
23120.335210
24236.183429
25811.526057
26792.838703
27647.531075
27249.863242
27101.479513
26983.206058
26649.438952
24674.847739
22498.833799
19882.393508
17032.034064
15164.600344
14408.697938
14396.965156
14828.477084
15126.074327
15191.394625
15127.880478
15369.795833
16099.699132
17308.538192
18021.128916
19253.178249
20347.132897
19605.206796
18355.833939
17877.523939
16838.067122
16076.603421
15904.565359
16001.129409
15354.792839
14754.531138
14247.470687
14479.537215
14400.179031
14637.429110
15296.212522
15278.546641
14794.299860
14783.196777
14537.870995
13907.062051
13732.801605
13434.145262
12750.117191
12123.067866
11699.825762
11671.852664
12030.140374
12379.089239
12575.352559
12490.091610
11942.266600
11156.481525
10614.402042
10187.130228
10173.155737
10303.712826
10523.605389
10502.084453
10557.621895
10262.973411
9732.765761
9431.549055
9147.298126
8963.184208
8575.367704
8725.491888
8727.439494
8873.019603
8859.312072
9114.687114
8942.682788
9047.572730
8934.058915
8662.901098
8528.072348
8514.707841
8211.678116
7969.612401
7878.306223
7852.863688
7807.533037
7844.898949
8014.121830
8010.412144
8109.050801
8130.704625
8045.671183
8030.700785
8218.801732
8009.304760
7702.152591
7451.326449
7230.561165
7030.558553
6878.226091
6800.879273
6775.397954
6802.866395
6753.797897
6791.249975
6927.980275
6939.496869
6746.634914
6968.105449
7055.714201
7065.443454
7120.704871
7221.690581
7032.960686
7049.994768
7247.019607
7255.341110
7458.480146
7533.542245
7523.929662
7276.537743
7381.587766
7328.106740
7345.885753
7408.890652
7425.213544
7482.210635
7615.263964
7829.053820
7842.663110
8070.519178
8253.917335
8610.054704
8807.741246
9205.499726
9454.679031
9704.187253
9680.318644
10099.712138
10159.651642
10292.157277
10260.250884
10377.995902
10253.513051
10344.307152
10542.240709
10694.638618
10683.822401
10482.301817
10514.393114
10347.682810
10367.524271
10301.205239
10368.067887
10294.856011
10372.215334
10253.513474
10347.784448
10286.483587
10280.054392
10197.609695
10165.225782
10082.085547
10197.335156
10139.636190
10079.795687
10048.160293
9956.269089
10002.159315
9819.582449
9845.833612
9851.181577
9941.489446
9753.703708
9832.347816
9644.830620
9712.040442
9759.135166
9594.768139
9573.421525
9581.299503
9515.727458
9415.205052
9389.407165
9195.284208
9201.419659
9090.871525
8985.494667
9023.224941
9258.895839
9242.838431
9189.196388
9181.305556
9230.187407
9123.466076
8970.930010
8980.686738
8959.048746
8835.087969
8828.919243
8951.797887
9022.829516
8793.781609
8846.500597
8807.412357
8736.138845
8562.189079
8630.579875
8585.019093
8571.513552
8510.108280
8490.085230
8453.721800
8233.797070
8097.975942
8111.403272
8125.281578
8133.898621
8151.968397
8222.893352
8169.902764
8076.825155
8020.720628
8078.141166
8078.125777
8108.008501
8172.740384
8129.996647
8240.979649
8249.049180
8191.542478
8108.468911
8181.189960
8038.621916
8020.952700
7896.443375
7866.530139
7838.901210
7858.842698
7837.105291
7809.228100
7815.116579
7799.932826
7796.276784
7650.195922
7635.826988
7647.245974
7658.701820
7618.968464
7624.674398
7759.528535
7628.737597
7554.064356
7476.642160
7490.573657
7338.252924
7316.449554
7226.106878
7178.977471
7113.773953
7189.228423
7161.156708
7218.809801
7238.700806
7232.937701
7146.221785
7217.141876
7152.457924
7073.469819
7000.592845
6852.051732
6770.925854
6792.326411
6808.198470
6790.400865
6903.139214
6841.706715
6745.486133
6877.930122
6919.609330
6931.037859
7051.727431
7109.609648
7118.080881
7068.173355
7046.330916
7103.924730
7113.065937
7027.817918
7114.227949
7007.544502
6890.662738
6798.852266
6850.100671
6812.192130
6933.450716
6954.825601
6985.261731
6880.269137
6797.195720
6771.345320
6797.195720
6996.290975
6930.928281
6828.222516
6808.468212
6766.952999
6747.134325
6802.531112
6898.108687
6907.907127
6965.221103
6776.604392
6893.485581
6875.908331
6901.189087
6772.583068
6686.827593
6528.760322
6645.577756
6686.827593
6760.111025
6991.815383
7221.482988
7190.960773
7114.124637
7175.310536
7096.590817
7030.888566
7030.888566
7155.709955
7175.192667
7325.484769
7222.214627
7228.535928
7133.554024
6961.455831
6753.631185
6718.024799
6705.620939
6645.014806
6603.070704
6579.657724
6466.565595
6411.327020
6441.165572
6506.270111
6589.893719
6596.004494
6530.845825
6516.510637
6611.933560
6549.599594
6640.687593
6751.435888
6743.739948
6546.039871
6472.508800
6457.064739
6387.592729
6330.377441
6330.377441
6414.118893
6475.081391
6514.774537
6561.748530
6576.042397
6514.042748
6387.417867
6262.738542
6294.710432
6387.417974
6314.242533
6393.441604
6488.389755
6443.115382
6444.811762
6431.905133
6297.488160
6307.638030
6254.322926
6212.574809
6304.894098
6460.965494
6475.010910
6578.193562
6594.070905
6574.989485
6561.045992
6494.158858
6474.267511
6428.965239
6403.002136
6426.984151
6488.018994
6415.029949
6561.046114
6642.300321
6682.440520
6607.090874
6668.196709
6553.638164
6602.897614
6478.668205
6509.945545
6413.324724
6347.674075
6251.022754
6318.596384
6199.684157
6217.422789
6229.870515
6105.057471
5980.570586
6047.691551
6093.450330
6019.920344
5998.654738
5959.334789
5975.073111
5874.165596
5879.903264
6025.894876
6037.449210
5922.823832
5934.670175
6075.075957
6088.411798
6157.257258
6266.007578
6327.666476
6208.801688
6187.468027
6197.432678
6230.934068
6171.495749
6254.695928
6211.984371
6120.816207
6090.678947
6136.351308
6065.207314
6007.318611
5954.470461
5926.206341
5888.648752
5942.438152
5974.319999
6179.599306
6183.948017
6161.877906
6152.233370
6167.566378
6161.355719
6224.786916
6252.205481
6161.355719
6103.526043
5895.553799
5788.920339
5786.866696
5842.601090
5919.657518
5949.372551
5955.265788
5969.272471
5913.704371
5731.430403
5745.206561
5733.182056
5662.045301
5663.784789
5736.833005
5717.360264
5743.082178
5677.386139
5673.492042
5656.182183
5698.110250
5636.743477
5662.286373
5614.876879
5623.660095
5625.040296
5599.964753
5572.093245
5766.109642
5800.602153
5790.207146
5881.721539
5978.304223
5835.893854
5893.901242
5923.379190
5816.777066
5858.023361
5818.757293
5786.495321
5695.486935
5774.830648
5756.807039
5768.506890
5721.630776
5753.122574
5802.525624
5776.983726
5955.165153
5888.514983
5892.638347
5817.297815
5857.152683
5682.679897
5770.679566
5790.207146
5778.217397
5632.489254
5675.935464
5697.142469
5722.581716
5641.588732
5614.259127
5586.309885
5453.404395
5319.193096
5505.063632
5629.386252
5629.386252
5721.732484
5708.143748
5609.356791
5606.862823
5610.886826
5567.586597
5641.334230
5661.412468
5670.939784
5575.839012
5651.484776
5789.433600
5716.642102
5672.522645
5843.076786
5881.721306
5826.257325
6028.350258
6117.122925
6109.617682
6052.120867
6028.645712
5907.871335
5834.712038
5890.063684
5885.679048
5883.601439
5840.469306
5862.319669
5745.172874
5728.135737
5611.171203
5668.865247
5664.403475
5611.171203
5594.406160
5684.774357
5726.573354
5782.398609
5883.127777
5979.530634
5949.792974
5836.757461
5720.749561
5556.175589
5491.703046
5440.305086
5424.456869
5477.848955
5640.651216
5618.666605
5703.726702
5720.034641
5757.226554
5768.922917
5828.979755
5888.492652
5977.509920
6027.105524
5930.129533
5936.291384
5891.045124
5746.428359
5538.507837
5548.974479
5477.849309
5472.131858
5565.315978
5638.062363
5578.857261
5564.257784
5552.181385
5486.651361
5542.309730
5534.396418
5493.647867
5392.758808
5434.344425
5430.180452
5574.750433
5662.264139
5771.339513
5700.017495
5658.467544
5565.680845
5575.937206
5532.724534
5614.082548
5667.577759
5653.761764
5603.988236
5552.429781
5544.514585
5562.832664
5477.427658
5408.505369
5363.020111
5274.362273
5210.728002
5228.974606
5289.022708
5385.931604
5385.931604
5338.157138
5390.118695
5334.133341
5337.997011
5341.376574
5296.723764
5298.208588
5330.526089
5247.641774
5277.078686
5253.585551
5194.107530
5142.601608
5176.165687
5112.947974
5174.558295
5180.478151
5162.480179
5196.563831
5238.149905
5320.987850
5337.703758
5408.066521
5477.149443
5501.161157
5374.645426
5453.385170
5455.589255
5358.953399
5346.764593
5370.504709
5287.991782
5402.556910
5458.182151
5494.274619
5571.538682
5654.303728
5566.313271
5556.662453
5531.346160
5494.864861
5501.271695
5452.565900
5418.067268
5366.874840
5378.441833
5376.513538
5374.788136
5390.328366
5467.300837
5479.138156
5352.470062
5382.574218
5319.465165
5308.184107
5329.533151
5436.105664
5520.043088
5636.586261
5701.637020
5654.303728
5621.066850
5565.315822
5497.772215
5458.032732
5484.022648
5501.461409
5440.109923
5385.950010
5289.203565
5166.953994
5148.626846
5277.145926
5402.001490
5491.385672
5700.064840
5753.189510
5763.914871
5846.997624
5890.370574
5755.774776
5779.077291
5663.385312
5552.553933
5588.198417
5697.383223
5622.171685
5611.236287
5562.334847
5524.521944
5445.868510
5583.940733
5635.347390
5722.104728
5732.063039
5750.180069
5690.194624
5705.602025
5654.208440
5610.717077
5628.715854
5624.314956
5453.156655
5447.431916
5455.015126
5494.526286
5537.942260
5698.877164
5610.079242
5586.162231
5575.921413
5491.486185
5500.581790
5535.338003
5594.548518
5572.562421
5776.797831
5753.075958
5754.989301
5782.812445
5786.674840
5634.572034
5741.848641
5850.468558
5897.975118
5933.630058
5919.711913
5865.870431
5850.281363
5853.959494
5830.370060
5795.012309
5767.004713
5688.145580
5620.920030
5641.862645
5746.877416
5927.313581
5996.530959
5946.960156
5875.631232
5800.773084
5641.706544
5738.714448
5744.737202
5804.137391
5786.440079
5777.656144
5633.769213
5661.449611
5693.399280
5767.907676
5804.321515
5887.715028
5847.966598
5816.469029
5847.966724
5875.631468
5955.115135
5905.356604
5877.885117
5761.023928
5670.988708
5586.059494
5670.988708
5750.301840
5851.179503
5917.629354
5923.305039
5911.824038
5891.775435
5800.887838
5721.580302
5743.261571
5788.640334
5731.366900
5743.261571
5676.767618
5525.927454
5475.597947
5506.708749
5539.874789
5572.239860
5600.113143
5621.861185
5520.709495
5502.479820
5501.198795
5552.346693
5544.434418
5586.162353
5560.291950
5641.628820
5628.367603
5657.532948
5634.160195
5531.382913
5584.810803
5565.143950
5491.619152
5513.179924
5652.238319
5551.750861
5551.750861
5535.338192
5531.516140
5518.143318
5536.752427
5536.752427
5590.448836
5520.709495
5542.740136
5606.918528
5694.495171
5614.832036
5586.961566
5512.661635
5415.923267
5382.342443
5397.720968
5506.708662
5559.953637
5617.978539
5558.461203
5695.164758
5774.349221
5857.421801
5853.087658
5841.262170
5756.105430
5783.802449
5681.406222
5601.620313
5571.992884
5587.629206
5416.066527
5424.335135
5479.381767
5525.461188
5484.031812
5638.124692
5689.644803
5721.848848
5801.081762
5886.101476
5838.626484
5812.955557
5767.857694
5803.357348
5783.724759
5825.457908
5743.992052
5746.214859
5746.214859
5740.518706
5628.079832
5805.498381
5807.692926
5760.279873
5789.862914
5918.878360
5768.126201
5736.328718
5688.660562
5594.108906
5494.577560
5581.899385
5662.862380
5744.147581
5777.733037
5841.365725
5760.106153
5800.961478
5763.466448
5836.291059
5842.625538
5840.639910
5838.125426
5933.397963
5887.937928
5960.814256
6047.848570
5949.505229
5814.706256
5795.222165
5654.396557
5654.396557
5753.135996
5782.892738
5871.828867
5955.179364
5843.945985
5827.190614
5880.505699
6064.285428
6081.983047
6165.602731
6158.854628
6265.862520
6125.524988
6182.970816
6157.112751
6176.114754
6110.571537
6065.430553
6089.418747
6216.010782
6248.157998
6236.116940
6200.362573
6071.880020
5996.701260
5949.614682
5979.208774
6074.160963
6094.059283
6060.356861
6133.424051
6143.058073
6026.537553
6000.596715
6042.286924
5945.724767
5896.068817
5898.541143
5955.582912
5989.169607
6042.852488
6030.698636
6080.736385
6078.611675
6090.232765
6128.462692
6043.749323
6065.628698
6031.696643
5899.533210
5751.739756
5769.143577
5765.531463
5775.573538
5802.866206
5914.409208
6100.405469
6120.496504
6116.400938
6173.889028
6280.735546
6114.925848
5976.194038
5858.970847
5772.255988
5699.475995
5738.838332
5796.180256
5934.800443
6033.985303
5894.388553
5993.333306
6021.063297
5949.826911
5892.666357
5933.397963
5810.700550
5810.700550
5871.829115
5865.803325
5863.700524
5925.200050
5934.914369
5976.645758
5891.546084
5876.572749
5813.170414
5882.694478
5811.285362
5945.724767
5995.099962
5979.208774
5931.668809
5925.782046
5864.222464
5862.623067
5870.571283
5852.673098
5915.371409
5983.093157
5940.191974
5906.450107
5882.936905
5843.361955
5786.079321
5890.945061
5914.517869
4718.814060
3517.059565
